VenueConnect — SEO Pages: Ahmedabad,,,,,,,,,
  EVENT + CITY PAGES,,,,,,,,,
Page Type,Page Title,URL Slug,Meta Title,Meta Description,H1 Tag,Target Keyword,Secondary Keywords,Search Intent,Priority
Event + City,Wedding Venues in Ahmedabad | VenueConnect,/ahmedabad/wedding-venues/,Best Wedding Venues in Ahmedabad | Book & Compare Prices - VenueConnect,"Find the best wedding venues in Ahmedabad. Compare wedding halls, banquet spaces & party plots. Get free quotes & instant leads. Browse 100+ options on VenueConnect.",Best Wedding Venues in Ahmedabad,wedding venues in Ahmedabad,"wedding hall Ahmedabad, wedding venue booking Ahmedabad, best wedding venue Ahmedabad, wedding party venue Ahmedabad",Navigational / Transactional,High
Event + City,Birthday Party Venues in Ahmedabad | VenueConnect,/ahmedabad/birthday-party-venues/,Best Birthday Party Venues in Ahmedabad | Book & Compare Prices - VenueConnect,"Find the best birthday party venues in Ahmedabad. Compare birthday party halls, banquet spaces & party plots. Get free quotes & instant leads. Browse 100+ options on VenueConnect.",Best Birthday Party Venues in Ahmedabad,birthday party venues in Ahmedabad,"birthday party hall Ahmedabad, birthday party venue booking Ahmedabad, best birthday party venue Ahmedabad, birthday party party venue Ahmedabad",Navigational / Transactional,High
Event + City,Engagement Venues in Ahmedabad | VenueConnect,/ahmedabad/engagement-venues/,Best Engagement Venues in Ahmedabad | Book & Compare Prices - VenueConnect,"Find the best engagement venues in Ahmedabad. Compare engagement halls, banquet spaces & party plots. Get free quotes & instant leads. Browse 100+ options on VenueConnect.",Best Engagement Venues in Ahmedabad,engagement venues in Ahmedabad,"engagement hall Ahmedabad, engagement venue booking Ahmedabad, best engagement venue Ahmedabad, engagement party venue Ahmedabad",Navigational / Transactional,High
Event + City,Corporate Event Venues in Ahmedabad | VenueConnect,/ahmedabad/corporate-event-venues/,Best Corporate Event Venues in Ahmedabad | Book & Compare Prices - VenueConnect,"Find the best corporate event venues in Ahmedabad. Compare corporate event halls, banquet spaces & party plots. Get free quotes & instant leads. Browse 100+ options on VenueConnect.",Best Corporate Event Venues in Ahmedabad,corporate event venues in Ahmedabad,"corporate event hall Ahmedabad, corporate event venue booking Ahmedabad, best corporate event venue Ahmedabad, corporate event party venue Ahmedabad",Navigational / Transactional,High
Event + City,Reception Venues in Ahmedabad | VenueConnect,/ahmedabad/reception-venues/,Best Reception Venues in Ahmedabad | Book & Compare Prices - VenueConnect,"Find the best reception venues in Ahmedabad. Compare reception halls, banquet spaces & party plots. Get free quotes & instant leads. Browse 100+ options on VenueConnect.",Best Reception Venues in Ahmedabad,reception venues in Ahmedabad,"reception hall Ahmedabad, reception venue booking Ahmedabad, best reception venue Ahmedabad, reception party venue Ahmedabad",Navigational / Transactional,High
Event + City,Sangeet Ceremony Venues in Ahmedabad | VenueConnect,/ahmedabad/sangeet-ceremony-venues/,Best Sangeet Ceremony Venues in Ahmedabad | Book & Compare Prices - VenueConnect,"Find the best sangeet ceremony venues in Ahmedabad. Compare sangeet ceremony halls, banquet spaces & party plots. Get free quotes & instant leads. Browse 100+ options on VenueConnect.",Best Sangeet Ceremony Venues in Ahmedabad,sangeet ceremony venues in Ahmedabad,"sangeet ceremony hall Ahmedabad, sangeet ceremony venue booking Ahmedabad, best sangeet ceremony venue Ahmedabad, sangeet ceremony party venue Ahmedabad",Navigational / Transactional,High
Event + City,Garba Night Venues in Ahmedabad | VenueConnect,/ahmedabad/garba-night-venues/,Best Garba Night Venues in Ahmedabad | Book & Compare Prices - VenueConnect,"Find the best garba night venues in Ahmedabad. Compare garba night halls, banquet spaces & party plots. Get free quotes & instant leads. Browse 100+ options on VenueConnect.",Best Garba Night Venues in Ahmedabad,garba night venues in Ahmedabad,"garba night hall Ahmedabad, garba night venue booking Ahmedabad, best garba night venue Ahmedabad, garba night party venue Ahmedabad",Navigational / Transactional,High
Event + City,Pool Party Venues in Ahmedabad | VenueConnect,/ahmedabad/pool-party-venues/,Best Pool Party Venues in Ahmedabad | Book & Compare Prices - VenueConnect,"Find the best pool party venues in Ahmedabad. Compare pool party halls, banquet spaces & party plots. Get free quotes & instant leads. Browse 100+ options on VenueConnect.",Best Pool Party Venues in Ahmedabad,pool party venues in Ahmedabad,"pool party hall Ahmedabad, pool party venue booking Ahmedabad, best pool party venue Ahmedabad, pool party party venue Ahmedabad",Navigational / Transactional,High
Event + City,Kitty Party Venues in Ahmedabad | VenueConnect,/ahmedabad/kitty-party-venues/,Best Kitty Party Venues in Ahmedabad | Book & Compare Prices - VenueConnect,"Find the best kitty party venues in Ahmedabad. Compare kitty party halls, banquet spaces & party plots. Get free quotes & instant leads. Browse 100+ options on VenueConnect.",Best Kitty Party Venues in Ahmedabad,kitty party venues in Ahmedabad,"kitty party hall Ahmedabad, kitty party venue booking Ahmedabad, best kitty party venue Ahmedabad, kitty party party venue Ahmedabad",Navigational / Transactional,High
Event + City,Cocktail Party Venues in Ahmedabad | VenueConnect,/ahmedabad/cocktail-party-venues/,Best Cocktail Party Venues in Ahmedabad | Book & Compare Prices - VenueConnect,"Find the best cocktail party venues in Ahmedabad. Compare cocktail party halls, banquet spaces & party plots. Get free quotes & instant leads. Browse 100+ options on VenueConnect.",Best Cocktail Party Venues in Ahmedabad,cocktail party venues in Ahmedabad,"cocktail party hall Ahmedabad, cocktail party venue booking Ahmedabad, best cocktail party venue Ahmedabad, cocktail party party venue Ahmedabad",Navigational / Transactional,High
Event + City,Baby Shower Venues in Ahmedabad | VenueConnect,/ahmedabad/baby-shower-venues/,Best Baby Shower Venues in Ahmedabad | Book & Compare Prices - VenueConnect,"Find the best baby shower venues in Ahmedabad. Compare baby shower halls, banquet spaces & party plots. Get free quotes & instant leads. Browse 100+ options on VenueConnect.",Best Baby Shower Venues in Ahmedabad,baby shower venues in Ahmedabad,"baby shower hall Ahmedabad, baby shower venue booking Ahmedabad, best baby shower venue Ahmedabad, baby shower party venue Ahmedabad",Navigational / Transactional,High
Event + City,Anniversary Party Venues in Ahmedabad | VenueConnect,/ahmedabad/anniversary-party-venues/,Best Anniversary Party Venues in Ahmedabad | Book & Compare Prices - VenueConnect,"Find the best anniversary party venues in Ahmedabad. Compare anniversary party halls, banquet spaces & party plots. Get free quotes & instant leads. Browse 100+ options on VenueConnect.",Best Anniversary Party Venues in Ahmedabad,anniversary party venues in Ahmedabad,"anniversary party hall Ahmedabad, anniversary party venue booking Ahmedabad, best anniversary party venue Ahmedabad, anniversary party party venue Ahmedabad",Navigational / Transactional,High
Event + City,Farewell Party Venues in Ahmedabad | VenueConnect,/ahmedabad/farewell-party-venues/,Best Farewell Party Venues in Ahmedabad | Book & Compare Prices - VenueConnect,"Find the best farewell party venues in Ahmedabad. Compare farewell party halls, banquet spaces & party plots. Get free quotes & instant leads. Browse 100+ options on VenueConnect.",Best Farewell Party Venues in Ahmedabad,farewell party venues in Ahmedabad,"farewell party hall Ahmedabad, farewell party venue booking Ahmedabad, best farewell party venue Ahmedabad, farewell party party venue Ahmedabad",Navigational / Transactional,High
Event + City,Reunion Party Venues in Ahmedabad | VenueConnect,/ahmedabad/reunion-party-venues/,Best Reunion Party Venues in Ahmedabad | Book & Compare Prices - VenueConnect,"Find the best reunion party venues in Ahmedabad. Compare reunion party halls, banquet spaces & party plots. Get free quotes & instant leads. Browse 100+ options on VenueConnect.",Best Reunion Party Venues in Ahmedabad,reunion party venues in Ahmedabad,"reunion party hall Ahmedabad, reunion party venue booking Ahmedabad, best reunion party venue Ahmedabad, reunion party party venue Ahmedabad",Navigational / Transactional,High
Event + City,Product Launch Venues in Ahmedabad | VenueConnect,/ahmedabad/product-launch-venues/,Best Product Launch Venues in Ahmedabad | Book & Compare Prices - VenueConnect,"Find the best product launch venues in Ahmedabad. Compare product launch halls, banquet spaces & party plots. Get free quotes & instant leads. Browse 100+ options on VenueConnect.",Best Product Launch Venues in Ahmedabad,product launch venues in Ahmedabad,"product launch hall Ahmedabad, product launch venue booking Ahmedabad, best product launch venue Ahmedabad, product launch party venue Ahmedabad",Navigational / Transactional,High
Event + City,Conference Venues in Ahmedabad | VenueConnect,/ahmedabad/conference-venues/,Best Conference Venues in Ahmedabad | Book & Compare Prices - VenueConnect,"Find the best conference venues in Ahmedabad. Compare conference halls, banquet spaces & party plots. Get free quotes & instant leads. Browse 100+ options on VenueConnect.",Best Conference Venues in Ahmedabad,conference venues in Ahmedabad,"conference hall Ahmedabad, conference venue booking Ahmedabad, best conference venue Ahmedabad, conference party venue Ahmedabad",Navigational / Transactional,High
Event + City,Seminar Venues in Ahmedabad | VenueConnect,/ahmedabad/seminar-venues/,Best Seminar Venues in Ahmedabad | Book & Compare Prices - VenueConnect,"Find the best seminar venues in Ahmedabad. Compare seminar halls, banquet spaces & party plots. Get free quotes & instant leads. Browse 100+ options on VenueConnect.",Best Seminar Venues in Ahmedabad,seminar venues in Ahmedabad,"seminar hall Ahmedabad, seminar venue booking Ahmedabad, best seminar venue Ahmedabad, seminar party venue Ahmedabad",Navigational / Transactional,High
Event + City,Award Ceremony Venues in Ahmedabad | VenueConnect,/ahmedabad/award-ceremony-venues/,Best Award Ceremony Venues in Ahmedabad | Book & Compare Prices - VenueConnect,"Find the best award ceremony venues in Ahmedabad. Compare award ceremony halls, banquet spaces & party plots. Get free quotes & instant leads. Browse 100+ options on VenueConnect.",Best Award Ceremony Venues in Ahmedabad,award ceremony venues in Ahmedabad,"award ceremony hall Ahmedabad, award ceremony venue booking Ahmedabad, best award ceremony venue Ahmedabad, award ceremony party venue Ahmedabad",Navigational / Transactional,High
Event + City,Walkin Interview Venues in Ahmedabad | VenueConnect,/ahmedabad/walkin-interview-venues/,Best Walkin Interview Venues in Ahmedabad | Book & Compare Prices - VenueConnect,"Find the best walkin interview venues in Ahmedabad. Compare walkin interview halls, banquet spaces & party plots. Get free quotes & instant leads. Browse 100+ options on VenueConnect.",Best Walkin Interview Venues in Ahmedabad,walkin interview venues in Ahmedabad,"walkin interview hall Ahmedabad, walkin interview venue booking Ahmedabad, best walkin interview venue Ahmedabad, walkin interview party venue Ahmedabad",Navigational / Transactional,High
Event + City,Training Venues in Ahmedabad | VenueConnect,/ahmedabad/training-venues/,Best Training Venues in Ahmedabad | Book & Compare Prices - VenueConnect,"Find the best training venues in Ahmedabad. Compare training halls, banquet spaces & party plots. Get free quotes & instant leads. Browse 100+ options on VenueConnect.",Best Training Venues in Ahmedabad,training venues in Ahmedabad,"training hall Ahmedabad, training venue booking Ahmedabad, best training venue Ahmedabad, training party venue Ahmedabad",Navigational / Transactional,High
Event + City,Team Outing Venues in Ahmedabad | VenueConnect,/ahmedabad/team-outing-venues/,Best Team Outing Venues in Ahmedabad | Book & Compare Prices - VenueConnect,"Find the best team outing venues in Ahmedabad. Compare team outing halls, banquet spaces & party plots. Get free quotes & instant leads. Browse 100+ options on VenueConnect.",Best Team Outing Venues in Ahmedabad,team outing venues in Ahmedabad,"team outing hall Ahmedabad, team outing venue booking Ahmedabad, best team outing venue Ahmedabad, team outing party venue Ahmedabad",Navigational / Transactional,High
Event + City,Stage Event Venues in Ahmedabad | VenueConnect,/ahmedabad/stage-event-venues/,Best Stage Event Venues in Ahmedabad | Book & Compare Prices - VenueConnect,"Find the best stage event venues in Ahmedabad. Compare stage event halls, banquet spaces & party plots. Get free quotes & instant leads. Browse 100+ options on VenueConnect.",Best Stage Event Venues in Ahmedabad,stage event venues in Ahmedabad,"stage event hall Ahmedabad, stage event venue booking Ahmedabad, best stage event venue Ahmedabad, stage event party venue Ahmedabad",Navigational / Transactional,High
Event + City,Ring Ceremony Venues in Ahmedabad | VenueConnect,/ahmedabad/ring-ceremony-venues/,Best Ring Ceremony Venues in Ahmedabad | Book & Compare Prices - VenueConnect,"Find the best ring ceremony venues in Ahmedabad. Compare ring ceremony halls, banquet spaces & party plots. Get free quotes & instant leads. Browse 100+ options on VenueConnect.",Best Ring Ceremony Venues in Ahmedabad,ring ceremony venues in Ahmedabad,"ring ceremony hall Ahmedabad, ring ceremony venue booking Ahmedabad, best ring ceremony venue Ahmedabad, ring ceremony party venue Ahmedabad",Navigational / Transactional,High
Event + City,Residential Conference Venues in Ahmedabad | VenueConnect,/ahmedabad/residential-conference-venues/,Best Residential Conference Venues in Ahmedabad | Book & Compare Prices - VenueConnect,"Find the best residential conference venues in Ahmedabad. Compare residential conference halls, banquet spaces & party plots. Get free quotes & instant leads. Browse 100+ options on VenueConnect.",Best Residential Conference Venues in Ahmedabad,residential conference venues in Ahmedabad,"residential conference hall Ahmedabad, residential conference venue booking Ahmedabad, best residential conference venue Ahmedabad, residential conference party venue Ahmedabad",Navigational / Transactional,High
Event + City,Pre Wedding Mehendi Party Venues in Ahmedabad | VenueConnect,/ahmedabad/pre-wedding-mehendi-party-venues/,Best Pre Wedding Mehendi Party Venues in Ahmedabad | Book & Compare Prices - VenueConnect,"Find the best pre wedding mehendi party venues in Ahmedabad. Compare pre wedding mehendi party halls, banquet spaces & party plots. Get free quotes & instant leads. Browse 100+ options on VenueConnect.",Best Pre Wedding Mehendi Party Venues in Ahmedabad,pre wedding mehendi party venues in Ahmedabad,"pre wedding mehendi party hall Ahmedabad, pre wedding mehendi party venue booking Ahmedabad, best pre wedding mehendi party venue Ahmedabad, pre wedding mehendi party party venue Ahmedabad",Navigational / Transactional,High
Event + City,Photo Shoots Venues in Ahmedabad | VenueConnect,/ahmedabad/photo-shoots-venues/,Best Photo Shoots Venues in Ahmedabad | Book & Compare Prices - VenueConnect,"Find the best photo shoots venues in Ahmedabad. Compare photo shoots halls, banquet spaces & party plots. Get free quotes & instant leads. Browse 100+ options on VenueConnect.",Best Photo Shoots Venues in Ahmedabad,photo shoots venues in Ahmedabad,"photo shoots hall Ahmedabad, photo shoots venue booking Ahmedabad, best photo shoots venue Ahmedabad, photo shoots party venue Ahmedabad",Navigational / Transactional,High
Event + City,Naming Ceremony Venues in Ahmedabad | VenueConnect,/ahmedabad/naming-ceremony-venues/,Best Naming Ceremony Venues in Ahmedabad | Book & Compare Prices - VenueConnect,"Find the best naming ceremony venues in Ahmedabad. Compare naming ceremony halls, banquet spaces & party plots. Get free quotes & instant leads. Browse 100+ options on VenueConnect.",Best Naming Ceremony Venues in Ahmedabad,naming ceremony venues in Ahmedabad,"naming ceremony hall Ahmedabad, naming ceremony venue booking Ahmedabad, best naming ceremony venue Ahmedabad, naming ceremony party venue Ahmedabad",Navigational / Transactional,High
Event + City,Musical Concert Venues in Ahmedabad | VenueConnect,/ahmedabad/musical-concert-venues/,Best Musical Concert Venues in Ahmedabad | Book & Compare Prices - VenueConnect,"Find the best musical concert venues in Ahmedabad. Compare musical concert halls, banquet spaces & party plots. Get free quotes & instant leads. Browse 100+ options on VenueConnect.",Best Musical Concert Venues in Ahmedabad,musical concert venues in Ahmedabad,"musical concert hall Ahmedabad, musical concert venue booking Ahmedabad, best musical concert venue Ahmedabad, musical concert party venue Ahmedabad",Navigational / Transactional,High
Event + City,MICE Venues in Ahmedabad | VenueConnect,/ahmedabad/mice-venues/,Best MICE Venues in Ahmedabad | Book & Compare Prices - VenueConnect,"Find the best mice venues in Ahmedabad. Compare mice halls, banquet spaces & party plots. Get free quotes & instant leads. Browse 100+ options on VenueConnect.",Best MICE Venues in Ahmedabad,mice venues in Ahmedabad,"mice hall Ahmedabad, mice venue booking Ahmedabad, best mice venue Ahmedabad, mice party venue Ahmedabad",Navigational / Transactional,High
Event + City,Meeting Venues in Ahmedabad | VenueConnect,/ahmedabad/meeting-venues/,Best Meeting Venues in Ahmedabad | Book & Compare Prices - VenueConnect,"Find the best meeting venues in Ahmedabad. Compare meeting halls, banquet spaces & party plots. Get free quotes & instant leads. Browse 100+ options on VenueConnect.",Best Meeting Venues in Ahmedabad,meeting venues in Ahmedabad,"meeting hall Ahmedabad, meeting venue booking Ahmedabad, best meeting venue Ahmedabad, meeting party venue Ahmedabad",Navigational / Transactional,High
Event + City,Kids Birthday Party Venues in Ahmedabad | VenueConnect,/ahmedabad/kids-birthday-party-venues/,Best Kids Birthday Party Venues in Ahmedabad | Book & Compare Prices - VenueConnect,"Find the best kids birthday party venues in Ahmedabad. Compare kids birthday party halls, banquet spaces & party plots. Get free quotes & instant leads. Browse 100+ options on VenueConnect.",Best Kids Birthday Party Venues in Ahmedabad,kids birthday party venues in Ahmedabad,"kids birthday party hall Ahmedabad, kids birthday party venue booking Ahmedabad, best kids birthday party venue Ahmedabad, kids birthday party party venue Ahmedabad",Navigational / Transactional,High
Event + City,Holi Party Venues in Ahmedabad | VenueConnect,/ahmedabad/holi-party-venues/,Best Holi Party Venues in Ahmedabad | Book & Compare Prices - VenueConnect,"Find the best holi party venues in Ahmedabad. Compare holi party halls, banquet spaces & party plots. Get free quotes & instant leads. Browse 100+ options on VenueConnect.",Best Holi Party Venues in Ahmedabad,holi party venues in Ahmedabad,"holi party hall Ahmedabad, holi party venue booking Ahmedabad, best holi party venue Ahmedabad, holi party party venue Ahmedabad",Navigational / Transactional,High
Event + City,Group Dining Venues in Ahmedabad | VenueConnect,/ahmedabad/group-dining-venues/,Best Group Dining Venues in Ahmedabad | Book & Compare Prices - VenueConnect,"Find the best group dining venues in Ahmedabad. Compare group dining halls, banquet spaces & party plots. Get free quotes & instant leads. Browse 100+ options on VenueConnect.",Best Group Dining Venues in Ahmedabad,group dining venues in Ahmedabad,"group dining hall Ahmedabad, group dining venue booking Ahmedabad, best group dining venue Ahmedabad, group dining party venue Ahmedabad",Navigational / Transactional,High
Event + City,Get Together Venues in Ahmedabad | VenueConnect,/ahmedabad/get-together-venues/,Best Get Together Venues in Ahmedabad | Book & Compare Prices - VenueConnect,"Find the best get together venues in Ahmedabad. Compare get together halls, banquet spaces & party plots. Get free quotes & instant leads. Browse 100+ options on VenueConnect.",Best Get Together Venues in Ahmedabad,get together venues in Ahmedabad,"get together hall Ahmedabad, get together venue booking Ahmedabad, best get together venue Ahmedabad, get together party venue Ahmedabad",Navigational / Transactional,High
Event + City,Game Watch Venues in Ahmedabad | VenueConnect,/ahmedabad/game-watch-venues/,Best Game Watch Venues in Ahmedabad | Book & Compare Prices - VenueConnect,"Find the best game watch venues in Ahmedabad. Compare game watch halls, banquet spaces & party plots. Get free quotes & instant leads. Browse 100+ options on VenueConnect.",Best Game Watch Venues in Ahmedabad,game watch venues in Ahmedabad,"game watch hall Ahmedabad, game watch venue booking Ahmedabad, best game watch venue Ahmedabad, game watch party venue Ahmedabad",Navigational / Transactional,High
Event + City,Freshers Party Venues in Ahmedabad | VenueConnect,/ahmedabad/freshers-party-venues/,Best Freshers Party Venues in Ahmedabad | Book & Compare Prices - VenueConnect,"Find the best freshers party venues in Ahmedabad. Compare freshers party halls, banquet spaces & party plots. Get free quotes & instant leads. Browse 100+ options on VenueConnect.",Best Freshers Party Venues in Ahmedabad,freshers party venues in Ahmedabad,"freshers party hall Ahmedabad, freshers party venue booking Ahmedabad, best freshers party venue Ahmedabad, freshers party party venue Ahmedabad",Navigational / Transactional,High
Event + City,First Birthday Party Venues in Ahmedabad | VenueConnect,/ahmedabad/first-birthday-party-venues/,Best First Birthday Party Venues in Ahmedabad | Book & Compare Prices - VenueConnect,"Find the best first birthday party venues in Ahmedabad. Compare first birthday party halls, banquet spaces & party plots. Get free quotes & instant leads. Browse 100+ options on VenueConnect.",Best First Birthday Party Venues in Ahmedabad,first birthday party venues in Ahmedabad,"first birthday party hall Ahmedabad, first birthday party venue booking Ahmedabad, best first birthday party venue Ahmedabad, first birthday party party venue Ahmedabad",Navigational / Transactional,High
Event + City,Fashion Show Venues in Ahmedabad | VenueConnect,/ahmedabad/fashion-show-venues/,Best Fashion Show Venues in Ahmedabad | Book & Compare Prices - VenueConnect,"Find the best fashion show venues in Ahmedabad. Compare fashion show halls, banquet spaces & party plots. Get free quotes & instant leads. Browse 100+ options on VenueConnect.",Best Fashion Show Venues in Ahmedabad,fashion show venues in Ahmedabad,"fashion show hall Ahmedabad, fashion show venue booking Ahmedabad, best fashion show venue Ahmedabad, fashion show party venue Ahmedabad",Navigational / Transactional,High
Event + City,Family Function Venues in Ahmedabad | VenueConnect,/ahmedabad/family-function-venues/,Best Family Function Venues in Ahmedabad | Book & Compare Prices - VenueConnect,"Find the best family function venues in Ahmedabad. Compare family function halls, banquet spaces & party plots. Get free quotes & instant leads. Browse 100+ options on VenueConnect.",Best Family Function Venues in Ahmedabad,family function venues in Ahmedabad,"family function hall Ahmedabad, family function venue booking Ahmedabad, best family function venue Ahmedabad, family function party venue Ahmedabad",Navigational / Transactional,High
Event + City,Exhibition Venues in Ahmedabad | VenueConnect,/ahmedabad/exhibition-venues/,Best Exhibition Venues in Ahmedabad | Book & Compare Prices - VenueConnect,"Find the best exhibition venues in Ahmedabad. Compare exhibition halls, banquet spaces & party plots. Get free quotes & instant leads. Browse 100+ options on VenueConnect.",Best Exhibition Venues in Ahmedabad,exhibition venues in Ahmedabad,"exhibition hall Ahmedabad, exhibition venue booking Ahmedabad, best exhibition venue Ahmedabad, exhibition party venue Ahmedabad",Navigational / Transactional,High
Event + City,Corporate Training Venues in Ahmedabad | VenueConnect,/ahmedabad/corporate-training-venues/,Best Corporate Training Venues in Ahmedabad | Book & Compare Prices - VenueConnect,"Find the best corporate training venues in Ahmedabad. Compare corporate training halls, banquet spaces & party plots. Get free quotes & instant leads. Browse 100+ options on VenueConnect.",Best Corporate Training Venues in Ahmedabad,corporate training venues in Ahmedabad,"corporate training hall Ahmedabad, corporate training venue booking Ahmedabad, best corporate training venue Ahmedabad, corporate training party venue Ahmedabad",Navigational / Transactional,High
Event + City,Corporate Party Venues in Ahmedabad | VenueConnect,/ahmedabad/corporate-party-venues/,Best Corporate Party Venues in Ahmedabad | Book & Compare Prices - VenueConnect,"Find the best corporate party venues in Ahmedabad. Compare corporate party halls, banquet spaces & party plots. Get free quotes & instant leads. Browse 100+ options on VenueConnect.",Best Corporate Party Venues in Ahmedabad,corporate party venues in Ahmedabad,"corporate party hall Ahmedabad, corporate party venue booking Ahmedabad, best corporate party venue Ahmedabad, corporate party party venue Ahmedabad",Navigational / Transactional,High
Event + City,Corporate Offsite Venues in Ahmedabad | VenueConnect,/ahmedabad/corporate-offsite-venues/,Best Corporate Offsite Venues in Ahmedabad | Book & Compare Prices - VenueConnect,"Find the best corporate offsite venues in Ahmedabad. Compare corporate offsite halls, banquet spaces & party plots. Get free quotes & instant leads. Browse 100+ options on VenueConnect.",Best Corporate Offsite Venues in Ahmedabad,corporate offsite venues in Ahmedabad,"corporate offsite hall Ahmedabad, corporate offsite venue booking Ahmedabad, best corporate offsite venue Ahmedabad, corporate offsite party venue Ahmedabad",Navigational / Transactional,High
Event + City,Cocktail Dinner Venues in Ahmedabad | VenueConnect,/ahmedabad/cocktail-dinner-venues/,Best Cocktail Dinner Venues in Ahmedabad | Book & Compare Prices - VenueConnect,"Find the best cocktail dinner venues in Ahmedabad. Compare cocktail dinner halls, banquet spaces & party plots. Get free quotes & instant leads. Browse 100+ options on VenueConnect.",Best Cocktail Dinner Venues in Ahmedabad,cocktail dinner venues in Ahmedabad,"cocktail dinner hall Ahmedabad, cocktail dinner venue booking Ahmedabad, best cocktail dinner venue Ahmedabad, cocktail dinner party venue Ahmedabad",Navigational / Transactional,High
Event + City,Class Reunion Venues in Ahmedabad | VenueConnect,/ahmedabad/class-reunion-venues/,Best Class Reunion Venues in Ahmedabad | Book & Compare Prices - VenueConnect,"Find the best class reunion venues in Ahmedabad. Compare class reunion halls, banquet spaces & party plots. Get free quotes & instant leads. Browse 100+ options on VenueConnect.",Best Class Reunion Venues in Ahmedabad,class reunion venues in Ahmedabad,"class reunion hall Ahmedabad, class reunion venue booking Ahmedabad, best class reunion venue Ahmedabad, class reunion party venue Ahmedabad",Navigational / Transactional,High
Event + City,Christian Communion Venues in Ahmedabad | VenueConnect,/ahmedabad/christian-communion-venues/,Best Christian Communion Venues in Ahmedabad | Book & Compare Prices - VenueConnect,"Find the best christian communion venues in Ahmedabad. Compare christian communion halls, banquet spaces & party plots. Get free quotes & instant leads. Browse 100+ options on VenueConnect.",Best Christian Communion Venues in Ahmedabad,christian communion venues in Ahmedabad,"christian communion hall Ahmedabad, christian communion venue booking Ahmedabad, best christian communion venue Ahmedabad, christian communion party venue Ahmedabad",Navigational / Transactional,High
Event + City,Childrens Party Venues in Ahmedabad | VenueConnect,/ahmedabad/childrens-party-venues/,Best Childrens Party Venues in Ahmedabad | Book & Compare Prices - VenueConnect,"Find the best childrens party venues in Ahmedabad. Compare childrens party halls, banquet spaces & party plots. Get free quotes & instant leads. Browse 100+ options on VenueConnect.",Best Childrens Party Venues in Ahmedabad,childrens party venues in Ahmedabad,"childrens party hall Ahmedabad, childrens party venue booking Ahmedabad, best childrens party venue Ahmedabad, childrens party party venue Ahmedabad",Navigational / Transactional,High
Event + City,Business Dinner Venues in Ahmedabad | VenueConnect,/ahmedabad/business-dinner-venues/,Best Business Dinner Venues in Ahmedabad | Book & Compare Prices - VenueConnect,"Find the best business dinner venues in Ahmedabad. Compare business dinner halls, banquet spaces & party plots. Get free quotes & instant leads. Browse 100+ options on VenueConnect.",Best Business Dinner Venues in Ahmedabad,business dinner venues in Ahmedabad,"business dinner hall Ahmedabad, business dinner venue booking Ahmedabad, best business dinner venue Ahmedabad, business dinner party venue Ahmedabad",Navigational / Transactional,High
Event + City,Bridal Shower Venues in Ahmedabad | VenueConnect,/ahmedabad/bridal-shower-venues/,Best Bridal Shower Venues in Ahmedabad | Book & Compare Prices - VenueConnect,"Find the best bridal shower venues in Ahmedabad. Compare bridal shower halls, banquet spaces & party plots. Get free quotes & instant leads. Browse 100+ options on VenueConnect.",Best Bridal Shower Venues in Ahmedabad,bridal shower venues in Ahmedabad,"bridal shower hall Ahmedabad, bridal shower venue booking Ahmedabad, best bridal shower venue Ahmedabad, bridal shower party venue Ahmedabad",Navigational / Transactional,High
Event + City,Brand Promotion Venues in Ahmedabad | VenueConnect,/ahmedabad/brand-promotion-venues/,Best Brand Promotion Venues in Ahmedabad | Book & Compare Prices - VenueConnect,"Find the best brand promotion venues in Ahmedabad. Compare brand promotion halls, banquet spaces & party plots. Get free quotes & instant leads. Browse 100+ options on VenueConnect.",Best Brand Promotion Venues in Ahmedabad,brand promotion venues in Ahmedabad,"brand promotion hall Ahmedabad, brand promotion venue booking Ahmedabad, best brand promotion venue Ahmedabad, brand promotion party venue Ahmedabad",Navigational / Transactional,High
Event + City,Bachelor Party Venues in Ahmedabad | VenueConnect,/ahmedabad/bachelor-party-venues/,Best Bachelor Party Venues in Ahmedabad | Book & Compare Prices - VenueConnect,"Find the best bachelor party venues in Ahmedabad. Compare bachelor party halls, banquet spaces & party plots. Get free quotes & instant leads. Browse 100+ options on VenueConnect.",Best Bachelor Party Venues in Ahmedabad,bachelor party venues in Ahmedabad,"bachelor party hall Ahmedabad, bachelor party venue booking Ahmedabad, best bachelor party venue Ahmedabad, bachelor party party venue Ahmedabad",Navigational / Transactional,High
Event + City,Aqueeqa Ceremony Venues in Ahmedabad | VenueConnect,/ahmedabad/aqueeqa-ceremony-venues/,Best Aqueeqa Ceremony Venues in Ahmedabad | Book & Compare Prices - VenueConnect,"Find the best aqueeqa ceremony venues in Ahmedabad. Compare aqueeqa ceremony halls, banquet spaces & party plots. Get free quotes & instant leads. Browse 100+ options on VenueConnect.",Best Aqueeqa Ceremony Venues in Ahmedabad,aqueeqa ceremony venues in Ahmedabad,"aqueeqa ceremony hall Ahmedabad, aqueeqa ceremony venue booking Ahmedabad, best aqueeqa ceremony venue Ahmedabad, aqueeqa ceremony party venue Ahmedabad",Navigational / Transactional,High
Event + City,Annual Fest Venues in Ahmedabad | VenueConnect,/ahmedabad/annual-fest-venues/,Best Annual Fest Venues in Ahmedabad | Book & Compare Prices - VenueConnect,"Find the best annual fest venues in Ahmedabad. Compare annual fest halls, banquet spaces & party plots. Get free quotes & instant leads. Browse 100+ options on VenueConnect.",Best Annual Fest Venues in Ahmedabad,annual fest venues in Ahmedabad,"annual fest hall Ahmedabad, annual fest venue booking Ahmedabad, best annual fest venue Ahmedabad, annual fest party venue Ahmedabad",Navigational / Transactional,High
Event + City,Adventure Party Venues in Ahmedabad | VenueConnect,/ahmedabad/adventure-party-venues/,Best Adventure Party Venues in Ahmedabad | Book & Compare Prices - VenueConnect,"Find the best adventure party venues in Ahmedabad. Compare adventure party halls, banquet spaces & party plots. Get free quotes & instant leads. Browse 100+ options on VenueConnect.",Best Adventure Party Venues in Ahmedabad,adventure party venues in Ahmedabad,"adventure party hall Ahmedabad, adventure party venue booking Ahmedabad, best adventure party venue Ahmedabad, adventure party party venue Ahmedabad",Navigational / Transactional,High
Event + City,Haldi Ceremony Venues in Ahmedabad | VenueConnect,/ahmedabad/haldi-ceremony-venues/,Best Haldi Ceremony Venues in Ahmedabad | Book & Compare Prices - VenueConnect,"Find the best haldi ceremony venues in Ahmedabad. Compare haldi ceremony halls, banquet spaces & party plots. Get free quotes & instant leads. Browse 100+ options on VenueConnect.",Best Haldi Ceremony Venues in Ahmedabad,haldi ceremony venues in Ahmedabad,"haldi ceremony hall Ahmedabad, haldi ceremony venue booking Ahmedabad, best haldi ceremony venue Ahmedabad, haldi ceremony party venue Ahmedabad",Navigational / Transactional,High
  VENDOR + CITY PAGES,,,,,,,,,
Page Type,Page Title,URL Slug,Meta Title,Meta Description,H1 Tag,Target Keyword,Secondary Keywords,Search Intent,Priority
Vendor + City,Photographers in Ahmedabad | VenueConnect,/ahmedabad/vendors/photographers/,Top Photographers in Ahmedabad | Compare & Hire - VenueConnect,"Hire top photographers in Ahmedabad for weddings, birthdays & all events. Compare portfolios, pricing & reviews. Get direct leads via WhatsApp. Book on VenueConnect.",Top Photographers in Ahmedabad,photographers in Ahmedabad,"photographers for wedding Ahmedabad, best photographers Ahmedabad, affordable photographers Ahmedabad, photographers contact Ahmedabad",Transactional,High
Vendor + City,Caterers in Ahmedabad | VenueConnect,/ahmedabad/vendors/caterers/,Top Caterers in Ahmedabad | Compare & Hire - VenueConnect,"Hire top caterers in Ahmedabad for weddings, birthdays & all events. Compare portfolios, pricing & reviews. Get direct leads via WhatsApp. Book on VenueConnect.",Top Caterers in Ahmedabad,caterers in Ahmedabad,"caterers for wedding Ahmedabad, best caterers Ahmedabad, affordable caterers Ahmedabad, caterers contact Ahmedabad",Transactional,High
Vendor + City,Decorators in Ahmedabad | VenueConnect,/ahmedabad/vendors/decorators/,Top Decorators in Ahmedabad | Compare & Hire - VenueConnect,"Hire top decorators in Ahmedabad for weddings, birthdays & all events. Compare portfolios, pricing & reviews. Get direct leads via WhatsApp. Book on VenueConnect.",Top Decorators in Ahmedabad,decorators in Ahmedabad,"decorators for wedding Ahmedabad, best decorators Ahmedabad, affordable decorators Ahmedabad, decorators contact Ahmedabad",Transactional,High
Vendor + City,Mehndi Artists in Ahmedabad | VenueConnect,/ahmedabad/vendors/mehndi-artists/,Top Mehndi Artists in Ahmedabad | Compare & Hire - VenueConnect,"Hire top mehndi artists in Ahmedabad for weddings, birthdays & all events. Compare portfolios, pricing & reviews. Get direct leads via WhatsApp. Book on VenueConnect.",Top Mehndi Artists in Ahmedabad,mehndi artists in Ahmedabad,"mehndi artists for wedding Ahmedabad, best mehndi artists Ahmedabad, affordable mehndi artists Ahmedabad, mehndi artists contact Ahmedabad",Transactional,High
Vendor + City,DJs in Ahmedabad | VenueConnect,/ahmedabad/vendors/djs/,Top DJs in Ahmedabad | Compare & Hire - VenueConnect,"Hire top djs in Ahmedabad for weddings, birthdays & all events. Compare portfolios, pricing & reviews. Get direct leads via WhatsApp. Book on VenueConnect.",Top DJs in Ahmedabad,djs in Ahmedabad,"djs for wedding Ahmedabad, best djs Ahmedabad, affordable djs Ahmedabad, djs contact Ahmedabad",Transactional,High
Vendor + City,Bands in Ahmedabad | VenueConnect,/ahmedabad/vendors/bands/,Top Bands in Ahmedabad | Compare & Hire - VenueConnect,"Hire top bands in Ahmedabad for weddings, birthdays & all events. Compare portfolios, pricing & reviews. Get direct leads via WhatsApp. Book on VenueConnect.",Top Bands in Ahmedabad,bands in Ahmedabad,"bands for wedding Ahmedabad, best bands Ahmedabad, affordable bands Ahmedabad, bands contact Ahmedabad",Transactional,High
Vendor + City,Event Planners in Ahmedabad | VenueConnect,/ahmedabad/vendors/event-planners/,Top Event Planners in Ahmedabad | Compare & Hire - VenueConnect,"Hire top event planners in Ahmedabad for weddings, birthdays & all events. Compare portfolios, pricing & reviews. Get direct leads via WhatsApp. Book on VenueConnect.",Top Event Planners in Ahmedabad,event planners in Ahmedabad,"event planners for wedding Ahmedabad, best event planners Ahmedabad, affordable event planners Ahmedabad, event planners contact Ahmedabad",Transactional,High
Vendor + City,Bridal Wear in Ahmedabad | VenueConnect,/ahmedabad/vendors/bridal-wear/,Top Bridal Wear in Ahmedabad | Compare & Hire - VenueConnect,"Hire top bridal wear in Ahmedabad for weddings, birthdays & all events. Compare portfolios, pricing & reviews. Get direct leads via WhatsApp. Book on VenueConnect.",Top Bridal Wear in Ahmedabad,bridal wear in Ahmedabad,"bridal wear for wedding Ahmedabad, best bridal wear Ahmedabad, affordable bridal wear Ahmedabad, bridal wear contact Ahmedabad",Transactional,High
Vendor + City,Makeup Artists in Ahmedabad | VenueConnect,/ahmedabad/vendors/makeup-artists/,Top Makeup Artists in Ahmedabad | Compare & Hire - VenueConnect,"Hire top makeup artists in Ahmedabad for weddings, birthdays & all events. Compare portfolios, pricing & reviews. Get direct leads via WhatsApp. Book on VenueConnect.",Top Makeup Artists in Ahmedabad,makeup artists in Ahmedabad,"makeup artists for wedding Ahmedabad, best makeup artists Ahmedabad, affordable makeup artists Ahmedabad, makeup artists contact Ahmedabad",Transactional,High
Vendor + City,Florists in Ahmedabad | VenueConnect,/ahmedabad/vendors/florists/,Top Florists in Ahmedabad | Compare & Hire - VenueConnect,"Hire top florists in Ahmedabad for weddings, birthdays & all events. Compare portfolios, pricing & reviews. Get direct leads via WhatsApp. Book on VenueConnect.",Top Florists in Ahmedabad,florists in Ahmedabad,"florists for wedding Ahmedabad, best florists Ahmedabad, affordable florists Ahmedabad, florists contact Ahmedabad",Transactional,High
Vendor + City,Videographers in Ahmedabad | VenueConnect,/ahmedabad/vendors/videographers/,Top Videographers in Ahmedabad | Compare & Hire - VenueConnect,"Hire top videographers in Ahmedabad for weddings, birthdays & all events. Compare portfolios, pricing & reviews. Get direct leads via WhatsApp. Book on VenueConnect.",Top Videographers in Ahmedabad,videographers in Ahmedabad,"videographers for wedding Ahmedabad, best videographers Ahmedabad, affordable videographers Ahmedabad, videographers contact Ahmedabad",Transactional,High
Vendor + City,Wedding Planners in Ahmedabad | VenueConnect,/ahmedabad/vendors/wedding-planners/,Top Wedding Planners in Ahmedabad | Compare & Hire - VenueConnect,"Hire top wedding planners in Ahmedabad for weddings, birthdays & all events. Compare portfolios, pricing & reviews. Get direct leads via WhatsApp. Book on VenueConnect.",Top Wedding Planners in Ahmedabad,wedding planners in Ahmedabad,"wedding planners for wedding Ahmedabad, best wedding planners Ahmedabad, affordable wedding planners Ahmedabad, wedding planners contact Ahmedabad",Transactional,High
Vendor + City,Tent Houses in Ahmedabad | VenueConnect,/ahmedabad/vendors/tent-houses/,Top Tent Houses in Ahmedabad | Compare & Hire - VenueConnect,"Hire top tent houses in Ahmedabad for weddings, birthdays & all events. Compare portfolios, pricing & reviews. Get direct leads via WhatsApp. Book on VenueConnect.",Top Tent Houses in Ahmedabad,tent houses in Ahmedabad,"tent houses for wedding Ahmedabad, best tent houses Ahmedabad, affordable tent houses Ahmedabad, tent houses contact Ahmedabad",Transactional,High
Vendor + City,Choreographers in Ahmedabad | VenueConnect,/ahmedabad/vendors/choreographers/,Top Choreographers in Ahmedabad | Compare & Hire - VenueConnect,"Hire top choreographers in Ahmedabad for weddings, birthdays & all events. Compare portfolios, pricing & reviews. Get direct leads via WhatsApp. Book on VenueConnect.",Top Choreographers in Ahmedabad,choreographers in Ahmedabad,"choreographers for wedding Ahmedabad, best choreographers Ahmedabad, affordable choreographers Ahmedabad, choreographers contact Ahmedabad",Transactional,High
Vendor + City,Invitation Cards in Ahmedabad | VenueConnect,/ahmedabad/vendors/invitation-cards/,Top Invitation Cards in Ahmedabad | Compare & Hire - VenueConnect,"Hire top invitation cards in Ahmedabad for weddings, birthdays & all events. Compare portfolios, pricing & reviews. Get direct leads via WhatsApp. Book on VenueConnect.",Top Invitation Cards in Ahmedabad,invitation cards in Ahmedabad,"invitation cards for wedding Ahmedabad, best invitation cards Ahmedabad, affordable invitation cards Ahmedabad, invitation cards contact Ahmedabad",Transactional,High
Vendor + City,Cake Shops in Ahmedabad | VenueConnect,/ahmedabad/vendors/cake-shops/,Top Cake Shops in Ahmedabad | Compare & Hire - VenueConnect,"Hire top cake shops in Ahmedabad for weddings, birthdays & all events. Compare portfolios, pricing & reviews. Get direct leads via WhatsApp. Book on VenueConnect.",Top Cake Shops in Ahmedabad,cake shops in Ahmedabad,"cake shops for wedding Ahmedabad, best cake shops Ahmedabad, affordable cake shops Ahmedabad, cake shops contact Ahmedabad",Transactional,High
Vendor + City,Jewellers in Ahmedabad | VenueConnect,/ahmedabad/vendors/jewellers/,Top Jewellers in Ahmedabad | Compare & Hire - VenueConnect,"Hire top jewellers in Ahmedabad for weddings, birthdays & all events. Compare portfolios, pricing & reviews. Get direct leads via WhatsApp. Book on VenueConnect.",Top Jewellers in Ahmedabad,jewellers in Ahmedabad,"jewellers for wedding Ahmedabad, best jewellers Ahmedabad, affordable jewellers Ahmedabad, jewellers contact Ahmedabad",Transactional,High
Vendor + City,Astrologers in Ahmedabad | VenueConnect,/ahmedabad/vendors/astrologers/,Top Astrologers in Ahmedabad | Compare & Hire - VenueConnect,"Hire top astrologers in Ahmedabad for weddings, birthdays & all events. Compare portfolios, pricing & reviews. Get direct leads via WhatsApp. Book on VenueConnect.",Top Astrologers in Ahmedabad,astrologers in Ahmedabad,"astrologers for wedding Ahmedabad, best astrologers Ahmedabad, affordable astrologers Ahmedabad, astrologers contact Ahmedabad",Transactional,High
Vendor + City,Magicians in Ahmedabad | VenueConnect,/ahmedabad/vendors/magicians/,Top Magicians in Ahmedabad | Compare & Hire - VenueConnect,"Hire top magicians in Ahmedabad for weddings, birthdays & all events. Compare portfolios, pricing & reviews. Get direct leads via WhatsApp. Book on VenueConnect.",Top Magicians in Ahmedabad,magicians in Ahmedabad,"magicians for wedding Ahmedabad, best magicians Ahmedabad, affordable magicians Ahmedabad, magicians contact Ahmedabad",Transactional,High
Vendor + City,Entertainers in Ahmedabad | VenueConnect,/ahmedabad/vendors/entertainers/,Top Entertainers in Ahmedabad | Compare & Hire - VenueConnect,"Hire top entertainers in Ahmedabad for weddings, birthdays & all events. Compare portfolios, pricing & reviews. Get direct leads via WhatsApp. Book on VenueConnect.",Top Entertainers in Ahmedabad,entertainers in Ahmedabad,"entertainers for wedding Ahmedabad, best entertainers Ahmedabad, affordable entertainers Ahmedabad, entertainers contact Ahmedabad",Transactional,High
Vendor + City,Groom Wear in Ahmedabad | VenueConnect,/ahmedabad/vendors/groom-wear/,Top Groom Wear in Ahmedabad | Compare & Hire - VenueConnect,"Hire top groom wear in Ahmedabad for weddings, birthdays & all events. Compare portfolios, pricing & reviews. Get direct leads via WhatsApp. Book on VenueConnect.",Top Groom Wear in Ahmedabad,groom wear in Ahmedabad,"groom wear for wedding Ahmedabad, best groom wear Ahmedabad, affordable groom wear Ahmedabad, groom wear contact Ahmedabad",Transactional,High
Vendor + City,Wedding Photographers in Ahmedabad | VenueConnect,/ahmedabad/vendors/wedding-photographers/,Top Wedding Photographers in Ahmedabad | Compare & Hire - VenueConnect,"Hire top wedding photographers in Ahmedabad for weddings, birthdays & all events. Compare portfolios, pricing & reviews. Get direct leads via WhatsApp. Book on VenueConnect.",Top Wedding Photographers in Ahmedabad,wedding photographers in Ahmedabad,"wedding photographers for wedding Ahmedabad, best wedding photographers Ahmedabad, affordable wedding photographers Ahmedabad, wedding photographers contact Ahmedabad",Transactional,High
  VENUE TYPE + CITY PAGES,,,,,,,,,
Page Type,Page Title,URL Slug,Meta Title,Meta Description,H1 Tag,Target Keyword,Secondary Keywords,Search Intent,Priority
Venue + City,Banquet Halls in Ahmedabad | VenueConnect,/ahmedabad/banquet-halls/,Best Banquet Halls in Ahmedabad | Compare Prices & Book - VenueConnect,"Find top banquet halls in Ahmedabad for any occasion. Compare capacity, pricing & amenities. 100+ verified listings. Get free quotes on VenueConnect Gujarat.",Best Banquet Halls in Ahmedabad,banquet halls in Ahmedabad,"banquet halls for rent Ahmedabad, banquet halls booking Ahmedabad, best banquet halls Ahmedabad, affordable banquet halls Ahmedabad",Transactional,High
Venue + City,Farmhouses in Ahmedabad | VenueConnect,/ahmedabad/farmhouses/,Best Farmhouses in Ahmedabad | Compare Prices & Book - VenueConnect,"Find top farmhouses in Ahmedabad for any occasion. Compare capacity, pricing & amenities. 100+ verified listings. Get free quotes on VenueConnect Gujarat.",Best Farmhouses in Ahmedabad,farmhouses in Ahmedabad,"farmhouses for rent Ahmedabad, farmhouses booking Ahmedabad, best farmhouses Ahmedabad, affordable farmhouses Ahmedabad",Transactional,High
Venue + City,Party Plots in Ahmedabad | VenueConnect,/ahmedabad/party-plots/,Best Party Plots in Ahmedabad | Compare Prices & Book - VenueConnect,"Find top party plots in Ahmedabad for any occasion. Compare capacity, pricing & amenities. 100+ verified listings. Get free quotes on VenueConnect Gujarat.",Best Party Plots in Ahmedabad,party plots in Ahmedabad,"party plots for rent Ahmedabad, party plots booking Ahmedabad, best party plots Ahmedabad, affordable party plots Ahmedabad",Transactional,High
Venue + City,Hotels in Ahmedabad | VenueConnect,/ahmedabad/hotels/,Best Hotels in Ahmedabad | Compare Prices & Book - VenueConnect,"Find top hotels in Ahmedabad for any occasion. Compare capacity, pricing & amenities. 100+ verified listings. Get free quotes on VenueConnect Gujarat.",Best Hotels in Ahmedabad,hotels in Ahmedabad,"hotels for rent Ahmedabad, hotels booking Ahmedabad, best hotels Ahmedabad, affordable hotels Ahmedabad",Transactional,High
Venue + City,Resorts in Ahmedabad | VenueConnect,/ahmedabad/resorts/,Best Resorts in Ahmedabad | Compare Prices & Book - VenueConnect,"Find top resorts in Ahmedabad for any occasion. Compare capacity, pricing & amenities. 100+ verified listings. Get free quotes on VenueConnect Gujarat.",Best Resorts in Ahmedabad,resorts in Ahmedabad,"resorts for rent Ahmedabad, resorts booking Ahmedabad, best resorts Ahmedabad, affordable resorts Ahmedabad",Transactional,High
Venue + City,Restaurants in Ahmedabad | VenueConnect,/ahmedabad/restaurants/,Best Restaurants in Ahmedabad | Compare Prices & Book - VenueConnect,"Find top restaurants in Ahmedabad for any occasion. Compare capacity, pricing & amenities. 100+ verified listings. Get free quotes on VenueConnect Gujarat.",Best Restaurants in Ahmedabad,restaurants in Ahmedabad,"restaurants for rent Ahmedabad, restaurants booking Ahmedabad, best restaurants Ahmedabad, affordable restaurants Ahmedabad",Transactional,High
Venue + City,Convention Centers in Ahmedabad | VenueConnect,/ahmedabad/convention-centers/,Best Convention Centers in Ahmedabad | Compare Prices & Book - VenueConnect,"Find top convention centers in Ahmedabad for any occasion. Compare capacity, pricing & amenities. 100+ verified listings. Get free quotes on VenueConnect Gujarat.",Best Convention Centers in Ahmedabad,convention centers in Ahmedabad,"convention centers for rent Ahmedabad, convention centers booking Ahmedabad, best convention centers Ahmedabad, affordable convention centers Ahmedabad",Transactional,High
Venue + City,Clubs in Ahmedabad | VenueConnect,/ahmedabad/clubs/,Best Clubs in Ahmedabad | Compare Prices & Book - VenueConnect,"Find top clubs in Ahmedabad for any occasion. Compare capacity, pricing & amenities. 100+ verified listings. Get free quotes on VenueConnect Gujarat.",Best Clubs in Ahmedabad,clubs in Ahmedabad,"clubs for rent Ahmedabad, clubs booking Ahmedabad, best clubs Ahmedabad, affordable clubs Ahmedabad",Transactional,High
Venue + City,Rooftop Venues in Ahmedabad | VenueConnect,/ahmedabad/rooftop-venues/,Best Rooftop Venues in Ahmedabad | Compare Prices & Book - VenueConnect,"Find top rooftop venues in Ahmedabad for any occasion. Compare capacity, pricing & amenities. 100+ verified listings. Get free quotes on VenueConnect Gujarat.",Best Rooftop Venues in Ahmedabad,rooftop venues in Ahmedabad,"rooftop venues for rent Ahmedabad, rooftop venues booking Ahmedabad, best rooftop venues Ahmedabad, affordable rooftop venues Ahmedabad",Transactional,High
Venue + City,Garden Venues in Ahmedabad | VenueConnect,/ahmedabad/garden-venues/,Best Garden Venues in Ahmedabad | Compare Prices & Book - VenueConnect,"Find top garden venues in Ahmedabad for any occasion. Compare capacity, pricing & amenities. 100+ verified listings. Get free quotes on VenueConnect Gujarat.",Best Garden Venues in Ahmedabad,garden venues in Ahmedabad,"garden venues for rent Ahmedabad, garden venues booking Ahmedabad, best garden venues Ahmedabad, affordable garden venues Ahmedabad",Transactional,High
Venue + City,Heritage Venues in Ahmedabad | VenueConnect,/ahmedabad/heritage-venues/,Best Heritage Venues in Ahmedabad | Compare Prices & Book - VenueConnect,"Find top heritage venues in Ahmedabad for any occasion. Compare capacity, pricing & amenities. 100+ verified listings. Get free quotes on VenueConnect Gujarat.",Best Heritage Venues in Ahmedabad,heritage venues in Ahmedabad,"heritage venues for rent Ahmedabad, heritage venues booking Ahmedabad, best heritage venues Ahmedabad, affordable heritage venues Ahmedabad",Transactional,High
Venue + City,Luxury Venues in Ahmedabad | VenueConnect,/ahmedabad/luxury-venues/,Best Luxury Venues in Ahmedabad | Compare Prices & Book - VenueConnect,"Find top luxury venues in Ahmedabad for any occasion. Compare capacity, pricing & amenities. 100+ verified listings. Get free quotes on VenueConnect Gujarat.",Best Luxury Venues in Ahmedabad,luxury venues in Ahmedabad,"luxury venues for rent Ahmedabad, luxury venues booking Ahmedabad, best luxury venues Ahmedabad, affordable luxury venues Ahmedabad",Transactional,High
  EVENT + CITY AREA PAGES (Hyper-local),,,,,,,,,
Page Type,Page Title,URL Slug,Meta Title,Meta Description,H1 Tag,Target Keyword,Secondary Keywords,Search Intent,Priority
Event + City Area,"Wedding Venues in Bopal, Ahmedabad | VenueConnect",/ahmedabad/bopal/wedding-venues/,"Best Wedding Venues in Bopal, Ahmedabad | Book Near You - VenueConnect","Find the perfect wedding venue in Bopal, Ahmedabad. Compare halls, farmhouses & party plots near Bopal. Get instant leads & free quotes on VenueConnect.","Best Wedding Venues in Bopal, Ahmedabad",wedding venues in Bopal Ahmedabad,"wedding venue Bopal, wedding hall near Bopal Ahmedabad, wedding venue near Bopal",Transactional (Hyper-local),High
Event + City Area,"Birthday Party Venues in Bopal, Ahmedabad | VenueConnect",/ahmedabad/bopal/birthday-party-venues/,"Best Birthday Party Venues in Bopal, Ahmedabad | Book Near You - VenueConnect","Find the perfect birthday party venue in Bopal, Ahmedabad. Compare halls, farmhouses & party plots near Bopal. Get instant leads & free quotes on VenueConnect.","Best Birthday Party Venues in Bopal, Ahmedabad",birthday party venues in Bopal Ahmedabad,"birthday party venue Bopal, birthday party hall near Bopal Ahmedabad, birthday party venue near Bopal",Transactional (Hyper-local),High
Event + City Area,"Engagement Venues in Bopal, Ahmedabad | VenueConnect",/ahmedabad/bopal/engagement-venues/,"Best Engagement Venues in Bopal, Ahmedabad | Book Near You - VenueConnect","Find the perfect engagement venue in Bopal, Ahmedabad. Compare halls, farmhouses & party plots near Bopal. Get instant leads & free quotes on VenueConnect.","Best Engagement Venues in Bopal, Ahmedabad",engagement venues in Bopal Ahmedabad,"engagement venue Bopal, engagement hall near Bopal Ahmedabad, engagement venue near Bopal",Transactional (Hyper-local),High
Event + City Area,"Corporate Event Venues in Bopal, Ahmedabad | VenueConnect",/ahmedabad/bopal/corporate-event-venues/,"Best Corporate Event Venues in Bopal, Ahmedabad | Book Near You - VenueConnect","Find the perfect corporate event venue in Bopal, Ahmedabad. Compare halls, farmhouses & party plots near Bopal. Get instant leads & free quotes on VenueConnect.","Best Corporate Event Venues in Bopal, Ahmedabad",corporate event venues in Bopal Ahmedabad,"corporate event venue Bopal, corporate event hall near Bopal Ahmedabad, corporate event venue near Bopal",Transactional (Hyper-local),High
Event + City Area,"Reception Venues in Bopal, Ahmedabad | VenueConnect",/ahmedabad/bopal/reception-venues/,"Best Reception Venues in Bopal, Ahmedabad | Book Near You - VenueConnect","Find the perfect reception venue in Bopal, Ahmedabad. Compare halls, farmhouses & party plots near Bopal. Get instant leads & free quotes on VenueConnect.","Best Reception Venues in Bopal, Ahmedabad",reception venues in Bopal Ahmedabad,"reception venue Bopal, reception hall near Bopal Ahmedabad, reception venue near Bopal",Transactional (Hyper-local),High
Event + City Area,"Wedding Venues in SG Highway, Ahmedabad | VenueConnect",/ahmedabad/sg-highway/wedding-venues/,"Best Wedding Venues in SG Highway, Ahmedabad | Book Near You - VenueConnect","Find the perfect wedding venue in SG Highway, Ahmedabad. Compare halls, farmhouses & party plots near SG Highway. Get instant leads & free quotes on VenueConnect.","Best Wedding Venues in SG Highway, Ahmedabad",wedding venues in SG Highway Ahmedabad,"wedding venue SG Highway, wedding hall near SG Highway Ahmedabad, wedding venue near SG Highway",Transactional (Hyper-local),High
Event + City Area,"Birthday Party Venues in SG Highway, Ahmedabad | VenueConnect",/ahmedabad/sg-highway/birthday-party-venues/,"Best Birthday Party Venues in SG Highway, Ahmedabad | Book Near You - VenueConnect","Find the perfect birthday party venue in SG Highway, Ahmedabad. Compare halls, farmhouses & party plots near SG Highway. Get instant leads & free quotes on VenueConnect.","Best Birthday Party Venues in SG Highway, Ahmedabad",birthday party venues in SG Highway Ahmedabad,"birthday party venue SG Highway, birthday party hall near SG Highway Ahmedabad, birthday party venue near SG Highway",Transactional (Hyper-local),High
Event + City Area,"Engagement Venues in SG Highway, Ahmedabad | VenueConnect",/ahmedabad/sg-highway/engagement-venues/,"Best Engagement Venues in SG Highway, Ahmedabad | Book Near You - VenueConnect","Find the perfect engagement venue in SG Highway, Ahmedabad. Compare halls, farmhouses & party plots near SG Highway. Get instant leads & free quotes on VenueConnect.","Best Engagement Venues in SG Highway, Ahmedabad",engagement venues in SG Highway Ahmedabad,"engagement venue SG Highway, engagement hall near SG Highway Ahmedabad, engagement venue near SG Highway",Transactional (Hyper-local),High
Event + City Area,"Corporate Event Venues in SG Highway, Ahmedabad | VenueConnect",/ahmedabad/sg-highway/corporate-event-venues/,"Best Corporate Event Venues in SG Highway, Ahmedabad | Book Near You - VenueConnect","Find the perfect corporate event venue in SG Highway, Ahmedabad. Compare halls, farmhouses & party plots near SG Highway. Get instant leads & free quotes on VenueConnect.","Best Corporate Event Venues in SG Highway, Ahmedabad",corporate event venues in SG Highway Ahmedabad,"corporate event venue SG Highway, corporate event hall near SG Highway Ahmedabad, corporate event venue near SG Highway",Transactional (Hyper-local),High
Event + City Area,"Reception Venues in SG Highway, Ahmedabad | VenueConnect",/ahmedabad/sg-highway/reception-venues/,"Best Reception Venues in SG Highway, Ahmedabad | Book Near You - VenueConnect","Find the perfect reception venue in SG Highway, Ahmedabad. Compare halls, farmhouses & party plots near SG Highway. Get instant leads & free quotes on VenueConnect.","Best Reception Venues in SG Highway, Ahmedabad",reception venues in SG Highway Ahmedabad,"reception venue SG Highway, reception hall near SG Highway Ahmedabad, reception venue near SG Highway",Transactional (Hyper-local),High
Event + City Area,"Wedding Venues in Vastrapur, Ahmedabad | VenueConnect",/ahmedabad/vastrapur/wedding-venues/,"Best Wedding Venues in Vastrapur, Ahmedabad | Book Near You - VenueConnect","Find the perfect wedding venue in Vastrapur, Ahmedabad. Compare halls, farmhouses & party plots near Vastrapur. Get instant leads & free quotes on VenueConnect.","Best Wedding Venues in Vastrapur, Ahmedabad",wedding venues in Vastrapur Ahmedabad,"wedding venue Vastrapur, wedding hall near Vastrapur Ahmedabad, wedding venue near Vastrapur",Transactional (Hyper-local),High
Event + City Area,"Birthday Party Venues in Vastrapur, Ahmedabad | VenueConnect",/ahmedabad/vastrapur/birthday-party-venues/,"Best Birthday Party Venues in Vastrapur, Ahmedabad | Book Near You - VenueConnect","Find the perfect birthday party venue in Vastrapur, Ahmedabad. Compare halls, farmhouses & party plots near Vastrapur. Get instant leads & free quotes on VenueConnect.","Best Birthday Party Venues in Vastrapur, Ahmedabad",birthday party venues in Vastrapur Ahmedabad,"birthday party venue Vastrapur, birthday party hall near Vastrapur Ahmedabad, birthday party venue near Vastrapur",Transactional (Hyper-local),High
Event + City Area,"Engagement Venues in Vastrapur, Ahmedabad | VenueConnect",/ahmedabad/vastrapur/engagement-venues/,"Best Engagement Venues in Vastrapur, Ahmedabad | Book Near You - VenueConnect","Find the perfect engagement venue in Vastrapur, Ahmedabad. Compare halls, farmhouses & party plots near Vastrapur. Get instant leads & free quotes on VenueConnect.","Best Engagement Venues in Vastrapur, Ahmedabad",engagement venues in Vastrapur Ahmedabad,"engagement venue Vastrapur, engagement hall near Vastrapur Ahmedabad, engagement venue near Vastrapur",Transactional (Hyper-local),High
Event + City Area,"Corporate Event Venues in Vastrapur, Ahmedabad | VenueConnect",/ahmedabad/vastrapur/corporate-event-venues/,"Best Corporate Event Venues in Vastrapur, Ahmedabad | Book Near You - VenueConnect","Find the perfect corporate event venue in Vastrapur, Ahmedabad. Compare halls, farmhouses & party plots near Vastrapur. Get instant leads & free quotes on VenueConnect.","Best Corporate Event Venues in Vastrapur, Ahmedabad",corporate event venues in Vastrapur Ahmedabad,"corporate event venue Vastrapur, corporate event hall near Vastrapur Ahmedabad, corporate event venue near Vastrapur",Transactional (Hyper-local),High
Event + City Area,"Reception Venues in Vastrapur, Ahmedabad | VenueConnect",/ahmedabad/vastrapur/reception-venues/,"Best Reception Venues in Vastrapur, Ahmedabad | Book Near You - VenueConnect","Find the perfect reception venue in Vastrapur, Ahmedabad. Compare halls, farmhouses & party plots near Vastrapur. Get instant leads & free quotes on VenueConnect.","Best Reception Venues in Vastrapur, Ahmedabad",reception venues in Vastrapur Ahmedabad,"reception venue Vastrapur, reception hall near Vastrapur Ahmedabad, reception venue near Vastrapur",Transactional (Hyper-local),High
Event + City Area,"Wedding Venues in Satellite, Ahmedabad | VenueConnect",/ahmedabad/satellite/wedding-venues/,"Best Wedding Venues in Satellite, Ahmedabad | Book Near You - VenueConnect","Find the perfect wedding venue in Satellite, Ahmedabad. Compare halls, farmhouses & party plots near Satellite. Get instant leads & free quotes on VenueConnect.","Best Wedding Venues in Satellite, Ahmedabad",wedding venues in Satellite Ahmedabad,"wedding venue Satellite, wedding hall near Satellite Ahmedabad, wedding venue near Satellite",Transactional (Hyper-local),High
Event + City Area,"Birthday Party Venues in Satellite, Ahmedabad | VenueConnect",/ahmedabad/satellite/birthday-party-venues/,"Best Birthday Party Venues in Satellite, Ahmedabad | Book Near You - VenueConnect","Find the perfect birthday party venue in Satellite, Ahmedabad. Compare halls, farmhouses & party plots near Satellite. Get instant leads & free quotes on VenueConnect.","Best Birthday Party Venues in Satellite, Ahmedabad",birthday party venues in Satellite Ahmedabad,"birthday party venue Satellite, birthday party hall near Satellite Ahmedabad, birthday party venue near Satellite",Transactional (Hyper-local),High
Event + City Area,"Engagement Venues in Satellite, Ahmedabad | VenueConnect",/ahmedabad/satellite/engagement-venues/,"Best Engagement Venues in Satellite, Ahmedabad | Book Near You - VenueConnect","Find the perfect engagement venue in Satellite, Ahmedabad. Compare halls, farmhouses & party plots near Satellite. Get instant leads & free quotes on VenueConnect.","Best Engagement Venues in Satellite, Ahmedabad",engagement venues in Satellite Ahmedabad,"engagement venue Satellite, engagement hall near Satellite Ahmedabad, engagement venue near Satellite",Transactional (Hyper-local),High
Event + City Area,"Corporate Event Venues in Satellite, Ahmedabad | VenueConnect",/ahmedabad/satellite/corporate-event-venues/,"Best Corporate Event Venues in Satellite, Ahmedabad | Book Near You - VenueConnect","Find the perfect corporate event venue in Satellite, Ahmedabad. Compare halls, farmhouses & party plots near Satellite. Get instant leads & free quotes on VenueConnect.","Best Corporate Event Venues in Satellite, Ahmedabad",corporate event venues in Satellite Ahmedabad,"corporate event venue Satellite, corporate event hall near Satellite Ahmedabad, corporate event venue near Satellite",Transactional (Hyper-local),High
Event + City Area,"Reception Venues in Satellite, Ahmedabad | VenueConnect",/ahmedabad/satellite/reception-venues/,"Best Reception Venues in Satellite, Ahmedabad | Book Near You - VenueConnect","Find the perfect reception venue in Satellite, Ahmedabad. Compare halls, farmhouses & party plots near Satellite. Get instant leads & free quotes on VenueConnect.","Best Reception Venues in Satellite, Ahmedabad",reception venues in Satellite Ahmedabad,"reception venue Satellite, reception hall near Satellite Ahmedabad, reception venue near Satellite",Transactional (Hyper-local),High
Event + City Area,"Wedding Venues in Prahlad Nagar, Ahmedabad | VenueConnect",/ahmedabad/prahlad-nagar/wedding-venues/,"Best Wedding Venues in Prahlad Nagar, Ahmedabad | Book Near You - VenueConnect","Find the perfect wedding venue in Prahlad Nagar, Ahmedabad. Compare halls, farmhouses & party plots near Prahlad Nagar. Get instant leads & free quotes on VenueConnect.","Best Wedding Venues in Prahlad Nagar, Ahmedabad",wedding venues in Prahlad Nagar Ahmedabad,"wedding venue Prahlad Nagar, wedding hall near Prahlad Nagar Ahmedabad, wedding venue near Prahlad Nagar",Transactional (Hyper-local),High
Event + City Area,"Birthday Party Venues in Prahlad Nagar, Ahmedabad | VenueConnect",/ahmedabad/prahlad-nagar/birthday-party-venues/,"Best Birthday Party Venues in Prahlad Nagar, Ahmedabad | Book Near You - VenueConnect","Find the perfect birthday party venue in Prahlad Nagar, Ahmedabad. Compare halls, farmhouses & party plots near Prahlad Nagar. Get instant leads & free quotes on VenueConnect.","Best Birthday Party Venues in Prahlad Nagar, Ahmedabad",birthday party venues in Prahlad Nagar Ahmedabad,"birthday party venue Prahlad Nagar, birthday party hall near Prahlad Nagar Ahmedabad, birthday party venue near Prahlad Nagar",Transactional (Hyper-local),High
Event + City Area,"Engagement Venues in Prahlad Nagar, Ahmedabad | VenueConnect",/ahmedabad/prahlad-nagar/engagement-venues/,"Best Engagement Venues in Prahlad Nagar, Ahmedabad | Book Near You - VenueConnect","Find the perfect engagement venue in Prahlad Nagar, Ahmedabad. Compare halls, farmhouses & party plots near Prahlad Nagar. Get instant leads & free quotes on VenueConnect.","Best Engagement Venues in Prahlad Nagar, Ahmedabad",engagement venues in Prahlad Nagar Ahmedabad,"engagement venue Prahlad Nagar, engagement hall near Prahlad Nagar Ahmedabad, engagement venue near Prahlad Nagar",Transactional (Hyper-local),High
Event + City Area,"Corporate Event Venues in Prahlad Nagar, Ahmedabad | VenueConnect",/ahmedabad/prahlad-nagar/corporate-event-venues/,"Best Corporate Event Venues in Prahlad Nagar, Ahmedabad | Book Near You - VenueConnect","Find the perfect corporate event venue in Prahlad Nagar, Ahmedabad. Compare halls, farmhouses & party plots near Prahlad Nagar. Get instant leads & free quotes on VenueConnect.","Best Corporate Event Venues in Prahlad Nagar, Ahmedabad",corporate event venues in Prahlad Nagar Ahmedabad,"corporate event venue Prahlad Nagar, corporate event hall near Prahlad Nagar Ahmedabad, corporate event venue near Prahlad Nagar",Transactional (Hyper-local),High
Event + City Area,"Reception Venues in Prahlad Nagar, Ahmedabad | VenueConnect",/ahmedabad/prahlad-nagar/reception-venues/,"Best Reception Venues in Prahlad Nagar, Ahmedabad | Book Near You - VenueConnect","Find the perfect reception venue in Prahlad Nagar, Ahmedabad. Compare halls, farmhouses & party plots near Prahlad Nagar. Get instant leads & free quotes on VenueConnect.","Best Reception Venues in Prahlad Nagar, Ahmedabad",reception venues in Prahlad Nagar Ahmedabad,"reception venue Prahlad Nagar, reception hall near Prahlad Nagar Ahmedabad, reception venue near Prahlad Nagar",Transactional (Hyper-local),High
Event + City Area,"Wedding Venues in Thaltej, Ahmedabad | VenueConnect",/ahmedabad/thaltej/wedding-venues/,"Best Wedding Venues in Thaltej, Ahmedabad | Book Near You - VenueConnect","Find the perfect wedding venue in Thaltej, Ahmedabad. Compare halls, farmhouses & party plots near Thaltej. Get instant leads & free quotes on VenueConnect.","Best Wedding Venues in Thaltej, Ahmedabad",wedding venues in Thaltej Ahmedabad,"wedding venue Thaltej, wedding hall near Thaltej Ahmedabad, wedding venue near Thaltej",Transactional (Hyper-local),High
Event + City Area,"Birthday Party Venues in Thaltej, Ahmedabad | VenueConnect",/ahmedabad/thaltej/birthday-party-venues/,"Best Birthday Party Venues in Thaltej, Ahmedabad | Book Near You - VenueConnect","Find the perfect birthday party venue in Thaltej, Ahmedabad. Compare halls, farmhouses & party plots near Thaltej. Get instant leads & free quotes on VenueConnect.","Best Birthday Party Venues in Thaltej, Ahmedabad",birthday party venues in Thaltej Ahmedabad,"birthday party venue Thaltej, birthday party hall near Thaltej Ahmedabad, birthday party venue near Thaltej",Transactional (Hyper-local),High
Event + City Area,"Engagement Venues in Thaltej, Ahmedabad | VenueConnect",/ahmedabad/thaltej/engagement-venues/,"Best Engagement Venues in Thaltej, Ahmedabad | Book Near You - VenueConnect","Find the perfect engagement venue in Thaltej, Ahmedabad. Compare halls, farmhouses & party plots near Thaltej. Get instant leads & free quotes on VenueConnect.","Best Engagement Venues in Thaltej, Ahmedabad",engagement venues in Thaltej Ahmedabad,"engagement venue Thaltej, engagement hall near Thaltej Ahmedabad, engagement venue near Thaltej",Transactional (Hyper-local),High
Event + City Area,"Corporate Event Venues in Thaltej, Ahmedabad | VenueConnect",/ahmedabad/thaltej/corporate-event-venues/,"Best Corporate Event Venues in Thaltej, Ahmedabad | Book Near You - VenueConnect","Find the perfect corporate event venue in Thaltej, Ahmedabad. Compare halls, farmhouses & party plots near Thaltej. Get instant leads & free quotes on VenueConnect.","Best Corporate Event Venues in Thaltej, Ahmedabad",corporate event venues in Thaltej Ahmedabad,"corporate event venue Thaltej, corporate event hall near Thaltej Ahmedabad, corporate event venue near Thaltej",Transactional (Hyper-local),High
Event + City Area,"Reception Venues in Thaltej, Ahmedabad | VenueConnect",/ahmedabad/thaltej/reception-venues/,"Best Reception Venues in Thaltej, Ahmedabad | Book Near You - VenueConnect","Find the perfect reception venue in Thaltej, Ahmedabad. Compare halls, farmhouses & party plots near Thaltej. Get instant leads & free quotes on VenueConnect.","Best Reception Venues in Thaltej, Ahmedabad",reception venues in Thaltej Ahmedabad,"reception venue Thaltej, reception hall near Thaltej Ahmedabad, reception venue near Thaltej",Transactional (Hyper-local),High
Event + City Area,"Wedding Venues in Bodakdev, Ahmedabad | VenueConnect",/ahmedabad/bodakdev/wedding-venues/,"Best Wedding Venues in Bodakdev, Ahmedabad | Book Near You - VenueConnect","Find the perfect wedding venue in Bodakdev, Ahmedabad. Compare halls, farmhouses & party plots near Bodakdev. Get instant leads & free quotes on VenueConnect.","Best Wedding Venues in Bodakdev, Ahmedabad",wedding venues in Bodakdev Ahmedabad,"wedding venue Bodakdev, wedding hall near Bodakdev Ahmedabad, wedding venue near Bodakdev",Transactional (Hyper-local),High
Event + City Area,"Birthday Party Venues in Bodakdev, Ahmedabad | VenueConnect",/ahmedabad/bodakdev/birthday-party-venues/,"Best Birthday Party Venues in Bodakdev, Ahmedabad | Book Near You - VenueConnect","Find the perfect birthday party venue in Bodakdev, Ahmedabad. Compare halls, farmhouses & party plots near Bodakdev. Get instant leads & free quotes on VenueConnect.","Best Birthday Party Venues in Bodakdev, Ahmedabad",birthday party venues in Bodakdev Ahmedabad,"birthday party venue Bodakdev, birthday party hall near Bodakdev Ahmedabad, birthday party venue near Bodakdev",Transactional (Hyper-local),High
Event + City Area,"Engagement Venues in Bodakdev, Ahmedabad | VenueConnect",/ahmedabad/bodakdev/engagement-venues/,"Best Engagement Venues in Bodakdev, Ahmedabad | Book Near You - VenueConnect","Find the perfect engagement venue in Bodakdev, Ahmedabad. Compare halls, farmhouses & party plots near Bodakdev. Get instant leads & free quotes on VenueConnect.","Best Engagement Venues in Bodakdev, Ahmedabad",engagement venues in Bodakdev Ahmedabad,"engagement venue Bodakdev, engagement hall near Bodakdev Ahmedabad, engagement venue near Bodakdev",Transactional (Hyper-local),High
Event + City Area,"Corporate Event Venues in Bodakdev, Ahmedabad | VenueConnect",/ahmedabad/bodakdev/corporate-event-venues/,"Best Corporate Event Venues in Bodakdev, Ahmedabad | Book Near You - VenueConnect","Find the perfect corporate event venue in Bodakdev, Ahmedabad. Compare halls, farmhouses & party plots near Bodakdev. Get instant leads & free quotes on VenueConnect.","Best Corporate Event Venues in Bodakdev, Ahmedabad",corporate event venues in Bodakdev Ahmedabad,"corporate event venue Bodakdev, corporate event hall near Bodakdev Ahmedabad, corporate event venue near Bodakdev",Transactional (Hyper-local),High
Event + City Area,"Reception Venues in Bodakdev, Ahmedabad | VenueConnect",/ahmedabad/bodakdev/reception-venues/,"Best Reception Venues in Bodakdev, Ahmedabad | Book Near You - VenueConnect","Find the perfect reception venue in Bodakdev, Ahmedabad. Compare halls, farmhouses & party plots near Bodakdev. Get instant leads & free quotes on VenueConnect.","Best Reception Venues in Bodakdev, Ahmedabad",reception venues in Bodakdev Ahmedabad,"reception venue Bodakdev, reception hall near Bodakdev Ahmedabad, reception venue near Bodakdev",Transactional (Hyper-local),High
Event + City Area,"Wedding Venues in Maninagar, Ahmedabad | VenueConnect",/ahmedabad/maninagar/wedding-venues/,"Best Wedding Venues in Maninagar, Ahmedabad | Book Near You - VenueConnect","Find the perfect wedding venue in Maninagar, Ahmedabad. Compare halls, farmhouses & party plots near Maninagar. Get instant leads & free quotes on VenueConnect.","Best Wedding Venues in Maninagar, Ahmedabad",wedding venues in Maninagar Ahmedabad,"wedding venue Maninagar, wedding hall near Maninagar Ahmedabad, wedding venue near Maninagar",Transactional (Hyper-local),High
Event + City Area,"Birthday Party Venues in Maninagar, Ahmedabad | VenueConnect",/ahmedabad/maninagar/birthday-party-venues/,"Best Birthday Party Venues in Maninagar, Ahmedabad | Book Near You - VenueConnect","Find the perfect birthday party venue in Maninagar, Ahmedabad. Compare halls, farmhouses & party plots near Maninagar. Get instant leads & free quotes on VenueConnect.","Best Birthday Party Venues in Maninagar, Ahmedabad",birthday party venues in Maninagar Ahmedabad,"birthday party venue Maninagar, birthday party hall near Maninagar Ahmedabad, birthday party venue near Maninagar",Transactional (Hyper-local),High
Event + City Area,"Engagement Venues in Maninagar, Ahmedabad | VenueConnect",/ahmedabad/maninagar/engagement-venues/,"Best Engagement Venues in Maninagar, Ahmedabad | Book Near You - VenueConnect","Find the perfect engagement venue in Maninagar, Ahmedabad. Compare halls, farmhouses & party plots near Maninagar. Get instant leads & free quotes on VenueConnect.","Best Engagement Venues in Maninagar, Ahmedabad",engagement venues in Maninagar Ahmedabad,"engagement venue Maninagar, engagement hall near Maninagar Ahmedabad, engagement venue near Maninagar",Transactional (Hyper-local),High
Event + City Area,"Corporate Event Venues in Maninagar, Ahmedabad | VenueConnect",/ahmedabad/maninagar/corporate-event-venues/,"Best Corporate Event Venues in Maninagar, Ahmedabad | Book Near You - VenueConnect","Find the perfect corporate event venue in Maninagar, Ahmedabad. Compare halls, farmhouses & party plots near Maninagar. Get instant leads & free quotes on VenueConnect.","Best Corporate Event Venues in Maninagar, Ahmedabad",corporate event venues in Maninagar Ahmedabad,"corporate event venue Maninagar, corporate event hall near Maninagar Ahmedabad, corporate event venue near Maninagar",Transactional (Hyper-local),High
Event + City Area,"Reception Venues in Maninagar, Ahmedabad | VenueConnect",/ahmedabad/maninagar/reception-venues/,"Best Reception Venues in Maninagar, Ahmedabad | Book Near You - VenueConnect","Find the perfect reception venue in Maninagar, Ahmedabad. Compare halls, farmhouses & party plots near Maninagar. Get instant leads & free quotes on VenueConnect.","Best Reception Venues in Maninagar, Ahmedabad",reception venues in Maninagar Ahmedabad,"reception venue Maninagar, reception hall near Maninagar Ahmedabad, reception venue near Maninagar",Transactional (Hyper-local),High
Event + City Area,"Wedding Venues in Naranpura, Ahmedabad | VenueConnect",/ahmedabad/naranpura/wedding-venues/,"Best Wedding Venues in Naranpura, Ahmedabad | Book Near You - VenueConnect","Find the perfect wedding venue in Naranpura, Ahmedabad. Compare halls, farmhouses & party plots near Naranpura. Get instant leads & free quotes on VenueConnect.","Best Wedding Venues in Naranpura, Ahmedabad",wedding venues in Naranpura Ahmedabad,"wedding venue Naranpura, wedding hall near Naranpura Ahmedabad, wedding venue near Naranpura",Transactional (Hyper-local),High
Event + City Area,"Birthday Party Venues in Naranpura, Ahmedabad | VenueConnect",/ahmedabad/naranpura/birthday-party-venues/,"Best Birthday Party Venues in Naranpura, Ahmedabad | Book Near You - VenueConnect","Find the perfect birthday party venue in Naranpura, Ahmedabad. Compare halls, farmhouses & party plots near Naranpura. Get instant leads & free quotes on VenueConnect.","Best Birthday Party Venues in Naranpura, Ahmedabad",birthday party venues in Naranpura Ahmedabad,"birthday party venue Naranpura, birthday party hall near Naranpura Ahmedabad, birthday party venue near Naranpura",Transactional (Hyper-local),High
Event + City Area,"Engagement Venues in Naranpura, Ahmedabad | VenueConnect",/ahmedabad/naranpura/engagement-venues/,"Best Engagement Venues in Naranpura, Ahmedabad | Book Near You - VenueConnect","Find the perfect engagement venue in Naranpura, Ahmedabad. Compare halls, farmhouses & party plots near Naranpura. Get instant leads & free quotes on VenueConnect.","Best Engagement Venues in Naranpura, Ahmedabad",engagement venues in Naranpura Ahmedabad,"engagement venue Naranpura, engagement hall near Naranpura Ahmedabad, engagement venue near Naranpura",Transactional (Hyper-local),High
Event + City Area,"Corporate Event Venues in Naranpura, Ahmedabad | VenueConnect",/ahmedabad/naranpura/corporate-event-venues/,"Best Corporate Event Venues in Naranpura, Ahmedabad | Book Near You - VenueConnect","Find the perfect corporate event venue in Naranpura, Ahmedabad. Compare halls, farmhouses & party plots near Naranpura. Get instant leads & free quotes on VenueConnect.","Best Corporate Event Venues in Naranpura, Ahmedabad",corporate event venues in Naranpura Ahmedabad,"corporate event venue Naranpura, corporate event hall near Naranpura Ahmedabad, corporate event venue near Naranpura",Transactional (Hyper-local),High
Event + City Area,"Reception Venues in Naranpura, Ahmedabad | VenueConnect",/ahmedabad/naranpura/reception-venues/,"Best Reception Venues in Naranpura, Ahmedabad | Book Near You - VenueConnect","Find the perfect reception venue in Naranpura, Ahmedabad. Compare halls, farmhouses & party plots near Naranpura. Get instant leads & free quotes on VenueConnect.","Best Reception Venues in Naranpura, Ahmedabad",reception venues in Naranpura Ahmedabad,"reception venue Naranpura, reception hall near Naranpura Ahmedabad, reception venue near Naranpura",Transactional (Hyper-local),High
Event + City Area,"Wedding Venues in Chandkheda, Ahmedabad | VenueConnect",/ahmedabad/chandkheda/wedding-venues/,"Best Wedding Venues in Chandkheda, Ahmedabad | Book Near You - VenueConnect","Find the perfect wedding venue in Chandkheda, Ahmedabad. Compare halls, farmhouses & party plots near Chandkheda. Get instant leads & free quotes on VenueConnect.","Best Wedding Venues in Chandkheda, Ahmedabad",wedding venues in Chandkheda Ahmedabad,"wedding venue Chandkheda, wedding hall near Chandkheda Ahmedabad, wedding venue near Chandkheda",Transactional (Hyper-local),High
Event + City Area,"Birthday Party Venues in Chandkheda, Ahmedabad | VenueConnect",/ahmedabad/chandkheda/birthday-party-venues/,"Best Birthday Party Venues in Chandkheda, Ahmedabad | Book Near You - VenueConnect","Find the perfect birthday party venue in Chandkheda, Ahmedabad. Compare halls, farmhouses & party plots near Chandkheda. Get instant leads & free quotes on VenueConnect.","Best Birthday Party Venues in Chandkheda, Ahmedabad",birthday party venues in Chandkheda Ahmedabad,"birthday party venue Chandkheda, birthday party hall near Chandkheda Ahmedabad, birthday party venue near Chandkheda",Transactional (Hyper-local),High
Event + City Area,"Engagement Venues in Chandkheda, Ahmedabad | VenueConnect",/ahmedabad/chandkheda/engagement-venues/,"Best Engagement Venues in Chandkheda, Ahmedabad | Book Near You - VenueConnect","Find the perfect engagement venue in Chandkheda, Ahmedabad. Compare halls, farmhouses & party plots near Chandkheda. Get instant leads & free quotes on VenueConnect.","Best Engagement Venues in Chandkheda, Ahmedabad",engagement venues in Chandkheda Ahmedabad,"engagement venue Chandkheda, engagement hall near Chandkheda Ahmedabad, engagement venue near Chandkheda",Transactional (Hyper-local),High
Event + City Area,"Corporate Event Venues in Chandkheda, Ahmedabad | VenueConnect",/ahmedabad/chandkheda/corporate-event-venues/,"Best Corporate Event Venues in Chandkheda, Ahmedabad | Book Near You - VenueConnect","Find the perfect corporate event venue in Chandkheda, Ahmedabad. Compare halls, farmhouses & party plots near Chandkheda. Get instant leads & free quotes on VenueConnect.","Best Corporate Event Venues in Chandkheda, Ahmedabad",corporate event venues in Chandkheda Ahmedabad,"corporate event venue Chandkheda, corporate event hall near Chandkheda Ahmedabad, corporate event venue near Chandkheda",Transactional (Hyper-local),High
Event + City Area,"Reception Venues in Chandkheda, Ahmedabad | VenueConnect",/ahmedabad/chandkheda/reception-venues/,"Best Reception Venues in Chandkheda, Ahmedabad | Book Near You - VenueConnect","Find the perfect reception venue in Chandkheda, Ahmedabad. Compare halls, farmhouses & party plots near Chandkheda. Get instant leads & free quotes on VenueConnect.","Best Reception Venues in Chandkheda, Ahmedabad",reception venues in Chandkheda Ahmedabad,"reception venue Chandkheda, reception hall near Chandkheda Ahmedabad, reception venue near Chandkheda",Transactional (Hyper-local),High
Event + City Area,"Wedding Venues in Gota, Ahmedabad | VenueConnect",/ahmedabad/gota/wedding-venues/,"Best Wedding Venues in Gota, Ahmedabad | Book Near You - VenueConnect","Find the perfect wedding venue in Gota, Ahmedabad. Compare halls, farmhouses & party plots near Gota. Get instant leads & free quotes on VenueConnect.","Best Wedding Venues in Gota, Ahmedabad",wedding venues in Gota Ahmedabad,"wedding venue Gota, wedding hall near Gota Ahmedabad, wedding venue near Gota",Transactional (Hyper-local),High
Event + City Area,"Birthday Party Venues in Gota, Ahmedabad | VenueConnect",/ahmedabad/gota/birthday-party-venues/,"Best Birthday Party Venues in Gota, Ahmedabad | Book Near You - VenueConnect","Find the perfect birthday party venue in Gota, Ahmedabad. Compare halls, farmhouses & party plots near Gota. Get instant leads & free quotes on VenueConnect.","Best Birthday Party Venues in Gota, Ahmedabad",birthday party venues in Gota Ahmedabad,"birthday party venue Gota, birthday party hall near Gota Ahmedabad, birthday party venue near Gota",Transactional (Hyper-local),High
Event + City Area,"Engagement Venues in Gota, Ahmedabad | VenueConnect",/ahmedabad/gota/engagement-venues/,"Best Engagement Venues in Gota, Ahmedabad | Book Near You - VenueConnect","Find the perfect engagement venue in Gota, Ahmedabad. Compare halls, farmhouses & party plots near Gota. Get instant leads & free quotes on VenueConnect.","Best Engagement Venues in Gota, Ahmedabad",engagement venues in Gota Ahmedabad,"engagement venue Gota, engagement hall near Gota Ahmedabad, engagement venue near Gota",Transactional (Hyper-local),High
Event + City Area,"Corporate Event Venues in Gota, Ahmedabad | VenueConnect",/ahmedabad/gota/corporate-event-venues/,"Best Corporate Event Venues in Gota, Ahmedabad | Book Near You - VenueConnect","Find the perfect corporate event venue in Gota, Ahmedabad. Compare halls, farmhouses & party plots near Gota. Get instant leads & free quotes on VenueConnect.","Best Corporate Event Venues in Gota, Ahmedabad",corporate event venues in Gota Ahmedabad,"corporate event venue Gota, corporate event hall near Gota Ahmedabad, corporate event venue near Gota",Transactional (Hyper-local),High
Event + City Area,"Reception Venues in Gota, Ahmedabad | VenueConnect",/ahmedabad/gota/reception-venues/,"Best Reception Venues in Gota, Ahmedabad | Book Near You - VenueConnect","Find the perfect reception venue in Gota, Ahmedabad. Compare halls, farmhouses & party plots near Gota. Get instant leads & free quotes on VenueConnect.","Best Reception Venues in Gota, Ahmedabad",reception venues in Gota Ahmedabad,"reception venue Gota, reception hall near Gota Ahmedabad, reception venue near Gota",Transactional (Hyper-local),High
Event + City Area,"Wedding Venues in Nikol, Ahmedabad | VenueConnect",/ahmedabad/nikol/wedding-venues/,"Best Wedding Venues in Nikol, Ahmedabad | Book Near You - VenueConnect","Find the perfect wedding venue in Nikol, Ahmedabad. Compare halls, farmhouses & party plots near Nikol. Get instant leads & free quotes on VenueConnect.","Best Wedding Venues in Nikol, Ahmedabad",wedding venues in Nikol Ahmedabad,"wedding venue Nikol, wedding hall near Nikol Ahmedabad, wedding venue near Nikol",Transactional (Hyper-local),High
Event + City Area,"Birthday Party Venues in Nikol, Ahmedabad | VenueConnect",/ahmedabad/nikol/birthday-party-venues/,"Best Birthday Party Venues in Nikol, Ahmedabad | Book Near You - VenueConnect","Find the perfect birthday party venue in Nikol, Ahmedabad. Compare halls, farmhouses & party plots near Nikol. Get instant leads & free quotes on VenueConnect.","Best Birthday Party Venues in Nikol, Ahmedabad",birthday party venues in Nikol Ahmedabad,"birthday party venue Nikol, birthday party hall near Nikol Ahmedabad, birthday party venue near Nikol",Transactional (Hyper-local),High
Event + City Area,"Engagement Venues in Nikol, Ahmedabad | VenueConnect",/ahmedabad/nikol/engagement-venues/,"Best Engagement Venues in Nikol, Ahmedabad | Book Near You - VenueConnect","Find the perfect engagement venue in Nikol, Ahmedabad. Compare halls, farmhouses & party plots near Nikol. Get instant leads & free quotes on VenueConnect.","Best Engagement Venues in Nikol, Ahmedabad",engagement venues in Nikol Ahmedabad,"engagement venue Nikol, engagement hall near Nikol Ahmedabad, engagement venue near Nikol",Transactional (Hyper-local),High
Event + City Area,"Corporate Event Venues in Nikol, Ahmedabad | VenueConnect",/ahmedabad/nikol/corporate-event-venues/,"Best Corporate Event Venues in Nikol, Ahmedabad | Book Near You - VenueConnect","Find the perfect corporate event venue in Nikol, Ahmedabad. Compare halls, farmhouses & party plots near Nikol. Get instant leads & free quotes on VenueConnect.","Best Corporate Event Venues in Nikol, Ahmedabad",corporate event venues in Nikol Ahmedabad,"corporate event venue Nikol, corporate event hall near Nikol Ahmedabad, corporate event venue near Nikol",Transactional (Hyper-local),High
Event + City Area,"Reception Venues in Nikol, Ahmedabad | VenueConnect",/ahmedabad/nikol/reception-venues/,"Best Reception Venues in Nikol, Ahmedabad | Book Near You - VenueConnect","Find the perfect reception venue in Nikol, Ahmedabad. Compare halls, farmhouses & party plots near Nikol. Get instant leads & free quotes on VenueConnect.","Best Reception Venues in Nikol, Ahmedabad",reception venues in Nikol Ahmedabad,"reception venue Nikol, reception hall near Nikol Ahmedabad, reception venue near Nikol",Transactional (Hyper-local),High
Event + City Area,"Wedding Venues in Vastral, Ahmedabad | VenueConnect",/ahmedabad/vastral/wedding-venues/,"Best Wedding Venues in Vastral, Ahmedabad | Book Near You - VenueConnect","Find the perfect wedding venue in Vastral, Ahmedabad. Compare halls, farmhouses & party plots near Vastral. Get instant leads & free quotes on VenueConnect.","Best Wedding Venues in Vastral, Ahmedabad",wedding venues in Vastral Ahmedabad,"wedding venue Vastral, wedding hall near Vastral Ahmedabad, wedding venue near Vastral",Transactional (Hyper-local),High
Event + City Area,"Birthday Party Venues in Vastral, Ahmedabad | VenueConnect",/ahmedabad/vastral/birthday-party-venues/,"Best Birthday Party Venues in Vastral, Ahmedabad | Book Near You - VenueConnect","Find the perfect birthday party venue in Vastral, Ahmedabad. Compare halls, farmhouses & party plots near Vastral. Get instant leads & free quotes on VenueConnect.","Best Birthday Party Venues in Vastral, Ahmedabad",birthday party venues in Vastral Ahmedabad,"birthday party venue Vastral, birthday party hall near Vastral Ahmedabad, birthday party venue near Vastral",Transactional (Hyper-local),High
Event + City Area,"Engagement Venues in Vastral, Ahmedabad | VenueConnect",/ahmedabad/vastral/engagement-venues/,"Best Engagement Venues in Vastral, Ahmedabad | Book Near You - VenueConnect","Find the perfect engagement venue in Vastral, Ahmedabad. Compare halls, farmhouses & party plots near Vastral. Get instant leads & free quotes on VenueConnect.","Best Engagement Venues in Vastral, Ahmedabad",engagement venues in Vastral Ahmedabad,"engagement venue Vastral, engagement hall near Vastral Ahmedabad, engagement venue near Vastral",Transactional (Hyper-local),High
Event + City Area,"Corporate Event Venues in Vastral, Ahmedabad | VenueConnect",/ahmedabad/vastral/corporate-event-venues/,"Best Corporate Event Venues in Vastral, Ahmedabad | Book Near You - VenueConnect","Find the perfect corporate event venue in Vastral, Ahmedabad. Compare halls, farmhouses & party plots near Vastral. Get instant leads & free quotes on VenueConnect.","Best Corporate Event Venues in Vastral, Ahmedabad",corporate event venues in Vastral Ahmedabad,"corporate event venue Vastral, corporate event hall near Vastral Ahmedabad, corporate event venue near Vastral",Transactional (Hyper-local),High
Event + City Area,"Reception Venues in Vastral, Ahmedabad | VenueConnect",/ahmedabad/vastral/reception-venues/,"Best Reception Venues in Vastral, Ahmedabad | Book Near You - VenueConnect","Find the perfect reception venue in Vastral, Ahmedabad. Compare halls, farmhouses & party plots near Vastral. Get instant leads & free quotes on VenueConnect.","Best Reception Venues in Vastral, Ahmedabad",reception venues in Vastral Ahmedabad,"reception venue Vastral, reception hall near Vastral Ahmedabad, reception venue near Vastral",Transactional (Hyper-local),High
Event + City Area,"Wedding Venues in Motera, Ahmedabad | VenueConnect",/ahmedabad/motera/wedding-venues/,"Best Wedding Venues in Motera, Ahmedabad | Book Near You - VenueConnect","Find the perfect wedding venue in Motera, Ahmedabad. Compare halls, farmhouses & party plots near Motera. Get instant leads & free quotes on VenueConnect.","Best Wedding Venues in Motera, Ahmedabad",wedding venues in Motera Ahmedabad,"wedding venue Motera, wedding hall near Motera Ahmedabad, wedding venue near Motera",Transactional (Hyper-local),High
Event + City Area,"Birthday Party Venues in Motera, Ahmedabad | VenueConnect",/ahmedabad/motera/birthday-party-venues/,"Best Birthday Party Venues in Motera, Ahmedabad | Book Near You - VenueConnect","Find the perfect birthday party venue in Motera, Ahmedabad. Compare halls, farmhouses & party plots near Motera. Get instant leads & free quotes on VenueConnect.","Best Birthday Party Venues in Motera, Ahmedabad",birthday party venues in Motera Ahmedabad,"birthday party venue Motera, birthday party hall near Motera Ahmedabad, birthday party venue near Motera",Transactional (Hyper-local),High
Event + City Area,"Engagement Venues in Motera, Ahmedabad | VenueConnect",/ahmedabad/motera/engagement-venues/,"Best Engagement Venues in Motera, Ahmedabad | Book Near You - VenueConnect","Find the perfect engagement venue in Motera, Ahmedabad. Compare halls, farmhouses & party plots near Motera. Get instant leads & free quotes on VenueConnect.","Best Engagement Venues in Motera, Ahmedabad",engagement venues in Motera Ahmedabad,"engagement venue Motera, engagement hall near Motera Ahmedabad, engagement venue near Motera",Transactional (Hyper-local),High
Event + City Area,"Corporate Event Venues in Motera, Ahmedabad | VenueConnect",/ahmedabad/motera/corporate-event-venues/,"Best Corporate Event Venues in Motera, Ahmedabad | Book Near You - VenueConnect","Find the perfect corporate event venue in Motera, Ahmedabad. Compare halls, farmhouses & party plots near Motera. Get instant leads & free quotes on VenueConnect.","Best Corporate Event Venues in Motera, Ahmedabad",corporate event venues in Motera Ahmedabad,"corporate event venue Motera, corporate event hall near Motera Ahmedabad, corporate event venue near Motera",Transactional (Hyper-local),High
Event + City Area,"Reception Venues in Motera, Ahmedabad | VenueConnect",/ahmedabad/motera/reception-venues/,"Best Reception Venues in Motera, Ahmedabad | Book Near You - VenueConnect","Find the perfect reception venue in Motera, Ahmedabad. Compare halls, farmhouses & party plots near Motera. Get instant leads & free quotes on VenueConnect.","Best Reception Venues in Motera, Ahmedabad",reception venues in Motera Ahmedabad,"reception venue Motera, reception hall near Motera Ahmedabad, reception venue near Motera",Transactional (Hyper-local),High
Event + City Area,"Wedding Venues in Navrangpura, Ahmedabad | VenueConnect",/ahmedabad/navrangpura/wedding-venues/,"Best Wedding Venues in Navrangpura, Ahmedabad | Book Near You - VenueConnect","Find the perfect wedding venue in Navrangpura, Ahmedabad. Compare halls, farmhouses & party plots near Navrangpura. Get instant leads & free quotes on VenueConnect.","Best Wedding Venues in Navrangpura, Ahmedabad",wedding venues in Navrangpura Ahmedabad,"wedding venue Navrangpura, wedding hall near Navrangpura Ahmedabad, wedding venue near Navrangpura",Transactional (Hyper-local),High
Event + City Area,"Birthday Party Venues in Navrangpura, Ahmedabad | VenueConnect",/ahmedabad/navrangpura/birthday-party-venues/,"Best Birthday Party Venues in Navrangpura, Ahmedabad | Book Near You - VenueConnect","Find the perfect birthday party venue in Navrangpura, Ahmedabad. Compare halls, farmhouses & party plots near Navrangpura. Get instant leads & free quotes on VenueConnect.","Best Birthday Party Venues in Navrangpura, Ahmedabad",birthday party venues in Navrangpura Ahmedabad,"birthday party venue Navrangpura, birthday party hall near Navrangpura Ahmedabad, birthday party venue near Navrangpura",Transactional (Hyper-local),High
Event + City Area,"Engagement Venues in Navrangpura, Ahmedabad | VenueConnect",/ahmedabad/navrangpura/engagement-venues/,"Best Engagement Venues in Navrangpura, Ahmedabad | Book Near You - VenueConnect","Find the perfect engagement venue in Navrangpura, Ahmedabad. Compare halls, farmhouses & party plots near Navrangpura. Get instant leads & free quotes on VenueConnect.","Best Engagement Venues in Navrangpura, Ahmedabad",engagement venues in Navrangpura Ahmedabad,"engagement venue Navrangpura, engagement hall near Navrangpura Ahmedabad, engagement venue near Navrangpura",Transactional (Hyper-local),High
Event + City Area,"Corporate Event Venues in Navrangpura, Ahmedabad | VenueConnect",/ahmedabad/navrangpura/corporate-event-venues/,"Best Corporate Event Venues in Navrangpura, Ahmedabad | Book Near You - VenueConnect","Find the perfect corporate event venue in Navrangpura, Ahmedabad. Compare halls, farmhouses & party plots near Navrangpura. Get instant leads & free quotes on VenueConnect.","Best Corporate Event Venues in Navrangpura, Ahmedabad",corporate event venues in Navrangpura Ahmedabad,"corporate event venue Navrangpura, corporate event hall near Navrangpura Ahmedabad, corporate event venue near Navrangpura",Transactional (Hyper-local),High
Event + City Area,"Reception Venues in Navrangpura, Ahmedabad | VenueConnect",/ahmedabad/navrangpura/reception-venues/,"Best Reception Venues in Navrangpura, Ahmedabad | Book Near You - VenueConnect","Find the perfect reception venue in Navrangpura, Ahmedabad. Compare halls, farmhouses & party plots near Navrangpura. Get instant leads & free quotes on VenueConnect.","Best Reception Venues in Navrangpura, Ahmedabad",reception venues in Navrangpura Ahmedabad,"reception venue Navrangpura, reception hall near Navrangpura Ahmedabad, reception venue near Navrangpura",Transactional (Hyper-local),High
Event + City Area,"Wedding Venues in Ambawadi, Ahmedabad | VenueConnect",/ahmedabad/ambawadi/wedding-venues/,"Best Wedding Venues in Ambawadi, Ahmedabad | Book Near You - VenueConnect","Find the perfect wedding venue in Ambawadi, Ahmedabad. Compare halls, farmhouses & party plots near Ambawadi. Get instant leads & free quotes on VenueConnect.","Best Wedding Venues in Ambawadi, Ahmedabad",wedding venues in Ambawadi Ahmedabad,"wedding venue Ambawadi, wedding hall near Ambawadi Ahmedabad, wedding venue near Ambawadi",Transactional (Hyper-local),High
Event + City Area,"Birthday Party Venues in Ambawadi, Ahmedabad | VenueConnect",/ahmedabad/ambawadi/birthday-party-venues/,"Best Birthday Party Venues in Ambawadi, Ahmedabad | Book Near You - VenueConnect","Find the perfect birthday party venue in Ambawadi, Ahmedabad. Compare halls, farmhouses & party plots near Ambawadi. Get instant leads & free quotes on VenueConnect.","Best Birthday Party Venues in Ambawadi, Ahmedabad",birthday party venues in Ambawadi Ahmedabad,"birthday party venue Ambawadi, birthday party hall near Ambawadi Ahmedabad, birthday party venue near Ambawadi",Transactional (Hyper-local),High
Event + City Area,"Engagement Venues in Ambawadi, Ahmedabad | VenueConnect",/ahmedabad/ambawadi/engagement-venues/,"Best Engagement Venues in Ambawadi, Ahmedabad | Book Near You - VenueConnect","Find the perfect engagement venue in Ambawadi, Ahmedabad. Compare halls, farmhouses & party plots near Ambawadi. Get instant leads & free quotes on VenueConnect.","Best Engagement Venues in Ambawadi, Ahmedabad",engagement venues in Ambawadi Ahmedabad,"engagement venue Ambawadi, engagement hall near Ambawadi Ahmedabad, engagement venue near Ambawadi",Transactional (Hyper-local),High
Event + City Area,"Corporate Event Venues in Ambawadi, Ahmedabad | VenueConnect",/ahmedabad/ambawadi/corporate-event-venues/,"Best Corporate Event Venues in Ambawadi, Ahmedabad | Book Near You - VenueConnect","Find the perfect corporate event venue in Ambawadi, Ahmedabad. Compare halls, farmhouses & party plots near Ambawadi. Get instant leads & free quotes on VenueConnect.","Best Corporate Event Venues in Ambawadi, Ahmedabad",corporate event venues in Ambawadi Ahmedabad,"corporate event venue Ambawadi, corporate event hall near Ambawadi Ahmedabad, corporate event venue near Ambawadi",Transactional (Hyper-local),High
Event + City Area,"Reception Venues in Ambawadi, Ahmedabad | VenueConnect",/ahmedabad/ambawadi/reception-venues/,"Best Reception Venues in Ambawadi, Ahmedabad | Book Near You - VenueConnect","Find the perfect reception venue in Ambawadi, Ahmedabad. Compare halls, farmhouses & party plots near Ambawadi. Get instant leads & free quotes on VenueConnect.","Best Reception Venues in Ambawadi, Ahmedabad",reception venues in Ambawadi Ahmedabad,"reception venue Ambawadi, reception hall near Ambawadi Ahmedabad, reception venue near Ambawadi",Transactional (Hyper-local),High
Event + City Area,"Wedding Venues in Ashram Road, Ahmedabad | VenueConnect",/ahmedabad/ashram-road/wedding-venues/,"Best Wedding Venues in Ashram Road, Ahmedabad | Book Near You - VenueConnect","Find the perfect wedding venue in Ashram Road, Ahmedabad. Compare halls, farmhouses & party plots near Ashram Road. Get instant leads & free quotes on VenueConnect.","Best Wedding Venues in Ashram Road, Ahmedabad",wedding venues in Ashram Road Ahmedabad,"wedding venue Ashram Road, wedding hall near Ashram Road Ahmedabad, wedding venue near Ashram Road",Transactional (Hyper-local),High
Event + City Area,"Birthday Party Venues in Ashram Road, Ahmedabad | VenueConnect",/ahmedabad/ashram-road/birthday-party-venues/,"Best Birthday Party Venues in Ashram Road, Ahmedabad | Book Near You - VenueConnect","Find the perfect birthday party venue in Ashram Road, Ahmedabad. Compare halls, farmhouses & party plots near Ashram Road. Get instant leads & free quotes on VenueConnect.","Best Birthday Party Venues in Ashram Road, Ahmedabad",birthday party venues in Ashram Road Ahmedabad,"birthday party venue Ashram Road, birthday party hall near Ashram Road Ahmedabad, birthday party venue near Ashram Road",Transactional (Hyper-local),High
Event + City Area,"Engagement Venues in Ashram Road, Ahmedabad | VenueConnect",/ahmedabad/ashram-road/engagement-venues/,"Best Engagement Venues in Ashram Road, Ahmedabad | Book Near You - VenueConnect","Find the perfect engagement venue in Ashram Road, Ahmedabad. Compare halls, farmhouses & party plots near Ashram Road. Get instant leads & free quotes on VenueConnect.","Best Engagement Venues in Ashram Road, Ahmedabad",engagement venues in Ashram Road Ahmedabad,"engagement venue Ashram Road, engagement hall near Ashram Road Ahmedabad, engagement venue near Ashram Road",Transactional (Hyper-local),High
Event + City Area,"Corporate Event Venues in Ashram Road, Ahmedabad | VenueConnect",/ahmedabad/ashram-road/corporate-event-venues/,"Best Corporate Event Venues in Ashram Road, Ahmedabad | Book Near You - VenueConnect","Find the perfect corporate event venue in Ashram Road, Ahmedabad. Compare halls, farmhouses & party plots near Ashram Road. Get instant leads & free quotes on VenueConnect.","Best Corporate Event Venues in Ashram Road, Ahmedabad",corporate event venues in Ashram Road Ahmedabad,"corporate event venue Ashram Road, corporate event hall near Ashram Road Ahmedabad, corporate event venue near Ashram Road",Transactional (Hyper-local),High
Event + City Area,"Reception Venues in Ashram Road, Ahmedabad | VenueConnect",/ahmedabad/ashram-road/reception-venues/,"Best Reception Venues in Ashram Road, Ahmedabad | Book Near You - VenueConnect","Find the perfect reception venue in Ashram Road, Ahmedabad. Compare halls, farmhouses & party plots near Ashram Road. Get instant leads & free quotes on VenueConnect.","Best Reception Venues in Ashram Road, Ahmedabad",reception venues in Ashram Road Ahmedabad,"reception venue Ashram Road, reception hall near Ashram Road Ahmedabad, reception venue near Ashram Road",Transactional (Hyper-local),High
Event + City Area,"Wedding Venues in CG Road, Ahmedabad | VenueConnect",/ahmedabad/cg-road/wedding-venues/,"Best Wedding Venues in CG Road, Ahmedabad | Book Near You - VenueConnect","Find the perfect wedding venue in CG Road, Ahmedabad. Compare halls, farmhouses & party plots near CG Road. Get instant leads & free quotes on VenueConnect.","Best Wedding Venues in CG Road, Ahmedabad",wedding venues in CG Road Ahmedabad,"wedding venue CG Road, wedding hall near CG Road Ahmedabad, wedding venue near CG Road",Transactional (Hyper-local),High
Event + City Area,"Birthday Party Venues in CG Road, Ahmedabad | VenueConnect",/ahmedabad/cg-road/birthday-party-venues/,"Best Birthday Party Venues in CG Road, Ahmedabad | Book Near You - VenueConnect","Find the perfect birthday party venue in CG Road, Ahmedabad. Compare halls, farmhouses & party plots near CG Road. Get instant leads & free quotes on VenueConnect.","Best Birthday Party Venues in CG Road, Ahmedabad",birthday party venues in CG Road Ahmedabad,"birthday party venue CG Road, birthday party hall near CG Road Ahmedabad, birthday party venue near CG Road",Transactional (Hyper-local),High
Event + City Area,"Engagement Venues in CG Road, Ahmedabad | VenueConnect",/ahmedabad/cg-road/engagement-venues/,"Best Engagement Venues in CG Road, Ahmedabad | Book Near You - VenueConnect","Find the perfect engagement venue in CG Road, Ahmedabad. Compare halls, farmhouses & party plots near CG Road. Get instant leads & free quotes on VenueConnect.","Best Engagement Venues in CG Road, Ahmedabad",engagement venues in CG Road Ahmedabad,"engagement venue CG Road, engagement hall near CG Road Ahmedabad, engagement venue near CG Road",Transactional (Hyper-local),High
Event + City Area,"Corporate Event Venues in CG Road, Ahmedabad | VenueConnect",/ahmedabad/cg-road/corporate-event-venues/,"Best Corporate Event Venues in CG Road, Ahmedabad | Book Near You - VenueConnect","Find the perfect corporate event venue in CG Road, Ahmedabad. Compare halls, farmhouses & party plots near CG Road. Get instant leads & free quotes on VenueConnect.","Best Corporate Event Venues in CG Road, Ahmedabad",corporate event venues in CG Road Ahmedabad,"corporate event venue CG Road, corporate event hall near CG Road Ahmedabad, corporate event venue near CG Road",Transactional (Hyper-local),High
Event + City Area,"Reception Venues in CG Road, Ahmedabad | VenueConnect",/ahmedabad/cg-road/reception-venues/,"Best Reception Venues in CG Road, Ahmedabad | Book Near You - VenueConnect","Find the perfect reception venue in CG Road, Ahmedabad. Compare halls, farmhouses & party plots near CG Road. Get instant leads & free quotes on VenueConnect.","Best Reception Venues in CG Road, Ahmedabad",reception venues in CG Road Ahmedabad,"reception venue CG Road, reception hall near CG Road Ahmedabad, reception venue near CG Road",Transactional (Hyper-local),High
Event + City Area,"Wedding Venues in Drive In Road, Ahmedabad | VenueConnect",/ahmedabad/drive-in-road/wedding-venues/,"Best Wedding Venues in Drive In Road, Ahmedabad | Book Near You - VenueConnect","Find the perfect wedding venue in Drive In Road, Ahmedabad. Compare halls, farmhouses & party plots near Drive In Road. Get instant leads & free quotes on VenueConnect.","Best Wedding Venues in Drive In Road, Ahmedabad",wedding venues in Drive In Road Ahmedabad,"wedding venue Drive In Road, wedding hall near Drive In Road Ahmedabad, wedding venue near Drive In Road",Transactional (Hyper-local),High
Event + City Area,"Birthday Party Venues in Drive In Road, Ahmedabad | VenueConnect",/ahmedabad/drive-in-road/birthday-party-venues/,"Best Birthday Party Venues in Drive In Road, Ahmedabad | Book Near You - VenueConnect","Find the perfect birthday party venue in Drive In Road, Ahmedabad. Compare halls, farmhouses & party plots near Drive In Road. Get instant leads & free quotes on VenueConnect.","Best Birthday Party Venues in Drive In Road, Ahmedabad",birthday party venues in Drive In Road Ahmedabad,"birthday party venue Drive In Road, birthday party hall near Drive In Road Ahmedabad, birthday party venue near Drive In Road",Transactional (Hyper-local),High
Event + City Area,"Engagement Venues in Drive In Road, Ahmedabad | VenueConnect",/ahmedabad/drive-in-road/engagement-venues/,"Best Engagement Venues in Drive In Road, Ahmedabad | Book Near You - VenueConnect","Find the perfect engagement venue in Drive In Road, Ahmedabad. Compare halls, farmhouses & party plots near Drive In Road. Get instant leads & free quotes on VenueConnect.","Best Engagement Venues in Drive In Road, Ahmedabad",engagement venues in Drive In Road Ahmedabad,"engagement venue Drive In Road, engagement hall near Drive In Road Ahmedabad, engagement venue near Drive In Road",Transactional (Hyper-local),High
Event + City Area,"Corporate Event Venues in Drive In Road, Ahmedabad | VenueConnect",/ahmedabad/drive-in-road/corporate-event-venues/,"Best Corporate Event Venues in Drive In Road, Ahmedabad | Book Near You - VenueConnect","Find the perfect corporate event venue in Drive In Road, Ahmedabad. Compare halls, farmhouses & party plots near Drive In Road. Get instant leads & free quotes on VenueConnect.","Best Corporate Event Venues in Drive In Road, Ahmedabad",corporate event venues in Drive In Road Ahmedabad,"corporate event venue Drive In Road, corporate event hall near Drive In Road Ahmedabad, corporate event venue near Drive In Road",Transactional (Hyper-local),High
Event + City Area,"Reception Venues in Drive In Road, Ahmedabad | VenueConnect",/ahmedabad/drive-in-road/reception-venues/,"Best Reception Venues in Drive In Road, Ahmedabad | Book Near You - VenueConnect","Find the perfect reception venue in Drive In Road, Ahmedabad. Compare halls, farmhouses & party plots near Drive In Road. Get instant leads & free quotes on VenueConnect.","Best Reception Venues in Drive In Road, Ahmedabad",reception venues in Drive In Road Ahmedabad,"reception venue Drive In Road, reception hall near Drive In Road Ahmedabad, reception venue near Drive In Road",Transactional (Hyper-local),High
Event + City Area,"Wedding Venues in Ellisbridge, Ahmedabad | VenueConnect",/ahmedabad/ellisbridge/wedding-venues/,"Best Wedding Venues in Ellisbridge, Ahmedabad | Book Near You - VenueConnect","Find the perfect wedding venue in Ellisbridge, Ahmedabad. Compare halls, farmhouses & party plots near Ellisbridge. Get instant leads & free quotes on VenueConnect.","Best Wedding Venues in Ellisbridge, Ahmedabad",wedding venues in Ellisbridge Ahmedabad,"wedding venue Ellisbridge, wedding hall near Ellisbridge Ahmedabad, wedding venue near Ellisbridge",Transactional (Hyper-local),High
Event + City Area,"Birthday Party Venues in Ellisbridge, Ahmedabad | VenueConnect",/ahmedabad/ellisbridge/birthday-party-venues/,"Best Birthday Party Venues in Ellisbridge, Ahmedabad | Book Near You - VenueConnect","Find the perfect birthday party venue in Ellisbridge, Ahmedabad. Compare halls, farmhouses & party plots near Ellisbridge. Get instant leads & free quotes on VenueConnect.","Best Birthday Party Venues in Ellisbridge, Ahmedabad",birthday party venues in Ellisbridge Ahmedabad,"birthday party venue Ellisbridge, birthday party hall near Ellisbridge Ahmedabad, birthday party venue near Ellisbridge",Transactional (Hyper-local),High
Event + City Area,"Engagement Venues in Ellisbridge, Ahmedabad | VenueConnect",/ahmedabad/ellisbridge/engagement-venues/,"Best Engagement Venues in Ellisbridge, Ahmedabad | Book Near You - VenueConnect","Find the perfect engagement venue in Ellisbridge, Ahmedabad. Compare halls, farmhouses & party plots near Ellisbridge. Get instant leads & free quotes on VenueConnect.","Best Engagement Venues in Ellisbridge, Ahmedabad",engagement venues in Ellisbridge Ahmedabad,"engagement venue Ellisbridge, engagement hall near Ellisbridge Ahmedabad, engagement venue near Ellisbridge",Transactional (Hyper-local),High
Event + City Area,"Corporate Event Venues in Ellisbridge, Ahmedabad | VenueConnect",/ahmedabad/ellisbridge/corporate-event-venues/,"Best Corporate Event Venues in Ellisbridge, Ahmedabad | Book Near You - VenueConnect","Find the perfect corporate event venue in Ellisbridge, Ahmedabad. Compare halls, farmhouses & party plots near Ellisbridge. Get instant leads & free quotes on VenueConnect.","Best Corporate Event Venues in Ellisbridge, Ahmedabad",corporate event venues in Ellisbridge Ahmedabad,"corporate event venue Ellisbridge, corporate event hall near Ellisbridge Ahmedabad, corporate event venue near Ellisbridge",Transactional (Hyper-local),High
Event + City Area,"Reception Venues in Ellisbridge, Ahmedabad | VenueConnect",/ahmedabad/ellisbridge/reception-venues/,"Best Reception Venues in Ellisbridge, Ahmedabad | Book Near You - VenueConnect","Find the perfect reception venue in Ellisbridge, Ahmedabad. Compare halls, farmhouses & party plots near Ellisbridge. Get instant leads & free quotes on VenueConnect.","Best Reception Venues in Ellisbridge, Ahmedabad",reception venues in Ellisbridge Ahmedabad,"reception venue Ellisbridge, reception hall near Ellisbridge Ahmedabad, reception venue near Ellisbridge",Transactional (Hyper-local),High
Event + City Area,"Wedding Venues in Gheekanta, Ahmedabad | VenueConnect",/ahmedabad/gheekanta/wedding-venues/,"Best Wedding Venues in Gheekanta, Ahmedabad | Book Near You - VenueConnect","Find the perfect wedding venue in Gheekanta, Ahmedabad. Compare halls, farmhouses & party plots near Gheekanta. Get instant leads & free quotes on VenueConnect.","Best Wedding Venues in Gheekanta, Ahmedabad",wedding venues in Gheekanta Ahmedabad,"wedding venue Gheekanta, wedding hall near Gheekanta Ahmedabad, wedding venue near Gheekanta",Transactional (Hyper-local),High
Event + City Area,"Birthday Party Venues in Gheekanta, Ahmedabad | VenueConnect",/ahmedabad/gheekanta/birthday-party-venues/,"Best Birthday Party Venues in Gheekanta, Ahmedabad | Book Near You - VenueConnect","Find the perfect birthday party venue in Gheekanta, Ahmedabad. Compare halls, farmhouses & party plots near Gheekanta. Get instant leads & free quotes on VenueConnect.","Best Birthday Party Venues in Gheekanta, Ahmedabad",birthday party venues in Gheekanta Ahmedabad,"birthday party venue Gheekanta, birthday party hall near Gheekanta Ahmedabad, birthday party venue near Gheekanta",Transactional (Hyper-local),High
Event + City Area,"Engagement Venues in Gheekanta, Ahmedabad | VenueConnect",/ahmedabad/gheekanta/engagement-venues/,"Best Engagement Venues in Gheekanta, Ahmedabad | Book Near You - VenueConnect","Find the perfect engagement venue in Gheekanta, Ahmedabad. Compare halls, farmhouses & party plots near Gheekanta. Get instant leads & free quotes on VenueConnect.","Best Engagement Venues in Gheekanta, Ahmedabad",engagement venues in Gheekanta Ahmedabad,"engagement venue Gheekanta, engagement hall near Gheekanta Ahmedabad, engagement venue near Gheekanta",Transactional (Hyper-local),High
Event + City Area,"Corporate Event Venues in Gheekanta, Ahmedabad | VenueConnect",/ahmedabad/gheekanta/corporate-event-venues/,"Best Corporate Event Venues in Gheekanta, Ahmedabad | Book Near You - VenueConnect","Find the perfect corporate event venue in Gheekanta, Ahmedabad. Compare halls, farmhouses & party plots near Gheekanta. Get instant leads & free quotes on VenueConnect.","Best Corporate Event Venues in Gheekanta, Ahmedabad",corporate event venues in Gheekanta Ahmedabad,"corporate event venue Gheekanta, corporate event hall near Gheekanta Ahmedabad, corporate event venue near Gheekanta",Transactional (Hyper-local),High
Event + City Area,"Reception Venues in Gheekanta, Ahmedabad | VenueConnect",/ahmedabad/gheekanta/reception-venues/,"Best Reception Venues in Gheekanta, Ahmedabad | Book Near You - VenueConnect","Find the perfect reception venue in Gheekanta, Ahmedabad. Compare halls, farmhouses & party plots near Gheekanta. Get instant leads & free quotes on VenueConnect.","Best Reception Venues in Gheekanta, Ahmedabad",reception venues in Gheekanta Ahmedabad,"reception venue Gheekanta, reception hall near Gheekanta Ahmedabad, reception venue near Gheekanta",Transactional (Hyper-local),High
Event + City Area,"Wedding Venues in Gurukul, Ahmedabad | VenueConnect",/ahmedabad/gurukul/wedding-venues/,"Best Wedding Venues in Gurukul, Ahmedabad | Book Near You - VenueConnect","Find the perfect wedding venue in Gurukul, Ahmedabad. Compare halls, farmhouses & party plots near Gurukul. Get instant leads & free quotes on VenueConnect.","Best Wedding Venues in Gurukul, Ahmedabad",wedding venues in Gurukul Ahmedabad,"wedding venue Gurukul, wedding hall near Gurukul Ahmedabad, wedding venue near Gurukul",Transactional (Hyper-local),High
Event + City Area,"Birthday Party Venues in Gurukul, Ahmedabad | VenueConnect",/ahmedabad/gurukul/birthday-party-venues/,"Best Birthday Party Venues in Gurukul, Ahmedabad | Book Near You - VenueConnect","Find the perfect birthday party venue in Gurukul, Ahmedabad. Compare halls, farmhouses & party plots near Gurukul. Get instant leads & free quotes on VenueConnect.","Best Birthday Party Venues in Gurukul, Ahmedabad",birthday party venues in Gurukul Ahmedabad,"birthday party venue Gurukul, birthday party hall near Gurukul Ahmedabad, birthday party venue near Gurukul",Transactional (Hyper-local),High
Event + City Area,"Engagement Venues in Gurukul, Ahmedabad | VenueConnect",/ahmedabad/gurukul/engagement-venues/,"Best Engagement Venues in Gurukul, Ahmedabad | Book Near You - VenueConnect","Find the perfect engagement venue in Gurukul, Ahmedabad. Compare halls, farmhouses & party plots near Gurukul. Get instant leads & free quotes on VenueConnect.","Best Engagement Venues in Gurukul, Ahmedabad",engagement venues in Gurukul Ahmedabad,"engagement venue Gurukul, engagement hall near Gurukul Ahmedabad, engagement venue near Gurukul",Transactional (Hyper-local),High
Event + City Area,"Corporate Event Venues in Gurukul, Ahmedabad | VenueConnect",/ahmedabad/gurukul/corporate-event-venues/,"Best Corporate Event Venues in Gurukul, Ahmedabad | Book Near You - VenueConnect","Find the perfect corporate event venue in Gurukul, Ahmedabad. Compare halls, farmhouses & party plots near Gurukul. Get instant leads & free quotes on VenueConnect.","Best Corporate Event Venues in Gurukul, Ahmedabad",corporate event venues in Gurukul Ahmedabad,"corporate event venue Gurukul, corporate event hall near Gurukul Ahmedabad, corporate event venue near Gurukul",Transactional (Hyper-local),High
Event + City Area,"Reception Venues in Gurukul, Ahmedabad | VenueConnect",/ahmedabad/gurukul/reception-venues/,"Best Reception Venues in Gurukul, Ahmedabad | Book Near You - VenueConnect","Find the perfect reception venue in Gurukul, Ahmedabad. Compare halls, farmhouses & party plots near Gurukul. Get instant leads & free quotes on VenueConnect.","Best Reception Venues in Gurukul, Ahmedabad",reception venues in Gurukul Ahmedabad,"reception venue Gurukul, reception hall near Gurukul Ahmedabad, reception venue near Gurukul",Transactional (Hyper-local),High
Event + City Area,"Wedding Venues in Iscon, Ahmedabad | VenueConnect",/ahmedabad/iscon/wedding-venues/,"Best Wedding Venues in Iscon, Ahmedabad | Book Near You - VenueConnect","Find the perfect wedding venue in Iscon, Ahmedabad. Compare halls, farmhouses & party plots near Iscon. Get instant leads & free quotes on VenueConnect.","Best Wedding Venues in Iscon, Ahmedabad",wedding venues in Iscon Ahmedabad,"wedding venue Iscon, wedding hall near Iscon Ahmedabad, wedding venue near Iscon",Transactional (Hyper-local),High
Event + City Area,"Birthday Party Venues in Iscon, Ahmedabad | VenueConnect",/ahmedabad/iscon/birthday-party-venues/,"Best Birthday Party Venues in Iscon, Ahmedabad | Book Near You - VenueConnect","Find the perfect birthday party venue in Iscon, Ahmedabad. Compare halls, farmhouses & party plots near Iscon. Get instant leads & free quotes on VenueConnect.","Best Birthday Party Venues in Iscon, Ahmedabad",birthday party venues in Iscon Ahmedabad,"birthday party venue Iscon, birthday party hall near Iscon Ahmedabad, birthday party venue near Iscon",Transactional (Hyper-local),High
Event + City Area,"Engagement Venues in Iscon, Ahmedabad | VenueConnect",/ahmedabad/iscon/engagement-venues/,"Best Engagement Venues in Iscon, Ahmedabad | Book Near You - VenueConnect","Find the perfect engagement venue in Iscon, Ahmedabad. Compare halls, farmhouses & party plots near Iscon. Get instant leads & free quotes on VenueConnect.","Best Engagement Venues in Iscon, Ahmedabad",engagement venues in Iscon Ahmedabad,"engagement venue Iscon, engagement hall near Iscon Ahmedabad, engagement venue near Iscon",Transactional (Hyper-local),High
Event + City Area,"Corporate Event Venues in Iscon, Ahmedabad | VenueConnect",/ahmedabad/iscon/corporate-event-venues/,"Best Corporate Event Venues in Iscon, Ahmedabad | Book Near You - VenueConnect","Find the perfect corporate event venue in Iscon, Ahmedabad. Compare halls, farmhouses & party plots near Iscon. Get instant leads & free quotes on VenueConnect.","Best Corporate Event Venues in Iscon, Ahmedabad",corporate event venues in Iscon Ahmedabad,"corporate event venue Iscon, corporate event hall near Iscon Ahmedabad, corporate event venue near Iscon",Transactional (Hyper-local),High
Event + City Area,"Reception Venues in Iscon, Ahmedabad | VenueConnect",/ahmedabad/iscon/reception-venues/,"Best Reception Venues in Iscon, Ahmedabad | Book Near You - VenueConnect","Find the perfect reception venue in Iscon, Ahmedabad. Compare halls, farmhouses & party plots near Iscon. Get instant leads & free quotes on VenueConnect.","Best Reception Venues in Iscon, Ahmedabad",reception venues in Iscon Ahmedabad,"reception venue Iscon, reception hall near Iscon Ahmedabad, reception venue near Iscon",Transactional (Hyper-local),High
Event + City Area,"Wedding Venues in Jodhpur, Ahmedabad | VenueConnect",/ahmedabad/jodhpur/wedding-venues/,"Best Wedding Venues in Jodhpur, Ahmedabad | Book Near You - VenueConnect","Find the perfect wedding venue in Jodhpur, Ahmedabad. Compare halls, farmhouses & party plots near Jodhpur. Get instant leads & free quotes on VenueConnect.","Best Wedding Venues in Jodhpur, Ahmedabad",wedding venues in Jodhpur Ahmedabad,"wedding venue Jodhpur, wedding hall near Jodhpur Ahmedabad, wedding venue near Jodhpur",Transactional (Hyper-local),High
Event + City Area,"Birthday Party Venues in Jodhpur, Ahmedabad | VenueConnect",/ahmedabad/jodhpur/birthday-party-venues/,"Best Birthday Party Venues in Jodhpur, Ahmedabad | Book Near You - VenueConnect","Find the perfect birthday party venue in Jodhpur, Ahmedabad. Compare halls, farmhouses & party plots near Jodhpur. Get instant leads & free quotes on VenueConnect.","Best Birthday Party Venues in Jodhpur, Ahmedabad",birthday party venues in Jodhpur Ahmedabad,"birthday party venue Jodhpur, birthday party hall near Jodhpur Ahmedabad, birthday party venue near Jodhpur",Transactional (Hyper-local),High
Event + City Area,"Engagement Venues in Jodhpur, Ahmedabad | VenueConnect",/ahmedabad/jodhpur/engagement-venues/,"Best Engagement Venues in Jodhpur, Ahmedabad | Book Near You - VenueConnect","Find the perfect engagement venue in Jodhpur, Ahmedabad. Compare halls, farmhouses & party plots near Jodhpur. Get instant leads & free quotes on VenueConnect.","Best Engagement Venues in Jodhpur, Ahmedabad",engagement venues in Jodhpur Ahmedabad,"engagement venue Jodhpur, engagement hall near Jodhpur Ahmedabad, engagement venue near Jodhpur",Transactional (Hyper-local),High
Event + City Area,"Corporate Event Venues in Jodhpur, Ahmedabad | VenueConnect",/ahmedabad/jodhpur/corporate-event-venues/,"Best Corporate Event Venues in Jodhpur, Ahmedabad | Book Near You - VenueConnect","Find the perfect corporate event venue in Jodhpur, Ahmedabad. Compare halls, farmhouses & party plots near Jodhpur. Get instant leads & free quotes on VenueConnect.","Best Corporate Event Venues in Jodhpur, Ahmedabad",corporate event venues in Jodhpur Ahmedabad,"corporate event venue Jodhpur, corporate event hall near Jodhpur Ahmedabad, corporate event venue near Jodhpur",Transactional (Hyper-local),High
Event + City Area,"Reception Venues in Jodhpur, Ahmedabad | VenueConnect",/ahmedabad/jodhpur/reception-venues/,"Best Reception Venues in Jodhpur, Ahmedabad | Book Near You - VenueConnect","Find the perfect reception venue in Jodhpur, Ahmedabad. Compare halls, farmhouses & party plots near Jodhpur. Get instant leads & free quotes on VenueConnect.","Best Reception Venues in Jodhpur, Ahmedabad",reception venues in Jodhpur Ahmedabad,"reception venue Jodhpur, reception hall near Jodhpur Ahmedabad, reception venue near Jodhpur",Transactional (Hyper-local),High
Event + City Area,"Wedding Venues in Kalupur, Ahmedabad | VenueConnect",/ahmedabad/kalupur/wedding-venues/,"Best Wedding Venues in Kalupur, Ahmedabad | Book Near You - VenueConnect","Find the perfect wedding venue in Kalupur, Ahmedabad. Compare halls, farmhouses & party plots near Kalupur. Get instant leads & free quotes on VenueConnect.","Best Wedding Venues in Kalupur, Ahmedabad",wedding venues in Kalupur Ahmedabad,"wedding venue Kalupur, wedding hall near Kalupur Ahmedabad, wedding venue near Kalupur",Transactional (Hyper-local),High
Event + City Area,"Birthday Party Venues in Kalupur, Ahmedabad | VenueConnect",/ahmedabad/kalupur/birthday-party-venues/,"Best Birthday Party Venues in Kalupur, Ahmedabad | Book Near You - VenueConnect","Find the perfect birthday party venue in Kalupur, Ahmedabad. Compare halls, farmhouses & party plots near Kalupur. Get instant leads & free quotes on VenueConnect.","Best Birthday Party Venues in Kalupur, Ahmedabad",birthday party venues in Kalupur Ahmedabad,"birthday party venue Kalupur, birthday party hall near Kalupur Ahmedabad, birthday party venue near Kalupur",Transactional (Hyper-local),High
Event + City Area,"Engagement Venues in Kalupur, Ahmedabad | VenueConnect",/ahmedabad/kalupur/engagement-venues/,"Best Engagement Venues in Kalupur, Ahmedabad | Book Near You - VenueConnect","Find the perfect engagement venue in Kalupur, Ahmedabad. Compare halls, farmhouses & party plots near Kalupur. Get instant leads & free quotes on VenueConnect.","Best Engagement Venues in Kalupur, Ahmedabad",engagement venues in Kalupur Ahmedabad,"engagement venue Kalupur, engagement hall near Kalupur Ahmedabad, engagement venue near Kalupur",Transactional (Hyper-local),High
Event + City Area,"Corporate Event Venues in Kalupur, Ahmedabad | VenueConnect",/ahmedabad/kalupur/corporate-event-venues/,"Best Corporate Event Venues in Kalupur, Ahmedabad | Book Near You - VenueConnect","Find the perfect corporate event venue in Kalupur, Ahmedabad. Compare halls, farmhouses & party plots near Kalupur. Get instant leads & free quotes on VenueConnect.","Best Corporate Event Venues in Kalupur, Ahmedabad",corporate event venues in Kalupur Ahmedabad,"corporate event venue Kalupur, corporate event hall near Kalupur Ahmedabad, corporate event venue near Kalupur",Transactional (Hyper-local),High
Event + City Area,"Reception Venues in Kalupur, Ahmedabad | VenueConnect",/ahmedabad/kalupur/reception-venues/,"Best Reception Venues in Kalupur, Ahmedabad | Book Near You - VenueConnect","Find the perfect reception venue in Kalupur, Ahmedabad. Compare halls, farmhouses & party plots near Kalupur. Get instant leads & free quotes on VenueConnect.","Best Reception Venues in Kalupur, Ahmedabad",reception venues in Kalupur Ahmedabad,"reception venue Kalupur, reception hall near Kalupur Ahmedabad, reception venue near Kalupur",Transactional (Hyper-local),High
Event + City Area,"Wedding Venues in Kankaria, Ahmedabad | VenueConnect",/ahmedabad/kankaria/wedding-venues/,"Best Wedding Venues in Kankaria, Ahmedabad | Book Near You - VenueConnect","Find the perfect wedding venue in Kankaria, Ahmedabad. Compare halls, farmhouses & party plots near Kankaria. Get instant leads & free quotes on VenueConnect.","Best Wedding Venues in Kankaria, Ahmedabad",wedding venues in Kankaria Ahmedabad,"wedding venue Kankaria, wedding hall near Kankaria Ahmedabad, wedding venue near Kankaria",Transactional (Hyper-local),High
Event + City Area,"Birthday Party Venues in Kankaria, Ahmedabad | VenueConnect",/ahmedabad/kankaria/birthday-party-venues/,"Best Birthday Party Venues in Kankaria, Ahmedabad | Book Near You - VenueConnect","Find the perfect birthday party venue in Kankaria, Ahmedabad. Compare halls, farmhouses & party plots near Kankaria. Get instant leads & free quotes on VenueConnect.","Best Birthday Party Venues in Kankaria, Ahmedabad",birthday party venues in Kankaria Ahmedabad,"birthday party venue Kankaria, birthday party hall near Kankaria Ahmedabad, birthday party venue near Kankaria",Transactional (Hyper-local),High
Event + City Area,"Engagement Venues in Kankaria, Ahmedabad | VenueConnect",/ahmedabad/kankaria/engagement-venues/,"Best Engagement Venues in Kankaria, Ahmedabad | Book Near You - VenueConnect","Find the perfect engagement venue in Kankaria, Ahmedabad. Compare halls, farmhouses & party plots near Kankaria. Get instant leads & free quotes on VenueConnect.","Best Engagement Venues in Kankaria, Ahmedabad",engagement venues in Kankaria Ahmedabad,"engagement venue Kankaria, engagement hall near Kankaria Ahmedabad, engagement venue near Kankaria",Transactional (Hyper-local),High
Event + City Area,"Corporate Event Venues in Kankaria, Ahmedabad | VenueConnect",/ahmedabad/kankaria/corporate-event-venues/,"Best Corporate Event Venues in Kankaria, Ahmedabad | Book Near You - VenueConnect","Find the perfect corporate event venue in Kankaria, Ahmedabad. Compare halls, farmhouses & party plots near Kankaria. Get instant leads & free quotes on VenueConnect.","Best Corporate Event Venues in Kankaria, Ahmedabad",corporate event venues in Kankaria Ahmedabad,"corporate event venue Kankaria, corporate event hall near Kankaria Ahmedabad, corporate event venue near Kankaria",Transactional (Hyper-local),High
Event + City Area,"Reception Venues in Kankaria, Ahmedabad | VenueConnect",/ahmedabad/kankaria/reception-venues/,"Best Reception Venues in Kankaria, Ahmedabad | Book Near You - VenueConnect","Find the perfect reception venue in Kankaria, Ahmedabad. Compare halls, farmhouses & party plots near Kankaria. Get instant leads & free quotes on VenueConnect.","Best Reception Venues in Kankaria, Ahmedabad",reception venues in Kankaria Ahmedabad,"reception venue Kankaria, reception hall near Kankaria Ahmedabad, reception venue near Kankaria",Transactional (Hyper-local),High
Event + City Area,"Wedding Venues in Khokhra, Ahmedabad | VenueConnect",/ahmedabad/khokhra/wedding-venues/,"Best Wedding Venues in Khokhra, Ahmedabad | Book Near You - VenueConnect","Find the perfect wedding venue in Khokhra, Ahmedabad. Compare halls, farmhouses & party plots near Khokhra. Get instant leads & free quotes on VenueConnect.","Best Wedding Venues in Khokhra, Ahmedabad",wedding venues in Khokhra Ahmedabad,"wedding venue Khokhra, wedding hall near Khokhra Ahmedabad, wedding venue near Khokhra",Transactional (Hyper-local),High
Event + City Area,"Birthday Party Venues in Khokhra, Ahmedabad | VenueConnect",/ahmedabad/khokhra/birthday-party-venues/,"Best Birthday Party Venues in Khokhra, Ahmedabad | Book Near You - VenueConnect","Find the perfect birthday party venue in Khokhra, Ahmedabad. Compare halls, farmhouses & party plots near Khokhra. Get instant leads & free quotes on VenueConnect.","Best Birthday Party Venues in Khokhra, Ahmedabad",birthday party venues in Khokhra Ahmedabad,"birthday party venue Khokhra, birthday party hall near Khokhra Ahmedabad, birthday party venue near Khokhra",Transactional (Hyper-local),High
Event + City Area,"Engagement Venues in Khokhra, Ahmedabad | VenueConnect",/ahmedabad/khokhra/engagement-venues/,"Best Engagement Venues in Khokhra, Ahmedabad | Book Near You - VenueConnect","Find the perfect engagement venue in Khokhra, Ahmedabad. Compare halls, farmhouses & party plots near Khokhra. Get instant leads & free quotes on VenueConnect.","Best Engagement Venues in Khokhra, Ahmedabad",engagement venues in Khokhra Ahmedabad,"engagement venue Khokhra, engagement hall near Khokhra Ahmedabad, engagement venue near Khokhra",Transactional (Hyper-local),High
Event + City Area,"Corporate Event Venues in Khokhra, Ahmedabad | VenueConnect",/ahmedabad/khokhra/corporate-event-venues/,"Best Corporate Event Venues in Khokhra, Ahmedabad | Book Near You - VenueConnect","Find the perfect corporate event venue in Khokhra, Ahmedabad. Compare halls, farmhouses & party plots near Khokhra. Get instant leads & free quotes on VenueConnect.","Best Corporate Event Venues in Khokhra, Ahmedabad",corporate event venues in Khokhra Ahmedabad,"corporate event venue Khokhra, corporate event hall near Khokhra Ahmedabad, corporate event venue near Khokhra",Transactional (Hyper-local),High
Event + City Area,"Reception Venues in Khokhra, Ahmedabad | VenueConnect",/ahmedabad/khokhra/reception-venues/,"Best Reception Venues in Khokhra, Ahmedabad | Book Near You - VenueConnect","Find the perfect reception venue in Khokhra, Ahmedabad. Compare halls, farmhouses & party plots near Khokhra. Get instant leads & free quotes on VenueConnect.","Best Reception Venues in Khokhra, Ahmedabad",reception venues in Khokhra Ahmedabad,"reception venue Khokhra, reception hall near Khokhra Ahmedabad, reception venue near Khokhra",Transactional (Hyper-local),High
Event + City Area,"Wedding Venues in Lal Darwaja, Ahmedabad | VenueConnect",/ahmedabad/lal-darwaja/wedding-venues/,"Best Wedding Venues in Lal Darwaja, Ahmedabad | Book Near You - VenueConnect","Find the perfect wedding venue in Lal Darwaja, Ahmedabad. Compare halls, farmhouses & party plots near Lal Darwaja. Get instant leads & free quotes on VenueConnect.","Best Wedding Venues in Lal Darwaja, Ahmedabad",wedding venues in Lal Darwaja Ahmedabad,"wedding venue Lal Darwaja, wedding hall near Lal Darwaja Ahmedabad, wedding venue near Lal Darwaja",Transactional (Hyper-local),High
Event + City Area,"Birthday Party Venues in Lal Darwaja, Ahmedabad | VenueConnect",/ahmedabad/lal-darwaja/birthday-party-venues/,"Best Birthday Party Venues in Lal Darwaja, Ahmedabad | Book Near You - VenueConnect","Find the perfect birthday party venue in Lal Darwaja, Ahmedabad. Compare halls, farmhouses & party plots near Lal Darwaja. Get instant leads & free quotes on VenueConnect.","Best Birthday Party Venues in Lal Darwaja, Ahmedabad",birthday party venues in Lal Darwaja Ahmedabad,"birthday party venue Lal Darwaja, birthday party hall near Lal Darwaja Ahmedabad, birthday party venue near Lal Darwaja",Transactional (Hyper-local),High
Event + City Area,"Engagement Venues in Lal Darwaja, Ahmedabad | VenueConnect",/ahmedabad/lal-darwaja/engagement-venues/,"Best Engagement Venues in Lal Darwaja, Ahmedabad | Book Near You - VenueConnect","Find the perfect engagement venue in Lal Darwaja, Ahmedabad. Compare halls, farmhouses & party plots near Lal Darwaja. Get instant leads & free quotes on VenueConnect.","Best Engagement Venues in Lal Darwaja, Ahmedabad",engagement venues in Lal Darwaja Ahmedabad,"engagement venue Lal Darwaja, engagement hall near Lal Darwaja Ahmedabad, engagement venue near Lal Darwaja",Transactional (Hyper-local),High
Event + City Area,"Corporate Event Venues in Lal Darwaja, Ahmedabad | VenueConnect",/ahmedabad/lal-darwaja/corporate-event-venues/,"Best Corporate Event Venues in Lal Darwaja, Ahmedabad | Book Near You - VenueConnect","Find the perfect corporate event venue in Lal Darwaja, Ahmedabad. Compare halls, farmhouses & party plots near Lal Darwaja. Get instant leads & free quotes on VenueConnect.","Best Corporate Event Venues in Lal Darwaja, Ahmedabad",corporate event venues in Lal Darwaja Ahmedabad,"corporate event venue Lal Darwaja, corporate event hall near Lal Darwaja Ahmedabad, corporate event venue near Lal Darwaja",Transactional (Hyper-local),High
Event + City Area,"Reception Venues in Lal Darwaja, Ahmedabad | VenueConnect",/ahmedabad/lal-darwaja/reception-venues/,"Best Reception Venues in Lal Darwaja, Ahmedabad | Book Near You - VenueConnect","Find the perfect reception venue in Lal Darwaja, Ahmedabad. Compare halls, farmhouses & party plots near Lal Darwaja. Get instant leads & free quotes on VenueConnect.","Best Reception Venues in Lal Darwaja, Ahmedabad",reception venues in Lal Darwaja Ahmedabad,"reception venue Lal Darwaja, reception hall near Lal Darwaja Ahmedabad, reception venue near Lal Darwaja",Transactional (Hyper-local),High
Event + City Area,"Wedding Venues in Memnagar, Ahmedabad | VenueConnect",/ahmedabad/memnagar/wedding-venues/,"Best Wedding Venues in Memnagar, Ahmedabad | Book Near You - VenueConnect","Find the perfect wedding venue in Memnagar, Ahmedabad. Compare halls, farmhouses & party plots near Memnagar. Get instant leads & free quotes on VenueConnect.","Best Wedding Venues in Memnagar, Ahmedabad",wedding venues in Memnagar Ahmedabad,"wedding venue Memnagar, wedding hall near Memnagar Ahmedabad, wedding venue near Memnagar",Transactional (Hyper-local),High
Event + City Area,"Birthday Party Venues in Memnagar, Ahmedabad | VenueConnect",/ahmedabad/memnagar/birthday-party-venues/,"Best Birthday Party Venues in Memnagar, Ahmedabad | Book Near You - VenueConnect","Find the perfect birthday party venue in Memnagar, Ahmedabad. Compare halls, farmhouses & party plots near Memnagar. Get instant leads & free quotes on VenueConnect.","Best Birthday Party Venues in Memnagar, Ahmedabad",birthday party venues in Memnagar Ahmedabad,"birthday party venue Memnagar, birthday party hall near Memnagar Ahmedabad, birthday party venue near Memnagar",Transactional (Hyper-local),High
Event + City Area,"Engagement Venues in Memnagar, Ahmedabad | VenueConnect",/ahmedabad/memnagar/engagement-venues/,"Best Engagement Venues in Memnagar, Ahmedabad | Book Near You - VenueConnect","Find the perfect engagement venue in Memnagar, Ahmedabad. Compare halls, farmhouses & party plots near Memnagar. Get instant leads & free quotes on VenueConnect.","Best Engagement Venues in Memnagar, Ahmedabad",engagement venues in Memnagar Ahmedabad,"engagement venue Memnagar, engagement hall near Memnagar Ahmedabad, engagement venue near Memnagar",Transactional (Hyper-local),High
Event + City Area,"Corporate Event Venues in Memnagar, Ahmedabad | VenueConnect",/ahmedabad/memnagar/corporate-event-venues/,"Best Corporate Event Venues in Memnagar, Ahmedabad | Book Near You - VenueConnect","Find the perfect corporate event venue in Memnagar, Ahmedabad. Compare halls, farmhouses & party plots near Memnagar. Get instant leads & free quotes on VenueConnect.","Best Corporate Event Venues in Memnagar, Ahmedabad",corporate event venues in Memnagar Ahmedabad,"corporate event venue Memnagar, corporate event hall near Memnagar Ahmedabad, corporate event venue near Memnagar",Transactional (Hyper-local),High
Event + City Area,"Reception Venues in Memnagar, Ahmedabad | VenueConnect",/ahmedabad/memnagar/reception-venues/,"Best Reception Venues in Memnagar, Ahmedabad | Book Near You - VenueConnect","Find the perfect reception venue in Memnagar, Ahmedabad. Compare halls, farmhouses & party plots near Memnagar. Get instant leads & free quotes on VenueConnect.","Best Reception Venues in Memnagar, Ahmedabad",reception venues in Memnagar Ahmedabad,"reception venue Memnagar, reception hall near Memnagar Ahmedabad, reception venue near Memnagar",Transactional (Hyper-local),High
Event + City Area,"Wedding Venues in Naroda, Ahmedabad | VenueConnect",/ahmedabad/naroda/wedding-venues/,"Best Wedding Venues in Naroda, Ahmedabad | Book Near You - VenueConnect","Find the perfect wedding venue in Naroda, Ahmedabad. Compare halls, farmhouses & party plots near Naroda. Get instant leads & free quotes on VenueConnect.","Best Wedding Venues in Naroda, Ahmedabad",wedding venues in Naroda Ahmedabad,"wedding venue Naroda, wedding hall near Naroda Ahmedabad, wedding venue near Naroda",Transactional (Hyper-local),High
Event + City Area,"Birthday Party Venues in Naroda, Ahmedabad | VenueConnect",/ahmedabad/naroda/birthday-party-venues/,"Best Birthday Party Venues in Naroda, Ahmedabad | Book Near You - VenueConnect","Find the perfect birthday party venue in Naroda, Ahmedabad. Compare halls, farmhouses & party plots near Naroda. Get instant leads & free quotes on VenueConnect.","Best Birthday Party Venues in Naroda, Ahmedabad",birthday party venues in Naroda Ahmedabad,"birthday party venue Naroda, birthday party hall near Naroda Ahmedabad, birthday party venue near Naroda",Transactional (Hyper-local),High
Event + City Area,"Engagement Venues in Naroda, Ahmedabad | VenueConnect",/ahmedabad/naroda/engagement-venues/,"Best Engagement Venues in Naroda, Ahmedabad | Book Near You - VenueConnect","Find the perfect engagement venue in Naroda, Ahmedabad. Compare halls, farmhouses & party plots near Naroda. Get instant leads & free quotes on VenueConnect.","Best Engagement Venues in Naroda, Ahmedabad",engagement venues in Naroda Ahmedabad,"engagement venue Naroda, engagement hall near Naroda Ahmedabad, engagement venue near Naroda",Transactional (Hyper-local),High
Event + City Area,"Corporate Event Venues in Naroda, Ahmedabad | VenueConnect",/ahmedabad/naroda/corporate-event-venues/,"Best Corporate Event Venues in Naroda, Ahmedabad | Book Near You - VenueConnect","Find the perfect corporate event venue in Naroda, Ahmedabad. Compare halls, farmhouses & party plots near Naroda. Get instant leads & free quotes on VenueConnect.","Best Corporate Event Venues in Naroda, Ahmedabad",corporate event venues in Naroda Ahmedabad,"corporate event venue Naroda, corporate event hall near Naroda Ahmedabad, corporate event venue near Naroda",Transactional (Hyper-local),High
Event + City Area,"Reception Venues in Naroda, Ahmedabad | VenueConnect",/ahmedabad/naroda/reception-venues/,"Best Reception Venues in Naroda, Ahmedabad | Book Near You - VenueConnect","Find the perfect reception venue in Naroda, Ahmedabad. Compare halls, farmhouses & party plots near Naroda. Get instant leads & free quotes on VenueConnect.","Best Reception Venues in Naroda, Ahmedabad",reception venues in Naroda Ahmedabad,"reception venue Naroda, reception hall near Naroda Ahmedabad, reception venue near Naroda",Transactional (Hyper-local),High
Event + City Area,"Wedding Venues in Navarangpura, Ahmedabad | VenueConnect",/ahmedabad/navarangpura/wedding-venues/,"Best Wedding Venues in Navarangpura, Ahmedabad | Book Near You - VenueConnect","Find the perfect wedding venue in Navarangpura, Ahmedabad. Compare halls, farmhouses & party plots near Navarangpura. Get instant leads & free quotes on VenueConnect.","Best Wedding Venues in Navarangpura, Ahmedabad",wedding venues in Navarangpura Ahmedabad,"wedding venue Navarangpura, wedding hall near Navarangpura Ahmedabad, wedding venue near Navarangpura",Transactional (Hyper-local),High
Event + City Area,"Birthday Party Venues in Navarangpura, Ahmedabad | VenueConnect",/ahmedabad/navarangpura/birthday-party-venues/,"Best Birthday Party Venues in Navarangpura, Ahmedabad | Book Near You - VenueConnect","Find the perfect birthday party venue in Navarangpura, Ahmedabad. Compare halls, farmhouses & party plots near Navarangpura. Get instant leads & free quotes on VenueConnect.","Best Birthday Party Venues in Navarangpura, Ahmedabad",birthday party venues in Navarangpura Ahmedabad,"birthday party venue Navarangpura, birthday party hall near Navarangpura Ahmedabad, birthday party venue near Navarangpura",Transactional (Hyper-local),High
Event + City Area,"Engagement Venues in Navarangpura, Ahmedabad | VenueConnect",/ahmedabad/navarangpura/engagement-venues/,"Best Engagement Venues in Navarangpura, Ahmedabad | Book Near You - VenueConnect","Find the perfect engagement venue in Navarangpura, Ahmedabad. Compare halls, farmhouses & party plots near Navarangpura. Get instant leads & free quotes on VenueConnect.","Best Engagement Venues in Navarangpura, Ahmedabad",engagement venues in Navarangpura Ahmedabad,"engagement venue Navarangpura, engagement hall near Navarangpura Ahmedabad, engagement venue near Navarangpura",Transactional (Hyper-local),High
Event + City Area,"Corporate Event Venues in Navarangpura, Ahmedabad | VenueConnect",/ahmedabad/navarangpura/corporate-event-venues/,"Best Corporate Event Venues in Navarangpura, Ahmedabad | Book Near You - VenueConnect","Find the perfect corporate event venue in Navarangpura, Ahmedabad. Compare halls, farmhouses & party plots near Navarangpura. Get instant leads & free quotes on VenueConnect.","Best Corporate Event Venues in Navarangpura, Ahmedabad",corporate event venues in Navarangpura Ahmedabad,"corporate event venue Navarangpura, corporate event hall near Navarangpura Ahmedabad, corporate event venue near Navarangpura",Transactional (Hyper-local),High
Event + City Area,"Reception Venues in Navarangpura, Ahmedabad | VenueConnect",/ahmedabad/navarangpura/reception-venues/,"Best Reception Venues in Navarangpura, Ahmedabad | Book Near You - VenueConnect","Find the perfect reception venue in Navarangpura, Ahmedabad. Compare halls, farmhouses & party plots near Navarangpura. Get instant leads & free quotes on VenueConnect.","Best Reception Venues in Navarangpura, Ahmedabad",reception venues in Navarangpura Ahmedabad,"reception venue Navarangpura, reception hall near Navarangpura Ahmedabad, reception venue near Navarangpura",Transactional (Hyper-local),High
Event + City Area,"Wedding Venues in New Ranip, Ahmedabad | VenueConnect",/ahmedabad/new-ranip/wedding-venues/,"Best Wedding Venues in New Ranip, Ahmedabad | Book Near You - VenueConnect","Find the perfect wedding venue in New Ranip, Ahmedabad. Compare halls, farmhouses & party plots near New Ranip. Get instant leads & free quotes on VenueConnect.","Best Wedding Venues in New Ranip, Ahmedabad",wedding venues in New Ranip Ahmedabad,"wedding venue New Ranip, wedding hall near New Ranip Ahmedabad, wedding venue near New Ranip",Transactional (Hyper-local),High
Event + City Area,"Birthday Party Venues in New Ranip, Ahmedabad | VenueConnect",/ahmedabad/new-ranip/birthday-party-venues/,"Best Birthday Party Venues in New Ranip, Ahmedabad | Book Near You - VenueConnect","Find the perfect birthday party venue in New Ranip, Ahmedabad. Compare halls, farmhouses & party plots near New Ranip. Get instant leads & free quotes on VenueConnect.","Best Birthday Party Venues in New Ranip, Ahmedabad",birthday party venues in New Ranip Ahmedabad,"birthday party venue New Ranip, birthday party hall near New Ranip Ahmedabad, birthday party venue near New Ranip",Transactional (Hyper-local),High
Event + City Area,"Engagement Venues in New Ranip, Ahmedabad | VenueConnect",/ahmedabad/new-ranip/engagement-venues/,"Best Engagement Venues in New Ranip, Ahmedabad | Book Near You - VenueConnect","Find the perfect engagement venue in New Ranip, Ahmedabad. Compare halls, farmhouses & party plots near New Ranip. Get instant leads & free quotes on VenueConnect.","Best Engagement Venues in New Ranip, Ahmedabad",engagement venues in New Ranip Ahmedabad,"engagement venue New Ranip, engagement hall near New Ranip Ahmedabad, engagement venue near New Ranip",Transactional (Hyper-local),High
Event + City Area,"Corporate Event Venues in New Ranip, Ahmedabad | VenueConnect",/ahmedabad/new-ranip/corporate-event-venues/,"Best Corporate Event Venues in New Ranip, Ahmedabad | Book Near You - VenueConnect","Find the perfect corporate event venue in New Ranip, Ahmedabad. Compare halls, farmhouses & party plots near New Ranip. Get instant leads & free quotes on VenueConnect.","Best Corporate Event Venues in New Ranip, Ahmedabad",corporate event venues in New Ranip Ahmedabad,"corporate event venue New Ranip, corporate event hall near New Ranip Ahmedabad, corporate event venue near New Ranip",Transactional (Hyper-local),High
Event + City Area,"Reception Venues in New Ranip, Ahmedabad | VenueConnect",/ahmedabad/new-ranip/reception-venues/,"Best Reception Venues in New Ranip, Ahmedabad | Book Near You - VenueConnect","Find the perfect reception venue in New Ranip, Ahmedabad. Compare halls, farmhouses & party plots near New Ranip. Get instant leads & free quotes on VenueConnect.","Best Reception Venues in New Ranip, Ahmedabad",reception venues in New Ranip Ahmedabad,"reception venue New Ranip, reception hall near New Ranip Ahmedabad, reception venue near New Ranip",Transactional (Hyper-local),High
Event + City Area,"Wedding Venues in Odhav, Ahmedabad | VenueConnect",/ahmedabad/odhav/wedding-venues/,"Best Wedding Venues in Odhav, Ahmedabad | Book Near You - VenueConnect","Find the perfect wedding venue in Odhav, Ahmedabad. Compare halls, farmhouses & party plots near Odhav. Get instant leads & free quotes on VenueConnect.","Best Wedding Venues in Odhav, Ahmedabad",wedding venues in Odhav Ahmedabad,"wedding venue Odhav, wedding hall near Odhav Ahmedabad, wedding venue near Odhav",Transactional (Hyper-local),High
Event + City Area,"Birthday Party Venues in Odhav, Ahmedabad | VenueConnect",/ahmedabad/odhav/birthday-party-venues/,"Best Birthday Party Venues in Odhav, Ahmedabad | Book Near You - VenueConnect","Find the perfect birthday party venue in Odhav, Ahmedabad. Compare halls, farmhouses & party plots near Odhav. Get instant leads & free quotes on VenueConnect.","Best Birthday Party Venues in Odhav, Ahmedabad",birthday party venues in Odhav Ahmedabad,"birthday party venue Odhav, birthday party hall near Odhav Ahmedabad, birthday party venue near Odhav",Transactional (Hyper-local),High
Event + City Area,"Engagement Venues in Odhav, Ahmedabad | VenueConnect",/ahmedabad/odhav/engagement-venues/,"Best Engagement Venues in Odhav, Ahmedabad | Book Near You - VenueConnect","Find the perfect engagement venue in Odhav, Ahmedabad. Compare halls, farmhouses & party plots near Odhav. Get instant leads & free quotes on VenueConnect.","Best Engagement Venues in Odhav, Ahmedabad",engagement venues in Odhav Ahmedabad,"engagement venue Odhav, engagement hall near Odhav Ahmedabad, engagement venue near Odhav",Transactional (Hyper-local),High
Event + City Area,"Corporate Event Venues in Odhav, Ahmedabad | VenueConnect",/ahmedabad/odhav/corporate-event-venues/,"Best Corporate Event Venues in Odhav, Ahmedabad | Book Near You - VenueConnect","Find the perfect corporate event venue in Odhav, Ahmedabad. Compare halls, farmhouses & party plots near Odhav. Get instant leads & free quotes on VenueConnect.","Best Corporate Event Venues in Odhav, Ahmedabad",corporate event venues in Odhav Ahmedabad,"corporate event venue Odhav, corporate event hall near Odhav Ahmedabad, corporate event venue near Odhav",Transactional (Hyper-local),High
Event + City Area,"Reception Venues in Odhav, Ahmedabad | VenueConnect",/ahmedabad/odhav/reception-venues/,"Best Reception Venues in Odhav, Ahmedabad | Book Near You - VenueConnect","Find the perfect reception venue in Odhav, Ahmedabad. Compare halls, farmhouses & party plots near Odhav. Get instant leads & free quotes on VenueConnect.","Best Reception Venues in Odhav, Ahmedabad",reception venues in Odhav Ahmedabad,"reception venue Odhav, reception hall near Odhav Ahmedabad, reception venue near Odhav",Transactional (Hyper-local),High
Event + City Area,"Wedding Venues in Paldi, Ahmedabad | VenueConnect",/ahmedabad/paldi/wedding-venues/,"Best Wedding Venues in Paldi, Ahmedabad | Book Near You - VenueConnect","Find the perfect wedding venue in Paldi, Ahmedabad. Compare halls, farmhouses & party plots near Paldi. Get instant leads & free quotes on VenueConnect.","Best Wedding Venues in Paldi, Ahmedabad",wedding venues in Paldi Ahmedabad,"wedding venue Paldi, wedding hall near Paldi Ahmedabad, wedding venue near Paldi",Transactional (Hyper-local),High
Event + City Area,"Birthday Party Venues in Paldi, Ahmedabad | VenueConnect",/ahmedabad/paldi/birthday-party-venues/,"Best Birthday Party Venues in Paldi, Ahmedabad | Book Near You - VenueConnect","Find the perfect birthday party venue in Paldi, Ahmedabad. Compare halls, farmhouses & party plots near Paldi. Get instant leads & free quotes on VenueConnect.","Best Birthday Party Venues in Paldi, Ahmedabad",birthday party venues in Paldi Ahmedabad,"birthday party venue Paldi, birthday party hall near Paldi Ahmedabad, birthday party venue near Paldi",Transactional (Hyper-local),High
Event + City Area,"Engagement Venues in Paldi, Ahmedabad | VenueConnect",/ahmedabad/paldi/engagement-venues/,"Best Engagement Venues in Paldi, Ahmedabad | Book Near You - VenueConnect","Find the perfect engagement venue in Paldi, Ahmedabad. Compare halls, farmhouses & party plots near Paldi. Get instant leads & free quotes on VenueConnect.","Best Engagement Venues in Paldi, Ahmedabad",engagement venues in Paldi Ahmedabad,"engagement venue Paldi, engagement hall near Paldi Ahmedabad, engagement venue near Paldi",Transactional (Hyper-local),High
Event + City Area,"Corporate Event Venues in Paldi, Ahmedabad | VenueConnect",/ahmedabad/paldi/corporate-event-venues/,"Best Corporate Event Venues in Paldi, Ahmedabad | Book Near You - VenueConnect","Find the perfect corporate event venue in Paldi, Ahmedabad. Compare halls, farmhouses & party plots near Paldi. Get instant leads & free quotes on VenueConnect.","Best Corporate Event Venues in Paldi, Ahmedabad",corporate event venues in Paldi Ahmedabad,"corporate event venue Paldi, corporate event hall near Paldi Ahmedabad, corporate event venue near Paldi",Transactional (Hyper-local),High
Event + City Area,"Reception Venues in Paldi, Ahmedabad | VenueConnect",/ahmedabad/paldi/reception-venues/,"Best Reception Venues in Paldi, Ahmedabad | Book Near You - VenueConnect","Find the perfect reception venue in Paldi, Ahmedabad. Compare halls, farmhouses & party plots near Paldi. Get instant leads & free quotes on VenueConnect.","Best Reception Venues in Paldi, Ahmedabad",reception venues in Paldi Ahmedabad,"reception venue Paldi, reception hall near Paldi Ahmedabad, reception venue near Paldi",Transactional (Hyper-local),High
Event + City Area,"Wedding Venues in Rakhial, Ahmedabad | VenueConnect",/ahmedabad/rakhial/wedding-venues/,"Best Wedding Venues in Rakhial, Ahmedabad | Book Near You - VenueConnect","Find the perfect wedding venue in Rakhial, Ahmedabad. Compare halls, farmhouses & party plots near Rakhial. Get instant leads & free quotes on VenueConnect.","Best Wedding Venues in Rakhial, Ahmedabad",wedding venues in Rakhial Ahmedabad,"wedding venue Rakhial, wedding hall near Rakhial Ahmedabad, wedding venue near Rakhial",Transactional (Hyper-local),High
Event + City Area,"Birthday Party Venues in Rakhial, Ahmedabad | VenueConnect",/ahmedabad/rakhial/birthday-party-venues/,"Best Birthday Party Venues in Rakhial, Ahmedabad | Book Near You - VenueConnect","Find the perfect birthday party venue in Rakhial, Ahmedabad. Compare halls, farmhouses & party plots near Rakhial. Get instant leads & free quotes on VenueConnect.","Best Birthday Party Venues in Rakhial, Ahmedabad",birthday party venues in Rakhial Ahmedabad,"birthday party venue Rakhial, birthday party hall near Rakhial Ahmedabad, birthday party venue near Rakhial",Transactional (Hyper-local),High
Event + City Area,"Engagement Venues in Rakhial, Ahmedabad | VenueConnect",/ahmedabad/rakhial/engagement-venues/,"Best Engagement Venues in Rakhial, Ahmedabad | Book Near You - VenueConnect","Find the perfect engagement venue in Rakhial, Ahmedabad. Compare halls, farmhouses & party plots near Rakhial. Get instant leads & free quotes on VenueConnect.","Best Engagement Venues in Rakhial, Ahmedabad",engagement venues in Rakhial Ahmedabad,"engagement venue Rakhial, engagement hall near Rakhial Ahmedabad, engagement venue near Rakhial",Transactional (Hyper-local),High
Event + City Area,"Corporate Event Venues in Rakhial, Ahmedabad | VenueConnect",/ahmedabad/rakhial/corporate-event-venues/,"Best Corporate Event Venues in Rakhial, Ahmedabad | Book Near You - VenueConnect","Find the perfect corporate event venue in Rakhial, Ahmedabad. Compare halls, farmhouses & party plots near Rakhial. Get instant leads & free quotes on VenueConnect.","Best Corporate Event Venues in Rakhial, Ahmedabad",corporate event venues in Rakhial Ahmedabad,"corporate event venue Rakhial, corporate event hall near Rakhial Ahmedabad, corporate event venue near Rakhial",Transactional (Hyper-local),High
Event + City Area,"Reception Venues in Rakhial, Ahmedabad | VenueConnect",/ahmedabad/rakhial/reception-venues/,"Best Reception Venues in Rakhial, Ahmedabad | Book Near You - VenueConnect","Find the perfect reception venue in Rakhial, Ahmedabad. Compare halls, farmhouses & party plots near Rakhial. Get instant leads & free quotes on VenueConnect.","Best Reception Venues in Rakhial, Ahmedabad",reception venues in Rakhial Ahmedabad,"reception venue Rakhial, reception hall near Rakhial Ahmedabad, reception venue near Rakhial",Transactional (Hyper-local),High
Event + City Area,"Wedding Venues in Ranip, Ahmedabad | VenueConnect",/ahmedabad/ranip/wedding-venues/,"Best Wedding Venues in Ranip, Ahmedabad | Book Near You - VenueConnect","Find the perfect wedding venue in Ranip, Ahmedabad. Compare halls, farmhouses & party plots near Ranip. Get instant leads & free quotes on VenueConnect.","Best Wedding Venues in Ranip, Ahmedabad",wedding venues in Ranip Ahmedabad,"wedding venue Ranip, wedding hall near Ranip Ahmedabad, wedding venue near Ranip",Transactional (Hyper-local),High
Event + City Area,"Birthday Party Venues in Ranip, Ahmedabad | VenueConnect",/ahmedabad/ranip/birthday-party-venues/,"Best Birthday Party Venues in Ranip, Ahmedabad | Book Near You - VenueConnect","Find the perfect birthday party venue in Ranip, Ahmedabad. Compare halls, farmhouses & party plots near Ranip. Get instant leads & free quotes on VenueConnect.","Best Birthday Party Venues in Ranip, Ahmedabad",birthday party venues in Ranip Ahmedabad,"birthday party venue Ranip, birthday party hall near Ranip Ahmedabad, birthday party venue near Ranip",Transactional (Hyper-local),High
Event + City Area,"Engagement Venues in Ranip, Ahmedabad | VenueConnect",/ahmedabad/ranip/engagement-venues/,"Best Engagement Venues in Ranip, Ahmedabad | Book Near You - VenueConnect","Find the perfect engagement venue in Ranip, Ahmedabad. Compare halls, farmhouses & party plots near Ranip. Get instant leads & free quotes on VenueConnect.","Best Engagement Venues in Ranip, Ahmedabad",engagement venues in Ranip Ahmedabad,"engagement venue Ranip, engagement hall near Ranip Ahmedabad, engagement venue near Ranip",Transactional (Hyper-local),High
Event + City Area,"Corporate Event Venues in Ranip, Ahmedabad | VenueConnect",/ahmedabad/ranip/corporate-event-venues/,"Best Corporate Event Venues in Ranip, Ahmedabad | Book Near You - VenueConnect","Find the perfect corporate event venue in Ranip, Ahmedabad. Compare halls, farmhouses & party plots near Ranip. Get instant leads & free quotes on VenueConnect.","Best Corporate Event Venues in Ranip, Ahmedabad",corporate event venues in Ranip Ahmedabad,"corporate event venue Ranip, corporate event hall near Ranip Ahmedabad, corporate event venue near Ranip",Transactional (Hyper-local),High
Event + City Area,"Reception Venues in Ranip, Ahmedabad | VenueConnect",/ahmedabad/ranip/reception-venues/,"Best Reception Venues in Ranip, Ahmedabad | Book Near You - VenueConnect","Find the perfect reception venue in Ranip, Ahmedabad. Compare halls, farmhouses & party plots near Ranip. Get instant leads & free quotes on VenueConnect.","Best Reception Venues in Ranip, Ahmedabad",reception venues in Ranip Ahmedabad,"reception venue Ranip, reception hall near Ranip Ahmedabad, reception venue near Ranip",Transactional (Hyper-local),High
Event + City Area,"Wedding Venues in Sabarmati, Ahmedabad | VenueConnect",/ahmedabad/sabarmati/wedding-venues/,"Best Wedding Venues in Sabarmati, Ahmedabad | Book Near You - VenueConnect","Find the perfect wedding venue in Sabarmati, Ahmedabad. Compare halls, farmhouses & party plots near Sabarmati. Get instant leads & free quotes on VenueConnect.","Best Wedding Venues in Sabarmati, Ahmedabad",wedding venues in Sabarmati Ahmedabad,"wedding venue Sabarmati, wedding hall near Sabarmati Ahmedabad, wedding venue near Sabarmati",Transactional (Hyper-local),High
Event + City Area,"Birthday Party Venues in Sabarmati, Ahmedabad | VenueConnect",/ahmedabad/sabarmati/birthday-party-venues/,"Best Birthday Party Venues in Sabarmati, Ahmedabad | Book Near You - VenueConnect","Find the perfect birthday party venue in Sabarmati, Ahmedabad. Compare halls, farmhouses & party plots near Sabarmati. Get instant leads & free quotes on VenueConnect.","Best Birthday Party Venues in Sabarmati, Ahmedabad",birthday party venues in Sabarmati Ahmedabad,"birthday party venue Sabarmati, birthday party hall near Sabarmati Ahmedabad, birthday party venue near Sabarmati",Transactional (Hyper-local),High
Event + City Area,"Engagement Venues in Sabarmati, Ahmedabad | VenueConnect",/ahmedabad/sabarmati/engagement-venues/,"Best Engagement Venues in Sabarmati, Ahmedabad | Book Near You - VenueConnect","Find the perfect engagement venue in Sabarmati, Ahmedabad. Compare halls, farmhouses & party plots near Sabarmati. Get instant leads & free quotes on VenueConnect.","Best Engagement Venues in Sabarmati, Ahmedabad",engagement venues in Sabarmati Ahmedabad,"engagement venue Sabarmati, engagement hall near Sabarmati Ahmedabad, engagement venue near Sabarmati",Transactional (Hyper-local),High
Event + City Area,"Corporate Event Venues in Sabarmati, Ahmedabad | VenueConnect",/ahmedabad/sabarmati/corporate-event-venues/,"Best Corporate Event Venues in Sabarmati, Ahmedabad | Book Near You - VenueConnect","Find the perfect corporate event venue in Sabarmati, Ahmedabad. Compare halls, farmhouses & party plots near Sabarmati. Get instant leads & free quotes on VenueConnect.","Best Corporate Event Venues in Sabarmati, Ahmedabad",corporate event venues in Sabarmati Ahmedabad,"corporate event venue Sabarmati, corporate event hall near Sabarmati Ahmedabad, corporate event venue near Sabarmati",Transactional (Hyper-local),High
Event + City Area,"Reception Venues in Sabarmati, Ahmedabad | VenueConnect",/ahmedabad/sabarmati/reception-venues/,"Best Reception Venues in Sabarmati, Ahmedabad | Book Near You - VenueConnect","Find the perfect reception venue in Sabarmati, Ahmedabad. Compare halls, farmhouses & party plots near Sabarmati. Get instant leads & free quotes on VenueConnect.","Best Reception Venues in Sabarmati, Ahmedabad",reception venues in Sabarmati Ahmedabad,"reception venue Sabarmati, reception hall near Sabarmati Ahmedabad, reception venue near Sabarmati",Transactional (Hyper-local),High
Event + City Area,"Wedding Venues in Shahibaug, Ahmedabad | VenueConnect",/ahmedabad/shahibaug/wedding-venues/,"Best Wedding Venues in Shahibaug, Ahmedabad | Book Near You - VenueConnect","Find the perfect wedding venue in Shahibaug, Ahmedabad. Compare halls, farmhouses & party plots near Shahibaug. Get instant leads & free quotes on VenueConnect.","Best Wedding Venues in Shahibaug, Ahmedabad",wedding venues in Shahibaug Ahmedabad,"wedding venue Shahibaug, wedding hall near Shahibaug Ahmedabad, wedding venue near Shahibaug",Transactional (Hyper-local),High
Event + City Area,"Birthday Party Venues in Shahibaug, Ahmedabad | VenueConnect",/ahmedabad/shahibaug/birthday-party-venues/,"Best Birthday Party Venues in Shahibaug, Ahmedabad | Book Near You - VenueConnect","Find the perfect birthday party venue in Shahibaug, Ahmedabad. Compare halls, farmhouses & party plots near Shahibaug. Get instant leads & free quotes on VenueConnect.","Best Birthday Party Venues in Shahibaug, Ahmedabad",birthday party venues in Shahibaug Ahmedabad,"birthday party venue Shahibaug, birthday party hall near Shahibaug Ahmedabad, birthday party venue near Shahibaug",Transactional (Hyper-local),High
Event + City Area,"Engagement Venues in Shahibaug, Ahmedabad | VenueConnect",/ahmedabad/shahibaug/engagement-venues/,"Best Engagement Venues in Shahibaug, Ahmedabad | Book Near You - VenueConnect","Find the perfect engagement venue in Shahibaug, Ahmedabad. Compare halls, farmhouses & party plots near Shahibaug. Get instant leads & free quotes on VenueConnect.","Best Engagement Venues in Shahibaug, Ahmedabad",engagement venues in Shahibaug Ahmedabad,"engagement venue Shahibaug, engagement hall near Shahibaug Ahmedabad, engagement venue near Shahibaug",Transactional (Hyper-local),High
Event + City Area,"Corporate Event Venues in Shahibaug, Ahmedabad | VenueConnect",/ahmedabad/shahibaug/corporate-event-venues/,"Best Corporate Event Venues in Shahibaug, Ahmedabad | Book Near You - VenueConnect","Find the perfect corporate event venue in Shahibaug, Ahmedabad. Compare halls, farmhouses & party plots near Shahibaug. Get instant leads & free quotes on VenueConnect.","Best Corporate Event Venues in Shahibaug, Ahmedabad",corporate event venues in Shahibaug Ahmedabad,"corporate event venue Shahibaug, corporate event hall near Shahibaug Ahmedabad, corporate event venue near Shahibaug",Transactional (Hyper-local),High
Event + City Area,"Reception Venues in Shahibaug, Ahmedabad | VenueConnect",/ahmedabad/shahibaug/reception-venues/,"Best Reception Venues in Shahibaug, Ahmedabad | Book Near You - VenueConnect","Find the perfect reception venue in Shahibaug, Ahmedabad. Compare halls, farmhouses & party plots near Shahibaug. Get instant leads & free quotes on VenueConnect.","Best Reception Venues in Shahibaug, Ahmedabad",reception venues in Shahibaug Ahmedabad,"reception venue Shahibaug, reception hall near Shahibaug Ahmedabad, reception venue near Shahibaug",Transactional (Hyper-local),High
Event + City Area,"Wedding Venues in Shilaj, Ahmedabad | VenueConnect",/ahmedabad/shilaj/wedding-venues/,"Best Wedding Venues in Shilaj, Ahmedabad | Book Near You - VenueConnect","Find the perfect wedding venue in Shilaj, Ahmedabad. Compare halls, farmhouses & party plots near Shilaj. Get instant leads & free quotes on VenueConnect.","Best Wedding Venues in Shilaj, Ahmedabad",wedding venues in Shilaj Ahmedabad,"wedding venue Shilaj, wedding hall near Shilaj Ahmedabad, wedding venue near Shilaj",Transactional (Hyper-local),High
Event + City Area,"Birthday Party Venues in Shilaj, Ahmedabad | VenueConnect",/ahmedabad/shilaj/birthday-party-venues/,"Best Birthday Party Venues in Shilaj, Ahmedabad | Book Near You - VenueConnect","Find the perfect birthday party venue in Shilaj, Ahmedabad. Compare halls, farmhouses & party plots near Shilaj. Get instant leads & free quotes on VenueConnect.","Best Birthday Party Venues in Shilaj, Ahmedabad",birthday party venues in Shilaj Ahmedabad,"birthday party venue Shilaj, birthday party hall near Shilaj Ahmedabad, birthday party venue near Shilaj",Transactional (Hyper-local),High
Event + City Area,"Engagement Venues in Shilaj, Ahmedabad | VenueConnect",/ahmedabad/shilaj/engagement-venues/,"Best Engagement Venues in Shilaj, Ahmedabad | Book Near You - VenueConnect","Find the perfect engagement venue in Shilaj, Ahmedabad. Compare halls, farmhouses & party plots near Shilaj. Get instant leads & free quotes on VenueConnect.","Best Engagement Venues in Shilaj, Ahmedabad",engagement venues in Shilaj Ahmedabad,"engagement venue Shilaj, engagement hall near Shilaj Ahmedabad, engagement venue near Shilaj",Transactional (Hyper-local),High
Event + City Area,"Corporate Event Venues in Shilaj, Ahmedabad | VenueConnect",/ahmedabad/shilaj/corporate-event-venues/,"Best Corporate Event Venues in Shilaj, Ahmedabad | Book Near You - VenueConnect","Find the perfect corporate event venue in Shilaj, Ahmedabad. Compare halls, farmhouses & party plots near Shilaj. Get instant leads & free quotes on VenueConnect.","Best Corporate Event Venues in Shilaj, Ahmedabad",corporate event venues in Shilaj Ahmedabad,"corporate event venue Shilaj, corporate event hall near Shilaj Ahmedabad, corporate event venue near Shilaj",Transactional (Hyper-local),High
Event + City Area,"Reception Venues in Shilaj, Ahmedabad | VenueConnect",/ahmedabad/shilaj/reception-venues/,"Best Reception Venues in Shilaj, Ahmedabad | Book Near You - VenueConnect","Find the perfect reception venue in Shilaj, Ahmedabad. Compare halls, farmhouses & party plots near Shilaj. Get instant leads & free quotes on VenueConnect.","Best Reception Venues in Shilaj, Ahmedabad",reception venues in Shilaj Ahmedabad,"reception venue Shilaj, reception hall near Shilaj Ahmedabad, reception venue near Shilaj",Transactional (Hyper-local),High
Event + City Area,"Wedding Venues in South Bopal, Ahmedabad | VenueConnect",/ahmedabad/south-bopal/wedding-venues/,"Best Wedding Venues in South Bopal, Ahmedabad | Book Near You - VenueConnect","Find the perfect wedding venue in South Bopal, Ahmedabad. Compare halls, farmhouses & party plots near South Bopal. Get instant leads & free quotes on VenueConnect.","Best Wedding Venues in South Bopal, Ahmedabad",wedding venues in South Bopal Ahmedabad,"wedding venue South Bopal, wedding hall near South Bopal Ahmedabad, wedding venue near South Bopal",Transactional (Hyper-local),High
Event + City Area,"Birthday Party Venues in South Bopal, Ahmedabad | VenueConnect",/ahmedabad/south-bopal/birthday-party-venues/,"Best Birthday Party Venues in South Bopal, Ahmedabad | Book Near You - VenueConnect","Find the perfect birthday party venue in South Bopal, Ahmedabad. Compare halls, farmhouses & party plots near South Bopal. Get instant leads & free quotes on VenueConnect.","Best Birthday Party Venues in South Bopal, Ahmedabad",birthday party venues in South Bopal Ahmedabad,"birthday party venue South Bopal, birthday party hall near South Bopal Ahmedabad, birthday party venue near South Bopal",Transactional (Hyper-local),High
Event + City Area,"Engagement Venues in South Bopal, Ahmedabad | VenueConnect",/ahmedabad/south-bopal/engagement-venues/,"Best Engagement Venues in South Bopal, Ahmedabad | Book Near You - VenueConnect","Find the perfect engagement venue in South Bopal, Ahmedabad. Compare halls, farmhouses & party plots near South Bopal. Get instant leads & free quotes on VenueConnect.","Best Engagement Venues in South Bopal, Ahmedabad",engagement venues in South Bopal Ahmedabad,"engagement venue South Bopal, engagement hall near South Bopal Ahmedabad, engagement venue near South Bopal",Transactional (Hyper-local),High
Event + City Area,"Corporate Event Venues in South Bopal, Ahmedabad | VenueConnect",/ahmedabad/south-bopal/corporate-event-venues/,"Best Corporate Event Venues in South Bopal, Ahmedabad | Book Near You - VenueConnect","Find the perfect corporate event venue in South Bopal, Ahmedabad. Compare halls, farmhouses & party plots near South Bopal. Get instant leads & free quotes on VenueConnect.","Best Corporate Event Venues in South Bopal, Ahmedabad",corporate event venues in South Bopal Ahmedabad,"corporate event venue South Bopal, corporate event hall near South Bopal Ahmedabad, corporate event venue near South Bopal",Transactional (Hyper-local),High
Event + City Area,"Reception Venues in South Bopal, Ahmedabad | VenueConnect",/ahmedabad/south-bopal/reception-venues/,"Best Reception Venues in South Bopal, Ahmedabad | Book Near You - VenueConnect","Find the perfect reception venue in South Bopal, Ahmedabad. Compare halls, farmhouses & party plots near South Bopal. Get instant leads & free quotes on VenueConnect.","Best Reception Venues in South Bopal, Ahmedabad",reception venues in South Bopal Ahmedabad,"reception venue South Bopal, reception hall near South Bopal Ahmedabad, reception venue near South Bopal",Transactional (Hyper-local),High
Event + City Area,"Wedding Venues in Thaltej Cross Road, Ahmedabad | VenueConnect",/ahmedabad/thaltej-cross-road/wedding-venues/,"Best Wedding Venues in Thaltej Cross Road, Ahmedabad | Book Near You - VenueConnect","Find the perfect wedding venue in Thaltej Cross Road, Ahmedabad. Compare halls, farmhouses & party plots near Thaltej Cross Road. Get instant leads & free quotes on VenueConnect.","Best Wedding Venues in Thaltej Cross Road, Ahmedabad",wedding venues in Thaltej Cross Road Ahmedabad,"wedding venue Thaltej Cross Road, wedding hall near Thaltej Cross Road Ahmedabad, wedding venue near Thaltej Cross Road",Transactional (Hyper-local),High
Event + City Area,"Birthday Party Venues in Thaltej Cross Road, Ahmedabad | VenueConnect",/ahmedabad/thaltej-cross-road/birthday-party-venues/,"Best Birthday Party Venues in Thaltej Cross Road, Ahmedabad | Book Near You - VenueConnect","Find the perfect birthday party venue in Thaltej Cross Road, Ahmedabad. Compare halls, farmhouses & party plots near Thaltej Cross Road. Get instant leads & free quotes on VenueConnect.","Best Birthday Party Venues in Thaltej Cross Road, Ahmedabad",birthday party venues in Thaltej Cross Road Ahmedabad,"birthday party venue Thaltej Cross Road, birthday party hall near Thaltej Cross Road Ahmedabad, birthday party venue near Thaltej Cross Road",Transactional (Hyper-local),High
Event + City Area,"Engagement Venues in Thaltej Cross Road, Ahmedabad | VenueConnect",/ahmedabad/thaltej-cross-road/engagement-venues/,"Best Engagement Venues in Thaltej Cross Road, Ahmedabad | Book Near You - VenueConnect","Find the perfect engagement venue in Thaltej Cross Road, Ahmedabad. Compare halls, farmhouses & party plots near Thaltej Cross Road. Get instant leads & free quotes on VenueConnect.","Best Engagement Venues in Thaltej Cross Road, Ahmedabad",engagement venues in Thaltej Cross Road Ahmedabad,"engagement venue Thaltej Cross Road, engagement hall near Thaltej Cross Road Ahmedabad, engagement venue near Thaltej Cross Road",Transactional (Hyper-local),High
Event + City Area,"Corporate Event Venues in Thaltej Cross Road, Ahmedabad | VenueConnect",/ahmedabad/thaltej-cross-road/corporate-event-venues/,"Best Corporate Event Venues in Thaltej Cross Road, Ahmedabad | Book Near You - VenueConnect","Find the perfect corporate event venue in Thaltej Cross Road, Ahmedabad. Compare halls, farmhouses & party plots near Thaltej Cross Road. Get instant leads & free quotes on VenueConnect.","Best Corporate Event Venues in Thaltej Cross Road, Ahmedabad",corporate event venues in Thaltej Cross Road Ahmedabad,"corporate event venue Thaltej Cross Road, corporate event hall near Thaltej Cross Road Ahmedabad, corporate event venue near Thaltej Cross Road",Transactional (Hyper-local),High
Event + City Area,"Reception Venues in Thaltej Cross Road, Ahmedabad | VenueConnect",/ahmedabad/thaltej-cross-road/reception-venues/,"Best Reception Venues in Thaltej Cross Road, Ahmedabad | Book Near You - VenueConnect","Find the perfect reception venue in Thaltej Cross Road, Ahmedabad. Compare halls, farmhouses & party plots near Thaltej Cross Road. Get instant leads & free quotes on VenueConnect.","Best Reception Venues in Thaltej Cross Road, Ahmedabad",reception venues in Thaltej Cross Road Ahmedabad,"reception venue Thaltej Cross Road, reception hall near Thaltej Cross Road Ahmedabad, reception venue near Thaltej Cross Road",Transactional (Hyper-local),High
Event + City Area,"Wedding Venues in Tragad, Ahmedabad | VenueConnect",/ahmedabad/tragad/wedding-venues/,"Best Wedding Venues in Tragad, Ahmedabad | Book Near You - VenueConnect","Find the perfect wedding venue in Tragad, Ahmedabad. Compare halls, farmhouses & party plots near Tragad. Get instant leads & free quotes on VenueConnect.","Best Wedding Venues in Tragad, Ahmedabad",wedding venues in Tragad Ahmedabad,"wedding venue Tragad, wedding hall near Tragad Ahmedabad, wedding venue near Tragad",Transactional (Hyper-local),High
Event + City Area,"Birthday Party Venues in Tragad, Ahmedabad | VenueConnect",/ahmedabad/tragad/birthday-party-venues/,"Best Birthday Party Venues in Tragad, Ahmedabad | Book Near You - VenueConnect","Find the perfect birthday party venue in Tragad, Ahmedabad. Compare halls, farmhouses & party plots near Tragad. Get instant leads & free quotes on VenueConnect.","Best Birthday Party Venues in Tragad, Ahmedabad",birthday party venues in Tragad Ahmedabad,"birthday party venue Tragad, birthday party hall near Tragad Ahmedabad, birthday party venue near Tragad",Transactional (Hyper-local),High
Event + City Area,"Engagement Venues in Tragad, Ahmedabad | VenueConnect",/ahmedabad/tragad/engagement-venues/,"Best Engagement Venues in Tragad, Ahmedabad | Book Near You - VenueConnect","Find the perfect engagement venue in Tragad, Ahmedabad. Compare halls, farmhouses & party plots near Tragad. Get instant leads & free quotes on VenueConnect.","Best Engagement Venues in Tragad, Ahmedabad",engagement venues in Tragad Ahmedabad,"engagement venue Tragad, engagement hall near Tragad Ahmedabad, engagement venue near Tragad",Transactional (Hyper-local),High
Event + City Area,"Corporate Event Venues in Tragad, Ahmedabad | VenueConnect",/ahmedabad/tragad/corporate-event-venues/,"Best Corporate Event Venues in Tragad, Ahmedabad | Book Near You - VenueConnect","Find the perfect corporate event venue in Tragad, Ahmedabad. Compare halls, farmhouses & party plots near Tragad. Get instant leads & free quotes on VenueConnect.","Best Corporate Event Venues in Tragad, Ahmedabad",corporate event venues in Tragad Ahmedabad,"corporate event venue Tragad, corporate event hall near Tragad Ahmedabad, corporate event venue near Tragad",Transactional (Hyper-local),High
Event + City Area,"Reception Venues in Tragad, Ahmedabad | VenueConnect",/ahmedabad/tragad/reception-venues/,"Best Reception Venues in Tragad, Ahmedabad | Book Near You - VenueConnect","Find the perfect reception venue in Tragad, Ahmedabad. Compare halls, farmhouses & party plots near Tragad. Get instant leads & free quotes on VenueConnect.","Best Reception Venues in Tragad, Ahmedabad",reception venues in Tragad Ahmedabad,"reception venue Tragad, reception hall near Tragad Ahmedabad, reception venue near Tragad",Transactional (Hyper-local),High
Event + City Area,"Wedding Venues in Vatva, Ahmedabad | VenueConnect",/ahmedabad/vatva/wedding-venues/,"Best Wedding Venues in Vatva, Ahmedabad | Book Near You - VenueConnect","Find the perfect wedding venue in Vatva, Ahmedabad. Compare halls, farmhouses & party plots near Vatva. Get instant leads & free quotes on VenueConnect.","Best Wedding Venues in Vatva, Ahmedabad",wedding venues in Vatva Ahmedabad,"wedding venue Vatva, wedding hall near Vatva Ahmedabad, wedding venue near Vatva",Transactional (Hyper-local),High
Event + City Area,"Birthday Party Venues in Vatva, Ahmedabad | VenueConnect",/ahmedabad/vatva/birthday-party-venues/,"Best Birthday Party Venues in Vatva, Ahmedabad | Book Near You - VenueConnect","Find the perfect birthday party venue in Vatva, Ahmedabad. Compare halls, farmhouses & party plots near Vatva. Get instant leads & free quotes on VenueConnect.","Best Birthday Party Venues in Vatva, Ahmedabad",birthday party venues in Vatva Ahmedabad,"birthday party venue Vatva, birthday party hall near Vatva Ahmedabad, birthday party venue near Vatva",Transactional (Hyper-local),High
Event + City Area,"Engagement Venues in Vatva, Ahmedabad | VenueConnect",/ahmedabad/vatva/engagement-venues/,"Best Engagement Venues in Vatva, Ahmedabad | Book Near You - VenueConnect","Find the perfect engagement venue in Vatva, Ahmedabad. Compare halls, farmhouses & party plots near Vatva. Get instant leads & free quotes on VenueConnect.","Best Engagement Venues in Vatva, Ahmedabad",engagement venues in Vatva Ahmedabad,"engagement venue Vatva, engagement hall near Vatva Ahmedabad, engagement venue near Vatva",Transactional (Hyper-local),High
Event + City Area,"Corporate Event Venues in Vatva, Ahmedabad | VenueConnect",/ahmedabad/vatva/corporate-event-venues/,"Best Corporate Event Venues in Vatva, Ahmedabad | Book Near You - VenueConnect","Find the perfect corporate event venue in Vatva, Ahmedabad. Compare halls, farmhouses & party plots near Vatva. Get instant leads & free quotes on VenueConnect.","Best Corporate Event Venues in Vatva, Ahmedabad",corporate event venues in Vatva Ahmedabad,"corporate event venue Vatva, corporate event hall near Vatva Ahmedabad, corporate event venue near Vatva",Transactional (Hyper-local),High
Event + City Area,"Reception Venues in Vatva, Ahmedabad | VenueConnect",/ahmedabad/vatva/reception-venues/,"Best Reception Venues in Vatva, Ahmedabad | Book Near You - VenueConnect","Find the perfect reception venue in Vatva, Ahmedabad. Compare halls, farmhouses & party plots near Vatva. Get instant leads & free quotes on VenueConnect.","Best Reception Venues in Vatva, Ahmedabad",reception venues in Vatva Ahmedabad,"reception venue Vatva, reception hall near Vatva Ahmedabad, reception venue near Vatva",Transactional (Hyper-local),High
Event + City Area,"Wedding Venues in Vejalpur, Ahmedabad | VenueConnect",/ahmedabad/vejalpur/wedding-venues/,"Best Wedding Venues in Vejalpur, Ahmedabad | Book Near You - VenueConnect","Find the perfect wedding venue in Vejalpur, Ahmedabad. Compare halls, farmhouses & party plots near Vejalpur. Get instant leads & free quotes on VenueConnect.","Best Wedding Venues in Vejalpur, Ahmedabad",wedding venues in Vejalpur Ahmedabad,"wedding venue Vejalpur, wedding hall near Vejalpur Ahmedabad, wedding venue near Vejalpur",Transactional (Hyper-local),High
Event + City Area,"Birthday Party Venues in Vejalpur, Ahmedabad | VenueConnect",/ahmedabad/vejalpur/birthday-party-venues/,"Best Birthday Party Venues in Vejalpur, Ahmedabad | Book Near You - VenueConnect","Find the perfect birthday party venue in Vejalpur, Ahmedabad. Compare halls, farmhouses & party plots near Vejalpur. Get instant leads & free quotes on VenueConnect.","Best Birthday Party Venues in Vejalpur, Ahmedabad",birthday party venues in Vejalpur Ahmedabad,"birthday party venue Vejalpur, birthday party hall near Vejalpur Ahmedabad, birthday party venue near Vejalpur",Transactional (Hyper-local),High
Event + City Area,"Engagement Venues in Vejalpur, Ahmedabad | VenueConnect",/ahmedabad/vejalpur/engagement-venues/,"Best Engagement Venues in Vejalpur, Ahmedabad | Book Near You - VenueConnect","Find the perfect engagement venue in Vejalpur, Ahmedabad. Compare halls, farmhouses & party plots near Vejalpur. Get instant leads & free quotes on VenueConnect.","Best Engagement Venues in Vejalpur, Ahmedabad",engagement venues in Vejalpur Ahmedabad,"engagement venue Vejalpur, engagement hall near Vejalpur Ahmedabad, engagement venue near Vejalpur",Transactional (Hyper-local),High
Event + City Area,"Corporate Event Venues in Vejalpur, Ahmedabad | VenueConnect",/ahmedabad/vejalpur/corporate-event-venues/,"Best Corporate Event Venues in Vejalpur, Ahmedabad | Book Near You - VenueConnect","Find the perfect corporate event venue in Vejalpur, Ahmedabad. Compare halls, farmhouses & party plots near Vejalpur. Get instant leads & free quotes on VenueConnect.","Best Corporate Event Venues in Vejalpur, Ahmedabad",corporate event venues in Vejalpur Ahmedabad,"corporate event venue Vejalpur, corporate event hall near Vejalpur Ahmedabad, corporate event venue near Vejalpur",Transactional (Hyper-local),High
Event + City Area,"Reception Venues in Vejalpur, Ahmedabad | VenueConnect",/ahmedabad/vejalpur/reception-venues/,"Best Reception Venues in Vejalpur, Ahmedabad | Book Near You - VenueConnect","Find the perfect reception venue in Vejalpur, Ahmedabad. Compare halls, farmhouses & party plots near Vejalpur. Get instant leads & free quotes on VenueConnect.","Best Reception Venues in Vejalpur, Ahmedabad",reception venues in Vejalpur Ahmedabad,"reception venue Vejalpur, reception hall near Vejalpur Ahmedabad, reception venue near Vejalpur",Transactional (Hyper-local),High
Event + City Area,"Wedding Venues in Visat, Ahmedabad | VenueConnect",/ahmedabad/visat/wedding-venues/,"Best Wedding Venues in Visat, Ahmedabad | Book Near You - VenueConnect","Find the perfect wedding venue in Visat, Ahmedabad. Compare halls, farmhouses & party plots near Visat. Get instant leads & free quotes on VenueConnect.","Best Wedding Venues in Visat, Ahmedabad",wedding venues in Visat Ahmedabad,"wedding venue Visat, wedding hall near Visat Ahmedabad, wedding venue near Visat",Transactional (Hyper-local),High
Event + City Area,"Birthday Party Venues in Visat, Ahmedabad | VenueConnect",/ahmedabad/visat/birthday-party-venues/,"Best Birthday Party Venues in Visat, Ahmedabad | Book Near You - VenueConnect","Find the perfect birthday party venue in Visat, Ahmedabad. Compare halls, farmhouses & party plots near Visat. Get instant leads & free quotes on VenueConnect.","Best Birthday Party Venues in Visat, Ahmedabad",birthday party venues in Visat Ahmedabad,"birthday party venue Visat, birthday party hall near Visat Ahmedabad, birthday party venue near Visat",Transactional (Hyper-local),High
Event + City Area,"Engagement Venues in Visat, Ahmedabad | VenueConnect",/ahmedabad/visat/engagement-venues/,"Best Engagement Venues in Visat, Ahmedabad | Book Near You - VenueConnect","Find the perfect engagement venue in Visat, Ahmedabad. Compare halls, farmhouses & party plots near Visat. Get instant leads & free quotes on VenueConnect.","Best Engagement Venues in Visat, Ahmedabad",engagement venues in Visat Ahmedabad,"engagement venue Visat, engagement hall near Visat Ahmedabad, engagement venue near Visat",Transactional (Hyper-local),High
Event + City Area,"Corporate Event Venues in Visat, Ahmedabad | VenueConnect",/ahmedabad/visat/corporate-event-venues/,"Best Corporate Event Venues in Visat, Ahmedabad | Book Near You - VenueConnect","Find the perfect corporate event venue in Visat, Ahmedabad. Compare halls, farmhouses & party plots near Visat. Get instant leads & free quotes on VenueConnect.","Best Corporate Event Venues in Visat, Ahmedabad",corporate event venues in Visat Ahmedabad,"corporate event venue Visat, corporate event hall near Visat Ahmedabad, corporate event venue near Visat",Transactional (Hyper-local),High
Event + City Area,"Reception Venues in Visat, Ahmedabad | VenueConnect",/ahmedabad/visat/reception-venues/,"Best Reception Venues in Visat, Ahmedabad | Book Near You - VenueConnect","Find the perfect reception venue in Visat, Ahmedabad. Compare halls, farmhouses & party plots near Visat. Get instant leads & free quotes on VenueConnect.","Best Reception Venues in Visat, Ahmedabad",reception venues in Visat Ahmedabad,"reception venue Visat, reception hall near Visat Ahmedabad, reception venue near Visat",Transactional (Hyper-local),High
Event + City Area,"Wedding Venues in Zundal, Ahmedabad | VenueConnect",/ahmedabad/zundal/wedding-venues/,"Best Wedding Venues in Zundal, Ahmedabad | Book Near You - VenueConnect","Find the perfect wedding venue in Zundal, Ahmedabad. Compare halls, farmhouses & party plots near Zundal. Get instant leads & free quotes on VenueConnect.","Best Wedding Venues in Zundal, Ahmedabad",wedding venues in Zundal Ahmedabad,"wedding venue Zundal, wedding hall near Zundal Ahmedabad, wedding venue near Zundal",Transactional (Hyper-local),High
Event + City Area,"Birthday Party Venues in Zundal, Ahmedabad | VenueConnect",/ahmedabad/zundal/birthday-party-venues/,"Best Birthday Party Venues in Zundal, Ahmedabad | Book Near You - VenueConnect","Find the perfect birthday party venue in Zundal, Ahmedabad. Compare halls, farmhouses & party plots near Zundal. Get instant leads & free quotes on VenueConnect.","Best Birthday Party Venues in Zundal, Ahmedabad",birthday party venues in Zundal Ahmedabad,"birthday party venue Zundal, birthday party hall near Zundal Ahmedabad, birthday party venue near Zundal",Transactional (Hyper-local),High
Event + City Area,"Engagement Venues in Zundal, Ahmedabad | VenueConnect",/ahmedabad/zundal/engagement-venues/,"Best Engagement Venues in Zundal, Ahmedabad | Book Near You - VenueConnect","Find the perfect engagement venue in Zundal, Ahmedabad. Compare halls, farmhouses & party plots near Zundal. Get instant leads & free quotes on VenueConnect.","Best Engagement Venues in Zundal, Ahmedabad",engagement venues in Zundal Ahmedabad,"engagement venue Zundal, engagement hall near Zundal Ahmedabad, engagement venue near Zundal",Transactional (Hyper-local),High
Event + City Area,"Corporate Event Venues in Zundal, Ahmedabad | VenueConnect",/ahmedabad/zundal/corporate-event-venues/,"Best Corporate Event Venues in Zundal, Ahmedabad | Book Near You - VenueConnect","Find the perfect corporate event venue in Zundal, Ahmedabad. Compare halls, farmhouses & party plots near Zundal. Get instant leads & free quotes on VenueConnect.","Best Corporate Event Venues in Zundal, Ahmedabad",corporate event venues in Zundal Ahmedabad,"corporate event venue Zundal, corporate event hall near Zundal Ahmedabad, corporate event venue near Zundal",Transactional (Hyper-local),High
Event + City Area,"Reception Venues in Zundal, Ahmedabad | VenueConnect",/ahmedabad/zundal/reception-venues/,"Best Reception Venues in Zundal, Ahmedabad | Book Near You - VenueConnect","Find the perfect reception venue in Zundal, Ahmedabad. Compare halls, farmhouses & party plots near Zundal. Get instant leads & free quotes on VenueConnect.","Best Reception Venues in Zundal, Ahmedabad",reception venues in Zundal Ahmedabad,"reception venue Zundal, reception hall near Zundal Ahmedabad, reception venue near Zundal",Transactional (Hyper-local),High
Event + City Area,"Wedding Venues in Bapunagar, Ahmedabad | VenueConnect",/ahmedabad/bapunagar/wedding-venues/,"Best Wedding Venues in Bapunagar, Ahmedabad | Book Near You - VenueConnect","Find the perfect wedding venue in Bapunagar, Ahmedabad. Compare halls, farmhouses & party plots near Bapunagar. Get instant leads & free quotes on VenueConnect.","Best Wedding Venues in Bapunagar, Ahmedabad",wedding venues in Bapunagar Ahmedabad,"wedding venue Bapunagar, wedding hall near Bapunagar Ahmedabad, wedding venue near Bapunagar",Transactional (Hyper-local),High
Event + City Area,"Birthday Party Venues in Bapunagar, Ahmedabad | VenueConnect",/ahmedabad/bapunagar/birthday-party-venues/,"Best Birthday Party Venues in Bapunagar, Ahmedabad | Book Near You - VenueConnect","Find the perfect birthday party venue in Bapunagar, Ahmedabad. Compare halls, farmhouses & party plots near Bapunagar. Get instant leads & free quotes on VenueConnect.","Best Birthday Party Venues in Bapunagar, Ahmedabad",birthday party venues in Bapunagar Ahmedabad,"birthday party venue Bapunagar, birthday party hall near Bapunagar Ahmedabad, birthday party venue near Bapunagar",Transactional (Hyper-local),High
Event + City Area,"Engagement Venues in Bapunagar, Ahmedabad | VenueConnect",/ahmedabad/bapunagar/engagement-venues/,"Best Engagement Venues in Bapunagar, Ahmedabad | Book Near You - VenueConnect","Find the perfect engagement venue in Bapunagar, Ahmedabad. Compare halls, farmhouses & party plots near Bapunagar. Get instant leads & free quotes on VenueConnect.","Best Engagement Venues in Bapunagar, Ahmedabad",engagement venues in Bapunagar Ahmedabad,"engagement venue Bapunagar, engagement hall near Bapunagar Ahmedabad, engagement venue near Bapunagar",Transactional (Hyper-local),High
Event + City Area,"Corporate Event Venues in Bapunagar, Ahmedabad | VenueConnect",/ahmedabad/bapunagar/corporate-event-venues/,"Best Corporate Event Venues in Bapunagar, Ahmedabad | Book Near You - VenueConnect","Find the perfect corporate event venue in Bapunagar, Ahmedabad. Compare halls, farmhouses & party plots near Bapunagar. Get instant leads & free quotes on VenueConnect.","Best Corporate Event Venues in Bapunagar, Ahmedabad",corporate event venues in Bapunagar Ahmedabad,"corporate event venue Bapunagar, corporate event hall near Bapunagar Ahmedabad, corporate event venue near Bapunagar",Transactional (Hyper-local),High
Event + City Area,"Reception Venues in Bapunagar, Ahmedabad | VenueConnect",/ahmedabad/bapunagar/reception-venues/,"Best Reception Venues in Bapunagar, Ahmedabad | Book Near You - VenueConnect","Find the perfect reception venue in Bapunagar, Ahmedabad. Compare halls, farmhouses & party plots near Bapunagar. Get instant leads & free quotes on VenueConnect.","Best Reception Venues in Bapunagar, Ahmedabad",reception venues in Bapunagar Ahmedabad,"reception venue Bapunagar, reception hall near Bapunagar Ahmedabad, reception venue near Bapunagar",Transactional (Hyper-local),High
Event + City Area,"Wedding Venues in Gomtipur, Ahmedabad | VenueConnect",/ahmedabad/gomtipur/wedding-venues/,"Best Wedding Venues in Gomtipur, Ahmedabad | Book Near You - VenueConnect","Find the perfect wedding venue in Gomtipur, Ahmedabad. Compare halls, farmhouses & party plots near Gomtipur. Get instant leads & free quotes on VenueConnect.","Best Wedding Venues in Gomtipur, Ahmedabad",wedding venues in Gomtipur Ahmedabad,"wedding venue Gomtipur, wedding hall near Gomtipur Ahmedabad, wedding venue near Gomtipur",Transactional (Hyper-local),High
Event + City Area,"Birthday Party Venues in Gomtipur, Ahmedabad | VenueConnect",/ahmedabad/gomtipur/birthday-party-venues/,"Best Birthday Party Venues in Gomtipur, Ahmedabad | Book Near You - VenueConnect","Find the perfect birthday party venue in Gomtipur, Ahmedabad. Compare halls, farmhouses & party plots near Gomtipur. Get instant leads & free quotes on VenueConnect.","Best Birthday Party Venues in Gomtipur, Ahmedabad",birthday party venues in Gomtipur Ahmedabad,"birthday party venue Gomtipur, birthday party hall near Gomtipur Ahmedabad, birthday party venue near Gomtipur",Transactional (Hyper-local),High
Event + City Area,"Engagement Venues in Gomtipur, Ahmedabad | VenueConnect",/ahmedabad/gomtipur/engagement-venues/,"Best Engagement Venues in Gomtipur, Ahmedabad | Book Near You - VenueConnect","Find the perfect engagement venue in Gomtipur, Ahmedabad. Compare halls, farmhouses & party plots near Gomtipur. Get instant leads & free quotes on VenueConnect.","Best Engagement Venues in Gomtipur, Ahmedabad",engagement venues in Gomtipur Ahmedabad,"engagement venue Gomtipur, engagement hall near Gomtipur Ahmedabad, engagement venue near Gomtipur",Transactional (Hyper-local),High
Event + City Area,"Corporate Event Venues in Gomtipur, Ahmedabad | VenueConnect",/ahmedabad/gomtipur/corporate-event-venues/,"Best Corporate Event Venues in Gomtipur, Ahmedabad | Book Near You - VenueConnect","Find the perfect corporate event venue in Gomtipur, Ahmedabad. Compare halls, farmhouses & party plots near Gomtipur. Get instant leads & free quotes on VenueConnect.","Best Corporate Event Venues in Gomtipur, Ahmedabad",corporate event venues in Gomtipur Ahmedabad,"corporate event venue Gomtipur, corporate event hall near Gomtipur Ahmedabad, corporate event venue near Gomtipur",Transactional (Hyper-local),High
Event + City Area,"Reception Venues in Gomtipur, Ahmedabad | VenueConnect",/ahmedabad/gomtipur/reception-venues/,"Best Reception Venues in Gomtipur, Ahmedabad | Book Near You - VenueConnect","Find the perfect reception venue in Gomtipur, Ahmedabad. Compare halls, farmhouses & party plots near Gomtipur. Get instant leads & free quotes on VenueConnect.","Best Reception Venues in Gomtipur, Ahmedabad",reception venues in Gomtipur Ahmedabad,"reception venue Gomtipur, reception hall near Gomtipur Ahmedabad, reception venue near Gomtipur",Transactional (Hyper-local),High
Event + City Area,"Wedding Venues in Hathijan, Ahmedabad | VenueConnect",/ahmedabad/hathijan/wedding-venues/,"Best Wedding Venues in Hathijan, Ahmedabad | Book Near You - VenueConnect","Find the perfect wedding venue in Hathijan, Ahmedabad. Compare halls, farmhouses & party plots near Hathijan. Get instant leads & free quotes on VenueConnect.","Best Wedding Venues in Hathijan, Ahmedabad",wedding venues in Hathijan Ahmedabad,"wedding venue Hathijan, wedding hall near Hathijan Ahmedabad, wedding venue near Hathijan",Transactional (Hyper-local),High
Event + City Area,"Birthday Party Venues in Hathijan, Ahmedabad | VenueConnect",/ahmedabad/hathijan/birthday-party-venues/,"Best Birthday Party Venues in Hathijan, Ahmedabad | Book Near You - VenueConnect","Find the perfect birthday party venue in Hathijan, Ahmedabad. Compare halls, farmhouses & party plots near Hathijan. Get instant leads & free quotes on VenueConnect.","Best Birthday Party Venues in Hathijan, Ahmedabad",birthday party venues in Hathijan Ahmedabad,"birthday party venue Hathijan, birthday party hall near Hathijan Ahmedabad, birthday party venue near Hathijan",Transactional (Hyper-local),High
Event + City Area,"Engagement Venues in Hathijan, Ahmedabad | VenueConnect",/ahmedabad/hathijan/engagement-venues/,"Best Engagement Venues in Hathijan, Ahmedabad | Book Near You - VenueConnect","Find the perfect engagement venue in Hathijan, Ahmedabad. Compare halls, farmhouses & party plots near Hathijan. Get instant leads & free quotes on VenueConnect.","Best Engagement Venues in Hathijan, Ahmedabad",engagement venues in Hathijan Ahmedabad,"engagement venue Hathijan, engagement hall near Hathijan Ahmedabad, engagement venue near Hathijan",Transactional (Hyper-local),High
Event + City Area,"Corporate Event Venues in Hathijan, Ahmedabad | VenueConnect",/ahmedabad/hathijan/corporate-event-venues/,"Best Corporate Event Venues in Hathijan, Ahmedabad | Book Near You - VenueConnect","Find the perfect corporate event venue in Hathijan, Ahmedabad. Compare halls, farmhouses & party plots near Hathijan. Get instant leads & free quotes on VenueConnect.","Best Corporate Event Venues in Hathijan, Ahmedabad",corporate event venues in Hathijan Ahmedabad,"corporate event venue Hathijan, corporate event hall near Hathijan Ahmedabad, corporate event venue near Hathijan",Transactional (Hyper-local),High
Event + City Area,"Reception Venues in Hathijan, Ahmedabad | VenueConnect",/ahmedabad/hathijan/reception-venues/,"Best Reception Venues in Hathijan, Ahmedabad | Book Near You - VenueConnect","Find the perfect reception venue in Hathijan, Ahmedabad. Compare halls, farmhouses & party plots near Hathijan. Get instant leads & free quotes on VenueConnect.","Best Reception Venues in Hathijan, Ahmedabad",reception venues in Hathijan Ahmedabad,"reception venue Hathijan, reception hall near Hathijan Ahmedabad, reception venue near Hathijan",Transactional (Hyper-local),High
Event + City Area,"Wedding Venues in Isanpur, Ahmedabad | VenueConnect",/ahmedabad/isanpur/wedding-venues/,"Best Wedding Venues in Isanpur, Ahmedabad | Book Near You - VenueConnect","Find the perfect wedding venue in Isanpur, Ahmedabad. Compare halls, farmhouses & party plots near Isanpur. Get instant leads & free quotes on VenueConnect.","Best Wedding Venues in Isanpur, Ahmedabad",wedding venues in Isanpur Ahmedabad,"wedding venue Isanpur, wedding hall near Isanpur Ahmedabad, wedding venue near Isanpur",Transactional (Hyper-local),High
Event + City Area,"Birthday Party Venues in Isanpur, Ahmedabad | VenueConnect",/ahmedabad/isanpur/birthday-party-venues/,"Best Birthday Party Venues in Isanpur, Ahmedabad | Book Near You - VenueConnect","Find the perfect birthday party venue in Isanpur, Ahmedabad. Compare halls, farmhouses & party plots near Isanpur. Get instant leads & free quotes on VenueConnect.","Best Birthday Party Venues in Isanpur, Ahmedabad",birthday party venues in Isanpur Ahmedabad,"birthday party venue Isanpur, birthday party hall near Isanpur Ahmedabad, birthday party venue near Isanpur",Transactional (Hyper-local),High
Event + City Area,"Engagement Venues in Isanpur, Ahmedabad | VenueConnect",/ahmedabad/isanpur/engagement-venues/,"Best Engagement Venues in Isanpur, Ahmedabad | Book Near You - VenueConnect","Find the perfect engagement venue in Isanpur, Ahmedabad. Compare halls, farmhouses & party plots near Isanpur. Get instant leads & free quotes on VenueConnect.","Best Engagement Venues in Isanpur, Ahmedabad",engagement venues in Isanpur Ahmedabad,"engagement venue Isanpur, engagement hall near Isanpur Ahmedabad, engagement venue near Isanpur",Transactional (Hyper-local),High
Event + City Area,"Corporate Event Venues in Isanpur, Ahmedabad | VenueConnect",/ahmedabad/isanpur/corporate-event-venues/,"Best Corporate Event Venues in Isanpur, Ahmedabad | Book Near You - VenueConnect","Find the perfect corporate event venue in Isanpur, Ahmedabad. Compare halls, farmhouses & party plots near Isanpur. Get instant leads & free quotes on VenueConnect.","Best Corporate Event Venues in Isanpur, Ahmedabad",corporate event venues in Isanpur Ahmedabad,"corporate event venue Isanpur, corporate event hall near Isanpur Ahmedabad, corporate event venue near Isanpur",Transactional (Hyper-local),High
Event + City Area,"Reception Venues in Isanpur, Ahmedabad | VenueConnect",/ahmedabad/isanpur/reception-venues/,"Best Reception Venues in Isanpur, Ahmedabad | Book Near You - VenueConnect","Find the perfect reception venue in Isanpur, Ahmedabad. Compare halls, farmhouses & party plots near Isanpur. Get instant leads & free quotes on VenueConnect.","Best Reception Venues in Isanpur, Ahmedabad",reception venues in Isanpur Ahmedabad,"reception venue Isanpur, reception hall near Isanpur Ahmedabad, reception venue near Isanpur",Transactional (Hyper-local),High
Event + City Area,"Wedding Venues in Jagatpur, Ahmedabad | VenueConnect",/ahmedabad/jagatpur/wedding-venues/,"Best Wedding Venues in Jagatpur, Ahmedabad | Book Near You - VenueConnect","Find the perfect wedding venue in Jagatpur, Ahmedabad. Compare halls, farmhouses & party plots near Jagatpur. Get instant leads & free quotes on VenueConnect.","Best Wedding Venues in Jagatpur, Ahmedabad",wedding venues in Jagatpur Ahmedabad,"wedding venue Jagatpur, wedding hall near Jagatpur Ahmedabad, wedding venue near Jagatpur",Transactional (Hyper-local),High
Event + City Area,"Birthday Party Venues in Jagatpur, Ahmedabad | VenueConnect",/ahmedabad/jagatpur/birthday-party-venues/,"Best Birthday Party Venues in Jagatpur, Ahmedabad | Book Near You - VenueConnect","Find the perfect birthday party venue in Jagatpur, Ahmedabad. Compare halls, farmhouses & party plots near Jagatpur. Get instant leads & free quotes on VenueConnect.","Best Birthday Party Venues in Jagatpur, Ahmedabad",birthday party venues in Jagatpur Ahmedabad,"birthday party venue Jagatpur, birthday party hall near Jagatpur Ahmedabad, birthday party venue near Jagatpur",Transactional (Hyper-local),High
Event + City Area,"Engagement Venues in Jagatpur, Ahmedabad | VenueConnect",/ahmedabad/jagatpur/engagement-venues/,"Best Engagement Venues in Jagatpur, Ahmedabad | Book Near You - VenueConnect","Find the perfect engagement venue in Jagatpur, Ahmedabad. Compare halls, farmhouses & party plots near Jagatpur. Get instant leads & free quotes on VenueConnect.","Best Engagement Venues in Jagatpur, Ahmedabad",engagement venues in Jagatpur Ahmedabad,"engagement venue Jagatpur, engagement hall near Jagatpur Ahmedabad, engagement venue near Jagatpur",Transactional (Hyper-local),High
Event + City Area,"Corporate Event Venues in Jagatpur, Ahmedabad | VenueConnect",/ahmedabad/jagatpur/corporate-event-venues/,"Best Corporate Event Venues in Jagatpur, Ahmedabad | Book Near You - VenueConnect","Find the perfect corporate event venue in Jagatpur, Ahmedabad. Compare halls, farmhouses & party plots near Jagatpur. Get instant leads & free quotes on VenueConnect.","Best Corporate Event Venues in Jagatpur, Ahmedabad",corporate event venues in Jagatpur Ahmedabad,"corporate event venue Jagatpur, corporate event hall near Jagatpur Ahmedabad, corporate event venue near Jagatpur",Transactional (Hyper-local),High
Event + City Area,"Reception Venues in Jagatpur, Ahmedabad | VenueConnect",/ahmedabad/jagatpur/reception-venues/,"Best Reception Venues in Jagatpur, Ahmedabad | Book Near You - VenueConnect","Find the perfect reception venue in Jagatpur, Ahmedabad. Compare halls, farmhouses & party plots near Jagatpur. Get instant leads & free quotes on VenueConnect.","Best Reception Venues in Jagatpur, Ahmedabad",reception venues in Jagatpur Ahmedabad,"reception venue Jagatpur, reception hall near Jagatpur Ahmedabad, reception venue near Jagatpur",Transactional (Hyper-local),High
Event + City Area,"Wedding Venues in Kathwada, Ahmedabad | VenueConnect",/ahmedabad/kathwada/wedding-venues/,"Best Wedding Venues in Kathwada, Ahmedabad | Book Near You - VenueConnect","Find the perfect wedding venue in Kathwada, Ahmedabad. Compare halls, farmhouses & party plots near Kathwada. Get instant leads & free quotes on VenueConnect.","Best Wedding Venues in Kathwada, Ahmedabad",wedding venues in Kathwada Ahmedabad,"wedding venue Kathwada, wedding hall near Kathwada Ahmedabad, wedding venue near Kathwada",Transactional (Hyper-local),High
Event + City Area,"Birthday Party Venues in Kathwada, Ahmedabad | VenueConnect",/ahmedabad/kathwada/birthday-party-venues/,"Best Birthday Party Venues in Kathwada, Ahmedabad | Book Near You - VenueConnect","Find the perfect birthday party venue in Kathwada, Ahmedabad. Compare halls, farmhouses & party plots near Kathwada. Get instant leads & free quotes on VenueConnect.","Best Birthday Party Venues in Kathwada, Ahmedabad",birthday party venues in Kathwada Ahmedabad,"birthday party venue Kathwada, birthday party hall near Kathwada Ahmedabad, birthday party venue near Kathwada",Transactional (Hyper-local),High
Event + City Area,"Engagement Venues in Kathwada, Ahmedabad | VenueConnect",/ahmedabad/kathwada/engagement-venues/,"Best Engagement Venues in Kathwada, Ahmedabad | Book Near You - VenueConnect","Find the perfect engagement venue in Kathwada, Ahmedabad. Compare halls, farmhouses & party plots near Kathwada. Get instant leads & free quotes on VenueConnect.","Best Engagement Venues in Kathwada, Ahmedabad",engagement venues in Kathwada Ahmedabad,"engagement venue Kathwada, engagement hall near Kathwada Ahmedabad, engagement venue near Kathwada",Transactional (Hyper-local),High
Event + City Area,"Corporate Event Venues in Kathwada, Ahmedabad | VenueConnect",/ahmedabad/kathwada/corporate-event-venues/,"Best Corporate Event Venues in Kathwada, Ahmedabad | Book Near You - VenueConnect","Find the perfect corporate event venue in Kathwada, Ahmedabad. Compare halls, farmhouses & party plots near Kathwada. Get instant leads & free quotes on VenueConnect.","Best Corporate Event Venues in Kathwada, Ahmedabad",corporate event venues in Kathwada Ahmedabad,"corporate event venue Kathwada, corporate event hall near Kathwada Ahmedabad, corporate event venue near Kathwada",Transactional (Hyper-local),High
Event + City Area,"Reception Venues in Kathwada, Ahmedabad | VenueConnect",/ahmedabad/kathwada/reception-venues/,"Best Reception Venues in Kathwada, Ahmedabad | Book Near You - VenueConnect","Find the perfect reception venue in Kathwada, Ahmedabad. Compare halls, farmhouses & party plots near Kathwada. Get instant leads & free quotes on VenueConnect.","Best Reception Venues in Kathwada, Ahmedabad",reception venues in Kathwada Ahmedabad,"reception venue Kathwada, reception hall near Kathwada Ahmedabad, reception venue near Kathwada",Transactional (Hyper-local),High
Event + City Area,"Wedding Venues in Khokhara, Ahmedabad | VenueConnect",/ahmedabad/khokhara/wedding-venues/,"Best Wedding Venues in Khokhara, Ahmedabad | Book Near You - VenueConnect","Find the perfect wedding venue in Khokhara, Ahmedabad. Compare halls, farmhouses & party plots near Khokhara. Get instant leads & free quotes on VenueConnect.","Best Wedding Venues in Khokhara, Ahmedabad",wedding venues in Khokhara Ahmedabad,"wedding venue Khokhara, wedding hall near Khokhara Ahmedabad, wedding venue near Khokhara",Transactional (Hyper-local),High
Event + City Area,"Birthday Party Venues in Khokhara, Ahmedabad | VenueConnect",/ahmedabad/khokhara/birthday-party-venues/,"Best Birthday Party Venues in Khokhara, Ahmedabad | Book Near You - VenueConnect","Find the perfect birthday party venue in Khokhara, Ahmedabad. Compare halls, farmhouses & party plots near Khokhara. Get instant leads & free quotes on VenueConnect.","Best Birthday Party Venues in Khokhara, Ahmedabad",birthday party venues in Khokhara Ahmedabad,"birthday party venue Khokhara, birthday party hall near Khokhara Ahmedabad, birthday party venue near Khokhara",Transactional (Hyper-local),High
Event + City Area,"Engagement Venues in Khokhara, Ahmedabad | VenueConnect",/ahmedabad/khokhara/engagement-venues/,"Best Engagement Venues in Khokhara, Ahmedabad | Book Near You - VenueConnect","Find the perfect engagement venue in Khokhara, Ahmedabad. Compare halls, farmhouses & party plots near Khokhara. Get instant leads & free quotes on VenueConnect.","Best Engagement Venues in Khokhara, Ahmedabad",engagement venues in Khokhara Ahmedabad,"engagement venue Khokhara, engagement hall near Khokhara Ahmedabad, engagement venue near Khokhara",Transactional (Hyper-local),High
Event + City Area,"Corporate Event Venues in Khokhara, Ahmedabad | VenueConnect",/ahmedabad/khokhara/corporate-event-venues/,"Best Corporate Event Venues in Khokhara, Ahmedabad | Book Near You - VenueConnect","Find the perfect corporate event venue in Khokhara, Ahmedabad. Compare halls, farmhouses & party plots near Khokhara. Get instant leads & free quotes on VenueConnect.","Best Corporate Event Venues in Khokhara, Ahmedabad",corporate event venues in Khokhara Ahmedabad,"corporate event venue Khokhara, corporate event hall near Khokhara Ahmedabad, corporate event venue near Khokhara",Transactional (Hyper-local),High
Event + City Area,"Reception Venues in Khokhara, Ahmedabad | VenueConnect",/ahmedabad/khokhara/reception-venues/,"Best Reception Venues in Khokhara, Ahmedabad | Book Near You - VenueConnect","Find the perfect reception venue in Khokhara, Ahmedabad. Compare halls, farmhouses & party plots near Khokhara. Get instant leads & free quotes on VenueConnect.","Best Reception Venues in Khokhara, Ahmedabad",reception venues in Khokhara Ahmedabad,"reception venue Khokhara, reception hall near Khokhara Ahmedabad, reception venue near Khokhara",Transactional (Hyper-local),High
Event + City Area,"Wedding Venues in Lambha, Ahmedabad | VenueConnect",/ahmedabad/lambha/wedding-venues/,"Best Wedding Venues in Lambha, Ahmedabad | Book Near You - VenueConnect","Find the perfect wedding venue in Lambha, Ahmedabad. Compare halls, farmhouses & party plots near Lambha. Get instant leads & free quotes on VenueConnect.","Best Wedding Venues in Lambha, Ahmedabad",wedding venues in Lambha Ahmedabad,"wedding venue Lambha, wedding hall near Lambha Ahmedabad, wedding venue near Lambha",Transactional (Hyper-local),High
Event + City Area,"Birthday Party Venues in Lambha, Ahmedabad | VenueConnect",/ahmedabad/lambha/birthday-party-venues/,"Best Birthday Party Venues in Lambha, Ahmedabad | Book Near You - VenueConnect","Find the perfect birthday party venue in Lambha, Ahmedabad. Compare halls, farmhouses & party plots near Lambha. Get instant leads & free quotes on VenueConnect.","Best Birthday Party Venues in Lambha, Ahmedabad",birthday party venues in Lambha Ahmedabad,"birthday party venue Lambha, birthday party hall near Lambha Ahmedabad, birthday party venue near Lambha",Transactional (Hyper-local),High
Event + City Area,"Engagement Venues in Lambha, Ahmedabad | VenueConnect",/ahmedabad/lambha/engagement-venues/,"Best Engagement Venues in Lambha, Ahmedabad | Book Near You - VenueConnect","Find the perfect engagement venue in Lambha, Ahmedabad. Compare halls, farmhouses & party plots near Lambha. Get instant leads & free quotes on VenueConnect.","Best Engagement Venues in Lambha, Ahmedabad",engagement venues in Lambha Ahmedabad,"engagement venue Lambha, engagement hall near Lambha Ahmedabad, engagement venue near Lambha",Transactional (Hyper-local),High
Event + City Area,"Corporate Event Venues in Lambha, Ahmedabad | VenueConnect",/ahmedabad/lambha/corporate-event-venues/,"Best Corporate Event Venues in Lambha, Ahmedabad | Book Near You - VenueConnect","Find the perfect corporate event venue in Lambha, Ahmedabad. Compare halls, farmhouses & party plots near Lambha. Get instant leads & free quotes on VenueConnect.","Best Corporate Event Venues in Lambha, Ahmedabad",corporate event venues in Lambha Ahmedabad,"corporate event venue Lambha, corporate event hall near Lambha Ahmedabad, corporate event venue near Lambha",Transactional (Hyper-local),High
Event + City Area,"Reception Venues in Lambha, Ahmedabad | VenueConnect",/ahmedabad/lambha/reception-venues/,"Best Reception Venues in Lambha, Ahmedabad | Book Near You - VenueConnect","Find the perfect reception venue in Lambha, Ahmedabad. Compare halls, farmhouses & party plots near Lambha. Get instant leads & free quotes on VenueConnect.","Best Reception Venues in Lambha, Ahmedabad",reception venues in Lambha Ahmedabad,"reception venue Lambha, reception hall near Lambha Ahmedabad, reception venue near Lambha",Transactional (Hyper-local),High
Event + City Area,"Wedding Venues in Meghaninagar, Ahmedabad | VenueConnect",/ahmedabad/meghaninagar/wedding-venues/,"Best Wedding Venues in Meghaninagar, Ahmedabad | Book Near You - VenueConnect","Find the perfect wedding venue in Meghaninagar, Ahmedabad. Compare halls, farmhouses & party plots near Meghaninagar. Get instant leads & free quotes on VenueConnect.","Best Wedding Venues in Meghaninagar, Ahmedabad",wedding venues in Meghaninagar Ahmedabad,"wedding venue Meghaninagar, wedding hall near Meghaninagar Ahmedabad, wedding venue near Meghaninagar",Transactional (Hyper-local),High
Event + City Area,"Birthday Party Venues in Meghaninagar, Ahmedabad | VenueConnect",/ahmedabad/meghaninagar/birthday-party-venues/,"Best Birthday Party Venues in Meghaninagar, Ahmedabad | Book Near You - VenueConnect","Find the perfect birthday party venue in Meghaninagar, Ahmedabad. Compare halls, farmhouses & party plots near Meghaninagar. Get instant leads & free quotes on VenueConnect.","Best Birthday Party Venues in Meghaninagar, Ahmedabad",birthday party venues in Meghaninagar Ahmedabad,"birthday party venue Meghaninagar, birthday party hall near Meghaninagar Ahmedabad, birthday party venue near Meghaninagar",Transactional (Hyper-local),High
Event + City Area,"Engagement Venues in Meghaninagar, Ahmedabad | VenueConnect",/ahmedabad/meghaninagar/engagement-venues/,"Best Engagement Venues in Meghaninagar, Ahmedabad | Book Near You - VenueConnect","Find the perfect engagement venue in Meghaninagar, Ahmedabad. Compare halls, farmhouses & party plots near Meghaninagar. Get instant leads & free quotes on VenueConnect.","Best Engagement Venues in Meghaninagar, Ahmedabad",engagement venues in Meghaninagar Ahmedabad,"engagement venue Meghaninagar, engagement hall near Meghaninagar Ahmedabad, engagement venue near Meghaninagar",Transactional (Hyper-local),High
Event + City Area,"Corporate Event Venues in Meghaninagar, Ahmedabad | VenueConnect",/ahmedabad/meghaninagar/corporate-event-venues/,"Best Corporate Event Venues in Meghaninagar, Ahmedabad | Book Near You - VenueConnect","Find the perfect corporate event venue in Meghaninagar, Ahmedabad. Compare halls, farmhouses & party plots near Meghaninagar. Get instant leads & free quotes on VenueConnect.","Best Corporate Event Venues in Meghaninagar, Ahmedabad",corporate event venues in Meghaninagar Ahmedabad,"corporate event venue Meghaninagar, corporate event hall near Meghaninagar Ahmedabad, corporate event venue near Meghaninagar",Transactional (Hyper-local),High
Event + City Area,"Reception Venues in Meghaninagar, Ahmedabad | VenueConnect",/ahmedabad/meghaninagar/reception-venues/,"Best Reception Venues in Meghaninagar, Ahmedabad | Book Near You - VenueConnect","Find the perfect reception venue in Meghaninagar, Ahmedabad. Compare halls, farmhouses & party plots near Meghaninagar. Get instant leads & free quotes on VenueConnect.","Best Reception Venues in Meghaninagar, Ahmedabad",reception venues in Meghaninagar Ahmedabad,"reception venue Meghaninagar, reception hall near Meghaninagar Ahmedabad, reception venue near Meghaninagar",Transactional (Hyper-local),High
Event + City Area,"Wedding Venues in Narol, Ahmedabad | VenueConnect",/ahmedabad/narol/wedding-venues/,"Best Wedding Venues in Narol, Ahmedabad | Book Near You - VenueConnect","Find the perfect wedding venue in Narol, Ahmedabad. Compare halls, farmhouses & party plots near Narol. Get instant leads & free quotes on VenueConnect.","Best Wedding Venues in Narol, Ahmedabad",wedding venues in Narol Ahmedabad,"wedding venue Narol, wedding hall near Narol Ahmedabad, wedding venue near Narol",Transactional (Hyper-local),High
Event + City Area,"Birthday Party Venues in Narol, Ahmedabad | VenueConnect",/ahmedabad/narol/birthday-party-venues/,"Best Birthday Party Venues in Narol, Ahmedabad | Book Near You - VenueConnect","Find the perfect birthday party venue in Narol, Ahmedabad. Compare halls, farmhouses & party plots near Narol. Get instant leads & free quotes on VenueConnect.","Best Birthday Party Venues in Narol, Ahmedabad",birthday party venues in Narol Ahmedabad,"birthday party venue Narol, birthday party hall near Narol Ahmedabad, birthday party venue near Narol",Transactional (Hyper-local),High
Event + City Area,"Engagement Venues in Narol, Ahmedabad | VenueConnect",/ahmedabad/narol/engagement-venues/,"Best Engagement Venues in Narol, Ahmedabad | Book Near You - VenueConnect","Find the perfect engagement venue in Narol, Ahmedabad. Compare halls, farmhouses & party plots near Narol. Get instant leads & free quotes on VenueConnect.","Best Engagement Venues in Narol, Ahmedabad",engagement venues in Narol Ahmedabad,"engagement venue Narol, engagement hall near Narol Ahmedabad, engagement venue near Narol",Transactional (Hyper-local),High
Event + City Area,"Corporate Event Venues in Narol, Ahmedabad | VenueConnect",/ahmedabad/narol/corporate-event-venues/,"Best Corporate Event Venues in Narol, Ahmedabad | Book Near You - VenueConnect","Find the perfect corporate event venue in Narol, Ahmedabad. Compare halls, farmhouses & party plots near Narol. Get instant leads & free quotes on VenueConnect.","Best Corporate Event Venues in Narol, Ahmedabad",corporate event venues in Narol Ahmedabad,"corporate event venue Narol, corporate event hall near Narol Ahmedabad, corporate event venue near Narol",Transactional (Hyper-local),High
Event + City Area,"Reception Venues in Narol, Ahmedabad | VenueConnect",/ahmedabad/narol/reception-venues/,"Best Reception Venues in Narol, Ahmedabad | Book Near You - VenueConnect","Find the perfect reception venue in Narol, Ahmedabad. Compare halls, farmhouses & party plots near Narol. Get instant leads & free quotes on VenueConnect.","Best Reception Venues in Narol, Ahmedabad",reception venues in Narol Ahmedabad,"reception venue Narol, reception hall near Narol Ahmedabad, reception venue near Narol",Transactional (Hyper-local),High
Event + City Area,"Wedding Venues in Rancharda, Ahmedabad | VenueConnect",/ahmedabad/rancharda/wedding-venues/,"Best Wedding Venues in Rancharda, Ahmedabad | Book Near You - VenueConnect","Find the perfect wedding venue in Rancharda, Ahmedabad. Compare halls, farmhouses & party plots near Rancharda. Get instant leads & free quotes on VenueConnect.","Best Wedding Venues in Rancharda, Ahmedabad",wedding venues in Rancharda Ahmedabad,"wedding venue Rancharda, wedding hall near Rancharda Ahmedabad, wedding venue near Rancharda",Transactional (Hyper-local),High
Event + City Area,"Birthday Party Venues in Rancharda, Ahmedabad | VenueConnect",/ahmedabad/rancharda/birthday-party-venues/,"Best Birthday Party Venues in Rancharda, Ahmedabad | Book Near You - VenueConnect","Find the perfect birthday party venue in Rancharda, Ahmedabad. Compare halls, farmhouses & party plots near Rancharda. Get instant leads & free quotes on VenueConnect.","Best Birthday Party Venues in Rancharda, Ahmedabad",birthday party venues in Rancharda Ahmedabad,"birthday party venue Rancharda, birthday party hall near Rancharda Ahmedabad, birthday party venue near Rancharda",Transactional (Hyper-local),High
Event + City Area,"Engagement Venues in Rancharda, Ahmedabad | VenueConnect",/ahmedabad/rancharda/engagement-venues/,"Best Engagement Venues in Rancharda, Ahmedabad | Book Near You - VenueConnect","Find the perfect engagement venue in Rancharda, Ahmedabad. Compare halls, farmhouses & party plots near Rancharda. Get instant leads & free quotes on VenueConnect.","Best Engagement Venues in Rancharda, Ahmedabad",engagement venues in Rancharda Ahmedabad,"engagement venue Rancharda, engagement hall near Rancharda Ahmedabad, engagement venue near Rancharda",Transactional (Hyper-local),High
Event + City Area,"Corporate Event Venues in Rancharda, Ahmedabad | VenueConnect",/ahmedabad/rancharda/corporate-event-venues/,"Best Corporate Event Venues in Rancharda, Ahmedabad | Book Near You - VenueConnect","Find the perfect corporate event venue in Rancharda, Ahmedabad. Compare halls, farmhouses & party plots near Rancharda. Get instant leads & free quotes on VenueConnect.","Best Corporate Event Venues in Rancharda, Ahmedabad",corporate event venues in Rancharda Ahmedabad,"corporate event venue Rancharda, corporate event hall near Rancharda Ahmedabad, corporate event venue near Rancharda",Transactional (Hyper-local),High
Event + City Area,"Reception Venues in Rancharda, Ahmedabad | VenueConnect",/ahmedabad/rancharda/reception-venues/,"Best Reception Venues in Rancharda, Ahmedabad | Book Near You - VenueConnect","Find the perfect reception venue in Rancharda, Ahmedabad. Compare halls, farmhouses & party plots near Rancharda. Get instant leads & free quotes on VenueConnect.","Best Reception Venues in Rancharda, Ahmedabad",reception venues in Rancharda Ahmedabad,"reception venue Rancharda, reception hall near Rancharda Ahmedabad, reception venue near Rancharda",Transactional (Hyper-local),High
Event + City Area,"Wedding Venues in Sanand Road, Ahmedabad | VenueConnect",/ahmedabad/sanand-road/wedding-venues/,"Best Wedding Venues in Sanand Road, Ahmedabad | Book Near You - VenueConnect","Find the perfect wedding venue in Sanand Road, Ahmedabad. Compare halls, farmhouses & party plots near Sanand Road. Get instant leads & free quotes on VenueConnect.","Best Wedding Venues in Sanand Road, Ahmedabad",wedding venues in Sanand Road Ahmedabad,"wedding venue Sanand Road, wedding hall near Sanand Road Ahmedabad, wedding venue near Sanand Road",Transactional (Hyper-local),High
Event + City Area,"Birthday Party Venues in Sanand Road, Ahmedabad | VenueConnect",/ahmedabad/sanand-road/birthday-party-venues/,"Best Birthday Party Venues in Sanand Road, Ahmedabad | Book Near You - VenueConnect","Find the perfect birthday party venue in Sanand Road, Ahmedabad. Compare halls, farmhouses & party plots near Sanand Road. Get instant leads & free quotes on VenueConnect.","Best Birthday Party Venues in Sanand Road, Ahmedabad",birthday party venues in Sanand Road Ahmedabad,"birthday party venue Sanand Road, birthday party hall near Sanand Road Ahmedabad, birthday party venue near Sanand Road",Transactional (Hyper-local),High
Event + City Area,"Engagement Venues in Sanand Road, Ahmedabad | VenueConnect",/ahmedabad/sanand-road/engagement-venues/,"Best Engagement Venues in Sanand Road, Ahmedabad | Book Near You - VenueConnect","Find the perfect engagement venue in Sanand Road, Ahmedabad. Compare halls, farmhouses & party plots near Sanand Road. Get instant leads & free quotes on VenueConnect.","Best Engagement Venues in Sanand Road, Ahmedabad",engagement venues in Sanand Road Ahmedabad,"engagement venue Sanand Road, engagement hall near Sanand Road Ahmedabad, engagement venue near Sanand Road",Transactional (Hyper-local),High
Event + City Area,"Corporate Event Venues in Sanand Road, Ahmedabad | VenueConnect",/ahmedabad/sanand-road/corporate-event-venues/,"Best Corporate Event Venues in Sanand Road, Ahmedabad | Book Near You - VenueConnect","Find the perfect corporate event venue in Sanand Road, Ahmedabad. Compare halls, farmhouses & party plots near Sanand Road. Get instant leads & free quotes on VenueConnect.","Best Corporate Event Venues in Sanand Road, Ahmedabad",corporate event venues in Sanand Road Ahmedabad,"corporate event venue Sanand Road, corporate event hall near Sanand Road Ahmedabad, corporate event venue near Sanand Road",Transactional (Hyper-local),High
Event + City Area,"Reception Venues in Sanand Road, Ahmedabad | VenueConnect",/ahmedabad/sanand-road/reception-venues/,"Best Reception Venues in Sanand Road, Ahmedabad | Book Near You - VenueConnect","Find the perfect reception venue in Sanand Road, Ahmedabad. Compare halls, farmhouses & party plots near Sanand Road. Get instant leads & free quotes on VenueConnect.","Best Reception Venues in Sanand Road, Ahmedabad",reception venues in Sanand Road Ahmedabad,"reception venue Sanand Road, reception hall near Sanand Road Ahmedabad, reception venue near Sanand Road",Transactional (Hyper-local),High
Event + City Area,"Wedding Venues in Sarkhej, Ahmedabad | VenueConnect",/ahmedabad/sarkhej/wedding-venues/,"Best Wedding Venues in Sarkhej, Ahmedabad | Book Near You - VenueConnect","Find the perfect wedding venue in Sarkhej, Ahmedabad. Compare halls, farmhouses & party plots near Sarkhej. Get instant leads & free quotes on VenueConnect.","Best Wedding Venues in Sarkhej, Ahmedabad",wedding venues in Sarkhej Ahmedabad,"wedding venue Sarkhej, wedding hall near Sarkhej Ahmedabad, wedding venue near Sarkhej",Transactional (Hyper-local),High
Event + City Area,"Birthday Party Venues in Sarkhej, Ahmedabad | VenueConnect",/ahmedabad/sarkhej/birthday-party-venues/,"Best Birthday Party Venues in Sarkhej, Ahmedabad | Book Near You - VenueConnect","Find the perfect birthday party venue in Sarkhej, Ahmedabad. Compare halls, farmhouses & party plots near Sarkhej. Get instant leads & free quotes on VenueConnect.","Best Birthday Party Venues in Sarkhej, Ahmedabad",birthday party venues in Sarkhej Ahmedabad,"birthday party venue Sarkhej, birthday party hall near Sarkhej Ahmedabad, birthday party venue near Sarkhej",Transactional (Hyper-local),High
Event + City Area,"Engagement Venues in Sarkhej, Ahmedabad | VenueConnect",/ahmedabad/sarkhej/engagement-venues/,"Best Engagement Venues in Sarkhej, Ahmedabad | Book Near You - VenueConnect","Find the perfect engagement venue in Sarkhej, Ahmedabad. Compare halls, farmhouses & party plots near Sarkhej. Get instant leads & free quotes on VenueConnect.","Best Engagement Venues in Sarkhej, Ahmedabad",engagement venues in Sarkhej Ahmedabad,"engagement venue Sarkhej, engagement hall near Sarkhej Ahmedabad, engagement venue near Sarkhej",Transactional (Hyper-local),High
Event + City Area,"Corporate Event Venues in Sarkhej, Ahmedabad | VenueConnect",/ahmedabad/sarkhej/corporate-event-venues/,"Best Corporate Event Venues in Sarkhej, Ahmedabad | Book Near You - VenueConnect","Find the perfect corporate event venue in Sarkhej, Ahmedabad. Compare halls, farmhouses & party plots near Sarkhej. Get instant leads & free quotes on VenueConnect.","Best Corporate Event Venues in Sarkhej, Ahmedabad",corporate event venues in Sarkhej Ahmedabad,"corporate event venue Sarkhej, corporate event hall near Sarkhej Ahmedabad, corporate event venue near Sarkhej",Transactional (Hyper-local),High
Event + City Area,"Reception Venues in Sarkhej, Ahmedabad | VenueConnect",/ahmedabad/sarkhej/reception-venues/,"Best Reception Venues in Sarkhej, Ahmedabad | Book Near You - VenueConnect","Find the perfect reception venue in Sarkhej, Ahmedabad. Compare halls, farmhouses & party plots near Sarkhej. Get instant leads & free quotes on VenueConnect.","Best Reception Venues in Sarkhej, Ahmedabad",reception venues in Sarkhej Ahmedabad,"reception venue Sarkhej, reception hall near Sarkhej Ahmedabad, reception venue near Sarkhej",Transactional (Hyper-local),High
Event + City Area,"Wedding Venues in Shela, Ahmedabad | VenueConnect",/ahmedabad/shela/wedding-venues/,"Best Wedding Venues in Shela, Ahmedabad | Book Near You - VenueConnect","Find the perfect wedding venue in Shela, Ahmedabad. Compare halls, farmhouses & party plots near Shela. Get instant leads & free quotes on VenueConnect.","Best Wedding Venues in Shela, Ahmedabad",wedding venues in Shela Ahmedabad,"wedding venue Shela, wedding hall near Shela Ahmedabad, wedding venue near Shela",Transactional (Hyper-local),High
Event + City Area,"Birthday Party Venues in Shela, Ahmedabad | VenueConnect",/ahmedabad/shela/birthday-party-venues/,"Best Birthday Party Venues in Shela, Ahmedabad | Book Near You - VenueConnect","Find the perfect birthday party venue in Shela, Ahmedabad. Compare halls, farmhouses & party plots near Shela. Get instant leads & free quotes on VenueConnect.","Best Birthday Party Venues in Shela, Ahmedabad",birthday party venues in Shela Ahmedabad,"birthday party venue Shela, birthday party hall near Shela Ahmedabad, birthday party venue near Shela",Transactional (Hyper-local),High
Event + City Area,"Engagement Venues in Shela, Ahmedabad | VenueConnect",/ahmedabad/shela/engagement-venues/,"Best Engagement Venues in Shela, Ahmedabad | Book Near You - VenueConnect","Find the perfect engagement venue in Shela, Ahmedabad. Compare halls, farmhouses & party plots near Shela. Get instant leads & free quotes on VenueConnect.","Best Engagement Venues in Shela, Ahmedabad",engagement venues in Shela Ahmedabad,"engagement venue Shela, engagement hall near Shela Ahmedabad, engagement venue near Shela",Transactional (Hyper-local),High
Event + City Area,"Corporate Event Venues in Shela, Ahmedabad | VenueConnect",/ahmedabad/shela/corporate-event-venues/,"Best Corporate Event Venues in Shela, Ahmedabad | Book Near You - VenueConnect","Find the perfect corporate event venue in Shela, Ahmedabad. Compare halls, farmhouses & party plots near Shela. Get instant leads & free quotes on VenueConnect.","Best Corporate Event Venues in Shela, Ahmedabad",corporate event venues in Shela Ahmedabad,"corporate event venue Shela, corporate event hall near Shela Ahmedabad, corporate event venue near Shela",Transactional (Hyper-local),High
Event + City Area,"Reception Venues in Shela, Ahmedabad | VenueConnect",/ahmedabad/shela/reception-venues/,"Best Reception Venues in Shela, Ahmedabad | Book Near You - VenueConnect","Find the perfect reception venue in Shela, Ahmedabad. Compare halls, farmhouses & party plots near Shela. Get instant leads & free quotes on VenueConnect.","Best Reception Venues in Shela, Ahmedabad",reception venues in Shela Ahmedabad,"reception venue Shela, reception hall near Shela Ahmedabad, reception venue near Shela",Transactional (Hyper-local),High
Event + City Area,"Wedding Venues in Sindhu Bhavan Road, Ahmedabad | VenueConnect",/ahmedabad/sindhu-bhavan-road/wedding-venues/,"Best Wedding Venues in Sindhu Bhavan Road, Ahmedabad | Book Near You - VenueConnect","Find the perfect wedding venue in Sindhu Bhavan Road, Ahmedabad. Compare halls, farmhouses & party plots near Sindhu Bhavan Road. Get instant leads & free quotes on VenueConnect.","Best Wedding Venues in Sindhu Bhavan Road, Ahmedabad",wedding venues in Sindhu Bhavan Road Ahmedabad,"wedding venue Sindhu Bhavan Road, wedding hall near Sindhu Bhavan Road Ahmedabad, wedding venue near Sindhu Bhavan Road",Transactional (Hyper-local),High
Event + City Area,"Birthday Party Venues in Sindhu Bhavan Road, Ahmedabad | VenueConnect",/ahmedabad/sindhu-bhavan-road/birthday-party-venues/,"Best Birthday Party Venues in Sindhu Bhavan Road, Ahmedabad | Book Near You - VenueConnect","Find the perfect birthday party venue in Sindhu Bhavan Road, Ahmedabad. Compare halls, farmhouses & party plots near Sindhu Bhavan Road. Get instant leads & free quotes on VenueConnect.","Best Birthday Party Venues in Sindhu Bhavan Road, Ahmedabad",birthday party venues in Sindhu Bhavan Road Ahmedabad,"birthday party venue Sindhu Bhavan Road, birthday party hall near Sindhu Bhavan Road Ahmedabad, birthday party venue near Sindhu Bhavan Road",Transactional (Hyper-local),High
Event + City Area,"Engagement Venues in Sindhu Bhavan Road, Ahmedabad | VenueConnect",/ahmedabad/sindhu-bhavan-road/engagement-venues/,"Best Engagement Venues in Sindhu Bhavan Road, Ahmedabad | Book Near You - VenueConnect","Find the perfect engagement venue in Sindhu Bhavan Road, Ahmedabad. Compare halls, farmhouses & party plots near Sindhu Bhavan Road. Get instant leads & free quotes on VenueConnect.","Best Engagement Venues in Sindhu Bhavan Road, Ahmedabad",engagement venues in Sindhu Bhavan Road Ahmedabad,"engagement venue Sindhu Bhavan Road, engagement hall near Sindhu Bhavan Road Ahmedabad, engagement venue near Sindhu Bhavan Road",Transactional (Hyper-local),High
Event + City Area,"Corporate Event Venues in Sindhu Bhavan Road, Ahmedabad | VenueConnect",/ahmedabad/sindhu-bhavan-road/corporate-event-venues/,"Best Corporate Event Venues in Sindhu Bhavan Road, Ahmedabad | Book Near You - VenueConnect","Find the perfect corporate event venue in Sindhu Bhavan Road, Ahmedabad. Compare halls, farmhouses & party plots near Sindhu Bhavan Road. Get instant leads & free quotes on VenueConnect.","Best Corporate Event Venues in Sindhu Bhavan Road, Ahmedabad",corporate event venues in Sindhu Bhavan Road Ahmedabad,"corporate event venue Sindhu Bhavan Road, corporate event hall near Sindhu Bhavan Road Ahmedabad, corporate event venue near Sindhu Bhavan Road",Transactional (Hyper-local),High
Event + City Area,"Reception Venues in Sindhu Bhavan Road, Ahmedabad | VenueConnect",/ahmedabad/sindhu-bhavan-road/reception-venues/,"Best Reception Venues in Sindhu Bhavan Road, Ahmedabad | Book Near You - VenueConnect","Find the perfect reception venue in Sindhu Bhavan Road, Ahmedabad. Compare halls, farmhouses & party plots near Sindhu Bhavan Road. Get instant leads & free quotes on VenueConnect.","Best Reception Venues in Sindhu Bhavan Road, Ahmedabad",reception venues in Sindhu Bhavan Road Ahmedabad,"reception venue Sindhu Bhavan Road, reception hall near Sindhu Bhavan Road Ahmedabad, reception venue near Sindhu Bhavan Road",Transactional (Hyper-local),High
Event + City Area,"Wedding Venues in Sola, Ahmedabad | VenueConnect",/ahmedabad/sola/wedding-venues/,"Best Wedding Venues in Sola, Ahmedabad | Book Near You - VenueConnect","Find the perfect wedding venue in Sola, Ahmedabad. Compare halls, farmhouses & party plots near Sola. Get instant leads & free quotes on VenueConnect.","Best Wedding Venues in Sola, Ahmedabad",wedding venues in Sola Ahmedabad,"wedding venue Sola, wedding hall near Sola Ahmedabad, wedding venue near Sola",Transactional (Hyper-local),High
Event + City Area,"Birthday Party Venues in Sola, Ahmedabad | VenueConnect",/ahmedabad/sola/birthday-party-venues/,"Best Birthday Party Venues in Sola, Ahmedabad | Book Near You - VenueConnect","Find the perfect birthday party venue in Sola, Ahmedabad. Compare halls, farmhouses & party plots near Sola. Get instant leads & free quotes on VenueConnect.","Best Birthday Party Venues in Sola, Ahmedabad",birthday party venues in Sola Ahmedabad,"birthday party venue Sola, birthday party hall near Sola Ahmedabad, birthday party venue near Sola",Transactional (Hyper-local),High
Event + City Area,"Engagement Venues in Sola, Ahmedabad | VenueConnect",/ahmedabad/sola/engagement-venues/,"Best Engagement Venues in Sola, Ahmedabad | Book Near You - VenueConnect","Find the perfect engagement venue in Sola, Ahmedabad. Compare halls, farmhouses & party plots near Sola. Get instant leads & free quotes on VenueConnect.","Best Engagement Venues in Sola, Ahmedabad",engagement venues in Sola Ahmedabad,"engagement venue Sola, engagement hall near Sola Ahmedabad, engagement venue near Sola",Transactional (Hyper-local),High
Event + City Area,"Corporate Event Venues in Sola, Ahmedabad | VenueConnect",/ahmedabad/sola/corporate-event-venues/,"Best Corporate Event Venues in Sola, Ahmedabad | Book Near You - VenueConnect","Find the perfect corporate event venue in Sola, Ahmedabad. Compare halls, farmhouses & party plots near Sola. Get instant leads & free quotes on VenueConnect.","Best Corporate Event Venues in Sola, Ahmedabad",corporate event venues in Sola Ahmedabad,"corporate event venue Sola, corporate event hall near Sola Ahmedabad, corporate event venue near Sola",Transactional (Hyper-local),High
Event + City Area,"Reception Venues in Sola, Ahmedabad | VenueConnect",/ahmedabad/sola/reception-venues/,"Best Reception Venues in Sola, Ahmedabad | Book Near You - VenueConnect","Find the perfect reception venue in Sola, Ahmedabad. Compare halls, farmhouses & party plots near Sola. Get instant leads & free quotes on VenueConnect.","Best Reception Venues in Sola, Ahmedabad",reception venues in Sola Ahmedabad,"reception venue Sola, reception hall near Sola Ahmedabad, reception venue near Sola",Transactional (Hyper-local),High
Event + City Area,"Wedding Venues in Vaishnodevi, Ahmedabad | VenueConnect",/ahmedabad/vaishnodevi/wedding-venues/,"Best Wedding Venues in Vaishnodevi, Ahmedabad | Book Near You - VenueConnect","Find the perfect wedding venue in Vaishnodevi, Ahmedabad. Compare halls, farmhouses & party plots near Vaishnodevi. Get instant leads & free quotes on VenueConnect.","Best Wedding Venues in Vaishnodevi, Ahmedabad",wedding venues in Vaishnodevi Ahmedabad,"wedding venue Vaishnodevi, wedding hall near Vaishnodevi Ahmedabad, wedding venue near Vaishnodevi",Transactional (Hyper-local),High
Event + City Area,"Birthday Party Venues in Vaishnodevi, Ahmedabad | VenueConnect",/ahmedabad/vaishnodevi/birthday-party-venues/,"Best Birthday Party Venues in Vaishnodevi, Ahmedabad | Book Near You - VenueConnect","Find the perfect birthday party venue in Vaishnodevi, Ahmedabad. Compare halls, farmhouses & party plots near Vaishnodevi. Get instant leads & free quotes on VenueConnect.","Best Birthday Party Venues in Vaishnodevi, Ahmedabad",birthday party venues in Vaishnodevi Ahmedabad,"birthday party venue Vaishnodevi, birthday party hall near Vaishnodevi Ahmedabad, birthday party venue near Vaishnodevi",Transactional (Hyper-local),High
Event + City Area,"Engagement Venues in Vaishnodevi, Ahmedabad | VenueConnect",/ahmedabad/vaishnodevi/engagement-venues/,"Best Engagement Venues in Vaishnodevi, Ahmedabad | Book Near You - VenueConnect","Find the perfect engagement venue in Vaishnodevi, Ahmedabad. Compare halls, farmhouses & party plots near Vaishnodevi. Get instant leads & free quotes on VenueConnect.","Best Engagement Venues in Vaishnodevi, Ahmedabad",engagement venues in Vaishnodevi Ahmedabad,"engagement venue Vaishnodevi, engagement hall near Vaishnodevi Ahmedabad, engagement venue near Vaishnodevi",Transactional (Hyper-local),High
Event + City Area,"Corporate Event Venues in Vaishnodevi, Ahmedabad | VenueConnect",/ahmedabad/vaishnodevi/corporate-event-venues/,"Best Corporate Event Venues in Vaishnodevi, Ahmedabad | Book Near You - VenueConnect","Find the perfect corporate event venue in Vaishnodevi, Ahmedabad. Compare halls, farmhouses & party plots near Vaishnodevi. Get instant leads & free quotes on VenueConnect.","Best Corporate Event Venues in Vaishnodevi, Ahmedabad",corporate event venues in Vaishnodevi Ahmedabad,"corporate event venue Vaishnodevi, corporate event hall near Vaishnodevi Ahmedabad, corporate event venue near Vaishnodevi",Transactional (Hyper-local),High
Event + City Area,"Reception Venues in Vaishnodevi, Ahmedabad | VenueConnect",/ahmedabad/vaishnodevi/reception-venues/,"Best Reception Venues in Vaishnodevi, Ahmedabad | Book Near You - VenueConnect","Find the perfect reception venue in Vaishnodevi, Ahmedabad. Compare halls, farmhouses & party plots near Vaishnodevi. Get instant leads & free quotes on VenueConnect.","Best Reception Venues in Vaishnodevi, Ahmedabad",reception venues in Vaishnodevi Ahmedabad,"reception venue Vaishnodevi, reception hall near Vaishnodevi Ahmedabad, reception venue near Vaishnodevi",Transactional (Hyper-local),High
Event + City Area,"Wedding Venues in Viratnagar, Ahmedabad | VenueConnect",/ahmedabad/viratnagar/wedding-venues/,"Best Wedding Venues in Viratnagar, Ahmedabad | Book Near You - VenueConnect","Find the perfect wedding venue in Viratnagar, Ahmedabad. Compare halls, farmhouses & party plots near Viratnagar. Get instant leads & free quotes on VenueConnect.","Best Wedding Venues in Viratnagar, Ahmedabad",wedding venues in Viratnagar Ahmedabad,"wedding venue Viratnagar, wedding hall near Viratnagar Ahmedabad, wedding venue near Viratnagar",Transactional (Hyper-local),High
Event + City Area,"Birthday Party Venues in Viratnagar, Ahmedabad | VenueConnect",/ahmedabad/viratnagar/birthday-party-venues/,"Best Birthday Party Venues in Viratnagar, Ahmedabad | Book Near You - VenueConnect","Find the perfect birthday party venue in Viratnagar, Ahmedabad. Compare halls, farmhouses & party plots near Viratnagar. Get instant leads & free quotes on VenueConnect.","Best Birthday Party Venues in Viratnagar, Ahmedabad",birthday party venues in Viratnagar Ahmedabad,"birthday party venue Viratnagar, birthday party hall near Viratnagar Ahmedabad, birthday party venue near Viratnagar",Transactional (Hyper-local),High
Event + City Area,"Engagement Venues in Viratnagar, Ahmedabad | VenueConnect",/ahmedabad/viratnagar/engagement-venues/,"Best Engagement Venues in Viratnagar, Ahmedabad | Book Near You - VenueConnect","Find the perfect engagement venue in Viratnagar, Ahmedabad. Compare halls, farmhouses & party plots near Viratnagar. Get instant leads & free quotes on VenueConnect.","Best Engagement Venues in Viratnagar, Ahmedabad",engagement venues in Viratnagar Ahmedabad,"engagement venue Viratnagar, engagement hall near Viratnagar Ahmedabad, engagement venue near Viratnagar",Transactional (Hyper-local),High
Event + City Area,"Corporate Event Venues in Viratnagar, Ahmedabad | VenueConnect",/ahmedabad/viratnagar/corporate-event-venues/,"Best Corporate Event Venues in Viratnagar, Ahmedabad | Book Near You - VenueConnect","Find the perfect corporate event venue in Viratnagar, Ahmedabad. Compare halls, farmhouses & party plots near Viratnagar. Get instant leads & free quotes on VenueConnect.","Best Corporate Event Venues in Viratnagar, Ahmedabad",corporate event venues in Viratnagar Ahmedabad,"corporate event venue Viratnagar, corporate event hall near Viratnagar Ahmedabad, corporate event venue near Viratnagar",Transactional (Hyper-local),High
Event + City Area,"Reception Venues in Viratnagar, Ahmedabad | VenueConnect",/ahmedabad/viratnagar/reception-venues/,"Best Reception Venues in Viratnagar, Ahmedabad | Book Near You - VenueConnect","Find the perfect reception venue in Viratnagar, Ahmedabad. Compare halls, farmhouses & party plots near Viratnagar. Get instant leads & free quotes on VenueConnect.","Best Reception Venues in Viratnagar, Ahmedabad",reception venues in Viratnagar Ahmedabad,"reception venue Viratnagar, reception hall near Viratnagar Ahmedabad, reception venue near Viratnagar",Transactional (Hyper-local),High
Event + City Area,"Wedding Venues in Vasta Devdi, Ahmedabad | VenueConnect",/ahmedabad/vasta-devdi/wedding-venues/,"Best Wedding Venues in Vasta Devdi, Ahmedabad | Book Near You - VenueConnect","Find the perfect wedding venue in Vasta Devdi, Ahmedabad. Compare halls, farmhouses & party plots near Vasta Devdi. Get instant leads & free quotes on VenueConnect.","Best Wedding Venues in Vasta Devdi, Ahmedabad",wedding venues in Vasta Devdi Ahmedabad,"wedding venue Vasta Devdi, wedding hall near Vasta Devdi Ahmedabad, wedding venue near Vasta Devdi",Transactional (Hyper-local),High
Event + City Area,"Birthday Party Venues in Vasta Devdi, Ahmedabad | VenueConnect",/ahmedabad/vasta-devdi/birthday-party-venues/,"Best Birthday Party Venues in Vasta Devdi, Ahmedabad | Book Near You - VenueConnect","Find the perfect birthday party venue in Vasta Devdi, Ahmedabad. Compare halls, farmhouses & party plots near Vasta Devdi. Get instant leads & free quotes on VenueConnect.","Best Birthday Party Venues in Vasta Devdi, Ahmedabad",birthday party venues in Vasta Devdi Ahmedabad,"birthday party venue Vasta Devdi, birthday party hall near Vasta Devdi Ahmedabad, birthday party venue near Vasta Devdi",Transactional (Hyper-local),High
Event + City Area,"Engagement Venues in Vasta Devdi, Ahmedabad | VenueConnect",/ahmedabad/vasta-devdi/engagement-venues/,"Best Engagement Venues in Vasta Devdi, Ahmedabad | Book Near You - VenueConnect","Find the perfect engagement venue in Vasta Devdi, Ahmedabad. Compare halls, farmhouses & party plots near Vasta Devdi. Get instant leads & free quotes on VenueConnect.","Best Engagement Venues in Vasta Devdi, Ahmedabad",engagement venues in Vasta Devdi Ahmedabad,"engagement venue Vasta Devdi, engagement hall near Vasta Devdi Ahmedabad, engagement venue near Vasta Devdi",Transactional (Hyper-local),High
Event + City Area,"Corporate Event Venues in Vasta Devdi, Ahmedabad | VenueConnect",/ahmedabad/vasta-devdi/corporate-event-venues/,"Best Corporate Event Venues in Vasta Devdi, Ahmedabad | Book Near You - VenueConnect","Find the perfect corporate event venue in Vasta Devdi, Ahmedabad. Compare halls, farmhouses & party plots near Vasta Devdi. Get instant leads & free quotes on VenueConnect.","Best Corporate Event Venues in Vasta Devdi, Ahmedabad",corporate event venues in Vasta Devdi Ahmedabad,"corporate event venue Vasta Devdi, corporate event hall near Vasta Devdi Ahmedabad, corporate event venue near Vasta Devdi",Transactional (Hyper-local),High
Event + City Area,"Reception Venues in Vasta Devdi, Ahmedabad | VenueConnect",/ahmedabad/vasta-devdi/reception-venues/,"Best Reception Venues in Vasta Devdi, Ahmedabad | Book Near You - VenueConnect","Find the perfect reception venue in Vasta Devdi, Ahmedabad. Compare halls, farmhouses & party plots near Vasta Devdi. Get instant leads & free quotes on VenueConnect.","Best Reception Venues in Vasta Devdi, Ahmedabad",reception venues in Vasta Devdi Ahmedabad,"reception venue Vasta Devdi, reception hall near Vasta Devdi Ahmedabad, reception venue near Vasta Devdi",Transactional (Hyper-local),High
  VENDOR + CITY AREA PAGES (Hyper-local),,,,,,,,,
Page Type,Page Title,URL Slug,Meta Title,Meta Description,H1 Tag,Target Keyword,Secondary Keywords,Search Intent,Priority
Vendor + City Area,"Photographers in Bopal, Ahmedabad | VenueConnect",/ahmedabad/bopal/vendors/photographers/,"Top Photographers in Bopal, Ahmedabad | Hire Near You - VenueConnect","Find the best photographers in Bopal, Ahmedabad for your event. Browse verified profiles, compare pricing & get WhatsApp leads instantly on VenueConnect.","Top Photographers in Bopal, Ahmedabad",photographers in Bopal Ahmedabad,"photographers near Bopal, photographers Bopal Ahmedabad, best photographers near Bopal",Transactional (Hyper-local),Medium
Vendor + City Area,"Caterers in Bopal, Ahmedabad | VenueConnect",/ahmedabad/bopal/vendors/caterers/,"Top Caterers in Bopal, Ahmedabad | Hire Near You - VenueConnect","Find the best caterers in Bopal, Ahmedabad for your event. Browse verified profiles, compare pricing & get WhatsApp leads instantly on VenueConnect.","Top Caterers in Bopal, Ahmedabad",caterers in Bopal Ahmedabad,"caterers near Bopal, caterers Bopal Ahmedabad, best caterers near Bopal",Transactional (Hyper-local),Medium
Vendor + City Area,"Decorators in Bopal, Ahmedabad | VenueConnect",/ahmedabad/bopal/vendors/decorators/,"Top Decorators in Bopal, Ahmedabad | Hire Near You - VenueConnect","Find the best decorators in Bopal, Ahmedabad for your event. Browse verified profiles, compare pricing & get WhatsApp leads instantly on VenueConnect.","Top Decorators in Bopal, Ahmedabad",decorators in Bopal Ahmedabad,"decorators near Bopal, decorators Bopal Ahmedabad, best decorators near Bopal",Transactional (Hyper-local),Medium
Vendor + City Area,"Mehndi Artists in Bopal, Ahmedabad | VenueConnect",/ahmedabad/bopal/vendors/mehndi-artists/,"Top Mehndi Artists in Bopal, Ahmedabad | Hire Near You - VenueConnect","Find the best mehndi artists in Bopal, Ahmedabad for your event. Browse verified profiles, compare pricing & get WhatsApp leads instantly on VenueConnect.","Top Mehndi Artists in Bopal, Ahmedabad",mehndi artists in Bopal Ahmedabad,"mehndi artists near Bopal, mehndi artists Bopal Ahmedabad, best mehndi artists near Bopal",Transactional (Hyper-local),Medium
Vendor + City Area,"Photographers in SG Highway, Ahmedabad | VenueConnect",/ahmedabad/sg-highway/vendors/photographers/,"Top Photographers in SG Highway, Ahmedabad | Hire Near You - VenueConnect","Find the best photographers in SG Highway, Ahmedabad for your event. Browse verified profiles, compare pricing & get WhatsApp leads instantly on VenueConnect.","Top Photographers in SG Highway, Ahmedabad",photographers in SG Highway Ahmedabad,"photographers near SG Highway, photographers SG Highway Ahmedabad, best photographers near SG Highway",Transactional (Hyper-local),Medium
Vendor + City Area,"Caterers in SG Highway, Ahmedabad | VenueConnect",/ahmedabad/sg-highway/vendors/caterers/,"Top Caterers in SG Highway, Ahmedabad | Hire Near You - VenueConnect","Find the best caterers in SG Highway, Ahmedabad for your event. Browse verified profiles, compare pricing & get WhatsApp leads instantly on VenueConnect.","Top Caterers in SG Highway, Ahmedabad",caterers in SG Highway Ahmedabad,"caterers near SG Highway, caterers SG Highway Ahmedabad, best caterers near SG Highway",Transactional (Hyper-local),Medium
Vendor + City Area,"Decorators in SG Highway, Ahmedabad | VenueConnect",/ahmedabad/sg-highway/vendors/decorators/,"Top Decorators in SG Highway, Ahmedabad | Hire Near You - VenueConnect","Find the best decorators in SG Highway, Ahmedabad for your event. Browse verified profiles, compare pricing & get WhatsApp leads instantly on VenueConnect.","Top Decorators in SG Highway, Ahmedabad",decorators in SG Highway Ahmedabad,"decorators near SG Highway, decorators SG Highway Ahmedabad, best decorators near SG Highway",Transactional (Hyper-local),Medium
Vendor + City Area,"Mehndi Artists in SG Highway, Ahmedabad | VenueConnect",/ahmedabad/sg-highway/vendors/mehndi-artists/,"Top Mehndi Artists in SG Highway, Ahmedabad | Hire Near You - VenueConnect","Find the best mehndi artists in SG Highway, Ahmedabad for your event. Browse verified profiles, compare pricing & get WhatsApp leads instantly on VenueConnect.","Top Mehndi Artists in SG Highway, Ahmedabad",mehndi artists in SG Highway Ahmedabad,"mehndi artists near SG Highway, mehndi artists SG Highway Ahmedabad, best mehndi artists near SG Highway",Transactional (Hyper-local),Medium
Vendor + City Area,"Photographers in Vastrapur, Ahmedabad | VenueConnect",/ahmedabad/vastrapur/vendors/photographers/,"Top Photographers in Vastrapur, Ahmedabad | Hire Near You - VenueConnect","Find the best photographers in Vastrapur, Ahmedabad for your event. Browse verified profiles, compare pricing & get WhatsApp leads instantly on VenueConnect.","Top Photographers in Vastrapur, Ahmedabad",photographers in Vastrapur Ahmedabad,"photographers near Vastrapur, photographers Vastrapur Ahmedabad, best photographers near Vastrapur",Transactional (Hyper-local),Medium
Vendor + City Area,"Caterers in Vastrapur, Ahmedabad | VenueConnect",/ahmedabad/vastrapur/vendors/caterers/,"Top Caterers in Vastrapur, Ahmedabad | Hire Near You - VenueConnect","Find the best caterers in Vastrapur, Ahmedabad for your event. Browse verified profiles, compare pricing & get WhatsApp leads instantly on VenueConnect.","Top Caterers in Vastrapur, Ahmedabad",caterers in Vastrapur Ahmedabad,"caterers near Vastrapur, caterers Vastrapur Ahmedabad, best caterers near Vastrapur",Transactional (Hyper-local),Medium
Vendor + City Area,"Decorators in Vastrapur, Ahmedabad | VenueConnect",/ahmedabad/vastrapur/vendors/decorators/,"Top Decorators in Vastrapur, Ahmedabad | Hire Near You - VenueConnect","Find the best decorators in Vastrapur, Ahmedabad for your event. Browse verified profiles, compare pricing & get WhatsApp leads instantly on VenueConnect.","Top Decorators in Vastrapur, Ahmedabad",decorators in Vastrapur Ahmedabad,"decorators near Vastrapur, decorators Vastrapur Ahmedabad, best decorators near Vastrapur",Transactional (Hyper-local),Medium
Vendor + City Area,"Mehndi Artists in Vastrapur, Ahmedabad | VenueConnect",/ahmedabad/vastrapur/vendors/mehndi-artists/,"Top Mehndi Artists in Vastrapur, Ahmedabad | Hire Near You - VenueConnect","Find the best mehndi artists in Vastrapur, Ahmedabad for your event. Browse verified profiles, compare pricing & get WhatsApp leads instantly on VenueConnect.","Top Mehndi Artists in Vastrapur, Ahmedabad",mehndi artists in Vastrapur Ahmedabad,"mehndi artists near Vastrapur, mehndi artists Vastrapur Ahmedabad, best mehndi artists near Vastrapur",Transactional (Hyper-local),Medium
Vendor + City Area,"Photographers in Satellite, Ahmedabad | VenueConnect",/ahmedabad/satellite/vendors/photographers/,"Top Photographers in Satellite, Ahmedabad | Hire Near You - VenueConnect","Find the best photographers in Satellite, Ahmedabad for your event. Browse verified profiles, compare pricing & get WhatsApp leads instantly on VenueConnect.","Top Photographers in Satellite, Ahmedabad",photographers in Satellite Ahmedabad,"photographers near Satellite, photographers Satellite Ahmedabad, best photographers near Satellite",Transactional (Hyper-local),Medium
Vendor + City Area,"Caterers in Satellite, Ahmedabad | VenueConnect",/ahmedabad/satellite/vendors/caterers/,"Top Caterers in Satellite, Ahmedabad | Hire Near You - VenueConnect","Find the best caterers in Satellite, Ahmedabad for your event. Browse verified profiles, compare pricing & get WhatsApp leads instantly on VenueConnect.","Top Caterers in Satellite, Ahmedabad",caterers in Satellite Ahmedabad,"caterers near Satellite, caterers Satellite Ahmedabad, best caterers near Satellite",Transactional (Hyper-local),Medium
Vendor + City Area,"Decorators in Satellite, Ahmedabad | VenueConnect",/ahmedabad/satellite/vendors/decorators/,"Top Decorators in Satellite, Ahmedabad | Hire Near You - VenueConnect","Find the best decorators in Satellite, Ahmedabad for your event. Browse verified profiles, compare pricing & get WhatsApp leads instantly on VenueConnect.","Top Decorators in Satellite, Ahmedabad",decorators in Satellite Ahmedabad,"decorators near Satellite, decorators Satellite Ahmedabad, best decorators near Satellite",Transactional (Hyper-local),Medium
Vendor + City Area,"Mehndi Artists in Satellite, Ahmedabad | VenueConnect",/ahmedabad/satellite/vendors/mehndi-artists/,"Top Mehndi Artists in Satellite, Ahmedabad | Hire Near You - VenueConnect","Find the best mehndi artists in Satellite, Ahmedabad for your event. Browse verified profiles, compare pricing & get WhatsApp leads instantly on VenueConnect.","Top Mehndi Artists in Satellite, Ahmedabad",mehndi artists in Satellite Ahmedabad,"mehndi artists near Satellite, mehndi artists Satellite Ahmedabad, best mehndi artists near Satellite",Transactional (Hyper-local),Medium
Vendor + City Area,"Photographers in Prahlad Nagar, Ahmedabad | VenueConnect",/ahmedabad/prahlad-nagar/vendors/photographers/,"Top Photographers in Prahlad Nagar, Ahmedabad | Hire Near You - VenueConnect","Find the best photographers in Prahlad Nagar, Ahmedabad for your event. Browse verified profiles, compare pricing & get WhatsApp leads instantly on VenueConnect.","Top Photographers in Prahlad Nagar, Ahmedabad",photographers in Prahlad Nagar Ahmedabad,"photographers near Prahlad Nagar, photographers Prahlad Nagar Ahmedabad, best photographers near Prahlad Nagar",Transactional (Hyper-local),Medium
Vendor + City Area,"Caterers in Prahlad Nagar, Ahmedabad | VenueConnect",/ahmedabad/prahlad-nagar/vendors/caterers/,"Top Caterers in Prahlad Nagar, Ahmedabad | Hire Near You - VenueConnect","Find the best caterers in Prahlad Nagar, Ahmedabad for your event. Browse verified profiles, compare pricing & get WhatsApp leads instantly on VenueConnect.","Top Caterers in Prahlad Nagar, Ahmedabad",caterers in Prahlad Nagar Ahmedabad,"caterers near Prahlad Nagar, caterers Prahlad Nagar Ahmedabad, best caterers near Prahlad Nagar",Transactional (Hyper-local),Medium
Vendor + City Area,"Decorators in Prahlad Nagar, Ahmedabad | VenueConnect",/ahmedabad/prahlad-nagar/vendors/decorators/,"Top Decorators in Prahlad Nagar, Ahmedabad | Hire Near You - VenueConnect","Find the best decorators in Prahlad Nagar, Ahmedabad for your event. Browse verified profiles, compare pricing & get WhatsApp leads instantly on VenueConnect.","Top Decorators in Prahlad Nagar, Ahmedabad",decorators in Prahlad Nagar Ahmedabad,"decorators near Prahlad Nagar, decorators Prahlad Nagar Ahmedabad, best decorators near Prahlad Nagar",Transactional (Hyper-local),Medium
Vendor + City Area,"Mehndi Artists in Prahlad Nagar, Ahmedabad | VenueConnect",/ahmedabad/prahlad-nagar/vendors/mehndi-artists/,"Top Mehndi Artists in Prahlad Nagar, Ahmedabad | Hire Near You - VenueConnect","Find the best mehndi artists in Prahlad Nagar, Ahmedabad for your event. Browse verified profiles, compare pricing & get WhatsApp leads instantly on VenueConnect.","Top Mehndi Artists in Prahlad Nagar, Ahmedabad",mehndi artists in Prahlad Nagar Ahmedabad,"mehndi artists near Prahlad Nagar, mehndi artists Prahlad Nagar Ahmedabad, best mehndi artists near Prahlad Nagar",Transactional (Hyper-local),Medium
Vendor + City Area,"Photographers in Thaltej, Ahmedabad | VenueConnect",/ahmedabad/thaltej/vendors/photographers/,"Top Photographers in Thaltej, Ahmedabad | Hire Near You - VenueConnect","Find the best photographers in Thaltej, Ahmedabad for your event. Browse verified profiles, compare pricing & get WhatsApp leads instantly on VenueConnect.","Top Photographers in Thaltej, Ahmedabad",photographers in Thaltej Ahmedabad,"photographers near Thaltej, photographers Thaltej Ahmedabad, best photographers near Thaltej",Transactional (Hyper-local),Medium
Vendor + City Area,"Caterers in Thaltej, Ahmedabad | VenueConnect",/ahmedabad/thaltej/vendors/caterers/,"Top Caterers in Thaltej, Ahmedabad | Hire Near You - VenueConnect","Find the best caterers in Thaltej, Ahmedabad for your event. Browse verified profiles, compare pricing & get WhatsApp leads instantly on VenueConnect.","Top Caterers in Thaltej, Ahmedabad",caterers in Thaltej Ahmedabad,"caterers near Thaltej, caterers Thaltej Ahmedabad, best caterers near Thaltej",Transactional (Hyper-local),Medium
Vendor + City Area,"Decorators in Thaltej, Ahmedabad | VenueConnect",/ahmedabad/thaltej/vendors/decorators/,"Top Decorators in Thaltej, Ahmedabad | Hire Near You - VenueConnect","Find the best decorators in Thaltej, Ahmedabad for your event. Browse verified profiles, compare pricing & get WhatsApp leads instantly on VenueConnect.","Top Decorators in Thaltej, Ahmedabad",decorators in Thaltej Ahmedabad,"decorators near Thaltej, decorators Thaltej Ahmedabad, best decorators near Thaltej",Transactional (Hyper-local),Medium
Vendor + City Area,"Mehndi Artists in Thaltej, Ahmedabad | VenueConnect",/ahmedabad/thaltej/vendors/mehndi-artists/,"Top Mehndi Artists in Thaltej, Ahmedabad | Hire Near You - VenueConnect","Find the best mehndi artists in Thaltej, Ahmedabad for your event. Browse verified profiles, compare pricing & get WhatsApp leads instantly on VenueConnect.","Top Mehndi Artists in Thaltej, Ahmedabad",mehndi artists in Thaltej Ahmedabad,"mehndi artists near Thaltej, mehndi artists Thaltej Ahmedabad, best mehndi artists near Thaltej",Transactional (Hyper-local),Medium
Vendor + City Area,"Photographers in Bodakdev, Ahmedabad | VenueConnect",/ahmedabad/bodakdev/vendors/photographers/,"Top Photographers in Bodakdev, Ahmedabad | Hire Near You - VenueConnect","Find the best photographers in Bodakdev, Ahmedabad for your event. Browse verified profiles, compare pricing & get WhatsApp leads instantly on VenueConnect.","Top Photographers in Bodakdev, Ahmedabad",photographers in Bodakdev Ahmedabad,"photographers near Bodakdev, photographers Bodakdev Ahmedabad, best photographers near Bodakdev",Transactional (Hyper-local),Medium
Vendor + City Area,"Caterers in Bodakdev, Ahmedabad | VenueConnect",/ahmedabad/bodakdev/vendors/caterers/,"Top Caterers in Bodakdev, Ahmedabad | Hire Near You - VenueConnect","Find the best caterers in Bodakdev, Ahmedabad for your event. Browse verified profiles, compare pricing & get WhatsApp leads instantly on VenueConnect.","Top Caterers in Bodakdev, Ahmedabad",caterers in Bodakdev Ahmedabad,"caterers near Bodakdev, caterers Bodakdev Ahmedabad, best caterers near Bodakdev",Transactional (Hyper-local),Medium
Vendor + City Area,"Decorators in Bodakdev, Ahmedabad | VenueConnect",/ahmedabad/bodakdev/vendors/decorators/,"Top Decorators in Bodakdev, Ahmedabad | Hire Near You - VenueConnect","Find the best decorators in Bodakdev, Ahmedabad for your event. Browse verified profiles, compare pricing & get WhatsApp leads instantly on VenueConnect.","Top Decorators in Bodakdev, Ahmedabad",decorators in Bodakdev Ahmedabad,"decorators near Bodakdev, decorators Bodakdev Ahmedabad, best decorators near Bodakdev",Transactional (Hyper-local),Medium
Vendor + City Area,"Mehndi Artists in Bodakdev, Ahmedabad | VenueConnect",/ahmedabad/bodakdev/vendors/mehndi-artists/,"Top Mehndi Artists in Bodakdev, Ahmedabad | Hire Near You - VenueConnect","Find the best mehndi artists in Bodakdev, Ahmedabad for your event. Browse verified profiles, compare pricing & get WhatsApp leads instantly on VenueConnect.","Top Mehndi Artists in Bodakdev, Ahmedabad",mehndi artists in Bodakdev Ahmedabad,"mehndi artists near Bodakdev, mehndi artists Bodakdev Ahmedabad, best mehndi artists near Bodakdev",Transactional (Hyper-local),Medium
Vendor + City Area,"Photographers in Maninagar, Ahmedabad | VenueConnect",/ahmedabad/maninagar/vendors/photographers/,"Top Photographers in Maninagar, Ahmedabad | Hire Near You - VenueConnect","Find the best photographers in Maninagar, Ahmedabad for your event. Browse verified profiles, compare pricing & get WhatsApp leads instantly on VenueConnect.","Top Photographers in Maninagar, Ahmedabad",photographers in Maninagar Ahmedabad,"photographers near Maninagar, photographers Maninagar Ahmedabad, best photographers near Maninagar",Transactional (Hyper-local),Medium
Vendor + City Area,"Caterers in Maninagar, Ahmedabad | VenueConnect",/ahmedabad/maninagar/vendors/caterers/,"Top Caterers in Maninagar, Ahmedabad | Hire Near You - VenueConnect","Find the best caterers in Maninagar, Ahmedabad for your event. Browse verified profiles, compare pricing & get WhatsApp leads instantly on VenueConnect.","Top Caterers in Maninagar, Ahmedabad",caterers in Maninagar Ahmedabad,"caterers near Maninagar, caterers Maninagar Ahmedabad, best caterers near Maninagar",Transactional (Hyper-local),Medium
Vendor + City Area,"Decorators in Maninagar, Ahmedabad | VenueConnect",/ahmedabad/maninagar/vendors/decorators/,"Top Decorators in Maninagar, Ahmedabad | Hire Near You - VenueConnect","Find the best decorators in Maninagar, Ahmedabad for your event. Browse verified profiles, compare pricing & get WhatsApp leads instantly on VenueConnect.","Top Decorators in Maninagar, Ahmedabad",decorators in Maninagar Ahmedabad,"decorators near Maninagar, decorators Maninagar Ahmedabad, best decorators near Maninagar",Transactional (Hyper-local),Medium
Vendor + City Area,"Mehndi Artists in Maninagar, Ahmedabad | VenueConnect",/ahmedabad/maninagar/vendors/mehndi-artists/,"Top Mehndi Artists in Maninagar, Ahmedabad | Hire Near You - VenueConnect","Find the best mehndi artists in Maninagar, Ahmedabad for your event. Browse verified profiles, compare pricing & get WhatsApp leads instantly on VenueConnect.","Top Mehndi Artists in Maninagar, Ahmedabad",mehndi artists in Maninagar Ahmedabad,"mehndi artists near Maninagar, mehndi artists Maninagar Ahmedabad, best mehndi artists near Maninagar",Transactional (Hyper-local),Medium
Vendor + City Area,"Photographers in Naranpura, Ahmedabad | VenueConnect",/ahmedabad/naranpura/vendors/photographers/,"Top Photographers in Naranpura, Ahmedabad | Hire Near You - VenueConnect","Find the best photographers in Naranpura, Ahmedabad for your event. Browse verified profiles, compare pricing & get WhatsApp leads instantly on VenueConnect.","Top Photographers in Naranpura, Ahmedabad",photographers in Naranpura Ahmedabad,"photographers near Naranpura, photographers Naranpura Ahmedabad, best photographers near Naranpura",Transactional (Hyper-local),Medium
Vendor + City Area,"Caterers in Naranpura, Ahmedabad | VenueConnect",/ahmedabad/naranpura/vendors/caterers/,"Top Caterers in Naranpura, Ahmedabad | Hire Near You - VenueConnect","Find the best caterers in Naranpura, Ahmedabad for your event. Browse verified profiles, compare pricing & get WhatsApp leads instantly on VenueConnect.","Top Caterers in Naranpura, Ahmedabad",caterers in Naranpura Ahmedabad,"caterers near Naranpura, caterers Naranpura Ahmedabad, best caterers near Naranpura",Transactional (Hyper-local),Medium
Vendor + City Area,"Decorators in Naranpura, Ahmedabad | VenueConnect",/ahmedabad/naranpura/vendors/decorators/,"Top Decorators in Naranpura, Ahmedabad | Hire Near You - VenueConnect","Find the best decorators in Naranpura, Ahmedabad for your event. Browse verified profiles, compare pricing & get WhatsApp leads instantly on VenueConnect.","Top Decorators in Naranpura, Ahmedabad",decorators in Naranpura Ahmedabad,"decorators near Naranpura, decorators Naranpura Ahmedabad, best decorators near Naranpura",Transactional (Hyper-local),Medium
Vendor + City Area,"Mehndi Artists in Naranpura, Ahmedabad | VenueConnect",/ahmedabad/naranpura/vendors/mehndi-artists/,"Top Mehndi Artists in Naranpura, Ahmedabad | Hire Near You - VenueConnect","Find the best mehndi artists in Naranpura, Ahmedabad for your event. Browse verified profiles, compare pricing & get WhatsApp leads instantly on VenueConnect.","Top Mehndi Artists in Naranpura, Ahmedabad",mehndi artists in Naranpura Ahmedabad,"mehndi artists near Naranpura, mehndi artists Naranpura Ahmedabad, best mehndi artists near Naranpura",Transactional (Hyper-local),Medium
Vendor + City Area,"Photographers in Chandkheda, Ahmedabad | VenueConnect",/ahmedabad/chandkheda/vendors/photographers/,"Top Photographers in Chandkheda, Ahmedabad | Hire Near You - VenueConnect","Find the best photographers in Chandkheda, Ahmedabad for your event. Browse verified profiles, compare pricing & get WhatsApp leads instantly on VenueConnect.","Top Photographers in Chandkheda, Ahmedabad",photographers in Chandkheda Ahmedabad,"photographers near Chandkheda, photographers Chandkheda Ahmedabad, best photographers near Chandkheda",Transactional (Hyper-local),Medium
Vendor + City Area,"Caterers in Chandkheda, Ahmedabad | VenueConnect",/ahmedabad/chandkheda/vendors/caterers/,"Top Caterers in Chandkheda, Ahmedabad | Hire Near You - VenueConnect","Find the best caterers in Chandkheda, Ahmedabad for your event. Browse verified profiles, compare pricing & get WhatsApp leads instantly on VenueConnect.","Top Caterers in Chandkheda, Ahmedabad",caterers in Chandkheda Ahmedabad,"caterers near Chandkheda, caterers Chandkheda Ahmedabad, best caterers near Chandkheda",Transactional (Hyper-local),Medium
Vendor + City Area,"Decorators in Chandkheda, Ahmedabad | VenueConnect",/ahmedabad/chandkheda/vendors/decorators/,"Top Decorators in Chandkheda, Ahmedabad | Hire Near You - VenueConnect","Find the best decorators in Chandkheda, Ahmedabad for your event. Browse verified profiles, compare pricing & get WhatsApp leads instantly on VenueConnect.","Top Decorators in Chandkheda, Ahmedabad",decorators in Chandkheda Ahmedabad,"decorators near Chandkheda, decorators Chandkheda Ahmedabad, best decorators near Chandkheda",Transactional (Hyper-local),Medium
Vendor + City Area,"Mehndi Artists in Chandkheda, Ahmedabad | VenueConnect",/ahmedabad/chandkheda/vendors/mehndi-artists/,"Top Mehndi Artists in Chandkheda, Ahmedabad | Hire Near You - VenueConnect","Find the best mehndi artists in Chandkheda, Ahmedabad for your event. Browse verified profiles, compare pricing & get WhatsApp leads instantly on VenueConnect.","Top Mehndi Artists in Chandkheda, Ahmedabad",mehndi artists in Chandkheda Ahmedabad,"mehndi artists near Chandkheda, mehndi artists Chandkheda Ahmedabad, best mehndi artists near Chandkheda",Transactional (Hyper-local),Medium
Vendor + City Area,"Photographers in Gota, Ahmedabad | VenueConnect",/ahmedabad/gota/vendors/photographers/,"Top Photographers in Gota, Ahmedabad | Hire Near You - VenueConnect","Find the best photographers in Gota, Ahmedabad for your event. Browse verified profiles, compare pricing & get WhatsApp leads instantly on VenueConnect.","Top Photographers in Gota, Ahmedabad",photographers in Gota Ahmedabad,"photographers near Gota, photographers Gota Ahmedabad, best photographers near Gota",Transactional (Hyper-local),Medium
Vendor + City Area,"Caterers in Gota, Ahmedabad | VenueConnect",/ahmedabad/gota/vendors/caterers/,"Top Caterers in Gota, Ahmedabad | Hire Near You - VenueConnect","Find the best caterers in Gota, Ahmedabad for your event. Browse verified profiles, compare pricing & get WhatsApp leads instantly on VenueConnect.","Top Caterers in Gota, Ahmedabad",caterers in Gota Ahmedabad,"caterers near Gota, caterers Gota Ahmedabad, best caterers near Gota",Transactional (Hyper-local),Medium
Vendor + City Area,"Decorators in Gota, Ahmedabad | VenueConnect",/ahmedabad/gota/vendors/decorators/,"Top Decorators in Gota, Ahmedabad | Hire Near You - VenueConnect","Find the best decorators in Gota, Ahmedabad for your event. Browse verified profiles, compare pricing & get WhatsApp leads instantly on VenueConnect.","Top Decorators in Gota, Ahmedabad",decorators in Gota Ahmedabad,"decorators near Gota, decorators Gota Ahmedabad, best decorators near Gota",Transactional (Hyper-local),Medium
Vendor + City Area,"Mehndi Artists in Gota, Ahmedabad | VenueConnect",/ahmedabad/gota/vendors/mehndi-artists/,"Top Mehndi Artists in Gota, Ahmedabad | Hire Near You - VenueConnect","Find the best mehndi artists in Gota, Ahmedabad for your event. Browse verified profiles, compare pricing & get WhatsApp leads instantly on VenueConnect.","Top Mehndi Artists in Gota, Ahmedabad",mehndi artists in Gota Ahmedabad,"mehndi artists near Gota, mehndi artists Gota Ahmedabad, best mehndi artists near Gota",Transactional (Hyper-local),Medium
Vendor + City Area,"Photographers in Nikol, Ahmedabad | VenueConnect",/ahmedabad/nikol/vendors/photographers/,"Top Photographers in Nikol, Ahmedabad | Hire Near You - VenueConnect","Find the best photographers in Nikol, Ahmedabad for your event. Browse verified profiles, compare pricing & get WhatsApp leads instantly on VenueConnect.","Top Photographers in Nikol, Ahmedabad",photographers in Nikol Ahmedabad,"photographers near Nikol, photographers Nikol Ahmedabad, best photographers near Nikol",Transactional (Hyper-local),Medium
Vendor + City Area,"Caterers in Nikol, Ahmedabad | VenueConnect",/ahmedabad/nikol/vendors/caterers/,"Top Caterers in Nikol, Ahmedabad | Hire Near You - VenueConnect","Find the best caterers in Nikol, Ahmedabad for your event. Browse verified profiles, compare pricing & get WhatsApp leads instantly on VenueConnect.","Top Caterers in Nikol, Ahmedabad",caterers in Nikol Ahmedabad,"caterers near Nikol, caterers Nikol Ahmedabad, best caterers near Nikol",Transactional (Hyper-local),Medium
Vendor + City Area,"Decorators in Nikol, Ahmedabad | VenueConnect",/ahmedabad/nikol/vendors/decorators/,"Top Decorators in Nikol, Ahmedabad | Hire Near You - VenueConnect","Find the best decorators in Nikol, Ahmedabad for your event. Browse verified profiles, compare pricing & get WhatsApp leads instantly on VenueConnect.","Top Decorators in Nikol, Ahmedabad",decorators in Nikol Ahmedabad,"decorators near Nikol, decorators Nikol Ahmedabad, best decorators near Nikol",Transactional (Hyper-local),Medium
Vendor + City Area,"Mehndi Artists in Nikol, Ahmedabad | VenueConnect",/ahmedabad/nikol/vendors/mehndi-artists/,"Top Mehndi Artists in Nikol, Ahmedabad | Hire Near You - VenueConnect","Find the best mehndi artists in Nikol, Ahmedabad for your event. Browse verified profiles, compare pricing & get WhatsApp leads instantly on VenueConnect.","Top Mehndi Artists in Nikol, Ahmedabad",mehndi artists in Nikol Ahmedabad,"mehndi artists near Nikol, mehndi artists Nikol Ahmedabad, best mehndi artists near Nikol",Transactional (Hyper-local),Medium
Vendor + City Area,"Photographers in Vastral, Ahmedabad | VenueConnect",/ahmedabad/vastral/vendors/photographers/,"Top Photographers in Vastral, Ahmedabad | Hire Near You - VenueConnect","Find the best photographers in Vastral, Ahmedabad for your event. Browse verified profiles, compare pricing & get WhatsApp leads instantly on VenueConnect.","Top Photographers in Vastral, Ahmedabad",photographers in Vastral Ahmedabad,"photographers near Vastral, photographers Vastral Ahmedabad, best photographers near Vastral",Transactional (Hyper-local),Medium
Vendor + City Area,"Caterers in Vastral, Ahmedabad | VenueConnect",/ahmedabad/vastral/vendors/caterers/,"Top Caterers in Vastral, Ahmedabad | Hire Near You - VenueConnect","Find the best caterers in Vastral, Ahmedabad for your event. Browse verified profiles, compare pricing & get WhatsApp leads instantly on VenueConnect.","Top Caterers in Vastral, Ahmedabad",caterers in Vastral Ahmedabad,"caterers near Vastral, caterers Vastral Ahmedabad, best caterers near Vastral",Transactional (Hyper-local),Medium
Vendor + City Area,"Decorators in Vastral, Ahmedabad | VenueConnect",/ahmedabad/vastral/vendors/decorators/,"Top Decorators in Vastral, Ahmedabad | Hire Near You - VenueConnect","Find the best decorators in Vastral, Ahmedabad for your event. Browse verified profiles, compare pricing & get WhatsApp leads instantly on VenueConnect.","Top Decorators in Vastral, Ahmedabad",decorators in Vastral Ahmedabad,"decorators near Vastral, decorators Vastral Ahmedabad, best decorators near Vastral",Transactional (Hyper-local),Medium
Vendor + City Area,"Mehndi Artists in Vastral, Ahmedabad | VenueConnect",/ahmedabad/vastral/vendors/mehndi-artists/,"Top Mehndi Artists in Vastral, Ahmedabad | Hire Near You - VenueConnect","Find the best mehndi artists in Vastral, Ahmedabad for your event. Browse verified profiles, compare pricing & get WhatsApp leads instantly on VenueConnect.","Top Mehndi Artists in Vastral, Ahmedabad",mehndi artists in Vastral Ahmedabad,"mehndi artists near Vastral, mehndi artists Vastral Ahmedabad, best mehndi artists near Vastral",Transactional (Hyper-local),Medium
Vendor + City Area,"Photographers in Motera, Ahmedabad | VenueConnect",/ahmedabad/motera/vendors/photographers/,"Top Photographers in Motera, Ahmedabad | Hire Near You - VenueConnect","Find the best photographers in Motera, Ahmedabad for your event. Browse verified profiles, compare pricing & get WhatsApp leads instantly on VenueConnect.","Top Photographers in Motera, Ahmedabad",photographers in Motera Ahmedabad,"photographers near Motera, photographers Motera Ahmedabad, best photographers near Motera",Transactional (Hyper-local),Medium
Vendor + City Area,"Caterers in Motera, Ahmedabad | VenueConnect",/ahmedabad/motera/vendors/caterers/,"Top Caterers in Motera, Ahmedabad | Hire Near You - VenueConnect","Find the best caterers in Motera, Ahmedabad for your event. Browse verified profiles, compare pricing & get WhatsApp leads instantly on VenueConnect.","Top Caterers in Motera, Ahmedabad",caterers in Motera Ahmedabad,"caterers near Motera, caterers Motera Ahmedabad, best caterers near Motera",Transactional (Hyper-local),Medium
Vendor + City Area,"Decorators in Motera, Ahmedabad | VenueConnect",/ahmedabad/motera/vendors/decorators/,"Top Decorators in Motera, Ahmedabad | Hire Near You - VenueConnect","Find the best decorators in Motera, Ahmedabad for your event. Browse verified profiles, compare pricing & get WhatsApp leads instantly on VenueConnect.","Top Decorators in Motera, Ahmedabad",decorators in Motera Ahmedabad,"decorators near Motera, decorators Motera Ahmedabad, best decorators near Motera",Transactional (Hyper-local),Medium
Vendor + City Area,"Mehndi Artists in Motera, Ahmedabad | VenueConnect",/ahmedabad/motera/vendors/mehndi-artists/,"Top Mehndi Artists in Motera, Ahmedabad | Hire Near You - VenueConnect","Find the best mehndi artists in Motera, Ahmedabad for your event. Browse verified profiles, compare pricing & get WhatsApp leads instantly on VenueConnect.","Top Mehndi Artists in Motera, Ahmedabad",mehndi artists in Motera Ahmedabad,"mehndi artists near Motera, mehndi artists Motera Ahmedabad, best mehndi artists near Motera",Transactional (Hyper-local),Medium
Vendor + City Area,"Photographers in Navrangpura, Ahmedabad | VenueConnect",/ahmedabad/navrangpura/vendors/photographers/,"Top Photographers in Navrangpura, Ahmedabad | Hire Near You - VenueConnect","Find the best photographers in Navrangpura, Ahmedabad for your event. Browse verified profiles, compare pricing & get WhatsApp leads instantly on VenueConnect.","Top Photographers in Navrangpura, Ahmedabad",photographers in Navrangpura Ahmedabad,"photographers near Navrangpura, photographers Navrangpura Ahmedabad, best photographers near Navrangpura",Transactional (Hyper-local),Medium
Vendor + City Area,"Caterers in Navrangpura, Ahmedabad | VenueConnect",/ahmedabad/navrangpura/vendors/caterers/,"Top Caterers in Navrangpura, Ahmedabad | Hire Near You - VenueConnect","Find the best caterers in Navrangpura, Ahmedabad for your event. Browse verified profiles, compare pricing & get WhatsApp leads instantly on VenueConnect.","Top Caterers in Navrangpura, Ahmedabad",caterers in Navrangpura Ahmedabad,"caterers near Navrangpura, caterers Navrangpura Ahmedabad, best caterers near Navrangpura",Transactional (Hyper-local),Medium
Vendor + City Area,"Decorators in Navrangpura, Ahmedabad | VenueConnect",/ahmedabad/navrangpura/vendors/decorators/,"Top Decorators in Navrangpura, Ahmedabad | Hire Near You - VenueConnect","Find the best decorators in Navrangpura, Ahmedabad for your event. Browse verified profiles, compare pricing & get WhatsApp leads instantly on VenueConnect.","Top Decorators in Navrangpura, Ahmedabad",decorators in Navrangpura Ahmedabad,"decorators near Navrangpura, decorators Navrangpura Ahmedabad, best decorators near Navrangpura",Transactional (Hyper-local),Medium
Vendor + City Area,"Mehndi Artists in Navrangpura, Ahmedabad | VenueConnect",/ahmedabad/navrangpura/vendors/mehndi-artists/,"Top Mehndi Artists in Navrangpura, Ahmedabad | Hire Near You - VenueConnect","Find the best mehndi artists in Navrangpura, Ahmedabad for your event. Browse verified profiles, compare pricing & get WhatsApp leads instantly on VenueConnect.","Top Mehndi Artists in Navrangpura, Ahmedabad",mehndi artists in Navrangpura Ahmedabad,"mehndi artists near Navrangpura, mehndi artists Navrangpura Ahmedabad, best mehndi artists near Navrangpura",Transactional (Hyper-local),Medium
Vendor + City Area,"Photographers in Ambawadi, Ahmedabad | VenueConnect",/ahmedabad/ambawadi/vendors/photographers/,"Top Photographers in Ambawadi, Ahmedabad | Hire Near You - VenueConnect","Find the best photographers in Ambawadi, Ahmedabad for your event. Browse verified profiles, compare pricing & get WhatsApp leads instantly on VenueConnect.","Top Photographers in Ambawadi, Ahmedabad",photographers in Ambawadi Ahmedabad,"photographers near Ambawadi, photographers Ambawadi Ahmedabad, best photographers near Ambawadi",Transactional (Hyper-local),Medium
Vendor + City Area,"Caterers in Ambawadi, Ahmedabad | VenueConnect",/ahmedabad/ambawadi/vendors/caterers/,"Top Caterers in Ambawadi, Ahmedabad | Hire Near You - VenueConnect","Find the best caterers in Ambawadi, Ahmedabad for your event. Browse verified profiles, compare pricing & get WhatsApp leads instantly on VenueConnect.","Top Caterers in Ambawadi, Ahmedabad",caterers in Ambawadi Ahmedabad,"caterers near Ambawadi, caterers Ambawadi Ahmedabad, best caterers near Ambawadi",Transactional (Hyper-local),Medium
Vendor + City Area,"Decorators in Ambawadi, Ahmedabad | VenueConnect",/ahmedabad/ambawadi/vendors/decorators/,"Top Decorators in Ambawadi, Ahmedabad | Hire Near You - VenueConnect","Find the best decorators in Ambawadi, Ahmedabad for your event. Browse verified profiles, compare pricing & get WhatsApp leads instantly on VenueConnect.","Top Decorators in Ambawadi, Ahmedabad",decorators in Ambawadi Ahmedabad,"decorators near Ambawadi, decorators Ambawadi Ahmedabad, best decorators near Ambawadi",Transactional (Hyper-local),Medium
Vendor + City Area,"Mehndi Artists in Ambawadi, Ahmedabad | VenueConnect",/ahmedabad/ambawadi/vendors/mehndi-artists/,"Top Mehndi Artists in Ambawadi, Ahmedabad | Hire Near You - VenueConnect","Find the best mehndi artists in Ambawadi, Ahmedabad for your event. Browse verified profiles, compare pricing & get WhatsApp leads instantly on VenueConnect.","Top Mehndi Artists in Ambawadi, Ahmedabad",mehndi artists in Ambawadi Ahmedabad,"mehndi artists near Ambawadi, mehndi artists Ambawadi Ahmedabad, best mehndi artists near Ambawadi",Transactional (Hyper-local),Medium
Vendor + City Area,"Photographers in Ashram Road, Ahmedabad | VenueConnect",/ahmedabad/ashram-road/vendors/photographers/,"Top Photographers in Ashram Road, Ahmedabad | Hire Near You - VenueConnect","Find the best photographers in Ashram Road, Ahmedabad for your event. Browse verified profiles, compare pricing & get WhatsApp leads instantly on VenueConnect.","Top Photographers in Ashram Road, Ahmedabad",photographers in Ashram Road Ahmedabad,"photographers near Ashram Road, photographers Ashram Road Ahmedabad, best photographers near Ashram Road",Transactional (Hyper-local),Medium
Vendor + City Area,"Caterers in Ashram Road, Ahmedabad | VenueConnect",/ahmedabad/ashram-road/vendors/caterers/,"Top Caterers in Ashram Road, Ahmedabad | Hire Near You - VenueConnect","Find the best caterers in Ashram Road, Ahmedabad for your event. Browse verified profiles, compare pricing & get WhatsApp leads instantly on VenueConnect.","Top Caterers in Ashram Road, Ahmedabad",caterers in Ashram Road Ahmedabad,"caterers near Ashram Road, caterers Ashram Road Ahmedabad, best caterers near Ashram Road",Transactional (Hyper-local),Medium
Vendor + City Area,"Decorators in Ashram Road, Ahmedabad | VenueConnect",/ahmedabad/ashram-road/vendors/decorators/,"Top Decorators in Ashram Road, Ahmedabad | Hire Near You - VenueConnect","Find the best decorators in Ashram Road, Ahmedabad for your event. Browse verified profiles, compare pricing & get WhatsApp leads instantly on VenueConnect.","Top Decorators in Ashram Road, Ahmedabad",decorators in Ashram Road Ahmedabad,"decorators near Ashram Road, decorators Ashram Road Ahmedabad, best decorators near Ashram Road",Transactional (Hyper-local),Medium
Vendor + City Area,"Mehndi Artists in Ashram Road, Ahmedabad | VenueConnect",/ahmedabad/ashram-road/vendors/mehndi-artists/,"Top Mehndi Artists in Ashram Road, Ahmedabad | Hire Near You - VenueConnect","Find the best mehndi artists in Ashram Road, Ahmedabad for your event. Browse verified profiles, compare pricing & get WhatsApp leads instantly on VenueConnect.","Top Mehndi Artists in Ashram Road, Ahmedabad",mehndi artists in Ashram Road Ahmedabad,"mehndi artists near Ashram Road, mehndi artists Ashram Road Ahmedabad, best mehndi artists near Ashram Road",Transactional (Hyper-local),Medium
Vendor + City Area,"Photographers in CG Road, Ahmedabad | VenueConnect",/ahmedabad/cg-road/vendors/photographers/,"Top Photographers in CG Road, Ahmedabad | Hire Near You - VenueConnect","Find the best photographers in CG Road, Ahmedabad for your event. Browse verified profiles, compare pricing & get WhatsApp leads instantly on VenueConnect.","Top Photographers in CG Road, Ahmedabad",photographers in CG Road Ahmedabad,"photographers near CG Road, photographers CG Road Ahmedabad, best photographers near CG Road",Transactional (Hyper-local),Medium
Vendor + City Area,"Caterers in CG Road, Ahmedabad | VenueConnect",/ahmedabad/cg-road/vendors/caterers/,"Top Caterers in CG Road, Ahmedabad | Hire Near You - VenueConnect","Find the best caterers in CG Road, Ahmedabad for your event. Browse verified profiles, compare pricing & get WhatsApp leads instantly on VenueConnect.","Top Caterers in CG Road, Ahmedabad",caterers in CG Road Ahmedabad,"caterers near CG Road, caterers CG Road Ahmedabad, best caterers near CG Road",Transactional (Hyper-local),Medium
Vendor + City Area,"Decorators in CG Road, Ahmedabad | VenueConnect",/ahmedabad/cg-road/vendors/decorators/,"Top Decorators in CG Road, Ahmedabad | Hire Near You - VenueConnect","Find the best decorators in CG Road, Ahmedabad for your event. Browse verified profiles, compare pricing & get WhatsApp leads instantly on VenueConnect.","Top Decorators in CG Road, Ahmedabad",decorators in CG Road Ahmedabad,"decorators near CG Road, decorators CG Road Ahmedabad, best decorators near CG Road",Transactional (Hyper-local),Medium
Vendor + City Area,"Mehndi Artists in CG Road, Ahmedabad | VenueConnect",/ahmedabad/cg-road/vendors/mehndi-artists/,"Top Mehndi Artists in CG Road, Ahmedabad | Hire Near You - VenueConnect","Find the best mehndi artists in CG Road, Ahmedabad for your event. Browse verified profiles, compare pricing & get WhatsApp leads instantly on VenueConnect.","Top Mehndi Artists in CG Road, Ahmedabad",mehndi artists in CG Road Ahmedabad,"mehndi artists near CG Road, mehndi artists CG Road Ahmedabad, best mehndi artists near CG Road",Transactional (Hyper-local),Medium
Vendor + City Area,"Photographers in Drive In Road, Ahmedabad | VenueConnect",/ahmedabad/drive-in-road/vendors/photographers/,"Top Photographers in Drive In Road, Ahmedabad | Hire Near You - VenueConnect","Find the best photographers in Drive In Road, Ahmedabad for your event. Browse verified profiles, compare pricing & get WhatsApp leads instantly on VenueConnect.","Top Photographers in Drive In Road, Ahmedabad",photographers in Drive In Road Ahmedabad,"photographers near Drive In Road, photographers Drive In Road Ahmedabad, best photographers near Drive In Road",Transactional (Hyper-local),Medium
Vendor + City Area,"Caterers in Drive In Road, Ahmedabad | VenueConnect",/ahmedabad/drive-in-road/vendors/caterers/,"Top Caterers in Drive In Road, Ahmedabad | Hire Near You - VenueConnect","Find the best caterers in Drive In Road, Ahmedabad for your event. Browse verified profiles, compare pricing & get WhatsApp leads instantly on VenueConnect.","Top Caterers in Drive In Road, Ahmedabad",caterers in Drive In Road Ahmedabad,"caterers near Drive In Road, caterers Drive In Road Ahmedabad, best caterers near Drive In Road",Transactional (Hyper-local),Medium
Vendor + City Area,"Decorators in Drive In Road, Ahmedabad | VenueConnect",/ahmedabad/drive-in-road/vendors/decorators/,"Top Decorators in Drive In Road, Ahmedabad | Hire Near You - VenueConnect","Find the best decorators in Drive In Road, Ahmedabad for your event. Browse verified profiles, compare pricing & get WhatsApp leads instantly on VenueConnect.","Top Decorators in Drive In Road, Ahmedabad",decorators in Drive In Road Ahmedabad,"decorators near Drive In Road, decorators Drive In Road Ahmedabad, best decorators near Drive In Road",Transactional (Hyper-local),Medium
Vendor + City Area,"Mehndi Artists in Drive In Road, Ahmedabad | VenueConnect",/ahmedabad/drive-in-road/vendors/mehndi-artists/,"Top Mehndi Artists in Drive In Road, Ahmedabad | Hire Near You - VenueConnect","Find the best mehndi artists in Drive In Road, Ahmedabad for your event. Browse verified profiles, compare pricing & get WhatsApp leads instantly on VenueConnect.","Top Mehndi Artists in Drive In Road, Ahmedabad",mehndi artists in Drive In Road Ahmedabad,"mehndi artists near Drive In Road, mehndi artists Drive In Road Ahmedabad, best mehndi artists near Drive In Road",Transactional (Hyper-local),Medium
Vendor + City Area,"Photographers in Ellisbridge, Ahmedabad | VenueConnect",/ahmedabad/ellisbridge/vendors/photographers/,"Top Photographers in Ellisbridge, Ahmedabad | Hire Near You - VenueConnect","Find the best photographers in Ellisbridge, Ahmedabad for your event. Browse verified profiles, compare pricing & get WhatsApp leads instantly on VenueConnect.","Top Photographers in Ellisbridge, Ahmedabad",photographers in Ellisbridge Ahmedabad,"photographers near Ellisbridge, photographers Ellisbridge Ahmedabad, best photographers near Ellisbridge",Transactional (Hyper-local),Medium
Vendor + City Area,"Caterers in Ellisbridge, Ahmedabad | VenueConnect",/ahmedabad/ellisbridge/vendors/caterers/,"Top Caterers in Ellisbridge, Ahmedabad | Hire Near You - VenueConnect","Find the best caterers in Ellisbridge, Ahmedabad for your event. Browse verified profiles, compare pricing & get WhatsApp leads instantly on VenueConnect.","Top Caterers in Ellisbridge, Ahmedabad",caterers in Ellisbridge Ahmedabad,"caterers near Ellisbridge, caterers Ellisbridge Ahmedabad, best caterers near Ellisbridge",Transactional (Hyper-local),Medium
Vendor + City Area,"Decorators in Ellisbridge, Ahmedabad | VenueConnect",/ahmedabad/ellisbridge/vendors/decorators/,"Top Decorators in Ellisbridge, Ahmedabad | Hire Near You - VenueConnect","Find the best decorators in Ellisbridge, Ahmedabad for your event. Browse verified profiles, compare pricing & get WhatsApp leads instantly on VenueConnect.","Top Decorators in Ellisbridge, Ahmedabad",decorators in Ellisbridge Ahmedabad,"decorators near Ellisbridge, decorators Ellisbridge Ahmedabad, best decorators near Ellisbridge",Transactional (Hyper-local),Medium
Vendor + City Area,"Mehndi Artists in Ellisbridge, Ahmedabad | VenueConnect",/ahmedabad/ellisbridge/vendors/mehndi-artists/,"Top Mehndi Artists in Ellisbridge, Ahmedabad | Hire Near You - VenueConnect","Find the best mehndi artists in Ellisbridge, Ahmedabad for your event. Browse verified profiles, compare pricing & get WhatsApp leads instantly on VenueConnect.","Top Mehndi Artists in Ellisbridge, Ahmedabad",mehndi artists in Ellisbridge Ahmedabad,"mehndi artists near Ellisbridge, mehndi artists Ellisbridge Ahmedabad, best mehndi artists near Ellisbridge",Transactional (Hyper-local),Medium
Vendor + City Area,"Photographers in Gheekanta, Ahmedabad | VenueConnect",/ahmedabad/gheekanta/vendors/photographers/,"Top Photographers in Gheekanta, Ahmedabad | Hire Near You - VenueConnect","Find the best photographers in Gheekanta, Ahmedabad for your event. Browse verified profiles, compare pricing & get WhatsApp leads instantly on VenueConnect.","Top Photographers in Gheekanta, Ahmedabad",photographers in Gheekanta Ahmedabad,"photographers near Gheekanta, photographers Gheekanta Ahmedabad, best photographers near Gheekanta",Transactional (Hyper-local),Medium
Vendor + City Area,"Caterers in Gheekanta, Ahmedabad | VenueConnect",/ahmedabad/gheekanta/vendors/caterers/,"Top Caterers in Gheekanta, Ahmedabad | Hire Near You - VenueConnect","Find the best caterers in Gheekanta, Ahmedabad for your event. Browse verified profiles, compare pricing & get WhatsApp leads instantly on VenueConnect.","Top Caterers in Gheekanta, Ahmedabad",caterers in Gheekanta Ahmedabad,"caterers near Gheekanta, caterers Gheekanta Ahmedabad, best caterers near Gheekanta",Transactional (Hyper-local),Medium
Vendor + City Area,"Decorators in Gheekanta, Ahmedabad | VenueConnect",/ahmedabad/gheekanta/vendors/decorators/,"Top Decorators in Gheekanta, Ahmedabad | Hire Near You - VenueConnect","Find the best decorators in Gheekanta, Ahmedabad for your event. Browse verified profiles, compare pricing & get WhatsApp leads instantly on VenueConnect.","Top Decorators in Gheekanta, Ahmedabad",decorators in Gheekanta Ahmedabad,"decorators near Gheekanta, decorators Gheekanta Ahmedabad, best decorators near Gheekanta",Transactional (Hyper-local),Medium
Vendor + City Area,"Mehndi Artists in Gheekanta, Ahmedabad | VenueConnect",/ahmedabad/gheekanta/vendors/mehndi-artists/,"Top Mehndi Artists in Gheekanta, Ahmedabad | Hire Near You - VenueConnect","Find the best mehndi artists in Gheekanta, Ahmedabad for your event. Browse verified profiles, compare pricing & get WhatsApp leads instantly on VenueConnect.","Top Mehndi Artists in Gheekanta, Ahmedabad",mehndi artists in Gheekanta Ahmedabad,"mehndi artists near Gheekanta, mehndi artists Gheekanta Ahmedabad, best mehndi artists near Gheekanta",Transactional (Hyper-local),Medium
Vendor + City Area,"Photographers in Gurukul, Ahmedabad | VenueConnect",/ahmedabad/gurukul/vendors/photographers/,"Top Photographers in Gurukul, Ahmedabad | Hire Near You - VenueConnect","Find the best photographers in Gurukul, Ahmedabad for your event. Browse verified profiles, compare pricing & get WhatsApp leads instantly on VenueConnect.","Top Photographers in Gurukul, Ahmedabad",photographers in Gurukul Ahmedabad,"photographers near Gurukul, photographers Gurukul Ahmedabad, best photographers near Gurukul",Transactional (Hyper-local),Medium
Vendor + City Area,"Caterers in Gurukul, Ahmedabad | VenueConnect",/ahmedabad/gurukul/vendors/caterers/,"Top Caterers in Gurukul, Ahmedabad | Hire Near You - VenueConnect","Find the best caterers in Gurukul, Ahmedabad for your event. Browse verified profiles, compare pricing & get WhatsApp leads instantly on VenueConnect.","Top Caterers in Gurukul, Ahmedabad",caterers in Gurukul Ahmedabad,"caterers near Gurukul, caterers Gurukul Ahmedabad, best caterers near Gurukul",Transactional (Hyper-local),Medium
Vendor + City Area,"Decorators in Gurukul, Ahmedabad | VenueConnect",/ahmedabad/gurukul/vendors/decorators/,"Top Decorators in Gurukul, Ahmedabad | Hire Near You - VenueConnect","Find the best decorators in Gurukul, Ahmedabad for your event. Browse verified profiles, compare pricing & get WhatsApp leads instantly on VenueConnect.","Top Decorators in Gurukul, Ahmedabad",decorators in Gurukul Ahmedabad,"decorators near Gurukul, decorators Gurukul Ahmedabad, best decorators near Gurukul",Transactional (Hyper-local),Medium
Vendor + City Area,"Mehndi Artists in Gurukul, Ahmedabad | VenueConnect",/ahmedabad/gurukul/vendors/mehndi-artists/,"Top Mehndi Artists in Gurukul, Ahmedabad | Hire Near You - VenueConnect","Find the best mehndi artists in Gurukul, Ahmedabad for your event. Browse verified profiles, compare pricing & get WhatsApp leads instantly on VenueConnect.","Top Mehndi Artists in Gurukul, Ahmedabad",mehndi artists in Gurukul Ahmedabad,"mehndi artists near Gurukul, mehndi artists Gurukul Ahmedabad, best mehndi artists near Gurukul",Transactional (Hyper-local),Medium
Vendor + City Area,"Photographers in Iscon, Ahmedabad | VenueConnect",/ahmedabad/iscon/vendors/photographers/,"Top Photographers in Iscon, Ahmedabad | Hire Near You - VenueConnect","Find the best photographers in Iscon, Ahmedabad for your event. Browse verified profiles, compare pricing & get WhatsApp leads instantly on VenueConnect.","Top Photographers in Iscon, Ahmedabad",photographers in Iscon Ahmedabad,"photographers near Iscon, photographers Iscon Ahmedabad, best photographers near Iscon",Transactional (Hyper-local),Medium
Vendor + City Area,"Caterers in Iscon, Ahmedabad | VenueConnect",/ahmedabad/iscon/vendors/caterers/,"Top Caterers in Iscon, Ahmedabad | Hire Near You - VenueConnect","Find the best caterers in Iscon, Ahmedabad for your event. Browse verified profiles, compare pricing & get WhatsApp leads instantly on VenueConnect.","Top Caterers in Iscon, Ahmedabad",caterers in Iscon Ahmedabad,"caterers near Iscon, caterers Iscon Ahmedabad, best caterers near Iscon",Transactional (Hyper-local),Medium
Vendor + City Area,"Decorators in Iscon, Ahmedabad | VenueConnect",/ahmedabad/iscon/vendors/decorators/,"Top Decorators in Iscon, Ahmedabad | Hire Near You - VenueConnect","Find the best decorators in Iscon, Ahmedabad for your event. Browse verified profiles, compare pricing & get WhatsApp leads instantly on VenueConnect.","Top Decorators in Iscon, Ahmedabad",decorators in Iscon Ahmedabad,"decorators near Iscon, decorators Iscon Ahmedabad, best decorators near Iscon",Transactional (Hyper-local),Medium
Vendor + City Area,"Mehndi Artists in Iscon, Ahmedabad | VenueConnect",/ahmedabad/iscon/vendors/mehndi-artists/,"Top Mehndi Artists in Iscon, Ahmedabad | Hire Near You - VenueConnect","Find the best mehndi artists in Iscon, Ahmedabad for your event. Browse verified profiles, compare pricing & get WhatsApp leads instantly on VenueConnect.","Top Mehndi Artists in Iscon, Ahmedabad",mehndi artists in Iscon Ahmedabad,"mehndi artists near Iscon, mehndi artists Iscon Ahmedabad, best mehndi artists near Iscon",Transactional (Hyper-local),Medium
Vendor + City Area,"Photographers in Jodhpur, Ahmedabad | VenueConnect",/ahmedabad/jodhpur/vendors/photographers/,"Top Photographers in Jodhpur, Ahmedabad | Hire Near You - VenueConnect","Find the best photographers in Jodhpur, Ahmedabad for your event. Browse verified profiles, compare pricing & get WhatsApp leads instantly on VenueConnect.","Top Photographers in Jodhpur, Ahmedabad",photographers in Jodhpur Ahmedabad,"photographers near Jodhpur, photographers Jodhpur Ahmedabad, best photographers near Jodhpur",Transactional (Hyper-local),Medium
Vendor + City Area,"Caterers in Jodhpur, Ahmedabad | VenueConnect",/ahmedabad/jodhpur/vendors/caterers/,"Top Caterers in Jodhpur, Ahmedabad | Hire Near You - VenueConnect","Find the best caterers in Jodhpur, Ahmedabad for your event. Browse verified profiles, compare pricing & get WhatsApp leads instantly on VenueConnect.","Top Caterers in Jodhpur, Ahmedabad",caterers in Jodhpur Ahmedabad,"caterers near Jodhpur, caterers Jodhpur Ahmedabad, best caterers near Jodhpur",Transactional (Hyper-local),Medium
Vendor + City Area,"Decorators in Jodhpur, Ahmedabad | VenueConnect",/ahmedabad/jodhpur/vendors/decorators/,"Top Decorators in Jodhpur, Ahmedabad | Hire Near You - VenueConnect","Find the best decorators in Jodhpur, Ahmedabad for your event. Browse verified profiles, compare pricing & get WhatsApp leads instantly on VenueConnect.","Top Decorators in Jodhpur, Ahmedabad",decorators in Jodhpur Ahmedabad,"decorators near Jodhpur, decorators Jodhpur Ahmedabad, best decorators near Jodhpur",Transactional (Hyper-local),Medium
Vendor + City Area,"Mehndi Artists in Jodhpur, Ahmedabad | VenueConnect",/ahmedabad/jodhpur/vendors/mehndi-artists/,"Top Mehndi Artists in Jodhpur, Ahmedabad | Hire Near You - VenueConnect","Find the best mehndi artists in Jodhpur, Ahmedabad for your event. Browse verified profiles, compare pricing & get WhatsApp leads instantly on VenueConnect.","Top Mehndi Artists in Jodhpur, Ahmedabad",mehndi artists in Jodhpur Ahmedabad,"mehndi artists near Jodhpur, mehndi artists Jodhpur Ahmedabad, best mehndi artists near Jodhpur",Transactional (Hyper-local),Medium
Vendor + City Area,"Photographers in Kalupur, Ahmedabad | VenueConnect",/ahmedabad/kalupur/vendors/photographers/,"Top Photographers in Kalupur, Ahmedabad | Hire Near You - VenueConnect","Find the best photographers in Kalupur, Ahmedabad for your event. Browse verified profiles, compare pricing & get WhatsApp leads instantly on VenueConnect.","Top Photographers in Kalupur, Ahmedabad",photographers in Kalupur Ahmedabad,"photographers near Kalupur, photographers Kalupur Ahmedabad, best photographers near Kalupur",Transactional (Hyper-local),Medium
Vendor + City Area,"Caterers in Kalupur, Ahmedabad | VenueConnect",/ahmedabad/kalupur/vendors/caterers/,"Top Caterers in Kalupur, Ahmedabad | Hire Near You - VenueConnect","Find the best caterers in Kalupur, Ahmedabad for your event. Browse verified profiles, compare pricing & get WhatsApp leads instantly on VenueConnect.","Top Caterers in Kalupur, Ahmedabad",caterers in Kalupur Ahmedabad,"caterers near Kalupur, caterers Kalupur Ahmedabad, best caterers near Kalupur",Transactional (Hyper-local),Medium
Vendor + City Area,"Decorators in Kalupur, Ahmedabad | VenueConnect",/ahmedabad/kalupur/vendors/decorators/,"Top Decorators in Kalupur, Ahmedabad | Hire Near You - VenueConnect","Find the best decorators in Kalupur, Ahmedabad for your event. Browse verified profiles, compare pricing & get WhatsApp leads instantly on VenueConnect.","Top Decorators in Kalupur, Ahmedabad",decorators in Kalupur Ahmedabad,"decorators near Kalupur, decorators Kalupur Ahmedabad, best decorators near Kalupur",Transactional (Hyper-local),Medium
Vendor + City Area,"Mehndi Artists in Kalupur, Ahmedabad | VenueConnect",/ahmedabad/kalupur/vendors/mehndi-artists/,"Top Mehndi Artists in Kalupur, Ahmedabad | Hire Near You - VenueConnect","Find the best mehndi artists in Kalupur, Ahmedabad for your event. Browse verified profiles, compare pricing & get WhatsApp leads instantly on VenueConnect.","Top Mehndi Artists in Kalupur, Ahmedabad",mehndi artists in Kalupur Ahmedabad,"mehndi artists near Kalupur, mehndi artists Kalupur Ahmedabad, best mehndi artists near Kalupur",Transactional (Hyper-local),Medium
Vendor + City Area,"Photographers in Kankaria, Ahmedabad | VenueConnect",/ahmedabad/kankaria/vendors/photographers/,"Top Photographers in Kankaria, Ahmedabad | Hire Near You - VenueConnect","Find the best photographers in Kankaria, Ahmedabad for your event. Browse verified profiles, compare pricing & get WhatsApp leads instantly on VenueConnect.","Top Photographers in Kankaria, Ahmedabad",photographers in Kankaria Ahmedabad,"photographers near Kankaria, photographers Kankaria Ahmedabad, best photographers near Kankaria",Transactional (Hyper-local),Medium
Vendor + City Area,"Caterers in Kankaria, Ahmedabad | VenueConnect",/ahmedabad/kankaria/vendors/caterers/,"Top Caterers in Kankaria, Ahmedabad | Hire Near You - VenueConnect","Find the best caterers in Kankaria, Ahmedabad for your event. Browse verified profiles, compare pricing & get WhatsApp leads instantly on VenueConnect.","Top Caterers in Kankaria, Ahmedabad",caterers in Kankaria Ahmedabad,"caterers near Kankaria, caterers Kankaria Ahmedabad, best caterers near Kankaria",Transactional (Hyper-local),Medium
Vendor + City Area,"Decorators in Kankaria, Ahmedabad | VenueConnect",/ahmedabad/kankaria/vendors/decorators/,"Top Decorators in Kankaria, Ahmedabad | Hire Near You - VenueConnect","Find the best decorators in Kankaria, Ahmedabad for your event. Browse verified profiles, compare pricing & get WhatsApp leads instantly on VenueConnect.","Top Decorators in Kankaria, Ahmedabad",decorators in Kankaria Ahmedabad,"decorators near Kankaria, decorators Kankaria Ahmedabad, best decorators near Kankaria",Transactional (Hyper-local),Medium
Vendor + City Area,"Mehndi Artists in Kankaria, Ahmedabad | VenueConnect",/ahmedabad/kankaria/vendors/mehndi-artists/,"Top Mehndi Artists in Kankaria, Ahmedabad | Hire Near You - VenueConnect","Find the best mehndi artists in Kankaria, Ahmedabad for your event. Browse verified profiles, compare pricing & get WhatsApp leads instantly on VenueConnect.","Top Mehndi Artists in Kankaria, Ahmedabad",mehndi artists in Kankaria Ahmedabad,"mehndi artists near Kankaria, mehndi artists Kankaria Ahmedabad, best mehndi artists near Kankaria",Transactional (Hyper-local),Medium
Vendor + City Area,"Photographers in Khokhra, Ahmedabad | VenueConnect",/ahmedabad/khokhra/vendors/photographers/,"Top Photographers in Khokhra, Ahmedabad | Hire Near You - VenueConnect","Find the best photographers in Khokhra, Ahmedabad for your event. Browse verified profiles, compare pricing & get WhatsApp leads instantly on VenueConnect.","Top Photographers in Khokhra, Ahmedabad",photographers in Khokhra Ahmedabad,"photographers near Khokhra, photographers Khokhra Ahmedabad, best photographers near Khokhra",Transactional (Hyper-local),Medium
Vendor + City Area,"Caterers in Khokhra, Ahmedabad | VenueConnect",/ahmedabad/khokhra/vendors/caterers/,"Top Caterers in Khokhra, Ahmedabad | Hire Near You - VenueConnect","Find the best caterers in Khokhra, Ahmedabad for your event. Browse verified profiles, compare pricing & get WhatsApp leads instantly on VenueConnect.","Top Caterers in Khokhra, Ahmedabad",caterers in Khokhra Ahmedabad,"caterers near Khokhra, caterers Khokhra Ahmedabad, best caterers near Khokhra",Transactional (Hyper-local),Medium
Vendor + City Area,"Decorators in Khokhra, Ahmedabad | VenueConnect",/ahmedabad/khokhra/vendors/decorators/,"Top Decorators in Khokhra, Ahmedabad | Hire Near You - VenueConnect","Find the best decorators in Khokhra, Ahmedabad for your event. Browse verified profiles, compare pricing & get WhatsApp leads instantly on VenueConnect.","Top Decorators in Khokhra, Ahmedabad",decorators in Khokhra Ahmedabad,"decorators near Khokhra, decorators Khokhra Ahmedabad, best decorators near Khokhra",Transactional (Hyper-local),Medium
Vendor + City Area,"Mehndi Artists in Khokhra, Ahmedabad | VenueConnect",/ahmedabad/khokhra/vendors/mehndi-artists/,"Top Mehndi Artists in Khokhra, Ahmedabad | Hire Near You - VenueConnect","Find the best mehndi artists in Khokhra, Ahmedabad for your event. Browse verified profiles, compare pricing & get WhatsApp leads instantly on VenueConnect.","Top Mehndi Artists in Khokhra, Ahmedabad",mehndi artists in Khokhra Ahmedabad,"mehndi artists near Khokhra, mehndi artists Khokhra Ahmedabad, best mehndi artists near Khokhra",Transactional (Hyper-local),Medium
Vendor + City Area,"Photographers in Lal Darwaja, Ahmedabad | VenueConnect",/ahmedabad/lal-darwaja/vendors/photographers/,"Top Photographers in Lal Darwaja, Ahmedabad | Hire Near You - VenueConnect","Find the best photographers in Lal Darwaja, Ahmedabad for your event. Browse verified profiles, compare pricing & get WhatsApp leads instantly on VenueConnect.","Top Photographers in Lal Darwaja, Ahmedabad",photographers in Lal Darwaja Ahmedabad,"photographers near Lal Darwaja, photographers Lal Darwaja Ahmedabad, best photographers near Lal Darwaja",Transactional (Hyper-local),Medium
Vendor + City Area,"Caterers in Lal Darwaja, Ahmedabad | VenueConnect",/ahmedabad/lal-darwaja/vendors/caterers/,"Top Caterers in Lal Darwaja, Ahmedabad | Hire Near You - VenueConnect","Find the best caterers in Lal Darwaja, Ahmedabad for your event. Browse verified profiles, compare pricing & get WhatsApp leads instantly on VenueConnect.","Top Caterers in Lal Darwaja, Ahmedabad",caterers in Lal Darwaja Ahmedabad,"caterers near Lal Darwaja, caterers Lal Darwaja Ahmedabad, best caterers near Lal Darwaja",Transactional (Hyper-local),Medium
Vendor + City Area,"Decorators in Lal Darwaja, Ahmedabad | VenueConnect",/ahmedabad/lal-darwaja/vendors/decorators/,"Top Decorators in Lal Darwaja, Ahmedabad | Hire Near You - VenueConnect","Find the best decorators in Lal Darwaja, Ahmedabad for your event. Browse verified profiles, compare pricing & get WhatsApp leads instantly on VenueConnect.","Top Decorators in Lal Darwaja, Ahmedabad",decorators in Lal Darwaja Ahmedabad,"decorators near Lal Darwaja, decorators Lal Darwaja Ahmedabad, best decorators near Lal Darwaja",Transactional (Hyper-local),Medium
Vendor + City Area,"Mehndi Artists in Lal Darwaja, Ahmedabad | VenueConnect",/ahmedabad/lal-darwaja/vendors/mehndi-artists/,"Top Mehndi Artists in Lal Darwaja, Ahmedabad | Hire Near You - VenueConnect","Find the best mehndi artists in Lal Darwaja, Ahmedabad for your event. Browse verified profiles, compare pricing & get WhatsApp leads instantly on VenueConnect.","Top Mehndi Artists in Lal Darwaja, Ahmedabad",mehndi artists in Lal Darwaja Ahmedabad,"mehndi artists near Lal Darwaja, mehndi artists Lal Darwaja Ahmedabad, best mehndi artists near Lal Darwaja",Transactional (Hyper-local),Medium
Vendor + City Area,"Photographers in Memnagar, Ahmedabad | VenueConnect",/ahmedabad/memnagar/vendors/photographers/,"Top Photographers in Memnagar, Ahmedabad | Hire Near You - VenueConnect","Find the best photographers in Memnagar, Ahmedabad for your event. Browse verified profiles, compare pricing & get WhatsApp leads instantly on VenueConnect.","Top Photographers in Memnagar, Ahmedabad",photographers in Memnagar Ahmedabad,"photographers near Memnagar, photographers Memnagar Ahmedabad, best photographers near Memnagar",Transactional (Hyper-local),Medium
Vendor + City Area,"Caterers in Memnagar, Ahmedabad | VenueConnect",/ahmedabad/memnagar/vendors/caterers/,"Top Caterers in Memnagar, Ahmedabad | Hire Near You - VenueConnect","Find the best caterers in Memnagar, Ahmedabad for your event. Browse verified profiles, compare pricing & get WhatsApp leads instantly on VenueConnect.","Top Caterers in Memnagar, Ahmedabad",caterers in Memnagar Ahmedabad,"caterers near Memnagar, caterers Memnagar Ahmedabad, best caterers near Memnagar",Transactional (Hyper-local),Medium
Vendor + City Area,"Decorators in Memnagar, Ahmedabad | VenueConnect",/ahmedabad/memnagar/vendors/decorators/,"Top Decorators in Memnagar, Ahmedabad | Hire Near You - VenueConnect","Find the best decorators in Memnagar, Ahmedabad for your event. Browse verified profiles, compare pricing & get WhatsApp leads instantly on VenueConnect.","Top Decorators in Memnagar, Ahmedabad",decorators in Memnagar Ahmedabad,"decorators near Memnagar, decorators Memnagar Ahmedabad, best decorators near Memnagar",Transactional (Hyper-local),Medium
Vendor + City Area,"Mehndi Artists in Memnagar, Ahmedabad | VenueConnect",/ahmedabad/memnagar/vendors/mehndi-artists/,"Top Mehndi Artists in Memnagar, Ahmedabad | Hire Near You - VenueConnect","Find the best mehndi artists in Memnagar, Ahmedabad for your event. Browse verified profiles, compare pricing & get WhatsApp leads instantly on VenueConnect.","Top Mehndi Artists in Memnagar, Ahmedabad",mehndi artists in Memnagar Ahmedabad,"mehndi artists near Memnagar, mehndi artists Memnagar Ahmedabad, best mehndi artists near Memnagar",Transactional (Hyper-local),Medium
Vendor + City Area,"Photographers in Naroda, Ahmedabad | VenueConnect",/ahmedabad/naroda/vendors/photographers/,"Top Photographers in Naroda, Ahmedabad | Hire Near You - VenueConnect","Find the best photographers in Naroda, Ahmedabad for your event. Browse verified profiles, compare pricing & get WhatsApp leads instantly on VenueConnect.","Top Photographers in Naroda, Ahmedabad",photographers in Naroda Ahmedabad,"photographers near Naroda, photographers Naroda Ahmedabad, best photographers near Naroda",Transactional (Hyper-local),Medium
Vendor + City Area,"Caterers in Naroda, Ahmedabad | VenueConnect",/ahmedabad/naroda/vendors/caterers/,"Top Caterers in Naroda, Ahmedabad | Hire Near You - VenueConnect","Find the best caterers in Naroda, Ahmedabad for your event. Browse verified profiles, compare pricing & get WhatsApp leads instantly on VenueConnect.","Top Caterers in Naroda, Ahmedabad",caterers in Naroda Ahmedabad,"caterers near Naroda, caterers Naroda Ahmedabad, best caterers near Naroda",Transactional (Hyper-local),Medium
Vendor + City Area,"Decorators in Naroda, Ahmedabad | VenueConnect",/ahmedabad/naroda/vendors/decorators/,"Top Decorators in Naroda, Ahmedabad | Hire Near You - VenueConnect","Find the best decorators in Naroda, Ahmedabad for your event. Browse verified profiles, compare pricing & get WhatsApp leads instantly on VenueConnect.","Top Decorators in Naroda, Ahmedabad",decorators in Naroda Ahmedabad,"decorators near Naroda, decorators Naroda Ahmedabad, best decorators near Naroda",Transactional (Hyper-local),Medium
Vendor + City Area,"Mehndi Artists in Naroda, Ahmedabad | VenueConnect",/ahmedabad/naroda/vendors/mehndi-artists/,"Top Mehndi Artists in Naroda, Ahmedabad | Hire Near You - VenueConnect","Find the best mehndi artists in Naroda, Ahmedabad for your event. Browse verified profiles, compare pricing & get WhatsApp leads instantly on VenueConnect.","Top Mehndi Artists in Naroda, Ahmedabad",mehndi artists in Naroda Ahmedabad,"mehndi artists near Naroda, mehndi artists Naroda Ahmedabad, best mehndi artists near Naroda",Transactional (Hyper-local),Medium
Vendor + City Area,"Photographers in Navarangpura, Ahmedabad | VenueConnect",/ahmedabad/navarangpura/vendors/photographers/,"Top Photographers in Navarangpura, Ahmedabad | Hire Near You - VenueConnect","Find the best photographers in Navarangpura, Ahmedabad for your event. Browse verified profiles, compare pricing & get WhatsApp leads instantly on VenueConnect.","Top Photographers in Navarangpura, Ahmedabad",photographers in Navarangpura Ahmedabad,"photographers near Navarangpura, photographers Navarangpura Ahmedabad, best photographers near Navarangpura",Transactional (Hyper-local),Medium
Vendor + City Area,"Caterers in Navarangpura, Ahmedabad | VenueConnect",/ahmedabad/navarangpura/vendors/caterers/,"Top Caterers in Navarangpura, Ahmedabad | Hire Near You - VenueConnect","Find the best caterers in Navarangpura, Ahmedabad for your event. Browse verified profiles, compare pricing & get WhatsApp leads instantly on VenueConnect.","Top Caterers in Navarangpura, Ahmedabad",caterers in Navarangpura Ahmedabad,"caterers near Navarangpura, caterers Navarangpura Ahmedabad, best caterers near Navarangpura",Transactional (Hyper-local),Medium
Vendor + City Area,"Decorators in Navarangpura, Ahmedabad | VenueConnect",/ahmedabad/navarangpura/vendors/decorators/,"Top Decorators in Navarangpura, Ahmedabad | Hire Near You - VenueConnect","Find the best decorators in Navarangpura, Ahmedabad for your event. Browse verified profiles, compare pricing & get WhatsApp leads instantly on VenueConnect.","Top Decorators in Navarangpura, Ahmedabad",decorators in Navarangpura Ahmedabad,"decorators near Navarangpura, decorators Navarangpura Ahmedabad, best decorators near Navarangpura",Transactional (Hyper-local),Medium
Vendor + City Area,"Mehndi Artists in Navarangpura, Ahmedabad | VenueConnect",/ahmedabad/navarangpura/vendors/mehndi-artists/,"Top Mehndi Artists in Navarangpura, Ahmedabad | Hire Near You - VenueConnect","Find the best mehndi artists in Navarangpura, Ahmedabad for your event. Browse verified profiles, compare pricing & get WhatsApp leads instantly on VenueConnect.","Top Mehndi Artists in Navarangpura, Ahmedabad",mehndi artists in Navarangpura Ahmedabad,"mehndi artists near Navarangpura, mehndi artists Navarangpura Ahmedabad, best mehndi artists near Navarangpura",Transactional (Hyper-local),Medium
Vendor + City Area,"Photographers in New Ranip, Ahmedabad | VenueConnect",/ahmedabad/new-ranip/vendors/photographers/,"Top Photographers in New Ranip, Ahmedabad | Hire Near You - VenueConnect","Find the best photographers in New Ranip, Ahmedabad for your event. Browse verified profiles, compare pricing & get WhatsApp leads instantly on VenueConnect.","Top Photographers in New Ranip, Ahmedabad",photographers in New Ranip Ahmedabad,"photographers near New Ranip, photographers New Ranip Ahmedabad, best photographers near New Ranip",Transactional (Hyper-local),Medium
Vendor + City Area,"Caterers in New Ranip, Ahmedabad | VenueConnect",/ahmedabad/new-ranip/vendors/caterers/,"Top Caterers in New Ranip, Ahmedabad | Hire Near You - VenueConnect","Find the best caterers in New Ranip, Ahmedabad for your event. Browse verified profiles, compare pricing & get WhatsApp leads instantly on VenueConnect.","Top Caterers in New Ranip, Ahmedabad",caterers in New Ranip Ahmedabad,"caterers near New Ranip, caterers New Ranip Ahmedabad, best caterers near New Ranip",Transactional (Hyper-local),Medium
Vendor + City Area,"Decorators in New Ranip, Ahmedabad | VenueConnect",/ahmedabad/new-ranip/vendors/decorators/,"Top Decorators in New Ranip, Ahmedabad | Hire Near You - VenueConnect","Find the best decorators in New Ranip, Ahmedabad for your event. Browse verified profiles, compare pricing & get WhatsApp leads instantly on VenueConnect.","Top Decorators in New Ranip, Ahmedabad",decorators in New Ranip Ahmedabad,"decorators near New Ranip, decorators New Ranip Ahmedabad, best decorators near New Ranip",Transactional (Hyper-local),Medium
Vendor + City Area,"Mehndi Artists in New Ranip, Ahmedabad | VenueConnect",/ahmedabad/new-ranip/vendors/mehndi-artists/,"Top Mehndi Artists in New Ranip, Ahmedabad | Hire Near You - VenueConnect","Find the best mehndi artists in New Ranip, Ahmedabad for your event. Browse verified profiles, compare pricing & get WhatsApp leads instantly on VenueConnect.","Top Mehndi Artists in New Ranip, Ahmedabad",mehndi artists in New Ranip Ahmedabad,"mehndi artists near New Ranip, mehndi artists New Ranip Ahmedabad, best mehndi artists near New Ranip",Transactional (Hyper-local),Medium
Vendor + City Area,"Photographers in Odhav, Ahmedabad | VenueConnect",/ahmedabad/odhav/vendors/photographers/,"Top Photographers in Odhav, Ahmedabad | Hire Near You - VenueConnect","Find the best photographers in Odhav, Ahmedabad for your event. Browse verified profiles, compare pricing & get WhatsApp leads instantly on VenueConnect.","Top Photographers in Odhav, Ahmedabad",photographers in Odhav Ahmedabad,"photographers near Odhav, photographers Odhav Ahmedabad, best photographers near Odhav",Transactional (Hyper-local),Medium
Vendor + City Area,"Caterers in Odhav, Ahmedabad | VenueConnect",/ahmedabad/odhav/vendors/caterers/,"Top Caterers in Odhav, Ahmedabad | Hire Near You - VenueConnect","Find the best caterers in Odhav, Ahmedabad for your event. Browse verified profiles, compare pricing & get WhatsApp leads instantly on VenueConnect.","Top Caterers in Odhav, Ahmedabad",caterers in Odhav Ahmedabad,"caterers near Odhav, caterers Odhav Ahmedabad, best caterers near Odhav",Transactional (Hyper-local),Medium
Vendor + City Area,"Decorators in Odhav, Ahmedabad | VenueConnect",/ahmedabad/odhav/vendors/decorators/,"Top Decorators in Odhav, Ahmedabad | Hire Near You - VenueConnect","Find the best decorators in Odhav, Ahmedabad for your event. Browse verified profiles, compare pricing & get WhatsApp leads instantly on VenueConnect.","Top Decorators in Odhav, Ahmedabad",decorators in Odhav Ahmedabad,"decorators near Odhav, decorators Odhav Ahmedabad, best decorators near Odhav",Transactional (Hyper-local),Medium
Vendor + City Area,"Mehndi Artists in Odhav, Ahmedabad | VenueConnect",/ahmedabad/odhav/vendors/mehndi-artists/,"Top Mehndi Artists in Odhav, Ahmedabad | Hire Near You - VenueConnect","Find the best mehndi artists in Odhav, Ahmedabad for your event. Browse verified profiles, compare pricing & get WhatsApp leads instantly on VenueConnect.","Top Mehndi Artists in Odhav, Ahmedabad",mehndi artists in Odhav Ahmedabad,"mehndi artists near Odhav, mehndi artists Odhav Ahmedabad, best mehndi artists near Odhav",Transactional (Hyper-local),Medium
Vendor + City Area,"Photographers in Paldi, Ahmedabad | VenueConnect",/ahmedabad/paldi/vendors/photographers/,"Top Photographers in Paldi, Ahmedabad | Hire Near You - VenueConnect","Find the best photographers in Paldi, Ahmedabad for your event. Browse verified profiles, compare pricing & get WhatsApp leads instantly on VenueConnect.","Top Photographers in Paldi, Ahmedabad",photographers in Paldi Ahmedabad,"photographers near Paldi, photographers Paldi Ahmedabad, best photographers near Paldi",Transactional (Hyper-local),Medium
Vendor + City Area,"Caterers in Paldi, Ahmedabad | VenueConnect",/ahmedabad/paldi/vendors/caterers/,"Top Caterers in Paldi, Ahmedabad | Hire Near You - VenueConnect","Find the best caterers in Paldi, Ahmedabad for your event. Browse verified profiles, compare pricing & get WhatsApp leads instantly on VenueConnect.","Top Caterers in Paldi, Ahmedabad",caterers in Paldi Ahmedabad,"caterers near Paldi, caterers Paldi Ahmedabad, best caterers near Paldi",Transactional (Hyper-local),Medium
Vendor + City Area,"Decorators in Paldi, Ahmedabad | VenueConnect",/ahmedabad/paldi/vendors/decorators/,"Top Decorators in Paldi, Ahmedabad | Hire Near You - VenueConnect","Find the best decorators in Paldi, Ahmedabad for your event. Browse verified profiles, compare pricing & get WhatsApp leads instantly on VenueConnect.","Top Decorators in Paldi, Ahmedabad",decorators in Paldi Ahmedabad,"decorators near Paldi, decorators Paldi Ahmedabad, best decorators near Paldi",Transactional (Hyper-local),Medium
Vendor + City Area,"Mehndi Artists in Paldi, Ahmedabad | VenueConnect",/ahmedabad/paldi/vendors/mehndi-artists/,"Top Mehndi Artists in Paldi, Ahmedabad | Hire Near You - VenueConnect","Find the best mehndi artists in Paldi, Ahmedabad for your event. Browse verified profiles, compare pricing & get WhatsApp leads instantly on VenueConnect.","Top Mehndi Artists in Paldi, Ahmedabad",mehndi artists in Paldi Ahmedabad,"mehndi artists near Paldi, mehndi artists Paldi Ahmedabad, best mehndi artists near Paldi",Transactional (Hyper-local),Medium
Vendor + City Area,"Photographers in Rakhial, Ahmedabad | VenueConnect",/ahmedabad/rakhial/vendors/photographers/,"Top Photographers in Rakhial, Ahmedabad | Hire Near You - VenueConnect","Find the best photographers in Rakhial, Ahmedabad for your event. Browse verified profiles, compare pricing & get WhatsApp leads instantly on VenueConnect.","Top Photographers in Rakhial, Ahmedabad",photographers in Rakhial Ahmedabad,"photographers near Rakhial, photographers Rakhial Ahmedabad, best photographers near Rakhial",Transactional (Hyper-local),Medium
Vendor + City Area,"Caterers in Rakhial, Ahmedabad | VenueConnect",/ahmedabad/rakhial/vendors/caterers/,"Top Caterers in Rakhial, Ahmedabad | Hire Near You - VenueConnect","Find the best caterers in Rakhial, Ahmedabad for your event. Browse verified profiles, compare pricing & get WhatsApp leads instantly on VenueConnect.","Top Caterers in Rakhial, Ahmedabad",caterers in Rakhial Ahmedabad,"caterers near Rakhial, caterers Rakhial Ahmedabad, best caterers near Rakhial",Transactional (Hyper-local),Medium
Vendor + City Area,"Decorators in Rakhial, Ahmedabad | VenueConnect",/ahmedabad/rakhial/vendors/decorators/,"Top Decorators in Rakhial, Ahmedabad | Hire Near You - VenueConnect","Find the best decorators in Rakhial, Ahmedabad for your event. Browse verified profiles, compare pricing & get WhatsApp leads instantly on VenueConnect.","Top Decorators in Rakhial, Ahmedabad",decorators in Rakhial Ahmedabad,"decorators near Rakhial, decorators Rakhial Ahmedabad, best decorators near Rakhial",Transactional (Hyper-local),Medium
Vendor + City Area,"Mehndi Artists in Rakhial, Ahmedabad | VenueConnect",/ahmedabad/rakhial/vendors/mehndi-artists/,"Top Mehndi Artists in Rakhial, Ahmedabad | Hire Near You - VenueConnect","Find the best mehndi artists in Rakhial, Ahmedabad for your event. Browse verified profiles, compare pricing & get WhatsApp leads instantly on VenueConnect.","Top Mehndi Artists in Rakhial, Ahmedabad",mehndi artists in Rakhial Ahmedabad,"mehndi artists near Rakhial, mehndi artists Rakhial Ahmedabad, best mehndi artists near Rakhial",Transactional (Hyper-local),Medium
Vendor + City Area,"Photographers in Ranip, Ahmedabad | VenueConnect",/ahmedabad/ranip/vendors/photographers/,"Top Photographers in Ranip, Ahmedabad | Hire Near You - VenueConnect","Find the best photographers in Ranip, Ahmedabad for your event. Browse verified profiles, compare pricing & get WhatsApp leads instantly on VenueConnect.","Top Photographers in Ranip, Ahmedabad",photographers in Ranip Ahmedabad,"photographers near Ranip, photographers Ranip Ahmedabad, best photographers near Ranip",Transactional (Hyper-local),Medium
Vendor + City Area,"Caterers in Ranip, Ahmedabad | VenueConnect",/ahmedabad/ranip/vendors/caterers/,"Top Caterers in Ranip, Ahmedabad | Hire Near You - VenueConnect","Find the best caterers in Ranip, Ahmedabad for your event. Browse verified profiles, compare pricing & get WhatsApp leads instantly on VenueConnect.","Top Caterers in Ranip, Ahmedabad",caterers in Ranip Ahmedabad,"caterers near Ranip, caterers Ranip Ahmedabad, best caterers near Ranip",Transactional (Hyper-local),Medium
Vendor + City Area,"Decorators in Ranip, Ahmedabad | VenueConnect",/ahmedabad/ranip/vendors/decorators/,"Top Decorators in Ranip, Ahmedabad | Hire Near You - VenueConnect","Find the best decorators in Ranip, Ahmedabad for your event. Browse verified profiles, compare pricing & get WhatsApp leads instantly on VenueConnect.","Top Decorators in Ranip, Ahmedabad",decorators in Ranip Ahmedabad,"decorators near Ranip, decorators Ranip Ahmedabad, best decorators near Ranip",Transactional (Hyper-local),Medium
Vendor + City Area,"Mehndi Artists in Ranip, Ahmedabad | VenueConnect",/ahmedabad/ranip/vendors/mehndi-artists/,"Top Mehndi Artists in Ranip, Ahmedabad | Hire Near You - VenueConnect","Find the best mehndi artists in Ranip, Ahmedabad for your event. Browse verified profiles, compare pricing & get WhatsApp leads instantly on VenueConnect.","Top Mehndi Artists in Ranip, Ahmedabad",mehndi artists in Ranip Ahmedabad,"mehndi artists near Ranip, mehndi artists Ranip Ahmedabad, best mehndi artists near Ranip",Transactional (Hyper-local),Medium
Vendor + City Area,"Photographers in Sabarmati, Ahmedabad | VenueConnect",/ahmedabad/sabarmati/vendors/photographers/,"Top Photographers in Sabarmati, Ahmedabad | Hire Near You - VenueConnect","Find the best photographers in Sabarmati, Ahmedabad for your event. Browse verified profiles, compare pricing & get WhatsApp leads instantly on VenueConnect.","Top Photographers in Sabarmati, Ahmedabad",photographers in Sabarmati Ahmedabad,"photographers near Sabarmati, photographers Sabarmati Ahmedabad, best photographers near Sabarmati",Transactional (Hyper-local),Medium
Vendor + City Area,"Caterers in Sabarmati, Ahmedabad | VenueConnect",/ahmedabad/sabarmati/vendors/caterers/,"Top Caterers in Sabarmati, Ahmedabad | Hire Near You - VenueConnect","Find the best caterers in Sabarmati, Ahmedabad for your event. Browse verified profiles, compare pricing & get WhatsApp leads instantly on VenueConnect.","Top Caterers in Sabarmati, Ahmedabad",caterers in Sabarmati Ahmedabad,"caterers near Sabarmati, caterers Sabarmati Ahmedabad, best caterers near Sabarmati",Transactional (Hyper-local),Medium
Vendor + City Area,"Decorators in Sabarmati, Ahmedabad | VenueConnect",/ahmedabad/sabarmati/vendors/decorators/,"Top Decorators in Sabarmati, Ahmedabad | Hire Near You - VenueConnect","Find the best decorators in Sabarmati, Ahmedabad for your event. Browse verified profiles, compare pricing & get WhatsApp leads instantly on VenueConnect.","Top Decorators in Sabarmati, Ahmedabad",decorators in Sabarmati Ahmedabad,"decorators near Sabarmati, decorators Sabarmati Ahmedabad, best decorators near Sabarmati",Transactional (Hyper-local),Medium
Vendor + City Area,"Mehndi Artists in Sabarmati, Ahmedabad | VenueConnect",/ahmedabad/sabarmati/vendors/mehndi-artists/,"Top Mehndi Artists in Sabarmati, Ahmedabad | Hire Near You - VenueConnect","Find the best mehndi artists in Sabarmati, Ahmedabad for your event. Browse verified profiles, compare pricing & get WhatsApp leads instantly on VenueConnect.","Top Mehndi Artists in Sabarmati, Ahmedabad",mehndi artists in Sabarmati Ahmedabad,"mehndi artists near Sabarmati, mehndi artists Sabarmati Ahmedabad, best mehndi artists near Sabarmati",Transactional (Hyper-local),Medium
Vendor + City Area,"Photographers in Shahibaug, Ahmedabad | VenueConnect",/ahmedabad/shahibaug/vendors/photographers/,"Top Photographers in Shahibaug, Ahmedabad | Hire Near You - VenueConnect","Find the best photographers in Shahibaug, Ahmedabad for your event. Browse verified profiles, compare pricing & get WhatsApp leads instantly on VenueConnect.","Top Photographers in Shahibaug, Ahmedabad",photographers in Shahibaug Ahmedabad,"photographers near Shahibaug, photographers Shahibaug Ahmedabad, best photographers near Shahibaug",Transactional (Hyper-local),Medium
Vendor + City Area,"Caterers in Shahibaug, Ahmedabad | VenueConnect",/ahmedabad/shahibaug/vendors/caterers/,"Top Caterers in Shahibaug, Ahmedabad | Hire Near You - VenueConnect","Find the best caterers in Shahibaug, Ahmedabad for your event. Browse verified profiles, compare pricing & get WhatsApp leads instantly on VenueConnect.","Top Caterers in Shahibaug, Ahmedabad",caterers in Shahibaug Ahmedabad,"caterers near Shahibaug, caterers Shahibaug Ahmedabad, best caterers near Shahibaug",Transactional (Hyper-local),Medium
Vendor + City Area,"Decorators in Shahibaug, Ahmedabad | VenueConnect",/ahmedabad/shahibaug/vendors/decorators/,"Top Decorators in Shahibaug, Ahmedabad | Hire Near You - VenueConnect","Find the best decorators in Shahibaug, Ahmedabad for your event. Browse verified profiles, compare pricing & get WhatsApp leads instantly on VenueConnect.","Top Decorators in Shahibaug, Ahmedabad",decorators in Shahibaug Ahmedabad,"decorators near Shahibaug, decorators Shahibaug Ahmedabad, best decorators near Shahibaug",Transactional (Hyper-local),Medium
Vendor + City Area,"Mehndi Artists in Shahibaug, Ahmedabad | VenueConnect",/ahmedabad/shahibaug/vendors/mehndi-artists/,"Top Mehndi Artists in Shahibaug, Ahmedabad | Hire Near You - VenueConnect","Find the best mehndi artists in Shahibaug, Ahmedabad for your event. Browse verified profiles, compare pricing & get WhatsApp leads instantly on VenueConnect.","Top Mehndi Artists in Shahibaug, Ahmedabad",mehndi artists in Shahibaug Ahmedabad,"mehndi artists near Shahibaug, mehndi artists Shahibaug Ahmedabad, best mehndi artists near Shahibaug",Transactional (Hyper-local),Medium
Vendor + City Area,"Photographers in Shilaj, Ahmedabad | VenueConnect",/ahmedabad/shilaj/vendors/photographers/,"Top Photographers in Shilaj, Ahmedabad | Hire Near You - VenueConnect","Find the best photographers in Shilaj, Ahmedabad for your event. Browse verified profiles, compare pricing & get WhatsApp leads instantly on VenueConnect.","Top Photographers in Shilaj, Ahmedabad",photographers in Shilaj Ahmedabad,"photographers near Shilaj, photographers Shilaj Ahmedabad, best photographers near Shilaj",Transactional (Hyper-local),Medium
Vendor + City Area,"Caterers in Shilaj, Ahmedabad | VenueConnect",/ahmedabad/shilaj/vendors/caterers/,"Top Caterers in Shilaj, Ahmedabad | Hire Near You - VenueConnect","Find the best caterers in Shilaj, Ahmedabad for your event. Browse verified profiles, compare pricing & get WhatsApp leads instantly on VenueConnect.","Top Caterers in Shilaj, Ahmedabad",caterers in Shilaj Ahmedabad,"caterers near Shilaj, caterers Shilaj Ahmedabad, best caterers near Shilaj",Transactional (Hyper-local),Medium
Vendor + City Area,"Decorators in Shilaj, Ahmedabad | VenueConnect",/ahmedabad/shilaj/vendors/decorators/,"Top Decorators in Shilaj, Ahmedabad | Hire Near You - VenueConnect","Find the best decorators in Shilaj, Ahmedabad for your event. Browse verified profiles, compare pricing & get WhatsApp leads instantly on VenueConnect.","Top Decorators in Shilaj, Ahmedabad",decorators in Shilaj Ahmedabad,"decorators near Shilaj, decorators Shilaj Ahmedabad, best decorators near Shilaj",Transactional (Hyper-local),Medium
Vendor + City Area,"Mehndi Artists in Shilaj, Ahmedabad | VenueConnect",/ahmedabad/shilaj/vendors/mehndi-artists/,"Top Mehndi Artists in Shilaj, Ahmedabad | Hire Near You - VenueConnect","Find the best mehndi artists in Shilaj, Ahmedabad for your event. Browse verified profiles, compare pricing & get WhatsApp leads instantly on VenueConnect.","Top Mehndi Artists in Shilaj, Ahmedabad",mehndi artists in Shilaj Ahmedabad,"mehndi artists near Shilaj, mehndi artists Shilaj Ahmedabad, best mehndi artists near Shilaj",Transactional (Hyper-local),Medium
Vendor + City Area,"Photographers in South Bopal, Ahmedabad | VenueConnect",/ahmedabad/south-bopal/vendors/photographers/,"Top Photographers in South Bopal, Ahmedabad | Hire Near You - VenueConnect","Find the best photographers in South Bopal, Ahmedabad for your event. Browse verified profiles, compare pricing & get WhatsApp leads instantly on VenueConnect.","Top Photographers in South Bopal, Ahmedabad",photographers in South Bopal Ahmedabad,"photographers near South Bopal, photographers South Bopal Ahmedabad, best photographers near South Bopal",Transactional (Hyper-local),Medium
Vendor + City Area,"Caterers in South Bopal, Ahmedabad | VenueConnect",/ahmedabad/south-bopal/vendors/caterers/,"Top Caterers in South Bopal, Ahmedabad | Hire Near You - VenueConnect","Find the best caterers in South Bopal, Ahmedabad for your event. Browse verified profiles, compare pricing & get WhatsApp leads instantly on VenueConnect.","Top Caterers in South Bopal, Ahmedabad",caterers in South Bopal Ahmedabad,"caterers near South Bopal, caterers South Bopal Ahmedabad, best caterers near South Bopal",Transactional (Hyper-local),Medium
Vendor + City Area,"Decorators in South Bopal, Ahmedabad | VenueConnect",/ahmedabad/south-bopal/vendors/decorators/,"Top Decorators in South Bopal, Ahmedabad | Hire Near You - VenueConnect","Find the best decorators in South Bopal, Ahmedabad for your event. Browse verified profiles, compare pricing & get WhatsApp leads instantly on VenueConnect.","Top Decorators in South Bopal, Ahmedabad",decorators in South Bopal Ahmedabad,"decorators near South Bopal, decorators South Bopal Ahmedabad, best decorators near South Bopal",Transactional (Hyper-local),Medium
Vendor + City Area,"Mehndi Artists in South Bopal, Ahmedabad | VenueConnect",/ahmedabad/south-bopal/vendors/mehndi-artists/,"Top Mehndi Artists in South Bopal, Ahmedabad | Hire Near You - VenueConnect","Find the best mehndi artists in South Bopal, Ahmedabad for your event. Browse verified profiles, compare pricing & get WhatsApp leads instantly on VenueConnect.","Top Mehndi Artists in South Bopal, Ahmedabad",mehndi artists in South Bopal Ahmedabad,"mehndi artists near South Bopal, mehndi artists South Bopal Ahmedabad, best mehndi artists near South Bopal",Transactional (Hyper-local),Medium
Vendor + City Area,"Photographers in Thaltej Cross Road, Ahmedabad | VenueConnect",/ahmedabad/thaltej-cross-road/vendors/photographers/,"Top Photographers in Thaltej Cross Road, Ahmedabad | Hire Near You - VenueConnect","Find the best photographers in Thaltej Cross Road, Ahmedabad for your event. Browse verified profiles, compare pricing & get WhatsApp leads instantly on VenueConnect.","Top Photographers in Thaltej Cross Road, Ahmedabad",photographers in Thaltej Cross Road Ahmedabad,"photographers near Thaltej Cross Road, photographers Thaltej Cross Road Ahmedabad, best photographers near Thaltej Cross Road",Transactional (Hyper-local),Medium
Vendor + City Area,"Caterers in Thaltej Cross Road, Ahmedabad | VenueConnect",/ahmedabad/thaltej-cross-road/vendors/caterers/,"Top Caterers in Thaltej Cross Road, Ahmedabad | Hire Near You - VenueConnect","Find the best caterers in Thaltej Cross Road, Ahmedabad for your event. Browse verified profiles, compare pricing & get WhatsApp leads instantly on VenueConnect.","Top Caterers in Thaltej Cross Road, Ahmedabad",caterers in Thaltej Cross Road Ahmedabad,"caterers near Thaltej Cross Road, caterers Thaltej Cross Road Ahmedabad, best caterers near Thaltej Cross Road",Transactional (Hyper-local),Medium
Vendor + City Area,"Decorators in Thaltej Cross Road, Ahmedabad | VenueConnect",/ahmedabad/thaltej-cross-road/vendors/decorators/,"Top Decorators in Thaltej Cross Road, Ahmedabad | Hire Near You - VenueConnect","Find the best decorators in Thaltej Cross Road, Ahmedabad for your event. Browse verified profiles, compare pricing & get WhatsApp leads instantly on VenueConnect.","Top Decorators in Thaltej Cross Road, Ahmedabad",decorators in Thaltej Cross Road Ahmedabad,"decorators near Thaltej Cross Road, decorators Thaltej Cross Road Ahmedabad, best decorators near Thaltej Cross Road",Transactional (Hyper-local),Medium
Vendor + City Area,"Mehndi Artists in Thaltej Cross Road, Ahmedabad | VenueConnect",/ahmedabad/thaltej-cross-road/vendors/mehndi-artists/,"Top Mehndi Artists in Thaltej Cross Road, Ahmedabad | Hire Near You - VenueConnect","Find the best mehndi artists in Thaltej Cross Road, Ahmedabad for your event. Browse verified profiles, compare pricing & get WhatsApp leads instantly on VenueConnect.","Top Mehndi Artists in Thaltej Cross Road, Ahmedabad",mehndi artists in Thaltej Cross Road Ahmedabad,"mehndi artists near Thaltej Cross Road, mehndi artists Thaltej Cross Road Ahmedabad, best mehndi artists near Thaltej Cross Road",Transactional (Hyper-local),Medium
Vendor + City Area,"Photographers in Tragad, Ahmedabad | VenueConnect",/ahmedabad/tragad/vendors/photographers/,"Top Photographers in Tragad, Ahmedabad | Hire Near You - VenueConnect","Find the best photographers in Tragad, Ahmedabad for your event. Browse verified profiles, compare pricing & get WhatsApp leads instantly on VenueConnect.","Top Photographers in Tragad, Ahmedabad",photographers in Tragad Ahmedabad,"photographers near Tragad, photographers Tragad Ahmedabad, best photographers near Tragad",Transactional (Hyper-local),Medium
Vendor + City Area,"Caterers in Tragad, Ahmedabad | VenueConnect",/ahmedabad/tragad/vendors/caterers/,"Top Caterers in Tragad, Ahmedabad | Hire Near You - VenueConnect","Find the best caterers in Tragad, Ahmedabad for your event. Browse verified profiles, compare pricing & get WhatsApp leads instantly on VenueConnect.","Top Caterers in Tragad, Ahmedabad",caterers in Tragad Ahmedabad,"caterers near Tragad, caterers Tragad Ahmedabad, best caterers near Tragad",Transactional (Hyper-local),Medium
Vendor + City Area,"Decorators in Tragad, Ahmedabad | VenueConnect",/ahmedabad/tragad/vendors/decorators/,"Top Decorators in Tragad, Ahmedabad | Hire Near You - VenueConnect","Find the best decorators in Tragad, Ahmedabad for your event. Browse verified profiles, compare pricing & get WhatsApp leads instantly on VenueConnect.","Top Decorators in Tragad, Ahmedabad",decorators in Tragad Ahmedabad,"decorators near Tragad, decorators Tragad Ahmedabad, best decorators near Tragad",Transactional (Hyper-local),Medium
Vendor + City Area,"Mehndi Artists in Tragad, Ahmedabad | VenueConnect",/ahmedabad/tragad/vendors/mehndi-artists/,"Top Mehndi Artists in Tragad, Ahmedabad | Hire Near You - VenueConnect","Find the best mehndi artists in Tragad, Ahmedabad for your event. Browse verified profiles, compare pricing & get WhatsApp leads instantly on VenueConnect.","Top Mehndi Artists in Tragad, Ahmedabad",mehndi artists in Tragad Ahmedabad,"mehndi artists near Tragad, mehndi artists Tragad Ahmedabad, best mehndi artists near Tragad",Transactional (Hyper-local),Medium
Vendor + City Area,"Photographers in Vatva, Ahmedabad | VenueConnect",/ahmedabad/vatva/vendors/photographers/,"Top Photographers in Vatva, Ahmedabad | Hire Near You - VenueConnect","Find the best photographers in Vatva, Ahmedabad for your event. Browse verified profiles, compare pricing & get WhatsApp leads instantly on VenueConnect.","Top Photographers in Vatva, Ahmedabad",photographers in Vatva Ahmedabad,"photographers near Vatva, photographers Vatva Ahmedabad, best photographers near Vatva",Transactional (Hyper-local),Medium
Vendor + City Area,"Caterers in Vatva, Ahmedabad | VenueConnect",/ahmedabad/vatva/vendors/caterers/,"Top Caterers in Vatva, Ahmedabad | Hire Near You - VenueConnect","Find the best caterers in Vatva, Ahmedabad for your event. Browse verified profiles, compare pricing & get WhatsApp leads instantly on VenueConnect.","Top Caterers in Vatva, Ahmedabad",caterers in Vatva Ahmedabad,"caterers near Vatva, caterers Vatva Ahmedabad, best caterers near Vatva",Transactional (Hyper-local),Medium
Vendor + City Area,"Decorators in Vatva, Ahmedabad | VenueConnect",/ahmedabad/vatva/vendors/decorators/,"Top Decorators in Vatva, Ahmedabad | Hire Near You - VenueConnect","Find the best decorators in Vatva, Ahmedabad for your event. Browse verified profiles, compare pricing & get WhatsApp leads instantly on VenueConnect.","Top Decorators in Vatva, Ahmedabad",decorators in Vatva Ahmedabad,"decorators near Vatva, decorators Vatva Ahmedabad, best decorators near Vatva",Transactional (Hyper-local),Medium
Vendor + City Area,"Mehndi Artists in Vatva, Ahmedabad | VenueConnect",/ahmedabad/vatva/vendors/mehndi-artists/,"Top Mehndi Artists in Vatva, Ahmedabad | Hire Near You - VenueConnect","Find the best mehndi artists in Vatva, Ahmedabad for your event. Browse verified profiles, compare pricing & get WhatsApp leads instantly on VenueConnect.","Top Mehndi Artists in Vatva, Ahmedabad",mehndi artists in Vatva Ahmedabad,"mehndi artists near Vatva, mehndi artists Vatva Ahmedabad, best mehndi artists near Vatva",Transactional (Hyper-local),Medium
Vendor + City Area,"Photographers in Vejalpur, Ahmedabad | VenueConnect",/ahmedabad/vejalpur/vendors/photographers/,"Top Photographers in Vejalpur, Ahmedabad | Hire Near You - VenueConnect","Find the best photographers in Vejalpur, Ahmedabad for your event. Browse verified profiles, compare pricing & get WhatsApp leads instantly on VenueConnect.","Top Photographers in Vejalpur, Ahmedabad",photographers in Vejalpur Ahmedabad,"photographers near Vejalpur, photographers Vejalpur Ahmedabad, best photographers near Vejalpur",Transactional (Hyper-local),Medium
Vendor + City Area,"Caterers in Vejalpur, Ahmedabad | VenueConnect",/ahmedabad/vejalpur/vendors/caterers/,"Top Caterers in Vejalpur, Ahmedabad | Hire Near You - VenueConnect","Find the best caterers in Vejalpur, Ahmedabad for your event. Browse verified profiles, compare pricing & get WhatsApp leads instantly on VenueConnect.","Top Caterers in Vejalpur, Ahmedabad",caterers in Vejalpur Ahmedabad,"caterers near Vejalpur, caterers Vejalpur Ahmedabad, best caterers near Vejalpur",Transactional (Hyper-local),Medium
Vendor + City Area,"Decorators in Vejalpur, Ahmedabad | VenueConnect",/ahmedabad/vejalpur/vendors/decorators/,"Top Decorators in Vejalpur, Ahmedabad | Hire Near You - VenueConnect","Find the best decorators in Vejalpur, Ahmedabad for your event. Browse verified profiles, compare pricing & get WhatsApp leads instantly on VenueConnect.","Top Decorators in Vejalpur, Ahmedabad",decorators in Vejalpur Ahmedabad,"decorators near Vejalpur, decorators Vejalpur Ahmedabad, best decorators near Vejalpur",Transactional (Hyper-local),Medium
Vendor + City Area,"Mehndi Artists in Vejalpur, Ahmedabad | VenueConnect",/ahmedabad/vejalpur/vendors/mehndi-artists/,"Top Mehndi Artists in Vejalpur, Ahmedabad | Hire Near You - VenueConnect","Find the best mehndi artists in Vejalpur, Ahmedabad for your event. Browse verified profiles, compare pricing & get WhatsApp leads instantly on VenueConnect.","Top Mehndi Artists in Vejalpur, Ahmedabad",mehndi artists in Vejalpur Ahmedabad,"mehndi artists near Vejalpur, mehndi artists Vejalpur Ahmedabad, best mehndi artists near Vejalpur",Transactional (Hyper-local),Medium
Vendor + City Area,"Photographers in Visat, Ahmedabad | VenueConnect",/ahmedabad/visat/vendors/photographers/,"Top Photographers in Visat, Ahmedabad | Hire Near You - VenueConnect","Find the best photographers in Visat, Ahmedabad for your event. Browse verified profiles, compare pricing & get WhatsApp leads instantly on VenueConnect.","Top Photographers in Visat, Ahmedabad",photographers in Visat Ahmedabad,"photographers near Visat, photographers Visat Ahmedabad, best photographers near Visat",Transactional (Hyper-local),Medium
Vendor + City Area,"Caterers in Visat, Ahmedabad | VenueConnect",/ahmedabad/visat/vendors/caterers/,"Top Caterers in Visat, Ahmedabad | Hire Near You - VenueConnect","Find the best caterers in Visat, Ahmedabad for your event. Browse verified profiles, compare pricing & get WhatsApp leads instantly on VenueConnect.","Top Caterers in Visat, Ahmedabad",caterers in Visat Ahmedabad,"caterers near Visat, caterers Visat Ahmedabad, best caterers near Visat",Transactional (Hyper-local),Medium
Vendor + City Area,"Decorators in Visat, Ahmedabad | VenueConnect",/ahmedabad/visat/vendors/decorators/,"Top Decorators in Visat, Ahmedabad | Hire Near You - VenueConnect","Find the best decorators in Visat, Ahmedabad for your event. Browse verified profiles, compare pricing & get WhatsApp leads instantly on VenueConnect.","Top Decorators in Visat, Ahmedabad",decorators in Visat Ahmedabad,"decorators near Visat, decorators Visat Ahmedabad, best decorators near Visat",Transactional (Hyper-local),Medium
Vendor + City Area,"Mehndi Artists in Visat, Ahmedabad | VenueConnect",/ahmedabad/visat/vendors/mehndi-artists/,"Top Mehndi Artists in Visat, Ahmedabad | Hire Near You - VenueConnect","Find the best mehndi artists in Visat, Ahmedabad for your event. Browse verified profiles, compare pricing & get WhatsApp leads instantly on VenueConnect.","Top Mehndi Artists in Visat, Ahmedabad",mehndi artists in Visat Ahmedabad,"mehndi artists near Visat, mehndi artists Visat Ahmedabad, best mehndi artists near Visat",Transactional (Hyper-local),Medium
Vendor + City Area,"Photographers in Zundal, Ahmedabad | VenueConnect",/ahmedabad/zundal/vendors/photographers/,"Top Photographers in Zundal, Ahmedabad | Hire Near You - VenueConnect","Find the best photographers in Zundal, Ahmedabad for your event. Browse verified profiles, compare pricing & get WhatsApp leads instantly on VenueConnect.","Top Photographers in Zundal, Ahmedabad",photographers in Zundal Ahmedabad,"photographers near Zundal, photographers Zundal Ahmedabad, best photographers near Zundal",Transactional (Hyper-local),Medium
Vendor + City Area,"Caterers in Zundal, Ahmedabad | VenueConnect",/ahmedabad/zundal/vendors/caterers/,"Top Caterers in Zundal, Ahmedabad | Hire Near You - VenueConnect","Find the best caterers in Zundal, Ahmedabad for your event. Browse verified profiles, compare pricing & get WhatsApp leads instantly on VenueConnect.","Top Caterers in Zundal, Ahmedabad",caterers in Zundal Ahmedabad,"caterers near Zundal, caterers Zundal Ahmedabad, best caterers near Zundal",Transactional (Hyper-local),Medium
Vendor + City Area,"Decorators in Zundal, Ahmedabad | VenueConnect",/ahmedabad/zundal/vendors/decorators/,"Top Decorators in Zundal, Ahmedabad | Hire Near You - VenueConnect","Find the best decorators in Zundal, Ahmedabad for your event. Browse verified profiles, compare pricing & get WhatsApp leads instantly on VenueConnect.","Top Decorators in Zundal, Ahmedabad",decorators in Zundal Ahmedabad,"decorators near Zundal, decorators Zundal Ahmedabad, best decorators near Zundal",Transactional (Hyper-local),Medium
Vendor + City Area,"Mehndi Artists in Zundal, Ahmedabad | VenueConnect",/ahmedabad/zundal/vendors/mehndi-artists/,"Top Mehndi Artists in Zundal, Ahmedabad | Hire Near You - VenueConnect","Find the best mehndi artists in Zundal, Ahmedabad for your event. Browse verified profiles, compare pricing & get WhatsApp leads instantly on VenueConnect.","Top Mehndi Artists in Zundal, Ahmedabad",mehndi artists in Zundal Ahmedabad,"mehndi artists near Zundal, mehndi artists Zundal Ahmedabad, best mehndi artists near Zundal",Transactional (Hyper-local),Medium
Vendor + City Area,"Photographers in Bapunagar, Ahmedabad | VenueConnect",/ahmedabad/bapunagar/vendors/photographers/,"Top Photographers in Bapunagar, Ahmedabad | Hire Near You - VenueConnect","Find the best photographers in Bapunagar, Ahmedabad for your event. Browse verified profiles, compare pricing & get WhatsApp leads instantly on VenueConnect.","Top Photographers in Bapunagar, Ahmedabad",photographers in Bapunagar Ahmedabad,"photographers near Bapunagar, photographers Bapunagar Ahmedabad, best photographers near Bapunagar",Transactional (Hyper-local),Medium
Vendor + City Area,"Caterers in Bapunagar, Ahmedabad | VenueConnect",/ahmedabad/bapunagar/vendors/caterers/,"Top Caterers in Bapunagar, Ahmedabad | Hire Near You - VenueConnect","Find the best caterers in Bapunagar, Ahmedabad for your event. Browse verified profiles, compare pricing & get WhatsApp leads instantly on VenueConnect.","Top Caterers in Bapunagar, Ahmedabad",caterers in Bapunagar Ahmedabad,"caterers near Bapunagar, caterers Bapunagar Ahmedabad, best caterers near Bapunagar",Transactional (Hyper-local),Medium
Vendor + City Area,"Decorators in Bapunagar, Ahmedabad | VenueConnect",/ahmedabad/bapunagar/vendors/decorators/,"Top Decorators in Bapunagar, Ahmedabad | Hire Near You - VenueConnect","Find the best decorators in Bapunagar, Ahmedabad for your event. Browse verified profiles, compare pricing & get WhatsApp leads instantly on VenueConnect.","Top Decorators in Bapunagar, Ahmedabad",decorators in Bapunagar Ahmedabad,"decorators near Bapunagar, decorators Bapunagar Ahmedabad, best decorators near Bapunagar",Transactional (Hyper-local),Medium
Vendor + City Area,"Mehndi Artists in Bapunagar, Ahmedabad | VenueConnect",/ahmedabad/bapunagar/vendors/mehndi-artists/,"Top Mehndi Artists in Bapunagar, Ahmedabad | Hire Near You - VenueConnect","Find the best mehndi artists in Bapunagar, Ahmedabad for your event. Browse verified profiles, compare pricing & get WhatsApp leads instantly on VenueConnect.","Top Mehndi Artists in Bapunagar, Ahmedabad",mehndi artists in Bapunagar Ahmedabad,"mehndi artists near Bapunagar, mehndi artists Bapunagar Ahmedabad, best mehndi artists near Bapunagar",Transactional (Hyper-local),Medium
Vendor + City Area,"Photographers in Gomtipur, Ahmedabad | VenueConnect",/ahmedabad/gomtipur/vendors/photographers/,"Top Photographers in Gomtipur, Ahmedabad | Hire Near You - VenueConnect","Find the best photographers in Gomtipur, Ahmedabad for your event. Browse verified profiles, compare pricing & get WhatsApp leads instantly on VenueConnect.","Top Photographers in Gomtipur, Ahmedabad",photographers in Gomtipur Ahmedabad,"photographers near Gomtipur, photographers Gomtipur Ahmedabad, best photographers near Gomtipur",Transactional (Hyper-local),Medium
Vendor + City Area,"Caterers in Gomtipur, Ahmedabad | VenueConnect",/ahmedabad/gomtipur/vendors/caterers/,"Top Caterers in Gomtipur, Ahmedabad | Hire Near You - VenueConnect","Find the best caterers in Gomtipur, Ahmedabad for your event. Browse verified profiles, compare pricing & get WhatsApp leads instantly on VenueConnect.","Top Caterers in Gomtipur, Ahmedabad",caterers in Gomtipur Ahmedabad,"caterers near Gomtipur, caterers Gomtipur Ahmedabad, best caterers near Gomtipur",Transactional (Hyper-local),Medium
Vendor + City Area,"Decorators in Gomtipur, Ahmedabad | VenueConnect",/ahmedabad/gomtipur/vendors/decorators/,"Top Decorators in Gomtipur, Ahmedabad | Hire Near You - VenueConnect","Find the best decorators in Gomtipur, Ahmedabad for your event. Browse verified profiles, compare pricing & get WhatsApp leads instantly on VenueConnect.","Top Decorators in Gomtipur, Ahmedabad",decorators in Gomtipur Ahmedabad,"decorators near Gomtipur, decorators Gomtipur Ahmedabad, best decorators near Gomtipur",Transactional (Hyper-local),Medium
Vendor + City Area,"Mehndi Artists in Gomtipur, Ahmedabad | VenueConnect",/ahmedabad/gomtipur/vendors/mehndi-artists/,"Top Mehndi Artists in Gomtipur, Ahmedabad | Hire Near You - VenueConnect","Find the best mehndi artists in Gomtipur, Ahmedabad for your event. Browse verified profiles, compare pricing & get WhatsApp leads instantly on VenueConnect.","Top Mehndi Artists in Gomtipur, Ahmedabad",mehndi artists in Gomtipur Ahmedabad,"mehndi artists near Gomtipur, mehndi artists Gomtipur Ahmedabad, best mehndi artists near Gomtipur",Transactional (Hyper-local),Medium
Vendor + City Area,"Photographers in Hathijan, Ahmedabad | VenueConnect",/ahmedabad/hathijan/vendors/photographers/,"Top Photographers in Hathijan, Ahmedabad | Hire Near You - VenueConnect","Find the best photographers in Hathijan, Ahmedabad for your event. Browse verified profiles, compare pricing & get WhatsApp leads instantly on VenueConnect.","Top Photographers in Hathijan, Ahmedabad",photographers in Hathijan Ahmedabad,"photographers near Hathijan, photographers Hathijan Ahmedabad, best photographers near Hathijan",Transactional (Hyper-local),Medium
Vendor + City Area,"Caterers in Hathijan, Ahmedabad | VenueConnect",/ahmedabad/hathijan/vendors/caterers/,"Top Caterers in Hathijan, Ahmedabad | Hire Near You - VenueConnect","Find the best caterers in Hathijan, Ahmedabad for your event. Browse verified profiles, compare pricing & get WhatsApp leads instantly on VenueConnect.","Top Caterers in Hathijan, Ahmedabad",caterers in Hathijan Ahmedabad,"caterers near Hathijan, caterers Hathijan Ahmedabad, best caterers near Hathijan",Transactional (Hyper-local),Medium
Vendor + City Area,"Decorators in Hathijan, Ahmedabad | VenueConnect",/ahmedabad/hathijan/vendors/decorators/,"Top Decorators in Hathijan, Ahmedabad | Hire Near You - VenueConnect","Find the best decorators in Hathijan, Ahmedabad for your event. Browse verified profiles, compare pricing & get WhatsApp leads instantly on VenueConnect.","Top Decorators in Hathijan, Ahmedabad",decorators in Hathijan Ahmedabad,"decorators near Hathijan, decorators Hathijan Ahmedabad, best decorators near Hathijan",Transactional (Hyper-local),Medium
Vendor + City Area,"Mehndi Artists in Hathijan, Ahmedabad | VenueConnect",/ahmedabad/hathijan/vendors/mehndi-artists/,"Top Mehndi Artists in Hathijan, Ahmedabad | Hire Near You - VenueConnect","Find the best mehndi artists in Hathijan, Ahmedabad for your event. Browse verified profiles, compare pricing & get WhatsApp leads instantly on VenueConnect.","Top Mehndi Artists in Hathijan, Ahmedabad",mehndi artists in Hathijan Ahmedabad,"mehndi artists near Hathijan, mehndi artists Hathijan Ahmedabad, best mehndi artists near Hathijan",Transactional (Hyper-local),Medium
Vendor + City Area,"Photographers in Isanpur, Ahmedabad | VenueConnect",/ahmedabad/isanpur/vendors/photographers/,"Top Photographers in Isanpur, Ahmedabad | Hire Near You - VenueConnect","Find the best photographers in Isanpur, Ahmedabad for your event. Browse verified profiles, compare pricing & get WhatsApp leads instantly on VenueConnect.","Top Photographers in Isanpur, Ahmedabad",photographers in Isanpur Ahmedabad,"photographers near Isanpur, photographers Isanpur Ahmedabad, best photographers near Isanpur",Transactional (Hyper-local),Medium
Vendor + City Area,"Caterers in Isanpur, Ahmedabad | VenueConnect",/ahmedabad/isanpur/vendors/caterers/,"Top Caterers in Isanpur, Ahmedabad | Hire Near You - VenueConnect","Find the best caterers in Isanpur, Ahmedabad for your event. Browse verified profiles, compare pricing & get WhatsApp leads instantly on VenueConnect.","Top Caterers in Isanpur, Ahmedabad",caterers in Isanpur Ahmedabad,"caterers near Isanpur, caterers Isanpur Ahmedabad, best caterers near Isanpur",Transactional (Hyper-local),Medium
Vendor + City Area,"Decorators in Isanpur, Ahmedabad | VenueConnect",/ahmedabad/isanpur/vendors/decorators/,"Top Decorators in Isanpur, Ahmedabad | Hire Near You - VenueConnect","Find the best decorators in Isanpur, Ahmedabad for your event. Browse verified profiles, compare pricing & get WhatsApp leads instantly on VenueConnect.","Top Decorators in Isanpur, Ahmedabad",decorators in Isanpur Ahmedabad,"decorators near Isanpur, decorators Isanpur Ahmedabad, best decorators near Isanpur",Transactional (Hyper-local),Medium
Vendor + City Area,"Mehndi Artists in Isanpur, Ahmedabad | VenueConnect",/ahmedabad/isanpur/vendors/mehndi-artists/,"Top Mehndi Artists in Isanpur, Ahmedabad | Hire Near You - VenueConnect","Find the best mehndi artists in Isanpur, Ahmedabad for your event. Browse verified profiles, compare pricing & get WhatsApp leads instantly on VenueConnect.","Top Mehndi Artists in Isanpur, Ahmedabad",mehndi artists in Isanpur Ahmedabad,"mehndi artists near Isanpur, mehndi artists Isanpur Ahmedabad, best mehndi artists near Isanpur",Transactional (Hyper-local),Medium
Vendor + City Area,"Photographers in Jagatpur, Ahmedabad | VenueConnect",/ahmedabad/jagatpur/vendors/photographers/,"Top Photographers in Jagatpur, Ahmedabad | Hire Near You - VenueConnect","Find the best photographers in Jagatpur, Ahmedabad for your event. Browse verified profiles, compare pricing & get WhatsApp leads instantly on VenueConnect.","Top Photographers in Jagatpur, Ahmedabad",photographers in Jagatpur Ahmedabad,"photographers near Jagatpur, photographers Jagatpur Ahmedabad, best photographers near Jagatpur",Transactional (Hyper-local),Medium
Vendor + City Area,"Caterers in Jagatpur, Ahmedabad | VenueConnect",/ahmedabad/jagatpur/vendors/caterers/,"Top Caterers in Jagatpur, Ahmedabad | Hire Near You - VenueConnect","Find the best caterers in Jagatpur, Ahmedabad for your event. Browse verified profiles, compare pricing & get WhatsApp leads instantly on VenueConnect.","Top Caterers in Jagatpur, Ahmedabad",caterers in Jagatpur Ahmedabad,"caterers near Jagatpur, caterers Jagatpur Ahmedabad, best caterers near Jagatpur",Transactional (Hyper-local),Medium
Vendor + City Area,"Decorators in Jagatpur, Ahmedabad | VenueConnect",/ahmedabad/jagatpur/vendors/decorators/,"Top Decorators in Jagatpur, Ahmedabad | Hire Near You - VenueConnect","Find the best decorators in Jagatpur, Ahmedabad for your event. Browse verified profiles, compare pricing & get WhatsApp leads instantly on VenueConnect.","Top Decorators in Jagatpur, Ahmedabad",decorators in Jagatpur Ahmedabad,"decorators near Jagatpur, decorators Jagatpur Ahmedabad, best decorators near Jagatpur",Transactional (Hyper-local),Medium
Vendor + City Area,"Mehndi Artists in Jagatpur, Ahmedabad | VenueConnect",/ahmedabad/jagatpur/vendors/mehndi-artists/,"Top Mehndi Artists in Jagatpur, Ahmedabad | Hire Near You - VenueConnect","Find the best mehndi artists in Jagatpur, Ahmedabad for your event. Browse verified profiles, compare pricing & get WhatsApp leads instantly on VenueConnect.","Top Mehndi Artists in Jagatpur, Ahmedabad",mehndi artists in Jagatpur Ahmedabad,"mehndi artists near Jagatpur, mehndi artists Jagatpur Ahmedabad, best mehndi artists near Jagatpur",Transactional (Hyper-local),Medium
Vendor + City Area,"Photographers in Kathwada, Ahmedabad | VenueConnect",/ahmedabad/kathwada/vendors/photographers/,"Top Photographers in Kathwada, Ahmedabad | Hire Near You - VenueConnect","Find the best photographers in Kathwada, Ahmedabad for your event. Browse verified profiles, compare pricing & get WhatsApp leads instantly on VenueConnect.","Top Photographers in Kathwada, Ahmedabad",photographers in Kathwada Ahmedabad,"photographers near Kathwada, photographers Kathwada Ahmedabad, best photographers near Kathwada",Transactional (Hyper-local),Medium
Vendor + City Area,"Caterers in Kathwada, Ahmedabad | VenueConnect",/ahmedabad/kathwada/vendors/caterers/,"Top Caterers in Kathwada, Ahmedabad | Hire Near You - VenueConnect","Find the best caterers in Kathwada, Ahmedabad for your event. Browse verified profiles, compare pricing & get WhatsApp leads instantly on VenueConnect.","Top Caterers in Kathwada, Ahmedabad",caterers in Kathwada Ahmedabad,"caterers near Kathwada, caterers Kathwada Ahmedabad, best caterers near Kathwada",Transactional (Hyper-local),Medium
Vendor + City Area,"Decorators in Kathwada, Ahmedabad | VenueConnect",/ahmedabad/kathwada/vendors/decorators/,"Top Decorators in Kathwada, Ahmedabad | Hire Near You - VenueConnect","Find the best decorators in Kathwada, Ahmedabad for your event. Browse verified profiles, compare pricing & get WhatsApp leads instantly on VenueConnect.","Top Decorators in Kathwada, Ahmedabad",decorators in Kathwada Ahmedabad,"decorators near Kathwada, decorators Kathwada Ahmedabad, best decorators near Kathwada",Transactional (Hyper-local),Medium
Vendor + City Area,"Mehndi Artists in Kathwada, Ahmedabad | VenueConnect",/ahmedabad/kathwada/vendors/mehndi-artists/,"Top Mehndi Artists in Kathwada, Ahmedabad | Hire Near You - VenueConnect","Find the best mehndi artists in Kathwada, Ahmedabad for your event. Browse verified profiles, compare pricing & get WhatsApp leads instantly on VenueConnect.","Top Mehndi Artists in Kathwada, Ahmedabad",mehndi artists in Kathwada Ahmedabad,"mehndi artists near Kathwada, mehndi artists Kathwada Ahmedabad, best mehndi artists near Kathwada",Transactional (Hyper-local),Medium
Vendor + City Area,"Photographers in Khokhara, Ahmedabad | VenueConnect",/ahmedabad/khokhara/vendors/photographers/,"Top Photographers in Khokhara, Ahmedabad | Hire Near You - VenueConnect","Find the best photographers in Khokhara, Ahmedabad for your event. Browse verified profiles, compare pricing & get WhatsApp leads instantly on VenueConnect.","Top Photographers in Khokhara, Ahmedabad",photographers in Khokhara Ahmedabad,"photographers near Khokhara, photographers Khokhara Ahmedabad, best photographers near Khokhara",Transactional (Hyper-local),Medium
Vendor + City Area,"Caterers in Khokhara, Ahmedabad | VenueConnect",/ahmedabad/khokhara/vendors/caterers/,"Top Caterers in Khokhara, Ahmedabad | Hire Near You - VenueConnect","Find the best caterers in Khokhara, Ahmedabad for your event. Browse verified profiles, compare pricing & get WhatsApp leads instantly on VenueConnect.","Top Caterers in Khokhara, Ahmedabad",caterers in Khokhara Ahmedabad,"caterers near Khokhara, caterers Khokhara Ahmedabad, best caterers near Khokhara",Transactional (Hyper-local),Medium
Vendor + City Area,"Decorators in Khokhara, Ahmedabad | VenueConnect",/ahmedabad/khokhara/vendors/decorators/,"Top Decorators in Khokhara, Ahmedabad | Hire Near You - VenueConnect","Find the best decorators in Khokhara, Ahmedabad for your event. Browse verified profiles, compare pricing & get WhatsApp leads instantly on VenueConnect.","Top Decorators in Khokhara, Ahmedabad",decorators in Khokhara Ahmedabad,"decorators near Khokhara, decorators Khokhara Ahmedabad, best decorators near Khokhara",Transactional (Hyper-local),Medium
Vendor + City Area,"Mehndi Artists in Khokhara, Ahmedabad | VenueConnect",/ahmedabad/khokhara/vendors/mehndi-artists/,"Top Mehndi Artists in Khokhara, Ahmedabad | Hire Near You - VenueConnect","Find the best mehndi artists in Khokhara, Ahmedabad for your event. Browse verified profiles, compare pricing & get WhatsApp leads instantly on VenueConnect.","Top Mehndi Artists in Khokhara, Ahmedabad",mehndi artists in Khokhara Ahmedabad,"mehndi artists near Khokhara, mehndi artists Khokhara Ahmedabad, best mehndi artists near Khokhara",Transactional (Hyper-local),Medium
Vendor + City Area,"Photographers in Lambha, Ahmedabad | VenueConnect",/ahmedabad/lambha/vendors/photographers/,"Top Photographers in Lambha, Ahmedabad | Hire Near You - VenueConnect","Find the best photographers in Lambha, Ahmedabad for your event. Browse verified profiles, compare pricing & get WhatsApp leads instantly on VenueConnect.","Top Photographers in Lambha, Ahmedabad",photographers in Lambha Ahmedabad,"photographers near Lambha, photographers Lambha Ahmedabad, best photographers near Lambha",Transactional (Hyper-local),Medium
Vendor + City Area,"Caterers in Lambha, Ahmedabad | VenueConnect",/ahmedabad/lambha/vendors/caterers/,"Top Caterers in Lambha, Ahmedabad | Hire Near You - VenueConnect","Find the best caterers in Lambha, Ahmedabad for your event. Browse verified profiles, compare pricing & get WhatsApp leads instantly on VenueConnect.","Top Caterers in Lambha, Ahmedabad",caterers in Lambha Ahmedabad,"caterers near Lambha, caterers Lambha Ahmedabad, best caterers near Lambha",Transactional (Hyper-local),Medium
Vendor + City Area,"Decorators in Lambha, Ahmedabad | VenueConnect",/ahmedabad/lambha/vendors/decorators/,"Top Decorators in Lambha, Ahmedabad | Hire Near You - VenueConnect","Find the best decorators in Lambha, Ahmedabad for your event. Browse verified profiles, compare pricing & get WhatsApp leads instantly on VenueConnect.","Top Decorators in Lambha, Ahmedabad",decorators in Lambha Ahmedabad,"decorators near Lambha, decorators Lambha Ahmedabad, best decorators near Lambha",Transactional (Hyper-local),Medium
Vendor + City Area,"Mehndi Artists in Lambha, Ahmedabad | VenueConnect",/ahmedabad/lambha/vendors/mehndi-artists/,"Top Mehndi Artists in Lambha, Ahmedabad | Hire Near You - VenueConnect","Find the best mehndi artists in Lambha, Ahmedabad for your event. Browse verified profiles, compare pricing & get WhatsApp leads instantly on VenueConnect.","Top Mehndi Artists in Lambha, Ahmedabad",mehndi artists in Lambha Ahmedabad,"mehndi artists near Lambha, mehndi artists Lambha Ahmedabad, best mehndi artists near Lambha",Transactional (Hyper-local),Medium
Vendor + City Area,"Photographers in Meghaninagar, Ahmedabad | VenueConnect",/ahmedabad/meghaninagar/vendors/photographers/,"Top Photographers in Meghaninagar, Ahmedabad | Hire Near You - VenueConnect","Find the best photographers in Meghaninagar, Ahmedabad for your event. Browse verified profiles, compare pricing & get WhatsApp leads instantly on VenueConnect.","Top Photographers in Meghaninagar, Ahmedabad",photographers in Meghaninagar Ahmedabad,"photographers near Meghaninagar, photographers Meghaninagar Ahmedabad, best photographers near Meghaninagar",Transactional (Hyper-local),Medium
Vendor + City Area,"Caterers in Meghaninagar, Ahmedabad | VenueConnect",/ahmedabad/meghaninagar/vendors/caterers/,"Top Caterers in Meghaninagar, Ahmedabad | Hire Near You - VenueConnect","Find the best caterers in Meghaninagar, Ahmedabad for your event. Browse verified profiles, compare pricing & get WhatsApp leads instantly on VenueConnect.","Top Caterers in Meghaninagar, Ahmedabad",caterers in Meghaninagar Ahmedabad,"caterers near Meghaninagar, caterers Meghaninagar Ahmedabad, best caterers near Meghaninagar",Transactional (Hyper-local),Medium
Vendor + City Area,"Decorators in Meghaninagar, Ahmedabad | VenueConnect",/ahmedabad/meghaninagar/vendors/decorators/,"Top Decorators in Meghaninagar, Ahmedabad | Hire Near You - VenueConnect","Find the best decorators in Meghaninagar, Ahmedabad for your event. Browse verified profiles, compare pricing & get WhatsApp leads instantly on VenueConnect.","Top Decorators in Meghaninagar, Ahmedabad",decorators in Meghaninagar Ahmedabad,"decorators near Meghaninagar, decorators Meghaninagar Ahmedabad, best decorators near Meghaninagar",Transactional (Hyper-local),Medium
Vendor + City Area,"Mehndi Artists in Meghaninagar, Ahmedabad | VenueConnect",/ahmedabad/meghaninagar/vendors/mehndi-artists/,"Top Mehndi Artists in Meghaninagar, Ahmedabad | Hire Near You - VenueConnect","Find the best mehndi artists in Meghaninagar, Ahmedabad for your event. Browse verified profiles, compare pricing & get WhatsApp leads instantly on VenueConnect.","Top Mehndi Artists in Meghaninagar, Ahmedabad",mehndi artists in Meghaninagar Ahmedabad,"mehndi artists near Meghaninagar, mehndi artists Meghaninagar Ahmedabad, best mehndi artists near Meghaninagar",Transactional (Hyper-local),Medium
Vendor + City Area,"Photographers in Narol, Ahmedabad | VenueConnect",/ahmedabad/narol/vendors/photographers/,"Top Photographers in Narol, Ahmedabad | Hire Near You - VenueConnect","Find the best photographers in Narol, Ahmedabad for your event. Browse verified profiles, compare pricing & get WhatsApp leads instantly on VenueConnect.","Top Photographers in Narol, Ahmedabad",photographers in Narol Ahmedabad,"photographers near Narol, photographers Narol Ahmedabad, best photographers near Narol",Transactional (Hyper-local),Medium
Vendor + City Area,"Caterers in Narol, Ahmedabad | VenueConnect",/ahmedabad/narol/vendors/caterers/,"Top Caterers in Narol, Ahmedabad | Hire Near You - VenueConnect","Find the best caterers in Narol, Ahmedabad for your event. Browse verified profiles, compare pricing & get WhatsApp leads instantly on VenueConnect.","Top Caterers in Narol, Ahmedabad",caterers in Narol Ahmedabad,"caterers near Narol, caterers Narol Ahmedabad, best caterers near Narol",Transactional (Hyper-local),Medium
Vendor + City Area,"Decorators in Narol, Ahmedabad | VenueConnect",/ahmedabad/narol/vendors/decorators/,"Top Decorators in Narol, Ahmedabad | Hire Near You - VenueConnect","Find the best decorators in Narol, Ahmedabad for your event. Browse verified profiles, compare pricing & get WhatsApp leads instantly on VenueConnect.","Top Decorators in Narol, Ahmedabad",decorators in Narol Ahmedabad,"decorators near Narol, decorators Narol Ahmedabad, best decorators near Narol",Transactional (Hyper-local),Medium
Vendor + City Area,"Mehndi Artists in Narol, Ahmedabad | VenueConnect",/ahmedabad/narol/vendors/mehndi-artists/,"Top Mehndi Artists in Narol, Ahmedabad | Hire Near You - VenueConnect","Find the best mehndi artists in Narol, Ahmedabad for your event. Browse verified profiles, compare pricing & get WhatsApp leads instantly on VenueConnect.","Top Mehndi Artists in Narol, Ahmedabad",mehndi artists in Narol Ahmedabad,"mehndi artists near Narol, mehndi artists Narol Ahmedabad, best mehndi artists near Narol",Transactional (Hyper-local),Medium
Vendor + City Area,"Photographers in Rancharda, Ahmedabad | VenueConnect",/ahmedabad/rancharda/vendors/photographers/,"Top Photographers in Rancharda, Ahmedabad | Hire Near You - VenueConnect","Find the best photographers in Rancharda, Ahmedabad for your event. Browse verified profiles, compare pricing & get WhatsApp leads instantly on VenueConnect.","Top Photographers in Rancharda, Ahmedabad",photographers in Rancharda Ahmedabad,"photographers near Rancharda, photographers Rancharda Ahmedabad, best photographers near Rancharda",Transactional (Hyper-local),Medium
Vendor + City Area,"Caterers in Rancharda, Ahmedabad | VenueConnect",/ahmedabad/rancharda/vendors/caterers/,"Top Caterers in Rancharda, Ahmedabad | Hire Near You - VenueConnect","Find the best caterers in Rancharda, Ahmedabad for your event. Browse verified profiles, compare pricing & get WhatsApp leads instantly on VenueConnect.","Top Caterers in Rancharda, Ahmedabad",caterers in Rancharda Ahmedabad,"caterers near Rancharda, caterers Rancharda Ahmedabad, best caterers near Rancharda",Transactional (Hyper-local),Medium
Vendor + City Area,"Decorators in Rancharda, Ahmedabad | VenueConnect",/ahmedabad/rancharda/vendors/decorators/,"Top Decorators in Rancharda, Ahmedabad | Hire Near You - VenueConnect","Find the best decorators in Rancharda, Ahmedabad for your event. Browse verified profiles, compare pricing & get WhatsApp leads instantly on VenueConnect.","Top Decorators in Rancharda, Ahmedabad",decorators in Rancharda Ahmedabad,"decorators near Rancharda, decorators Rancharda Ahmedabad, best decorators near Rancharda",Transactional (Hyper-local),Medium
Vendor + City Area,"Mehndi Artists in Rancharda, Ahmedabad | VenueConnect",/ahmedabad/rancharda/vendors/mehndi-artists/,"Top Mehndi Artists in Rancharda, Ahmedabad | Hire Near You - VenueConnect","Find the best mehndi artists in Rancharda, Ahmedabad for your event. Browse verified profiles, compare pricing & get WhatsApp leads instantly on VenueConnect.","Top Mehndi Artists in Rancharda, Ahmedabad",mehndi artists in Rancharda Ahmedabad,"mehndi artists near Rancharda, mehndi artists Rancharda Ahmedabad, best mehndi artists near Rancharda",Transactional (Hyper-local),Medium
Vendor + City Area,"Photographers in Sanand Road, Ahmedabad | VenueConnect",/ahmedabad/sanand-road/vendors/photographers/,"Top Photographers in Sanand Road, Ahmedabad | Hire Near You - VenueConnect","Find the best photographers in Sanand Road, Ahmedabad for your event. Browse verified profiles, compare pricing & get WhatsApp leads instantly on VenueConnect.","Top Photographers in Sanand Road, Ahmedabad",photographers in Sanand Road Ahmedabad,"photographers near Sanand Road, photographers Sanand Road Ahmedabad, best photographers near Sanand Road",Transactional (Hyper-local),Medium
Vendor + City Area,"Caterers in Sanand Road, Ahmedabad | VenueConnect",/ahmedabad/sanand-road/vendors/caterers/,"Top Caterers in Sanand Road, Ahmedabad | Hire Near You - VenueConnect","Find the best caterers in Sanand Road, Ahmedabad for your event. Browse verified profiles, compare pricing & get WhatsApp leads instantly on VenueConnect.","Top Caterers in Sanand Road, Ahmedabad",caterers in Sanand Road Ahmedabad,"caterers near Sanand Road, caterers Sanand Road Ahmedabad, best caterers near Sanand Road",Transactional (Hyper-local),Medium
Vendor + City Area,"Decorators in Sanand Road, Ahmedabad | VenueConnect",/ahmedabad/sanand-road/vendors/decorators/,"Top Decorators in Sanand Road, Ahmedabad | Hire Near You - VenueConnect","Find the best decorators in Sanand Road, Ahmedabad for your event. Browse verified profiles, compare pricing & get WhatsApp leads instantly on VenueConnect.","Top Decorators in Sanand Road, Ahmedabad",decorators in Sanand Road Ahmedabad,"decorators near Sanand Road, decorators Sanand Road Ahmedabad, best decorators near Sanand Road",Transactional (Hyper-local),Medium
Vendor + City Area,"Mehndi Artists in Sanand Road, Ahmedabad | VenueConnect",/ahmedabad/sanand-road/vendors/mehndi-artists/,"Top Mehndi Artists in Sanand Road, Ahmedabad | Hire Near You - VenueConnect","Find the best mehndi artists in Sanand Road, Ahmedabad for your event. Browse verified profiles, compare pricing & get WhatsApp leads instantly on VenueConnect.","Top Mehndi Artists in Sanand Road, Ahmedabad",mehndi artists in Sanand Road Ahmedabad,"mehndi artists near Sanand Road, mehndi artists Sanand Road Ahmedabad, best mehndi artists near Sanand Road",Transactional (Hyper-local),Medium
Vendor + City Area,"Photographers in Sarkhej, Ahmedabad | VenueConnect",/ahmedabad/sarkhej/vendors/photographers/,"Top Photographers in Sarkhej, Ahmedabad | Hire Near You - VenueConnect","Find the best photographers in Sarkhej, Ahmedabad for your event. Browse verified profiles, compare pricing & get WhatsApp leads instantly on VenueConnect.","Top Photographers in Sarkhej, Ahmedabad",photographers in Sarkhej Ahmedabad,"photographers near Sarkhej, photographers Sarkhej Ahmedabad, best photographers near Sarkhej",Transactional (Hyper-local),Medium
Vendor + City Area,"Caterers in Sarkhej, Ahmedabad | VenueConnect",/ahmedabad/sarkhej/vendors/caterers/,"Top Caterers in Sarkhej, Ahmedabad | Hire Near You - VenueConnect","Find the best caterers in Sarkhej, Ahmedabad for your event. Browse verified profiles, compare pricing & get WhatsApp leads instantly on VenueConnect.","Top Caterers in Sarkhej, Ahmedabad",caterers in Sarkhej Ahmedabad,"caterers near Sarkhej, caterers Sarkhej Ahmedabad, best caterers near Sarkhej",Transactional (Hyper-local),Medium
Vendor + City Area,"Decorators in Sarkhej, Ahmedabad | VenueConnect",/ahmedabad/sarkhej/vendors/decorators/,"Top Decorators in Sarkhej, Ahmedabad | Hire Near You - VenueConnect","Find the best decorators in Sarkhej, Ahmedabad for your event. Browse verified profiles, compare pricing & get WhatsApp leads instantly on VenueConnect.","Top Decorators in Sarkhej, Ahmedabad",decorators in Sarkhej Ahmedabad,"decorators near Sarkhej, decorators Sarkhej Ahmedabad, best decorators near Sarkhej",Transactional (Hyper-local),Medium
Vendor + City Area,"Mehndi Artists in Sarkhej, Ahmedabad | VenueConnect",/ahmedabad/sarkhej/vendors/mehndi-artists/,"Top Mehndi Artists in Sarkhej, Ahmedabad | Hire Near You - VenueConnect","Find the best mehndi artists in Sarkhej, Ahmedabad for your event. Browse verified profiles, compare pricing & get WhatsApp leads instantly on VenueConnect.","Top Mehndi Artists in Sarkhej, Ahmedabad",mehndi artists in Sarkhej Ahmedabad,"mehndi artists near Sarkhej, mehndi artists Sarkhej Ahmedabad, best mehndi artists near Sarkhej",Transactional (Hyper-local),Medium
Vendor + City Area,"Photographers in Shela, Ahmedabad | VenueConnect",/ahmedabad/shela/vendors/photographers/,"Top Photographers in Shela, Ahmedabad | Hire Near You - VenueConnect","Find the best photographers in Shela, Ahmedabad for your event. Browse verified profiles, compare pricing & get WhatsApp leads instantly on VenueConnect.","Top Photographers in Shela, Ahmedabad",photographers in Shela Ahmedabad,"photographers near Shela, photographers Shela Ahmedabad, best photographers near Shela",Transactional (Hyper-local),Medium
Vendor + City Area,"Caterers in Shela, Ahmedabad | VenueConnect",/ahmedabad/shela/vendors/caterers/,"Top Caterers in Shela, Ahmedabad | Hire Near You - VenueConnect","Find the best caterers in Shela, Ahmedabad for your event. Browse verified profiles, compare pricing & get WhatsApp leads instantly on VenueConnect.","Top Caterers in Shela, Ahmedabad",caterers in Shela Ahmedabad,"caterers near Shela, caterers Shela Ahmedabad, best caterers near Shela",Transactional (Hyper-local),Medium
Vendor + City Area,"Decorators in Shela, Ahmedabad | VenueConnect",/ahmedabad/shela/vendors/decorators/,"Top Decorators in Shela, Ahmedabad | Hire Near You - VenueConnect","Find the best decorators in Shela, Ahmedabad for your event. Browse verified profiles, compare pricing & get WhatsApp leads instantly on VenueConnect.","Top Decorators in Shela, Ahmedabad",decorators in Shela Ahmedabad,"decorators near Shela, decorators Shela Ahmedabad, best decorators near Shela",Transactional (Hyper-local),Medium
Vendor + City Area,"Mehndi Artists in Shela, Ahmedabad | VenueConnect",/ahmedabad/shela/vendors/mehndi-artists/,"Top Mehndi Artists in Shela, Ahmedabad | Hire Near You - VenueConnect","Find the best mehndi artists in Shela, Ahmedabad for your event. Browse verified profiles, compare pricing & get WhatsApp leads instantly on VenueConnect.","Top Mehndi Artists in Shela, Ahmedabad",mehndi artists in Shela Ahmedabad,"mehndi artists near Shela, mehndi artists Shela Ahmedabad, best mehndi artists near Shela",Transactional (Hyper-local),Medium
Vendor + City Area,"Photographers in Sindhu Bhavan Road, Ahmedabad | VenueConnect",/ahmedabad/sindhu-bhavan-road/vendors/photographers/,"Top Photographers in Sindhu Bhavan Road, Ahmedabad | Hire Near You - VenueConnect","Find the best photographers in Sindhu Bhavan Road, Ahmedabad for your event. Browse verified profiles, compare pricing & get WhatsApp leads instantly on VenueConnect.","Top Photographers in Sindhu Bhavan Road, Ahmedabad",photographers in Sindhu Bhavan Road Ahmedabad,"photographers near Sindhu Bhavan Road, photographers Sindhu Bhavan Road Ahmedabad, best photographers near Sindhu Bhavan Road",Transactional (Hyper-local),Medium
Vendor + City Area,"Caterers in Sindhu Bhavan Road, Ahmedabad | VenueConnect",/ahmedabad/sindhu-bhavan-road/vendors/caterers/,"Top Caterers in Sindhu Bhavan Road, Ahmedabad | Hire Near You - VenueConnect","Find the best caterers in Sindhu Bhavan Road, Ahmedabad for your event. Browse verified profiles, compare pricing & get WhatsApp leads instantly on VenueConnect.","Top Caterers in Sindhu Bhavan Road, Ahmedabad",caterers in Sindhu Bhavan Road Ahmedabad,"caterers near Sindhu Bhavan Road, caterers Sindhu Bhavan Road Ahmedabad, best caterers near Sindhu Bhavan Road",Transactional (Hyper-local),Medium
Vendor + City Area,"Decorators in Sindhu Bhavan Road, Ahmedabad | VenueConnect",/ahmedabad/sindhu-bhavan-road/vendors/decorators/,"Top Decorators in Sindhu Bhavan Road, Ahmedabad | Hire Near You - VenueConnect","Find the best decorators in Sindhu Bhavan Road, Ahmedabad for your event. Browse verified profiles, compare pricing & get WhatsApp leads instantly on VenueConnect.","Top Decorators in Sindhu Bhavan Road, Ahmedabad",decorators in Sindhu Bhavan Road Ahmedabad,"decorators near Sindhu Bhavan Road, decorators Sindhu Bhavan Road Ahmedabad, best decorators near Sindhu Bhavan Road",Transactional (Hyper-local),Medium
Vendor + City Area,"Mehndi Artists in Sindhu Bhavan Road, Ahmedabad | VenueConnect",/ahmedabad/sindhu-bhavan-road/vendors/mehndi-artists/,"Top Mehndi Artists in Sindhu Bhavan Road, Ahmedabad | Hire Near You - VenueConnect","Find the best mehndi artists in Sindhu Bhavan Road, Ahmedabad for your event. Browse verified profiles, compare pricing & get WhatsApp leads instantly on VenueConnect.","Top Mehndi Artists in Sindhu Bhavan Road, Ahmedabad",mehndi artists in Sindhu Bhavan Road Ahmedabad,"mehndi artists near Sindhu Bhavan Road, mehndi artists Sindhu Bhavan Road Ahmedabad, best mehndi artists near Sindhu Bhavan Road",Transactional (Hyper-local),Medium
Vendor + City Area,"Photographers in Sola, Ahmedabad | VenueConnect",/ahmedabad/sola/vendors/photographers/,"Top Photographers in Sola, Ahmedabad | Hire Near You - VenueConnect","Find the best photographers in Sola, Ahmedabad for your event. Browse verified profiles, compare pricing & get WhatsApp leads instantly on VenueConnect.","Top Photographers in Sola, Ahmedabad",photographers in Sola Ahmedabad,"photographers near Sola, photographers Sola Ahmedabad, best photographers near Sola",Transactional (Hyper-local),Medium
Vendor + City Area,"Caterers in Sola, Ahmedabad | VenueConnect",/ahmedabad/sola/vendors/caterers/,"Top Caterers in Sola, Ahmedabad | Hire Near You - VenueConnect","Find the best caterers in Sola, Ahmedabad for your event. Browse verified profiles, compare pricing & get WhatsApp leads instantly on VenueConnect.","Top Caterers in Sola, Ahmedabad",caterers in Sola Ahmedabad,"caterers near Sola, caterers Sola Ahmedabad, best caterers near Sola",Transactional (Hyper-local),Medium
Vendor + City Area,"Decorators in Sola, Ahmedabad | VenueConnect",/ahmedabad/sola/vendors/decorators/,"Top Decorators in Sola, Ahmedabad | Hire Near You - VenueConnect","Find the best decorators in Sola, Ahmedabad for your event. Browse verified profiles, compare pricing & get WhatsApp leads instantly on VenueConnect.","Top Decorators in Sola, Ahmedabad",decorators in Sola Ahmedabad,"decorators near Sola, decorators Sola Ahmedabad, best decorators near Sola",Transactional (Hyper-local),Medium
Vendor + City Area,"Mehndi Artists in Sola, Ahmedabad | VenueConnect",/ahmedabad/sola/vendors/mehndi-artists/,"Top Mehndi Artists in Sola, Ahmedabad | Hire Near You - VenueConnect","Find the best mehndi artists in Sola, Ahmedabad for your event. Browse verified profiles, compare pricing & get WhatsApp leads instantly on VenueConnect.","Top Mehndi Artists in Sola, Ahmedabad",mehndi artists in Sola Ahmedabad,"mehndi artists near Sola, mehndi artists Sola Ahmedabad, best mehndi artists near Sola",Transactional (Hyper-local),Medium
Vendor + City Area,"Photographers in Vaishnodevi, Ahmedabad | VenueConnect",/ahmedabad/vaishnodevi/vendors/photographers/,"Top Photographers in Vaishnodevi, Ahmedabad | Hire Near You - VenueConnect","Find the best photographers in Vaishnodevi, Ahmedabad for your event. Browse verified profiles, compare pricing & get WhatsApp leads instantly on VenueConnect.","Top Photographers in Vaishnodevi, Ahmedabad",photographers in Vaishnodevi Ahmedabad,"photographers near Vaishnodevi, photographers Vaishnodevi Ahmedabad, best photographers near Vaishnodevi",Transactional (Hyper-local),Medium
Vendor + City Area,"Caterers in Vaishnodevi, Ahmedabad | VenueConnect",/ahmedabad/vaishnodevi/vendors/caterers/,"Top Caterers in Vaishnodevi, Ahmedabad | Hire Near You - VenueConnect","Find the best caterers in Vaishnodevi, Ahmedabad for your event. Browse verified profiles, compare pricing & get WhatsApp leads instantly on VenueConnect.","Top Caterers in Vaishnodevi, Ahmedabad",caterers in Vaishnodevi Ahmedabad,"caterers near Vaishnodevi, caterers Vaishnodevi Ahmedabad, best caterers near Vaishnodevi",Transactional (Hyper-local),Medium
Vendor + City Area,"Decorators in Vaishnodevi, Ahmedabad | VenueConnect",/ahmedabad/vaishnodevi/vendors/decorators/,"Top Decorators in Vaishnodevi, Ahmedabad | Hire Near You - VenueConnect","Find the best decorators in Vaishnodevi, Ahmedabad for your event. Browse verified profiles, compare pricing & get WhatsApp leads instantly on VenueConnect.","Top Decorators in Vaishnodevi, Ahmedabad",decorators in Vaishnodevi Ahmedabad,"decorators near Vaishnodevi, decorators Vaishnodevi Ahmedabad, best decorators near Vaishnodevi",Transactional (Hyper-local),Medium
Vendor + City Area,"Mehndi Artists in Vaishnodevi, Ahmedabad | VenueConnect",/ahmedabad/vaishnodevi/vendors/mehndi-artists/,"Top Mehndi Artists in Vaishnodevi, Ahmedabad | Hire Near You - VenueConnect","Find the best mehndi artists in Vaishnodevi, Ahmedabad for your event. Browse verified profiles, compare pricing & get WhatsApp leads instantly on VenueConnect.","Top Mehndi Artists in Vaishnodevi, Ahmedabad",mehndi artists in Vaishnodevi Ahmedabad,"mehndi artists near Vaishnodevi, mehndi artists Vaishnodevi Ahmedabad, best mehndi artists near Vaishnodevi",Transactional (Hyper-local),Medium
Vendor + City Area,"Photographers in Viratnagar, Ahmedabad | VenueConnect",/ahmedabad/viratnagar/vendors/photographers/,"Top Photographers in Viratnagar, Ahmedabad | Hire Near You - VenueConnect","Find the best photographers in Viratnagar, Ahmedabad for your event. Browse verified profiles, compare pricing & get WhatsApp leads instantly on VenueConnect.","Top Photographers in Viratnagar, Ahmedabad",photographers in Viratnagar Ahmedabad,"photographers near Viratnagar, photographers Viratnagar Ahmedabad, best photographers near Viratnagar",Transactional (Hyper-local),Medium
Vendor + City Area,"Caterers in Viratnagar, Ahmedabad | VenueConnect",/ahmedabad/viratnagar/vendors/caterers/,"Top Caterers in Viratnagar, Ahmedabad | Hire Near You - VenueConnect","Find the best caterers in Viratnagar, Ahmedabad for your event. Browse verified profiles, compare pricing & get WhatsApp leads instantly on VenueConnect.","Top Caterers in Viratnagar, Ahmedabad",caterers in Viratnagar Ahmedabad,"caterers near Viratnagar, caterers Viratnagar Ahmedabad, best caterers near Viratnagar",Transactional (Hyper-local),Medium
Vendor + City Area,"Decorators in Viratnagar, Ahmedabad | VenueConnect",/ahmedabad/viratnagar/vendors/decorators/,"Top Decorators in Viratnagar, Ahmedabad | Hire Near You - VenueConnect","Find the best decorators in Viratnagar, Ahmedabad for your event. Browse verified profiles, compare pricing & get WhatsApp leads instantly on VenueConnect.","Top Decorators in Viratnagar, Ahmedabad",decorators in Viratnagar Ahmedabad,"decorators near Viratnagar, decorators Viratnagar Ahmedabad, best decorators near Viratnagar",Transactional (Hyper-local),Medium
Vendor + City Area,"Mehndi Artists in Viratnagar, Ahmedabad | VenueConnect",/ahmedabad/viratnagar/vendors/mehndi-artists/,"Top Mehndi Artists in Viratnagar, Ahmedabad | Hire Near You - VenueConnect","Find the best mehndi artists in Viratnagar, Ahmedabad for your event. Browse verified profiles, compare pricing & get WhatsApp leads instantly on VenueConnect.","Top Mehndi Artists in Viratnagar, Ahmedabad",mehndi artists in Viratnagar Ahmedabad,"mehndi artists near Viratnagar, mehndi artists Viratnagar Ahmedabad, best mehndi artists near Viratnagar",Transactional (Hyper-local),Medium
Vendor + City Area,"Photographers in Vasta Devdi, Ahmedabad | VenueConnect",/ahmedabad/vasta-devdi/vendors/photographers/,"Top Photographers in Vasta Devdi, Ahmedabad | Hire Near You - VenueConnect","Find the best photographers in Vasta Devdi, Ahmedabad for your event. Browse verified profiles, compare pricing & get WhatsApp leads instantly on VenueConnect.","Top Photographers in Vasta Devdi, Ahmedabad",photographers in Vasta Devdi Ahmedabad,"photographers near Vasta Devdi, photographers Vasta Devdi Ahmedabad, best photographers near Vasta Devdi",Transactional (Hyper-local),Medium
Vendor + City Area,"Caterers in Vasta Devdi, Ahmedabad | VenueConnect",/ahmedabad/vasta-devdi/vendors/caterers/,"Top Caterers in Vasta Devdi, Ahmedabad | Hire Near You - VenueConnect","Find the best caterers in Vasta Devdi, Ahmedabad for your event. Browse verified profiles, compare pricing & get WhatsApp leads instantly on VenueConnect.","Top Caterers in Vasta Devdi, Ahmedabad",caterers in Vasta Devdi Ahmedabad,"caterers near Vasta Devdi, caterers Vasta Devdi Ahmedabad, best caterers near Vasta Devdi",Transactional (Hyper-local),Medium
Vendor + City Area,"Decorators in Vasta Devdi, Ahmedabad | VenueConnect",/ahmedabad/vasta-devdi/vendors/decorators/,"Top Decorators in Vasta Devdi, Ahmedabad | Hire Near You - VenueConnect","Find the best decorators in Vasta Devdi, Ahmedabad for your event. Browse verified profiles, compare pricing & get WhatsApp leads instantly on VenueConnect.","Top Decorators in Vasta Devdi, Ahmedabad",decorators in Vasta Devdi Ahmedabad,"decorators near Vasta Devdi, decorators Vasta Devdi Ahmedabad, best decorators near Vasta Devdi",Transactional (Hyper-local),Medium
Vendor + City Area,"Mehndi Artists in Vasta Devdi, Ahmedabad | VenueConnect",/ahmedabad/vasta-devdi/vendors/mehndi-artists/,"Top Mehndi Artists in Vasta Devdi, Ahmedabad | Hire Near You - VenueConnect","Find the best mehndi artists in Vasta Devdi, Ahmedabad for your event. Browse verified profiles, compare pricing & get WhatsApp leads instantly on VenueConnect.","Top Mehndi Artists in Vasta Devdi, Ahmedabad",mehndi artists in Vasta Devdi Ahmedabad,"mehndi artists near Vasta Devdi, mehndi artists Vasta Devdi Ahmedabad, best mehndi artists near Vasta Devdi",Transactional (Hyper-local),Medium
  VENUE TYPE + CITY AREA PAGES (Hyper-local),,,,,,,,,
Page Type,Page Title,URL Slug,Meta Title,Meta Description,H1 Tag,Target Keyword,Secondary Keywords,Search Intent,Priority
Venue + City Area,"Banquet Halls in Bopal, Ahmedabad | VenueConnect",/ahmedabad/bopal/banquet-halls/,"Best Banquet Halls in Bopal, Ahmedabad | Compare Near You - VenueConnect","Looking for banquet halls in Bopal, Ahmedabad? Browse verified listings with pricing, capacity & photos. Book the perfect venue near Bopal on VenueConnect.","Best Banquet Halls in Bopal, Ahmedabad",banquet halls in Bopal Ahmedabad,"banquet halls near Bopal, banquet halls Bopal Ahmedabad, affordable banquet halls near Bopal",Transactional (Hyper-local),High
Venue + City Area,"Farmhouses in Bopal, Ahmedabad | VenueConnect",/ahmedabad/bopal/farmhouses/,"Best Farmhouses in Bopal, Ahmedabad | Compare Near You - VenueConnect","Looking for farmhouses in Bopal, Ahmedabad? Browse verified listings with pricing, capacity & photos. Book the perfect venue near Bopal on VenueConnect.","Best Farmhouses in Bopal, Ahmedabad",farmhouses in Bopal Ahmedabad,"farmhouses near Bopal, farmhouses Bopal Ahmedabad, affordable farmhouses near Bopal",Transactional (Hyper-local),High
Venue + City Area,"Party Plots in Bopal, Ahmedabad | VenueConnect",/ahmedabad/bopal/party-plots/,"Best Party Plots in Bopal, Ahmedabad | Compare Near You - VenueConnect","Looking for party plots in Bopal, Ahmedabad? Browse verified listings with pricing, capacity & photos. Book the perfect venue near Bopal on VenueConnect.","Best Party Plots in Bopal, Ahmedabad",party plots in Bopal Ahmedabad,"party plots near Bopal, party plots Bopal Ahmedabad, affordable party plots near Bopal",Transactional (Hyper-local),High
Venue + City Area,"Banquet Halls in SG Highway, Ahmedabad | VenueConnect",/ahmedabad/sg-highway/banquet-halls/,"Best Banquet Halls in SG Highway, Ahmedabad | Compare Near You - VenueConnect","Looking for banquet halls in SG Highway, Ahmedabad? Browse verified listings with pricing, capacity & photos. Book the perfect venue near SG Highway on VenueConnect.","Best Banquet Halls in SG Highway, Ahmedabad",banquet halls in SG Highway Ahmedabad,"banquet halls near SG Highway, banquet halls SG Highway Ahmedabad, affordable banquet halls near SG Highway",Transactional (Hyper-local),High
Venue + City Area,"Farmhouses in SG Highway, Ahmedabad | VenueConnect",/ahmedabad/sg-highway/farmhouses/,"Best Farmhouses in SG Highway, Ahmedabad | Compare Near You - VenueConnect","Looking for farmhouses in SG Highway, Ahmedabad? Browse verified listings with pricing, capacity & photos. Book the perfect venue near SG Highway on VenueConnect.","Best Farmhouses in SG Highway, Ahmedabad",farmhouses in SG Highway Ahmedabad,"farmhouses near SG Highway, farmhouses SG Highway Ahmedabad, affordable farmhouses near SG Highway",Transactional (Hyper-local),High
Venue + City Area,"Party Plots in SG Highway, Ahmedabad | VenueConnect",/ahmedabad/sg-highway/party-plots/,"Best Party Plots in SG Highway, Ahmedabad | Compare Near You - VenueConnect","Looking for party plots in SG Highway, Ahmedabad? Browse verified listings with pricing, capacity & photos. Book the perfect venue near SG Highway on VenueConnect.","Best Party Plots in SG Highway, Ahmedabad",party plots in SG Highway Ahmedabad,"party plots near SG Highway, party plots SG Highway Ahmedabad, affordable party plots near SG Highway",Transactional (Hyper-local),High
Venue + City Area,"Banquet Halls in Vastrapur, Ahmedabad | VenueConnect",/ahmedabad/vastrapur/banquet-halls/,"Best Banquet Halls in Vastrapur, Ahmedabad | Compare Near You - VenueConnect","Looking for banquet halls in Vastrapur, Ahmedabad? Browse verified listings with pricing, capacity & photos. Book the perfect venue near Vastrapur on VenueConnect.","Best Banquet Halls in Vastrapur, Ahmedabad",banquet halls in Vastrapur Ahmedabad,"banquet halls near Vastrapur, banquet halls Vastrapur Ahmedabad, affordable banquet halls near Vastrapur",Transactional (Hyper-local),High
Venue + City Area,"Farmhouses in Vastrapur, Ahmedabad | VenueConnect",/ahmedabad/vastrapur/farmhouses/,"Best Farmhouses in Vastrapur, Ahmedabad | Compare Near You - VenueConnect","Looking for farmhouses in Vastrapur, Ahmedabad? Browse verified listings with pricing, capacity & photos. Book the perfect venue near Vastrapur on VenueConnect.","Best Farmhouses in Vastrapur, Ahmedabad",farmhouses in Vastrapur Ahmedabad,"farmhouses near Vastrapur, farmhouses Vastrapur Ahmedabad, affordable farmhouses near Vastrapur",Transactional (Hyper-local),High
Venue + City Area,"Party Plots in Vastrapur, Ahmedabad | VenueConnect",/ahmedabad/vastrapur/party-plots/,"Best Party Plots in Vastrapur, Ahmedabad | Compare Near You - VenueConnect","Looking for party plots in Vastrapur, Ahmedabad? Browse verified listings with pricing, capacity & photos. Book the perfect venue near Vastrapur on VenueConnect.","Best Party Plots in Vastrapur, Ahmedabad",party plots in Vastrapur Ahmedabad,"party plots near Vastrapur, party plots Vastrapur Ahmedabad, affordable party plots near Vastrapur",Transactional (Hyper-local),High
Venue + City Area,"Banquet Halls in Satellite, Ahmedabad | VenueConnect",/ahmedabad/satellite/banquet-halls/,"Best Banquet Halls in Satellite, Ahmedabad | Compare Near You - VenueConnect","Looking for banquet halls in Satellite, Ahmedabad? Browse verified listings with pricing, capacity & photos. Book the perfect venue near Satellite on VenueConnect.","Best Banquet Halls in Satellite, Ahmedabad",banquet halls in Satellite Ahmedabad,"banquet halls near Satellite, banquet halls Satellite Ahmedabad, affordable banquet halls near Satellite",Transactional (Hyper-local),High
Venue + City Area,"Farmhouses in Satellite, Ahmedabad | VenueConnect",/ahmedabad/satellite/farmhouses/,"Best Farmhouses in Satellite, Ahmedabad | Compare Near You - VenueConnect","Looking for farmhouses in Satellite, Ahmedabad? Browse verified listings with pricing, capacity & photos. Book the perfect venue near Satellite on VenueConnect.","Best Farmhouses in Satellite, Ahmedabad",farmhouses in Satellite Ahmedabad,"farmhouses near Satellite, farmhouses Satellite Ahmedabad, affordable farmhouses near Satellite",Transactional (Hyper-local),High
Venue + City Area,"Party Plots in Satellite, Ahmedabad | VenueConnect",/ahmedabad/satellite/party-plots/,"Best Party Plots in Satellite, Ahmedabad | Compare Near You - VenueConnect","Looking for party plots in Satellite, Ahmedabad? Browse verified listings with pricing, capacity & photos. Book the perfect venue near Satellite on VenueConnect.","Best Party Plots in Satellite, Ahmedabad",party plots in Satellite Ahmedabad,"party plots near Satellite, party plots Satellite Ahmedabad, affordable party plots near Satellite",Transactional (Hyper-local),High
Venue + City Area,"Banquet Halls in Prahlad Nagar, Ahmedabad | VenueConnect",/ahmedabad/prahlad-nagar/banquet-halls/,"Best Banquet Halls in Prahlad Nagar, Ahmedabad | Compare Near You - VenueConnect","Looking for banquet halls in Prahlad Nagar, Ahmedabad? Browse verified listings with pricing, capacity & photos. Book the perfect venue near Prahlad Nagar on VenueConnect.","Best Banquet Halls in Prahlad Nagar, Ahmedabad",banquet halls in Prahlad Nagar Ahmedabad,"banquet halls near Prahlad Nagar, banquet halls Prahlad Nagar Ahmedabad, affordable banquet halls near Prahlad Nagar",Transactional (Hyper-local),High
Venue + City Area,"Farmhouses in Prahlad Nagar, Ahmedabad | VenueConnect",/ahmedabad/prahlad-nagar/farmhouses/,"Best Farmhouses in Prahlad Nagar, Ahmedabad | Compare Near You - VenueConnect","Looking for farmhouses in Prahlad Nagar, Ahmedabad? Browse verified listings with pricing, capacity & photos. Book the perfect venue near Prahlad Nagar on VenueConnect.","Best Farmhouses in Prahlad Nagar, Ahmedabad",farmhouses in Prahlad Nagar Ahmedabad,"farmhouses near Prahlad Nagar, farmhouses Prahlad Nagar Ahmedabad, affordable farmhouses near Prahlad Nagar",Transactional (Hyper-local),High
Venue + City Area,"Party Plots in Prahlad Nagar, Ahmedabad | VenueConnect",/ahmedabad/prahlad-nagar/party-plots/,"Best Party Plots in Prahlad Nagar, Ahmedabad | Compare Near You - VenueConnect","Looking for party plots in Prahlad Nagar, Ahmedabad? Browse verified listings with pricing, capacity & photos. Book the perfect venue near Prahlad Nagar on VenueConnect.","Best Party Plots in Prahlad Nagar, Ahmedabad",party plots in Prahlad Nagar Ahmedabad,"party plots near Prahlad Nagar, party plots Prahlad Nagar Ahmedabad, affordable party plots near Prahlad Nagar",Transactional (Hyper-local),High
Venue + City Area,"Banquet Halls in Thaltej, Ahmedabad | VenueConnect",/ahmedabad/thaltej/banquet-halls/,"Best Banquet Halls in Thaltej, Ahmedabad | Compare Near You - VenueConnect","Looking for banquet halls in Thaltej, Ahmedabad? Browse verified listings with pricing, capacity & photos. Book the perfect venue near Thaltej on VenueConnect.","Best Banquet Halls in Thaltej, Ahmedabad",banquet halls in Thaltej Ahmedabad,"banquet halls near Thaltej, banquet halls Thaltej Ahmedabad, affordable banquet halls near Thaltej",Transactional (Hyper-local),High
Venue + City Area,"Farmhouses in Thaltej, Ahmedabad | VenueConnect",/ahmedabad/thaltej/farmhouses/,"Best Farmhouses in Thaltej, Ahmedabad | Compare Near You - VenueConnect","Looking for farmhouses in Thaltej, Ahmedabad? Browse verified listings with pricing, capacity & photos. Book the perfect venue near Thaltej on VenueConnect.","Best Farmhouses in Thaltej, Ahmedabad",farmhouses in Thaltej Ahmedabad,"farmhouses near Thaltej, farmhouses Thaltej Ahmedabad, affordable farmhouses near Thaltej",Transactional (Hyper-local),High
Venue + City Area,"Party Plots in Thaltej, Ahmedabad | VenueConnect",/ahmedabad/thaltej/party-plots/,"Best Party Plots in Thaltej, Ahmedabad | Compare Near You - VenueConnect","Looking for party plots in Thaltej, Ahmedabad? Browse verified listings with pricing, capacity & photos. Book the perfect venue near Thaltej on VenueConnect.","Best Party Plots in Thaltej, Ahmedabad",party plots in Thaltej Ahmedabad,"party plots near Thaltej, party plots Thaltej Ahmedabad, affordable party plots near Thaltej",Transactional (Hyper-local),High
Venue + City Area,"Banquet Halls in Bodakdev, Ahmedabad | VenueConnect",/ahmedabad/bodakdev/banquet-halls/,"Best Banquet Halls in Bodakdev, Ahmedabad | Compare Near You - VenueConnect","Looking for banquet halls in Bodakdev, Ahmedabad? Browse verified listings with pricing, capacity & photos. Book the perfect venue near Bodakdev on VenueConnect.","Best Banquet Halls in Bodakdev, Ahmedabad",banquet halls in Bodakdev Ahmedabad,"banquet halls near Bodakdev, banquet halls Bodakdev Ahmedabad, affordable banquet halls near Bodakdev",Transactional (Hyper-local),High
Venue + City Area,"Farmhouses in Bodakdev, Ahmedabad | VenueConnect",/ahmedabad/bodakdev/farmhouses/,"Best Farmhouses in Bodakdev, Ahmedabad | Compare Near You - VenueConnect","Looking for farmhouses in Bodakdev, Ahmedabad? Browse verified listings with pricing, capacity & photos. Book the perfect venue near Bodakdev on VenueConnect.","Best Farmhouses in Bodakdev, Ahmedabad",farmhouses in Bodakdev Ahmedabad,"farmhouses near Bodakdev, farmhouses Bodakdev Ahmedabad, affordable farmhouses near Bodakdev",Transactional (Hyper-local),High
Venue + City Area,"Party Plots in Bodakdev, Ahmedabad | VenueConnect",/ahmedabad/bodakdev/party-plots/,"Best Party Plots in Bodakdev, Ahmedabad | Compare Near You - VenueConnect","Looking for party plots in Bodakdev, Ahmedabad? Browse verified listings with pricing, capacity & photos. Book the perfect venue near Bodakdev on VenueConnect.","Best Party Plots in Bodakdev, Ahmedabad",party plots in Bodakdev Ahmedabad,"party plots near Bodakdev, party plots Bodakdev Ahmedabad, affordable party plots near Bodakdev",Transactional (Hyper-local),High
Venue + City Area,"Banquet Halls in Maninagar, Ahmedabad | VenueConnect",/ahmedabad/maninagar/banquet-halls/,"Best Banquet Halls in Maninagar, Ahmedabad | Compare Near You - VenueConnect","Looking for banquet halls in Maninagar, Ahmedabad? Browse verified listings with pricing, capacity & photos. Book the perfect venue near Maninagar on VenueConnect.","Best Banquet Halls in Maninagar, Ahmedabad",banquet halls in Maninagar Ahmedabad,"banquet halls near Maninagar, banquet halls Maninagar Ahmedabad, affordable banquet halls near Maninagar",Transactional (Hyper-local),High
Venue + City Area,"Farmhouses in Maninagar, Ahmedabad | VenueConnect",/ahmedabad/maninagar/farmhouses/,"Best Farmhouses in Maninagar, Ahmedabad | Compare Near You - VenueConnect","Looking for farmhouses in Maninagar, Ahmedabad? Browse verified listings with pricing, capacity & photos. Book the perfect venue near Maninagar on VenueConnect.","Best Farmhouses in Maninagar, Ahmedabad",farmhouses in Maninagar Ahmedabad,"farmhouses near Maninagar, farmhouses Maninagar Ahmedabad, affordable farmhouses near Maninagar",Transactional (Hyper-local),High
Venue + City Area,"Party Plots in Maninagar, Ahmedabad | VenueConnect",/ahmedabad/maninagar/party-plots/,"Best Party Plots in Maninagar, Ahmedabad | Compare Near You - VenueConnect","Looking for party plots in Maninagar, Ahmedabad? Browse verified listings with pricing, capacity & photos. Book the perfect venue near Maninagar on VenueConnect.","Best Party Plots in Maninagar, Ahmedabad",party plots in Maninagar Ahmedabad,"party plots near Maninagar, party plots Maninagar Ahmedabad, affordable party plots near Maninagar",Transactional (Hyper-local),High
Venue + City Area,"Banquet Halls in Naranpura, Ahmedabad | VenueConnect",/ahmedabad/naranpura/banquet-halls/,"Best Banquet Halls in Naranpura, Ahmedabad | Compare Near You - VenueConnect","Looking for banquet halls in Naranpura, Ahmedabad? Browse verified listings with pricing, capacity & photos. Book the perfect venue near Naranpura on VenueConnect.","Best Banquet Halls in Naranpura, Ahmedabad",banquet halls in Naranpura Ahmedabad,"banquet halls near Naranpura, banquet halls Naranpura Ahmedabad, affordable banquet halls near Naranpura",Transactional (Hyper-local),High
Venue + City Area,"Farmhouses in Naranpura, Ahmedabad | VenueConnect",/ahmedabad/naranpura/farmhouses/,"Best Farmhouses in Naranpura, Ahmedabad | Compare Near You - VenueConnect","Looking for farmhouses in Naranpura, Ahmedabad? Browse verified listings with pricing, capacity & photos. Book the perfect venue near Naranpura on VenueConnect.","Best Farmhouses in Naranpura, Ahmedabad",farmhouses in Naranpura Ahmedabad,"farmhouses near Naranpura, farmhouses Naranpura Ahmedabad, affordable farmhouses near Naranpura",Transactional (Hyper-local),High
Venue + City Area,"Party Plots in Naranpura, Ahmedabad | VenueConnect",/ahmedabad/naranpura/party-plots/,"Best Party Plots in Naranpura, Ahmedabad | Compare Near You - VenueConnect","Looking for party plots in Naranpura, Ahmedabad? Browse verified listings with pricing, capacity & photos. Book the perfect venue near Naranpura on VenueConnect.","Best Party Plots in Naranpura, Ahmedabad",party plots in Naranpura Ahmedabad,"party plots near Naranpura, party plots Naranpura Ahmedabad, affordable party plots near Naranpura",Transactional (Hyper-local),High
Venue + City Area,"Banquet Halls in Chandkheda, Ahmedabad | VenueConnect",/ahmedabad/chandkheda/banquet-halls/,"Best Banquet Halls in Chandkheda, Ahmedabad | Compare Near You - VenueConnect","Looking for banquet halls in Chandkheda, Ahmedabad? Browse verified listings with pricing, capacity & photos. Book the perfect venue near Chandkheda on VenueConnect.","Best Banquet Halls in Chandkheda, Ahmedabad",banquet halls in Chandkheda Ahmedabad,"banquet halls near Chandkheda, banquet halls Chandkheda Ahmedabad, affordable banquet halls near Chandkheda",Transactional (Hyper-local),High
Venue + City Area,"Farmhouses in Chandkheda, Ahmedabad | VenueConnect",/ahmedabad/chandkheda/farmhouses/,"Best Farmhouses in Chandkheda, Ahmedabad | Compare Near You - VenueConnect","Looking for farmhouses in Chandkheda, Ahmedabad? Browse verified listings with pricing, capacity & photos. Book the perfect venue near Chandkheda on VenueConnect.","Best Farmhouses in Chandkheda, Ahmedabad",farmhouses in Chandkheda Ahmedabad,"farmhouses near Chandkheda, farmhouses Chandkheda Ahmedabad, affordable farmhouses near Chandkheda",Transactional (Hyper-local),High
Venue + City Area,"Party Plots in Chandkheda, Ahmedabad | VenueConnect",/ahmedabad/chandkheda/party-plots/,"Best Party Plots in Chandkheda, Ahmedabad | Compare Near You - VenueConnect","Looking for party plots in Chandkheda, Ahmedabad? Browse verified listings with pricing, capacity & photos. Book the perfect venue near Chandkheda on VenueConnect.","Best Party Plots in Chandkheda, Ahmedabad",party plots in Chandkheda Ahmedabad,"party plots near Chandkheda, party plots Chandkheda Ahmedabad, affordable party plots near Chandkheda",Transactional (Hyper-local),High
Venue + City Area,"Banquet Halls in Gota, Ahmedabad | VenueConnect",/ahmedabad/gota/banquet-halls/,"Best Banquet Halls in Gota, Ahmedabad | Compare Near You - VenueConnect","Looking for banquet halls in Gota, Ahmedabad? Browse verified listings with pricing, capacity & photos. Book the perfect venue near Gota on VenueConnect.","Best Banquet Halls in Gota, Ahmedabad",banquet halls in Gota Ahmedabad,"banquet halls near Gota, banquet halls Gota Ahmedabad, affordable banquet halls near Gota",Transactional (Hyper-local),High
Venue + City Area,"Farmhouses in Gota, Ahmedabad | VenueConnect",/ahmedabad/gota/farmhouses/,"Best Farmhouses in Gota, Ahmedabad | Compare Near You - VenueConnect","Looking for farmhouses in Gota, Ahmedabad? Browse verified listings with pricing, capacity & photos. Book the perfect venue near Gota on VenueConnect.","Best Farmhouses in Gota, Ahmedabad",farmhouses in Gota Ahmedabad,"farmhouses near Gota, farmhouses Gota Ahmedabad, affordable farmhouses near Gota",Transactional (Hyper-local),High
Venue + City Area,"Party Plots in Gota, Ahmedabad | VenueConnect",/ahmedabad/gota/party-plots/,"Best Party Plots in Gota, Ahmedabad | Compare Near You - VenueConnect","Looking for party plots in Gota, Ahmedabad? Browse verified listings with pricing, capacity & photos. Book the perfect venue near Gota on VenueConnect.","Best Party Plots in Gota, Ahmedabad",party plots in Gota Ahmedabad,"party plots near Gota, party plots Gota Ahmedabad, affordable party plots near Gota",Transactional (Hyper-local),High
Venue + City Area,"Banquet Halls in Nikol, Ahmedabad | VenueConnect",/ahmedabad/nikol/banquet-halls/,"Best Banquet Halls in Nikol, Ahmedabad | Compare Near You - VenueConnect","Looking for banquet halls in Nikol, Ahmedabad? Browse verified listings with pricing, capacity & photos. Book the perfect venue near Nikol on VenueConnect.","Best Banquet Halls in Nikol, Ahmedabad",banquet halls in Nikol Ahmedabad,"banquet halls near Nikol, banquet halls Nikol Ahmedabad, affordable banquet halls near Nikol",Transactional (Hyper-local),High
Venue + City Area,"Farmhouses in Nikol, Ahmedabad | VenueConnect",/ahmedabad/nikol/farmhouses/,"Best Farmhouses in Nikol, Ahmedabad | Compare Near You - VenueConnect","Looking for farmhouses in Nikol, Ahmedabad? Browse verified listings with pricing, capacity & photos. Book the perfect venue near Nikol on VenueConnect.","Best Farmhouses in Nikol, Ahmedabad",farmhouses in Nikol Ahmedabad,"farmhouses near Nikol, farmhouses Nikol Ahmedabad, affordable farmhouses near Nikol",Transactional (Hyper-local),High
Venue + City Area,"Party Plots in Nikol, Ahmedabad | VenueConnect",/ahmedabad/nikol/party-plots/,"Best Party Plots in Nikol, Ahmedabad | Compare Near You - VenueConnect","Looking for party plots in Nikol, Ahmedabad? Browse verified listings with pricing, capacity & photos. Book the perfect venue near Nikol on VenueConnect.","Best Party Plots in Nikol, Ahmedabad",party plots in Nikol Ahmedabad,"party plots near Nikol, party plots Nikol Ahmedabad, affordable party plots near Nikol",Transactional (Hyper-local),High
Venue + City Area,"Banquet Halls in Vastral, Ahmedabad | VenueConnect",/ahmedabad/vastral/banquet-halls/,"Best Banquet Halls in Vastral, Ahmedabad | Compare Near You - VenueConnect","Looking for banquet halls in Vastral, Ahmedabad? Browse verified listings with pricing, capacity & photos. Book the perfect venue near Vastral on VenueConnect.","Best Banquet Halls in Vastral, Ahmedabad",banquet halls in Vastral Ahmedabad,"banquet halls near Vastral, banquet halls Vastral Ahmedabad, affordable banquet halls near Vastral",Transactional (Hyper-local),High
Venue + City Area,"Farmhouses in Vastral, Ahmedabad | VenueConnect",/ahmedabad/vastral/farmhouses/,"Best Farmhouses in Vastral, Ahmedabad | Compare Near You - VenueConnect","Looking for farmhouses in Vastral, Ahmedabad? Browse verified listings with pricing, capacity & photos. Book the perfect venue near Vastral on VenueConnect.","Best Farmhouses in Vastral, Ahmedabad",farmhouses in Vastral Ahmedabad,"farmhouses near Vastral, farmhouses Vastral Ahmedabad, affordable farmhouses near Vastral",Transactional (Hyper-local),High
Venue + City Area,"Party Plots in Vastral, Ahmedabad | VenueConnect",/ahmedabad/vastral/party-plots/,"Best Party Plots in Vastral, Ahmedabad | Compare Near You - VenueConnect","Looking for party plots in Vastral, Ahmedabad? Browse verified listings with pricing, capacity & photos. Book the perfect venue near Vastral on VenueConnect.","Best Party Plots in Vastral, Ahmedabad",party plots in Vastral Ahmedabad,"party plots near Vastral, party plots Vastral Ahmedabad, affordable party plots near Vastral",Transactional (Hyper-local),High
Venue + City Area,"Banquet Halls in Motera, Ahmedabad | VenueConnect",/ahmedabad/motera/banquet-halls/,"Best Banquet Halls in Motera, Ahmedabad | Compare Near You - VenueConnect","Looking for banquet halls in Motera, Ahmedabad? Browse verified listings with pricing, capacity & photos. Book the perfect venue near Motera on VenueConnect.","Best Banquet Halls in Motera, Ahmedabad",banquet halls in Motera Ahmedabad,"banquet halls near Motera, banquet halls Motera Ahmedabad, affordable banquet halls near Motera",Transactional (Hyper-local),High
Venue + City Area,"Farmhouses in Motera, Ahmedabad | VenueConnect",/ahmedabad/motera/farmhouses/,"Best Farmhouses in Motera, Ahmedabad | Compare Near You - VenueConnect","Looking for farmhouses in Motera, Ahmedabad? Browse verified listings with pricing, capacity & photos. Book the perfect venue near Motera on VenueConnect.","Best Farmhouses in Motera, Ahmedabad",farmhouses in Motera Ahmedabad,"farmhouses near Motera, farmhouses Motera Ahmedabad, affordable farmhouses near Motera",Transactional (Hyper-local),High
Venue + City Area,"Party Plots in Motera, Ahmedabad | VenueConnect",/ahmedabad/motera/party-plots/,"Best Party Plots in Motera, Ahmedabad | Compare Near You - VenueConnect","Looking for party plots in Motera, Ahmedabad? Browse verified listings with pricing, capacity & photos. Book the perfect venue near Motera on VenueConnect.","Best Party Plots in Motera, Ahmedabad",party plots in Motera Ahmedabad,"party plots near Motera, party plots Motera Ahmedabad, affordable party plots near Motera",Transactional (Hyper-local),High
Venue + City Area,"Banquet Halls in Navrangpura, Ahmedabad | VenueConnect",/ahmedabad/navrangpura/banquet-halls/,"Best Banquet Halls in Navrangpura, Ahmedabad | Compare Near You - VenueConnect","Looking for banquet halls in Navrangpura, Ahmedabad? Browse verified listings with pricing, capacity & photos. Book the perfect venue near Navrangpura on VenueConnect.","Best Banquet Halls in Navrangpura, Ahmedabad",banquet halls in Navrangpura Ahmedabad,"banquet halls near Navrangpura, banquet halls Navrangpura Ahmedabad, affordable banquet halls near Navrangpura",Transactional (Hyper-local),High
Venue + City Area,"Farmhouses in Navrangpura, Ahmedabad | VenueConnect",/ahmedabad/navrangpura/farmhouses/,"Best Farmhouses in Navrangpura, Ahmedabad | Compare Near You - VenueConnect","Looking for farmhouses in Navrangpura, Ahmedabad? Browse verified listings with pricing, capacity & photos. Book the perfect venue near Navrangpura on VenueConnect.","Best Farmhouses in Navrangpura, Ahmedabad",farmhouses in Navrangpura Ahmedabad,"farmhouses near Navrangpura, farmhouses Navrangpura Ahmedabad, affordable farmhouses near Navrangpura",Transactional (Hyper-local),High
Venue + City Area,"Party Plots in Navrangpura, Ahmedabad | VenueConnect",/ahmedabad/navrangpura/party-plots/,"Best Party Plots in Navrangpura, Ahmedabad | Compare Near You - VenueConnect","Looking for party plots in Navrangpura, Ahmedabad? Browse verified listings with pricing, capacity & photos. Book the perfect venue near Navrangpura on VenueConnect.","Best Party Plots in Navrangpura, Ahmedabad",party plots in Navrangpura Ahmedabad,"party plots near Navrangpura, party plots Navrangpura Ahmedabad, affordable party plots near Navrangpura",Transactional (Hyper-local),High
Venue + City Area,"Banquet Halls in Ambawadi, Ahmedabad | VenueConnect",/ahmedabad/ambawadi/banquet-halls/,"Best Banquet Halls in Ambawadi, Ahmedabad | Compare Near You - VenueConnect","Looking for banquet halls in Ambawadi, Ahmedabad? Browse verified listings with pricing, capacity & photos. Book the perfect venue near Ambawadi on VenueConnect.","Best Banquet Halls in Ambawadi, Ahmedabad",banquet halls in Ambawadi Ahmedabad,"banquet halls near Ambawadi, banquet halls Ambawadi Ahmedabad, affordable banquet halls near Ambawadi",Transactional (Hyper-local),High
Venue + City Area,"Farmhouses in Ambawadi, Ahmedabad | VenueConnect",/ahmedabad/ambawadi/farmhouses/,"Best Farmhouses in Ambawadi, Ahmedabad | Compare Near You - VenueConnect","Looking for farmhouses in Ambawadi, Ahmedabad? Browse verified listings with pricing, capacity & photos. Book the perfect venue near Ambawadi on VenueConnect.","Best Farmhouses in Ambawadi, Ahmedabad",farmhouses in Ambawadi Ahmedabad,"farmhouses near Ambawadi, farmhouses Ambawadi Ahmedabad, affordable farmhouses near Ambawadi",Transactional (Hyper-local),High
Venue + City Area,"Party Plots in Ambawadi, Ahmedabad | VenueConnect",/ahmedabad/ambawadi/party-plots/,"Best Party Plots in Ambawadi, Ahmedabad | Compare Near You - VenueConnect","Looking for party plots in Ambawadi, Ahmedabad? Browse verified listings with pricing, capacity & photos. Book the perfect venue near Ambawadi on VenueConnect.","Best Party Plots in Ambawadi, Ahmedabad",party plots in Ambawadi Ahmedabad,"party plots near Ambawadi, party plots Ambawadi Ahmedabad, affordable party plots near Ambawadi",Transactional (Hyper-local),High
Venue + City Area,"Banquet Halls in Ashram Road, Ahmedabad | VenueConnect",/ahmedabad/ashram-road/banquet-halls/,"Best Banquet Halls in Ashram Road, Ahmedabad | Compare Near You - VenueConnect","Looking for banquet halls in Ashram Road, Ahmedabad? Browse verified listings with pricing, capacity & photos. Book the perfect venue near Ashram Road on VenueConnect.","Best Banquet Halls in Ashram Road, Ahmedabad",banquet halls in Ashram Road Ahmedabad,"banquet halls near Ashram Road, banquet halls Ashram Road Ahmedabad, affordable banquet halls near Ashram Road",Transactional (Hyper-local),High
Venue + City Area,"Farmhouses in Ashram Road, Ahmedabad | VenueConnect",/ahmedabad/ashram-road/farmhouses/,"Best Farmhouses in Ashram Road, Ahmedabad | Compare Near You - VenueConnect","Looking for farmhouses in Ashram Road, Ahmedabad? Browse verified listings with pricing, capacity & photos. Book the perfect venue near Ashram Road on VenueConnect.","Best Farmhouses in Ashram Road, Ahmedabad",farmhouses in Ashram Road Ahmedabad,"farmhouses near Ashram Road, farmhouses Ashram Road Ahmedabad, affordable farmhouses near Ashram Road",Transactional (Hyper-local),High
Venue + City Area,"Party Plots in Ashram Road, Ahmedabad | VenueConnect",/ahmedabad/ashram-road/party-plots/,"Best Party Plots in Ashram Road, Ahmedabad | Compare Near You - VenueConnect","Looking for party plots in Ashram Road, Ahmedabad? Browse verified listings with pricing, capacity & photos. Book the perfect venue near Ashram Road on VenueConnect.","Best Party Plots in Ashram Road, Ahmedabad",party plots in Ashram Road Ahmedabad,"party plots near Ashram Road, party plots Ashram Road Ahmedabad, affordable party plots near Ashram Road",Transactional (Hyper-local),High
Venue + City Area,"Banquet Halls in CG Road, Ahmedabad | VenueConnect",/ahmedabad/cg-road/banquet-halls/,"Best Banquet Halls in CG Road, Ahmedabad | Compare Near You - VenueConnect","Looking for banquet halls in CG Road, Ahmedabad? Browse verified listings with pricing, capacity & photos. Book the perfect venue near CG Road on VenueConnect.","Best Banquet Halls in CG Road, Ahmedabad",banquet halls in CG Road Ahmedabad,"banquet halls near CG Road, banquet halls CG Road Ahmedabad, affordable banquet halls near CG Road",Transactional (Hyper-local),High
Venue + City Area,"Farmhouses in CG Road, Ahmedabad | VenueConnect",/ahmedabad/cg-road/farmhouses/,"Best Farmhouses in CG Road, Ahmedabad | Compare Near You - VenueConnect","Looking for farmhouses in CG Road, Ahmedabad? Browse verified listings with pricing, capacity & photos. Book the perfect venue near CG Road on VenueConnect.","Best Farmhouses in CG Road, Ahmedabad",farmhouses in CG Road Ahmedabad,"farmhouses near CG Road, farmhouses CG Road Ahmedabad, affordable farmhouses near CG Road",Transactional (Hyper-local),High
Venue + City Area,"Party Plots in CG Road, Ahmedabad | VenueConnect",/ahmedabad/cg-road/party-plots/,"Best Party Plots in CG Road, Ahmedabad | Compare Near You - VenueConnect","Looking for party plots in CG Road, Ahmedabad? Browse verified listings with pricing, capacity & photos. Book the perfect venue near CG Road on VenueConnect.","Best Party Plots in CG Road, Ahmedabad",party plots in CG Road Ahmedabad,"party plots near CG Road, party plots CG Road Ahmedabad, affordable party plots near CG Road",Transactional (Hyper-local),High
Venue + City Area,"Banquet Halls in Drive In Road, Ahmedabad | VenueConnect",/ahmedabad/drive-in-road/banquet-halls/,"Best Banquet Halls in Drive In Road, Ahmedabad | Compare Near You - VenueConnect","Looking for banquet halls in Drive In Road, Ahmedabad? Browse verified listings with pricing, capacity & photos. Book the perfect venue near Drive In Road on VenueConnect.","Best Banquet Halls in Drive In Road, Ahmedabad",banquet halls in Drive In Road Ahmedabad,"banquet halls near Drive In Road, banquet halls Drive In Road Ahmedabad, affordable banquet halls near Drive In Road",Transactional (Hyper-local),High
Venue + City Area,"Farmhouses in Drive In Road, Ahmedabad | VenueConnect",/ahmedabad/drive-in-road/farmhouses/,"Best Farmhouses in Drive In Road, Ahmedabad | Compare Near You - VenueConnect","Looking for farmhouses in Drive In Road, Ahmedabad? Browse verified listings with pricing, capacity & photos. Book the perfect venue near Drive In Road on VenueConnect.","Best Farmhouses in Drive In Road, Ahmedabad",farmhouses in Drive In Road Ahmedabad,"farmhouses near Drive In Road, farmhouses Drive In Road Ahmedabad, affordable farmhouses near Drive In Road",Transactional (Hyper-local),High
Venue + City Area,"Party Plots in Drive In Road, Ahmedabad | VenueConnect",/ahmedabad/drive-in-road/party-plots/,"Best Party Plots in Drive In Road, Ahmedabad | Compare Near You - VenueConnect","Looking for party plots in Drive In Road, Ahmedabad? Browse verified listings with pricing, capacity & photos. Book the perfect venue near Drive In Road on VenueConnect.","Best Party Plots in Drive In Road, Ahmedabad",party plots in Drive In Road Ahmedabad,"party plots near Drive In Road, party plots Drive In Road Ahmedabad, affordable party plots near Drive In Road",Transactional (Hyper-local),High
Venue + City Area,"Banquet Halls in Ellisbridge, Ahmedabad | VenueConnect",/ahmedabad/ellisbridge/banquet-halls/,"Best Banquet Halls in Ellisbridge, Ahmedabad | Compare Near You - VenueConnect","Looking for banquet halls in Ellisbridge, Ahmedabad? Browse verified listings with pricing, capacity & photos. Book the perfect venue near Ellisbridge on VenueConnect.","Best Banquet Halls in Ellisbridge, Ahmedabad",banquet halls in Ellisbridge Ahmedabad,"banquet halls near Ellisbridge, banquet halls Ellisbridge Ahmedabad, affordable banquet halls near Ellisbridge",Transactional (Hyper-local),High
Venue + City Area,"Farmhouses in Ellisbridge, Ahmedabad | VenueConnect",/ahmedabad/ellisbridge/farmhouses/,"Best Farmhouses in Ellisbridge, Ahmedabad | Compare Near You - VenueConnect","Looking for farmhouses in Ellisbridge, Ahmedabad? Browse verified listings with pricing, capacity & photos. Book the perfect venue near Ellisbridge on VenueConnect.","Best Farmhouses in Ellisbridge, Ahmedabad",farmhouses in Ellisbridge Ahmedabad,"farmhouses near Ellisbridge, farmhouses Ellisbridge Ahmedabad, affordable farmhouses near Ellisbridge",Transactional (Hyper-local),High
Venue + City Area,"Party Plots in Ellisbridge, Ahmedabad | VenueConnect",/ahmedabad/ellisbridge/party-plots/,"Best Party Plots in Ellisbridge, Ahmedabad | Compare Near You - VenueConnect","Looking for party plots in Ellisbridge, Ahmedabad? Browse verified listings with pricing, capacity & photos. Book the perfect venue near Ellisbridge on VenueConnect.","Best Party Plots in Ellisbridge, Ahmedabad",party plots in Ellisbridge Ahmedabad,"party plots near Ellisbridge, party plots Ellisbridge Ahmedabad, affordable party plots near Ellisbridge",Transactional (Hyper-local),High
Venue + City Area,"Banquet Halls in Gheekanta, Ahmedabad | VenueConnect",/ahmedabad/gheekanta/banquet-halls/,"Best Banquet Halls in Gheekanta, Ahmedabad | Compare Near You - VenueConnect","Looking for banquet halls in Gheekanta, Ahmedabad? Browse verified listings with pricing, capacity & photos. Book the perfect venue near Gheekanta on VenueConnect.","Best Banquet Halls in Gheekanta, Ahmedabad",banquet halls in Gheekanta Ahmedabad,"banquet halls near Gheekanta, banquet halls Gheekanta Ahmedabad, affordable banquet halls near Gheekanta",Transactional (Hyper-local),High
Venue + City Area,"Farmhouses in Gheekanta, Ahmedabad | VenueConnect",/ahmedabad/gheekanta/farmhouses/,"Best Farmhouses in Gheekanta, Ahmedabad | Compare Near You - VenueConnect","Looking for farmhouses in Gheekanta, Ahmedabad? Browse verified listings with pricing, capacity & photos. Book the perfect venue near Gheekanta on VenueConnect.","Best Farmhouses in Gheekanta, Ahmedabad",farmhouses in Gheekanta Ahmedabad,"farmhouses near Gheekanta, farmhouses Gheekanta Ahmedabad, affordable farmhouses near Gheekanta",Transactional (Hyper-local),High
Venue + City Area,"Party Plots in Gheekanta, Ahmedabad | VenueConnect",/ahmedabad/gheekanta/party-plots/,"Best Party Plots in Gheekanta, Ahmedabad | Compare Near You - VenueConnect","Looking for party plots in Gheekanta, Ahmedabad? Browse verified listings with pricing, capacity & photos. Book the perfect venue near Gheekanta on VenueConnect.","Best Party Plots in Gheekanta, Ahmedabad",party plots in Gheekanta Ahmedabad,"party plots near Gheekanta, party plots Gheekanta Ahmedabad, affordable party plots near Gheekanta",Transactional (Hyper-local),High
Venue + City Area,"Banquet Halls in Gurukul, Ahmedabad | VenueConnect",/ahmedabad/gurukul/banquet-halls/,"Best Banquet Halls in Gurukul, Ahmedabad | Compare Near You - VenueConnect","Looking for banquet halls in Gurukul, Ahmedabad? Browse verified listings with pricing, capacity & photos. Book the perfect venue near Gurukul on VenueConnect.","Best Banquet Halls in Gurukul, Ahmedabad",banquet halls in Gurukul Ahmedabad,"banquet halls near Gurukul, banquet halls Gurukul Ahmedabad, affordable banquet halls near Gurukul",Transactional (Hyper-local),High
Venue + City Area,"Farmhouses in Gurukul, Ahmedabad | VenueConnect",/ahmedabad/gurukul/farmhouses/,"Best Farmhouses in Gurukul, Ahmedabad | Compare Near You - VenueConnect","Looking for farmhouses in Gurukul, Ahmedabad? Browse verified listings with pricing, capacity & photos. Book the perfect venue near Gurukul on VenueConnect.","Best Farmhouses in Gurukul, Ahmedabad",farmhouses in Gurukul Ahmedabad,"farmhouses near Gurukul, farmhouses Gurukul Ahmedabad, affordable farmhouses near Gurukul",Transactional (Hyper-local),High
Venue + City Area,"Party Plots in Gurukul, Ahmedabad | VenueConnect",/ahmedabad/gurukul/party-plots/,"Best Party Plots in Gurukul, Ahmedabad | Compare Near You - VenueConnect","Looking for party plots in Gurukul, Ahmedabad? Browse verified listings with pricing, capacity & photos. Book the perfect venue near Gurukul on VenueConnect.","Best Party Plots in Gurukul, Ahmedabad",party plots in Gurukul Ahmedabad,"party plots near Gurukul, party plots Gurukul Ahmedabad, affordable party plots near Gurukul",Transactional (Hyper-local),High
Venue + City Area,"Banquet Halls in Iscon, Ahmedabad | VenueConnect",/ahmedabad/iscon/banquet-halls/,"Best Banquet Halls in Iscon, Ahmedabad | Compare Near You - VenueConnect","Looking for banquet halls in Iscon, Ahmedabad? Browse verified listings with pricing, capacity & photos. Book the perfect venue near Iscon on VenueConnect.","Best Banquet Halls in Iscon, Ahmedabad",banquet halls in Iscon Ahmedabad,"banquet halls near Iscon, banquet halls Iscon Ahmedabad, affordable banquet halls near Iscon",Transactional (Hyper-local),High
Venue + City Area,"Farmhouses in Iscon, Ahmedabad | VenueConnect",/ahmedabad/iscon/farmhouses/,"Best Farmhouses in Iscon, Ahmedabad | Compare Near You - VenueConnect","Looking for farmhouses in Iscon, Ahmedabad? Browse verified listings with pricing, capacity & photos. Book the perfect venue near Iscon on VenueConnect.","Best Farmhouses in Iscon, Ahmedabad",farmhouses in Iscon Ahmedabad,"farmhouses near Iscon, farmhouses Iscon Ahmedabad, affordable farmhouses near Iscon",Transactional (Hyper-local),High
Venue + City Area,"Party Plots in Iscon, Ahmedabad | VenueConnect",/ahmedabad/iscon/party-plots/,"Best Party Plots in Iscon, Ahmedabad | Compare Near You - VenueConnect","Looking for party plots in Iscon, Ahmedabad? Browse verified listings with pricing, capacity & photos. Book the perfect venue near Iscon on VenueConnect.","Best Party Plots in Iscon, Ahmedabad",party plots in Iscon Ahmedabad,"party plots near Iscon, party plots Iscon Ahmedabad, affordable party plots near Iscon",Transactional (Hyper-local),High
Venue + City Area,"Banquet Halls in Jodhpur, Ahmedabad | VenueConnect",/ahmedabad/jodhpur/banquet-halls/,"Best Banquet Halls in Jodhpur, Ahmedabad | Compare Near You - VenueConnect","Looking for banquet halls in Jodhpur, Ahmedabad? Browse verified listings with pricing, capacity & photos. Book the perfect venue near Jodhpur on VenueConnect.","Best Banquet Halls in Jodhpur, Ahmedabad",banquet halls in Jodhpur Ahmedabad,"banquet halls near Jodhpur, banquet halls Jodhpur Ahmedabad, affordable banquet halls near Jodhpur",Transactional (Hyper-local),High
Venue + City Area,"Farmhouses in Jodhpur, Ahmedabad | VenueConnect",/ahmedabad/jodhpur/farmhouses/,"Best Farmhouses in Jodhpur, Ahmedabad | Compare Near You - VenueConnect","Looking for farmhouses in Jodhpur, Ahmedabad? Browse verified listings with pricing, capacity & photos. Book the perfect venue near Jodhpur on VenueConnect.","Best Farmhouses in Jodhpur, Ahmedabad",farmhouses in Jodhpur Ahmedabad,"farmhouses near Jodhpur, farmhouses Jodhpur Ahmedabad, affordable farmhouses near Jodhpur",Transactional (Hyper-local),High
Venue + City Area,"Party Plots in Jodhpur, Ahmedabad | VenueConnect",/ahmedabad/jodhpur/party-plots/,"Best Party Plots in Jodhpur, Ahmedabad | Compare Near You - VenueConnect","Looking for party plots in Jodhpur, Ahmedabad? Browse verified listings with pricing, capacity & photos. Book the perfect venue near Jodhpur on VenueConnect.","Best Party Plots in Jodhpur, Ahmedabad",party plots in Jodhpur Ahmedabad,"party plots near Jodhpur, party plots Jodhpur Ahmedabad, affordable party plots near Jodhpur",Transactional (Hyper-local),High
Venue + City Area,"Banquet Halls in Kalupur, Ahmedabad | VenueConnect",/ahmedabad/kalupur/banquet-halls/,"Best Banquet Halls in Kalupur, Ahmedabad | Compare Near You - VenueConnect","Looking for banquet halls in Kalupur, Ahmedabad? Browse verified listings with pricing, capacity & photos. Book the perfect venue near Kalupur on VenueConnect.","Best Banquet Halls in Kalupur, Ahmedabad",banquet halls in Kalupur Ahmedabad,"banquet halls near Kalupur, banquet halls Kalupur Ahmedabad, affordable banquet halls near Kalupur",Transactional (Hyper-local),High
Venue + City Area,"Farmhouses in Kalupur, Ahmedabad | VenueConnect",/ahmedabad/kalupur/farmhouses/,"Best Farmhouses in Kalupur, Ahmedabad | Compare Near You - VenueConnect","Looking for farmhouses in Kalupur, Ahmedabad? Browse verified listings with pricing, capacity & photos. Book the perfect venue near Kalupur on VenueConnect.","Best Farmhouses in Kalupur, Ahmedabad",farmhouses in Kalupur Ahmedabad,"farmhouses near Kalupur, farmhouses Kalupur Ahmedabad, affordable farmhouses near Kalupur",Transactional (Hyper-local),High
Venue + City Area,"Party Plots in Kalupur, Ahmedabad | VenueConnect",/ahmedabad/kalupur/party-plots/,"Best Party Plots in Kalupur, Ahmedabad | Compare Near You - VenueConnect","Looking for party plots in Kalupur, Ahmedabad? Browse verified listings with pricing, capacity & photos. Book the perfect venue near Kalupur on VenueConnect.","Best Party Plots in Kalupur, Ahmedabad",party plots in Kalupur Ahmedabad,"party plots near Kalupur, party plots Kalupur Ahmedabad, affordable party plots near Kalupur",Transactional (Hyper-local),High
Venue + City Area,"Banquet Halls in Kankaria, Ahmedabad | VenueConnect",/ahmedabad/kankaria/banquet-halls/,"Best Banquet Halls in Kankaria, Ahmedabad | Compare Near You - VenueConnect","Looking for banquet halls in Kankaria, Ahmedabad? Browse verified listings with pricing, capacity & photos. Book the perfect venue near Kankaria on VenueConnect.","Best Banquet Halls in Kankaria, Ahmedabad",banquet halls in Kankaria Ahmedabad,"banquet halls near Kankaria, banquet halls Kankaria Ahmedabad, affordable banquet halls near Kankaria",Transactional (Hyper-local),High
Venue + City Area,"Farmhouses in Kankaria, Ahmedabad | VenueConnect",/ahmedabad/kankaria/farmhouses/,"Best Farmhouses in Kankaria, Ahmedabad | Compare Near You - VenueConnect","Looking for farmhouses in Kankaria, Ahmedabad? Browse verified listings with pricing, capacity & photos. Book the perfect venue near Kankaria on VenueConnect.","Best Farmhouses in Kankaria, Ahmedabad",farmhouses in Kankaria Ahmedabad,"farmhouses near Kankaria, farmhouses Kankaria Ahmedabad, affordable farmhouses near Kankaria",Transactional (Hyper-local),High
Venue + City Area,"Party Plots in Kankaria, Ahmedabad | VenueConnect",/ahmedabad/kankaria/party-plots/,"Best Party Plots in Kankaria, Ahmedabad | Compare Near You - VenueConnect","Looking for party plots in Kankaria, Ahmedabad? Browse verified listings with pricing, capacity & photos. Book the perfect venue near Kankaria on VenueConnect.","Best Party Plots in Kankaria, Ahmedabad",party plots in Kankaria Ahmedabad,"party plots near Kankaria, party plots Kankaria Ahmedabad, affordable party plots near Kankaria",Transactional (Hyper-local),High
Venue + City Area,"Banquet Halls in Khokhra, Ahmedabad | VenueConnect",/ahmedabad/khokhra/banquet-halls/,"Best Banquet Halls in Khokhra, Ahmedabad | Compare Near You - VenueConnect","Looking for banquet halls in Khokhra, Ahmedabad? Browse verified listings with pricing, capacity & photos. Book the perfect venue near Khokhra on VenueConnect.","Best Banquet Halls in Khokhra, Ahmedabad",banquet halls in Khokhra Ahmedabad,"banquet halls near Khokhra, banquet halls Khokhra Ahmedabad, affordable banquet halls near Khokhra",Transactional (Hyper-local),High
Venue + City Area,"Farmhouses in Khokhra, Ahmedabad | VenueConnect",/ahmedabad/khokhra/farmhouses/,"Best Farmhouses in Khokhra, Ahmedabad | Compare Near You - VenueConnect","Looking for farmhouses in Khokhra, Ahmedabad? Browse verified listings with pricing, capacity & photos. Book the perfect venue near Khokhra on VenueConnect.","Best Farmhouses in Khokhra, Ahmedabad",farmhouses in Khokhra Ahmedabad,"farmhouses near Khokhra, farmhouses Khokhra Ahmedabad, affordable farmhouses near Khokhra",Transactional (Hyper-local),High
Venue + City Area,"Party Plots in Khokhra, Ahmedabad | VenueConnect",/ahmedabad/khokhra/party-plots/,"Best Party Plots in Khokhra, Ahmedabad | Compare Near You - VenueConnect","Looking for party plots in Khokhra, Ahmedabad? Browse verified listings with pricing, capacity & photos. Book the perfect venue near Khokhra on VenueConnect.","Best Party Plots in Khokhra, Ahmedabad",party plots in Khokhra Ahmedabad,"party plots near Khokhra, party plots Khokhra Ahmedabad, affordable party plots near Khokhra",Transactional (Hyper-local),High
Venue + City Area,"Banquet Halls in Lal Darwaja, Ahmedabad | VenueConnect",/ahmedabad/lal-darwaja/banquet-halls/,"Best Banquet Halls in Lal Darwaja, Ahmedabad | Compare Near You - VenueConnect","Looking for banquet halls in Lal Darwaja, Ahmedabad? Browse verified listings with pricing, capacity & photos. Book the perfect venue near Lal Darwaja on VenueConnect.","Best Banquet Halls in Lal Darwaja, Ahmedabad",banquet halls in Lal Darwaja Ahmedabad,"banquet halls near Lal Darwaja, banquet halls Lal Darwaja Ahmedabad, affordable banquet halls near Lal Darwaja",Transactional (Hyper-local),High
Venue + City Area,"Farmhouses in Lal Darwaja, Ahmedabad | VenueConnect",/ahmedabad/lal-darwaja/farmhouses/,"Best Farmhouses in Lal Darwaja, Ahmedabad | Compare Near You - VenueConnect","Looking for farmhouses in Lal Darwaja, Ahmedabad? Browse verified listings with pricing, capacity & photos. Book the perfect venue near Lal Darwaja on VenueConnect.","Best Farmhouses in Lal Darwaja, Ahmedabad",farmhouses in Lal Darwaja Ahmedabad,"farmhouses near Lal Darwaja, farmhouses Lal Darwaja Ahmedabad, affordable farmhouses near Lal Darwaja",Transactional (Hyper-local),High
Venue + City Area,"Party Plots in Lal Darwaja, Ahmedabad | VenueConnect",/ahmedabad/lal-darwaja/party-plots/,"Best Party Plots in Lal Darwaja, Ahmedabad | Compare Near You - VenueConnect","Looking for party plots in Lal Darwaja, Ahmedabad? Browse verified listings with pricing, capacity & photos. Book the perfect venue near Lal Darwaja on VenueConnect.","Best Party Plots in Lal Darwaja, Ahmedabad",party plots in Lal Darwaja Ahmedabad,"party plots near Lal Darwaja, party plots Lal Darwaja Ahmedabad, affordable party plots near Lal Darwaja",Transactional (Hyper-local),High
Venue + City Area,"Banquet Halls in Memnagar, Ahmedabad | VenueConnect",/ahmedabad/memnagar/banquet-halls/,"Best Banquet Halls in Memnagar, Ahmedabad | Compare Near You - VenueConnect","Looking for banquet halls in Memnagar, Ahmedabad? Browse verified listings with pricing, capacity & photos. Book the perfect venue near Memnagar on VenueConnect.","Best Banquet Halls in Memnagar, Ahmedabad",banquet halls in Memnagar Ahmedabad,"banquet halls near Memnagar, banquet halls Memnagar Ahmedabad, affordable banquet halls near Memnagar",Transactional (Hyper-local),High
Venue + City Area,"Farmhouses in Memnagar, Ahmedabad | VenueConnect",/ahmedabad/memnagar/farmhouses/,"Best Farmhouses in Memnagar, Ahmedabad | Compare Near You - VenueConnect","Looking for farmhouses in Memnagar, Ahmedabad? Browse verified listings with pricing, capacity & photos. Book the perfect venue near Memnagar on VenueConnect.","Best Farmhouses in Memnagar, Ahmedabad",farmhouses in Memnagar Ahmedabad,"farmhouses near Memnagar, farmhouses Memnagar Ahmedabad, affordable farmhouses near Memnagar",Transactional (Hyper-local),High
Venue + City Area,"Party Plots in Memnagar, Ahmedabad | VenueConnect",/ahmedabad/memnagar/party-plots/,"Best Party Plots in Memnagar, Ahmedabad | Compare Near You - VenueConnect","Looking for party plots in Memnagar, Ahmedabad? Browse verified listings with pricing, capacity & photos. Book the perfect venue near Memnagar on VenueConnect.","Best Party Plots in Memnagar, Ahmedabad",party plots in Memnagar Ahmedabad,"party plots near Memnagar, party plots Memnagar Ahmedabad, affordable party plots near Memnagar",Transactional (Hyper-local),High
Venue + City Area,"Banquet Halls in Naroda, Ahmedabad | VenueConnect",/ahmedabad/naroda/banquet-halls/,"Best Banquet Halls in Naroda, Ahmedabad | Compare Near You - VenueConnect","Looking for banquet halls in Naroda, Ahmedabad? Browse verified listings with pricing, capacity & photos. Book the perfect venue near Naroda on VenueConnect.","Best Banquet Halls in Naroda, Ahmedabad",banquet halls in Naroda Ahmedabad,"banquet halls near Naroda, banquet halls Naroda Ahmedabad, affordable banquet halls near Naroda",Transactional (Hyper-local),High
Venue + City Area,"Farmhouses in Naroda, Ahmedabad | VenueConnect",/ahmedabad/naroda/farmhouses/,"Best Farmhouses in Naroda, Ahmedabad | Compare Near You - VenueConnect","Looking for farmhouses in Naroda, Ahmedabad? Browse verified listings with pricing, capacity & photos. Book the perfect venue near Naroda on VenueConnect.","Best Farmhouses in Naroda, Ahmedabad",farmhouses in Naroda Ahmedabad,"farmhouses near Naroda, farmhouses Naroda Ahmedabad, affordable farmhouses near Naroda",Transactional (Hyper-local),High
Venue + City Area,"Party Plots in Naroda, Ahmedabad | VenueConnect",/ahmedabad/naroda/party-plots/,"Best Party Plots in Naroda, Ahmedabad | Compare Near You - VenueConnect","Looking for party plots in Naroda, Ahmedabad? Browse verified listings with pricing, capacity & photos. Book the perfect venue near Naroda on VenueConnect.","Best Party Plots in Naroda, Ahmedabad",party plots in Naroda Ahmedabad,"party plots near Naroda, party plots Naroda Ahmedabad, affordable party plots near Naroda",Transactional (Hyper-local),High
Venue + City Area,"Banquet Halls in Navarangpura, Ahmedabad | VenueConnect",/ahmedabad/navarangpura/banquet-halls/,"Best Banquet Halls in Navarangpura, Ahmedabad | Compare Near You - VenueConnect","Looking for banquet halls in Navarangpura, Ahmedabad? Browse verified listings with pricing, capacity & photos. Book the perfect venue near Navarangpura on VenueConnect.","Best Banquet Halls in Navarangpura, Ahmedabad",banquet halls in Navarangpura Ahmedabad,"banquet halls near Navarangpura, banquet halls Navarangpura Ahmedabad, affordable banquet halls near Navarangpura",Transactional (Hyper-local),High
Venue + City Area,"Farmhouses in Navarangpura, Ahmedabad | VenueConnect",/ahmedabad/navarangpura/farmhouses/,"Best Farmhouses in Navarangpura, Ahmedabad | Compare Near You - VenueConnect","Looking for farmhouses in Navarangpura, Ahmedabad? Browse verified listings with pricing, capacity & photos. Book the perfect venue near Navarangpura on VenueConnect.","Best Farmhouses in Navarangpura, Ahmedabad",farmhouses in Navarangpura Ahmedabad,"farmhouses near Navarangpura, farmhouses Navarangpura Ahmedabad, affordable farmhouses near Navarangpura",Transactional (Hyper-local),High
Venue + City Area,"Party Plots in Navarangpura, Ahmedabad | VenueConnect",/ahmedabad/navarangpura/party-plots/,"Best Party Plots in Navarangpura, Ahmedabad | Compare Near You - VenueConnect","Looking for party plots in Navarangpura, Ahmedabad? Browse verified listings with pricing, capacity & photos. Book the perfect venue near Navarangpura on VenueConnect.","Best Party Plots in Navarangpura, Ahmedabad",party plots in Navarangpura Ahmedabad,"party plots near Navarangpura, party plots Navarangpura Ahmedabad, affordable party plots near Navarangpura",Transactional (Hyper-local),High
Venue + City Area,"Banquet Halls in New Ranip, Ahmedabad | VenueConnect",/ahmedabad/new-ranip/banquet-halls/,"Best Banquet Halls in New Ranip, Ahmedabad | Compare Near You - VenueConnect","Looking for banquet halls in New Ranip, Ahmedabad? Browse verified listings with pricing, capacity & photos. Book the perfect venue near New Ranip on VenueConnect.","Best Banquet Halls in New Ranip, Ahmedabad",banquet halls in New Ranip Ahmedabad,"banquet halls near New Ranip, banquet halls New Ranip Ahmedabad, affordable banquet halls near New Ranip",Transactional (Hyper-local),High
Venue + City Area,"Farmhouses in New Ranip, Ahmedabad | VenueConnect",/ahmedabad/new-ranip/farmhouses/,"Best Farmhouses in New Ranip, Ahmedabad | Compare Near You - VenueConnect","Looking for farmhouses in New Ranip, Ahmedabad? Browse verified listings with pricing, capacity & photos. Book the perfect venue near New Ranip on VenueConnect.","Best Farmhouses in New Ranip, Ahmedabad",farmhouses in New Ranip Ahmedabad,"farmhouses near New Ranip, farmhouses New Ranip Ahmedabad, affordable farmhouses near New Ranip",Transactional (Hyper-local),High
Venue + City Area,"Party Plots in New Ranip, Ahmedabad | VenueConnect",/ahmedabad/new-ranip/party-plots/,"Best Party Plots in New Ranip, Ahmedabad | Compare Near You - VenueConnect","Looking for party plots in New Ranip, Ahmedabad? Browse verified listings with pricing, capacity & photos. Book the perfect venue near New Ranip on VenueConnect.","Best Party Plots in New Ranip, Ahmedabad",party plots in New Ranip Ahmedabad,"party plots near New Ranip, party plots New Ranip Ahmedabad, affordable party plots near New Ranip",Transactional (Hyper-local),High
Venue + City Area,"Banquet Halls in Odhav, Ahmedabad | VenueConnect",/ahmedabad/odhav/banquet-halls/,"Best Banquet Halls in Odhav, Ahmedabad | Compare Near You - VenueConnect","Looking for banquet halls in Odhav, Ahmedabad? Browse verified listings with pricing, capacity & photos. Book the perfect venue near Odhav on VenueConnect.","Best Banquet Halls in Odhav, Ahmedabad",banquet halls in Odhav Ahmedabad,"banquet halls near Odhav, banquet halls Odhav Ahmedabad, affordable banquet halls near Odhav",Transactional (Hyper-local),High
Venue + City Area,"Farmhouses in Odhav, Ahmedabad | VenueConnect",/ahmedabad/odhav/farmhouses/,"Best Farmhouses in Odhav, Ahmedabad | Compare Near You - VenueConnect","Looking for farmhouses in Odhav, Ahmedabad? Browse verified listings with pricing, capacity & photos. Book the perfect venue near Odhav on VenueConnect.","Best Farmhouses in Odhav, Ahmedabad",farmhouses in Odhav Ahmedabad,"farmhouses near Odhav, farmhouses Odhav Ahmedabad, affordable farmhouses near Odhav",Transactional (Hyper-local),High
Venue + City Area,"Party Plots in Odhav, Ahmedabad | VenueConnect",/ahmedabad/odhav/party-plots/,"Best Party Plots in Odhav, Ahmedabad | Compare Near You - VenueConnect","Looking for party plots in Odhav, Ahmedabad? Browse verified listings with pricing, capacity & photos. Book the perfect venue near Odhav on VenueConnect.","Best Party Plots in Odhav, Ahmedabad",party plots in Odhav Ahmedabad,"party plots near Odhav, party plots Odhav Ahmedabad, affordable party plots near Odhav",Transactional (Hyper-local),High
Venue + City Area,"Banquet Halls in Paldi, Ahmedabad | VenueConnect",/ahmedabad/paldi/banquet-halls/,"Best Banquet Halls in Paldi, Ahmedabad | Compare Near You - VenueConnect","Looking for banquet halls in Paldi, Ahmedabad? Browse verified listings with pricing, capacity & photos. Book the perfect venue near Paldi on VenueConnect.","Best Banquet Halls in Paldi, Ahmedabad",banquet halls in Paldi Ahmedabad,"banquet halls near Paldi, banquet halls Paldi Ahmedabad, affordable banquet halls near Paldi",Transactional (Hyper-local),High
Venue + City Area,"Farmhouses in Paldi, Ahmedabad | VenueConnect",/ahmedabad/paldi/farmhouses/,"Best Farmhouses in Paldi, Ahmedabad | Compare Near You - VenueConnect","Looking for farmhouses in Paldi, Ahmedabad? Browse verified listings with pricing, capacity & photos. Book the perfect venue near Paldi on VenueConnect.","Best Farmhouses in Paldi, Ahmedabad",farmhouses in Paldi Ahmedabad,"farmhouses near Paldi, farmhouses Paldi Ahmedabad, affordable farmhouses near Paldi",Transactional (Hyper-local),High
Venue + City Area,"Party Plots in Paldi, Ahmedabad | VenueConnect",/ahmedabad/paldi/party-plots/,"Best Party Plots in Paldi, Ahmedabad | Compare Near You - VenueConnect","Looking for party plots in Paldi, Ahmedabad? Browse verified listings with pricing, capacity & photos. Book the perfect venue near Paldi on VenueConnect.","Best Party Plots in Paldi, Ahmedabad",party plots in Paldi Ahmedabad,"party plots near Paldi, party plots Paldi Ahmedabad, affordable party plots near Paldi",Transactional (Hyper-local),High
Venue + City Area,"Banquet Halls in Rakhial, Ahmedabad | VenueConnect",/ahmedabad/rakhial/banquet-halls/,"Best Banquet Halls in Rakhial, Ahmedabad | Compare Near You - VenueConnect","Looking for banquet halls in Rakhial, Ahmedabad? Browse verified listings with pricing, capacity & photos. Book the perfect venue near Rakhial on VenueConnect.","Best Banquet Halls in Rakhial, Ahmedabad",banquet halls in Rakhial Ahmedabad,"banquet halls near Rakhial, banquet halls Rakhial Ahmedabad, affordable banquet halls near Rakhial",Transactional (Hyper-local),High
Venue + City Area,"Farmhouses in Rakhial, Ahmedabad | VenueConnect",/ahmedabad/rakhial/farmhouses/,"Best Farmhouses in Rakhial, Ahmedabad | Compare Near You - VenueConnect","Looking for farmhouses in Rakhial, Ahmedabad? Browse verified listings with pricing, capacity & photos. Book the perfect venue near Rakhial on VenueConnect.","Best Farmhouses in Rakhial, Ahmedabad",farmhouses in Rakhial Ahmedabad,"farmhouses near Rakhial, farmhouses Rakhial Ahmedabad, affordable farmhouses near Rakhial",Transactional (Hyper-local),High
Venue + City Area,"Party Plots in Rakhial, Ahmedabad | VenueConnect",/ahmedabad/rakhial/party-plots/,"Best Party Plots in Rakhial, Ahmedabad | Compare Near You - VenueConnect","Looking for party plots in Rakhial, Ahmedabad? Browse verified listings with pricing, capacity & photos. Book the perfect venue near Rakhial on VenueConnect.","Best Party Plots in Rakhial, Ahmedabad",party plots in Rakhial Ahmedabad,"party plots near Rakhial, party plots Rakhial Ahmedabad, affordable party plots near Rakhial",Transactional (Hyper-local),High
Venue + City Area,"Banquet Halls in Ranip, Ahmedabad | VenueConnect",/ahmedabad/ranip/banquet-halls/,"Best Banquet Halls in Ranip, Ahmedabad | Compare Near You - VenueConnect","Looking for banquet halls in Ranip, Ahmedabad? Browse verified listings with pricing, capacity & photos. Book the perfect venue near Ranip on VenueConnect.","Best Banquet Halls in Ranip, Ahmedabad",banquet halls in Ranip Ahmedabad,"banquet halls near Ranip, banquet halls Ranip Ahmedabad, affordable banquet halls near Ranip",Transactional (Hyper-local),High
Venue + City Area,"Farmhouses in Ranip, Ahmedabad | VenueConnect",/ahmedabad/ranip/farmhouses/,"Best Farmhouses in Ranip, Ahmedabad | Compare Near You - VenueConnect","Looking for farmhouses in Ranip, Ahmedabad? Browse verified listings with pricing, capacity & photos. Book the perfect venue near Ranip on VenueConnect.","Best Farmhouses in Ranip, Ahmedabad",farmhouses in Ranip Ahmedabad,"farmhouses near Ranip, farmhouses Ranip Ahmedabad, affordable farmhouses near Ranip",Transactional (Hyper-local),High
Venue + City Area,"Party Plots in Ranip, Ahmedabad | VenueConnect",/ahmedabad/ranip/party-plots/,"Best Party Plots in Ranip, Ahmedabad | Compare Near You - VenueConnect","Looking for party plots in Ranip, Ahmedabad? Browse verified listings with pricing, capacity & photos. Book the perfect venue near Ranip on VenueConnect.","Best Party Plots in Ranip, Ahmedabad",party plots in Ranip Ahmedabad,"party plots near Ranip, party plots Ranip Ahmedabad, affordable party plots near Ranip",Transactional (Hyper-local),High
Venue + City Area,"Banquet Halls in Sabarmati, Ahmedabad | VenueConnect",/ahmedabad/sabarmati/banquet-halls/,"Best Banquet Halls in Sabarmati, Ahmedabad | Compare Near You - VenueConnect","Looking for banquet halls in Sabarmati, Ahmedabad? Browse verified listings with pricing, capacity & photos. Book the perfect venue near Sabarmati on VenueConnect.","Best Banquet Halls in Sabarmati, Ahmedabad",banquet halls in Sabarmati Ahmedabad,"banquet halls near Sabarmati, banquet halls Sabarmati Ahmedabad, affordable banquet halls near Sabarmati",Transactional (Hyper-local),High
Venue + City Area,"Farmhouses in Sabarmati, Ahmedabad | VenueConnect",/ahmedabad/sabarmati/farmhouses/,"Best Farmhouses in Sabarmati, Ahmedabad | Compare Near You - VenueConnect","Looking for farmhouses in Sabarmati, Ahmedabad? Browse verified listings with pricing, capacity & photos. Book the perfect venue near Sabarmati on VenueConnect.","Best Farmhouses in Sabarmati, Ahmedabad",farmhouses in Sabarmati Ahmedabad,"farmhouses near Sabarmati, farmhouses Sabarmati Ahmedabad, affordable farmhouses near Sabarmati",Transactional (Hyper-local),High
Venue + City Area,"Party Plots in Sabarmati, Ahmedabad | VenueConnect",/ahmedabad/sabarmati/party-plots/,"Best Party Plots in Sabarmati, Ahmedabad | Compare Near You - VenueConnect","Looking for party plots in Sabarmati, Ahmedabad? Browse verified listings with pricing, capacity & photos. Book the perfect venue near Sabarmati on VenueConnect.","Best Party Plots in Sabarmati, Ahmedabad",party plots in Sabarmati Ahmedabad,"party plots near Sabarmati, party plots Sabarmati Ahmedabad, affordable party plots near Sabarmati",Transactional (Hyper-local),High
Venue + City Area,"Banquet Halls in Shahibaug, Ahmedabad | VenueConnect",/ahmedabad/shahibaug/banquet-halls/,"Best Banquet Halls in Shahibaug, Ahmedabad | Compare Near You - VenueConnect","Looking for banquet halls in Shahibaug, Ahmedabad? Browse verified listings with pricing, capacity & photos. Book the perfect venue near Shahibaug on VenueConnect.","Best Banquet Halls in Shahibaug, Ahmedabad",banquet halls in Shahibaug Ahmedabad,"banquet halls near Shahibaug, banquet halls Shahibaug Ahmedabad, affordable banquet halls near Shahibaug",Transactional (Hyper-local),High
Venue + City Area,"Farmhouses in Shahibaug, Ahmedabad | VenueConnect",/ahmedabad/shahibaug/farmhouses/,"Best Farmhouses in Shahibaug, Ahmedabad | Compare Near You - VenueConnect","Looking for farmhouses in Shahibaug, Ahmedabad? Browse verified listings with pricing, capacity & photos. Book the perfect venue near Shahibaug on VenueConnect.","Best Farmhouses in Shahibaug, Ahmedabad",farmhouses in Shahibaug Ahmedabad,"farmhouses near Shahibaug, farmhouses Shahibaug Ahmedabad, affordable farmhouses near Shahibaug",Transactional (Hyper-local),High
Venue + City Area,"Party Plots in Shahibaug, Ahmedabad | VenueConnect",/ahmedabad/shahibaug/party-plots/,"Best Party Plots in Shahibaug, Ahmedabad | Compare Near You - VenueConnect","Looking for party plots in Shahibaug, Ahmedabad? Browse verified listings with pricing, capacity & photos. Book the perfect venue near Shahibaug on VenueConnect.","Best Party Plots in Shahibaug, Ahmedabad",party plots in Shahibaug Ahmedabad,"party plots near Shahibaug, party plots Shahibaug Ahmedabad, affordable party plots near Shahibaug",Transactional (Hyper-local),High
Venue + City Area,"Banquet Halls in Shilaj, Ahmedabad | VenueConnect",/ahmedabad/shilaj/banquet-halls/,"Best Banquet Halls in Shilaj, Ahmedabad | Compare Near You - VenueConnect","Looking for banquet halls in Shilaj, Ahmedabad? Browse verified listings with pricing, capacity & photos. Book the perfect venue near Shilaj on VenueConnect.","Best Banquet Halls in Shilaj, Ahmedabad",banquet halls in Shilaj Ahmedabad,"banquet halls near Shilaj, banquet halls Shilaj Ahmedabad, affordable banquet halls near Shilaj",Transactional (Hyper-local),High
Venue + City Area,"Farmhouses in Shilaj, Ahmedabad | VenueConnect",/ahmedabad/shilaj/farmhouses/,"Best Farmhouses in Shilaj, Ahmedabad | Compare Near You - VenueConnect","Looking for farmhouses in Shilaj, Ahmedabad? Browse verified listings with pricing, capacity & photos. Book the perfect venue near Shilaj on VenueConnect.","Best Farmhouses in Shilaj, Ahmedabad",farmhouses in Shilaj Ahmedabad,"farmhouses near Shilaj, farmhouses Shilaj Ahmedabad, affordable farmhouses near Shilaj",Transactional (Hyper-local),High
Venue + City Area,"Party Plots in Shilaj, Ahmedabad | VenueConnect",/ahmedabad/shilaj/party-plots/,"Best Party Plots in Shilaj, Ahmedabad | Compare Near You - VenueConnect","Looking for party plots in Shilaj, Ahmedabad? Browse verified listings with pricing, capacity & photos. Book the perfect venue near Shilaj on VenueConnect.","Best Party Plots in Shilaj, Ahmedabad",party plots in Shilaj Ahmedabad,"party plots near Shilaj, party plots Shilaj Ahmedabad, affordable party plots near Shilaj",Transactional (Hyper-local),High
Venue + City Area,"Banquet Halls in South Bopal, Ahmedabad | VenueConnect",/ahmedabad/south-bopal/banquet-halls/,"Best Banquet Halls in South Bopal, Ahmedabad | Compare Near You - VenueConnect","Looking for banquet halls in South Bopal, Ahmedabad? Browse verified listings with pricing, capacity & photos. Book the perfect venue near South Bopal on VenueConnect.","Best Banquet Halls in South Bopal, Ahmedabad",banquet halls in South Bopal Ahmedabad,"banquet halls near South Bopal, banquet halls South Bopal Ahmedabad, affordable banquet halls near South Bopal",Transactional (Hyper-local),High
Venue + City Area,"Farmhouses in South Bopal, Ahmedabad | VenueConnect",/ahmedabad/south-bopal/farmhouses/,"Best Farmhouses in South Bopal, Ahmedabad | Compare Near You - VenueConnect","Looking for farmhouses in South Bopal, Ahmedabad? Browse verified listings with pricing, capacity & photos. Book the perfect venue near South Bopal on VenueConnect.","Best Farmhouses in South Bopal, Ahmedabad",farmhouses in South Bopal Ahmedabad,"farmhouses near South Bopal, farmhouses South Bopal Ahmedabad, affordable farmhouses near South Bopal",Transactional (Hyper-local),High
Venue + City Area,"Party Plots in South Bopal, Ahmedabad | VenueConnect",/ahmedabad/south-bopal/party-plots/,"Best Party Plots in South Bopal, Ahmedabad | Compare Near You - VenueConnect","Looking for party plots in South Bopal, Ahmedabad? Browse verified listings with pricing, capacity & photos. Book the perfect venue near South Bopal on VenueConnect.","Best Party Plots in South Bopal, Ahmedabad",party plots in South Bopal Ahmedabad,"party plots near South Bopal, party plots South Bopal Ahmedabad, affordable party plots near South Bopal",Transactional (Hyper-local),High
Venue + City Area,"Banquet Halls in Thaltej Cross Road, Ahmedabad | VenueConnect",/ahmedabad/thaltej-cross-road/banquet-halls/,"Best Banquet Halls in Thaltej Cross Road, Ahmedabad | Compare Near You - VenueConnect","Looking for banquet halls in Thaltej Cross Road, Ahmedabad? Browse verified listings with pricing, capacity & photos. Book the perfect venue near Thaltej Cross Road on VenueConnect.","Best Banquet Halls in Thaltej Cross Road, Ahmedabad",banquet halls in Thaltej Cross Road Ahmedabad,"banquet halls near Thaltej Cross Road, banquet halls Thaltej Cross Road Ahmedabad, affordable banquet halls near Thaltej Cross Road",Transactional (Hyper-local),High
Venue + City Area,"Farmhouses in Thaltej Cross Road, Ahmedabad | VenueConnect",/ahmedabad/thaltej-cross-road/farmhouses/,"Best Farmhouses in Thaltej Cross Road, Ahmedabad | Compare Near You - VenueConnect","Looking for farmhouses in Thaltej Cross Road, Ahmedabad? Browse verified listings with pricing, capacity & photos. Book the perfect venue near Thaltej Cross Road on VenueConnect.","Best Farmhouses in Thaltej Cross Road, Ahmedabad",farmhouses in Thaltej Cross Road Ahmedabad,"farmhouses near Thaltej Cross Road, farmhouses Thaltej Cross Road Ahmedabad, affordable farmhouses near Thaltej Cross Road",Transactional (Hyper-local),High
Venue + City Area,"Party Plots in Thaltej Cross Road, Ahmedabad | VenueConnect",/ahmedabad/thaltej-cross-road/party-plots/,"Best Party Plots in Thaltej Cross Road, Ahmedabad | Compare Near You - VenueConnect","Looking for party plots in Thaltej Cross Road, Ahmedabad? Browse verified listings with pricing, capacity & photos. Book the perfect venue near Thaltej Cross Road on VenueConnect.","Best Party Plots in Thaltej Cross Road, Ahmedabad",party plots in Thaltej Cross Road Ahmedabad,"party plots near Thaltej Cross Road, party plots Thaltej Cross Road Ahmedabad, affordable party plots near Thaltej Cross Road",Transactional (Hyper-local),High
Venue + City Area,"Banquet Halls in Tragad, Ahmedabad | VenueConnect",/ahmedabad/tragad/banquet-halls/,"Best Banquet Halls in Tragad, Ahmedabad | Compare Near You - VenueConnect","Looking for banquet halls in Tragad, Ahmedabad? Browse verified listings with pricing, capacity & photos. Book the perfect venue near Tragad on VenueConnect.","Best Banquet Halls in Tragad, Ahmedabad",banquet halls in Tragad Ahmedabad,"banquet halls near Tragad, banquet halls Tragad Ahmedabad, affordable banquet halls near Tragad",Transactional (Hyper-local),High
Venue + City Area,"Farmhouses in Tragad, Ahmedabad | VenueConnect",/ahmedabad/tragad/farmhouses/,"Best Farmhouses in Tragad, Ahmedabad | Compare Near You - VenueConnect","Looking for farmhouses in Tragad, Ahmedabad? Browse verified listings with pricing, capacity & photos. Book the perfect venue near Tragad on VenueConnect.","Best Farmhouses in Tragad, Ahmedabad",farmhouses in Tragad Ahmedabad,"farmhouses near Tragad, farmhouses Tragad Ahmedabad, affordable farmhouses near Tragad",Transactional (Hyper-local),High
Venue + City Area,"Party Plots in Tragad, Ahmedabad | VenueConnect",/ahmedabad/tragad/party-plots/,"Best Party Plots in Tragad, Ahmedabad | Compare Near You - VenueConnect","Looking for party plots in Tragad, Ahmedabad? Browse verified listings with pricing, capacity & photos. Book the perfect venue near Tragad on VenueConnect.","Best Party Plots in Tragad, Ahmedabad",party plots in Tragad Ahmedabad,"party plots near Tragad, party plots Tragad Ahmedabad, affordable party plots near Tragad",Transactional (Hyper-local),High
Venue + City Area,"Banquet Halls in Vatva, Ahmedabad | VenueConnect",/ahmedabad/vatva/banquet-halls/,"Best Banquet Halls in Vatva, Ahmedabad | Compare Near You - VenueConnect","Looking for banquet halls in Vatva, Ahmedabad? Browse verified listings with pricing, capacity & photos. Book the perfect venue near Vatva on VenueConnect.","Best Banquet Halls in Vatva, Ahmedabad",banquet halls in Vatva Ahmedabad,"banquet halls near Vatva, banquet halls Vatva Ahmedabad, affordable banquet halls near Vatva",Transactional (Hyper-local),High
Venue + City Area,"Farmhouses in Vatva, Ahmedabad | VenueConnect",/ahmedabad/vatva/farmhouses/,"Best Farmhouses in Vatva, Ahmedabad | Compare Near You - VenueConnect","Looking for farmhouses in Vatva, Ahmedabad? Browse verified listings with pricing, capacity & photos. Book the perfect venue near Vatva on VenueConnect.","Best Farmhouses in Vatva, Ahmedabad",farmhouses in Vatva Ahmedabad,"farmhouses near Vatva, farmhouses Vatva Ahmedabad, affordable farmhouses near Vatva",Transactional (Hyper-local),High
Venue + City Area,"Party Plots in Vatva, Ahmedabad | VenueConnect",/ahmedabad/vatva/party-plots/,"Best Party Plots in Vatva, Ahmedabad | Compare Near You - VenueConnect","Looking for party plots in Vatva, Ahmedabad? Browse verified listings with pricing, capacity & photos. Book the perfect venue near Vatva on VenueConnect.","Best Party Plots in Vatva, Ahmedabad",party plots in Vatva Ahmedabad,"party plots near Vatva, party plots Vatva Ahmedabad, affordable party plots near Vatva",Transactional (Hyper-local),High
Venue + City Area,"Banquet Halls in Vejalpur, Ahmedabad | VenueConnect",/ahmedabad/vejalpur/banquet-halls/,"Best Banquet Halls in Vejalpur, Ahmedabad | Compare Near You - VenueConnect","Looking for banquet halls in Vejalpur, Ahmedabad? Browse verified listings with pricing, capacity & photos. Book the perfect venue near Vejalpur on VenueConnect.","Best Banquet Halls in Vejalpur, Ahmedabad",banquet halls in Vejalpur Ahmedabad,"banquet halls near Vejalpur, banquet halls Vejalpur Ahmedabad, affordable banquet halls near Vejalpur",Transactional (Hyper-local),High
Venue + City Area,"Farmhouses in Vejalpur, Ahmedabad | VenueConnect",/ahmedabad/vejalpur/farmhouses/,"Best Farmhouses in Vejalpur, Ahmedabad | Compare Near You - VenueConnect","Looking for farmhouses in Vejalpur, Ahmedabad? Browse verified listings with pricing, capacity & photos. Book the perfect venue near Vejalpur on VenueConnect.","Best Farmhouses in Vejalpur, Ahmedabad",farmhouses in Vejalpur Ahmedabad,"farmhouses near Vejalpur, farmhouses Vejalpur Ahmedabad, affordable farmhouses near Vejalpur",Transactional (Hyper-local),High
Venue + City Area,"Party Plots in Vejalpur, Ahmedabad | VenueConnect",/ahmedabad/vejalpur/party-plots/,"Best Party Plots in Vejalpur, Ahmedabad | Compare Near You - VenueConnect","Looking for party plots in Vejalpur, Ahmedabad? Browse verified listings with pricing, capacity & photos. Book the perfect venue near Vejalpur on VenueConnect.","Best Party Plots in Vejalpur, Ahmedabad",party plots in Vejalpur Ahmedabad,"party plots near Vejalpur, party plots Vejalpur Ahmedabad, affordable party plots near Vejalpur",Transactional (Hyper-local),High
Venue + City Area,"Banquet Halls in Visat, Ahmedabad | VenueConnect",/ahmedabad/visat/banquet-halls/,"Best Banquet Halls in Visat, Ahmedabad | Compare Near You - VenueConnect","Looking for banquet halls in Visat, Ahmedabad? Browse verified listings with pricing, capacity & photos. Book the perfect venue near Visat on VenueConnect.","Best Banquet Halls in Visat, Ahmedabad",banquet halls in Visat Ahmedabad,"banquet halls near Visat, banquet halls Visat Ahmedabad, affordable banquet halls near Visat",Transactional (Hyper-local),High
Venue + City Area,"Farmhouses in Visat, Ahmedabad | VenueConnect",/ahmedabad/visat/farmhouses/,"Best Farmhouses in Visat, Ahmedabad | Compare Near You - VenueConnect","Looking for farmhouses in Visat, Ahmedabad? Browse verified listings with pricing, capacity & photos. Book the perfect venue near Visat on VenueConnect.","Best Farmhouses in Visat, Ahmedabad",farmhouses in Visat Ahmedabad,"farmhouses near Visat, farmhouses Visat Ahmedabad, affordable farmhouses near Visat",Transactional (Hyper-local),High
Venue + City Area,"Party Plots in Visat, Ahmedabad | VenueConnect",/ahmedabad/visat/party-plots/,"Best Party Plots in Visat, Ahmedabad | Compare Near You - VenueConnect","Looking for party plots in Visat, Ahmedabad? Browse verified listings with pricing, capacity & photos. Book the perfect venue near Visat on VenueConnect.","Best Party Plots in Visat, Ahmedabad",party plots in Visat Ahmedabad,"party plots near Visat, party plots Visat Ahmedabad, affordable party plots near Visat",Transactional (Hyper-local),High
Venue + City Area,"Banquet Halls in Zundal, Ahmedabad | VenueConnect",/ahmedabad/zundal/banquet-halls/,"Best Banquet Halls in Zundal, Ahmedabad | Compare Near You - VenueConnect","Looking for banquet halls in Zundal, Ahmedabad? Browse verified listings with pricing, capacity & photos. Book the perfect venue near Zundal on VenueConnect.","Best Banquet Halls in Zundal, Ahmedabad",banquet halls in Zundal Ahmedabad,"banquet halls near Zundal, banquet halls Zundal Ahmedabad, affordable banquet halls near Zundal",Transactional (Hyper-local),High
Venue + City Area,"Farmhouses in Zundal, Ahmedabad | VenueConnect",/ahmedabad/zundal/farmhouses/,"Best Farmhouses in Zundal, Ahmedabad | Compare Near You - VenueConnect","Looking for farmhouses in Zundal, Ahmedabad? Browse verified listings with pricing, capacity & photos. Book the perfect venue near Zundal on VenueConnect.","Best Farmhouses in Zundal, Ahmedabad",farmhouses in Zundal Ahmedabad,"farmhouses near Zundal, farmhouses Zundal Ahmedabad, affordable farmhouses near Zundal",Transactional (Hyper-local),High
Venue + City Area,"Party Plots in Zundal, Ahmedabad | VenueConnect",/ahmedabad/zundal/party-plots/,"Best Party Plots in Zundal, Ahmedabad | Compare Near You - VenueConnect","Looking for party plots in Zundal, Ahmedabad? Browse verified listings with pricing, capacity & photos. Book the perfect venue near Zundal on VenueConnect.","Best Party Plots in Zundal, Ahmedabad",party plots in Zundal Ahmedabad,"party plots near Zundal, party plots Zundal Ahmedabad, affordable party plots near Zundal",Transactional (Hyper-local),High
Venue + City Area,"Banquet Halls in Bapunagar, Ahmedabad | VenueConnect",/ahmedabad/bapunagar/banquet-halls/,"Best Banquet Halls in Bapunagar, Ahmedabad | Compare Near You - VenueConnect","Looking for banquet halls in Bapunagar, Ahmedabad? Browse verified listings with pricing, capacity & photos. Book the perfect venue near Bapunagar on VenueConnect.","Best Banquet Halls in Bapunagar, Ahmedabad",banquet halls in Bapunagar Ahmedabad,"banquet halls near Bapunagar, banquet halls Bapunagar Ahmedabad, affordable banquet halls near Bapunagar",Transactional (Hyper-local),High
Venue + City Area,"Farmhouses in Bapunagar, Ahmedabad | VenueConnect",/ahmedabad/bapunagar/farmhouses/,"Best Farmhouses in Bapunagar, Ahmedabad | Compare Near You - VenueConnect","Looking for farmhouses in Bapunagar, Ahmedabad? Browse verified listings with pricing, capacity & photos. Book the perfect venue near Bapunagar on VenueConnect.","Best Farmhouses in Bapunagar, Ahmedabad",farmhouses in Bapunagar Ahmedabad,"farmhouses near Bapunagar, farmhouses Bapunagar Ahmedabad, affordable farmhouses near Bapunagar",Transactional (Hyper-local),High
Venue + City Area,"Party Plots in Bapunagar, Ahmedabad | VenueConnect",/ahmedabad/bapunagar/party-plots/,"Best Party Plots in Bapunagar, Ahmedabad | Compare Near You - VenueConnect","Looking for party plots in Bapunagar, Ahmedabad? Browse verified listings with pricing, capacity & photos. Book the perfect venue near Bapunagar on VenueConnect.","Best Party Plots in Bapunagar, Ahmedabad",party plots in Bapunagar Ahmedabad,"party plots near Bapunagar, party plots Bapunagar Ahmedabad, affordable party plots near Bapunagar",Transactional (Hyper-local),High
Venue + City Area,"Banquet Halls in Gomtipur, Ahmedabad | VenueConnect",/ahmedabad/gomtipur/banquet-halls/,"Best Banquet Halls in Gomtipur, Ahmedabad | Compare Near You - VenueConnect","Looking for banquet halls in Gomtipur, Ahmedabad? Browse verified listings with pricing, capacity & photos. Book the perfect venue near Gomtipur on VenueConnect.","Best Banquet Halls in Gomtipur, Ahmedabad",banquet halls in Gomtipur Ahmedabad,"banquet halls near Gomtipur, banquet halls Gomtipur Ahmedabad, affordable banquet halls near Gomtipur",Transactional (Hyper-local),High
Venue + City Area,"Farmhouses in Gomtipur, Ahmedabad | VenueConnect",/ahmedabad/gomtipur/farmhouses/,"Best Farmhouses in Gomtipur, Ahmedabad | Compare Near You - VenueConnect","Looking for farmhouses in Gomtipur, Ahmedabad? Browse verified listings with pricing, capacity & photos. Book the perfect venue near Gomtipur on VenueConnect.","Best Farmhouses in Gomtipur, Ahmedabad",farmhouses in Gomtipur Ahmedabad,"farmhouses near Gomtipur, farmhouses Gomtipur Ahmedabad, affordable farmhouses near Gomtipur",Transactional (Hyper-local),High
Venue + City Area,"Party Plots in Gomtipur, Ahmedabad | VenueConnect",/ahmedabad/gomtipur/party-plots/,"Best Party Plots in Gomtipur, Ahmedabad | Compare Near You - VenueConnect","Looking for party plots in Gomtipur, Ahmedabad? Browse verified listings with pricing, capacity & photos. Book the perfect venue near Gomtipur on VenueConnect.","Best Party Plots in Gomtipur, Ahmedabad",party plots in Gomtipur Ahmedabad,"party plots near Gomtipur, party plots Gomtipur Ahmedabad, affordable party plots near Gomtipur",Transactional (Hyper-local),High
Venue + City Area,"Banquet Halls in Hathijan, Ahmedabad | VenueConnect",/ahmedabad/hathijan/banquet-halls/,"Best Banquet Halls in Hathijan, Ahmedabad | Compare Near You - VenueConnect","Looking for banquet halls in Hathijan, Ahmedabad? Browse verified listings with pricing, capacity & photos. Book the perfect venue near Hathijan on VenueConnect.","Best Banquet Halls in Hathijan, Ahmedabad",banquet halls in Hathijan Ahmedabad,"banquet halls near Hathijan, banquet halls Hathijan Ahmedabad, affordable banquet halls near Hathijan",Transactional (Hyper-local),High
Venue + City Area,"Farmhouses in Hathijan, Ahmedabad | VenueConnect",/ahmedabad/hathijan/farmhouses/,"Best Farmhouses in Hathijan, Ahmedabad | Compare Near You - VenueConnect","Looking for farmhouses in Hathijan, Ahmedabad? Browse verified listings with pricing, capacity & photos. Book the perfect venue near Hathijan on VenueConnect.","Best Farmhouses in Hathijan, Ahmedabad",farmhouses in Hathijan Ahmedabad,"farmhouses near Hathijan, farmhouses Hathijan Ahmedabad, affordable farmhouses near Hathijan",Transactional (Hyper-local),High
Venue + City Area,"Party Plots in Hathijan, Ahmedabad | VenueConnect",/ahmedabad/hathijan/party-plots/,"Best Party Plots in Hathijan, Ahmedabad | Compare Near You - VenueConnect","Looking for party plots in Hathijan, Ahmedabad? Browse verified listings with pricing, capacity & photos. Book the perfect venue near Hathijan on VenueConnect.","Best Party Plots in Hathijan, Ahmedabad",party plots in Hathijan Ahmedabad,"party plots near Hathijan, party plots Hathijan Ahmedabad, affordable party plots near Hathijan",Transactional (Hyper-local),High
Venue + City Area,"Banquet Halls in Isanpur, Ahmedabad | VenueConnect",/ahmedabad/isanpur/banquet-halls/,"Best Banquet Halls in Isanpur, Ahmedabad | Compare Near You - VenueConnect","Looking for banquet halls in Isanpur, Ahmedabad? Browse verified listings with pricing, capacity & photos. Book the perfect venue near Isanpur on VenueConnect.","Best Banquet Halls in Isanpur, Ahmedabad",banquet halls in Isanpur Ahmedabad,"banquet halls near Isanpur, banquet halls Isanpur Ahmedabad, affordable banquet halls near Isanpur",Transactional (Hyper-local),High
Venue + City Area,"Farmhouses in Isanpur, Ahmedabad | VenueConnect",/ahmedabad/isanpur/farmhouses/,"Best Farmhouses in Isanpur, Ahmedabad | Compare Near You - VenueConnect","Looking for farmhouses in Isanpur, Ahmedabad? Browse verified listings with pricing, capacity & photos. Book the perfect venue near Isanpur on VenueConnect.","Best Farmhouses in Isanpur, Ahmedabad",farmhouses in Isanpur Ahmedabad,"farmhouses near Isanpur, farmhouses Isanpur Ahmedabad, affordable farmhouses near Isanpur",Transactional (Hyper-local),High
Venue + City Area,"Party Plots in Isanpur, Ahmedabad | VenueConnect",/ahmedabad/isanpur/party-plots/,"Best Party Plots in Isanpur, Ahmedabad | Compare Near You - VenueConnect","Looking for party plots in Isanpur, Ahmedabad? Browse verified listings with pricing, capacity & photos. Book the perfect venue near Isanpur on VenueConnect.","Best Party Plots in Isanpur, Ahmedabad",party plots in Isanpur Ahmedabad,"party plots near Isanpur, party plots Isanpur Ahmedabad, affordable party plots near Isanpur",Transactional (Hyper-local),High
Venue + City Area,"Banquet Halls in Jagatpur, Ahmedabad | VenueConnect",/ahmedabad/jagatpur/banquet-halls/,"Best Banquet Halls in Jagatpur, Ahmedabad | Compare Near You - VenueConnect","Looking for banquet halls in Jagatpur, Ahmedabad? Browse verified listings with pricing, capacity & photos. Book the perfect venue near Jagatpur on VenueConnect.","Best Banquet Halls in Jagatpur, Ahmedabad",banquet halls in Jagatpur Ahmedabad,"banquet halls near Jagatpur, banquet halls Jagatpur Ahmedabad, affordable banquet halls near Jagatpur",Transactional (Hyper-local),High
Venue + City Area,"Farmhouses in Jagatpur, Ahmedabad | VenueConnect",/ahmedabad/jagatpur/farmhouses/,"Best Farmhouses in Jagatpur, Ahmedabad | Compare Near You - VenueConnect","Looking for farmhouses in Jagatpur, Ahmedabad? Browse verified listings with pricing, capacity & photos. Book the perfect venue near Jagatpur on VenueConnect.","Best Farmhouses in Jagatpur, Ahmedabad",farmhouses in Jagatpur Ahmedabad,"farmhouses near Jagatpur, farmhouses Jagatpur Ahmedabad, affordable farmhouses near Jagatpur",Transactional (Hyper-local),High
Venue + City Area,"Party Plots in Jagatpur, Ahmedabad | VenueConnect",/ahmedabad/jagatpur/party-plots/,"Best Party Plots in Jagatpur, Ahmedabad | Compare Near You - VenueConnect","Looking for party plots in Jagatpur, Ahmedabad? Browse verified listings with pricing, capacity & photos. Book the perfect venue near Jagatpur on VenueConnect.","Best Party Plots in Jagatpur, Ahmedabad",party plots in Jagatpur Ahmedabad,"party plots near Jagatpur, party plots Jagatpur Ahmedabad, affordable party plots near Jagatpur",Transactional (Hyper-local),High
Venue + City Area,"Banquet Halls in Kathwada, Ahmedabad | VenueConnect",/ahmedabad/kathwada/banquet-halls/,"Best Banquet Halls in Kathwada, Ahmedabad | Compare Near You - VenueConnect","Looking for banquet halls in Kathwada, Ahmedabad? Browse verified listings with pricing, capacity & photos. Book the perfect venue near Kathwada on VenueConnect.","Best Banquet Halls in Kathwada, Ahmedabad",banquet halls in Kathwada Ahmedabad,"banquet halls near Kathwada, banquet halls Kathwada Ahmedabad, affordable banquet halls near Kathwada",Transactional (Hyper-local),High
Venue + City Area,"Farmhouses in Kathwada, Ahmedabad | VenueConnect",/ahmedabad/kathwada/farmhouses/,"Best Farmhouses in Kathwada, Ahmedabad | Compare Near You - VenueConnect","Looking for farmhouses in Kathwada, Ahmedabad? Browse verified listings with pricing, capacity & photos. Book the perfect venue near Kathwada on VenueConnect.","Best Farmhouses in Kathwada, Ahmedabad",farmhouses in Kathwada Ahmedabad,"farmhouses near Kathwada, farmhouses Kathwada Ahmedabad, affordable farmhouses near Kathwada",Transactional (Hyper-local),High
Venue + City Area,"Party Plots in Kathwada, Ahmedabad | VenueConnect",/ahmedabad/kathwada/party-plots/,"Best Party Plots in Kathwada, Ahmedabad | Compare Near You - VenueConnect","Looking for party plots in Kathwada, Ahmedabad? Browse verified listings with pricing, capacity & photos. Book the perfect venue near Kathwada on VenueConnect.","Best Party Plots in Kathwada, Ahmedabad",party plots in Kathwada Ahmedabad,"party plots near Kathwada, party plots Kathwada Ahmedabad, affordable party plots near Kathwada",Transactional (Hyper-local),High
Venue + City Area,"Banquet Halls in Khokhara, Ahmedabad | VenueConnect",/ahmedabad/khokhara/banquet-halls/,"Best Banquet Halls in Khokhara, Ahmedabad | Compare Near You - VenueConnect","Looking for banquet halls in Khokhara, Ahmedabad? Browse verified listings with pricing, capacity & photos. Book the perfect venue near Khokhara on VenueConnect.","Best Banquet Halls in Khokhara, Ahmedabad",banquet halls in Khokhara Ahmedabad,"banquet halls near Khokhara, banquet halls Khokhara Ahmedabad, affordable banquet halls near Khokhara",Transactional (Hyper-local),High
Venue + City Area,"Farmhouses in Khokhara, Ahmedabad | VenueConnect",/ahmedabad/khokhara/farmhouses/,"Best Farmhouses in Khokhara, Ahmedabad | Compare Near You - VenueConnect","Looking for farmhouses in Khokhara, Ahmedabad? Browse verified listings with pricing, capacity & photos. Book the perfect venue near Khokhara on VenueConnect.","Best Farmhouses in Khokhara, Ahmedabad",farmhouses in Khokhara Ahmedabad,"farmhouses near Khokhara, farmhouses Khokhara Ahmedabad, affordable farmhouses near Khokhara",Transactional (Hyper-local),High
Venue + City Area,"Party Plots in Khokhara, Ahmedabad | VenueConnect",/ahmedabad/khokhara/party-plots/,"Best Party Plots in Khokhara, Ahmedabad | Compare Near You - VenueConnect","Looking for party plots in Khokhara, Ahmedabad? Browse verified listings with pricing, capacity & photos. Book the perfect venue near Khokhara on VenueConnect.","Best Party Plots in Khokhara, Ahmedabad",party plots in Khokhara Ahmedabad,"party plots near Khokhara, party plots Khokhara Ahmedabad, affordable party plots near Khokhara",Transactional (Hyper-local),High
Venue + City Area,"Banquet Halls in Lambha, Ahmedabad | VenueConnect",/ahmedabad/lambha/banquet-halls/,"Best Banquet Halls in Lambha, Ahmedabad | Compare Near You - VenueConnect","Looking for banquet halls in Lambha, Ahmedabad? Browse verified listings with pricing, capacity & photos. Book the perfect venue near Lambha on VenueConnect.","Best Banquet Halls in Lambha, Ahmedabad",banquet halls in Lambha Ahmedabad,"banquet halls near Lambha, banquet halls Lambha Ahmedabad, affordable banquet halls near Lambha",Transactional (Hyper-local),High
Venue + City Area,"Farmhouses in Lambha, Ahmedabad | VenueConnect",/ahmedabad/lambha/farmhouses/,"Best Farmhouses in Lambha, Ahmedabad | Compare Near You - VenueConnect","Looking for farmhouses in Lambha, Ahmedabad? Browse verified listings with pricing, capacity & photos. Book the perfect venue near Lambha on VenueConnect.","Best Farmhouses in Lambha, Ahmedabad",farmhouses in Lambha Ahmedabad,"farmhouses near Lambha, farmhouses Lambha Ahmedabad, affordable farmhouses near Lambha",Transactional (Hyper-local),High
Venue + City Area,"Party Plots in Lambha, Ahmedabad | VenueConnect",/ahmedabad/lambha/party-plots/,"Best Party Plots in Lambha, Ahmedabad | Compare Near You - VenueConnect","Looking for party plots in Lambha, Ahmedabad? Browse verified listings with pricing, capacity & photos. Book the perfect venue near Lambha on VenueConnect.","Best Party Plots in Lambha, Ahmedabad",party plots in Lambha Ahmedabad,"party plots near Lambha, party plots Lambha Ahmedabad, affordable party plots near Lambha",Transactional (Hyper-local),High
Venue + City Area,"Banquet Halls in Meghaninagar, Ahmedabad | VenueConnect",/ahmedabad/meghaninagar/banquet-halls/,"Best Banquet Halls in Meghaninagar, Ahmedabad | Compare Near You - VenueConnect","Looking for banquet halls in Meghaninagar, Ahmedabad? Browse verified listings with pricing, capacity & photos. Book the perfect venue near Meghaninagar on VenueConnect.","Best Banquet Halls in Meghaninagar, Ahmedabad",banquet halls in Meghaninagar Ahmedabad,"banquet halls near Meghaninagar, banquet halls Meghaninagar Ahmedabad, affordable banquet halls near Meghaninagar",Transactional (Hyper-local),High
Venue + City Area,"Farmhouses in Meghaninagar, Ahmedabad | VenueConnect",/ahmedabad/meghaninagar/farmhouses/,"Best Farmhouses in Meghaninagar, Ahmedabad | Compare Near You - VenueConnect","Looking for farmhouses in Meghaninagar, Ahmedabad? Browse verified listings with pricing, capacity & photos. Book the perfect venue near Meghaninagar on VenueConnect.","Best Farmhouses in Meghaninagar, Ahmedabad",farmhouses in Meghaninagar Ahmedabad,"farmhouses near Meghaninagar, farmhouses Meghaninagar Ahmedabad, affordable farmhouses near Meghaninagar",Transactional (Hyper-local),High
Venue + City Area,"Party Plots in Meghaninagar, Ahmedabad | VenueConnect",/ahmedabad/meghaninagar/party-plots/,"Best Party Plots in Meghaninagar, Ahmedabad | Compare Near You - VenueConnect","Looking for party plots in Meghaninagar, Ahmedabad? Browse verified listings with pricing, capacity & photos. Book the perfect venue near Meghaninagar on VenueConnect.","Best Party Plots in Meghaninagar, Ahmedabad",party plots in Meghaninagar Ahmedabad,"party plots near Meghaninagar, party plots Meghaninagar Ahmedabad, affordable party plots near Meghaninagar",Transactional (Hyper-local),High
Venue + City Area,"Banquet Halls in Narol, Ahmedabad | VenueConnect",/ahmedabad/narol/banquet-halls/,"Best Banquet Halls in Narol, Ahmedabad | Compare Near You - VenueConnect","Looking for banquet halls in Narol, Ahmedabad? Browse verified listings with pricing, capacity & photos. Book the perfect venue near Narol on VenueConnect.","Best Banquet Halls in Narol, Ahmedabad",banquet halls in Narol Ahmedabad,"banquet halls near Narol, banquet halls Narol Ahmedabad, affordable banquet halls near Narol",Transactional (Hyper-local),High
Venue + City Area,"Farmhouses in Narol, Ahmedabad | VenueConnect",/ahmedabad/narol/farmhouses/,"Best Farmhouses in Narol, Ahmedabad | Compare Near You - VenueConnect","Looking for farmhouses in Narol, Ahmedabad? Browse verified listings with pricing, capacity & photos. Book the perfect venue near Narol on VenueConnect.","Best Farmhouses in Narol, Ahmedabad",farmhouses in Narol Ahmedabad,"farmhouses near Narol, farmhouses Narol Ahmedabad, affordable farmhouses near Narol",Transactional (Hyper-local),High
Venue + City Area,"Party Plots in Narol, Ahmedabad | VenueConnect",/ahmedabad/narol/party-plots/,"Best Party Plots in Narol, Ahmedabad | Compare Near You - VenueConnect","Looking for party plots in Narol, Ahmedabad? Browse verified listings with pricing, capacity & photos. Book the perfect venue near Narol on VenueConnect.","Best Party Plots in Narol, Ahmedabad",party plots in Narol Ahmedabad,"party plots near Narol, party plots Narol Ahmedabad, affordable party plots near Narol",Transactional (Hyper-local),High
Venue + City Area,"Banquet Halls in Rancharda, Ahmedabad | VenueConnect",/ahmedabad/rancharda/banquet-halls/,"Best Banquet Halls in Rancharda, Ahmedabad | Compare Near You - VenueConnect","Looking for banquet halls in Rancharda, Ahmedabad? Browse verified listings with pricing, capacity & photos. Book the perfect venue near Rancharda on VenueConnect.","Best Banquet Halls in Rancharda, Ahmedabad",banquet halls in Rancharda Ahmedabad,"banquet halls near Rancharda, banquet halls Rancharda Ahmedabad, affordable banquet halls near Rancharda",Transactional (Hyper-local),High
Venue + City Area,"Farmhouses in Rancharda, Ahmedabad | VenueConnect",/ahmedabad/rancharda/farmhouses/,"Best Farmhouses in Rancharda, Ahmedabad | Compare Near You - VenueConnect","Looking for farmhouses in Rancharda, Ahmedabad? Browse verified listings with pricing, capacity & photos. Book the perfect venue near Rancharda on VenueConnect.","Best Farmhouses in Rancharda, Ahmedabad",farmhouses in Rancharda Ahmedabad,"farmhouses near Rancharda, farmhouses Rancharda Ahmedabad, affordable farmhouses near Rancharda",Transactional (Hyper-local),High
Venue + City Area,"Party Plots in Rancharda, Ahmedabad | VenueConnect",/ahmedabad/rancharda/party-plots/,"Best Party Plots in Rancharda, Ahmedabad | Compare Near You - VenueConnect","Looking for party plots in Rancharda, Ahmedabad? Browse verified listings with pricing, capacity & photos. Book the perfect venue near Rancharda on VenueConnect.","Best Party Plots in Rancharda, Ahmedabad",party plots in Rancharda Ahmedabad,"party plots near Rancharda, party plots Rancharda Ahmedabad, affordable party plots near Rancharda",Transactional (Hyper-local),High
Venue + City Area,"Banquet Halls in Sanand Road, Ahmedabad | VenueConnect",/ahmedabad/sanand-road/banquet-halls/,"Best Banquet Halls in Sanand Road, Ahmedabad | Compare Near You - VenueConnect","Looking for banquet halls in Sanand Road, Ahmedabad? Browse verified listings with pricing, capacity & photos. Book the perfect venue near Sanand Road on VenueConnect.","Best Banquet Halls in Sanand Road, Ahmedabad",banquet halls in Sanand Road Ahmedabad,"banquet halls near Sanand Road, banquet halls Sanand Road Ahmedabad, affordable banquet halls near Sanand Road",Transactional (Hyper-local),High
Venue + City Area,"Farmhouses in Sanand Road, Ahmedabad | VenueConnect",/ahmedabad/sanand-road/farmhouses/,"Best Farmhouses in Sanand Road, Ahmedabad | Compare Near You - VenueConnect","Looking for farmhouses in Sanand Road, Ahmedabad? Browse verified listings with pricing, capacity & photos. Book the perfect venue near Sanand Road on VenueConnect.","Best Farmhouses in Sanand Road, Ahmedabad",farmhouses in Sanand Road Ahmedabad,"farmhouses near Sanand Road, farmhouses Sanand Road Ahmedabad, affordable farmhouses near Sanand Road",Transactional (Hyper-local),High
Venue + City Area,"Party Plots in Sanand Road, Ahmedabad | VenueConnect",/ahmedabad/sanand-road/party-plots/,"Best Party Plots in Sanand Road, Ahmedabad | Compare Near You - VenueConnect","Looking for party plots in Sanand Road, Ahmedabad? Browse verified listings with pricing, capacity & photos. Book the perfect venue near Sanand Road on VenueConnect.","Best Party Plots in Sanand Road, Ahmedabad",party plots in Sanand Road Ahmedabad,"party plots near Sanand Road, party plots Sanand Road Ahmedabad, affordable party plots near Sanand Road",Transactional (Hyper-local),High
Venue + City Area,"Banquet Halls in Sarkhej, Ahmedabad | VenueConnect",/ahmedabad/sarkhej/banquet-halls/,"Best Banquet Halls in Sarkhej, Ahmedabad | Compare Near You - VenueConnect","Looking for banquet halls in Sarkhej, Ahmedabad? Browse verified listings with pricing, capacity & photos. Book the perfect venue near Sarkhej on VenueConnect.","Best Banquet Halls in Sarkhej, Ahmedabad",banquet halls in Sarkhej Ahmedabad,"banquet halls near Sarkhej, banquet halls Sarkhej Ahmedabad, affordable banquet halls near Sarkhej",Transactional (Hyper-local),High
Venue + City Area,"Farmhouses in Sarkhej, Ahmedabad | VenueConnect",/ahmedabad/sarkhej/farmhouses/,"Best Farmhouses in Sarkhej, Ahmedabad | Compare Near You - VenueConnect","Looking for farmhouses in Sarkhej, Ahmedabad? Browse verified listings with pricing, capacity & photos. Book the perfect venue near Sarkhej on VenueConnect.","Best Farmhouses in Sarkhej, Ahmedabad",farmhouses in Sarkhej Ahmedabad,"farmhouses near Sarkhej, farmhouses Sarkhej Ahmedabad, affordable farmhouses near Sarkhej",Transactional (Hyper-local),High
Venue + City Area,"Party Plots in Sarkhej, Ahmedabad | VenueConnect",/ahmedabad/sarkhej/party-plots/,"Best Party Plots in Sarkhej, Ahmedabad | Compare Near You - VenueConnect","Looking for party plots in Sarkhej, Ahmedabad? Browse verified listings with pricing, capacity & photos. Book the perfect venue near Sarkhej on VenueConnect.","Best Party Plots in Sarkhej, Ahmedabad",party plots in Sarkhej Ahmedabad,"party plots near Sarkhej, party plots Sarkhej Ahmedabad, affordable party plots near Sarkhej",Transactional (Hyper-local),High
Venue + City Area,"Banquet Halls in Shela, Ahmedabad | VenueConnect",/ahmedabad/shela/banquet-halls/,"Best Banquet Halls in Shela, Ahmedabad | Compare Near You - VenueConnect","Looking for banquet halls in Shela, Ahmedabad? Browse verified listings with pricing, capacity & photos. Book the perfect venue near Shela on VenueConnect.","Best Banquet Halls in Shela, Ahmedabad",banquet halls in Shela Ahmedabad,"banquet halls near Shela, banquet halls Shela Ahmedabad, affordable banquet halls near Shela",Transactional (Hyper-local),High
Venue + City Area,"Farmhouses in Shela, Ahmedabad | VenueConnect",/ahmedabad/shela/farmhouses/,"Best Farmhouses in Shela, Ahmedabad | Compare Near You - VenueConnect","Looking for farmhouses in Shela, Ahmedabad? Browse verified listings with pricing, capacity & photos. Book the perfect venue near Shela on VenueConnect.","Best Farmhouses in Shela, Ahmedabad",farmhouses in Shela Ahmedabad,"farmhouses near Shela, farmhouses Shela Ahmedabad, affordable farmhouses near Shela",Transactional (Hyper-local),High
Venue + City Area,"Party Plots in Shela, Ahmedabad | VenueConnect",/ahmedabad/shela/party-plots/,"Best Party Plots in Shela, Ahmedabad | Compare Near You - VenueConnect","Looking for party plots in Shela, Ahmedabad? Browse verified listings with pricing, capacity & photos. Book the perfect venue near Shela on VenueConnect.","Best Party Plots in Shela, Ahmedabad",party plots in Shela Ahmedabad,"party plots near Shela, party plots Shela Ahmedabad, affordable party plots near Shela",Transactional (Hyper-local),High
Venue + City Area,"Banquet Halls in Sindhu Bhavan Road, Ahmedabad | VenueConnect",/ahmedabad/sindhu-bhavan-road/banquet-halls/,"Best Banquet Halls in Sindhu Bhavan Road, Ahmedabad | Compare Near You - VenueConnect","Looking for banquet halls in Sindhu Bhavan Road, Ahmedabad? Browse verified listings with pricing, capacity & photos. Book the perfect venue near Sindhu Bhavan Road on VenueConnect.","Best Banquet Halls in Sindhu Bhavan Road, Ahmedabad",banquet halls in Sindhu Bhavan Road Ahmedabad,"banquet halls near Sindhu Bhavan Road, banquet halls Sindhu Bhavan Road Ahmedabad, affordable banquet halls near Sindhu Bhavan Road",Transactional (Hyper-local),High
Venue + City Area,"Farmhouses in Sindhu Bhavan Road, Ahmedabad | VenueConnect",/ahmedabad/sindhu-bhavan-road/farmhouses/,"Best Farmhouses in Sindhu Bhavan Road, Ahmedabad | Compare Near You - VenueConnect","Looking for farmhouses in Sindhu Bhavan Road, Ahmedabad? Browse verified listings with pricing, capacity & photos. Book the perfect venue near Sindhu Bhavan Road on VenueConnect.","Best Farmhouses in Sindhu Bhavan Road, Ahmedabad",farmhouses in Sindhu Bhavan Road Ahmedabad,"farmhouses near Sindhu Bhavan Road, farmhouses Sindhu Bhavan Road Ahmedabad, affordable farmhouses near Sindhu Bhavan Road",Transactional (Hyper-local),High
Venue + City Area,"Party Plots in Sindhu Bhavan Road, Ahmedabad | VenueConnect",/ahmedabad/sindhu-bhavan-road/party-plots/,"Best Party Plots in Sindhu Bhavan Road, Ahmedabad | Compare Near You - VenueConnect","Looking for party plots in Sindhu Bhavan Road, Ahmedabad? Browse verified listings with pricing, capacity & photos. Book the perfect venue near Sindhu Bhavan Road on VenueConnect.","Best Party Plots in Sindhu Bhavan Road, Ahmedabad",party plots in Sindhu Bhavan Road Ahmedabad,"party plots near Sindhu Bhavan Road, party plots Sindhu Bhavan Road Ahmedabad, affordable party plots near Sindhu Bhavan Road",Transactional (Hyper-local),High
Venue + City Area,"Banquet Halls in Sola, Ahmedabad | VenueConnect",/ahmedabad/sola/banquet-halls/,"Best Banquet Halls in Sola, Ahmedabad | Compare Near You - VenueConnect","Looking for banquet halls in Sola, Ahmedabad? Browse verified listings with pricing, capacity & photos. Book the perfect venue near Sola on VenueConnect.","Best Banquet Halls in Sola, Ahmedabad",banquet halls in Sola Ahmedabad,"banquet halls near Sola, banquet halls Sola Ahmedabad, affordable banquet halls near Sola",Transactional (Hyper-local),High
Venue + City Area,"Farmhouses in Sola, Ahmedabad | VenueConnect",/ahmedabad/sola/farmhouses/,"Best Farmhouses in Sola, Ahmedabad | Compare Near You - VenueConnect","Looking for farmhouses in Sola, Ahmedabad? Browse verified listings with pricing, capacity & photos. Book the perfect venue near Sola on VenueConnect.","Best Farmhouses in Sola, Ahmedabad",farmhouses in Sola Ahmedabad,"farmhouses near Sola, farmhouses Sola Ahmedabad, affordable farmhouses near Sola",Transactional (Hyper-local),High
Venue + City Area,"Party Plots in Sola, Ahmedabad | VenueConnect",/ahmedabad/sola/party-plots/,"Best Party Plots in Sola, Ahmedabad | Compare Near You - VenueConnect","Looking for party plots in Sola, Ahmedabad? Browse verified listings with pricing, capacity & photos. Book the perfect venue near Sola on VenueConnect.","Best Party Plots in Sola, Ahmedabad",party plots in Sola Ahmedabad,"party plots near Sola, party plots Sola Ahmedabad, affordable party plots near Sola",Transactional (Hyper-local),High
Venue + City Area,"Banquet Halls in Vaishnodevi, Ahmedabad | VenueConnect",/ahmedabad/vaishnodevi/banquet-halls/,"Best Banquet Halls in Vaishnodevi, Ahmedabad | Compare Near You - VenueConnect","Looking for banquet halls in Vaishnodevi, Ahmedabad? Browse verified listings with pricing, capacity & photos. Book the perfect venue near Vaishnodevi on VenueConnect.","Best Banquet Halls in Vaishnodevi, Ahmedabad",banquet halls in Vaishnodevi Ahmedabad,"banquet halls near Vaishnodevi, banquet halls Vaishnodevi Ahmedabad, affordable banquet halls near Vaishnodevi",Transactional (Hyper-local),High
Venue + City Area,"Farmhouses in Vaishnodevi, Ahmedabad | VenueConnect",/ahmedabad/vaishnodevi/farmhouses/,"Best Farmhouses in Vaishnodevi, Ahmedabad | Compare Near You - VenueConnect","Looking for farmhouses in Vaishnodevi, Ahmedabad? Browse verified listings with pricing, capacity & photos. Book the perfect venue near Vaishnodevi on VenueConnect.","Best Farmhouses in Vaishnodevi, Ahmedabad",farmhouses in Vaishnodevi Ahmedabad,"farmhouses near Vaishnodevi, farmhouses Vaishnodevi Ahmedabad, affordable farmhouses near Vaishnodevi",Transactional (Hyper-local),High
Venue + City Area,"Party Plots in Vaishnodevi, Ahmedabad | VenueConnect",/ahmedabad/vaishnodevi/party-plots/,"Best Party Plots in Vaishnodevi, Ahmedabad | Compare Near You - VenueConnect","Looking for party plots in Vaishnodevi, Ahmedabad? Browse verified listings with pricing, capacity & photos. Book the perfect venue near Vaishnodevi on VenueConnect.","Best Party Plots in Vaishnodevi, Ahmedabad",party plots in Vaishnodevi Ahmedabad,"party plots near Vaishnodevi, party plots Vaishnodevi Ahmedabad, affordable party plots near Vaishnodevi",Transactional (Hyper-local),High
Venue + City Area,"Banquet Halls in Viratnagar, Ahmedabad | VenueConnect",/ahmedabad/viratnagar/banquet-halls/,"Best Banquet Halls in Viratnagar, Ahmedabad | Compare Near You - VenueConnect","Looking for banquet halls in Viratnagar, Ahmedabad? Browse verified listings with pricing, capacity & photos. Book the perfect venue near Viratnagar on VenueConnect.","Best Banquet Halls in Viratnagar, Ahmedabad",banquet halls in Viratnagar Ahmedabad,"banquet halls near Viratnagar, banquet halls Viratnagar Ahmedabad, affordable banquet halls near Viratnagar",Transactional (Hyper-local),High
Venue + City Area,"Farmhouses in Viratnagar, Ahmedabad | VenueConnect",/ahmedabad/viratnagar/farmhouses/,"Best Farmhouses in Viratnagar, Ahmedabad | Compare Near You - VenueConnect","Looking for farmhouses in Viratnagar, Ahmedabad? Browse verified listings with pricing, capacity & photos. Book the perfect venue near Viratnagar on VenueConnect.","Best Farmhouses in Viratnagar, Ahmedabad",farmhouses in Viratnagar Ahmedabad,"farmhouses near Viratnagar, farmhouses Viratnagar Ahmedabad, affordable farmhouses near Viratnagar",Transactional (Hyper-local),High
Venue + City Area,"Party Plots in Viratnagar, Ahmedabad | VenueConnect",/ahmedabad/viratnagar/party-plots/,"Best Party Plots in Viratnagar, Ahmedabad | Compare Near You - VenueConnect","Looking for party plots in Viratnagar, Ahmedabad? Browse verified listings with pricing, capacity & photos. Book the perfect venue near Viratnagar on VenueConnect.","Best Party Plots in Viratnagar, Ahmedabad",party plots in Viratnagar Ahmedabad,"party plots near Viratnagar, party plots Viratnagar Ahmedabad, affordable party plots near Viratnagar",Transactional (Hyper-local),High
Venue + City Area,"Banquet Halls in Vasta Devdi, Ahmedabad | VenueConnect",/ahmedabad/vasta-devdi/banquet-halls/,"Best Banquet Halls in Vasta Devdi, Ahmedabad | Compare Near You - VenueConnect","Looking for banquet halls in Vasta Devdi, Ahmedabad? Browse verified listings with pricing, capacity & photos. Book the perfect venue near Vasta Devdi on VenueConnect.","Best Banquet Halls in Vasta Devdi, Ahmedabad",banquet halls in Vasta Devdi Ahmedabad,"banquet halls near Vasta Devdi, banquet halls Vasta Devdi Ahmedabad, affordable banquet halls near Vasta Devdi",Transactional (Hyper-local),High
Venue + City Area,"Farmhouses in Vasta Devdi, Ahmedabad | VenueConnect",/ahmedabad/vasta-devdi/farmhouses/,"Best Farmhouses in Vasta Devdi, Ahmedabad | Compare Near You - VenueConnect","Looking for farmhouses in Vasta Devdi, Ahmedabad? Browse verified listings with pricing, capacity & photos. Book the perfect venue near Vasta Devdi on VenueConnect.","Best Farmhouses in Vasta Devdi, Ahmedabad",farmhouses in Vasta Devdi Ahmedabad,"farmhouses near Vasta Devdi, farmhouses Vasta Devdi Ahmedabad, affordable farmhouses near Vasta Devdi",Transactional (Hyper-local),High
Venue + City Area,"Party Plots in Vasta Devdi, Ahmedabad | VenueConnect",/ahmedabad/vasta-devdi/party-plots/,"Best Party Plots in Vasta Devdi, Ahmedabad | Compare Near You - VenueConnect","Looking for party plots in Vasta Devdi, Ahmedabad? Browse verified listings with pricing, capacity & photos. Book the perfect venue near Vasta Devdi on VenueConnect.","Best Party Plots in Vasta Devdi, Ahmedabad",party plots in Vasta Devdi Ahmedabad,"party plots near Vasta Devdi, party plots Vasta Devdi Ahmedabad, affordable party plots near Vasta Devdi",Transactional (Hyper-local),High
,,,,,,,,,
,,,,,,,,,
,,,,,,,,,
,,,,,,,,,
,,,,,,,,,
,,,,,,,,,
,,,,,,,,,
,,,,,,,,,
,,,,,,,,,
,,,,,,,,,
,,,,,,,,,
,,,,,,,,,
,,,,,,,,,
,,,,,,,,,
,,,,,,,,,
,,,,,,,,,
,,,,,,,,,
,,,,,,,,,
,,,,,,,,,
,,,,,,,,,
,,,,,,,,,
,,,,,,,,,
,,,,,,,,,
,,,,,,,,,
,,,,,,,,,
,,,,,,,,,
,,,,,,,,,
,,,,,,,,,
,,,,,,,,,
,,,,,,,,,
,,,,,,,,,
,,,,,,,,,
,,,,,,,,,
,,,,,,,,,
,,,,,,,,,
,,,,,,,,,
,,,,,,,,,
,,,,,,,,,
,,,,,,,,,
,,,,,,,,,
,,,,,,,,,
,,,,,,,,,
,,,,,,,,,
,,,,,,,,,
,,,,,,,,,
,,,,,,,,,
,,,,,,,,,
,,,,,,,,,
,,,,,,,,,
,,,,,,,,,
,,,,,,,,,
,,,,,,,,,
,,,,,,,,,
,,,,,,,,,
,,,,,,,,,
,,,,,,,,,
,,,,,,,,,
,,,,,,,,,
,,,,,,,,,
,,,,,,,,,
,,,,,,,,,
,,,,,,,,,
,,,,,,,,,
,,,,,,,,,
,,,,,,,,,
,,,,,,,,,
,,,,,,,,,
,,,,,,,,,
,,,,,,,,,
,,,,,,,,,
,,,,,,,,,
,,,,,,,,,
,,,,,,,,,
,,,,,,,,,
,,,,,,,,,
,,,,,,,,,
,,,,,,,,,
,,,,,,,,,
,,,,,,,,,
,,,,,,,,,
,,,,,,,,,
,,,,,,,,,
,,,,,,,,,
,,,,,,,,,
,,,,,,,,,
,,,,,,,,,
,,,,,,,,,
,,,,,,,,,
,,,,,,,,,
,,,,,,,,,
,,,,,,,,,
,,,,,,,,,
,,,,,,,,,
,,,,,,,,,
,,,,,,,,,
,,,,,,,,,
,,,,,,,,,
,,,,,,,,,
,,,,,,,,,
,,,,,,,,,
,,,,,,,,,
,,,,,,,,,
,,,,,,,,,
,,,,,,,,,
,,,,,,,,,
,,,,,,,,,
,,,,,,,,,
,,,,,,,,,
,,,,,,,,,
,,,,,,,,,
,,,,,,,,,
,,,,,,,,,
,,,,,,,,,
,,,,,,,,,
,,,,,,,,,
,,,,,,,,,
,,,,,,,,,
,,,,,,,,,
