VenueConnect — SEO Pages: Anand,,,,,,,,,
  EVENT + CITY PAGES,,,,,,,,,
Page Type,Page Title,URL Slug,Meta Title,Meta Description,H1 Tag,Target Keyword,Secondary Keywords,Search Intent,Priority
Event + City,Wedding Venues in Anand | VenueConnect,/anand/wedding-venues/,Best Wedding Venues in Anand | Book & Compare Prices - VenueConnect,"Find the best wedding venues in Anand. Compare wedding halls, banquet spaces & party plots. Get free quotes & instant leads. Browse 100+ options on VenueConnect.",Best Wedding Venues in Anand,wedding venues in Anand,"wedding hall Anand, wedding venue booking Anand, best wedding venue Anand, wedding party venue Anand",Navigational / Transactional,High
Event + City,Birthday Party Venues in Anand | VenueConnect,/anand/birthday-party-venues/,Best Birthday Party Venues in Anand | Book & Compare Prices - VenueConnect,"Find the best birthday party venues in Anand. Compare birthday party halls, banquet spaces & party plots. Get free quotes & instant leads. Browse 100+ options on VenueConnect.",Best Birthday Party Venues in Anand,birthday party venues in Anand,"birthday party hall Anand, birthday party venue booking Anand, best birthday party venue Anand, birthday party party venue Anand",Navigational / Transactional,High
Event + City,Engagement Venues in Anand | VenueConnect,/anand/engagement-venues/,Best Engagement Venues in Anand | Book & Compare Prices - VenueConnect,"Find the best engagement venues in Anand. Compare engagement halls, banquet spaces & party plots. Get free quotes & instant leads. Browse 100+ options on VenueConnect.",Best Engagement Venues in Anand,engagement venues in Anand,"engagement hall Anand, engagement venue booking Anand, best engagement venue Anand, engagement party venue Anand",Navigational / Transactional,High
Event + City,Corporate Event Venues in Anand | VenueConnect,/anand/corporate-event-venues/,Best Corporate Event Venues in Anand | Book & Compare Prices - VenueConnect,"Find the best corporate event venues in Anand. Compare corporate event halls, banquet spaces & party plots. Get free quotes & instant leads. Browse 100+ options on VenueConnect.",Best Corporate Event Venues in Anand,corporate event venues in Anand,"corporate event hall Anand, corporate event venue booking Anand, best corporate event venue Anand, corporate event party venue Anand",Navigational / Transactional,High
Event + City,Reception Venues in Anand | VenueConnect,/anand/reception-venues/,Best Reception Venues in Anand | Book & Compare Prices - VenueConnect,"Find the best reception venues in Anand. Compare reception halls, banquet spaces & party plots. Get free quotes & instant leads. Browse 100+ options on VenueConnect.",Best Reception Venues in Anand,reception venues in Anand,"reception hall Anand, reception venue booking Anand, best reception venue Anand, reception party venue Anand",Navigational / Transactional,High
Event + City,Sangeet Ceremony Venues in Anand | VenueConnect,/anand/sangeet-ceremony-venues/,Best Sangeet Ceremony Venues in Anand | Book & Compare Prices - VenueConnect,"Find the best sangeet ceremony venues in Anand. Compare sangeet ceremony halls, banquet spaces & party plots. Get free quotes & instant leads. Browse 100+ options on VenueConnect.",Best Sangeet Ceremony Venues in Anand,sangeet ceremony venues in Anand,"sangeet ceremony hall Anand, sangeet ceremony venue booking Anand, best sangeet ceremony venue Anand, sangeet ceremony party venue Anand",Navigational / Transactional,High
Event + City,Garba Night Venues in Anand | VenueConnect,/anand/garba-night-venues/,Best Garba Night Venues in Anand | Book & Compare Prices - VenueConnect,"Find the best garba night venues in Anand. Compare garba night halls, banquet spaces & party plots. Get free quotes & instant leads. Browse 100+ options on VenueConnect.",Best Garba Night Venues in Anand,garba night venues in Anand,"garba night hall Anand, garba night venue booking Anand, best garba night venue Anand, garba night party venue Anand",Navigational / Transactional,High
Event + City,Pool Party Venues in Anand | VenueConnect,/anand/pool-party-venues/,Best Pool Party Venues in Anand | Book & Compare Prices - VenueConnect,"Find the best pool party venues in Anand. Compare pool party halls, banquet spaces & party plots. Get free quotes & instant leads. Browse 100+ options on VenueConnect.",Best Pool Party Venues in Anand,pool party venues in Anand,"pool party hall Anand, pool party venue booking Anand, best pool party venue Anand, pool party party venue Anand",Navigational / Transactional,High
Event + City,Kitty Party Venues in Anand | VenueConnect,/anand/kitty-party-venues/,Best Kitty Party Venues in Anand | Book & Compare Prices - VenueConnect,"Find the best kitty party venues in Anand. Compare kitty party halls, banquet spaces & party plots. Get free quotes & instant leads. Browse 100+ options on VenueConnect.",Best Kitty Party Venues in Anand,kitty party venues in Anand,"kitty party hall Anand, kitty party venue booking Anand, best kitty party venue Anand, kitty party party venue Anand",Navigational / Transactional,High
Event + City,Cocktail Party Venues in Anand | VenueConnect,/anand/cocktail-party-venues/,Best Cocktail Party Venues in Anand | Book & Compare Prices - VenueConnect,"Find the best cocktail party venues in Anand. Compare cocktail party halls, banquet spaces & party plots. Get free quotes & instant leads. Browse 100+ options on VenueConnect.",Best Cocktail Party Venues in Anand,cocktail party venues in Anand,"cocktail party hall Anand, cocktail party venue booking Anand, best cocktail party venue Anand, cocktail party party venue Anand",Navigational / Transactional,High
Event + City,Baby Shower Venues in Anand | VenueConnect,/anand/baby-shower-venues/,Best Baby Shower Venues in Anand | Book & Compare Prices - VenueConnect,"Find the best baby shower venues in Anand. Compare baby shower halls, banquet spaces & party plots. Get free quotes & instant leads. Browse 100+ options on VenueConnect.",Best Baby Shower Venues in Anand,baby shower venues in Anand,"baby shower hall Anand, baby shower venue booking Anand, best baby shower venue Anand, baby shower party venue Anand",Navigational / Transactional,High
Event + City,Anniversary Party Venues in Anand | VenueConnect,/anand/anniversary-party-venues/,Best Anniversary Party Venues in Anand | Book & Compare Prices - VenueConnect,"Find the best anniversary party venues in Anand. Compare anniversary party halls, banquet spaces & party plots. Get free quotes & instant leads. Browse 100+ options on VenueConnect.",Best Anniversary Party Venues in Anand,anniversary party venues in Anand,"anniversary party hall Anand, anniversary party venue booking Anand, best anniversary party venue Anand, anniversary party party venue Anand",Navigational / Transactional,High
Event + City,Farewell Party Venues in Anand | VenueConnect,/anand/farewell-party-venues/,Best Farewell Party Venues in Anand | Book & Compare Prices - VenueConnect,"Find the best farewell party venues in Anand. Compare farewell party halls, banquet spaces & party plots. Get free quotes & instant leads. Browse 100+ options on VenueConnect.",Best Farewell Party Venues in Anand,farewell party venues in Anand,"farewell party hall Anand, farewell party venue booking Anand, best farewell party venue Anand, farewell party party venue Anand",Navigational / Transactional,High
Event + City,Reunion Party Venues in Anand | VenueConnect,/anand/reunion-party-venues/,Best Reunion Party Venues in Anand | Book & Compare Prices - VenueConnect,"Find the best reunion party venues in Anand. Compare reunion party halls, banquet spaces & party plots. Get free quotes & instant leads. Browse 100+ options on VenueConnect.",Best Reunion Party Venues in Anand,reunion party venues in Anand,"reunion party hall Anand, reunion party venue booking Anand, best reunion party venue Anand, reunion party party venue Anand",Navigational / Transactional,High
Event + City,Product Launch Venues in Anand | VenueConnect,/anand/product-launch-venues/,Best Product Launch Venues in Anand | Book & Compare Prices - VenueConnect,"Find the best product launch venues in Anand. Compare product launch halls, banquet spaces & party plots. Get free quotes & instant leads. Browse 100+ options on VenueConnect.",Best Product Launch Venues in Anand,product launch venues in Anand,"product launch hall Anand, product launch venue booking Anand, best product launch venue Anand, product launch party venue Anand",Navigational / Transactional,High
Event + City,Conference Venues in Anand | VenueConnect,/anand/conference-venues/,Best Conference Venues in Anand | Book & Compare Prices - VenueConnect,"Find the best conference venues in Anand. Compare conference halls, banquet spaces & party plots. Get free quotes & instant leads. Browse 100+ options on VenueConnect.",Best Conference Venues in Anand,conference venues in Anand,"conference hall Anand, conference venue booking Anand, best conference venue Anand, conference party venue Anand",Navigational / Transactional,High
Event + City,Seminar Venues in Anand | VenueConnect,/anand/seminar-venues/,Best Seminar Venues in Anand | Book & Compare Prices - VenueConnect,"Find the best seminar venues in Anand. Compare seminar halls, banquet spaces & party plots. Get free quotes & instant leads. Browse 100+ options on VenueConnect.",Best Seminar Venues in Anand,seminar venues in Anand,"seminar hall Anand, seminar venue booking Anand, best seminar venue Anand, seminar party venue Anand",Navigational / Transactional,High
Event + City,Award Ceremony Venues in Anand | VenueConnect,/anand/award-ceremony-venues/,Best Award Ceremony Venues in Anand | Book & Compare Prices - VenueConnect,"Find the best award ceremony venues in Anand. Compare award ceremony halls, banquet spaces & party plots. Get free quotes & instant leads. Browse 100+ options on VenueConnect.",Best Award Ceremony Venues in Anand,award ceremony venues in Anand,"award ceremony hall Anand, award ceremony venue booking Anand, best award ceremony venue Anand, award ceremony party venue Anand",Navigational / Transactional,High
Event + City,Walkin Interview Venues in Anand | VenueConnect,/anand/walkin-interview-venues/,Best Walkin Interview Venues in Anand | Book & Compare Prices - VenueConnect,"Find the best walkin interview venues in Anand. Compare walkin interview halls, banquet spaces & party plots. Get free quotes & instant leads. Browse 100+ options on VenueConnect.",Best Walkin Interview Venues in Anand,walkin interview venues in Anand,"walkin interview hall Anand, walkin interview venue booking Anand, best walkin interview venue Anand, walkin interview party venue Anand",Navigational / Transactional,High
Event + City,Training Venues in Anand | VenueConnect,/anand/training-venues/,Best Training Venues in Anand | Book & Compare Prices - VenueConnect,"Find the best training venues in Anand. Compare training halls, banquet spaces & party plots. Get free quotes & instant leads. Browse 100+ options on VenueConnect.",Best Training Venues in Anand,training venues in Anand,"training hall Anand, training venue booking Anand, best training venue Anand, training party venue Anand",Navigational / Transactional,High
Event + City,Team Outing Venues in Anand | VenueConnect,/anand/team-outing-venues/,Best Team Outing Venues in Anand | Book & Compare Prices - VenueConnect,"Find the best team outing venues in Anand. Compare team outing halls, banquet spaces & party plots. Get free quotes & instant leads. Browse 100+ options on VenueConnect.",Best Team Outing Venues in Anand,team outing venues in Anand,"team outing hall Anand, team outing venue booking Anand, best team outing venue Anand, team outing party venue Anand",Navigational / Transactional,High
Event + City,Stage Event Venues in Anand | VenueConnect,/anand/stage-event-venues/,Best Stage Event Venues in Anand | Book & Compare Prices - VenueConnect,"Find the best stage event venues in Anand. Compare stage event halls, banquet spaces & party plots. Get free quotes & instant leads. Browse 100+ options on VenueConnect.",Best Stage Event Venues in Anand,stage event venues in Anand,"stage event hall Anand, stage event venue booking Anand, best stage event venue Anand, stage event party venue Anand",Navigational / Transactional,High
Event + City,Ring Ceremony Venues in Anand | VenueConnect,/anand/ring-ceremony-venues/,Best Ring Ceremony Venues in Anand | Book & Compare Prices - VenueConnect,"Find the best ring ceremony venues in Anand. Compare ring ceremony halls, banquet spaces & party plots. Get free quotes & instant leads. Browse 100+ options on VenueConnect.",Best Ring Ceremony Venues in Anand,ring ceremony venues in Anand,"ring ceremony hall Anand, ring ceremony venue booking Anand, best ring ceremony venue Anand, ring ceremony party venue Anand",Navigational / Transactional,High
Event + City,Residential Conference Venues in Anand | VenueConnect,/anand/residential-conference-venues/,Best Residential Conference Venues in Anand | Book & Compare Prices - VenueConnect,"Find the best residential conference venues in Anand. Compare residential conference halls, banquet spaces & party plots. Get free quotes & instant leads. Browse 100+ options on VenueConnect.",Best Residential Conference Venues in Anand,residential conference venues in Anand,"residential conference hall Anand, residential conference venue booking Anand, best residential conference venue Anand, residential conference party venue Anand",Navigational / Transactional,High
Event + City,Pre Wedding Mehendi Party Venues in Anand | VenueConnect,/anand/pre-wedding-mehendi-party-venues/,Best Pre Wedding Mehendi Party Venues in Anand | Book & Compare Prices - VenueConnect,"Find the best pre wedding mehendi party venues in Anand. Compare pre wedding mehendi party halls, banquet spaces & party plots. Get free quotes & instant leads. Browse 100+ options on VenueConnect.",Best Pre Wedding Mehendi Party Venues in Anand,pre wedding mehendi party venues in Anand,"pre wedding mehendi party hall Anand, pre wedding mehendi party venue booking Anand, best pre wedding mehendi party venue Anand, pre wedding mehendi party party venue Anand",Navigational / Transactional,High
Event + City,Photo Shoots Venues in Anand | VenueConnect,/anand/photo-shoots-venues/,Best Photo Shoots Venues in Anand | Book & Compare Prices - VenueConnect,"Find the best photo shoots venues in Anand. Compare photo shoots halls, banquet spaces & party plots. Get free quotes & instant leads. Browse 100+ options on VenueConnect.",Best Photo Shoots Venues in Anand,photo shoots venues in Anand,"photo shoots hall Anand, photo shoots venue booking Anand, best photo shoots venue Anand, photo shoots party venue Anand",Navigational / Transactional,High
Event + City,Naming Ceremony Venues in Anand | VenueConnect,/anand/naming-ceremony-venues/,Best Naming Ceremony Venues in Anand | Book & Compare Prices - VenueConnect,"Find the best naming ceremony venues in Anand. Compare naming ceremony halls, banquet spaces & party plots. Get free quotes & instant leads. Browse 100+ options on VenueConnect.",Best Naming Ceremony Venues in Anand,naming ceremony venues in Anand,"naming ceremony hall Anand, naming ceremony venue booking Anand, best naming ceremony venue Anand, naming ceremony party venue Anand",Navigational / Transactional,High
Event + City,Musical Concert Venues in Anand | VenueConnect,/anand/musical-concert-venues/,Best Musical Concert Venues in Anand | Book & Compare Prices - VenueConnect,"Find the best musical concert venues in Anand. Compare musical concert halls, banquet spaces & party plots. Get free quotes & instant leads. Browse 100+ options on VenueConnect.",Best Musical Concert Venues in Anand,musical concert venues in Anand,"musical concert hall Anand, musical concert venue booking Anand, best musical concert venue Anand, musical concert party venue Anand",Navigational / Transactional,High
Event + City,MICE Venues in Anand | VenueConnect,/anand/mice-venues/,Best MICE Venues in Anand | Book & Compare Prices - VenueConnect,"Find the best mice venues in Anand. Compare mice halls, banquet spaces & party plots. Get free quotes & instant leads. Browse 100+ options on VenueConnect.",Best MICE Venues in Anand,mice venues in Anand,"mice hall Anand, mice venue booking Anand, best mice venue Anand, mice party venue Anand",Navigational / Transactional,High
Event + City,Meeting Venues in Anand | VenueConnect,/anand/meeting-venues/,Best Meeting Venues in Anand | Book & Compare Prices - VenueConnect,"Find the best meeting venues in Anand. Compare meeting halls, banquet spaces & party plots. Get free quotes & instant leads. Browse 100+ options on VenueConnect.",Best Meeting Venues in Anand,meeting venues in Anand,"meeting hall Anand, meeting venue booking Anand, best meeting venue Anand, meeting party venue Anand",Navigational / Transactional,High
Event + City,Kids Birthday Party Venues in Anand | VenueConnect,/anand/kids-birthday-party-venues/,Best Kids Birthday Party Venues in Anand | Book & Compare Prices - VenueConnect,"Find the best kids birthday party venues in Anand. Compare kids birthday party halls, banquet spaces & party plots. Get free quotes & instant leads. Browse 100+ options on VenueConnect.",Best Kids Birthday Party Venues in Anand,kids birthday party venues in Anand,"kids birthday party hall Anand, kids birthday party venue booking Anand, best kids birthday party venue Anand, kids birthday party party venue Anand",Navigational / Transactional,High
Event + City,Holi Party Venues in Anand | VenueConnect,/anand/holi-party-venues/,Best Holi Party Venues in Anand | Book & Compare Prices - VenueConnect,"Find the best holi party venues in Anand. Compare holi party halls, banquet spaces & party plots. Get free quotes & instant leads. Browse 100+ options on VenueConnect.",Best Holi Party Venues in Anand,holi party venues in Anand,"holi party hall Anand, holi party venue booking Anand, best holi party venue Anand, holi party party venue Anand",Navigational / Transactional,High
Event + City,Group Dining Venues in Anand | VenueConnect,/anand/group-dining-venues/,Best Group Dining Venues in Anand | Book & Compare Prices - VenueConnect,"Find the best group dining venues in Anand. Compare group dining halls, banquet spaces & party plots. Get free quotes & instant leads. Browse 100+ options on VenueConnect.",Best Group Dining Venues in Anand,group dining venues in Anand,"group dining hall Anand, group dining venue booking Anand, best group dining venue Anand, group dining party venue Anand",Navigational / Transactional,High
Event + City,Get Together Venues in Anand | VenueConnect,/anand/get-together-venues/,Best Get Together Venues in Anand | Book & Compare Prices - VenueConnect,"Find the best get together venues in Anand. Compare get together halls, banquet spaces & party plots. Get free quotes & instant leads. Browse 100+ options on VenueConnect.",Best Get Together Venues in Anand,get together venues in Anand,"get together hall Anand, get together venue booking Anand, best get together venue Anand, get together party venue Anand",Navigational / Transactional,High
Event + City,Game Watch Venues in Anand | VenueConnect,/anand/game-watch-venues/,Best Game Watch Venues in Anand | Book & Compare Prices - VenueConnect,"Find the best game watch venues in Anand. Compare game watch halls, banquet spaces & party plots. Get free quotes & instant leads. Browse 100+ options on VenueConnect.",Best Game Watch Venues in Anand,game watch venues in Anand,"game watch hall Anand, game watch venue booking Anand, best game watch venue Anand, game watch party venue Anand",Navigational / Transactional,High
Event + City,Freshers Party Venues in Anand | VenueConnect,/anand/freshers-party-venues/,Best Freshers Party Venues in Anand | Book & Compare Prices - VenueConnect,"Find the best freshers party venues in Anand. Compare freshers party halls, banquet spaces & party plots. Get free quotes & instant leads. Browse 100+ options on VenueConnect.",Best Freshers Party Venues in Anand,freshers party venues in Anand,"freshers party hall Anand, freshers party venue booking Anand, best freshers party venue Anand, freshers party party venue Anand",Navigational / Transactional,High
Event + City,First Birthday Party Venues in Anand | VenueConnect,/anand/first-birthday-party-venues/,Best First Birthday Party Venues in Anand | Book & Compare Prices - VenueConnect,"Find the best first birthday party venues in Anand. Compare first birthday party halls, banquet spaces & party plots. Get free quotes & instant leads. Browse 100+ options on VenueConnect.",Best First Birthday Party Venues in Anand,first birthday party venues in Anand,"first birthday party hall Anand, first birthday party venue booking Anand, best first birthday party venue Anand, first birthday party party venue Anand",Navigational / Transactional,High
Event + City,Fashion Show Venues in Anand | VenueConnect,/anand/fashion-show-venues/,Best Fashion Show Venues in Anand | Book & Compare Prices - VenueConnect,"Find the best fashion show venues in Anand. Compare fashion show halls, banquet spaces & party plots. Get free quotes & instant leads. Browse 100+ options on VenueConnect.",Best Fashion Show Venues in Anand,fashion show venues in Anand,"fashion show hall Anand, fashion show venue booking Anand, best fashion show venue Anand, fashion show party venue Anand",Navigational / Transactional,High
Event + City,Family Function Venues in Anand | VenueConnect,/anand/family-function-venues/,Best Family Function Venues in Anand | Book & Compare Prices - VenueConnect,"Find the best family function venues in Anand. Compare family function halls, banquet spaces & party plots. Get free quotes & instant leads. Browse 100+ options on VenueConnect.",Best Family Function Venues in Anand,family function venues in Anand,"family function hall Anand, family function venue booking Anand, best family function venue Anand, family function party venue Anand",Navigational / Transactional,High
Event + City,Exhibition Venues in Anand | VenueConnect,/anand/exhibition-venues/,Best Exhibition Venues in Anand | Book & Compare Prices - VenueConnect,"Find the best exhibition venues in Anand. Compare exhibition halls, banquet spaces & party plots. Get free quotes & instant leads. Browse 100+ options on VenueConnect.",Best Exhibition Venues in Anand,exhibition venues in Anand,"exhibition hall Anand, exhibition venue booking Anand, best exhibition venue Anand, exhibition party venue Anand",Navigational / Transactional,High
Event + City,Corporate Training Venues in Anand | VenueConnect,/anand/corporate-training-venues/,Best Corporate Training Venues in Anand | Book & Compare Prices - VenueConnect,"Find the best corporate training venues in Anand. Compare corporate training halls, banquet spaces & party plots. Get free quotes & instant leads. Browse 100+ options on VenueConnect.",Best Corporate Training Venues in Anand,corporate training venues in Anand,"corporate training hall Anand, corporate training venue booking Anand, best corporate training venue Anand, corporate training party venue Anand",Navigational / Transactional,High
Event + City,Corporate Party Venues in Anand | VenueConnect,/anand/corporate-party-venues/,Best Corporate Party Venues in Anand | Book & Compare Prices - VenueConnect,"Find the best corporate party venues in Anand. Compare corporate party halls, banquet spaces & party plots. Get free quotes & instant leads. Browse 100+ options on VenueConnect.",Best Corporate Party Venues in Anand,corporate party venues in Anand,"corporate party hall Anand, corporate party venue booking Anand, best corporate party venue Anand, corporate party party venue Anand",Navigational / Transactional,High
Event + City,Corporate Offsite Venues in Anand | VenueConnect,/anand/corporate-offsite-venues/,Best Corporate Offsite Venues in Anand | Book & Compare Prices - VenueConnect,"Find the best corporate offsite venues in Anand. Compare corporate offsite halls, banquet spaces & party plots. Get free quotes & instant leads. Browse 100+ options on VenueConnect.",Best Corporate Offsite Venues in Anand,corporate offsite venues in Anand,"corporate offsite hall Anand, corporate offsite venue booking Anand, best corporate offsite venue Anand, corporate offsite party venue Anand",Navigational / Transactional,High
Event + City,Cocktail Dinner Venues in Anand | VenueConnect,/anand/cocktail-dinner-venues/,Best Cocktail Dinner Venues in Anand | Book & Compare Prices - VenueConnect,"Find the best cocktail dinner venues in Anand. Compare cocktail dinner halls, banquet spaces & party plots. Get free quotes & instant leads. Browse 100+ options on VenueConnect.",Best Cocktail Dinner Venues in Anand,cocktail dinner venues in Anand,"cocktail dinner hall Anand, cocktail dinner venue booking Anand, best cocktail dinner venue Anand, cocktail dinner party venue Anand",Navigational / Transactional,High
Event + City,Class Reunion Venues in Anand | VenueConnect,/anand/class-reunion-venues/,Best Class Reunion Venues in Anand | Book & Compare Prices - VenueConnect,"Find the best class reunion venues in Anand. Compare class reunion halls, banquet spaces & party plots. Get free quotes & instant leads. Browse 100+ options on VenueConnect.",Best Class Reunion Venues in Anand,class reunion venues in Anand,"class reunion hall Anand, class reunion venue booking Anand, best class reunion venue Anand, class reunion party venue Anand",Navigational / Transactional,High
Event + City,Christian Communion Venues in Anand | VenueConnect,/anand/christian-communion-venues/,Best Christian Communion Venues in Anand | Book & Compare Prices - VenueConnect,"Find the best christian communion venues in Anand. Compare christian communion halls, banquet spaces & party plots. Get free quotes & instant leads. Browse 100+ options on VenueConnect.",Best Christian Communion Venues in Anand,christian communion venues in Anand,"christian communion hall Anand, christian communion venue booking Anand, best christian communion venue Anand, christian communion party venue Anand",Navigational / Transactional,High
Event + City,Childrens Party Venues in Anand | VenueConnect,/anand/childrens-party-venues/,Best Childrens Party Venues in Anand | Book & Compare Prices - VenueConnect,"Find the best childrens party venues in Anand. Compare childrens party halls, banquet spaces & party plots. Get free quotes & instant leads. Browse 100+ options on VenueConnect.",Best Childrens Party Venues in Anand,childrens party venues in Anand,"childrens party hall Anand, childrens party venue booking Anand, best childrens party venue Anand, childrens party party venue Anand",Navigational / Transactional,High
Event + City,Business Dinner Venues in Anand | VenueConnect,/anand/business-dinner-venues/,Best Business Dinner Venues in Anand | Book & Compare Prices - VenueConnect,"Find the best business dinner venues in Anand. Compare business dinner halls, banquet spaces & party plots. Get free quotes & instant leads. Browse 100+ options on VenueConnect.",Best Business Dinner Venues in Anand,business dinner venues in Anand,"business dinner hall Anand, business dinner venue booking Anand, best business dinner venue Anand, business dinner party venue Anand",Navigational / Transactional,High
Event + City,Bridal Shower Venues in Anand | VenueConnect,/anand/bridal-shower-venues/,Best Bridal Shower Venues in Anand | Book & Compare Prices - VenueConnect,"Find the best bridal shower venues in Anand. Compare bridal shower halls, banquet spaces & party plots. Get free quotes & instant leads. Browse 100+ options on VenueConnect.",Best Bridal Shower Venues in Anand,bridal shower venues in Anand,"bridal shower hall Anand, bridal shower venue booking Anand, best bridal shower venue Anand, bridal shower party venue Anand",Navigational / Transactional,High
Event + City,Brand Promotion Venues in Anand | VenueConnect,/anand/brand-promotion-venues/,Best Brand Promotion Venues in Anand | Book & Compare Prices - VenueConnect,"Find the best brand promotion venues in Anand. Compare brand promotion halls, banquet spaces & party plots. Get free quotes & instant leads. Browse 100+ options on VenueConnect.",Best Brand Promotion Venues in Anand,brand promotion venues in Anand,"brand promotion hall Anand, brand promotion venue booking Anand, best brand promotion venue Anand, brand promotion party venue Anand",Navigational / Transactional,High
Event + City,Bachelor Party Venues in Anand | VenueConnect,/anand/bachelor-party-venues/,Best Bachelor Party Venues in Anand | Book & Compare Prices - VenueConnect,"Find the best bachelor party venues in Anand. Compare bachelor party halls, banquet spaces & party plots. Get free quotes & instant leads. Browse 100+ options on VenueConnect.",Best Bachelor Party Venues in Anand,bachelor party venues in Anand,"bachelor party hall Anand, bachelor party venue booking Anand, best bachelor party venue Anand, bachelor party party venue Anand",Navigational / Transactional,High
Event + City,Aqueeqa Ceremony Venues in Anand | VenueConnect,/anand/aqueeqa-ceremony-venues/,Best Aqueeqa Ceremony Venues in Anand | Book & Compare Prices - VenueConnect,"Find the best aqueeqa ceremony venues in Anand. Compare aqueeqa ceremony halls, banquet spaces & party plots. Get free quotes & instant leads. Browse 100+ options on VenueConnect.",Best Aqueeqa Ceremony Venues in Anand,aqueeqa ceremony venues in Anand,"aqueeqa ceremony hall Anand, aqueeqa ceremony venue booking Anand, best aqueeqa ceremony venue Anand, aqueeqa ceremony party venue Anand",Navigational / Transactional,High
Event + City,Annual Fest Venues in Anand | VenueConnect,/anand/annual-fest-venues/,Best Annual Fest Venues in Anand | Book & Compare Prices - VenueConnect,"Find the best annual fest venues in Anand. Compare annual fest halls, banquet spaces & party plots. Get free quotes & instant leads. Browse 100+ options on VenueConnect.",Best Annual Fest Venues in Anand,annual fest venues in Anand,"annual fest hall Anand, annual fest venue booking Anand, best annual fest venue Anand, annual fest party venue Anand",Navigational / Transactional,High
Event + City,Adventure Party Venues in Anand | VenueConnect,/anand/adventure-party-venues/,Best Adventure Party Venues in Anand | Book & Compare Prices - VenueConnect,"Find the best adventure party venues in Anand. Compare adventure party halls, banquet spaces & party plots. Get free quotes & instant leads. Browse 100+ options on VenueConnect.",Best Adventure Party Venues in Anand,adventure party venues in Anand,"adventure party hall Anand, adventure party venue booking Anand, best adventure party venue Anand, adventure party party venue Anand",Navigational / Transactional,High
Event + City,Haldi Ceremony Venues in Anand | VenueConnect,/anand/haldi-ceremony-venues/,Best Haldi Ceremony Venues in Anand | Book & Compare Prices - VenueConnect,"Find the best haldi ceremony venues in Anand. Compare haldi ceremony halls, banquet spaces & party plots. Get free quotes & instant leads. Browse 100+ options on VenueConnect.",Best Haldi Ceremony Venues in Anand,haldi ceremony venues in Anand,"haldi ceremony hall Anand, haldi ceremony venue booking Anand, best haldi ceremony venue Anand, haldi ceremony party venue Anand",Navigational / Transactional,High
  VENDOR + CITY PAGES,,,,,,,,,
Page Type,Page Title,URL Slug,Meta Title,Meta Description,H1 Tag,Target Keyword,Secondary Keywords,Search Intent,Priority
Vendor + City,Photographers in Anand | VenueConnect,/anand/vendors/photographers/,Top Photographers in Anand | Compare & Hire - VenueConnect,"Hire top photographers in Anand for weddings, birthdays & all events. Compare portfolios, pricing & reviews. Get direct leads via WhatsApp. Book on VenueConnect.",Top Photographers in Anand,photographers in Anand,"photographers for wedding Anand, best photographers Anand, affordable photographers Anand, photographers contact Anand",Transactional,High
Vendor + City,Caterers in Anand | VenueConnect,/anand/vendors/caterers/,Top Caterers in Anand | Compare & Hire - VenueConnect,"Hire top caterers in Anand for weddings, birthdays & all events. Compare portfolios, pricing & reviews. Get direct leads via WhatsApp. Book on VenueConnect.",Top Caterers in Anand,caterers in Anand,"caterers for wedding Anand, best caterers Anand, affordable caterers Anand, caterers contact Anand",Transactional,High
Vendor + City,Decorators in Anand | VenueConnect,/anand/vendors/decorators/,Top Decorators in Anand | Compare & Hire - VenueConnect,"Hire top decorators in Anand for weddings, birthdays & all events. Compare portfolios, pricing & reviews. Get direct leads via WhatsApp. Book on VenueConnect.",Top Decorators in Anand,decorators in Anand,"decorators for wedding Anand, best decorators Anand, affordable decorators Anand, decorators contact Anand",Transactional,High
Vendor + City,Mehndi Artists in Anand | VenueConnect,/anand/vendors/mehndi-artists/,Top Mehndi Artists in Anand | Compare & Hire - VenueConnect,"Hire top mehndi artists in Anand for weddings, birthdays & all events. Compare portfolios, pricing & reviews. Get direct leads via WhatsApp. Book on VenueConnect.",Top Mehndi Artists in Anand,mehndi artists in Anand,"mehndi artists for wedding Anand, best mehndi artists Anand, affordable mehndi artists Anand, mehndi artists contact Anand",Transactional,High
Vendor + City,DJs in Anand | VenueConnect,/anand/vendors/djs/,Top DJs in Anand | Compare & Hire - VenueConnect,"Hire top djs in Anand for weddings, birthdays & all events. Compare portfolios, pricing & reviews. Get direct leads via WhatsApp. Book on VenueConnect.",Top DJs in Anand,djs in Anand,"djs for wedding Anand, best djs Anand, affordable djs Anand, djs contact Anand",Transactional,High
Vendor + City,Bands in Anand | VenueConnect,/anand/vendors/bands/,Top Bands in Anand | Compare & Hire - VenueConnect,"Hire top bands in Anand for weddings, birthdays & all events. Compare portfolios, pricing & reviews. Get direct leads via WhatsApp. Book on VenueConnect.",Top Bands in Anand,bands in Anand,"bands for wedding Anand, best bands Anand, affordable bands Anand, bands contact Anand",Transactional,High
Vendor + City,Event Planners in Anand | VenueConnect,/anand/vendors/event-planners/,Top Event Planners in Anand | Compare & Hire - VenueConnect,"Hire top event planners in Anand for weddings, birthdays & all events. Compare portfolios, pricing & reviews. Get direct leads via WhatsApp. Book on VenueConnect.",Top Event Planners in Anand,event planners in Anand,"event planners for wedding Anand, best event planners Anand, affordable event planners Anand, event planners contact Anand",Transactional,High
Vendor + City,Bridal Wear in Anand | VenueConnect,/anand/vendors/bridal-wear/,Top Bridal Wear in Anand | Compare & Hire - VenueConnect,"Hire top bridal wear in Anand for weddings, birthdays & all events. Compare portfolios, pricing & reviews. Get direct leads via WhatsApp. Book on VenueConnect.",Top Bridal Wear in Anand,bridal wear in Anand,"bridal wear for wedding Anand, best bridal wear Anand, affordable bridal wear Anand, bridal wear contact Anand",Transactional,High
Vendor + City,Makeup Artists in Anand | VenueConnect,/anand/vendors/makeup-artists/,Top Makeup Artists in Anand | Compare & Hire - VenueConnect,"Hire top makeup artists in Anand for weddings, birthdays & all events. Compare portfolios, pricing & reviews. Get direct leads via WhatsApp. Book on VenueConnect.",Top Makeup Artists in Anand,makeup artists in Anand,"makeup artists for wedding Anand, best makeup artists Anand, affordable makeup artists Anand, makeup artists contact Anand",Transactional,High
Vendor + City,Florists in Anand | VenueConnect,/anand/vendors/florists/,Top Florists in Anand | Compare & Hire - VenueConnect,"Hire top florists in Anand for weddings, birthdays & all events. Compare portfolios, pricing & reviews. Get direct leads via WhatsApp. Book on VenueConnect.",Top Florists in Anand,florists in Anand,"florists for wedding Anand, best florists Anand, affordable florists Anand, florists contact Anand",Transactional,High
Vendor + City,Videographers in Anand | VenueConnect,/anand/vendors/videographers/,Top Videographers in Anand | Compare & Hire - VenueConnect,"Hire top videographers in Anand for weddings, birthdays & all events. Compare portfolios, pricing & reviews. Get direct leads via WhatsApp. Book on VenueConnect.",Top Videographers in Anand,videographers in Anand,"videographers for wedding Anand, best videographers Anand, affordable videographers Anand, videographers contact Anand",Transactional,High
Vendor + City,Wedding Planners in Anand | VenueConnect,/anand/vendors/wedding-planners/,Top Wedding Planners in Anand | Compare & Hire - VenueConnect,"Hire top wedding planners in Anand for weddings, birthdays & all events. Compare portfolios, pricing & reviews. Get direct leads via WhatsApp. Book on VenueConnect.",Top Wedding Planners in Anand,wedding planners in Anand,"wedding planners for wedding Anand, best wedding planners Anand, affordable wedding planners Anand, wedding planners contact Anand",Transactional,High
Vendor + City,Tent Houses in Anand | VenueConnect,/anand/vendors/tent-houses/,Top Tent Houses in Anand | Compare & Hire - VenueConnect,"Hire top tent houses in Anand for weddings, birthdays & all events. Compare portfolios, pricing & reviews. Get direct leads via WhatsApp. Book on VenueConnect.",Top Tent Houses in Anand,tent houses in Anand,"tent houses for wedding Anand, best tent houses Anand, affordable tent houses Anand, tent houses contact Anand",Transactional,High
Vendor + City,Choreographers in Anand | VenueConnect,/anand/vendors/choreographers/,Top Choreographers in Anand | Compare & Hire - VenueConnect,"Hire top choreographers in Anand for weddings, birthdays & all events. Compare portfolios, pricing & reviews. Get direct leads via WhatsApp. Book on VenueConnect.",Top Choreographers in Anand,choreographers in Anand,"choreographers for wedding Anand, best choreographers Anand, affordable choreographers Anand, choreographers contact Anand",Transactional,High
Vendor + City,Invitation Cards in Anand | VenueConnect,/anand/vendors/invitation-cards/,Top Invitation Cards in Anand | Compare & Hire - VenueConnect,"Hire top invitation cards in Anand for weddings, birthdays & all events. Compare portfolios, pricing & reviews. Get direct leads via WhatsApp. Book on VenueConnect.",Top Invitation Cards in Anand,invitation cards in Anand,"invitation cards for wedding Anand, best invitation cards Anand, affordable invitation cards Anand, invitation cards contact Anand",Transactional,High
Vendor + City,Cake Shops in Anand | VenueConnect,/anand/vendors/cake-shops/,Top Cake Shops in Anand | Compare & Hire - VenueConnect,"Hire top cake shops in Anand for weddings, birthdays & all events. Compare portfolios, pricing & reviews. Get direct leads via WhatsApp. Book on VenueConnect.",Top Cake Shops in Anand,cake shops in Anand,"cake shops for wedding Anand, best cake shops Anand, affordable cake shops Anand, cake shops contact Anand",Transactional,High
Vendor + City,Jewellers in Anand | VenueConnect,/anand/vendors/jewellers/,Top Jewellers in Anand | Compare & Hire - VenueConnect,"Hire top jewellers in Anand for weddings, birthdays & all events. Compare portfolios, pricing & reviews. Get direct leads via WhatsApp. Book on VenueConnect.",Top Jewellers in Anand,jewellers in Anand,"jewellers for wedding Anand, best jewellers Anand, affordable jewellers Anand, jewellers contact Anand",Transactional,High
Vendor + City,Astrologers in Anand | VenueConnect,/anand/vendors/astrologers/,Top Astrologers in Anand | Compare & Hire - VenueConnect,"Hire top astrologers in Anand for weddings, birthdays & all events. Compare portfolios, pricing & reviews. Get direct leads via WhatsApp. Book on VenueConnect.",Top Astrologers in Anand,astrologers in Anand,"astrologers for wedding Anand, best astrologers Anand, affordable astrologers Anand, astrologers contact Anand",Transactional,High
Vendor + City,Magicians in Anand | VenueConnect,/anand/vendors/magicians/,Top Magicians in Anand | Compare & Hire - VenueConnect,"Hire top magicians in Anand for weddings, birthdays & all events. Compare portfolios, pricing & reviews. Get direct leads via WhatsApp. Book on VenueConnect.",Top Magicians in Anand,magicians in Anand,"magicians for wedding Anand, best magicians Anand, affordable magicians Anand, magicians contact Anand",Transactional,High
Vendor + City,Entertainers in Anand | VenueConnect,/anand/vendors/entertainers/,Top Entertainers in Anand | Compare & Hire - VenueConnect,"Hire top entertainers in Anand for weddings, birthdays & all events. Compare portfolios, pricing & reviews. Get direct leads via WhatsApp. Book on VenueConnect.",Top Entertainers in Anand,entertainers in Anand,"entertainers for wedding Anand, best entertainers Anand, affordable entertainers Anand, entertainers contact Anand",Transactional,High
Vendor + City,Groom Wear in Anand | VenueConnect,/anand/vendors/groom-wear/,Top Groom Wear in Anand | Compare & Hire - VenueConnect,"Hire top groom wear in Anand for weddings, birthdays & all events. Compare portfolios, pricing & reviews. Get direct leads via WhatsApp. Book on VenueConnect.",Top Groom Wear in Anand,groom wear in Anand,"groom wear for wedding Anand, best groom wear Anand, affordable groom wear Anand, groom wear contact Anand",Transactional,High
Vendor + City,Wedding Photographers in Anand | VenueConnect,/anand/vendors/wedding-photographers/,Top Wedding Photographers in Anand | Compare & Hire - VenueConnect,"Hire top wedding photographers in Anand for weddings, birthdays & all events. Compare portfolios, pricing & reviews. Get direct leads via WhatsApp. Book on VenueConnect.",Top Wedding Photographers in Anand,wedding photographers in Anand,"wedding photographers for wedding Anand, best wedding photographers Anand, affordable wedding photographers Anand, wedding photographers contact Anand",Transactional,High
  VENUE TYPE + CITY PAGES,,,,,,,,,
Page Type,Page Title,URL Slug,Meta Title,Meta Description,H1 Tag,Target Keyword,Secondary Keywords,Search Intent,Priority
Venue + City,Banquet Halls in Anand | VenueConnect,/anand/banquet-halls/,Best Banquet Halls in Anand | Compare Prices & Book - VenueConnect,"Find top banquet halls in Anand for any occasion. Compare capacity, pricing & amenities. 100+ verified listings. Get free quotes on VenueConnect Gujarat.",Best Banquet Halls in Anand,banquet halls in Anand,"banquet halls for rent Anand, banquet halls booking Anand, best banquet halls Anand, affordable banquet halls Anand",Transactional,High
Venue + City,Farmhouses in Anand | VenueConnect,/anand/farmhouses/,Best Farmhouses in Anand | Compare Prices & Book - VenueConnect,"Find top farmhouses in Anand for any occasion. Compare capacity, pricing & amenities. 100+ verified listings. Get free quotes on VenueConnect Gujarat.",Best Farmhouses in Anand,farmhouses in Anand,"farmhouses for rent Anand, farmhouses booking Anand, best farmhouses Anand, affordable farmhouses Anand",Transactional,High
Venue + City,Party Plots in Anand | VenueConnect,/anand/party-plots/,Best Party Plots in Anand | Compare Prices & Book - VenueConnect,"Find top party plots in Anand for any occasion. Compare capacity, pricing & amenities. 100+ verified listings. Get free quotes on VenueConnect Gujarat.",Best Party Plots in Anand,party plots in Anand,"party plots for rent Anand, party plots booking Anand, best party plots Anand, affordable party plots Anand",Transactional,High
Venue + City,Hotels in Anand | VenueConnect,/anand/hotels/,Best Hotels in Anand | Compare Prices & Book - VenueConnect,"Find top hotels in Anand for any occasion. Compare capacity, pricing & amenities. 100+ verified listings. Get free quotes on VenueConnect Gujarat.",Best Hotels in Anand,hotels in Anand,"hotels for rent Anand, hotels booking Anand, best hotels Anand, affordable hotels Anand",Transactional,High
Venue + City,Resorts in Anand | VenueConnect,/anand/resorts/,Best Resorts in Anand | Compare Prices & Book - VenueConnect,"Find top resorts in Anand for any occasion. Compare capacity, pricing & amenities. 100+ verified listings. Get free quotes on VenueConnect Gujarat.",Best Resorts in Anand,resorts in Anand,"resorts for rent Anand, resorts booking Anand, best resorts Anand, affordable resorts Anand",Transactional,High
Venue + City,Restaurants in Anand | VenueConnect,/anand/restaurants/,Best Restaurants in Anand | Compare Prices & Book - VenueConnect,"Find top restaurants in Anand for any occasion. Compare capacity, pricing & amenities. 100+ verified listings. Get free quotes on VenueConnect Gujarat.",Best Restaurants in Anand,restaurants in Anand,"restaurants for rent Anand, restaurants booking Anand, best restaurants Anand, affordable restaurants Anand",Transactional,High
Venue + City,Convention Centers in Anand | VenueConnect,/anand/convention-centers/,Best Convention Centers in Anand | Compare Prices & Book - VenueConnect,"Find top convention centers in Anand for any occasion. Compare capacity, pricing & amenities. 100+ verified listings. Get free quotes on VenueConnect Gujarat.",Best Convention Centers in Anand,convention centers in Anand,"convention centers for rent Anand, convention centers booking Anand, best convention centers Anand, affordable convention centers Anand",Transactional,High
Venue + City,Clubs in Anand | VenueConnect,/anand/clubs/,Best Clubs in Anand | Compare Prices & Book - VenueConnect,"Find top clubs in Anand for any occasion. Compare capacity, pricing & amenities. 100+ verified listings. Get free quotes on VenueConnect Gujarat.",Best Clubs in Anand,clubs in Anand,"clubs for rent Anand, clubs booking Anand, best clubs Anand, affordable clubs Anand",Transactional,High
Venue + City,Rooftop Venues in Anand | VenueConnect,/anand/rooftop-venues/,Best Rooftop Venues in Anand | Compare Prices & Book - VenueConnect,"Find top rooftop venues in Anand for any occasion. Compare capacity, pricing & amenities. 100+ verified listings. Get free quotes on VenueConnect Gujarat.",Best Rooftop Venues in Anand,rooftop venues in Anand,"rooftop venues for rent Anand, rooftop venues booking Anand, best rooftop venues Anand, affordable rooftop venues Anand",Transactional,High
Venue + City,Garden Venues in Anand | VenueConnect,/anand/garden-venues/,Best Garden Venues in Anand | Compare Prices & Book - VenueConnect,"Find top garden venues in Anand for any occasion. Compare capacity, pricing & amenities. 100+ verified listings. Get free quotes on VenueConnect Gujarat.",Best Garden Venues in Anand,garden venues in Anand,"garden venues for rent Anand, garden venues booking Anand, best garden venues Anand, affordable garden venues Anand",Transactional,High
Venue + City,Heritage Venues in Anand | VenueConnect,/anand/heritage-venues/,Best Heritage Venues in Anand | Compare Prices & Book - VenueConnect,"Find top heritage venues in Anand for any occasion. Compare capacity, pricing & amenities. 100+ verified listings. Get free quotes on VenueConnect Gujarat.",Best Heritage Venues in Anand,heritage venues in Anand,"heritage venues for rent Anand, heritage venues booking Anand, best heritage venues Anand, affordable heritage venues Anand",Transactional,High
Venue + City,Luxury Venues in Anand | VenueConnect,/anand/luxury-venues/,Best Luxury Venues in Anand | Compare Prices & Book - VenueConnect,"Find top luxury venues in Anand for any occasion. Compare capacity, pricing & amenities. 100+ verified listings. Get free quotes on VenueConnect Gujarat.",Best Luxury Venues in Anand,luxury venues in Anand,"luxury venues for rent Anand, luxury venues booking Anand, best luxury venues Anand, affordable luxury venues Anand",Transactional,High
  EVENT + CITY AREA PAGES (Hyper-local),,,,,,,,,
Page Type,Page Title,URL Slug,Meta Title,Meta Description,H1 Tag,Target Keyword,Secondary Keywords,Search Intent,Priority
Event + City Area,"Wedding Venues in Vallabh Vidyanagar, Anand | VenueConnect",/anand/vallabh-vidyanagar/wedding-venues/,"Best Wedding Venues in Vallabh Vidyanagar, Anand | Book Near You - VenueConnect","Find the perfect wedding venue in Vallabh Vidyanagar, Anand. Compare halls, farmhouses & party plots near Vallabh Vidyanagar. Get instant leads & free quotes on VenueConnect.","Best Wedding Venues in Vallabh Vidyanagar, Anand",wedding venues in Vallabh Vidyanagar Anand,"wedding venue Vallabh Vidyanagar, wedding hall near Vallabh Vidyanagar Anand, wedding venue near Vallabh Vidyanagar",Transactional (Hyper-local),High
Event + City Area,"Birthday Party Venues in Vallabh Vidyanagar, Anand | VenueConnect",/anand/vallabh-vidyanagar/birthday-party-venues/,"Best Birthday Party Venues in Vallabh Vidyanagar, Anand | Book Near You - VenueConnect","Find the perfect birthday party venue in Vallabh Vidyanagar, Anand. Compare halls, farmhouses & party plots near Vallabh Vidyanagar. Get instant leads & free quotes on VenueConnect.","Best Birthday Party Venues in Vallabh Vidyanagar, Anand",birthday party venues in Vallabh Vidyanagar Anand,"birthday party venue Vallabh Vidyanagar, birthday party hall near Vallabh Vidyanagar Anand, birthday party venue near Vallabh Vidyanagar",Transactional (Hyper-local),High
Event + City Area,"Engagement Venues in Vallabh Vidyanagar, Anand | VenueConnect",/anand/vallabh-vidyanagar/engagement-venues/,"Best Engagement Venues in Vallabh Vidyanagar, Anand | Book Near You - VenueConnect","Find the perfect engagement venue in Vallabh Vidyanagar, Anand. Compare halls, farmhouses & party plots near Vallabh Vidyanagar. Get instant leads & free quotes on VenueConnect.","Best Engagement Venues in Vallabh Vidyanagar, Anand",engagement venues in Vallabh Vidyanagar Anand,"engagement venue Vallabh Vidyanagar, engagement hall near Vallabh Vidyanagar Anand, engagement venue near Vallabh Vidyanagar",Transactional (Hyper-local),High
Event + City Area,"Corporate Event Venues in Vallabh Vidyanagar, Anand | VenueConnect",/anand/vallabh-vidyanagar/corporate-event-venues/,"Best Corporate Event Venues in Vallabh Vidyanagar, Anand | Book Near You - VenueConnect","Find the perfect corporate event venue in Vallabh Vidyanagar, Anand. Compare halls, farmhouses & party plots near Vallabh Vidyanagar. Get instant leads & free quotes on VenueConnect.","Best Corporate Event Venues in Vallabh Vidyanagar, Anand",corporate event venues in Vallabh Vidyanagar Anand,"corporate event venue Vallabh Vidyanagar, corporate event hall near Vallabh Vidyanagar Anand, corporate event venue near Vallabh Vidyanagar",Transactional (Hyper-local),High
Event + City Area,"Reception Venues in Vallabh Vidyanagar, Anand | VenueConnect",/anand/vallabh-vidyanagar/reception-venues/,"Best Reception Venues in Vallabh Vidyanagar, Anand | Book Near You - VenueConnect","Find the perfect reception venue in Vallabh Vidyanagar, Anand. Compare halls, farmhouses & party plots near Vallabh Vidyanagar. Get instant leads & free quotes on VenueConnect.","Best Reception Venues in Vallabh Vidyanagar, Anand",reception venues in Vallabh Vidyanagar Anand,"reception venue Vallabh Vidyanagar, reception hall near Vallabh Vidyanagar Anand, reception venue near Vallabh Vidyanagar",Transactional (Hyper-local),High
Event + City Area,"Wedding Venues in Karamsad, Anand | VenueConnect",/anand/karamsad/wedding-venues/,"Best Wedding Venues in Karamsad, Anand | Book Near You - VenueConnect","Find the perfect wedding venue in Karamsad, Anand. Compare halls, farmhouses & party plots near Karamsad. Get instant leads & free quotes on VenueConnect.","Best Wedding Venues in Karamsad, Anand",wedding venues in Karamsad Anand,"wedding venue Karamsad, wedding hall near Karamsad Anand, wedding venue near Karamsad",Transactional (Hyper-local),High
Event + City Area,"Birthday Party Venues in Karamsad, Anand | VenueConnect",/anand/karamsad/birthday-party-venues/,"Best Birthday Party Venues in Karamsad, Anand | Book Near You - VenueConnect","Find the perfect birthday party venue in Karamsad, Anand. Compare halls, farmhouses & party plots near Karamsad. Get instant leads & free quotes on VenueConnect.","Best Birthday Party Venues in Karamsad, Anand",birthday party venues in Karamsad Anand,"birthday party venue Karamsad, birthday party hall near Karamsad Anand, birthday party venue near Karamsad",Transactional (Hyper-local),High
Event + City Area,"Engagement Venues in Karamsad, Anand | VenueConnect",/anand/karamsad/engagement-venues/,"Best Engagement Venues in Karamsad, Anand | Book Near You - VenueConnect","Find the perfect engagement venue in Karamsad, Anand. Compare halls, farmhouses & party plots near Karamsad. Get instant leads & free quotes on VenueConnect.","Best Engagement Venues in Karamsad, Anand",engagement venues in Karamsad Anand,"engagement venue Karamsad, engagement hall near Karamsad Anand, engagement venue near Karamsad",Transactional (Hyper-local),High
Event + City Area,"Corporate Event Venues in Karamsad, Anand | VenueConnect",/anand/karamsad/corporate-event-venues/,"Best Corporate Event Venues in Karamsad, Anand | Book Near You - VenueConnect","Find the perfect corporate event venue in Karamsad, Anand. Compare halls, farmhouses & party plots near Karamsad. Get instant leads & free quotes on VenueConnect.","Best Corporate Event Venues in Karamsad, Anand",corporate event venues in Karamsad Anand,"corporate event venue Karamsad, corporate event hall near Karamsad Anand, corporate event venue near Karamsad",Transactional (Hyper-local),High
Event + City Area,"Reception Venues in Karamsad, Anand | VenueConnect",/anand/karamsad/reception-venues/,"Best Reception Venues in Karamsad, Anand | Book Near You - VenueConnect","Find the perfect reception venue in Karamsad, Anand. Compare halls, farmhouses & party plots near Karamsad. Get instant leads & free quotes on VenueConnect.","Best Reception Venues in Karamsad, Anand",reception venues in Karamsad Anand,"reception venue Karamsad, reception hall near Karamsad Anand, reception venue near Karamsad",Transactional (Hyper-local),High
Event + City Area,"Wedding Venues in Anand Station Road, Anand | VenueConnect",/anand/anand-station-road/wedding-venues/,"Best Wedding Venues in Anand Station Road, Anand | Book Near You - VenueConnect","Find the perfect wedding venue in Anand Station Road, Anand. Compare halls, farmhouses & party plots near Anand Station Road. Get instant leads & free quotes on VenueConnect.","Best Wedding Venues in Anand Station Road, Anand",wedding venues in Anand Station Road Anand,"wedding venue Anand Station Road, wedding hall near Anand Station Road Anand, wedding venue near Anand Station Road",Transactional (Hyper-local),High
Event + City Area,"Birthday Party Venues in Anand Station Road, Anand | VenueConnect",/anand/anand-station-road/birthday-party-venues/,"Best Birthday Party Venues in Anand Station Road, Anand | Book Near You - VenueConnect","Find the perfect birthday party venue in Anand Station Road, Anand. Compare halls, farmhouses & party plots near Anand Station Road. Get instant leads & free quotes on VenueConnect.","Best Birthday Party Venues in Anand Station Road, Anand",birthday party venues in Anand Station Road Anand,"birthday party venue Anand Station Road, birthday party hall near Anand Station Road Anand, birthday party venue near Anand Station Road",Transactional (Hyper-local),High
Event + City Area,"Engagement Venues in Anand Station Road, Anand | VenueConnect",/anand/anand-station-road/engagement-venues/,"Best Engagement Venues in Anand Station Road, Anand | Book Near You - VenueConnect","Find the perfect engagement venue in Anand Station Road, Anand. Compare halls, farmhouses & party plots near Anand Station Road. Get instant leads & free quotes on VenueConnect.","Best Engagement Venues in Anand Station Road, Anand",engagement venues in Anand Station Road Anand,"engagement venue Anand Station Road, engagement hall near Anand Station Road Anand, engagement venue near Anand Station Road",Transactional (Hyper-local),High
Event + City Area,"Corporate Event Venues in Anand Station Road, Anand | VenueConnect",/anand/anand-station-road/corporate-event-venues/,"Best Corporate Event Venues in Anand Station Road, Anand | Book Near You - VenueConnect","Find the perfect corporate event venue in Anand Station Road, Anand. Compare halls, farmhouses & party plots near Anand Station Road. Get instant leads & free quotes on VenueConnect.","Best Corporate Event Venues in Anand Station Road, Anand",corporate event venues in Anand Station Road Anand,"corporate event venue Anand Station Road, corporate event hall near Anand Station Road Anand, corporate event venue near Anand Station Road",Transactional (Hyper-local),High
Event + City Area,"Reception Venues in Anand Station Road, Anand | VenueConnect",/anand/anand-station-road/reception-venues/,"Best Reception Venues in Anand Station Road, Anand | Book Near You - VenueConnect","Find the perfect reception venue in Anand Station Road, Anand. Compare halls, farmhouses & party plots near Anand Station Road. Get instant leads & free quotes on VenueConnect.","Best Reception Venues in Anand Station Road, Anand",reception venues in Anand Station Road Anand,"reception venue Anand Station Road, reception hall near Anand Station Road Anand, reception venue near Anand Station Road",Transactional (Hyper-local),High
Event + City Area,"Wedding Venues in Bakrol, Anand | VenueConnect",/anand/bakrol/wedding-venues/,"Best Wedding Venues in Bakrol, Anand | Book Near You - VenueConnect","Find the perfect wedding venue in Bakrol, Anand. Compare halls, farmhouses & party plots near Bakrol. Get instant leads & free quotes on VenueConnect.","Best Wedding Venues in Bakrol, Anand",wedding venues in Bakrol Anand,"wedding venue Bakrol, wedding hall near Bakrol Anand, wedding venue near Bakrol",Transactional (Hyper-local),High
Event + City Area,"Birthday Party Venues in Bakrol, Anand | VenueConnect",/anand/bakrol/birthday-party-venues/,"Best Birthday Party Venues in Bakrol, Anand | Book Near You - VenueConnect","Find the perfect birthday party venue in Bakrol, Anand. Compare halls, farmhouses & party plots near Bakrol. Get instant leads & free quotes on VenueConnect.","Best Birthday Party Venues in Bakrol, Anand",birthday party venues in Bakrol Anand,"birthday party venue Bakrol, birthday party hall near Bakrol Anand, birthday party venue near Bakrol",Transactional (Hyper-local),High
Event + City Area,"Engagement Venues in Bakrol, Anand | VenueConnect",/anand/bakrol/engagement-venues/,"Best Engagement Venues in Bakrol, Anand | Book Near You - VenueConnect","Find the perfect engagement venue in Bakrol, Anand. Compare halls, farmhouses & party plots near Bakrol. Get instant leads & free quotes on VenueConnect.","Best Engagement Venues in Bakrol, Anand",engagement venues in Bakrol Anand,"engagement venue Bakrol, engagement hall near Bakrol Anand, engagement venue near Bakrol",Transactional (Hyper-local),High
Event + City Area,"Corporate Event Venues in Bakrol, Anand | VenueConnect",/anand/bakrol/corporate-event-venues/,"Best Corporate Event Venues in Bakrol, Anand | Book Near You - VenueConnect","Find the perfect corporate event venue in Bakrol, Anand. Compare halls, farmhouses & party plots near Bakrol. Get instant leads & free quotes on VenueConnect.","Best Corporate Event Venues in Bakrol, Anand",corporate event venues in Bakrol Anand,"corporate event venue Bakrol, corporate event hall near Bakrol Anand, corporate event venue near Bakrol",Transactional (Hyper-local),High
Event + City Area,"Reception Venues in Bakrol, Anand | VenueConnect",/anand/bakrol/reception-venues/,"Best Reception Venues in Bakrol, Anand | Book Near You - VenueConnect","Find the perfect reception venue in Bakrol, Anand. Compare halls, farmhouses & party plots near Bakrol. Get instant leads & free quotes on VenueConnect.","Best Reception Venues in Bakrol, Anand",reception venues in Bakrol Anand,"reception venue Bakrol, reception hall near Bakrol Anand, reception venue near Bakrol",Transactional (Hyper-local),High
Event + City Area,"Wedding Venues in Lambhvel, Anand | VenueConnect",/anand/lambhvel/wedding-venues/,"Best Wedding Venues in Lambhvel, Anand | Book Near You - VenueConnect","Find the perfect wedding venue in Lambhvel, Anand. Compare halls, farmhouses & party plots near Lambhvel. Get instant leads & free quotes on VenueConnect.","Best Wedding Venues in Lambhvel, Anand",wedding venues in Lambhvel Anand,"wedding venue Lambhvel, wedding hall near Lambhvel Anand, wedding venue near Lambhvel",Transactional (Hyper-local),High
Event + City Area,"Birthday Party Venues in Lambhvel, Anand | VenueConnect",/anand/lambhvel/birthday-party-venues/,"Best Birthday Party Venues in Lambhvel, Anand | Book Near You - VenueConnect","Find the perfect birthday party venue in Lambhvel, Anand. Compare halls, farmhouses & party plots near Lambhvel. Get instant leads & free quotes on VenueConnect.","Best Birthday Party Venues in Lambhvel, Anand",birthday party venues in Lambhvel Anand,"birthday party venue Lambhvel, birthday party hall near Lambhvel Anand, birthday party venue near Lambhvel",Transactional (Hyper-local),High
Event + City Area,"Engagement Venues in Lambhvel, Anand | VenueConnect",/anand/lambhvel/engagement-venues/,"Best Engagement Venues in Lambhvel, Anand | Book Near You - VenueConnect","Find the perfect engagement venue in Lambhvel, Anand. Compare halls, farmhouses & party plots near Lambhvel. Get instant leads & free quotes on VenueConnect.","Best Engagement Venues in Lambhvel, Anand",engagement venues in Lambhvel Anand,"engagement venue Lambhvel, engagement hall near Lambhvel Anand, engagement venue near Lambhvel",Transactional (Hyper-local),High
Event + City Area,"Corporate Event Venues in Lambhvel, Anand | VenueConnect",/anand/lambhvel/corporate-event-venues/,"Best Corporate Event Venues in Lambhvel, Anand | Book Near You - VenueConnect","Find the perfect corporate event venue in Lambhvel, Anand. Compare halls, farmhouses & party plots near Lambhvel. Get instant leads & free quotes on VenueConnect.","Best Corporate Event Venues in Lambhvel, Anand",corporate event venues in Lambhvel Anand,"corporate event venue Lambhvel, corporate event hall near Lambhvel Anand, corporate event venue near Lambhvel",Transactional (Hyper-local),High
Event + City Area,"Reception Venues in Lambhvel, Anand | VenueConnect",/anand/lambhvel/reception-venues/,"Best Reception Venues in Lambhvel, Anand | Book Near You - VenueConnect","Find the perfect reception venue in Lambhvel, Anand. Compare halls, farmhouses & party plots near Lambhvel. Get instant leads & free quotes on VenueConnect.","Best Reception Venues in Lambhvel, Anand",reception venues in Lambhvel Anand,"reception venue Lambhvel, reception hall near Lambhvel Anand, reception venue near Lambhvel",Transactional (Hyper-local),High
Event + City Area,"Wedding Venues in Vidyanagar, Anand | VenueConnect",/anand/vidyanagar/wedding-venues/,"Best Wedding Venues in Vidyanagar, Anand | Book Near You - VenueConnect","Find the perfect wedding venue in Vidyanagar, Anand. Compare halls, farmhouses & party plots near Vidyanagar. Get instant leads & free quotes on VenueConnect.","Best Wedding Venues in Vidyanagar, Anand",wedding venues in Vidyanagar Anand,"wedding venue Vidyanagar, wedding hall near Vidyanagar Anand, wedding venue near Vidyanagar",Transactional (Hyper-local),High
Event + City Area,"Birthday Party Venues in Vidyanagar, Anand | VenueConnect",/anand/vidyanagar/birthday-party-venues/,"Best Birthday Party Venues in Vidyanagar, Anand | Book Near You - VenueConnect","Find the perfect birthday party venue in Vidyanagar, Anand. Compare halls, farmhouses & party plots near Vidyanagar. Get instant leads & free quotes on VenueConnect.","Best Birthday Party Venues in Vidyanagar, Anand",birthday party venues in Vidyanagar Anand,"birthday party venue Vidyanagar, birthday party hall near Vidyanagar Anand, birthday party venue near Vidyanagar",Transactional (Hyper-local),High
Event + City Area,"Engagement Venues in Vidyanagar, Anand | VenueConnect",/anand/vidyanagar/engagement-venues/,"Best Engagement Venues in Vidyanagar, Anand | Book Near You - VenueConnect","Find the perfect engagement venue in Vidyanagar, Anand. Compare halls, farmhouses & party plots near Vidyanagar. Get instant leads & free quotes on VenueConnect.","Best Engagement Venues in Vidyanagar, Anand",engagement venues in Vidyanagar Anand,"engagement venue Vidyanagar, engagement hall near Vidyanagar Anand, engagement venue near Vidyanagar",Transactional (Hyper-local),High
Event + City Area,"Corporate Event Venues in Vidyanagar, Anand | VenueConnect",/anand/vidyanagar/corporate-event-venues/,"Best Corporate Event Venues in Vidyanagar, Anand | Book Near You - VenueConnect","Find the perfect corporate event venue in Vidyanagar, Anand. Compare halls, farmhouses & party plots near Vidyanagar. Get instant leads & free quotes on VenueConnect.","Best Corporate Event Venues in Vidyanagar, Anand",corporate event venues in Vidyanagar Anand,"corporate event venue Vidyanagar, corporate event hall near Vidyanagar Anand, corporate event venue near Vidyanagar",Transactional (Hyper-local),High
Event + City Area,"Reception Venues in Vidyanagar, Anand | VenueConnect",/anand/vidyanagar/reception-venues/,"Best Reception Venues in Vidyanagar, Anand | Book Near You - VenueConnect","Find the perfect reception venue in Vidyanagar, Anand. Compare halls, farmhouses & party plots near Vidyanagar. Get instant leads & free quotes on VenueConnect.","Best Reception Venues in Vidyanagar, Anand",reception venues in Vidyanagar Anand,"reception venue Vidyanagar, reception hall near Vidyanagar Anand, reception venue near Vidyanagar",Transactional (Hyper-local),High
Event + City Area,"Wedding Venues in GIDC Anand, Anand | VenueConnect",/anand/gidc-anand/wedding-venues/,"Best Wedding Venues in GIDC Anand, Anand | Book Near You - VenueConnect","Find the perfect wedding venue in GIDC Anand, Anand. Compare halls, farmhouses & party plots near GIDC Anand. Get instant leads & free quotes on VenueConnect.","Best Wedding Venues in GIDC Anand, Anand",wedding venues in GIDC Anand Anand,"wedding venue GIDC Anand, wedding hall near GIDC Anand Anand, wedding venue near GIDC Anand",Transactional (Hyper-local),High
Event + City Area,"Birthday Party Venues in GIDC Anand, Anand | VenueConnect",/anand/gidc-anand/birthday-party-venues/,"Best Birthday Party Venues in GIDC Anand, Anand | Book Near You - VenueConnect","Find the perfect birthday party venue in GIDC Anand, Anand. Compare halls, farmhouses & party plots near GIDC Anand. Get instant leads & free quotes on VenueConnect.","Best Birthday Party Venues in GIDC Anand, Anand",birthday party venues in GIDC Anand Anand,"birthday party venue GIDC Anand, birthday party hall near GIDC Anand Anand, birthday party venue near GIDC Anand",Transactional (Hyper-local),High
Event + City Area,"Engagement Venues in GIDC Anand, Anand | VenueConnect",/anand/gidc-anand/engagement-venues/,"Best Engagement Venues in GIDC Anand, Anand | Book Near You - VenueConnect","Find the perfect engagement venue in GIDC Anand, Anand. Compare halls, farmhouses & party plots near GIDC Anand. Get instant leads & free quotes on VenueConnect.","Best Engagement Venues in GIDC Anand, Anand",engagement venues in GIDC Anand Anand,"engagement venue GIDC Anand, engagement hall near GIDC Anand Anand, engagement venue near GIDC Anand",Transactional (Hyper-local),High
Event + City Area,"Corporate Event Venues in GIDC Anand, Anand | VenueConnect",/anand/gidc-anand/corporate-event-venues/,"Best Corporate Event Venues in GIDC Anand, Anand | Book Near You - VenueConnect","Find the perfect corporate event venue in GIDC Anand, Anand. Compare halls, farmhouses & party plots near GIDC Anand. Get instant leads & free quotes on VenueConnect.","Best Corporate Event Venues in GIDC Anand, Anand",corporate event venues in GIDC Anand Anand,"corporate event venue GIDC Anand, corporate event hall near GIDC Anand Anand, corporate event venue near GIDC Anand",Transactional (Hyper-local),High
Event + City Area,"Reception Venues in GIDC Anand, Anand | VenueConnect",/anand/gidc-anand/reception-venues/,"Best Reception Venues in GIDC Anand, Anand | Book Near You - VenueConnect","Find the perfect reception venue in GIDC Anand, Anand. Compare halls, farmhouses & party plots near GIDC Anand. Get instant leads & free quotes on VenueConnect.","Best Reception Venues in GIDC Anand, Anand",reception venues in GIDC Anand Anand,"reception venue GIDC Anand, reception hall near GIDC Anand Anand, reception venue near GIDC Anand",Transactional (Hyper-local),High
Event + City Area,"Wedding Venues in Anand Agriculture University, Anand | VenueConnect",/anand/anand-agriculture-university/wedding-venues/,"Best Wedding Venues in Anand Agriculture University, Anand | Book Near You - VenueConnect","Find the perfect wedding venue in Anand Agriculture University, Anand. Compare halls, farmhouses & party plots near Anand Agriculture University. Get instant leads & free quotes on VenueConnect.","Best Wedding Venues in Anand Agriculture University, Anand",wedding venues in Anand Agriculture University Anand,"wedding venue Anand Agriculture University, wedding hall near Anand Agriculture University Anand, wedding venue near Anand Agriculture University",Transactional (Hyper-local),High
Event + City Area,"Birthday Party Venues in Anand Agriculture University, Anand | VenueConnect",/anand/anand-agriculture-university/birthday-party-venues/,"Best Birthday Party Venues in Anand Agriculture University, Anand | Book Near You - VenueConnect","Find the perfect birthday party venue in Anand Agriculture University, Anand. Compare halls, farmhouses & party plots near Anand Agriculture University. Get instant leads & free quotes on VenueConnect.","Best Birthday Party Venues in Anand Agriculture University, Anand",birthday party venues in Anand Agriculture University Anand,"birthday party venue Anand Agriculture University, birthday party hall near Anand Agriculture University Anand, birthday party venue near Anand Agriculture University",Transactional (Hyper-local),High
Event + City Area,"Engagement Venues in Anand Agriculture University, Anand | VenueConnect",/anand/anand-agriculture-university/engagement-venues/,"Best Engagement Venues in Anand Agriculture University, Anand | Book Near You - VenueConnect","Find the perfect engagement venue in Anand Agriculture University, Anand. Compare halls, farmhouses & party plots near Anand Agriculture University. Get instant leads & free quotes on VenueConnect.","Best Engagement Venues in Anand Agriculture University, Anand",engagement venues in Anand Agriculture University Anand,"engagement venue Anand Agriculture University, engagement hall near Anand Agriculture University Anand, engagement venue near Anand Agriculture University",Transactional (Hyper-local),High
Event + City Area,"Corporate Event Venues in Anand Agriculture University, Anand | VenueConnect",/anand/anand-agriculture-university/corporate-event-venues/,"Best Corporate Event Venues in Anand Agriculture University, Anand | Book Near You - VenueConnect","Find the perfect corporate event venue in Anand Agriculture University, Anand. Compare halls, farmhouses & party plots near Anand Agriculture University. Get instant leads & free quotes on VenueConnect.","Best Corporate Event Venues in Anand Agriculture University, Anand",corporate event venues in Anand Agriculture University Anand,"corporate event venue Anand Agriculture University, corporate event hall near Anand Agriculture University Anand, corporate event venue near Anand Agriculture University",Transactional (Hyper-local),High
Event + City Area,"Reception Venues in Anand Agriculture University, Anand | VenueConnect",/anand/anand-agriculture-university/reception-venues/,"Best Reception Venues in Anand Agriculture University, Anand | Book Near You - VenueConnect","Find the perfect reception venue in Anand Agriculture University, Anand. Compare halls, farmhouses & party plots near Anand Agriculture University. Get instant leads & free quotes on VenueConnect.","Best Reception Venues in Anand Agriculture University, Anand",reception venues in Anand Agriculture University Anand,"reception venue Anand Agriculture University, reception hall near Anand Agriculture University Anand, reception venue near Anand Agriculture University",Transactional (Hyper-local),High
Event + City Area,"Wedding Venues in Borsad Road, Anand | VenueConnect",/anand/borsad-road/wedding-venues/,"Best Wedding Venues in Borsad Road, Anand | Book Near You - VenueConnect","Find the perfect wedding venue in Borsad Road, Anand. Compare halls, farmhouses & party plots near Borsad Road. Get instant leads & free quotes on VenueConnect.","Best Wedding Venues in Borsad Road, Anand",wedding venues in Borsad Road Anand,"wedding venue Borsad Road, wedding hall near Borsad Road Anand, wedding venue near Borsad Road",Transactional (Hyper-local),High
Event + City Area,"Birthday Party Venues in Borsad Road, Anand | VenueConnect",/anand/borsad-road/birthday-party-venues/,"Best Birthday Party Venues in Borsad Road, Anand | Book Near You - VenueConnect","Find the perfect birthday party venue in Borsad Road, Anand. Compare halls, farmhouses & party plots near Borsad Road. Get instant leads & free quotes on VenueConnect.","Best Birthday Party Venues in Borsad Road, Anand",birthday party venues in Borsad Road Anand,"birthday party venue Borsad Road, birthday party hall near Borsad Road Anand, birthday party venue near Borsad Road",Transactional (Hyper-local),High
Event + City Area,"Engagement Venues in Borsad Road, Anand | VenueConnect",/anand/borsad-road/engagement-venues/,"Best Engagement Venues in Borsad Road, Anand | Book Near You - VenueConnect","Find the perfect engagement venue in Borsad Road, Anand. Compare halls, farmhouses & party plots near Borsad Road. Get instant leads & free quotes on VenueConnect.","Best Engagement Venues in Borsad Road, Anand",engagement venues in Borsad Road Anand,"engagement venue Borsad Road, engagement hall near Borsad Road Anand, engagement venue near Borsad Road",Transactional (Hyper-local),High
Event + City Area,"Corporate Event Venues in Borsad Road, Anand | VenueConnect",/anand/borsad-road/corporate-event-venues/,"Best Corporate Event Venues in Borsad Road, Anand | Book Near You - VenueConnect","Find the perfect corporate event venue in Borsad Road, Anand. Compare halls, farmhouses & party plots near Borsad Road. Get instant leads & free quotes on VenueConnect.","Best Corporate Event Venues in Borsad Road, Anand",corporate event venues in Borsad Road Anand,"corporate event venue Borsad Road, corporate event hall near Borsad Road Anand, corporate event venue near Borsad Road",Transactional (Hyper-local),High
Event + City Area,"Reception Venues in Borsad Road, Anand | VenueConnect",/anand/borsad-road/reception-venues/,"Best Reception Venues in Borsad Road, Anand | Book Near You - VenueConnect","Find the perfect reception venue in Borsad Road, Anand. Compare halls, farmhouses & party plots near Borsad Road. Get instant leads & free quotes on VenueConnect.","Best Reception Venues in Borsad Road, Anand",reception venues in Borsad Road Anand,"reception venue Borsad Road, reception hall near Borsad Road Anand, reception venue near Borsad Road",Transactional (Hyper-local),High
Event + City Area,"Wedding Venues in Changa, Anand | VenueConnect",/anand/changa/wedding-venues/,"Best Wedding Venues in Changa, Anand | Book Near You - VenueConnect","Find the perfect wedding venue in Changa, Anand. Compare halls, farmhouses & party plots near Changa. Get instant leads & free quotes on VenueConnect.","Best Wedding Venues in Changa, Anand",wedding venues in Changa Anand,"wedding venue Changa, wedding hall near Changa Anand, wedding venue near Changa",Transactional (Hyper-local),High
Event + City Area,"Birthday Party Venues in Changa, Anand | VenueConnect",/anand/changa/birthday-party-venues/,"Best Birthday Party Venues in Changa, Anand | Book Near You - VenueConnect","Find the perfect birthday party venue in Changa, Anand. Compare halls, farmhouses & party plots near Changa. Get instant leads & free quotes on VenueConnect.","Best Birthday Party Venues in Changa, Anand",birthday party venues in Changa Anand,"birthday party venue Changa, birthday party hall near Changa Anand, birthday party venue near Changa",Transactional (Hyper-local),High
Event + City Area,"Engagement Venues in Changa, Anand | VenueConnect",/anand/changa/engagement-venues/,"Best Engagement Venues in Changa, Anand | Book Near You - VenueConnect","Find the perfect engagement venue in Changa, Anand. Compare halls, farmhouses & party plots near Changa. Get instant leads & free quotes on VenueConnect.","Best Engagement Venues in Changa, Anand",engagement venues in Changa Anand,"engagement venue Changa, engagement hall near Changa Anand, engagement venue near Changa",Transactional (Hyper-local),High
Event + City Area,"Corporate Event Venues in Changa, Anand | VenueConnect",/anand/changa/corporate-event-venues/,"Best Corporate Event Venues in Changa, Anand | Book Near You - VenueConnect","Find the perfect corporate event venue in Changa, Anand. Compare halls, farmhouses & party plots near Changa. Get instant leads & free quotes on VenueConnect.","Best Corporate Event Venues in Changa, Anand",corporate event venues in Changa Anand,"corporate event venue Changa, corporate event hall near Changa Anand, corporate event venue near Changa",Transactional (Hyper-local),High
Event + City Area,"Reception Venues in Changa, Anand | VenueConnect",/anand/changa/reception-venues/,"Best Reception Venues in Changa, Anand | Book Near You - VenueConnect","Find the perfect reception venue in Changa, Anand. Compare halls, farmhouses & party plots near Changa. Get instant leads & free quotes on VenueConnect.","Best Reception Venues in Changa, Anand",reception venues in Changa Anand,"reception venue Changa, reception hall near Changa Anand, reception venue near Changa",Transactional (Hyper-local),High
Event + City Area,"Wedding Venues in Dakor Road, Anand | VenueConnect",/anand/dakor-road/wedding-venues/,"Best Wedding Venues in Dakor Road, Anand | Book Near You - VenueConnect","Find the perfect wedding venue in Dakor Road, Anand. Compare halls, farmhouses & party plots near Dakor Road. Get instant leads & free quotes on VenueConnect.","Best Wedding Venues in Dakor Road, Anand",wedding venues in Dakor Road Anand,"wedding venue Dakor Road, wedding hall near Dakor Road Anand, wedding venue near Dakor Road",Transactional (Hyper-local),High
Event + City Area,"Birthday Party Venues in Dakor Road, Anand | VenueConnect",/anand/dakor-road/birthday-party-venues/,"Best Birthday Party Venues in Dakor Road, Anand | Book Near You - VenueConnect","Find the perfect birthday party venue in Dakor Road, Anand. Compare halls, farmhouses & party plots near Dakor Road. Get instant leads & free quotes on VenueConnect.","Best Birthday Party Venues in Dakor Road, Anand",birthday party venues in Dakor Road Anand,"birthday party venue Dakor Road, birthday party hall near Dakor Road Anand, birthday party venue near Dakor Road",Transactional (Hyper-local),High
Event + City Area,"Engagement Venues in Dakor Road, Anand | VenueConnect",/anand/dakor-road/engagement-venues/,"Best Engagement Venues in Dakor Road, Anand | Book Near You - VenueConnect","Find the perfect engagement venue in Dakor Road, Anand. Compare halls, farmhouses & party plots near Dakor Road. Get instant leads & free quotes on VenueConnect.","Best Engagement Venues in Dakor Road, Anand",engagement venues in Dakor Road Anand,"engagement venue Dakor Road, engagement hall near Dakor Road Anand, engagement venue near Dakor Road",Transactional (Hyper-local),High
Event + City Area,"Corporate Event Venues in Dakor Road, Anand | VenueConnect",/anand/dakor-road/corporate-event-venues/,"Best Corporate Event Venues in Dakor Road, Anand | Book Near You - VenueConnect","Find the perfect corporate event venue in Dakor Road, Anand. Compare halls, farmhouses & party plots near Dakor Road. Get instant leads & free quotes on VenueConnect.","Best Corporate Event Venues in Dakor Road, Anand",corporate event venues in Dakor Road Anand,"corporate event venue Dakor Road, corporate event hall near Dakor Road Anand, corporate event venue near Dakor Road",Transactional (Hyper-local),High
Event + City Area,"Reception Venues in Dakor Road, Anand | VenueConnect",/anand/dakor-road/reception-venues/,"Best Reception Venues in Dakor Road, Anand | Book Near You - VenueConnect","Find the perfect reception venue in Dakor Road, Anand. Compare halls, farmhouses & party plots near Dakor Road. Get instant leads & free quotes on VenueConnect.","Best Reception Venues in Dakor Road, Anand",reception venues in Dakor Road Anand,"reception venue Dakor Road, reception hall near Dakor Road Anand, reception venue near Dakor Road",Transactional (Hyper-local),High
Event + City Area,"Wedding Venues in Dharmaj, Anand | VenueConnect",/anand/dharmaj/wedding-venues/,"Best Wedding Venues in Dharmaj, Anand | Book Near You - VenueConnect","Find the perfect wedding venue in Dharmaj, Anand. Compare halls, farmhouses & party plots near Dharmaj. Get instant leads & free quotes on VenueConnect.","Best Wedding Venues in Dharmaj, Anand",wedding venues in Dharmaj Anand,"wedding venue Dharmaj, wedding hall near Dharmaj Anand, wedding venue near Dharmaj",Transactional (Hyper-local),High
Event + City Area,"Birthday Party Venues in Dharmaj, Anand | VenueConnect",/anand/dharmaj/birthday-party-venues/,"Best Birthday Party Venues in Dharmaj, Anand | Book Near You - VenueConnect","Find the perfect birthday party venue in Dharmaj, Anand. Compare halls, farmhouses & party plots near Dharmaj. Get instant leads & free quotes on VenueConnect.","Best Birthday Party Venues in Dharmaj, Anand",birthday party venues in Dharmaj Anand,"birthday party venue Dharmaj, birthday party hall near Dharmaj Anand, birthday party venue near Dharmaj",Transactional (Hyper-local),High
Event + City Area,"Engagement Venues in Dharmaj, Anand | VenueConnect",/anand/dharmaj/engagement-venues/,"Best Engagement Venues in Dharmaj, Anand | Book Near You - VenueConnect","Find the perfect engagement venue in Dharmaj, Anand. Compare halls, farmhouses & party plots near Dharmaj. Get instant leads & free quotes on VenueConnect.","Best Engagement Venues in Dharmaj, Anand",engagement venues in Dharmaj Anand,"engagement venue Dharmaj, engagement hall near Dharmaj Anand, engagement venue near Dharmaj",Transactional (Hyper-local),High
Event + City Area,"Corporate Event Venues in Dharmaj, Anand | VenueConnect",/anand/dharmaj/corporate-event-venues/,"Best Corporate Event Venues in Dharmaj, Anand | Book Near You - VenueConnect","Find the perfect corporate event venue in Dharmaj, Anand. Compare halls, farmhouses & party plots near Dharmaj. Get instant leads & free quotes on VenueConnect.","Best Corporate Event Venues in Dharmaj, Anand",corporate event venues in Dharmaj Anand,"corporate event venue Dharmaj, corporate event hall near Dharmaj Anand, corporate event venue near Dharmaj",Transactional (Hyper-local),High
Event + City Area,"Reception Venues in Dharmaj, Anand | VenueConnect",/anand/dharmaj/reception-venues/,"Best Reception Venues in Dharmaj, Anand | Book Near You - VenueConnect","Find the perfect reception venue in Dharmaj, Anand. Compare halls, farmhouses & party plots near Dharmaj. Get instant leads & free quotes on VenueConnect.","Best Reception Venues in Dharmaj, Anand",reception venues in Dharmaj Anand,"reception venue Dharmaj, reception hall near Dharmaj Anand, reception venue near Dharmaj",Transactional (Hyper-local),High
Event + City Area,"Wedding Venues in Gujarat Vidyapith Road, Anand | VenueConnect",/anand/gujarat-vidyapith-road/wedding-venues/,"Best Wedding Venues in Gujarat Vidyapith Road, Anand | Book Near You - VenueConnect","Find the perfect wedding venue in Gujarat Vidyapith Road, Anand. Compare halls, farmhouses & party plots near Gujarat Vidyapith Road. Get instant leads & free quotes on VenueConnect.","Best Wedding Venues in Gujarat Vidyapith Road, Anand",wedding venues in Gujarat Vidyapith Road Anand,"wedding venue Gujarat Vidyapith Road, wedding hall near Gujarat Vidyapith Road Anand, wedding venue near Gujarat Vidyapith Road",Transactional (Hyper-local),High
Event + City Area,"Birthday Party Venues in Gujarat Vidyapith Road, Anand | VenueConnect",/anand/gujarat-vidyapith-road/birthday-party-venues/,"Best Birthday Party Venues in Gujarat Vidyapith Road, Anand | Book Near You - VenueConnect","Find the perfect birthday party venue in Gujarat Vidyapith Road, Anand. Compare halls, farmhouses & party plots near Gujarat Vidyapith Road. Get instant leads & free quotes on VenueConnect.","Best Birthday Party Venues in Gujarat Vidyapith Road, Anand",birthday party venues in Gujarat Vidyapith Road Anand,"birthday party venue Gujarat Vidyapith Road, birthday party hall near Gujarat Vidyapith Road Anand, birthday party venue near Gujarat Vidyapith Road",Transactional (Hyper-local),High
Event + City Area,"Engagement Venues in Gujarat Vidyapith Road, Anand | VenueConnect",/anand/gujarat-vidyapith-road/engagement-venues/,"Best Engagement Venues in Gujarat Vidyapith Road, Anand | Book Near You - VenueConnect","Find the perfect engagement venue in Gujarat Vidyapith Road, Anand. Compare halls, farmhouses & party plots near Gujarat Vidyapith Road. Get instant leads & free quotes on VenueConnect.","Best Engagement Venues in Gujarat Vidyapith Road, Anand",engagement venues in Gujarat Vidyapith Road Anand,"engagement venue Gujarat Vidyapith Road, engagement hall near Gujarat Vidyapith Road Anand, engagement venue near Gujarat Vidyapith Road",Transactional (Hyper-local),High
Event + City Area,"Corporate Event Venues in Gujarat Vidyapith Road, Anand | VenueConnect",/anand/gujarat-vidyapith-road/corporate-event-venues/,"Best Corporate Event Venues in Gujarat Vidyapith Road, Anand | Book Near You - VenueConnect","Find the perfect corporate event venue in Gujarat Vidyapith Road, Anand. Compare halls, farmhouses & party plots near Gujarat Vidyapith Road. Get instant leads & free quotes on VenueConnect.","Best Corporate Event Venues in Gujarat Vidyapith Road, Anand",corporate event venues in Gujarat Vidyapith Road Anand,"corporate event venue Gujarat Vidyapith Road, corporate event hall near Gujarat Vidyapith Road Anand, corporate event venue near Gujarat Vidyapith Road",Transactional (Hyper-local),High
Event + City Area,"Reception Venues in Gujarat Vidyapith Road, Anand | VenueConnect",/anand/gujarat-vidyapith-road/reception-venues/,"Best Reception Venues in Gujarat Vidyapith Road, Anand | Book Near You - VenueConnect","Find the perfect reception venue in Gujarat Vidyapith Road, Anand. Compare halls, farmhouses & party plots near Gujarat Vidyapith Road. Get instant leads & free quotes on VenueConnect.","Best Reception Venues in Gujarat Vidyapith Road, Anand",reception venues in Gujarat Vidyapith Road Anand,"reception venue Gujarat Vidyapith Road, reception hall near Gujarat Vidyapith Road Anand, reception venue near Gujarat Vidyapith Road",Transactional (Hyper-local),High
Event + City Area,"Wedding Venues in Khambhat Road, Anand | VenueConnect",/anand/khambhat-road/wedding-venues/,"Best Wedding Venues in Khambhat Road, Anand | Book Near You - VenueConnect","Find the perfect wedding venue in Khambhat Road, Anand. Compare halls, farmhouses & party plots near Khambhat Road. Get instant leads & free quotes on VenueConnect.","Best Wedding Venues in Khambhat Road, Anand",wedding venues in Khambhat Road Anand,"wedding venue Khambhat Road, wedding hall near Khambhat Road Anand, wedding venue near Khambhat Road",Transactional (Hyper-local),High
Event + City Area,"Birthday Party Venues in Khambhat Road, Anand | VenueConnect",/anand/khambhat-road/birthday-party-venues/,"Best Birthday Party Venues in Khambhat Road, Anand | Book Near You - VenueConnect","Find the perfect birthday party venue in Khambhat Road, Anand. Compare halls, farmhouses & party plots near Khambhat Road. Get instant leads & free quotes on VenueConnect.","Best Birthday Party Venues in Khambhat Road, Anand",birthday party venues in Khambhat Road Anand,"birthday party venue Khambhat Road, birthday party hall near Khambhat Road Anand, birthday party venue near Khambhat Road",Transactional (Hyper-local),High
Event + City Area,"Engagement Venues in Khambhat Road, Anand | VenueConnect",/anand/khambhat-road/engagement-venues/,"Best Engagement Venues in Khambhat Road, Anand | Book Near You - VenueConnect","Find the perfect engagement venue in Khambhat Road, Anand. Compare halls, farmhouses & party plots near Khambhat Road. Get instant leads & free quotes on VenueConnect.","Best Engagement Venues in Khambhat Road, Anand",engagement venues in Khambhat Road Anand,"engagement venue Khambhat Road, engagement hall near Khambhat Road Anand, engagement venue near Khambhat Road",Transactional (Hyper-local),High
Event + City Area,"Corporate Event Venues in Khambhat Road, Anand | VenueConnect",/anand/khambhat-road/corporate-event-venues/,"Best Corporate Event Venues in Khambhat Road, Anand | Book Near You - VenueConnect","Find the perfect corporate event venue in Khambhat Road, Anand. Compare halls, farmhouses & party plots near Khambhat Road. Get instant leads & free quotes on VenueConnect.","Best Corporate Event Venues in Khambhat Road, Anand",corporate event venues in Khambhat Road Anand,"corporate event venue Khambhat Road, corporate event hall near Khambhat Road Anand, corporate event venue near Khambhat Road",Transactional (Hyper-local),High
Event + City Area,"Reception Venues in Khambhat Road, Anand | VenueConnect",/anand/khambhat-road/reception-venues/,"Best Reception Venues in Khambhat Road, Anand | Book Near You - VenueConnect","Find the perfect reception venue in Khambhat Road, Anand. Compare halls, farmhouses & party plots near Khambhat Road. Get instant leads & free quotes on VenueConnect.","Best Reception Venues in Khambhat Road, Anand",reception venues in Khambhat Road Anand,"reception venue Khambhat Road, reception hall near Khambhat Road Anand, reception venue near Khambhat Road",Transactional (Hyper-local),High
Event + City Area,"Wedding Venues in Mogar, Anand | VenueConnect",/anand/mogar/wedding-venues/,"Best Wedding Venues in Mogar, Anand | Book Near You - VenueConnect","Find the perfect wedding venue in Mogar, Anand. Compare halls, farmhouses & party plots near Mogar. Get instant leads & free quotes on VenueConnect.","Best Wedding Venues in Mogar, Anand",wedding venues in Mogar Anand,"wedding venue Mogar, wedding hall near Mogar Anand, wedding venue near Mogar",Transactional (Hyper-local),High
Event + City Area,"Birthday Party Venues in Mogar, Anand | VenueConnect",/anand/mogar/birthday-party-venues/,"Best Birthday Party Venues in Mogar, Anand | Book Near You - VenueConnect","Find the perfect birthday party venue in Mogar, Anand. Compare halls, farmhouses & party plots near Mogar. Get instant leads & free quotes on VenueConnect.","Best Birthday Party Venues in Mogar, Anand",birthday party venues in Mogar Anand,"birthday party venue Mogar, birthday party hall near Mogar Anand, birthday party venue near Mogar",Transactional (Hyper-local),High
Event + City Area,"Engagement Venues in Mogar, Anand | VenueConnect",/anand/mogar/engagement-venues/,"Best Engagement Venues in Mogar, Anand | Book Near You - VenueConnect","Find the perfect engagement venue in Mogar, Anand. Compare halls, farmhouses & party plots near Mogar. Get instant leads & free quotes on VenueConnect.","Best Engagement Venues in Mogar, Anand",engagement venues in Mogar Anand,"engagement venue Mogar, engagement hall near Mogar Anand, engagement venue near Mogar",Transactional (Hyper-local),High
Event + City Area,"Corporate Event Venues in Mogar, Anand | VenueConnect",/anand/mogar/corporate-event-venues/,"Best Corporate Event Venues in Mogar, Anand | Book Near You - VenueConnect","Find the perfect corporate event venue in Mogar, Anand. Compare halls, farmhouses & party plots near Mogar. Get instant leads & free quotes on VenueConnect.","Best Corporate Event Venues in Mogar, Anand",corporate event venues in Mogar Anand,"corporate event venue Mogar, corporate event hall near Mogar Anand, corporate event venue near Mogar",Transactional (Hyper-local),High
Event + City Area,"Reception Venues in Mogar, Anand | VenueConnect",/anand/mogar/reception-venues/,"Best Reception Venues in Mogar, Anand | Book Near You - VenueConnect","Find the perfect reception venue in Mogar, Anand. Compare halls, farmhouses & party plots near Mogar. Get instant leads & free quotes on VenueConnect.","Best Reception Venues in Mogar, Anand",reception venues in Mogar Anand,"reception venue Mogar, reception hall near Mogar Anand, reception venue near Mogar",Transactional (Hyper-local),High
Event + City Area,"Wedding Venues in Nadiad Road, Anand | VenueConnect",/anand/nadiad-road/wedding-venues/,"Best Wedding Venues in Nadiad Road, Anand | Book Near You - VenueConnect","Find the perfect wedding venue in Nadiad Road, Anand. Compare halls, farmhouses & party plots near Nadiad Road. Get instant leads & free quotes on VenueConnect.","Best Wedding Venues in Nadiad Road, Anand",wedding venues in Nadiad Road Anand,"wedding venue Nadiad Road, wedding hall near Nadiad Road Anand, wedding venue near Nadiad Road",Transactional (Hyper-local),High
Event + City Area,"Birthday Party Venues in Nadiad Road, Anand | VenueConnect",/anand/nadiad-road/birthday-party-venues/,"Best Birthday Party Venues in Nadiad Road, Anand | Book Near You - VenueConnect","Find the perfect birthday party venue in Nadiad Road, Anand. Compare halls, farmhouses & party plots near Nadiad Road. Get instant leads & free quotes on VenueConnect.","Best Birthday Party Venues in Nadiad Road, Anand",birthday party venues in Nadiad Road Anand,"birthday party venue Nadiad Road, birthday party hall near Nadiad Road Anand, birthday party venue near Nadiad Road",Transactional (Hyper-local),High
Event + City Area,"Engagement Venues in Nadiad Road, Anand | VenueConnect",/anand/nadiad-road/engagement-venues/,"Best Engagement Venues in Nadiad Road, Anand | Book Near You - VenueConnect","Find the perfect engagement venue in Nadiad Road, Anand. Compare halls, farmhouses & party plots near Nadiad Road. Get instant leads & free quotes on VenueConnect.","Best Engagement Venues in Nadiad Road, Anand",engagement venues in Nadiad Road Anand,"engagement venue Nadiad Road, engagement hall near Nadiad Road Anand, engagement venue near Nadiad Road",Transactional (Hyper-local),High
Event + City Area,"Corporate Event Venues in Nadiad Road, Anand | VenueConnect",/anand/nadiad-road/corporate-event-venues/,"Best Corporate Event Venues in Nadiad Road, Anand | Book Near You - VenueConnect","Find the perfect corporate event venue in Nadiad Road, Anand. Compare halls, farmhouses & party plots near Nadiad Road. Get instant leads & free quotes on VenueConnect.","Best Corporate Event Venues in Nadiad Road, Anand",corporate event venues in Nadiad Road Anand,"corporate event venue Nadiad Road, corporate event hall near Nadiad Road Anand, corporate event venue near Nadiad Road",Transactional (Hyper-local),High
Event + City Area,"Reception Venues in Nadiad Road, Anand | VenueConnect",/anand/nadiad-road/reception-venues/,"Best Reception Venues in Nadiad Road, Anand | Book Near You - VenueConnect","Find the perfect reception venue in Nadiad Road, Anand. Compare halls, farmhouses & party plots near Nadiad Road. Get instant leads & free quotes on VenueConnect.","Best Reception Venues in Nadiad Road, Anand",reception venues in Nadiad Road Anand,"reception venue Nadiad Road, reception hall near Nadiad Road Anand, reception venue near Nadiad Road",Transactional (Hyper-local),High
Event + City Area,"Wedding Venues in New Anand, Anand | VenueConnect",/anand/new-anand/wedding-venues/,"Best Wedding Venues in New Anand, Anand | Book Near You - VenueConnect","Find the perfect wedding venue in New Anand, Anand. Compare halls, farmhouses & party plots near New Anand. Get instant leads & free quotes on VenueConnect.","Best Wedding Venues in New Anand, Anand",wedding venues in New Anand Anand,"wedding venue New Anand, wedding hall near New Anand Anand, wedding venue near New Anand",Transactional (Hyper-local),High
Event + City Area,"Birthday Party Venues in New Anand, Anand | VenueConnect",/anand/new-anand/birthday-party-venues/,"Best Birthday Party Venues in New Anand, Anand | Book Near You - VenueConnect","Find the perfect birthday party venue in New Anand, Anand. Compare halls, farmhouses & party plots near New Anand. Get instant leads & free quotes on VenueConnect.","Best Birthday Party Venues in New Anand, Anand",birthday party venues in New Anand Anand,"birthday party venue New Anand, birthday party hall near New Anand Anand, birthday party venue near New Anand",Transactional (Hyper-local),High
Event + City Area,"Engagement Venues in New Anand, Anand | VenueConnect",/anand/new-anand/engagement-venues/,"Best Engagement Venues in New Anand, Anand | Book Near You - VenueConnect","Find the perfect engagement venue in New Anand, Anand. Compare halls, farmhouses & party plots near New Anand. Get instant leads & free quotes on VenueConnect.","Best Engagement Venues in New Anand, Anand",engagement venues in New Anand Anand,"engagement venue New Anand, engagement hall near New Anand Anand, engagement venue near New Anand",Transactional (Hyper-local),High
Event + City Area,"Corporate Event Venues in New Anand, Anand | VenueConnect",/anand/new-anand/corporate-event-venues/,"Best Corporate Event Venues in New Anand, Anand | Book Near You - VenueConnect","Find the perfect corporate event venue in New Anand, Anand. Compare halls, farmhouses & party plots near New Anand. Get instant leads & free quotes on VenueConnect.","Best Corporate Event Venues in New Anand, Anand",corporate event venues in New Anand Anand,"corporate event venue New Anand, corporate event hall near New Anand Anand, corporate event venue near New Anand",Transactional (Hyper-local),High
Event + City Area,"Reception Venues in New Anand, Anand | VenueConnect",/anand/new-anand/reception-venues/,"Best Reception Venues in New Anand, Anand | Book Near You - VenueConnect","Find the perfect reception venue in New Anand, Anand. Compare halls, farmhouses & party plots near New Anand. Get instant leads & free quotes on VenueConnect.","Best Reception Venues in New Anand, Anand",reception venues in New Anand Anand,"reception venue New Anand, reception hall near New Anand Anand, reception venue near New Anand",Transactional (Hyper-local),High
Event + City Area,"Wedding Venues in Petlad Road, Anand | VenueConnect",/anand/petlad-road/wedding-venues/,"Best Wedding Venues in Petlad Road, Anand | Book Near You - VenueConnect","Find the perfect wedding venue in Petlad Road, Anand. Compare halls, farmhouses & party plots near Petlad Road. Get instant leads & free quotes on VenueConnect.","Best Wedding Venues in Petlad Road, Anand",wedding venues in Petlad Road Anand,"wedding venue Petlad Road, wedding hall near Petlad Road Anand, wedding venue near Petlad Road",Transactional (Hyper-local),High
Event + City Area,"Birthday Party Venues in Petlad Road, Anand | VenueConnect",/anand/petlad-road/birthday-party-venues/,"Best Birthday Party Venues in Petlad Road, Anand | Book Near You - VenueConnect","Find the perfect birthday party venue in Petlad Road, Anand. Compare halls, farmhouses & party plots near Petlad Road. Get instant leads & free quotes on VenueConnect.","Best Birthday Party Venues in Petlad Road, Anand",birthday party venues in Petlad Road Anand,"birthday party venue Petlad Road, birthday party hall near Petlad Road Anand, birthday party venue near Petlad Road",Transactional (Hyper-local),High
Event + City Area,"Engagement Venues in Petlad Road, Anand | VenueConnect",/anand/petlad-road/engagement-venues/,"Best Engagement Venues in Petlad Road, Anand | Book Near You - VenueConnect","Find the perfect engagement venue in Petlad Road, Anand. Compare halls, farmhouses & party plots near Petlad Road. Get instant leads & free quotes on VenueConnect.","Best Engagement Venues in Petlad Road, Anand",engagement venues in Petlad Road Anand,"engagement venue Petlad Road, engagement hall near Petlad Road Anand, engagement venue near Petlad Road",Transactional (Hyper-local),High
Event + City Area,"Corporate Event Venues in Petlad Road, Anand | VenueConnect",/anand/petlad-road/corporate-event-venues/,"Best Corporate Event Venues in Petlad Road, Anand | Book Near You - VenueConnect","Find the perfect corporate event venue in Petlad Road, Anand. Compare halls, farmhouses & party plots near Petlad Road. Get instant leads & free quotes on VenueConnect.","Best Corporate Event Venues in Petlad Road, Anand",corporate event venues in Petlad Road Anand,"corporate event venue Petlad Road, corporate event hall near Petlad Road Anand, corporate event venue near Petlad Road",Transactional (Hyper-local),High
Event + City Area,"Reception Venues in Petlad Road, Anand | VenueConnect",/anand/petlad-road/reception-venues/,"Best Reception Venues in Petlad Road, Anand | Book Near You - VenueConnect","Find the perfect reception venue in Petlad Road, Anand. Compare halls, farmhouses & party plots near Petlad Road. Get instant leads & free quotes on VenueConnect.","Best Reception Venues in Petlad Road, Anand",reception venues in Petlad Road Anand,"reception venue Petlad Road, reception hall near Petlad Road Anand, reception venue near Petlad Road",Transactional (Hyper-local),High
Event + City Area,"Wedding Venues in Sojitra, Anand | VenueConnect",/anand/sojitra/wedding-venues/,"Best Wedding Venues in Sojitra, Anand | Book Near You - VenueConnect","Find the perfect wedding venue in Sojitra, Anand. Compare halls, farmhouses & party plots near Sojitra. Get instant leads & free quotes on VenueConnect.","Best Wedding Venues in Sojitra, Anand",wedding venues in Sojitra Anand,"wedding venue Sojitra, wedding hall near Sojitra Anand, wedding venue near Sojitra",Transactional (Hyper-local),High
Event + City Area,"Birthday Party Venues in Sojitra, Anand | VenueConnect",/anand/sojitra/birthday-party-venues/,"Best Birthday Party Venues in Sojitra, Anand | Book Near You - VenueConnect","Find the perfect birthday party venue in Sojitra, Anand. Compare halls, farmhouses & party plots near Sojitra. Get instant leads & free quotes on VenueConnect.","Best Birthday Party Venues in Sojitra, Anand",birthday party venues in Sojitra Anand,"birthday party venue Sojitra, birthday party hall near Sojitra Anand, birthday party venue near Sojitra",Transactional (Hyper-local),High
Event + City Area,"Engagement Venues in Sojitra, Anand | VenueConnect",/anand/sojitra/engagement-venues/,"Best Engagement Venues in Sojitra, Anand | Book Near You - VenueConnect","Find the perfect engagement venue in Sojitra, Anand. Compare halls, farmhouses & party plots near Sojitra. Get instant leads & free quotes on VenueConnect.","Best Engagement Venues in Sojitra, Anand",engagement venues in Sojitra Anand,"engagement venue Sojitra, engagement hall near Sojitra Anand, engagement venue near Sojitra",Transactional (Hyper-local),High
Event + City Area,"Corporate Event Venues in Sojitra, Anand | VenueConnect",/anand/sojitra/corporate-event-venues/,"Best Corporate Event Venues in Sojitra, Anand | Book Near You - VenueConnect","Find the perfect corporate event venue in Sojitra, Anand. Compare halls, farmhouses & party plots near Sojitra. Get instant leads & free quotes on VenueConnect.","Best Corporate Event Venues in Sojitra, Anand",corporate event venues in Sojitra Anand,"corporate event venue Sojitra, corporate event hall near Sojitra Anand, corporate event venue near Sojitra",Transactional (Hyper-local),High
Event + City Area,"Reception Venues in Sojitra, Anand | VenueConnect",/anand/sojitra/reception-venues/,"Best Reception Venues in Sojitra, Anand | Book Near You - VenueConnect","Find the perfect reception venue in Sojitra, Anand. Compare halls, farmhouses & party plots near Sojitra. Get instant leads & free quotes on VenueConnect.","Best Reception Venues in Sojitra, Anand",reception venues in Sojitra Anand,"reception venue Sojitra, reception hall near Sojitra Anand, reception venue near Sojitra",Transactional (Hyper-local),High
Event + City Area,"Wedding Venues in Tarapur, Anand | VenueConnect",/anand/tarapur/wedding-venues/,"Best Wedding Venues in Tarapur, Anand | Book Near You - VenueConnect","Find the perfect wedding venue in Tarapur, Anand. Compare halls, farmhouses & party plots near Tarapur. Get instant leads & free quotes on VenueConnect.","Best Wedding Venues in Tarapur, Anand",wedding venues in Tarapur Anand,"wedding venue Tarapur, wedding hall near Tarapur Anand, wedding venue near Tarapur",Transactional (Hyper-local),High
Event + City Area,"Birthday Party Venues in Tarapur, Anand | VenueConnect",/anand/tarapur/birthday-party-venues/,"Best Birthday Party Venues in Tarapur, Anand | Book Near You - VenueConnect","Find the perfect birthday party venue in Tarapur, Anand. Compare halls, farmhouses & party plots near Tarapur. Get instant leads & free quotes on VenueConnect.","Best Birthday Party Venues in Tarapur, Anand",birthday party venues in Tarapur Anand,"birthday party venue Tarapur, birthday party hall near Tarapur Anand, birthday party venue near Tarapur",Transactional (Hyper-local),High
Event + City Area,"Engagement Venues in Tarapur, Anand | VenueConnect",/anand/tarapur/engagement-venues/,"Best Engagement Venues in Tarapur, Anand | Book Near You - VenueConnect","Find the perfect engagement venue in Tarapur, Anand. Compare halls, farmhouses & party plots near Tarapur. Get instant leads & free quotes on VenueConnect.","Best Engagement Venues in Tarapur, Anand",engagement venues in Tarapur Anand,"engagement venue Tarapur, engagement hall near Tarapur Anand, engagement venue near Tarapur",Transactional (Hyper-local),High
Event + City Area,"Corporate Event Venues in Tarapur, Anand | VenueConnect",/anand/tarapur/corporate-event-venues/,"Best Corporate Event Venues in Tarapur, Anand | Book Near You - VenueConnect","Find the perfect corporate event venue in Tarapur, Anand. Compare halls, farmhouses & party plots near Tarapur. Get instant leads & free quotes on VenueConnect.","Best Corporate Event Venues in Tarapur, Anand",corporate event venues in Tarapur Anand,"corporate event venue Tarapur, corporate event hall near Tarapur Anand, corporate event venue near Tarapur",Transactional (Hyper-local),High
Event + City Area,"Reception Venues in Tarapur, Anand | VenueConnect",/anand/tarapur/reception-venues/,"Best Reception Venues in Tarapur, Anand | Book Near You - VenueConnect","Find the perfect reception venue in Tarapur, Anand. Compare halls, farmhouses & party plots near Tarapur. Get instant leads & free quotes on VenueConnect.","Best Reception Venues in Tarapur, Anand",reception venues in Tarapur Anand,"reception venue Tarapur, reception hall near Tarapur Anand, reception venue near Tarapur",Transactional (Hyper-local),High
Event + City Area,"Wedding Venues in Umreth, Anand | VenueConnect",/anand/umreth/wedding-venues/,"Best Wedding Venues in Umreth, Anand | Book Near You - VenueConnect","Find the perfect wedding venue in Umreth, Anand. Compare halls, farmhouses & party plots near Umreth. Get instant leads & free quotes on VenueConnect.","Best Wedding Venues in Umreth, Anand",wedding venues in Umreth Anand,"wedding venue Umreth, wedding hall near Umreth Anand, wedding venue near Umreth",Transactional (Hyper-local),High
Event + City Area,"Birthday Party Venues in Umreth, Anand | VenueConnect",/anand/umreth/birthday-party-venues/,"Best Birthday Party Venues in Umreth, Anand | Book Near You - VenueConnect","Find the perfect birthday party venue in Umreth, Anand. Compare halls, farmhouses & party plots near Umreth. Get instant leads & free quotes on VenueConnect.","Best Birthday Party Venues in Umreth, Anand",birthday party venues in Umreth Anand,"birthday party venue Umreth, birthday party hall near Umreth Anand, birthday party venue near Umreth",Transactional (Hyper-local),High
Event + City Area,"Engagement Venues in Umreth, Anand | VenueConnect",/anand/umreth/engagement-venues/,"Best Engagement Venues in Umreth, Anand | Book Near You - VenueConnect","Find the perfect engagement venue in Umreth, Anand. Compare halls, farmhouses & party plots near Umreth. Get instant leads & free quotes on VenueConnect.","Best Engagement Venues in Umreth, Anand",engagement venues in Umreth Anand,"engagement venue Umreth, engagement hall near Umreth Anand, engagement venue near Umreth",Transactional (Hyper-local),High
Event + City Area,"Corporate Event Venues in Umreth, Anand | VenueConnect",/anand/umreth/corporate-event-venues/,"Best Corporate Event Venues in Umreth, Anand | Book Near You - VenueConnect","Find the perfect corporate event venue in Umreth, Anand. Compare halls, farmhouses & party plots near Umreth. Get instant leads & free quotes on VenueConnect.","Best Corporate Event Venues in Umreth, Anand",corporate event venues in Umreth Anand,"corporate event venue Umreth, corporate event hall near Umreth Anand, corporate event venue near Umreth",Transactional (Hyper-local),High
Event + City Area,"Reception Venues in Umreth, Anand | VenueConnect",/anand/umreth/reception-venues/,"Best Reception Venues in Umreth, Anand | Book Near You - VenueConnect","Find the perfect reception venue in Umreth, Anand. Compare halls, farmhouses & party plots near Umreth. Get instant leads & free quotes on VenueConnect.","Best Reception Venues in Umreth, Anand",reception venues in Umreth Anand,"reception venue Umreth, reception hall near Umreth Anand, reception venue near Umreth",Transactional (Hyper-local),High
Event + City Area,"Wedding Venues in VV Nagar, Anand | VenueConnect",/anand/vv-nagar/wedding-venues/,"Best Wedding Venues in VV Nagar, Anand | Book Near You - VenueConnect","Find the perfect wedding venue in VV Nagar, Anand. Compare halls, farmhouses & party plots near VV Nagar. Get instant leads & free quotes on VenueConnect.","Best Wedding Venues in VV Nagar, Anand",wedding venues in VV Nagar Anand,"wedding venue VV Nagar, wedding hall near VV Nagar Anand, wedding venue near VV Nagar",Transactional (Hyper-local),High
Event + City Area,"Birthday Party Venues in VV Nagar, Anand | VenueConnect",/anand/vv-nagar/birthday-party-venues/,"Best Birthday Party Venues in VV Nagar, Anand | Book Near You - VenueConnect","Find the perfect birthday party venue in VV Nagar, Anand. Compare halls, farmhouses & party plots near VV Nagar. Get instant leads & free quotes on VenueConnect.","Best Birthday Party Venues in VV Nagar, Anand",birthday party venues in VV Nagar Anand,"birthday party venue VV Nagar, birthday party hall near VV Nagar Anand, birthday party venue near VV Nagar",Transactional (Hyper-local),High
Event + City Area,"Engagement Venues in VV Nagar, Anand | VenueConnect",/anand/vv-nagar/engagement-venues/,"Best Engagement Venues in VV Nagar, Anand | Book Near You - VenueConnect","Find the perfect engagement venue in VV Nagar, Anand. Compare halls, farmhouses & party plots near VV Nagar. Get instant leads & free quotes on VenueConnect.","Best Engagement Venues in VV Nagar, Anand",engagement venues in VV Nagar Anand,"engagement venue VV Nagar, engagement hall near VV Nagar Anand, engagement venue near VV Nagar",Transactional (Hyper-local),High
Event + City Area,"Corporate Event Venues in VV Nagar, Anand | VenueConnect",/anand/vv-nagar/corporate-event-venues/,"Best Corporate Event Venues in VV Nagar, Anand | Book Near You - VenueConnect","Find the perfect corporate event venue in VV Nagar, Anand. Compare halls, farmhouses & party plots near VV Nagar. Get instant leads & free quotes on VenueConnect.","Best Corporate Event Venues in VV Nagar, Anand",corporate event venues in VV Nagar Anand,"corporate event venue VV Nagar, corporate event hall near VV Nagar Anand, corporate event venue near VV Nagar",Transactional (Hyper-local),High
Event + City Area,"Reception Venues in VV Nagar, Anand | VenueConnect",/anand/vv-nagar/reception-venues/,"Best Reception Venues in VV Nagar, Anand | Book Near You - VenueConnect","Find the perfect reception venue in VV Nagar, Anand. Compare halls, farmhouses & party plots near VV Nagar. Get instant leads & free quotes on VenueConnect.","Best Reception Venues in VV Nagar, Anand",reception venues in VV Nagar Anand,"reception venue VV Nagar, reception hall near VV Nagar Anand, reception venue near VV Nagar",Transactional (Hyper-local),High
Event + City Area,"Wedding Venues in Ankhi, Anand | VenueConnect",/anand/ankhi/wedding-venues/,"Best Wedding Venues in Ankhi, Anand | Book Near You - VenueConnect","Find the perfect wedding venue in Ankhi, Anand. Compare halls, farmhouses & party plots near Ankhi. Get instant leads & free quotes on VenueConnect.","Best Wedding Venues in Ankhi, Anand",wedding venues in Ankhi Anand,"wedding venue Ankhi, wedding hall near Ankhi Anand, wedding venue near Ankhi",Transactional (Hyper-local),High
Event + City Area,"Birthday Party Venues in Ankhi, Anand | VenueConnect",/anand/ankhi/birthday-party-venues/,"Best Birthday Party Venues in Ankhi, Anand | Book Near You - VenueConnect","Find the perfect birthday party venue in Ankhi, Anand. Compare halls, farmhouses & party plots near Ankhi. Get instant leads & free quotes on VenueConnect.","Best Birthday Party Venues in Ankhi, Anand",birthday party venues in Ankhi Anand,"birthday party venue Ankhi, birthday party hall near Ankhi Anand, birthday party venue near Ankhi",Transactional (Hyper-local),High
Event + City Area,"Engagement Venues in Ankhi, Anand | VenueConnect",/anand/ankhi/engagement-venues/,"Best Engagement Venues in Ankhi, Anand | Book Near You - VenueConnect","Find the perfect engagement venue in Ankhi, Anand. Compare halls, farmhouses & party plots near Ankhi. Get instant leads & free quotes on VenueConnect.","Best Engagement Venues in Ankhi, Anand",engagement venues in Ankhi Anand,"engagement venue Ankhi, engagement hall near Ankhi Anand, engagement venue near Ankhi",Transactional (Hyper-local),High
Event + City Area,"Corporate Event Venues in Ankhi, Anand | VenueConnect",/anand/ankhi/corporate-event-venues/,"Best Corporate Event Venues in Ankhi, Anand | Book Near You - VenueConnect","Find the perfect corporate event venue in Ankhi, Anand. Compare halls, farmhouses & party plots near Ankhi. Get instant leads & free quotes on VenueConnect.","Best Corporate Event Venues in Ankhi, Anand",corporate event venues in Ankhi Anand,"corporate event venue Ankhi, corporate event hall near Ankhi Anand, corporate event venue near Ankhi",Transactional (Hyper-local),High
Event + City Area,"Reception Venues in Ankhi, Anand | VenueConnect",/anand/ankhi/reception-venues/,"Best Reception Venues in Ankhi, Anand | Book Near You - VenueConnect","Find the perfect reception venue in Ankhi, Anand. Compare halls, farmhouses & party plots near Ankhi. Get instant leads & free quotes on VenueConnect.","Best Reception Venues in Ankhi, Anand",reception venues in Ankhi Anand,"reception venue Ankhi, reception hall near Ankhi Anand, reception venue near Ankhi",Transactional (Hyper-local),High
Event + City Area,"Wedding Venues in Bhalej, Anand | VenueConnect",/anand/bhalej/wedding-venues/,"Best Wedding Venues in Bhalej, Anand | Book Near You - VenueConnect","Find the perfect wedding venue in Bhalej, Anand. Compare halls, farmhouses & party plots near Bhalej. Get instant leads & free quotes on VenueConnect.","Best Wedding Venues in Bhalej, Anand",wedding venues in Bhalej Anand,"wedding venue Bhalej, wedding hall near Bhalej Anand, wedding venue near Bhalej",Transactional (Hyper-local),High
Event + City Area,"Birthday Party Venues in Bhalej, Anand | VenueConnect",/anand/bhalej/birthday-party-venues/,"Best Birthday Party Venues in Bhalej, Anand | Book Near You - VenueConnect","Find the perfect birthday party venue in Bhalej, Anand. Compare halls, farmhouses & party plots near Bhalej. Get instant leads & free quotes on VenueConnect.","Best Birthday Party Venues in Bhalej, Anand",birthday party venues in Bhalej Anand,"birthday party venue Bhalej, birthday party hall near Bhalej Anand, birthday party venue near Bhalej",Transactional (Hyper-local),High
Event + City Area,"Engagement Venues in Bhalej, Anand | VenueConnect",/anand/bhalej/engagement-venues/,"Best Engagement Venues in Bhalej, Anand | Book Near You - VenueConnect","Find the perfect engagement venue in Bhalej, Anand. Compare halls, farmhouses & party plots near Bhalej. Get instant leads & free quotes on VenueConnect.","Best Engagement Venues in Bhalej, Anand",engagement venues in Bhalej Anand,"engagement venue Bhalej, engagement hall near Bhalej Anand, engagement venue near Bhalej",Transactional (Hyper-local),High
Event + City Area,"Corporate Event Venues in Bhalej, Anand | VenueConnect",/anand/bhalej/corporate-event-venues/,"Best Corporate Event Venues in Bhalej, Anand | Book Near You - VenueConnect","Find the perfect corporate event venue in Bhalej, Anand. Compare halls, farmhouses & party plots near Bhalej. Get instant leads & free quotes on VenueConnect.","Best Corporate Event Venues in Bhalej, Anand",corporate event venues in Bhalej Anand,"corporate event venue Bhalej, corporate event hall near Bhalej Anand, corporate event venue near Bhalej",Transactional (Hyper-local),High
Event + City Area,"Reception Venues in Bhalej, Anand | VenueConnect",/anand/bhalej/reception-venues/,"Best Reception Venues in Bhalej, Anand | Book Near You - VenueConnect","Find the perfect reception venue in Bhalej, Anand. Compare halls, farmhouses & party plots near Bhalej. Get instant leads & free quotes on VenueConnect.","Best Reception Venues in Bhalej, Anand",reception venues in Bhalej Anand,"reception venue Bhalej, reception hall near Bhalej Anand, reception venue near Bhalej",Transactional (Hyper-local),High
Event + City Area,"Wedding Venues in Boriyavi, Anand | VenueConnect",/anand/boriyavi/wedding-venues/,"Best Wedding Venues in Boriyavi, Anand | Book Near You - VenueConnect","Find the perfect wedding venue in Boriyavi, Anand. Compare halls, farmhouses & party plots near Boriyavi. Get instant leads & free quotes on VenueConnect.","Best Wedding Venues in Boriyavi, Anand",wedding venues in Boriyavi Anand,"wedding venue Boriyavi, wedding hall near Boriyavi Anand, wedding venue near Boriyavi",Transactional (Hyper-local),High
Event + City Area,"Birthday Party Venues in Boriyavi, Anand | VenueConnect",/anand/boriyavi/birthday-party-venues/,"Best Birthday Party Venues in Boriyavi, Anand | Book Near You - VenueConnect","Find the perfect birthday party venue in Boriyavi, Anand. Compare halls, farmhouses & party plots near Boriyavi. Get instant leads & free quotes on VenueConnect.","Best Birthday Party Venues in Boriyavi, Anand",birthday party venues in Boriyavi Anand,"birthday party venue Boriyavi, birthday party hall near Boriyavi Anand, birthday party venue near Boriyavi",Transactional (Hyper-local),High
Event + City Area,"Engagement Venues in Boriyavi, Anand | VenueConnect",/anand/boriyavi/engagement-venues/,"Best Engagement Venues in Boriyavi, Anand | Book Near You - VenueConnect","Find the perfect engagement venue in Boriyavi, Anand. Compare halls, farmhouses & party plots near Boriyavi. Get instant leads & free quotes on VenueConnect.","Best Engagement Venues in Boriyavi, Anand",engagement venues in Boriyavi Anand,"engagement venue Boriyavi, engagement hall near Boriyavi Anand, engagement venue near Boriyavi",Transactional (Hyper-local),High
Event + City Area,"Corporate Event Venues in Boriyavi, Anand | VenueConnect",/anand/boriyavi/corporate-event-venues/,"Best Corporate Event Venues in Boriyavi, Anand | Book Near You - VenueConnect","Find the perfect corporate event venue in Boriyavi, Anand. Compare halls, farmhouses & party plots near Boriyavi. Get instant leads & free quotes on VenueConnect.","Best Corporate Event Venues in Boriyavi, Anand",corporate event venues in Boriyavi Anand,"corporate event venue Boriyavi, corporate event hall near Boriyavi Anand, corporate event venue near Boriyavi",Transactional (Hyper-local),High
Event + City Area,"Reception Venues in Boriyavi, Anand | VenueConnect",/anand/boriyavi/reception-venues/,"Best Reception Venues in Boriyavi, Anand | Book Near You - VenueConnect","Find the perfect reception venue in Boriyavi, Anand. Compare halls, farmhouses & party plots near Boriyavi. Get instant leads & free quotes on VenueConnect.","Best Reception Venues in Boriyavi, Anand",reception venues in Boriyavi Anand,"reception venue Boriyavi, reception hall near Boriyavi Anand, reception venue near Boriyavi",Transactional (Hyper-local),High
  VENDOR + CITY AREA PAGES (Hyper-local),,,,,,,,,
Page Type,Page Title,URL Slug,Meta Title,Meta Description,H1 Tag,Target Keyword,Secondary Keywords,Search Intent,Priority
Vendor + City Area,"Photographers in Vallabh Vidyanagar, Anand | VenueConnect",/anand/vallabh-vidyanagar/vendors/photographers/,"Top Photographers in Vallabh Vidyanagar, Anand | Hire Near You - VenueConnect","Find the best photographers in Vallabh Vidyanagar, Anand for your event. Browse verified profiles, compare pricing & get WhatsApp leads instantly on VenueConnect.","Top Photographers in Vallabh Vidyanagar, Anand",photographers in Vallabh Vidyanagar Anand,"photographers near Vallabh Vidyanagar, photographers Vallabh Vidyanagar Anand, best photographers near Vallabh Vidyanagar",Transactional (Hyper-local),Medium
Vendor + City Area,"Caterers in Vallabh Vidyanagar, Anand | VenueConnect",/anand/vallabh-vidyanagar/vendors/caterers/,"Top Caterers in Vallabh Vidyanagar, Anand | Hire Near You - VenueConnect","Find the best caterers in Vallabh Vidyanagar, Anand for your event. Browse verified profiles, compare pricing & get WhatsApp leads instantly on VenueConnect.","Top Caterers in Vallabh Vidyanagar, Anand",caterers in Vallabh Vidyanagar Anand,"caterers near Vallabh Vidyanagar, caterers Vallabh Vidyanagar Anand, best caterers near Vallabh Vidyanagar",Transactional (Hyper-local),Medium
Vendor + City Area,"Decorators in Vallabh Vidyanagar, Anand | VenueConnect",/anand/vallabh-vidyanagar/vendors/decorators/,"Top Decorators in Vallabh Vidyanagar, Anand | Hire Near You - VenueConnect","Find the best decorators in Vallabh Vidyanagar, Anand for your event. Browse verified profiles, compare pricing & get WhatsApp leads instantly on VenueConnect.","Top Decorators in Vallabh Vidyanagar, Anand",decorators in Vallabh Vidyanagar Anand,"decorators near Vallabh Vidyanagar, decorators Vallabh Vidyanagar Anand, best decorators near Vallabh Vidyanagar",Transactional (Hyper-local),Medium
Vendor + City Area,"Mehndi Artists in Vallabh Vidyanagar, Anand | VenueConnect",/anand/vallabh-vidyanagar/vendors/mehndi-artists/,"Top Mehndi Artists in Vallabh Vidyanagar, Anand | Hire Near You - VenueConnect","Find the best mehndi artists in Vallabh Vidyanagar, Anand for your event. Browse verified profiles, compare pricing & get WhatsApp leads instantly on VenueConnect.","Top Mehndi Artists in Vallabh Vidyanagar, Anand",mehndi artists in Vallabh Vidyanagar Anand,"mehndi artists near Vallabh Vidyanagar, mehndi artists Vallabh Vidyanagar Anand, best mehndi artists near Vallabh Vidyanagar",Transactional (Hyper-local),Medium
Vendor + City Area,"Photographers in Karamsad, Anand | VenueConnect",/anand/karamsad/vendors/photographers/,"Top Photographers in Karamsad, Anand | Hire Near You - VenueConnect","Find the best photographers in Karamsad, Anand for your event. Browse verified profiles, compare pricing & get WhatsApp leads instantly on VenueConnect.","Top Photographers in Karamsad, Anand",photographers in Karamsad Anand,"photographers near Karamsad, photographers Karamsad Anand, best photographers near Karamsad",Transactional (Hyper-local),Medium
Vendor + City Area,"Caterers in Karamsad, Anand | VenueConnect",/anand/karamsad/vendors/caterers/,"Top Caterers in Karamsad, Anand | Hire Near You - VenueConnect","Find the best caterers in Karamsad, Anand for your event. Browse verified profiles, compare pricing & get WhatsApp leads instantly on VenueConnect.","Top Caterers in Karamsad, Anand",caterers in Karamsad Anand,"caterers near Karamsad, caterers Karamsad Anand, best caterers near Karamsad",Transactional (Hyper-local),Medium
Vendor + City Area,"Decorators in Karamsad, Anand | VenueConnect",/anand/karamsad/vendors/decorators/,"Top Decorators in Karamsad, Anand | Hire Near You - VenueConnect","Find the best decorators in Karamsad, Anand for your event. Browse verified profiles, compare pricing & get WhatsApp leads instantly on VenueConnect.","Top Decorators in Karamsad, Anand",decorators in Karamsad Anand,"decorators near Karamsad, decorators Karamsad Anand, best decorators near Karamsad",Transactional (Hyper-local),Medium
Vendor + City Area,"Mehndi Artists in Karamsad, Anand | VenueConnect",/anand/karamsad/vendors/mehndi-artists/,"Top Mehndi Artists in Karamsad, Anand | Hire Near You - VenueConnect","Find the best mehndi artists in Karamsad, Anand for your event. Browse verified profiles, compare pricing & get WhatsApp leads instantly on VenueConnect.","Top Mehndi Artists in Karamsad, Anand",mehndi artists in Karamsad Anand,"mehndi artists near Karamsad, mehndi artists Karamsad Anand, best mehndi artists near Karamsad",Transactional (Hyper-local),Medium
Vendor + City Area,"Photographers in Anand Station Road, Anand | VenueConnect",/anand/anand-station-road/vendors/photographers/,"Top Photographers in Anand Station Road, Anand | Hire Near You - VenueConnect","Find the best photographers in Anand Station Road, Anand for your event. Browse verified profiles, compare pricing & get WhatsApp leads instantly on VenueConnect.","Top Photographers in Anand Station Road, Anand",photographers in Anand Station Road Anand,"photographers near Anand Station Road, photographers Anand Station Road Anand, best photographers near Anand Station Road",Transactional (Hyper-local),Medium
Vendor + City Area,"Caterers in Anand Station Road, Anand | VenueConnect",/anand/anand-station-road/vendors/caterers/,"Top Caterers in Anand Station Road, Anand | Hire Near You - VenueConnect","Find the best caterers in Anand Station Road, Anand for your event. Browse verified profiles, compare pricing & get WhatsApp leads instantly on VenueConnect.","Top Caterers in Anand Station Road, Anand",caterers in Anand Station Road Anand,"caterers near Anand Station Road, caterers Anand Station Road Anand, best caterers near Anand Station Road",Transactional (Hyper-local),Medium
Vendor + City Area,"Decorators in Anand Station Road, Anand | VenueConnect",/anand/anand-station-road/vendors/decorators/,"Top Decorators in Anand Station Road, Anand | Hire Near You - VenueConnect","Find the best decorators in Anand Station Road, Anand for your event. Browse verified profiles, compare pricing & get WhatsApp leads instantly on VenueConnect.","Top Decorators in Anand Station Road, Anand",decorators in Anand Station Road Anand,"decorators near Anand Station Road, decorators Anand Station Road Anand, best decorators near Anand Station Road",Transactional (Hyper-local),Medium
Vendor + City Area,"Mehndi Artists in Anand Station Road, Anand | VenueConnect",/anand/anand-station-road/vendors/mehndi-artists/,"Top Mehndi Artists in Anand Station Road, Anand | Hire Near You - VenueConnect","Find the best mehndi artists in Anand Station Road, Anand for your event. Browse verified profiles, compare pricing & get WhatsApp leads instantly on VenueConnect.","Top Mehndi Artists in Anand Station Road, Anand",mehndi artists in Anand Station Road Anand,"mehndi artists near Anand Station Road, mehndi artists Anand Station Road Anand, best mehndi artists near Anand Station Road",Transactional (Hyper-local),Medium
Vendor + City Area,"Photographers in Bakrol, Anand | VenueConnect",/anand/bakrol/vendors/photographers/,"Top Photographers in Bakrol, Anand | Hire Near You - VenueConnect","Find the best photographers in Bakrol, Anand for your event. Browse verified profiles, compare pricing & get WhatsApp leads instantly on VenueConnect.","Top Photographers in Bakrol, Anand",photographers in Bakrol Anand,"photographers near Bakrol, photographers Bakrol Anand, best photographers near Bakrol",Transactional (Hyper-local),Medium
Vendor + City Area,"Caterers in Bakrol, Anand | VenueConnect",/anand/bakrol/vendors/caterers/,"Top Caterers in Bakrol, Anand | Hire Near You - VenueConnect","Find the best caterers in Bakrol, Anand for your event. Browse verified profiles, compare pricing & get WhatsApp leads instantly on VenueConnect.","Top Caterers in Bakrol, Anand",caterers in Bakrol Anand,"caterers near Bakrol, caterers Bakrol Anand, best caterers near Bakrol",Transactional (Hyper-local),Medium
Vendor + City Area,"Decorators in Bakrol, Anand | VenueConnect",/anand/bakrol/vendors/decorators/,"Top Decorators in Bakrol, Anand | Hire Near You - VenueConnect","Find the best decorators in Bakrol, Anand for your event. Browse verified profiles, compare pricing & get WhatsApp leads instantly on VenueConnect.","Top Decorators in Bakrol, Anand",decorators in Bakrol Anand,"decorators near Bakrol, decorators Bakrol Anand, best decorators near Bakrol",Transactional (Hyper-local),Medium
Vendor + City Area,"Mehndi Artists in Bakrol, Anand | VenueConnect",/anand/bakrol/vendors/mehndi-artists/,"Top Mehndi Artists in Bakrol, Anand | Hire Near You - VenueConnect","Find the best mehndi artists in Bakrol, Anand for your event. Browse verified profiles, compare pricing & get WhatsApp leads instantly on VenueConnect.","Top Mehndi Artists in Bakrol, Anand",mehndi artists in Bakrol Anand,"mehndi artists near Bakrol, mehndi artists Bakrol Anand, best mehndi artists near Bakrol",Transactional (Hyper-local),Medium
Vendor + City Area,"Photographers in Lambhvel, Anand | VenueConnect",/anand/lambhvel/vendors/photographers/,"Top Photographers in Lambhvel, Anand | Hire Near You - VenueConnect","Find the best photographers in Lambhvel, Anand for your event. Browse verified profiles, compare pricing & get WhatsApp leads instantly on VenueConnect.","Top Photographers in Lambhvel, Anand",photographers in Lambhvel Anand,"photographers near Lambhvel, photographers Lambhvel Anand, best photographers near Lambhvel",Transactional (Hyper-local),Medium
Vendor + City Area,"Caterers in Lambhvel, Anand | VenueConnect",/anand/lambhvel/vendors/caterers/,"Top Caterers in Lambhvel, Anand | Hire Near You - VenueConnect","Find the best caterers in Lambhvel, Anand for your event. Browse verified profiles, compare pricing & get WhatsApp leads instantly on VenueConnect.","Top Caterers in Lambhvel, Anand",caterers in Lambhvel Anand,"caterers near Lambhvel, caterers Lambhvel Anand, best caterers near Lambhvel",Transactional (Hyper-local),Medium
Vendor + City Area,"Decorators in Lambhvel, Anand | VenueConnect",/anand/lambhvel/vendors/decorators/,"Top Decorators in Lambhvel, Anand | Hire Near You - VenueConnect","Find the best decorators in Lambhvel, Anand for your event. Browse verified profiles, compare pricing & get WhatsApp leads instantly on VenueConnect.","Top Decorators in Lambhvel, Anand",decorators in Lambhvel Anand,"decorators near Lambhvel, decorators Lambhvel Anand, best decorators near Lambhvel",Transactional (Hyper-local),Medium
Vendor + City Area,"Mehndi Artists in Lambhvel, Anand | VenueConnect",/anand/lambhvel/vendors/mehndi-artists/,"Top Mehndi Artists in Lambhvel, Anand | Hire Near You - VenueConnect","Find the best mehndi artists in Lambhvel, Anand for your event. Browse verified profiles, compare pricing & get WhatsApp leads instantly on VenueConnect.","Top Mehndi Artists in Lambhvel, Anand",mehndi artists in Lambhvel Anand,"mehndi artists near Lambhvel, mehndi artists Lambhvel Anand, best mehndi artists near Lambhvel",Transactional (Hyper-local),Medium
Vendor + City Area,"Photographers in Vidyanagar, Anand | VenueConnect",/anand/vidyanagar/vendors/photographers/,"Top Photographers in Vidyanagar, Anand | Hire Near You - VenueConnect","Find the best photographers in Vidyanagar, Anand for your event. Browse verified profiles, compare pricing & get WhatsApp leads instantly on VenueConnect.","Top Photographers in Vidyanagar, Anand",photographers in Vidyanagar Anand,"photographers near Vidyanagar, photographers Vidyanagar Anand, best photographers near Vidyanagar",Transactional (Hyper-local),Medium
Vendor + City Area,"Caterers in Vidyanagar, Anand | VenueConnect",/anand/vidyanagar/vendors/caterers/,"Top Caterers in Vidyanagar, Anand | Hire Near You - VenueConnect","Find the best caterers in Vidyanagar, Anand for your event. Browse verified profiles, compare pricing & get WhatsApp leads instantly on VenueConnect.","Top Caterers in Vidyanagar, Anand",caterers in Vidyanagar Anand,"caterers near Vidyanagar, caterers Vidyanagar Anand, best caterers near Vidyanagar",Transactional (Hyper-local),Medium
Vendor + City Area,"Decorators in Vidyanagar, Anand | VenueConnect",/anand/vidyanagar/vendors/decorators/,"Top Decorators in Vidyanagar, Anand | Hire Near You - VenueConnect","Find the best decorators in Vidyanagar, Anand for your event. Browse verified profiles, compare pricing & get WhatsApp leads instantly on VenueConnect.","Top Decorators in Vidyanagar, Anand",decorators in Vidyanagar Anand,"decorators near Vidyanagar, decorators Vidyanagar Anand, best decorators near Vidyanagar",Transactional (Hyper-local),Medium
Vendor + City Area,"Mehndi Artists in Vidyanagar, Anand | VenueConnect",/anand/vidyanagar/vendors/mehndi-artists/,"Top Mehndi Artists in Vidyanagar, Anand | Hire Near You - VenueConnect","Find the best mehndi artists in Vidyanagar, Anand for your event. Browse verified profiles, compare pricing & get WhatsApp leads instantly on VenueConnect.","Top Mehndi Artists in Vidyanagar, Anand",mehndi artists in Vidyanagar Anand,"mehndi artists near Vidyanagar, mehndi artists Vidyanagar Anand, best mehndi artists near Vidyanagar",Transactional (Hyper-local),Medium
Vendor + City Area,"Photographers in GIDC Anand, Anand | VenueConnect",/anand/gidc-anand/vendors/photographers/,"Top Photographers in GIDC Anand, Anand | Hire Near You - VenueConnect","Find the best photographers in GIDC Anand, Anand for your event. Browse verified profiles, compare pricing & get WhatsApp leads instantly on VenueConnect.","Top Photographers in GIDC Anand, Anand",photographers in GIDC Anand Anand,"photographers near GIDC Anand, photographers GIDC Anand Anand, best photographers near GIDC Anand",Transactional (Hyper-local),Medium
Vendor + City Area,"Caterers in GIDC Anand, Anand | VenueConnect",/anand/gidc-anand/vendors/caterers/,"Top Caterers in GIDC Anand, Anand | Hire Near You - VenueConnect","Find the best caterers in GIDC Anand, Anand for your event. Browse verified profiles, compare pricing & get WhatsApp leads instantly on VenueConnect.","Top Caterers in GIDC Anand, Anand",caterers in GIDC Anand Anand,"caterers near GIDC Anand, caterers GIDC Anand Anand, best caterers near GIDC Anand",Transactional (Hyper-local),Medium
Vendor + City Area,"Decorators in GIDC Anand, Anand | VenueConnect",/anand/gidc-anand/vendors/decorators/,"Top Decorators in GIDC Anand, Anand | Hire Near You - VenueConnect","Find the best decorators in GIDC Anand, Anand for your event. Browse verified profiles, compare pricing & get WhatsApp leads instantly on VenueConnect.","Top Decorators in GIDC Anand, Anand",decorators in GIDC Anand Anand,"decorators near GIDC Anand, decorators GIDC Anand Anand, best decorators near GIDC Anand",Transactional (Hyper-local),Medium
Vendor + City Area,"Mehndi Artists in GIDC Anand, Anand | VenueConnect",/anand/gidc-anand/vendors/mehndi-artists/,"Top Mehndi Artists in GIDC Anand, Anand | Hire Near You - VenueConnect","Find the best mehndi artists in GIDC Anand, Anand for your event. Browse verified profiles, compare pricing & get WhatsApp leads instantly on VenueConnect.","Top Mehndi Artists in GIDC Anand, Anand",mehndi artists in GIDC Anand Anand,"mehndi artists near GIDC Anand, mehndi artists GIDC Anand Anand, best mehndi artists near GIDC Anand",Transactional (Hyper-local),Medium
Vendor + City Area,"Photographers in Anand Agriculture University, Anand | VenueConnect",/anand/anand-agriculture-university/vendors/photographers/,"Top Photographers in Anand Agriculture University, Anand | Hire Near You - VenueConnect","Find the best photographers in Anand Agriculture University, Anand for your event. Browse verified profiles, compare pricing & get WhatsApp leads instantly on VenueConnect.","Top Photographers in Anand Agriculture University, Anand",photographers in Anand Agriculture University Anand,"photographers near Anand Agriculture University, photographers Anand Agriculture University Anand, best photographers near Anand Agriculture University",Transactional (Hyper-local),Medium
Vendor + City Area,"Caterers in Anand Agriculture University, Anand | VenueConnect",/anand/anand-agriculture-university/vendors/caterers/,"Top Caterers in Anand Agriculture University, Anand | Hire Near You - VenueConnect","Find the best caterers in Anand Agriculture University, Anand for your event. Browse verified profiles, compare pricing & get WhatsApp leads instantly on VenueConnect.","Top Caterers in Anand Agriculture University, Anand",caterers in Anand Agriculture University Anand,"caterers near Anand Agriculture University, caterers Anand Agriculture University Anand, best caterers near Anand Agriculture University",Transactional (Hyper-local),Medium
Vendor + City Area,"Decorators in Anand Agriculture University, Anand | VenueConnect",/anand/anand-agriculture-university/vendors/decorators/,"Top Decorators in Anand Agriculture University, Anand | Hire Near You - VenueConnect","Find the best decorators in Anand Agriculture University, Anand for your event. Browse verified profiles, compare pricing & get WhatsApp leads instantly on VenueConnect.","Top Decorators in Anand Agriculture University, Anand",decorators in Anand Agriculture University Anand,"decorators near Anand Agriculture University, decorators Anand Agriculture University Anand, best decorators near Anand Agriculture University",Transactional (Hyper-local),Medium
Vendor + City Area,"Mehndi Artists in Anand Agriculture University, Anand | VenueConnect",/anand/anand-agriculture-university/vendors/mehndi-artists/,"Top Mehndi Artists in Anand Agriculture University, Anand | Hire Near You - VenueConnect","Find the best mehndi artists in Anand Agriculture University, Anand for your event. Browse verified profiles, compare pricing & get WhatsApp leads instantly on VenueConnect.","Top Mehndi Artists in Anand Agriculture University, Anand",mehndi artists in Anand Agriculture University Anand,"mehndi artists near Anand Agriculture University, mehndi artists Anand Agriculture University Anand, best mehndi artists near Anand Agriculture University",Transactional (Hyper-local),Medium
Vendor + City Area,"Photographers in Borsad Road, Anand | VenueConnect",/anand/borsad-road/vendors/photographers/,"Top Photographers in Borsad Road, Anand | Hire Near You - VenueConnect","Find the best photographers in Borsad Road, Anand for your event. Browse verified profiles, compare pricing & get WhatsApp leads instantly on VenueConnect.","Top Photographers in Borsad Road, Anand",photographers in Borsad Road Anand,"photographers near Borsad Road, photographers Borsad Road Anand, best photographers near Borsad Road",Transactional (Hyper-local),Medium
Vendor + City Area,"Caterers in Borsad Road, Anand | VenueConnect",/anand/borsad-road/vendors/caterers/,"Top Caterers in Borsad Road, Anand | Hire Near You - VenueConnect","Find the best caterers in Borsad Road, Anand for your event. Browse verified profiles, compare pricing & get WhatsApp leads instantly on VenueConnect.","Top Caterers in Borsad Road, Anand",caterers in Borsad Road Anand,"caterers near Borsad Road, caterers Borsad Road Anand, best caterers near Borsad Road",Transactional (Hyper-local),Medium
Vendor + City Area,"Decorators in Borsad Road, Anand | VenueConnect",/anand/borsad-road/vendors/decorators/,"Top Decorators in Borsad Road, Anand | Hire Near You - VenueConnect","Find the best decorators in Borsad Road, Anand for your event. Browse verified profiles, compare pricing & get WhatsApp leads instantly on VenueConnect.","Top Decorators in Borsad Road, Anand",decorators in Borsad Road Anand,"decorators near Borsad Road, decorators Borsad Road Anand, best decorators near Borsad Road",Transactional (Hyper-local),Medium
Vendor + City Area,"Mehndi Artists in Borsad Road, Anand | VenueConnect",/anand/borsad-road/vendors/mehndi-artists/,"Top Mehndi Artists in Borsad Road, Anand | Hire Near You - VenueConnect","Find the best mehndi artists in Borsad Road, Anand for your event. Browse verified profiles, compare pricing & get WhatsApp leads instantly on VenueConnect.","Top Mehndi Artists in Borsad Road, Anand",mehndi artists in Borsad Road Anand,"mehndi artists near Borsad Road, mehndi artists Borsad Road Anand, best mehndi artists near Borsad Road",Transactional (Hyper-local),Medium
Vendor + City Area,"Photographers in Changa, Anand | VenueConnect",/anand/changa/vendors/photographers/,"Top Photographers in Changa, Anand | Hire Near You - VenueConnect","Find the best photographers in Changa, Anand for your event. Browse verified profiles, compare pricing & get WhatsApp leads instantly on VenueConnect.","Top Photographers in Changa, Anand",photographers in Changa Anand,"photographers near Changa, photographers Changa Anand, best photographers near Changa",Transactional (Hyper-local),Medium
Vendor + City Area,"Caterers in Changa, Anand | VenueConnect",/anand/changa/vendors/caterers/,"Top Caterers in Changa, Anand | Hire Near You - VenueConnect","Find the best caterers in Changa, Anand for your event. Browse verified profiles, compare pricing & get WhatsApp leads instantly on VenueConnect.","Top Caterers in Changa, Anand",caterers in Changa Anand,"caterers near Changa, caterers Changa Anand, best caterers near Changa",Transactional (Hyper-local),Medium
Vendor + City Area,"Decorators in Changa, Anand | VenueConnect",/anand/changa/vendors/decorators/,"Top Decorators in Changa, Anand | Hire Near You - VenueConnect","Find the best decorators in Changa, Anand for your event. Browse verified profiles, compare pricing & get WhatsApp leads instantly on VenueConnect.","Top Decorators in Changa, Anand",decorators in Changa Anand,"decorators near Changa, decorators Changa Anand, best decorators near Changa",Transactional (Hyper-local),Medium
Vendor + City Area,"Mehndi Artists in Changa, Anand | VenueConnect",/anand/changa/vendors/mehndi-artists/,"Top Mehndi Artists in Changa, Anand | Hire Near You - VenueConnect","Find the best mehndi artists in Changa, Anand for your event. Browse verified profiles, compare pricing & get WhatsApp leads instantly on VenueConnect.","Top Mehndi Artists in Changa, Anand",mehndi artists in Changa Anand,"mehndi artists near Changa, mehndi artists Changa Anand, best mehndi artists near Changa",Transactional (Hyper-local),Medium
Vendor + City Area,"Photographers in Dakor Road, Anand | VenueConnect",/anand/dakor-road/vendors/photographers/,"Top Photographers in Dakor Road, Anand | Hire Near You - VenueConnect","Find the best photographers in Dakor Road, Anand for your event. Browse verified profiles, compare pricing & get WhatsApp leads instantly on VenueConnect.","Top Photographers in Dakor Road, Anand",photographers in Dakor Road Anand,"photographers near Dakor Road, photographers Dakor Road Anand, best photographers near Dakor Road",Transactional (Hyper-local),Medium
Vendor + City Area,"Caterers in Dakor Road, Anand | VenueConnect",/anand/dakor-road/vendors/caterers/,"Top Caterers in Dakor Road, Anand | Hire Near You - VenueConnect","Find the best caterers in Dakor Road, Anand for your event. Browse verified profiles, compare pricing & get WhatsApp leads instantly on VenueConnect.","Top Caterers in Dakor Road, Anand",caterers in Dakor Road Anand,"caterers near Dakor Road, caterers Dakor Road Anand, best caterers near Dakor Road",Transactional (Hyper-local),Medium
Vendor + City Area,"Decorators in Dakor Road, Anand | VenueConnect",/anand/dakor-road/vendors/decorators/,"Top Decorators in Dakor Road, Anand | Hire Near You - VenueConnect","Find the best decorators in Dakor Road, Anand for your event. Browse verified profiles, compare pricing & get WhatsApp leads instantly on VenueConnect.","Top Decorators in Dakor Road, Anand",decorators in Dakor Road Anand,"decorators near Dakor Road, decorators Dakor Road Anand, best decorators near Dakor Road",Transactional (Hyper-local),Medium
Vendor + City Area,"Mehndi Artists in Dakor Road, Anand | VenueConnect",/anand/dakor-road/vendors/mehndi-artists/,"Top Mehndi Artists in Dakor Road, Anand | Hire Near You - VenueConnect","Find the best mehndi artists in Dakor Road, Anand for your event. Browse verified profiles, compare pricing & get WhatsApp leads instantly on VenueConnect.","Top Mehndi Artists in Dakor Road, Anand",mehndi artists in Dakor Road Anand,"mehndi artists near Dakor Road, mehndi artists Dakor Road Anand, best mehndi artists near Dakor Road",Transactional (Hyper-local),Medium
Vendor + City Area,"Photographers in Dharmaj, Anand | VenueConnect",/anand/dharmaj/vendors/photographers/,"Top Photographers in Dharmaj, Anand | Hire Near You - VenueConnect","Find the best photographers in Dharmaj, Anand for your event. Browse verified profiles, compare pricing & get WhatsApp leads instantly on VenueConnect.","Top Photographers in Dharmaj, Anand",photographers in Dharmaj Anand,"photographers near Dharmaj, photographers Dharmaj Anand, best photographers near Dharmaj",Transactional (Hyper-local),Medium
Vendor + City Area,"Caterers in Dharmaj, Anand | VenueConnect",/anand/dharmaj/vendors/caterers/,"Top Caterers in Dharmaj, Anand | Hire Near You - VenueConnect","Find the best caterers in Dharmaj, Anand for your event. Browse verified profiles, compare pricing & get WhatsApp leads instantly on VenueConnect.","Top Caterers in Dharmaj, Anand",caterers in Dharmaj Anand,"caterers near Dharmaj, caterers Dharmaj Anand, best caterers near Dharmaj",Transactional (Hyper-local),Medium
Vendor + City Area,"Decorators in Dharmaj, Anand | VenueConnect",/anand/dharmaj/vendors/decorators/,"Top Decorators in Dharmaj, Anand | Hire Near You - VenueConnect","Find the best decorators in Dharmaj, Anand for your event. Browse verified profiles, compare pricing & get WhatsApp leads instantly on VenueConnect.","Top Decorators in Dharmaj, Anand",decorators in Dharmaj Anand,"decorators near Dharmaj, decorators Dharmaj Anand, best decorators near Dharmaj",Transactional (Hyper-local),Medium
Vendor + City Area,"Mehndi Artists in Dharmaj, Anand | VenueConnect",/anand/dharmaj/vendors/mehndi-artists/,"Top Mehndi Artists in Dharmaj, Anand | Hire Near You - VenueConnect","Find the best mehndi artists in Dharmaj, Anand for your event. Browse verified profiles, compare pricing & get WhatsApp leads instantly on VenueConnect.","Top Mehndi Artists in Dharmaj, Anand",mehndi artists in Dharmaj Anand,"mehndi artists near Dharmaj, mehndi artists Dharmaj Anand, best mehndi artists near Dharmaj",Transactional (Hyper-local),Medium
Vendor + City Area,"Photographers in Gujarat Vidyapith Road, Anand | VenueConnect",/anand/gujarat-vidyapith-road/vendors/photographers/,"Top Photographers in Gujarat Vidyapith Road, Anand | Hire Near You - VenueConnect","Find the best photographers in Gujarat Vidyapith Road, Anand for your event. Browse verified profiles, compare pricing & get WhatsApp leads instantly on VenueConnect.","Top Photographers in Gujarat Vidyapith Road, Anand",photographers in Gujarat Vidyapith Road Anand,"photographers near Gujarat Vidyapith Road, photographers Gujarat Vidyapith Road Anand, best photographers near Gujarat Vidyapith Road",Transactional (Hyper-local),Medium
Vendor + City Area,"Caterers in Gujarat Vidyapith Road, Anand | VenueConnect",/anand/gujarat-vidyapith-road/vendors/caterers/,"Top Caterers in Gujarat Vidyapith Road, Anand | Hire Near You - VenueConnect","Find the best caterers in Gujarat Vidyapith Road, Anand for your event. Browse verified profiles, compare pricing & get WhatsApp leads instantly on VenueConnect.","Top Caterers in Gujarat Vidyapith Road, Anand",caterers in Gujarat Vidyapith Road Anand,"caterers near Gujarat Vidyapith Road, caterers Gujarat Vidyapith Road Anand, best caterers near Gujarat Vidyapith Road",Transactional (Hyper-local),Medium
Vendor + City Area,"Decorators in Gujarat Vidyapith Road, Anand | VenueConnect",/anand/gujarat-vidyapith-road/vendors/decorators/,"Top Decorators in Gujarat Vidyapith Road, Anand | Hire Near You - VenueConnect","Find the best decorators in Gujarat Vidyapith Road, Anand for your event. Browse verified profiles, compare pricing & get WhatsApp leads instantly on VenueConnect.","Top Decorators in Gujarat Vidyapith Road, Anand",decorators in Gujarat Vidyapith Road Anand,"decorators near Gujarat Vidyapith Road, decorators Gujarat Vidyapith Road Anand, best decorators near Gujarat Vidyapith Road",Transactional (Hyper-local),Medium
Vendor + City Area,"Mehndi Artists in Gujarat Vidyapith Road, Anand | VenueConnect",/anand/gujarat-vidyapith-road/vendors/mehndi-artists/,"Top Mehndi Artists in Gujarat Vidyapith Road, Anand | Hire Near You - VenueConnect","Find the best mehndi artists in Gujarat Vidyapith Road, Anand for your event. Browse verified profiles, compare pricing & get WhatsApp leads instantly on VenueConnect.","Top Mehndi Artists in Gujarat Vidyapith Road, Anand",mehndi artists in Gujarat Vidyapith Road Anand,"mehndi artists near Gujarat Vidyapith Road, mehndi artists Gujarat Vidyapith Road Anand, best mehndi artists near Gujarat Vidyapith Road",Transactional (Hyper-local),Medium
Vendor + City Area,"Photographers in Khambhat Road, Anand | VenueConnect",/anand/khambhat-road/vendors/photographers/,"Top Photographers in Khambhat Road, Anand | Hire Near You - VenueConnect","Find the best photographers in Khambhat Road, Anand for your event. Browse verified profiles, compare pricing & get WhatsApp leads instantly on VenueConnect.","Top Photographers in Khambhat Road, Anand",photographers in Khambhat Road Anand,"photographers near Khambhat Road, photographers Khambhat Road Anand, best photographers near Khambhat Road",Transactional (Hyper-local),Medium
Vendor + City Area,"Caterers in Khambhat Road, Anand | VenueConnect",/anand/khambhat-road/vendors/caterers/,"Top Caterers in Khambhat Road, Anand | Hire Near You - VenueConnect","Find the best caterers in Khambhat Road, Anand for your event. Browse verified profiles, compare pricing & get WhatsApp leads instantly on VenueConnect.","Top Caterers in Khambhat Road, Anand",caterers in Khambhat Road Anand,"caterers near Khambhat Road, caterers Khambhat Road Anand, best caterers near Khambhat Road",Transactional (Hyper-local),Medium
Vendor + City Area,"Decorators in Khambhat Road, Anand | VenueConnect",/anand/khambhat-road/vendors/decorators/,"Top Decorators in Khambhat Road, Anand | Hire Near You - VenueConnect","Find the best decorators in Khambhat Road, Anand for your event. Browse verified profiles, compare pricing & get WhatsApp leads instantly on VenueConnect.","Top Decorators in Khambhat Road, Anand",decorators in Khambhat Road Anand,"decorators near Khambhat Road, decorators Khambhat Road Anand, best decorators near Khambhat Road",Transactional (Hyper-local),Medium
Vendor + City Area,"Mehndi Artists in Khambhat Road, Anand | VenueConnect",/anand/khambhat-road/vendors/mehndi-artists/,"Top Mehndi Artists in Khambhat Road, Anand | Hire Near You - VenueConnect","Find the best mehndi artists in Khambhat Road, Anand for your event. Browse verified profiles, compare pricing & get WhatsApp leads instantly on VenueConnect.","Top Mehndi Artists in Khambhat Road, Anand",mehndi artists in Khambhat Road Anand,"mehndi artists near Khambhat Road, mehndi artists Khambhat Road Anand, best mehndi artists near Khambhat Road",Transactional (Hyper-local),Medium
Vendor + City Area,"Photographers in Mogar, Anand | VenueConnect",/anand/mogar/vendors/photographers/,"Top Photographers in Mogar, Anand | Hire Near You - VenueConnect","Find the best photographers in Mogar, Anand for your event. Browse verified profiles, compare pricing & get WhatsApp leads instantly on VenueConnect.","Top Photographers in Mogar, Anand",photographers in Mogar Anand,"photographers near Mogar, photographers Mogar Anand, best photographers near Mogar",Transactional (Hyper-local),Medium
Vendor + City Area,"Caterers in Mogar, Anand | VenueConnect",/anand/mogar/vendors/caterers/,"Top Caterers in Mogar, Anand | Hire Near You - VenueConnect","Find the best caterers in Mogar, Anand for your event. Browse verified profiles, compare pricing & get WhatsApp leads instantly on VenueConnect.","Top Caterers in Mogar, Anand",caterers in Mogar Anand,"caterers near Mogar, caterers Mogar Anand, best caterers near Mogar",Transactional (Hyper-local),Medium
Vendor + City Area,"Decorators in Mogar, Anand | VenueConnect",/anand/mogar/vendors/decorators/,"Top Decorators in Mogar, Anand | Hire Near You - VenueConnect","Find the best decorators in Mogar, Anand for your event. Browse verified profiles, compare pricing & get WhatsApp leads instantly on VenueConnect.","Top Decorators in Mogar, Anand",decorators in Mogar Anand,"decorators near Mogar, decorators Mogar Anand, best decorators near Mogar",Transactional (Hyper-local),Medium
Vendor + City Area,"Mehndi Artists in Mogar, Anand | VenueConnect",/anand/mogar/vendors/mehndi-artists/,"Top Mehndi Artists in Mogar, Anand | Hire Near You - VenueConnect","Find the best mehndi artists in Mogar, Anand for your event. Browse verified profiles, compare pricing & get WhatsApp leads instantly on VenueConnect.","Top Mehndi Artists in Mogar, Anand",mehndi artists in Mogar Anand,"mehndi artists near Mogar, mehndi artists Mogar Anand, best mehndi artists near Mogar",Transactional (Hyper-local),Medium
Vendor + City Area,"Photographers in Nadiad Road, Anand | VenueConnect",/anand/nadiad-road/vendors/photographers/,"Top Photographers in Nadiad Road, Anand | Hire Near You - VenueConnect","Find the best photographers in Nadiad Road, Anand for your event. Browse verified profiles, compare pricing & get WhatsApp leads instantly on VenueConnect.","Top Photographers in Nadiad Road, Anand",photographers in Nadiad Road Anand,"photographers near Nadiad Road, photographers Nadiad Road Anand, best photographers near Nadiad Road",Transactional (Hyper-local),Medium
Vendor + City Area,"Caterers in Nadiad Road, Anand | VenueConnect",/anand/nadiad-road/vendors/caterers/,"Top Caterers in Nadiad Road, Anand | Hire Near You - VenueConnect","Find the best caterers in Nadiad Road, Anand for your event. Browse verified profiles, compare pricing & get WhatsApp leads instantly on VenueConnect.","Top Caterers in Nadiad Road, Anand",caterers in Nadiad Road Anand,"caterers near Nadiad Road, caterers Nadiad Road Anand, best caterers near Nadiad Road",Transactional (Hyper-local),Medium
Vendor + City Area,"Decorators in Nadiad Road, Anand | VenueConnect",/anand/nadiad-road/vendors/decorators/,"Top Decorators in Nadiad Road, Anand | Hire Near You - VenueConnect","Find the best decorators in Nadiad Road, Anand for your event. Browse verified profiles, compare pricing & get WhatsApp leads instantly on VenueConnect.","Top Decorators in Nadiad Road, Anand",decorators in Nadiad Road Anand,"decorators near Nadiad Road, decorators Nadiad Road Anand, best decorators near Nadiad Road",Transactional (Hyper-local),Medium
Vendor + City Area,"Mehndi Artists in Nadiad Road, Anand | VenueConnect",/anand/nadiad-road/vendors/mehndi-artists/,"Top Mehndi Artists in Nadiad Road, Anand | Hire Near You - VenueConnect","Find the best mehndi artists in Nadiad Road, Anand for your event. Browse verified profiles, compare pricing & get WhatsApp leads instantly on VenueConnect.","Top Mehndi Artists in Nadiad Road, Anand",mehndi artists in Nadiad Road Anand,"mehndi artists near Nadiad Road, mehndi artists Nadiad Road Anand, best mehndi artists near Nadiad Road",Transactional (Hyper-local),Medium
Vendor + City Area,"Photographers in New Anand, Anand | VenueConnect",/anand/new-anand/vendors/photographers/,"Top Photographers in New Anand, Anand | Hire Near You - VenueConnect","Find the best photographers in New Anand, Anand for your event. Browse verified profiles, compare pricing & get WhatsApp leads instantly on VenueConnect.","Top Photographers in New Anand, Anand",photographers in New Anand Anand,"photographers near New Anand, photographers New Anand Anand, best photographers near New Anand",Transactional (Hyper-local),Medium
Vendor + City Area,"Caterers in New Anand, Anand | VenueConnect",/anand/new-anand/vendors/caterers/,"Top Caterers in New Anand, Anand | Hire Near You - VenueConnect","Find the best caterers in New Anand, Anand for your event. Browse verified profiles, compare pricing & get WhatsApp leads instantly on VenueConnect.","Top Caterers in New Anand, Anand",caterers in New Anand Anand,"caterers near New Anand, caterers New Anand Anand, best caterers near New Anand",Transactional (Hyper-local),Medium
Vendor + City Area,"Decorators in New Anand, Anand | VenueConnect",/anand/new-anand/vendors/decorators/,"Top Decorators in New Anand, Anand | Hire Near You - VenueConnect","Find the best decorators in New Anand, Anand for your event. Browse verified profiles, compare pricing & get WhatsApp leads instantly on VenueConnect.","Top Decorators in New Anand, Anand",decorators in New Anand Anand,"decorators near New Anand, decorators New Anand Anand, best decorators near New Anand",Transactional (Hyper-local),Medium
Vendor + City Area,"Mehndi Artists in New Anand, Anand | VenueConnect",/anand/new-anand/vendors/mehndi-artists/,"Top Mehndi Artists in New Anand, Anand | Hire Near You - VenueConnect","Find the best mehndi artists in New Anand, Anand for your event. Browse verified profiles, compare pricing & get WhatsApp leads instantly on VenueConnect.","Top Mehndi Artists in New Anand, Anand",mehndi artists in New Anand Anand,"mehndi artists near New Anand, mehndi artists New Anand Anand, best mehndi artists near New Anand",Transactional (Hyper-local),Medium
Vendor + City Area,"Photographers in Petlad Road, Anand | VenueConnect",/anand/petlad-road/vendors/photographers/,"Top Photographers in Petlad Road, Anand | Hire Near You - VenueConnect","Find the best photographers in Petlad Road, Anand for your event. Browse verified profiles, compare pricing & get WhatsApp leads instantly on VenueConnect.","Top Photographers in Petlad Road, Anand",photographers in Petlad Road Anand,"photographers near Petlad Road, photographers Petlad Road Anand, best photographers near Petlad Road",Transactional (Hyper-local),Medium
Vendor + City Area,"Caterers in Petlad Road, Anand | VenueConnect",/anand/petlad-road/vendors/caterers/,"Top Caterers in Petlad Road, Anand | Hire Near You - VenueConnect","Find the best caterers in Petlad Road, Anand for your event. Browse verified profiles, compare pricing & get WhatsApp leads instantly on VenueConnect.","Top Caterers in Petlad Road, Anand",caterers in Petlad Road Anand,"caterers near Petlad Road, caterers Petlad Road Anand, best caterers near Petlad Road",Transactional (Hyper-local),Medium
Vendor + City Area,"Decorators in Petlad Road, Anand | VenueConnect",/anand/petlad-road/vendors/decorators/,"Top Decorators in Petlad Road, Anand | Hire Near You - VenueConnect","Find the best decorators in Petlad Road, Anand for your event. Browse verified profiles, compare pricing & get WhatsApp leads instantly on VenueConnect.","Top Decorators in Petlad Road, Anand",decorators in Petlad Road Anand,"decorators near Petlad Road, decorators Petlad Road Anand, best decorators near Petlad Road",Transactional (Hyper-local),Medium
Vendor + City Area,"Mehndi Artists in Petlad Road, Anand | VenueConnect",/anand/petlad-road/vendors/mehndi-artists/,"Top Mehndi Artists in Petlad Road, Anand | Hire Near You - VenueConnect","Find the best mehndi artists in Petlad Road, Anand for your event. Browse verified profiles, compare pricing & get WhatsApp leads instantly on VenueConnect.","Top Mehndi Artists in Petlad Road, Anand",mehndi artists in Petlad Road Anand,"mehndi artists near Petlad Road, mehndi artists Petlad Road Anand, best mehndi artists near Petlad Road",Transactional (Hyper-local),Medium
Vendor + City Area,"Photographers in Sojitra, Anand | VenueConnect",/anand/sojitra/vendors/photographers/,"Top Photographers in Sojitra, Anand | Hire Near You - VenueConnect","Find the best photographers in Sojitra, Anand for your event. Browse verified profiles, compare pricing & get WhatsApp leads instantly on VenueConnect.","Top Photographers in Sojitra, Anand",photographers in Sojitra Anand,"photographers near Sojitra, photographers Sojitra Anand, best photographers near Sojitra",Transactional (Hyper-local),Medium
Vendor + City Area,"Caterers in Sojitra, Anand | VenueConnect",/anand/sojitra/vendors/caterers/,"Top Caterers in Sojitra, Anand | Hire Near You - VenueConnect","Find the best caterers in Sojitra, Anand for your event. Browse verified profiles, compare pricing & get WhatsApp leads instantly on VenueConnect.","Top Caterers in Sojitra, Anand",caterers in Sojitra Anand,"caterers near Sojitra, caterers Sojitra Anand, best caterers near Sojitra",Transactional (Hyper-local),Medium
Vendor + City Area,"Decorators in Sojitra, Anand | VenueConnect",/anand/sojitra/vendors/decorators/,"Top Decorators in Sojitra, Anand | Hire Near You - VenueConnect","Find the best decorators in Sojitra, Anand for your event. Browse verified profiles, compare pricing & get WhatsApp leads instantly on VenueConnect.","Top Decorators in Sojitra, Anand",decorators in Sojitra Anand,"decorators near Sojitra, decorators Sojitra Anand, best decorators near Sojitra",Transactional (Hyper-local),Medium
Vendor + City Area,"Mehndi Artists in Sojitra, Anand | VenueConnect",/anand/sojitra/vendors/mehndi-artists/,"Top Mehndi Artists in Sojitra, Anand | Hire Near You - VenueConnect","Find the best mehndi artists in Sojitra, Anand for your event. Browse verified profiles, compare pricing & get WhatsApp leads instantly on VenueConnect.","Top Mehndi Artists in Sojitra, Anand",mehndi artists in Sojitra Anand,"mehndi artists near Sojitra, mehndi artists Sojitra Anand, best mehndi artists near Sojitra",Transactional (Hyper-local),Medium
Vendor + City Area,"Photographers in Tarapur, Anand | VenueConnect",/anand/tarapur/vendors/photographers/,"Top Photographers in Tarapur, Anand | Hire Near You - VenueConnect","Find the best photographers in Tarapur, Anand for your event. Browse verified profiles, compare pricing & get WhatsApp leads instantly on VenueConnect.","Top Photographers in Tarapur, Anand",photographers in Tarapur Anand,"photographers near Tarapur, photographers Tarapur Anand, best photographers near Tarapur",Transactional (Hyper-local),Medium
Vendor + City Area,"Caterers in Tarapur, Anand | VenueConnect",/anand/tarapur/vendors/caterers/,"Top Caterers in Tarapur, Anand | Hire Near You - VenueConnect","Find the best caterers in Tarapur, Anand for your event. Browse verified profiles, compare pricing & get WhatsApp leads instantly on VenueConnect.","Top Caterers in Tarapur, Anand",caterers in Tarapur Anand,"caterers near Tarapur, caterers Tarapur Anand, best caterers near Tarapur",Transactional (Hyper-local),Medium
Vendor + City Area,"Decorators in Tarapur, Anand | VenueConnect",/anand/tarapur/vendors/decorators/,"Top Decorators in Tarapur, Anand | Hire Near You - VenueConnect","Find the best decorators in Tarapur, Anand for your event. Browse verified profiles, compare pricing & get WhatsApp leads instantly on VenueConnect.","Top Decorators in Tarapur, Anand",decorators in Tarapur Anand,"decorators near Tarapur, decorators Tarapur Anand, best decorators near Tarapur",Transactional (Hyper-local),Medium
Vendor + City Area,"Mehndi Artists in Tarapur, Anand | VenueConnect",/anand/tarapur/vendors/mehndi-artists/,"Top Mehndi Artists in Tarapur, Anand | Hire Near You - VenueConnect","Find the best mehndi artists in Tarapur, Anand for your event. Browse verified profiles, compare pricing & get WhatsApp leads instantly on VenueConnect.","Top Mehndi Artists in Tarapur, Anand",mehndi artists in Tarapur Anand,"mehndi artists near Tarapur, mehndi artists Tarapur Anand, best mehndi artists near Tarapur",Transactional (Hyper-local),Medium
Vendor + City Area,"Photographers in Umreth, Anand | VenueConnect",/anand/umreth/vendors/photographers/,"Top Photographers in Umreth, Anand | Hire Near You - VenueConnect","Find the best photographers in Umreth, Anand for your event. Browse verified profiles, compare pricing & get WhatsApp leads instantly on VenueConnect.","Top Photographers in Umreth, Anand",photographers in Umreth Anand,"photographers near Umreth, photographers Umreth Anand, best photographers near Umreth",Transactional (Hyper-local),Medium
Vendor + City Area,"Caterers in Umreth, Anand | VenueConnect",/anand/umreth/vendors/caterers/,"Top Caterers in Umreth, Anand | Hire Near You - VenueConnect","Find the best caterers in Umreth, Anand for your event. Browse verified profiles, compare pricing & get WhatsApp leads instantly on VenueConnect.","Top Caterers in Umreth, Anand",caterers in Umreth Anand,"caterers near Umreth, caterers Umreth Anand, best caterers near Umreth",Transactional (Hyper-local),Medium
Vendor + City Area,"Decorators in Umreth, Anand | VenueConnect",/anand/umreth/vendors/decorators/,"Top Decorators in Umreth, Anand | Hire Near You - VenueConnect","Find the best decorators in Umreth, Anand for your event. Browse verified profiles, compare pricing & get WhatsApp leads instantly on VenueConnect.","Top Decorators in Umreth, Anand",decorators in Umreth Anand,"decorators near Umreth, decorators Umreth Anand, best decorators near Umreth",Transactional (Hyper-local),Medium
Vendor + City Area,"Mehndi Artists in Umreth, Anand | VenueConnect",/anand/umreth/vendors/mehndi-artists/,"Top Mehndi Artists in Umreth, Anand | Hire Near You - VenueConnect","Find the best mehndi artists in Umreth, Anand for your event. Browse verified profiles, compare pricing & get WhatsApp leads instantly on VenueConnect.","Top Mehndi Artists in Umreth, Anand",mehndi artists in Umreth Anand,"mehndi artists near Umreth, mehndi artists Umreth Anand, best mehndi artists near Umreth",Transactional (Hyper-local),Medium
Vendor + City Area,"Photographers in VV Nagar, Anand | VenueConnect",/anand/vv-nagar/vendors/photographers/,"Top Photographers in VV Nagar, Anand | Hire Near You - VenueConnect","Find the best photographers in VV Nagar, Anand for your event. Browse verified profiles, compare pricing & get WhatsApp leads instantly on VenueConnect.","Top Photographers in VV Nagar, Anand",photographers in VV Nagar Anand,"photographers near VV Nagar, photographers VV Nagar Anand, best photographers near VV Nagar",Transactional (Hyper-local),Medium
Vendor + City Area,"Caterers in VV Nagar, Anand | VenueConnect",/anand/vv-nagar/vendors/caterers/,"Top Caterers in VV Nagar, Anand | Hire Near You - VenueConnect","Find the best caterers in VV Nagar, Anand for your event. Browse verified profiles, compare pricing & get WhatsApp leads instantly on VenueConnect.","Top Caterers in VV Nagar, Anand",caterers in VV Nagar Anand,"caterers near VV Nagar, caterers VV Nagar Anand, best caterers near VV Nagar",Transactional (Hyper-local),Medium
Vendor + City Area,"Decorators in VV Nagar, Anand | VenueConnect",/anand/vv-nagar/vendors/decorators/,"Top Decorators in VV Nagar, Anand | Hire Near You - VenueConnect","Find the best decorators in VV Nagar, Anand for your event. Browse verified profiles, compare pricing & get WhatsApp leads instantly on VenueConnect.","Top Decorators in VV Nagar, Anand",decorators in VV Nagar Anand,"decorators near VV Nagar, decorators VV Nagar Anand, best decorators near VV Nagar",Transactional (Hyper-local),Medium
Vendor + City Area,"Mehndi Artists in VV Nagar, Anand | VenueConnect",/anand/vv-nagar/vendors/mehndi-artists/,"Top Mehndi Artists in VV Nagar, Anand | Hire Near You - VenueConnect","Find the best mehndi artists in VV Nagar, Anand for your event. Browse verified profiles, compare pricing & get WhatsApp leads instantly on VenueConnect.","Top Mehndi Artists in VV Nagar, Anand",mehndi artists in VV Nagar Anand,"mehndi artists near VV Nagar, mehndi artists VV Nagar Anand, best mehndi artists near VV Nagar",Transactional (Hyper-local),Medium
Vendor + City Area,"Photographers in Ankhi, Anand | VenueConnect",/anand/ankhi/vendors/photographers/,"Top Photographers in Ankhi, Anand | Hire Near You - VenueConnect","Find the best photographers in Ankhi, Anand for your event. Browse verified profiles, compare pricing & get WhatsApp leads instantly on VenueConnect.","Top Photographers in Ankhi, Anand",photographers in Ankhi Anand,"photographers near Ankhi, photographers Ankhi Anand, best photographers near Ankhi",Transactional (Hyper-local),Medium
Vendor + City Area,"Caterers in Ankhi, Anand | VenueConnect",/anand/ankhi/vendors/caterers/,"Top Caterers in Ankhi, Anand | Hire Near You - VenueConnect","Find the best caterers in Ankhi, Anand for your event. Browse verified profiles, compare pricing & get WhatsApp leads instantly on VenueConnect.","Top Caterers in Ankhi, Anand",caterers in Ankhi Anand,"caterers near Ankhi, caterers Ankhi Anand, best caterers near Ankhi",Transactional (Hyper-local),Medium
Vendor + City Area,"Decorators in Ankhi, Anand | VenueConnect",/anand/ankhi/vendors/decorators/,"Top Decorators in Ankhi, Anand | Hire Near You - VenueConnect","Find the best decorators in Ankhi, Anand for your event. Browse verified profiles, compare pricing & get WhatsApp leads instantly on VenueConnect.","Top Decorators in Ankhi, Anand",decorators in Ankhi Anand,"decorators near Ankhi, decorators Ankhi Anand, best decorators near Ankhi",Transactional (Hyper-local),Medium
Vendor + City Area,"Mehndi Artists in Ankhi, Anand | VenueConnect",/anand/ankhi/vendors/mehndi-artists/,"Top Mehndi Artists in Ankhi, Anand | Hire Near You - VenueConnect","Find the best mehndi artists in Ankhi, Anand for your event. Browse verified profiles, compare pricing & get WhatsApp leads instantly on VenueConnect.","Top Mehndi Artists in Ankhi, Anand",mehndi artists in Ankhi Anand,"mehndi artists near Ankhi, mehndi artists Ankhi Anand, best mehndi artists near Ankhi",Transactional (Hyper-local),Medium
Vendor + City Area,"Photographers in Bhalej, Anand | VenueConnect",/anand/bhalej/vendors/photographers/,"Top Photographers in Bhalej, Anand | Hire Near You - VenueConnect","Find the best photographers in Bhalej, Anand for your event. Browse verified profiles, compare pricing & get WhatsApp leads instantly on VenueConnect.","Top Photographers in Bhalej, Anand",photographers in Bhalej Anand,"photographers near Bhalej, photographers Bhalej Anand, best photographers near Bhalej",Transactional (Hyper-local),Medium
Vendor + City Area,"Caterers in Bhalej, Anand | VenueConnect",/anand/bhalej/vendors/caterers/,"Top Caterers in Bhalej, Anand | Hire Near You - VenueConnect","Find the best caterers in Bhalej, Anand for your event. Browse verified profiles, compare pricing & get WhatsApp leads instantly on VenueConnect.","Top Caterers in Bhalej, Anand",caterers in Bhalej Anand,"caterers near Bhalej, caterers Bhalej Anand, best caterers near Bhalej",Transactional (Hyper-local),Medium
Vendor + City Area,"Decorators in Bhalej, Anand | VenueConnect",/anand/bhalej/vendors/decorators/,"Top Decorators in Bhalej, Anand | Hire Near You - VenueConnect","Find the best decorators in Bhalej, Anand for your event. Browse verified profiles, compare pricing & get WhatsApp leads instantly on VenueConnect.","Top Decorators in Bhalej, Anand",decorators in Bhalej Anand,"decorators near Bhalej, decorators Bhalej Anand, best decorators near Bhalej",Transactional (Hyper-local),Medium
Vendor + City Area,"Mehndi Artists in Bhalej, Anand | VenueConnect",/anand/bhalej/vendors/mehndi-artists/,"Top Mehndi Artists in Bhalej, Anand | Hire Near You - VenueConnect","Find the best mehndi artists in Bhalej, Anand for your event. Browse verified profiles, compare pricing & get WhatsApp leads instantly on VenueConnect.","Top Mehndi Artists in Bhalej, Anand",mehndi artists in Bhalej Anand,"mehndi artists near Bhalej, mehndi artists Bhalej Anand, best mehndi artists near Bhalej",Transactional (Hyper-local),Medium
Vendor + City Area,"Photographers in Boriyavi, Anand | VenueConnect",/anand/boriyavi/vendors/photographers/,"Top Photographers in Boriyavi, Anand | Hire Near You - VenueConnect","Find the best photographers in Boriyavi, Anand for your event. Browse verified profiles, compare pricing & get WhatsApp leads instantly on VenueConnect.","Top Photographers in Boriyavi, Anand",photographers in Boriyavi Anand,"photographers near Boriyavi, photographers Boriyavi Anand, best photographers near Boriyavi",Transactional (Hyper-local),Medium
Vendor + City Area,"Caterers in Boriyavi, Anand | VenueConnect",/anand/boriyavi/vendors/caterers/,"Top Caterers in Boriyavi, Anand | Hire Near You - VenueConnect","Find the best caterers in Boriyavi, Anand for your event. Browse verified profiles, compare pricing & get WhatsApp leads instantly on VenueConnect.","Top Caterers in Boriyavi, Anand",caterers in Boriyavi Anand,"caterers near Boriyavi, caterers Boriyavi Anand, best caterers near Boriyavi",Transactional (Hyper-local),Medium
Vendor + City Area,"Decorators in Boriyavi, Anand | VenueConnect",/anand/boriyavi/vendors/decorators/,"Top Decorators in Boriyavi, Anand | Hire Near You - VenueConnect","Find the best decorators in Boriyavi, Anand for your event. Browse verified profiles, compare pricing & get WhatsApp leads instantly on VenueConnect.","Top Decorators in Boriyavi, Anand",decorators in Boriyavi Anand,"decorators near Boriyavi, decorators Boriyavi Anand, best decorators near Boriyavi",Transactional (Hyper-local),Medium
Vendor + City Area,"Mehndi Artists in Boriyavi, Anand | VenueConnect",/anand/boriyavi/vendors/mehndi-artists/,"Top Mehndi Artists in Boriyavi, Anand | Hire Near You - VenueConnect","Find the best mehndi artists in Boriyavi, Anand for your event. Browse verified profiles, compare pricing & get WhatsApp leads instantly on VenueConnect.","Top Mehndi Artists in Boriyavi, Anand",mehndi artists in Boriyavi Anand,"mehndi artists near Boriyavi, mehndi artists Boriyavi Anand, best mehndi artists near Boriyavi",Transactional (Hyper-local),Medium
  VENUE TYPE + CITY AREA PAGES (Hyper-local),,,,,,,,,
Page Type,Page Title,URL Slug,Meta Title,Meta Description,H1 Tag,Target Keyword,Secondary Keywords,Search Intent,Priority
Venue + City Area,"Banquet Halls in Vallabh Vidyanagar, Anand | VenueConnect",/anand/vallabh-vidyanagar/banquet-halls/,"Best Banquet Halls in Vallabh Vidyanagar, Anand | Compare Near You - VenueConnect","Looking for banquet halls in Vallabh Vidyanagar, Anand? Browse verified listings with pricing, capacity & photos. Book the perfect venue near Vallabh Vidyanagar on VenueConnect.","Best Banquet Halls in Vallabh Vidyanagar, Anand",banquet halls in Vallabh Vidyanagar Anand,"banquet halls near Vallabh Vidyanagar, banquet halls Vallabh Vidyanagar Anand, affordable banquet halls near Vallabh Vidyanagar",Transactional (Hyper-local),High
Venue + City Area,"Farmhouses in Vallabh Vidyanagar, Anand | VenueConnect",/anand/vallabh-vidyanagar/farmhouses/,"Best Farmhouses in Vallabh Vidyanagar, Anand | Compare Near You - VenueConnect","Looking for farmhouses in Vallabh Vidyanagar, Anand? Browse verified listings with pricing, capacity & photos. Book the perfect venue near Vallabh Vidyanagar on VenueConnect.","Best Farmhouses in Vallabh Vidyanagar, Anand",farmhouses in Vallabh Vidyanagar Anand,"farmhouses near Vallabh Vidyanagar, farmhouses Vallabh Vidyanagar Anand, affordable farmhouses near Vallabh Vidyanagar",Transactional (Hyper-local),High
Venue + City Area,"Party Plots in Vallabh Vidyanagar, Anand | VenueConnect",/anand/vallabh-vidyanagar/party-plots/,"Best Party Plots in Vallabh Vidyanagar, Anand | Compare Near You - VenueConnect","Looking for party plots in Vallabh Vidyanagar, Anand? Browse verified listings with pricing, capacity & photos. Book the perfect venue near Vallabh Vidyanagar on VenueConnect.","Best Party Plots in Vallabh Vidyanagar, Anand",party plots in Vallabh Vidyanagar Anand,"party plots near Vallabh Vidyanagar, party plots Vallabh Vidyanagar Anand, affordable party plots near Vallabh Vidyanagar",Transactional (Hyper-local),High
Venue + City Area,"Banquet Halls in Karamsad, Anand | VenueConnect",/anand/karamsad/banquet-halls/,"Best Banquet Halls in Karamsad, Anand | Compare Near You - VenueConnect","Looking for banquet halls in Karamsad, Anand? Browse verified listings with pricing, capacity & photos. Book the perfect venue near Karamsad on VenueConnect.","Best Banquet Halls in Karamsad, Anand",banquet halls in Karamsad Anand,"banquet halls near Karamsad, banquet halls Karamsad Anand, affordable banquet halls near Karamsad",Transactional (Hyper-local),High
Venue + City Area,"Farmhouses in Karamsad, Anand | VenueConnect",/anand/karamsad/farmhouses/,"Best Farmhouses in Karamsad, Anand | Compare Near You - VenueConnect","Looking for farmhouses in Karamsad, Anand? Browse verified listings with pricing, capacity & photos. Book the perfect venue near Karamsad on VenueConnect.","Best Farmhouses in Karamsad, Anand",farmhouses in Karamsad Anand,"farmhouses near Karamsad, farmhouses Karamsad Anand, affordable farmhouses near Karamsad",Transactional (Hyper-local),High
Venue + City Area,"Party Plots in Karamsad, Anand | VenueConnect",/anand/karamsad/party-plots/,"Best Party Plots in Karamsad, Anand | Compare Near You - VenueConnect","Looking for party plots in Karamsad, Anand? Browse verified listings with pricing, capacity & photos. Book the perfect venue near Karamsad on VenueConnect.","Best Party Plots in Karamsad, Anand",party plots in Karamsad Anand,"party plots near Karamsad, party plots Karamsad Anand, affordable party plots near Karamsad",Transactional (Hyper-local),High
Venue + City Area,"Banquet Halls in Anand Station Road, Anand | VenueConnect",/anand/anand-station-road/banquet-halls/,"Best Banquet Halls in Anand Station Road, Anand | Compare Near You - VenueConnect","Looking for banquet halls in Anand Station Road, Anand? Browse verified listings with pricing, capacity & photos. Book the perfect venue near Anand Station Road on VenueConnect.","Best Banquet Halls in Anand Station Road, Anand",banquet halls in Anand Station Road Anand,"banquet halls near Anand Station Road, banquet halls Anand Station Road Anand, affordable banquet halls near Anand Station Road",Transactional (Hyper-local),High
Venue + City Area,"Farmhouses in Anand Station Road, Anand | VenueConnect",/anand/anand-station-road/farmhouses/,"Best Farmhouses in Anand Station Road, Anand | Compare Near You - VenueConnect","Looking for farmhouses in Anand Station Road, Anand? Browse verified listings with pricing, capacity & photos. Book the perfect venue near Anand Station Road on VenueConnect.","Best Farmhouses in Anand Station Road, Anand",farmhouses in Anand Station Road Anand,"farmhouses near Anand Station Road, farmhouses Anand Station Road Anand, affordable farmhouses near Anand Station Road",Transactional (Hyper-local),High
Venue + City Area,"Party Plots in Anand Station Road, Anand | VenueConnect",/anand/anand-station-road/party-plots/,"Best Party Plots in Anand Station Road, Anand | Compare Near You - VenueConnect","Looking for party plots in Anand Station Road, Anand? Browse verified listings with pricing, capacity & photos. Book the perfect venue near Anand Station Road on VenueConnect.","Best Party Plots in Anand Station Road, Anand",party plots in Anand Station Road Anand,"party plots near Anand Station Road, party plots Anand Station Road Anand, affordable party plots near Anand Station Road",Transactional (Hyper-local),High
Venue + City Area,"Banquet Halls in Bakrol, Anand | VenueConnect",/anand/bakrol/banquet-halls/,"Best Banquet Halls in Bakrol, Anand | Compare Near You - VenueConnect","Looking for banquet halls in Bakrol, Anand? Browse verified listings with pricing, capacity & photos. Book the perfect venue near Bakrol on VenueConnect.","Best Banquet Halls in Bakrol, Anand",banquet halls in Bakrol Anand,"banquet halls near Bakrol, banquet halls Bakrol Anand, affordable banquet halls near Bakrol",Transactional (Hyper-local),High
Venue + City Area,"Farmhouses in Bakrol, Anand | VenueConnect",/anand/bakrol/farmhouses/,"Best Farmhouses in Bakrol, Anand | Compare Near You - VenueConnect","Looking for farmhouses in Bakrol, Anand? Browse verified listings with pricing, capacity & photos. Book the perfect venue near Bakrol on VenueConnect.","Best Farmhouses in Bakrol, Anand",farmhouses in Bakrol Anand,"farmhouses near Bakrol, farmhouses Bakrol Anand, affordable farmhouses near Bakrol",Transactional (Hyper-local),High
Venue + City Area,"Party Plots in Bakrol, Anand | VenueConnect",/anand/bakrol/party-plots/,"Best Party Plots in Bakrol, Anand | Compare Near You - VenueConnect","Looking for party plots in Bakrol, Anand? Browse verified listings with pricing, capacity & photos. Book the perfect venue near Bakrol on VenueConnect.","Best Party Plots in Bakrol, Anand",party plots in Bakrol Anand,"party plots near Bakrol, party plots Bakrol Anand, affordable party plots near Bakrol",Transactional (Hyper-local),High
Venue + City Area,"Banquet Halls in Lambhvel, Anand | VenueConnect",/anand/lambhvel/banquet-halls/,"Best Banquet Halls in Lambhvel, Anand | Compare Near You - VenueConnect","Looking for banquet halls in Lambhvel, Anand? Browse verified listings with pricing, capacity & photos. Book the perfect venue near Lambhvel on VenueConnect.","Best Banquet Halls in Lambhvel, Anand",banquet halls in Lambhvel Anand,"banquet halls near Lambhvel, banquet halls Lambhvel Anand, affordable banquet halls near Lambhvel",Transactional (Hyper-local),High
Venue + City Area,"Farmhouses in Lambhvel, Anand | VenueConnect",/anand/lambhvel/farmhouses/,"Best Farmhouses in Lambhvel, Anand | Compare Near You - VenueConnect","Looking for farmhouses in Lambhvel, Anand? Browse verified listings with pricing, capacity & photos. Book the perfect venue near Lambhvel on VenueConnect.","Best Farmhouses in Lambhvel, Anand",farmhouses in Lambhvel Anand,"farmhouses near Lambhvel, farmhouses Lambhvel Anand, affordable farmhouses near Lambhvel",Transactional (Hyper-local),High
Venue + City Area,"Party Plots in Lambhvel, Anand | VenueConnect",/anand/lambhvel/party-plots/,"Best Party Plots in Lambhvel, Anand | Compare Near You - VenueConnect","Looking for party plots in Lambhvel, Anand? Browse verified listings with pricing, capacity & photos. Book the perfect venue near Lambhvel on VenueConnect.","Best Party Plots in Lambhvel, Anand",party plots in Lambhvel Anand,"party plots near Lambhvel, party plots Lambhvel Anand, affordable party plots near Lambhvel",Transactional (Hyper-local),High
Venue + City Area,"Banquet Halls in Vidyanagar, Anand | VenueConnect",/anand/vidyanagar/banquet-halls/,"Best Banquet Halls in Vidyanagar, Anand | Compare Near You - VenueConnect","Looking for banquet halls in Vidyanagar, Anand? Browse verified listings with pricing, capacity & photos. Book the perfect venue near Vidyanagar on VenueConnect.","Best Banquet Halls in Vidyanagar, Anand",banquet halls in Vidyanagar Anand,"banquet halls near Vidyanagar, banquet halls Vidyanagar Anand, affordable banquet halls near Vidyanagar",Transactional (Hyper-local),High
Venue + City Area,"Farmhouses in Vidyanagar, Anand | VenueConnect",/anand/vidyanagar/farmhouses/,"Best Farmhouses in Vidyanagar, Anand | Compare Near You - VenueConnect","Looking for farmhouses in Vidyanagar, Anand? Browse verified listings with pricing, capacity & photos. Book the perfect venue near Vidyanagar on VenueConnect.","Best Farmhouses in Vidyanagar, Anand",farmhouses in Vidyanagar Anand,"farmhouses near Vidyanagar, farmhouses Vidyanagar Anand, affordable farmhouses near Vidyanagar",Transactional (Hyper-local),High
Venue + City Area,"Party Plots in Vidyanagar, Anand | VenueConnect",/anand/vidyanagar/party-plots/,"Best Party Plots in Vidyanagar, Anand | Compare Near You - VenueConnect","Looking for party plots in Vidyanagar, Anand? Browse verified listings with pricing, capacity & photos. Book the perfect venue near Vidyanagar on VenueConnect.","Best Party Plots in Vidyanagar, Anand",party plots in Vidyanagar Anand,"party plots near Vidyanagar, party plots Vidyanagar Anand, affordable party plots near Vidyanagar",Transactional (Hyper-local),High
Venue + City Area,"Banquet Halls in GIDC Anand, Anand | VenueConnect",/anand/gidc-anand/banquet-halls/,"Best Banquet Halls in GIDC Anand, Anand | Compare Near You - VenueConnect","Looking for banquet halls in GIDC Anand, Anand? Browse verified listings with pricing, capacity & photos. Book the perfect venue near GIDC Anand on VenueConnect.","Best Banquet Halls in GIDC Anand, Anand",banquet halls in GIDC Anand Anand,"banquet halls near GIDC Anand, banquet halls GIDC Anand Anand, affordable banquet halls near GIDC Anand",Transactional (Hyper-local),High
Venue + City Area,"Farmhouses in GIDC Anand, Anand | VenueConnect",/anand/gidc-anand/farmhouses/,"Best Farmhouses in GIDC Anand, Anand | Compare Near You - VenueConnect","Looking for farmhouses in GIDC Anand, Anand? Browse verified listings with pricing, capacity & photos. Book the perfect venue near GIDC Anand on VenueConnect.","Best Farmhouses in GIDC Anand, Anand",farmhouses in GIDC Anand Anand,"farmhouses near GIDC Anand, farmhouses GIDC Anand Anand, affordable farmhouses near GIDC Anand",Transactional (Hyper-local),High
Venue + City Area,"Party Plots in GIDC Anand, Anand | VenueConnect",/anand/gidc-anand/party-plots/,"Best Party Plots in GIDC Anand, Anand | Compare Near You - VenueConnect","Looking for party plots in GIDC Anand, Anand? Browse verified listings with pricing, capacity & photos. Book the perfect venue near GIDC Anand on VenueConnect.","Best Party Plots in GIDC Anand, Anand",party plots in GIDC Anand Anand,"party plots near GIDC Anand, party plots GIDC Anand Anand, affordable party plots near GIDC Anand",Transactional (Hyper-local),High
Venue + City Area,"Banquet Halls in Anand Agriculture University, Anand | VenueConnect",/anand/anand-agriculture-university/banquet-halls/,"Best Banquet Halls in Anand Agriculture University, Anand | Compare Near You - VenueConnect","Looking for banquet halls in Anand Agriculture University, Anand? Browse verified listings with pricing, capacity & photos. Book the perfect venue near Anand Agriculture University on VenueConnect.","Best Banquet Halls in Anand Agriculture University, Anand",banquet halls in Anand Agriculture University Anand,"banquet halls near Anand Agriculture University, banquet halls Anand Agriculture University Anand, affordable banquet halls near Anand Agriculture University",Transactional (Hyper-local),High
Venue + City Area,"Farmhouses in Anand Agriculture University, Anand | VenueConnect",/anand/anand-agriculture-university/farmhouses/,"Best Farmhouses in Anand Agriculture University, Anand | Compare Near You - VenueConnect","Looking for farmhouses in Anand Agriculture University, Anand? Browse verified listings with pricing, capacity & photos. Book the perfect venue near Anand Agriculture University on VenueConnect.","Best Farmhouses in Anand Agriculture University, Anand",farmhouses in Anand Agriculture University Anand,"farmhouses near Anand Agriculture University, farmhouses Anand Agriculture University Anand, affordable farmhouses near Anand Agriculture University",Transactional (Hyper-local),High
Venue + City Area,"Party Plots in Anand Agriculture University, Anand | VenueConnect",/anand/anand-agriculture-university/party-plots/,"Best Party Plots in Anand Agriculture University, Anand | Compare Near You - VenueConnect","Looking for party plots in Anand Agriculture University, Anand? Browse verified listings with pricing, capacity & photos. Book the perfect venue near Anand Agriculture University on VenueConnect.","Best Party Plots in Anand Agriculture University, Anand",party plots in Anand Agriculture University Anand,"party plots near Anand Agriculture University, party plots Anand Agriculture University Anand, affordable party plots near Anand Agriculture University",Transactional (Hyper-local),High
Venue + City Area,"Banquet Halls in Borsad Road, Anand | VenueConnect",/anand/borsad-road/banquet-halls/,"Best Banquet Halls in Borsad Road, Anand | Compare Near You - VenueConnect","Looking for banquet halls in Borsad Road, Anand? Browse verified listings with pricing, capacity & photos. Book the perfect venue near Borsad Road on VenueConnect.","Best Banquet Halls in Borsad Road, Anand",banquet halls in Borsad Road Anand,"banquet halls near Borsad Road, banquet halls Borsad Road Anand, affordable banquet halls near Borsad Road",Transactional (Hyper-local),High
Venue + City Area,"Farmhouses in Borsad Road, Anand | VenueConnect",/anand/borsad-road/farmhouses/,"Best Farmhouses in Borsad Road, Anand | Compare Near You - VenueConnect","Looking for farmhouses in Borsad Road, Anand? Browse verified listings with pricing, capacity & photos. Book the perfect venue near Borsad Road on VenueConnect.","Best Farmhouses in Borsad Road, Anand",farmhouses in Borsad Road Anand,"farmhouses near Borsad Road, farmhouses Borsad Road Anand, affordable farmhouses near Borsad Road",Transactional (Hyper-local),High
Venue + City Area,"Party Plots in Borsad Road, Anand | VenueConnect",/anand/borsad-road/party-plots/,"Best Party Plots in Borsad Road, Anand | Compare Near You - VenueConnect","Looking for party plots in Borsad Road, Anand? Browse verified listings with pricing, capacity & photos. Book the perfect venue near Borsad Road on VenueConnect.","Best Party Plots in Borsad Road, Anand",party plots in Borsad Road Anand,"party plots near Borsad Road, party plots Borsad Road Anand, affordable party plots near Borsad Road",Transactional (Hyper-local),High
Venue + City Area,"Banquet Halls in Changa, Anand | VenueConnect",/anand/changa/banquet-halls/,"Best Banquet Halls in Changa, Anand | Compare Near You - VenueConnect","Looking for banquet halls in Changa, Anand? Browse verified listings with pricing, capacity & photos. Book the perfect venue near Changa on VenueConnect.","Best Banquet Halls in Changa, Anand",banquet halls in Changa Anand,"banquet halls near Changa, banquet halls Changa Anand, affordable banquet halls near Changa",Transactional (Hyper-local),High
Venue + City Area,"Farmhouses in Changa, Anand | VenueConnect",/anand/changa/farmhouses/,"Best Farmhouses in Changa, Anand | Compare Near You - VenueConnect","Looking for farmhouses in Changa, Anand? Browse verified listings with pricing, capacity & photos. Book the perfect venue near Changa on VenueConnect.","Best Farmhouses in Changa, Anand",farmhouses in Changa Anand,"farmhouses near Changa, farmhouses Changa Anand, affordable farmhouses near Changa",Transactional (Hyper-local),High
Venue + City Area,"Party Plots in Changa, Anand | VenueConnect",/anand/changa/party-plots/,"Best Party Plots in Changa, Anand | Compare Near You - VenueConnect","Looking for party plots in Changa, Anand? Browse verified listings with pricing, capacity & photos. Book the perfect venue near Changa on VenueConnect.","Best Party Plots in Changa, Anand",party plots in Changa Anand,"party plots near Changa, party plots Changa Anand, affordable party plots near Changa",Transactional (Hyper-local),High
Venue + City Area,"Banquet Halls in Dakor Road, Anand | VenueConnect",/anand/dakor-road/banquet-halls/,"Best Banquet Halls in Dakor Road, Anand | Compare Near You - VenueConnect","Looking for banquet halls in Dakor Road, Anand? Browse verified listings with pricing, capacity & photos. Book the perfect venue near Dakor Road on VenueConnect.","Best Banquet Halls in Dakor Road, Anand",banquet halls in Dakor Road Anand,"banquet halls near Dakor Road, banquet halls Dakor Road Anand, affordable banquet halls near Dakor Road",Transactional (Hyper-local),High
Venue + City Area,"Farmhouses in Dakor Road, Anand | VenueConnect",/anand/dakor-road/farmhouses/,"Best Farmhouses in Dakor Road, Anand | Compare Near You - VenueConnect","Looking for farmhouses in Dakor Road, Anand? Browse verified listings with pricing, capacity & photos. Book the perfect venue near Dakor Road on VenueConnect.","Best Farmhouses in Dakor Road, Anand",farmhouses in Dakor Road Anand,"farmhouses near Dakor Road, farmhouses Dakor Road Anand, affordable farmhouses near Dakor Road",Transactional (Hyper-local),High
Venue + City Area,"Party Plots in Dakor Road, Anand | VenueConnect",/anand/dakor-road/party-plots/,"Best Party Plots in Dakor Road, Anand | Compare Near You - VenueConnect","Looking for party plots in Dakor Road, Anand? Browse verified listings with pricing, capacity & photos. Book the perfect venue near Dakor Road on VenueConnect.","Best Party Plots in Dakor Road, Anand",party plots in Dakor Road Anand,"party plots near Dakor Road, party plots Dakor Road Anand, affordable party plots near Dakor Road",Transactional (Hyper-local),High
Venue + City Area,"Banquet Halls in Dharmaj, Anand | VenueConnect",/anand/dharmaj/banquet-halls/,"Best Banquet Halls in Dharmaj, Anand | Compare Near You - VenueConnect","Looking for banquet halls in Dharmaj, Anand? Browse verified listings with pricing, capacity & photos. Book the perfect venue near Dharmaj on VenueConnect.","Best Banquet Halls in Dharmaj, Anand",banquet halls in Dharmaj Anand,"banquet halls near Dharmaj, banquet halls Dharmaj Anand, affordable banquet halls near Dharmaj",Transactional (Hyper-local),High
Venue + City Area,"Farmhouses in Dharmaj, Anand | VenueConnect",/anand/dharmaj/farmhouses/,"Best Farmhouses in Dharmaj, Anand | Compare Near You - VenueConnect","Looking for farmhouses in Dharmaj, Anand? Browse verified listings with pricing, capacity & photos. Book the perfect venue near Dharmaj on VenueConnect.","Best Farmhouses in Dharmaj, Anand",farmhouses in Dharmaj Anand,"farmhouses near Dharmaj, farmhouses Dharmaj Anand, affordable farmhouses near Dharmaj",Transactional (Hyper-local),High
Venue + City Area,"Party Plots in Dharmaj, Anand | VenueConnect",/anand/dharmaj/party-plots/,"Best Party Plots in Dharmaj, Anand | Compare Near You - VenueConnect","Looking for party plots in Dharmaj, Anand? Browse verified listings with pricing, capacity & photos. Book the perfect venue near Dharmaj on VenueConnect.","Best Party Plots in Dharmaj, Anand",party plots in Dharmaj Anand,"party plots near Dharmaj, party plots Dharmaj Anand, affordable party plots near Dharmaj",Transactional (Hyper-local),High
Venue + City Area,"Banquet Halls in Gujarat Vidyapith Road, Anand | VenueConnect",/anand/gujarat-vidyapith-road/banquet-halls/,"Best Banquet Halls in Gujarat Vidyapith Road, Anand | Compare Near You - VenueConnect","Looking for banquet halls in Gujarat Vidyapith Road, Anand? Browse verified listings with pricing, capacity & photos. Book the perfect venue near Gujarat Vidyapith Road on VenueConnect.","Best Banquet Halls in Gujarat Vidyapith Road, Anand",banquet halls in Gujarat Vidyapith Road Anand,"banquet halls near Gujarat Vidyapith Road, banquet halls Gujarat Vidyapith Road Anand, affordable banquet halls near Gujarat Vidyapith Road",Transactional (Hyper-local),High
Venue + City Area,"Farmhouses in Gujarat Vidyapith Road, Anand | VenueConnect",/anand/gujarat-vidyapith-road/farmhouses/,"Best Farmhouses in Gujarat Vidyapith Road, Anand | Compare Near You - VenueConnect","Looking for farmhouses in Gujarat Vidyapith Road, Anand? Browse verified listings with pricing, capacity & photos. Book the perfect venue near Gujarat Vidyapith Road on VenueConnect.","Best Farmhouses in Gujarat Vidyapith Road, Anand",farmhouses in Gujarat Vidyapith Road Anand,"farmhouses near Gujarat Vidyapith Road, farmhouses Gujarat Vidyapith Road Anand, affordable farmhouses near Gujarat Vidyapith Road",Transactional (Hyper-local),High
Venue + City Area,"Party Plots in Gujarat Vidyapith Road, Anand | VenueConnect",/anand/gujarat-vidyapith-road/party-plots/,"Best Party Plots in Gujarat Vidyapith Road, Anand | Compare Near You - VenueConnect","Looking for party plots in Gujarat Vidyapith Road, Anand? Browse verified listings with pricing, capacity & photos. Book the perfect venue near Gujarat Vidyapith Road on VenueConnect.","Best Party Plots in Gujarat Vidyapith Road, Anand",party plots in Gujarat Vidyapith Road Anand,"party plots near Gujarat Vidyapith Road, party plots Gujarat Vidyapith Road Anand, affordable party plots near Gujarat Vidyapith Road",Transactional (Hyper-local),High
Venue + City Area,"Banquet Halls in Khambhat Road, Anand | VenueConnect",/anand/khambhat-road/banquet-halls/,"Best Banquet Halls in Khambhat Road, Anand | Compare Near You - VenueConnect","Looking for banquet halls in Khambhat Road, Anand? Browse verified listings with pricing, capacity & photos. Book the perfect venue near Khambhat Road on VenueConnect.","Best Banquet Halls in Khambhat Road, Anand",banquet halls in Khambhat Road Anand,"banquet halls near Khambhat Road, banquet halls Khambhat Road Anand, affordable banquet halls near Khambhat Road",Transactional (Hyper-local),High
Venue + City Area,"Farmhouses in Khambhat Road, Anand | VenueConnect",/anand/khambhat-road/farmhouses/,"Best Farmhouses in Khambhat Road, Anand | Compare Near You - VenueConnect","Looking for farmhouses in Khambhat Road, Anand? Browse verified listings with pricing, capacity & photos. Book the perfect venue near Khambhat Road on VenueConnect.","Best Farmhouses in Khambhat Road, Anand",farmhouses in Khambhat Road Anand,"farmhouses near Khambhat Road, farmhouses Khambhat Road Anand, affordable farmhouses near Khambhat Road",Transactional (Hyper-local),High
Venue + City Area,"Party Plots in Khambhat Road, Anand | VenueConnect",/anand/khambhat-road/party-plots/,"Best Party Plots in Khambhat Road, Anand | Compare Near You - VenueConnect","Looking for party plots in Khambhat Road, Anand? Browse verified listings with pricing, capacity & photos. Book the perfect venue near Khambhat Road on VenueConnect.","Best Party Plots in Khambhat Road, Anand",party plots in Khambhat Road Anand,"party plots near Khambhat Road, party plots Khambhat Road Anand, affordable party plots near Khambhat Road",Transactional (Hyper-local),High
Venue + City Area,"Banquet Halls in Mogar, Anand | VenueConnect",/anand/mogar/banquet-halls/,"Best Banquet Halls in Mogar, Anand | Compare Near You - VenueConnect","Looking for banquet halls in Mogar, Anand? Browse verified listings with pricing, capacity & photos. Book the perfect venue near Mogar on VenueConnect.","Best Banquet Halls in Mogar, Anand",banquet halls in Mogar Anand,"banquet halls near Mogar, banquet halls Mogar Anand, affordable banquet halls near Mogar",Transactional (Hyper-local),High
Venue + City Area,"Farmhouses in Mogar, Anand | VenueConnect",/anand/mogar/farmhouses/,"Best Farmhouses in Mogar, Anand | Compare Near You - VenueConnect","Looking for farmhouses in Mogar, Anand? Browse verified listings with pricing, capacity & photos. Book the perfect venue near Mogar on VenueConnect.","Best Farmhouses in Mogar, Anand",farmhouses in Mogar Anand,"farmhouses near Mogar, farmhouses Mogar Anand, affordable farmhouses near Mogar",Transactional (Hyper-local),High
Venue + City Area,"Party Plots in Mogar, Anand | VenueConnect",/anand/mogar/party-plots/,"Best Party Plots in Mogar, Anand | Compare Near You - VenueConnect","Looking for party plots in Mogar, Anand? Browse verified listings with pricing, capacity & photos. Book the perfect venue near Mogar on VenueConnect.","Best Party Plots in Mogar, Anand",party plots in Mogar Anand,"party plots near Mogar, party plots Mogar Anand, affordable party plots near Mogar",Transactional (Hyper-local),High
Venue + City Area,"Banquet Halls in Nadiad Road, Anand | VenueConnect",/anand/nadiad-road/banquet-halls/,"Best Banquet Halls in Nadiad Road, Anand | Compare Near You - VenueConnect","Looking for banquet halls in Nadiad Road, Anand? Browse verified listings with pricing, capacity & photos. Book the perfect venue near Nadiad Road on VenueConnect.","Best Banquet Halls in Nadiad Road, Anand",banquet halls in Nadiad Road Anand,"banquet halls near Nadiad Road, banquet halls Nadiad Road Anand, affordable banquet halls near Nadiad Road",Transactional (Hyper-local),High
Venue + City Area,"Farmhouses in Nadiad Road, Anand | VenueConnect",/anand/nadiad-road/farmhouses/,"Best Farmhouses in Nadiad Road, Anand | Compare Near You - VenueConnect","Looking for farmhouses in Nadiad Road, Anand? Browse verified listings with pricing, capacity & photos. Book the perfect venue near Nadiad Road on VenueConnect.","Best Farmhouses in Nadiad Road, Anand",farmhouses in Nadiad Road Anand,"farmhouses near Nadiad Road, farmhouses Nadiad Road Anand, affordable farmhouses near Nadiad Road",Transactional (Hyper-local),High
Venue + City Area,"Party Plots in Nadiad Road, Anand | VenueConnect",/anand/nadiad-road/party-plots/,"Best Party Plots in Nadiad Road, Anand | Compare Near You - VenueConnect","Looking for party plots in Nadiad Road, Anand? Browse verified listings with pricing, capacity & photos. Book the perfect venue near Nadiad Road on VenueConnect.","Best Party Plots in Nadiad Road, Anand",party plots in Nadiad Road Anand,"party plots near Nadiad Road, party plots Nadiad Road Anand, affordable party plots near Nadiad Road",Transactional (Hyper-local),High
Venue + City Area,"Banquet Halls in New Anand, Anand | VenueConnect",/anand/new-anand/banquet-halls/,"Best Banquet Halls in New Anand, Anand | Compare Near You - VenueConnect","Looking for banquet halls in New Anand, Anand? Browse verified listings with pricing, capacity & photos. Book the perfect venue near New Anand on VenueConnect.","Best Banquet Halls in New Anand, Anand",banquet halls in New Anand Anand,"banquet halls near New Anand, banquet halls New Anand Anand, affordable banquet halls near New Anand",Transactional (Hyper-local),High
Venue + City Area,"Farmhouses in New Anand, Anand | VenueConnect",/anand/new-anand/farmhouses/,"Best Farmhouses in New Anand, Anand | Compare Near You - VenueConnect","Looking for farmhouses in New Anand, Anand? Browse verified listings with pricing, capacity & photos. Book the perfect venue near New Anand on VenueConnect.","Best Farmhouses in New Anand, Anand",farmhouses in New Anand Anand,"farmhouses near New Anand, farmhouses New Anand Anand, affordable farmhouses near New Anand",Transactional (Hyper-local),High
Venue + City Area,"Party Plots in New Anand, Anand | VenueConnect",/anand/new-anand/party-plots/,"Best Party Plots in New Anand, Anand | Compare Near You - VenueConnect","Looking for party plots in New Anand, Anand? Browse verified listings with pricing, capacity & photos. Book the perfect venue near New Anand on VenueConnect.","Best Party Plots in New Anand, Anand",party plots in New Anand Anand,"party plots near New Anand, party plots New Anand Anand, affordable party plots near New Anand",Transactional (Hyper-local),High
Venue + City Area,"Banquet Halls in Petlad Road, Anand | VenueConnect",/anand/petlad-road/banquet-halls/,"Best Banquet Halls in Petlad Road, Anand | Compare Near You - VenueConnect","Looking for banquet halls in Petlad Road, Anand? Browse verified listings with pricing, capacity & photos. Book the perfect venue near Petlad Road on VenueConnect.","Best Banquet Halls in Petlad Road, Anand",banquet halls in Petlad Road Anand,"banquet halls near Petlad Road, banquet halls Petlad Road Anand, affordable banquet halls near Petlad Road",Transactional (Hyper-local),High
Venue + City Area,"Farmhouses in Petlad Road, Anand | VenueConnect",/anand/petlad-road/farmhouses/,"Best Farmhouses in Petlad Road, Anand | Compare Near You - VenueConnect","Looking for farmhouses in Petlad Road, Anand? Browse verified listings with pricing, capacity & photos. Book the perfect venue near Petlad Road on VenueConnect.","Best Farmhouses in Petlad Road, Anand",farmhouses in Petlad Road Anand,"farmhouses near Petlad Road, farmhouses Petlad Road Anand, affordable farmhouses near Petlad Road",Transactional (Hyper-local),High
Venue + City Area,"Party Plots in Petlad Road, Anand | VenueConnect",/anand/petlad-road/party-plots/,"Best Party Plots in Petlad Road, Anand | Compare Near You - VenueConnect","Looking for party plots in Petlad Road, Anand? Browse verified listings with pricing, capacity & photos. Book the perfect venue near Petlad Road on VenueConnect.","Best Party Plots in Petlad Road, Anand",party plots in Petlad Road Anand,"party plots near Petlad Road, party plots Petlad Road Anand, affordable party plots near Petlad Road",Transactional (Hyper-local),High
Venue + City Area,"Banquet Halls in Sojitra, Anand | VenueConnect",/anand/sojitra/banquet-halls/,"Best Banquet Halls in Sojitra, Anand | Compare Near You - VenueConnect","Looking for banquet halls in Sojitra, Anand? Browse verified listings with pricing, capacity & photos. Book the perfect venue near Sojitra on VenueConnect.","Best Banquet Halls in Sojitra, Anand",banquet halls in Sojitra Anand,"banquet halls near Sojitra, banquet halls Sojitra Anand, affordable banquet halls near Sojitra",Transactional (Hyper-local),High
Venue + City Area,"Farmhouses in Sojitra, Anand | VenueConnect",/anand/sojitra/farmhouses/,"Best Farmhouses in Sojitra, Anand | Compare Near You - VenueConnect","Looking for farmhouses in Sojitra, Anand? Browse verified listings with pricing, capacity & photos. Book the perfect venue near Sojitra on VenueConnect.","Best Farmhouses in Sojitra, Anand",farmhouses in Sojitra Anand,"farmhouses near Sojitra, farmhouses Sojitra Anand, affordable farmhouses near Sojitra",Transactional (Hyper-local),High
Venue + City Area,"Party Plots in Sojitra, Anand | VenueConnect",/anand/sojitra/party-plots/,"Best Party Plots in Sojitra, Anand | Compare Near You - VenueConnect","Looking for party plots in Sojitra, Anand? Browse verified listings with pricing, capacity & photos. Book the perfect venue near Sojitra on VenueConnect.","Best Party Plots in Sojitra, Anand",party plots in Sojitra Anand,"party plots near Sojitra, party plots Sojitra Anand, affordable party plots near Sojitra",Transactional (Hyper-local),High
Venue + City Area,"Banquet Halls in Tarapur, Anand | VenueConnect",/anand/tarapur/banquet-halls/,"Best Banquet Halls in Tarapur, Anand | Compare Near You - VenueConnect","Looking for banquet halls in Tarapur, Anand? Browse verified listings with pricing, capacity & photos. Book the perfect venue near Tarapur on VenueConnect.","Best Banquet Halls in Tarapur, Anand",banquet halls in Tarapur Anand,"banquet halls near Tarapur, banquet halls Tarapur Anand, affordable banquet halls near Tarapur",Transactional (Hyper-local),High
Venue + City Area,"Farmhouses in Tarapur, Anand | VenueConnect",/anand/tarapur/farmhouses/,"Best Farmhouses in Tarapur, Anand | Compare Near You - VenueConnect","Looking for farmhouses in Tarapur, Anand? Browse verified listings with pricing, capacity & photos. Book the perfect venue near Tarapur on VenueConnect.","Best Farmhouses in Tarapur, Anand",farmhouses in Tarapur Anand,"farmhouses near Tarapur, farmhouses Tarapur Anand, affordable farmhouses near Tarapur",Transactional (Hyper-local),High
Venue + City Area,"Party Plots in Tarapur, Anand | VenueConnect",/anand/tarapur/party-plots/,"Best Party Plots in Tarapur, Anand | Compare Near You - VenueConnect","Looking for party plots in Tarapur, Anand? Browse verified listings with pricing, capacity & photos. Book the perfect venue near Tarapur on VenueConnect.","Best Party Plots in Tarapur, Anand",party plots in Tarapur Anand,"party plots near Tarapur, party plots Tarapur Anand, affordable party plots near Tarapur",Transactional (Hyper-local),High
Venue + City Area,"Banquet Halls in Umreth, Anand | VenueConnect",/anand/umreth/banquet-halls/,"Best Banquet Halls in Umreth, Anand | Compare Near You - VenueConnect","Looking for banquet halls in Umreth, Anand? Browse verified listings with pricing, capacity & photos. Book the perfect venue near Umreth on VenueConnect.","Best Banquet Halls in Umreth, Anand",banquet halls in Umreth Anand,"banquet halls near Umreth, banquet halls Umreth Anand, affordable banquet halls near Umreth",Transactional (Hyper-local),High
Venue + City Area,"Farmhouses in Umreth, Anand | VenueConnect",/anand/umreth/farmhouses/,"Best Farmhouses in Umreth, Anand | Compare Near You - VenueConnect","Looking for farmhouses in Umreth, Anand? Browse verified listings with pricing, capacity & photos. Book the perfect venue near Umreth on VenueConnect.","Best Farmhouses in Umreth, Anand",farmhouses in Umreth Anand,"farmhouses near Umreth, farmhouses Umreth Anand, affordable farmhouses near Umreth",Transactional (Hyper-local),High
Venue + City Area,"Party Plots in Umreth, Anand | VenueConnect",/anand/umreth/party-plots/,"Best Party Plots in Umreth, Anand | Compare Near You - VenueConnect","Looking for party plots in Umreth, Anand? Browse verified listings with pricing, capacity & photos. Book the perfect venue near Umreth on VenueConnect.","Best Party Plots in Umreth, Anand",party plots in Umreth Anand,"party plots near Umreth, party plots Umreth Anand, affordable party plots near Umreth",Transactional (Hyper-local),High
Venue + City Area,"Banquet Halls in VV Nagar, Anand | VenueConnect",/anand/vv-nagar/banquet-halls/,"Best Banquet Halls in VV Nagar, Anand | Compare Near You - VenueConnect","Looking for banquet halls in VV Nagar, Anand? Browse verified listings with pricing, capacity & photos. Book the perfect venue near VV Nagar on VenueConnect.","Best Banquet Halls in VV Nagar, Anand",banquet halls in VV Nagar Anand,"banquet halls near VV Nagar, banquet halls VV Nagar Anand, affordable banquet halls near VV Nagar",Transactional (Hyper-local),High
Venue + City Area,"Farmhouses in VV Nagar, Anand | VenueConnect",/anand/vv-nagar/farmhouses/,"Best Farmhouses in VV Nagar, Anand | Compare Near You - VenueConnect","Looking for farmhouses in VV Nagar, Anand? Browse verified listings with pricing, capacity & photos. Book the perfect venue near VV Nagar on VenueConnect.","Best Farmhouses in VV Nagar, Anand",farmhouses in VV Nagar Anand,"farmhouses near VV Nagar, farmhouses VV Nagar Anand, affordable farmhouses near VV Nagar",Transactional (Hyper-local),High
Venue + City Area,"Party Plots in VV Nagar, Anand | VenueConnect",/anand/vv-nagar/party-plots/,"Best Party Plots in VV Nagar, Anand | Compare Near You - VenueConnect","Looking for party plots in VV Nagar, Anand? Browse verified listings with pricing, capacity & photos. Book the perfect venue near VV Nagar on VenueConnect.","Best Party Plots in VV Nagar, Anand",party plots in VV Nagar Anand,"party plots near VV Nagar, party plots VV Nagar Anand, affordable party plots near VV Nagar",Transactional (Hyper-local),High
Venue + City Area,"Banquet Halls in Ankhi, Anand | VenueConnect",/anand/ankhi/banquet-halls/,"Best Banquet Halls in Ankhi, Anand | Compare Near You - VenueConnect","Looking for banquet halls in Ankhi, Anand? Browse verified listings with pricing, capacity & photos. Book the perfect venue near Ankhi on VenueConnect.","Best Banquet Halls in Ankhi, Anand",banquet halls in Ankhi Anand,"banquet halls near Ankhi, banquet halls Ankhi Anand, affordable banquet halls near Ankhi",Transactional (Hyper-local),High
Venue + City Area,"Farmhouses in Ankhi, Anand | VenueConnect",/anand/ankhi/farmhouses/,"Best Farmhouses in Ankhi, Anand | Compare Near You - VenueConnect","Looking for farmhouses in Ankhi, Anand? Browse verified listings with pricing, capacity & photos. Book the perfect venue near Ankhi on VenueConnect.","Best Farmhouses in Ankhi, Anand",farmhouses in Ankhi Anand,"farmhouses near Ankhi, farmhouses Ankhi Anand, affordable farmhouses near Ankhi",Transactional (Hyper-local),High
Venue + City Area,"Party Plots in Ankhi, Anand | VenueConnect",/anand/ankhi/party-plots/,"Best Party Plots in Ankhi, Anand | Compare Near You - VenueConnect","Looking for party plots in Ankhi, Anand? Browse verified listings with pricing, capacity & photos. Book the perfect venue near Ankhi on VenueConnect.","Best Party Plots in Ankhi, Anand",party plots in Ankhi Anand,"party plots near Ankhi, party plots Ankhi Anand, affordable party plots near Ankhi",Transactional (Hyper-local),High
Venue + City Area,"Banquet Halls in Bhalej, Anand | VenueConnect",/anand/bhalej/banquet-halls/,"Best Banquet Halls in Bhalej, Anand | Compare Near You - VenueConnect","Looking for banquet halls in Bhalej, Anand? Browse verified listings with pricing, capacity & photos. Book the perfect venue near Bhalej on VenueConnect.","Best Banquet Halls in Bhalej, Anand",banquet halls in Bhalej Anand,"banquet halls near Bhalej, banquet halls Bhalej Anand, affordable banquet halls near Bhalej",Transactional (Hyper-local),High
Venue + City Area,"Farmhouses in Bhalej, Anand | VenueConnect",/anand/bhalej/farmhouses/,"Best Farmhouses in Bhalej, Anand | Compare Near You - VenueConnect","Looking for farmhouses in Bhalej, Anand? Browse verified listings with pricing, capacity & photos. Book the perfect venue near Bhalej on VenueConnect.","Best Farmhouses in Bhalej, Anand",farmhouses in Bhalej Anand,"farmhouses near Bhalej, farmhouses Bhalej Anand, affordable farmhouses near Bhalej",Transactional (Hyper-local),High
Venue + City Area,"Party Plots in Bhalej, Anand | VenueConnect",/anand/bhalej/party-plots/,"Best Party Plots in Bhalej, Anand | Compare Near You - VenueConnect","Looking for party plots in Bhalej, Anand? Browse verified listings with pricing, capacity & photos. Book the perfect venue near Bhalej on VenueConnect.","Best Party Plots in Bhalej, Anand",party plots in Bhalej Anand,"party plots near Bhalej, party plots Bhalej Anand, affordable party plots near Bhalej",Transactional (Hyper-local),High
Venue + City Area,"Banquet Halls in Boriyavi, Anand | VenueConnect",/anand/boriyavi/banquet-halls/,"Best Banquet Halls in Boriyavi, Anand | Compare Near You - VenueConnect","Looking for banquet halls in Boriyavi, Anand? Browse verified listings with pricing, capacity & photos. Book the perfect venue near Boriyavi on VenueConnect.","Best Banquet Halls in Boriyavi, Anand",banquet halls in Boriyavi Anand,"banquet halls near Boriyavi, banquet halls Boriyavi Anand, affordable banquet halls near Boriyavi",Transactional (Hyper-local),High
Venue + City Area,"Farmhouses in Boriyavi, Anand | VenueConnect",/anand/boriyavi/farmhouses/,"Best Farmhouses in Boriyavi, Anand | Compare Near You - VenueConnect","Looking for farmhouses in Boriyavi, Anand? Browse verified listings with pricing, capacity & photos. Book the perfect venue near Boriyavi on VenueConnect.","Best Farmhouses in Boriyavi, Anand",farmhouses in Boriyavi Anand,"farmhouses near Boriyavi, farmhouses Boriyavi Anand, affordable farmhouses near Boriyavi",Transactional (Hyper-local),High
Venue + City Area,"Party Plots in Boriyavi, Anand | VenueConnect",/anand/boriyavi/party-plots/,"Best Party Plots in Boriyavi, Anand | Compare Near You - VenueConnect","Looking for party plots in Boriyavi, Anand? Browse verified listings with pricing, capacity & photos. Book the perfect venue near Boriyavi on VenueConnect.","Best Party Plots in Boriyavi, Anand",party plots in Boriyavi Anand,"party plots near Boriyavi, party plots Boriyavi Anand, affordable party plots near Boriyavi",Transactional (Hyper-local),High
,,,,,,,,,
,,,,,,,,,
,,,,,,,,,
,,,,,,,,,
,,,,,,,,,
,,,,,,,,,
,,,,,,,,,
,,,,,,,,,
,,,,,,,,,
,,,,,,,,,
,,,,,,,,,
,,,,,,,,,
,,,,,,,,,
,,,,,,,,,
,,,,,,,,,
,,,,,,,,,
,,,,,,,,,
,,,,,,,,,
,,,,,,,,,
,,,,,,,,,
,,,,,,,,,
,,,,,,,,,
,,,,,,,,,
,,,,,,,,,
,,,,,,,,,
,,,,,,,,,
,,,,,,,,,
,,,,,,,,,
,,,,,,,,,
,,,,,,,,,
,,,,,,,,,
,,,,,,,,,
,,,,,,,,,
,,,,,,,,,
,,,,,,,,,
,,,,,,,,,
,,,,,,,,,
,,,,,,,,,
,,,,,,,,,
,,,,,,,,,
,,,,,,,,,
,,,,,,,,,
,,,,,,,,,
,,,,,,,,,
,,,,,,,,,
,,,,,,,,,
,,,,,,,,,
,,,,,,,,,
,,,,,,,,,
,,,,,,,,,
,,,,,,,,,
,,,,,,,,,
,,,,,,,,,
,,,,,,,,,
,,,,,,,,,
,,,,,,,,,
,,,,,,,,,
,,,,,,,,,
,,,,,,,,,
,,,,,,,,,
,,,,,,,,,
,,,,,,,,,
,,,,,,,,,
,,,,,,,,,
,,,,,,,,,
,,,,,,,,,
,,,,,,,,,
,,,,,,,,,
,,,,,,,,,
,,,,,,,,,
,,,,,,,,,
,,,,,,,,,
,,,,,,,,,
,,,,,,,,,
,,,,,,,,,
,,,,,,,,,
,,,,,,,,,
,,,,,,,,,
,,,,,,,,,
,,,,,,,,,
,,,,,,,,,
,,,,,,,,,
,,,,,,,,,
,,,,,,,,,
,,,,,,,,,
,,,,,,,,,
,,,,,,,,,
,,,,,,,,,
,,,,,,,,,
,,,,,,,,,
,,,,,,,,,
,,,,,,,,,
,,,,,,,,,
,,,,,,,,,
,,,,,,,,,
,,,,,,,,,
,,,,,,,,,
,,,,,,,,,
,,,,,,,,,
,,,,,,,,,
,,,,,,,,,
,,,,,,,,,
,,,,,,,,,
,,,,,,,,,
,,,,,,,,,
,,,,,,,,,
,,,,,,,,,
,,,,,,,,,
,,,,,,,,,
,,,,,,,,,
,,,,,,,,,
,,,,,,,,,
,,,,,,,,,
,,,,,,,,,
,,,,,,,,,
,,,,,,,,,
,,,,,,,,,
,,,,,,,,,
,,,,,,,,,
,,,,,,,,,
,,,,,,,,,
,,,,,,,,,
,,,,,,,,,
,,,,,,,,,
,,,,,,,,,
,,,,,,,,,
,,,,,,,,,
,,,,,,,,,
,,,,,,,,,
,,,,,,,,,
,,,,,,,,,
,,,,,,,,,
,,,,,,,,,
,,,,,,,,,
,,,,,,,,,
,,,,,,,,,
,,,,,,,,,
,,,,,,,,,
,,,,,,,,,
,,,,,,,,,
,,,,,,,,,
,,,,,,,,,
,,,,,,,,,
,,,,,,,,,
,,,,,,,,,
,,,,,,,,,
,,,,,,,,,
,,,,,,,,,
,,,,,,,,,
,,,,,,,,,
,,,,,,,,,
,,,,,,,,,
,,,,,,,,,
,,,,,,,,,
,,,,,,,,,
,,,,,,,,,
,,,,,,,,,
,,,,,,,,,
,,,,,,,,,
,,,,,,,,,
,,,,,,,,,
,,,,,,,,,
,,,,,,,,,
,,,,,,,,,
,,,,,,,,,
,,,,,,,,,
,,,,,,,,,
,,,,,,,,,
,,,,,,,,,
,,,,,,,,,
,,,,,,,,,
,,,,,,,,,
,,,,,,,,,
,,,,,,,,,
,,,,,,,,,
,,,,,,,,,
,,,,,,,,,
,,,,,,,,,
,,,,,,,,,
,,,,,,,,,
,,,,,,,,,
,,,,,,,,,
,,,,,,,,,
,,,,,,,,,
,,,,,,,,,
,,,,,,,,,
,,,,,,,,,
,,,,,,,,,
,,,,,,,,,
,,,,,,,,,
,,,,,,,,,
,,,,,,,,,
,,,,,,,,,
,,,,,,,,,
,,,,,,,,,
,,,,,,,,,
,,,,,,,,,
,,,,,,,,,
,,,,,,,,,
,,,,,,,,,
,,,,,,,,,
,,,,,,,,,
,,,,,,,,,
,,,,,,,,,
,,,,,,,,,
,,,,,,,,,
,,,,,,,,,
,,,,,,,,,
,,,,,,,,,
,,,,,,,,,
,,,,,,,,,
,,,,,,,,,
,,,,,,,,,
,,,,,,,,,
,,,,,,,,,
,,,,,,,,,
,,,,,,,,,
,,,,,,,,,
,,,,,,,,,
,,,,,,,,,
,,,,,,,,,
,,,,,,,,,
,,,,,,,,,
,,,,,,,,,
,,,,,,,,,
,,,,,,,,,
,,,,,,,,,
,,,,,,,,,
,,,,,,,,,
,,,,,,,,,
,,,,,,,,,
,,,,,,,,,
,,,,,,,,,
,,,,,,,,,
,,,,,,,,,
,,,,,,,,,
,,,,,,,,,
,,,,,,,,,
,,,,,,,,,
,,,,,,,,,
,,,,,,,,,
,,,,,,,,,
,,,,,,,,,
,,,,,,,,,
,,,,,,,,,
,,,,,,,,,
,,,,,,,,,
,,,,,,,,,
,,,,,,,,,
,,,,,,,,,
,,,,,,,,,
,,,,,,,,,
,,,,,,,,,
,,,,,,,,,
,,,,,,,,,
,,,,,,,,,
,,,,,,,,,
,,,,,,,,,
,,,,,,,,,
,,,,,,,,,
,,,,,,,,,
,,,,,,,,,
,,,,,,,,,
,,,,,,,,,
,,,,,,,,,
,,,,,,,,,
,,,,,,,,,
,,,,,,,,,
,,,,,,,,,
,,,,,,,,,
,,,,,,,,,
,,,,,,,,,
,,,,,,,,,
,,,,,,,,,
,,,,,,,,,
,,,,,,,,,
,,,,,,,,,
,,,,,,,,,
,,,,,,,,,
,,,,,,,,,
,,,,,,,,,
,,,,,,,,,
,,,,,,,,,
,,,,,,,,,
,,,,,,,,,
,,,,,,,,,
,,,,,,,,,
,,,,,,,,,
,,,,,,,,,
,,,,,,,,,
,,,,,,,,,
,,,,,,,,,
,,,,,,,,,
,,,,,,,,,
,,,,,,,,,
,,,,,,,,,
,,,,,,,,,
,,,,,,,,,
,,,,,,,,,
,,,,,,,,,
,,,,,,,,,
,,,,,,,,,
,,,,,,,,,
,,,,,,,,,
,,,,,,,,,
,,,,,,,,,
,,,,,,,,,
,,,,,,,,,
,,,,,,,,,
,,,,,,,,,
,,,,,,,,,
,,,,,,,,,
,,,,,,,,,
,,,,,,,,,
,,,,,,,,,
,,,,,,,,,
,,,,,,,,,
,,,,,,,,,
,,,,,,,,,
,,,,,,,,,
,,,,,,,,,
,,,,,,,,,
,,,,,,,,,
,,,,,,,,,
,,,,,,,,,
,,,,,,,,,
,,,,,,,,,
,,,,,,,,,
,,,,,,,,,
,,,,,,,,,
,,,,,,,,,
,,,,,,,,,
,,,,,,,,,
,,,,,,,,,
,,,,,,,,,
,,,,,,,,,
,,,,,,,,,
,,,,,,,,,
,,,,,,,,,
,,,,,,,,,
,,,,,,,,,
,,,,,,,,,
,,,,,,,,,
,,,,,,,,,
,,,,,,,,,
,,,,,,,,,
,,,,,,,,,
,,,,,,,,,
,,,,,,,,,
,,,,,,,,,
,,,,,,,,,
,,,,,,,,,
,,,,,,,,,
,,,,,,,,,
,,,,,,,,,
,,,,,,,,,
,,,,,,,,,
,,,,,,,,,
,,,,,,,,,
,,,,,,,,,
,,,,,,,,,
,,,,,,,,,
,,,,,,,,,
,,,,,,,,,
,,,,,,,,,
,,,,,,,,,
,,,,,,,,,
,,,,,,,,,
,,,,,,,,,
,,,,,,,,,
,,,,,,,,,
,,,,,,,,,
,,,,,,,,,
,,,,,,,,,
,,,,,,,,,
,,,,,,,,,
,,,,,,,,,
,,,,,,,,,
,,,,,,,,,
,,,,,,,,,
,,,,,,,,,
,,,,,,,,,
,,,,,,,,,
,,,,,,,,,
,,,,,,,,,
,,,,,,,,,
,,,,,,,,,
,,,,,,,,,
,,,,,,,,,
,,,,,,,,,
,,,,,,,,,
,,,,,,,,,
,,,,,,,,,
,,,,,,,,,
,,,,,,,,,
,,,,,,,,,
,,,,,,,,,
,,,,,,,,,
,,,,,,,,,
,,,,,,,,,
,,,,,,,,,
,,,,,,,,,
,,,,,,,,,
,,,,,,,,,
,,,,,,,,,
,,,,,,,,,
,,,,,,,,,
,,,,,,,,,
,,,,,,,,,
,,,,,,,,,
,,,,,,,,,
,,,,,,,,,
,,,,,,,,,
,,,,,,,,,
,,,,,,,,,
,,,,,,,,,
,,,,,,,,,
,,,,,,,,,
,,,,,,,,,
,,,,,,,,,
,,,,,,,,,
,,,,,,,,,
,,,,,,,,,
,,,,,,,,,
,,,,,,,,,
,,,,,,,,,
,,,,,,,,,
,,,,,,,,,
,,,,,,,,,
,,,,,,,,,
,,,,,,,,,
,,,,,,,,,
,,,,,,,,,
,,,,,,,,,
,,,,,,,,,
,,,,,,,,,
,,,,,,,,,
,,,,,,,,,
,,,,,,,,,
,,,,,,,,,
,,,,,,,,,
,,,,,,,,,
,,,,,,,,,
,,,,,,,,,
,,,,,,,,,
,,,,,,,,,
,,,,,,,,,
,,,,,,,,,
,,,,,,,,,
,,,,,,,,,
,,,,,,,,,
,,,,,,,,,
,,,,,,,,,
,,,,,,,,,
,,,,,,,,,
,,,,,,,,,
,,,,,,,,,
,,,,,,,,,
,,,,,,,,,
,,,,,,,,,
,,,,,,,,,
,,,,,,,,,
,,,,,,,,,
,,,,,,,,,
,,,,,,,,,
,,,,,,,,,
,,,,,,,,,
,,,,,,,,,
,,,,,,,,,
,,,,,,,,,
,,,,,,,,,
,,,,,,,,,
,,,,,,,,,
,,,,,,,,,
,,,,,,,,,
,,,,,,,,,
,,,,,,,,,
,,,,,,,,,
,,,,,,,,,
,,,,,,,,,
,,,,,,,,,
,,,,,,,,,
,,,,,,,,,
,,,,,,,,,
,,,,,,,,,
,,,,,,,,,
,,,,,,,,,
,,,,,,,,,
,,,,,,,,,
,,,,,,,,,
,,,,,,,,,
,,,,,,,,,
,,,,,,,,,
,,,,,,,,,
,,,,,,,,,
,,,,,,,,,
,,,,,,,,,
,,,,,,,,,
,,,,,,,,,
,,,,,,,,,
,,,,,,,,,
,,,,,,,,,
,,,,,,,,,
,,,,,,,,,
,,,,,,,,,
,,,,,,,,,
,,,,,,,,,
,,,,,,,,,
,,,,,,,,,
,,,,,,,,,
,,,,,,,,,
,,,,,,,,,
,,,,,,,,,
,,,,,,,,,
,,,,,,,,,
,,,,,,,,,
,,,,,,,,,
,,,,,,,,,
,,,,,,,,,
,,,,,,,,,
,,,,,,,,,
,,,,,,,,,
,,,,,,,,,
,,,,,,,,,
,,,,,,,,,
,,,,,,,,,
,,,,,,,,,
,,,,,,,,,
,,,,,,,,,
,,,,,,,,,
,,,,,,,,,
,,,,,,,,,
,,,,,,,,,
,,,,,,,,,
,,,,,,,,,
,,,,,,,,,
,,,,,,,,,
,,,,,,,,,
,,,,,,,,,
,,,,,,,,,
,,,,,,,,,
,,,,,,,,,
,,,,,,,,,
,,,,,,,,,
,,,,,,,,,
,,,,,,,,,
,,,,,,,,,
,,,,,,,,,
,,,,,,,,,
,,,,,,,,,
,,,,,,,,,
,,,,,,,,,
,,,,,,,,,
,,,,,,,,,
,,,,,,,,,
,,,,,,,,,
,,,,,,,,,
,,,,,,,,,
,,,,,,,,,
,,,,,,,,,
,,,,,,,,,
,,,,,,,,,
,,,,,,,,,
,,,,,,,,,
,,,,,,,,,
,,,,,,,,,
,,,,,,,,,
,,,,,,,,,
,,,,,,,,,
,,,,,,,,,
,,,,,,,,,
,,,,,,,,,
,,,,,,,,,
,,,,,,,,,
,,,,,,,,,
,,,,,,,,,
,,,,,,,,,
,,,,,,,,,
,,,,,,,,,
,,,,,,,,,
,,,,,,,,,
,,,,,,,,,
,,,,,,,,,
,,,,,,,,,
,,,,,,,,,
,,,,,,,,,
,,,,,,,,,
,,,,,,,,,
,,,,,,,,,
,,,,,,,,,
,,,,,,,,,
,,,,,,,,,
,,,,,,,,,
,,,,,,,,,
,,,,,,,,,
,,,,,,,,,
,,,,,,,,,
,,,,,,,,,
