VenueConnect — SEO Pages: Bhavnagar,,,,,,,,,
  EVENT + CITY PAGES,,,,,,,,,
Page Type,Page Title,URL Slug,Meta Title,Meta Description,H1 Tag,Target Keyword,Secondary Keywords,Search Intent,Priority
Event + City,Wedding Venues in Bhavnagar | VenueConnect,/bhavnagar/wedding-venues/,Best Wedding Venues in Bhavnagar | Book & Compare Prices - VenueConnect,"Find the best wedding venues in Bhavnagar. Compare wedding halls, banquet spaces & party plots. Get free quotes & instant leads. Browse 100+ options on VenueConnect.",Best Wedding Venues in Bhavnagar,wedding venues in Bhavnagar,"wedding hall Bhavnagar, wedding venue booking Bhavnagar, best wedding venue Bhavnagar, wedding party venue Bhavnagar",Navigational / Transactional,High
Event + City,Birthday Party Venues in Bhavnagar | VenueConnect,/bhavnagar/birthday-party-venues/,Best Birthday Party Venues in Bhavnagar | Book & Compare Prices - VenueConnect,"Find the best birthday party venues in Bhavnagar. Compare birthday party halls, banquet spaces & party plots. Get free quotes & instant leads. Browse 100+ options on VenueConnect.",Best Birthday Party Venues in Bhavnagar,birthday party venues in Bhavnagar,"birthday party hall Bhavnagar, birthday party venue booking Bhavnagar, best birthday party venue Bhavnagar, birthday party party venue Bhavnagar",Navigational / Transactional,High
Event + City,Engagement Venues in Bhavnagar | VenueConnect,/bhavnagar/engagement-venues/,Best Engagement Venues in Bhavnagar | Book & Compare Prices - VenueConnect,"Find the best engagement venues in Bhavnagar. Compare engagement halls, banquet spaces & party plots. Get free quotes & instant leads. Browse 100+ options on VenueConnect.",Best Engagement Venues in Bhavnagar,engagement venues in Bhavnagar,"engagement hall Bhavnagar, engagement venue booking Bhavnagar, best engagement venue Bhavnagar, engagement party venue Bhavnagar",Navigational / Transactional,High
Event + City,Corporate Event Venues in Bhavnagar | VenueConnect,/bhavnagar/corporate-event-venues/,Best Corporate Event Venues in Bhavnagar | Book & Compare Prices - VenueConnect,"Find the best corporate event venues in Bhavnagar. Compare corporate event halls, banquet spaces & party plots. Get free quotes & instant leads. Browse 100+ options on VenueConnect.",Best Corporate Event Venues in Bhavnagar,corporate event venues in Bhavnagar,"corporate event hall Bhavnagar, corporate event venue booking Bhavnagar, best corporate event venue Bhavnagar, corporate event party venue Bhavnagar",Navigational / Transactional,High
Event + City,Reception Venues in Bhavnagar | VenueConnect,/bhavnagar/reception-venues/,Best Reception Venues in Bhavnagar | Book & Compare Prices - VenueConnect,"Find the best reception venues in Bhavnagar. Compare reception halls, banquet spaces & party plots. Get free quotes & instant leads. Browse 100+ options on VenueConnect.",Best Reception Venues in Bhavnagar,reception venues in Bhavnagar,"reception hall Bhavnagar, reception venue booking Bhavnagar, best reception venue Bhavnagar, reception party venue Bhavnagar",Navigational / Transactional,High
Event + City,Sangeet Ceremony Venues in Bhavnagar | VenueConnect,/bhavnagar/sangeet-ceremony-venues/,Best Sangeet Ceremony Venues in Bhavnagar | Book & Compare Prices - VenueConnect,"Find the best sangeet ceremony venues in Bhavnagar. Compare sangeet ceremony halls, banquet spaces & party plots. Get free quotes & instant leads. Browse 100+ options on VenueConnect.",Best Sangeet Ceremony Venues in Bhavnagar,sangeet ceremony venues in Bhavnagar,"sangeet ceremony hall Bhavnagar, sangeet ceremony venue booking Bhavnagar, best sangeet ceremony venue Bhavnagar, sangeet ceremony party venue Bhavnagar",Navigational / Transactional,High
Event + City,Garba Night Venues in Bhavnagar | VenueConnect,/bhavnagar/garba-night-venues/,Best Garba Night Venues in Bhavnagar | Book & Compare Prices - VenueConnect,"Find the best garba night venues in Bhavnagar. Compare garba night halls, banquet spaces & party plots. Get free quotes & instant leads. Browse 100+ options on VenueConnect.",Best Garba Night Venues in Bhavnagar,garba night venues in Bhavnagar,"garba night hall Bhavnagar, garba night venue booking Bhavnagar, best garba night venue Bhavnagar, garba night party venue Bhavnagar",Navigational / Transactional,High
Event + City,Pool Party Venues in Bhavnagar | VenueConnect,/bhavnagar/pool-party-venues/,Best Pool Party Venues in Bhavnagar | Book & Compare Prices - VenueConnect,"Find the best pool party venues in Bhavnagar. Compare pool party halls, banquet spaces & party plots. Get free quotes & instant leads. Browse 100+ options on VenueConnect.",Best Pool Party Venues in Bhavnagar,pool party venues in Bhavnagar,"pool party hall Bhavnagar, pool party venue booking Bhavnagar, best pool party venue Bhavnagar, pool party party venue Bhavnagar",Navigational / Transactional,High
Event + City,Kitty Party Venues in Bhavnagar | VenueConnect,/bhavnagar/kitty-party-venues/,Best Kitty Party Venues in Bhavnagar | Book & Compare Prices - VenueConnect,"Find the best kitty party venues in Bhavnagar. Compare kitty party halls, banquet spaces & party plots. Get free quotes & instant leads. Browse 100+ options on VenueConnect.",Best Kitty Party Venues in Bhavnagar,kitty party venues in Bhavnagar,"kitty party hall Bhavnagar, kitty party venue booking Bhavnagar, best kitty party venue Bhavnagar, kitty party party venue Bhavnagar",Navigational / Transactional,High
Event + City,Cocktail Party Venues in Bhavnagar | VenueConnect,/bhavnagar/cocktail-party-venues/,Best Cocktail Party Venues in Bhavnagar | Book & Compare Prices - VenueConnect,"Find the best cocktail party venues in Bhavnagar. Compare cocktail party halls, banquet spaces & party plots. Get free quotes & instant leads. Browse 100+ options on VenueConnect.",Best Cocktail Party Venues in Bhavnagar,cocktail party venues in Bhavnagar,"cocktail party hall Bhavnagar, cocktail party venue booking Bhavnagar, best cocktail party venue Bhavnagar, cocktail party party venue Bhavnagar",Navigational / Transactional,High
Event + City,Baby Shower Venues in Bhavnagar | VenueConnect,/bhavnagar/baby-shower-venues/,Best Baby Shower Venues in Bhavnagar | Book & Compare Prices - VenueConnect,"Find the best baby shower venues in Bhavnagar. Compare baby shower halls, banquet spaces & party plots. Get free quotes & instant leads. Browse 100+ options on VenueConnect.",Best Baby Shower Venues in Bhavnagar,baby shower venues in Bhavnagar,"baby shower hall Bhavnagar, baby shower venue booking Bhavnagar, best baby shower venue Bhavnagar, baby shower party venue Bhavnagar",Navigational / Transactional,High
Event + City,Anniversary Party Venues in Bhavnagar | VenueConnect,/bhavnagar/anniversary-party-venues/,Best Anniversary Party Venues in Bhavnagar | Book & Compare Prices - VenueConnect,"Find the best anniversary party venues in Bhavnagar. Compare anniversary party halls, banquet spaces & party plots. Get free quotes & instant leads. Browse 100+ options on VenueConnect.",Best Anniversary Party Venues in Bhavnagar,anniversary party venues in Bhavnagar,"anniversary party hall Bhavnagar, anniversary party venue booking Bhavnagar, best anniversary party venue Bhavnagar, anniversary party party venue Bhavnagar",Navigational / Transactional,High
Event + City,Farewell Party Venues in Bhavnagar | VenueConnect,/bhavnagar/farewell-party-venues/,Best Farewell Party Venues in Bhavnagar | Book & Compare Prices - VenueConnect,"Find the best farewell party venues in Bhavnagar. Compare farewell party halls, banquet spaces & party plots. Get free quotes & instant leads. Browse 100+ options on VenueConnect.",Best Farewell Party Venues in Bhavnagar,farewell party venues in Bhavnagar,"farewell party hall Bhavnagar, farewell party venue booking Bhavnagar, best farewell party venue Bhavnagar, farewell party party venue Bhavnagar",Navigational / Transactional,High
Event + City,Reunion Party Venues in Bhavnagar | VenueConnect,/bhavnagar/reunion-party-venues/,Best Reunion Party Venues in Bhavnagar | Book & Compare Prices - VenueConnect,"Find the best reunion party venues in Bhavnagar. Compare reunion party halls, banquet spaces & party plots. Get free quotes & instant leads. Browse 100+ options on VenueConnect.",Best Reunion Party Venues in Bhavnagar,reunion party venues in Bhavnagar,"reunion party hall Bhavnagar, reunion party venue booking Bhavnagar, best reunion party venue Bhavnagar, reunion party party venue Bhavnagar",Navigational / Transactional,High
Event + City,Product Launch Venues in Bhavnagar | VenueConnect,/bhavnagar/product-launch-venues/,Best Product Launch Venues in Bhavnagar | Book & Compare Prices - VenueConnect,"Find the best product launch venues in Bhavnagar. Compare product launch halls, banquet spaces & party plots. Get free quotes & instant leads. Browse 100+ options on VenueConnect.",Best Product Launch Venues in Bhavnagar,product launch venues in Bhavnagar,"product launch hall Bhavnagar, product launch venue booking Bhavnagar, best product launch venue Bhavnagar, product launch party venue Bhavnagar",Navigational / Transactional,High
Event + City,Conference Venues in Bhavnagar | VenueConnect,/bhavnagar/conference-venues/,Best Conference Venues in Bhavnagar | Book & Compare Prices - VenueConnect,"Find the best conference venues in Bhavnagar. Compare conference halls, banquet spaces & party plots. Get free quotes & instant leads. Browse 100+ options on VenueConnect.",Best Conference Venues in Bhavnagar,conference venues in Bhavnagar,"conference hall Bhavnagar, conference venue booking Bhavnagar, best conference venue Bhavnagar, conference party venue Bhavnagar",Navigational / Transactional,High
Event + City,Seminar Venues in Bhavnagar | VenueConnect,/bhavnagar/seminar-venues/,Best Seminar Venues in Bhavnagar | Book & Compare Prices - VenueConnect,"Find the best seminar venues in Bhavnagar. Compare seminar halls, banquet spaces & party plots. Get free quotes & instant leads. Browse 100+ options on VenueConnect.",Best Seminar Venues in Bhavnagar,seminar venues in Bhavnagar,"seminar hall Bhavnagar, seminar venue booking Bhavnagar, best seminar venue Bhavnagar, seminar party venue Bhavnagar",Navigational / Transactional,High
Event + City,Award Ceremony Venues in Bhavnagar | VenueConnect,/bhavnagar/award-ceremony-venues/,Best Award Ceremony Venues in Bhavnagar | Book & Compare Prices - VenueConnect,"Find the best award ceremony venues in Bhavnagar. Compare award ceremony halls, banquet spaces & party plots. Get free quotes & instant leads. Browse 100+ options on VenueConnect.",Best Award Ceremony Venues in Bhavnagar,award ceremony venues in Bhavnagar,"award ceremony hall Bhavnagar, award ceremony venue booking Bhavnagar, best award ceremony venue Bhavnagar, award ceremony party venue Bhavnagar",Navigational / Transactional,High
Event + City,Walkin Interview Venues in Bhavnagar | VenueConnect,/bhavnagar/walkin-interview-venues/,Best Walkin Interview Venues in Bhavnagar | Book & Compare Prices - VenueConnect,"Find the best walkin interview venues in Bhavnagar. Compare walkin interview halls, banquet spaces & party plots. Get free quotes & instant leads. Browse 100+ options on VenueConnect.",Best Walkin Interview Venues in Bhavnagar,walkin interview venues in Bhavnagar,"walkin interview hall Bhavnagar, walkin interview venue booking Bhavnagar, best walkin interview venue Bhavnagar, walkin interview party venue Bhavnagar",Navigational / Transactional,High
Event + City,Training Venues in Bhavnagar | VenueConnect,/bhavnagar/training-venues/,Best Training Venues in Bhavnagar | Book & Compare Prices - VenueConnect,"Find the best training venues in Bhavnagar. Compare training halls, banquet spaces & party plots. Get free quotes & instant leads. Browse 100+ options on VenueConnect.",Best Training Venues in Bhavnagar,training venues in Bhavnagar,"training hall Bhavnagar, training venue booking Bhavnagar, best training venue Bhavnagar, training party venue Bhavnagar",Navigational / Transactional,High
Event + City,Team Outing Venues in Bhavnagar | VenueConnect,/bhavnagar/team-outing-venues/,Best Team Outing Venues in Bhavnagar | Book & Compare Prices - VenueConnect,"Find the best team outing venues in Bhavnagar. Compare team outing halls, banquet spaces & party plots. Get free quotes & instant leads. Browse 100+ options on VenueConnect.",Best Team Outing Venues in Bhavnagar,team outing venues in Bhavnagar,"team outing hall Bhavnagar, team outing venue booking Bhavnagar, best team outing venue Bhavnagar, team outing party venue Bhavnagar",Navigational / Transactional,High
Event + City,Stage Event Venues in Bhavnagar | VenueConnect,/bhavnagar/stage-event-venues/,Best Stage Event Venues in Bhavnagar | Book & Compare Prices - VenueConnect,"Find the best stage event venues in Bhavnagar. Compare stage event halls, banquet spaces & party plots. Get free quotes & instant leads. Browse 100+ options on VenueConnect.",Best Stage Event Venues in Bhavnagar,stage event venues in Bhavnagar,"stage event hall Bhavnagar, stage event venue booking Bhavnagar, best stage event venue Bhavnagar, stage event party venue Bhavnagar",Navigational / Transactional,High
Event + City,Ring Ceremony Venues in Bhavnagar | VenueConnect,/bhavnagar/ring-ceremony-venues/,Best Ring Ceremony Venues in Bhavnagar | Book & Compare Prices - VenueConnect,"Find the best ring ceremony venues in Bhavnagar. Compare ring ceremony halls, banquet spaces & party plots. Get free quotes & instant leads. Browse 100+ options on VenueConnect.",Best Ring Ceremony Venues in Bhavnagar,ring ceremony venues in Bhavnagar,"ring ceremony hall Bhavnagar, ring ceremony venue booking Bhavnagar, best ring ceremony venue Bhavnagar, ring ceremony party venue Bhavnagar",Navigational / Transactional,High
Event + City,Residential Conference Venues in Bhavnagar | VenueConnect,/bhavnagar/residential-conference-venues/,Best Residential Conference Venues in Bhavnagar | Book & Compare Prices - VenueConnect,"Find the best residential conference venues in Bhavnagar. Compare residential conference halls, banquet spaces & party plots. Get free quotes & instant leads. Browse 100+ options on VenueConnect.",Best Residential Conference Venues in Bhavnagar,residential conference venues in Bhavnagar,"residential conference hall Bhavnagar, residential conference venue booking Bhavnagar, best residential conference venue Bhavnagar, residential conference party venue Bhavnagar",Navigational / Transactional,High
Event + City,Pre Wedding Mehendi Party Venues in Bhavnagar | VenueConnect,/bhavnagar/pre-wedding-mehendi-party-venues/,Best Pre Wedding Mehendi Party Venues in Bhavnagar | Book & Compare Prices - VenueConnect,"Find the best pre wedding mehendi party venues in Bhavnagar. Compare pre wedding mehendi party halls, banquet spaces & party plots. Get free quotes & instant leads. Browse 100+ options on VenueConnect.",Best Pre Wedding Mehendi Party Venues in Bhavnagar,pre wedding mehendi party venues in Bhavnagar,"pre wedding mehendi party hall Bhavnagar, pre wedding mehendi party venue booking Bhavnagar, best pre wedding mehendi party venue Bhavnagar, pre wedding mehendi party party venue Bhavnagar",Navigational / Transactional,High
Event + City,Photo Shoots Venues in Bhavnagar | VenueConnect,/bhavnagar/photo-shoots-venues/,Best Photo Shoots Venues in Bhavnagar | Book & Compare Prices - VenueConnect,"Find the best photo shoots venues in Bhavnagar. Compare photo shoots halls, banquet spaces & party plots. Get free quotes & instant leads. Browse 100+ options on VenueConnect.",Best Photo Shoots Venues in Bhavnagar,photo shoots venues in Bhavnagar,"photo shoots hall Bhavnagar, photo shoots venue booking Bhavnagar, best photo shoots venue Bhavnagar, photo shoots party venue Bhavnagar",Navigational / Transactional,High
Event + City,Naming Ceremony Venues in Bhavnagar | VenueConnect,/bhavnagar/naming-ceremony-venues/,Best Naming Ceremony Venues in Bhavnagar | Book & Compare Prices - VenueConnect,"Find the best naming ceremony venues in Bhavnagar. Compare naming ceremony halls, banquet spaces & party plots. Get free quotes & instant leads. Browse 100+ options on VenueConnect.",Best Naming Ceremony Venues in Bhavnagar,naming ceremony venues in Bhavnagar,"naming ceremony hall Bhavnagar, naming ceremony venue booking Bhavnagar, best naming ceremony venue Bhavnagar, naming ceremony party venue Bhavnagar",Navigational / Transactional,High
Event + City,Musical Concert Venues in Bhavnagar | VenueConnect,/bhavnagar/musical-concert-venues/,Best Musical Concert Venues in Bhavnagar | Book & Compare Prices - VenueConnect,"Find the best musical concert venues in Bhavnagar. Compare musical concert halls, banquet spaces & party plots. Get free quotes & instant leads. Browse 100+ options on VenueConnect.",Best Musical Concert Venues in Bhavnagar,musical concert venues in Bhavnagar,"musical concert hall Bhavnagar, musical concert venue booking Bhavnagar, best musical concert venue Bhavnagar, musical concert party venue Bhavnagar",Navigational / Transactional,High
Event + City,MICE Venues in Bhavnagar | VenueConnect,/bhavnagar/mice-venues/,Best MICE Venues in Bhavnagar | Book & Compare Prices - VenueConnect,"Find the best mice venues in Bhavnagar. Compare mice halls, banquet spaces & party plots. Get free quotes & instant leads. Browse 100+ options on VenueConnect.",Best MICE Venues in Bhavnagar,mice venues in Bhavnagar,"mice hall Bhavnagar, mice venue booking Bhavnagar, best mice venue Bhavnagar, mice party venue Bhavnagar",Navigational / Transactional,High
Event + City,Meeting Venues in Bhavnagar | VenueConnect,/bhavnagar/meeting-venues/,Best Meeting Venues in Bhavnagar | Book & Compare Prices - VenueConnect,"Find the best meeting venues in Bhavnagar. Compare meeting halls, banquet spaces & party plots. Get free quotes & instant leads. Browse 100+ options on VenueConnect.",Best Meeting Venues in Bhavnagar,meeting venues in Bhavnagar,"meeting hall Bhavnagar, meeting venue booking Bhavnagar, best meeting venue Bhavnagar, meeting party venue Bhavnagar",Navigational / Transactional,High
Event + City,Kids Birthday Party Venues in Bhavnagar | VenueConnect,/bhavnagar/kids-birthday-party-venues/,Best Kids Birthday Party Venues in Bhavnagar | Book & Compare Prices - VenueConnect,"Find the best kids birthday party venues in Bhavnagar. Compare kids birthday party halls, banquet spaces & party plots. Get free quotes & instant leads. Browse 100+ options on VenueConnect.",Best Kids Birthday Party Venues in Bhavnagar,kids birthday party venues in Bhavnagar,"kids birthday party hall Bhavnagar, kids birthday party venue booking Bhavnagar, best kids birthday party venue Bhavnagar, kids birthday party party venue Bhavnagar",Navigational / Transactional,High
Event + City,Holi Party Venues in Bhavnagar | VenueConnect,/bhavnagar/holi-party-venues/,Best Holi Party Venues in Bhavnagar | Book & Compare Prices - VenueConnect,"Find the best holi party venues in Bhavnagar. Compare holi party halls, banquet spaces & party plots. Get free quotes & instant leads. Browse 100+ options on VenueConnect.",Best Holi Party Venues in Bhavnagar,holi party venues in Bhavnagar,"holi party hall Bhavnagar, holi party venue booking Bhavnagar, best holi party venue Bhavnagar, holi party party venue Bhavnagar",Navigational / Transactional,High
Event + City,Group Dining Venues in Bhavnagar | VenueConnect,/bhavnagar/group-dining-venues/,Best Group Dining Venues in Bhavnagar | Book & Compare Prices - VenueConnect,"Find the best group dining venues in Bhavnagar. Compare group dining halls, banquet spaces & party plots. Get free quotes & instant leads. Browse 100+ options on VenueConnect.",Best Group Dining Venues in Bhavnagar,group dining venues in Bhavnagar,"group dining hall Bhavnagar, group dining venue booking Bhavnagar, best group dining venue Bhavnagar, group dining party venue Bhavnagar",Navigational / Transactional,High
Event + City,Get Together Venues in Bhavnagar | VenueConnect,/bhavnagar/get-together-venues/,Best Get Together Venues in Bhavnagar | Book & Compare Prices - VenueConnect,"Find the best get together venues in Bhavnagar. Compare get together halls, banquet spaces & party plots. Get free quotes & instant leads. Browse 100+ options on VenueConnect.",Best Get Together Venues in Bhavnagar,get together venues in Bhavnagar,"get together hall Bhavnagar, get together venue booking Bhavnagar, best get together venue Bhavnagar, get together party venue Bhavnagar",Navigational / Transactional,High
Event + City,Game Watch Venues in Bhavnagar | VenueConnect,/bhavnagar/game-watch-venues/,Best Game Watch Venues in Bhavnagar | Book & Compare Prices - VenueConnect,"Find the best game watch venues in Bhavnagar. Compare game watch halls, banquet spaces & party plots. Get free quotes & instant leads. Browse 100+ options on VenueConnect.",Best Game Watch Venues in Bhavnagar,game watch venues in Bhavnagar,"game watch hall Bhavnagar, game watch venue booking Bhavnagar, best game watch venue Bhavnagar, game watch party venue Bhavnagar",Navigational / Transactional,High
Event + City,Freshers Party Venues in Bhavnagar | VenueConnect,/bhavnagar/freshers-party-venues/,Best Freshers Party Venues in Bhavnagar | Book & Compare Prices - VenueConnect,"Find the best freshers party venues in Bhavnagar. Compare freshers party halls, banquet spaces & party plots. Get free quotes & instant leads. Browse 100+ options on VenueConnect.",Best Freshers Party Venues in Bhavnagar,freshers party venues in Bhavnagar,"freshers party hall Bhavnagar, freshers party venue booking Bhavnagar, best freshers party venue Bhavnagar, freshers party party venue Bhavnagar",Navigational / Transactional,High
Event + City,First Birthday Party Venues in Bhavnagar | VenueConnect,/bhavnagar/first-birthday-party-venues/,Best First Birthday Party Venues in Bhavnagar | Book & Compare Prices - VenueConnect,"Find the best first birthday party venues in Bhavnagar. Compare first birthday party halls, banquet spaces & party plots. Get free quotes & instant leads. Browse 100+ options on VenueConnect.",Best First Birthday Party Venues in Bhavnagar,first birthday party venues in Bhavnagar,"first birthday party hall Bhavnagar, first birthday party venue booking Bhavnagar, best first birthday party venue Bhavnagar, first birthday party party venue Bhavnagar",Navigational / Transactional,High
Event + City,Fashion Show Venues in Bhavnagar | VenueConnect,/bhavnagar/fashion-show-venues/,Best Fashion Show Venues in Bhavnagar | Book & Compare Prices - VenueConnect,"Find the best fashion show venues in Bhavnagar. Compare fashion show halls, banquet spaces & party plots. Get free quotes & instant leads. Browse 100+ options on VenueConnect.",Best Fashion Show Venues in Bhavnagar,fashion show venues in Bhavnagar,"fashion show hall Bhavnagar, fashion show venue booking Bhavnagar, best fashion show venue Bhavnagar, fashion show party venue Bhavnagar",Navigational / Transactional,High
Event + City,Family Function Venues in Bhavnagar | VenueConnect,/bhavnagar/family-function-venues/,Best Family Function Venues in Bhavnagar | Book & Compare Prices - VenueConnect,"Find the best family function venues in Bhavnagar. Compare family function halls, banquet spaces & party plots. Get free quotes & instant leads. Browse 100+ options on VenueConnect.",Best Family Function Venues in Bhavnagar,family function venues in Bhavnagar,"family function hall Bhavnagar, family function venue booking Bhavnagar, best family function venue Bhavnagar, family function party venue Bhavnagar",Navigational / Transactional,High
Event + City,Exhibition Venues in Bhavnagar | VenueConnect,/bhavnagar/exhibition-venues/,Best Exhibition Venues in Bhavnagar | Book & Compare Prices - VenueConnect,"Find the best exhibition venues in Bhavnagar. Compare exhibition halls, banquet spaces & party plots. Get free quotes & instant leads. Browse 100+ options on VenueConnect.",Best Exhibition Venues in Bhavnagar,exhibition venues in Bhavnagar,"exhibition hall Bhavnagar, exhibition venue booking Bhavnagar, best exhibition venue Bhavnagar, exhibition party venue Bhavnagar",Navigational / Transactional,High
Event + City,Corporate Training Venues in Bhavnagar | VenueConnect,/bhavnagar/corporate-training-venues/,Best Corporate Training Venues in Bhavnagar | Book & Compare Prices - VenueConnect,"Find the best corporate training venues in Bhavnagar. Compare corporate training halls, banquet spaces & party plots. Get free quotes & instant leads. Browse 100+ options on VenueConnect.",Best Corporate Training Venues in Bhavnagar,corporate training venues in Bhavnagar,"corporate training hall Bhavnagar, corporate training venue booking Bhavnagar, best corporate training venue Bhavnagar, corporate training party venue Bhavnagar",Navigational / Transactional,High
Event + City,Corporate Party Venues in Bhavnagar | VenueConnect,/bhavnagar/corporate-party-venues/,Best Corporate Party Venues in Bhavnagar | Book & Compare Prices - VenueConnect,"Find the best corporate party venues in Bhavnagar. Compare corporate party halls, banquet spaces & party plots. Get free quotes & instant leads. Browse 100+ options on VenueConnect.",Best Corporate Party Venues in Bhavnagar,corporate party venues in Bhavnagar,"corporate party hall Bhavnagar, corporate party venue booking Bhavnagar, best corporate party venue Bhavnagar, corporate party party venue Bhavnagar",Navigational / Transactional,High
Event + City,Corporate Offsite Venues in Bhavnagar | VenueConnect,/bhavnagar/corporate-offsite-venues/,Best Corporate Offsite Venues in Bhavnagar | Book & Compare Prices - VenueConnect,"Find the best corporate offsite venues in Bhavnagar. Compare corporate offsite halls, banquet spaces & party plots. Get free quotes & instant leads. Browse 100+ options on VenueConnect.",Best Corporate Offsite Venues in Bhavnagar,corporate offsite venues in Bhavnagar,"corporate offsite hall Bhavnagar, corporate offsite venue booking Bhavnagar, best corporate offsite venue Bhavnagar, corporate offsite party venue Bhavnagar",Navigational / Transactional,High
Event + City,Cocktail Dinner Venues in Bhavnagar | VenueConnect,/bhavnagar/cocktail-dinner-venues/,Best Cocktail Dinner Venues in Bhavnagar | Book & Compare Prices - VenueConnect,"Find the best cocktail dinner venues in Bhavnagar. Compare cocktail dinner halls, banquet spaces & party plots. Get free quotes & instant leads. Browse 100+ options on VenueConnect.",Best Cocktail Dinner Venues in Bhavnagar,cocktail dinner venues in Bhavnagar,"cocktail dinner hall Bhavnagar, cocktail dinner venue booking Bhavnagar, best cocktail dinner venue Bhavnagar, cocktail dinner party venue Bhavnagar",Navigational / Transactional,High
Event + City,Class Reunion Venues in Bhavnagar | VenueConnect,/bhavnagar/class-reunion-venues/,Best Class Reunion Venues in Bhavnagar | Book & Compare Prices - VenueConnect,"Find the best class reunion venues in Bhavnagar. Compare class reunion halls, banquet spaces & party plots. Get free quotes & instant leads. Browse 100+ options on VenueConnect.",Best Class Reunion Venues in Bhavnagar,class reunion venues in Bhavnagar,"class reunion hall Bhavnagar, class reunion venue booking Bhavnagar, best class reunion venue Bhavnagar, class reunion party venue Bhavnagar",Navigational / Transactional,High
Event + City,Christian Communion Venues in Bhavnagar | VenueConnect,/bhavnagar/christian-communion-venues/,Best Christian Communion Venues in Bhavnagar | Book & Compare Prices - VenueConnect,"Find the best christian communion venues in Bhavnagar. Compare christian communion halls, banquet spaces & party plots. Get free quotes & instant leads. Browse 100+ options on VenueConnect.",Best Christian Communion Venues in Bhavnagar,christian communion venues in Bhavnagar,"christian communion hall Bhavnagar, christian communion venue booking Bhavnagar, best christian communion venue Bhavnagar, christian communion party venue Bhavnagar",Navigational / Transactional,High
Event + City,Childrens Party Venues in Bhavnagar | VenueConnect,/bhavnagar/childrens-party-venues/,Best Childrens Party Venues in Bhavnagar | Book & Compare Prices - VenueConnect,"Find the best childrens party venues in Bhavnagar. Compare childrens party halls, banquet spaces & party plots. Get free quotes & instant leads. Browse 100+ options on VenueConnect.",Best Childrens Party Venues in Bhavnagar,childrens party venues in Bhavnagar,"childrens party hall Bhavnagar, childrens party venue booking Bhavnagar, best childrens party venue Bhavnagar, childrens party party venue Bhavnagar",Navigational / Transactional,High
Event + City,Business Dinner Venues in Bhavnagar | VenueConnect,/bhavnagar/business-dinner-venues/,Best Business Dinner Venues in Bhavnagar | Book & Compare Prices - VenueConnect,"Find the best business dinner venues in Bhavnagar. Compare business dinner halls, banquet spaces & party plots. Get free quotes & instant leads. Browse 100+ options on VenueConnect.",Best Business Dinner Venues in Bhavnagar,business dinner venues in Bhavnagar,"business dinner hall Bhavnagar, business dinner venue booking Bhavnagar, best business dinner venue Bhavnagar, business dinner party venue Bhavnagar",Navigational / Transactional,High
Event + City,Bridal Shower Venues in Bhavnagar | VenueConnect,/bhavnagar/bridal-shower-venues/,Best Bridal Shower Venues in Bhavnagar | Book & Compare Prices - VenueConnect,"Find the best bridal shower venues in Bhavnagar. Compare bridal shower halls, banquet spaces & party plots. Get free quotes & instant leads. Browse 100+ options on VenueConnect.",Best Bridal Shower Venues in Bhavnagar,bridal shower venues in Bhavnagar,"bridal shower hall Bhavnagar, bridal shower venue booking Bhavnagar, best bridal shower venue Bhavnagar, bridal shower party venue Bhavnagar",Navigational / Transactional,High
Event + City,Brand Promotion Venues in Bhavnagar | VenueConnect,/bhavnagar/brand-promotion-venues/,Best Brand Promotion Venues in Bhavnagar | Book & Compare Prices - VenueConnect,"Find the best brand promotion venues in Bhavnagar. Compare brand promotion halls, banquet spaces & party plots. Get free quotes & instant leads. Browse 100+ options on VenueConnect.",Best Brand Promotion Venues in Bhavnagar,brand promotion venues in Bhavnagar,"brand promotion hall Bhavnagar, brand promotion venue booking Bhavnagar, best brand promotion venue Bhavnagar, brand promotion party venue Bhavnagar",Navigational / Transactional,High
Event + City,Bachelor Party Venues in Bhavnagar | VenueConnect,/bhavnagar/bachelor-party-venues/,Best Bachelor Party Venues in Bhavnagar | Book & Compare Prices - VenueConnect,"Find the best bachelor party venues in Bhavnagar. Compare bachelor party halls, banquet spaces & party plots. Get free quotes & instant leads. Browse 100+ options on VenueConnect.",Best Bachelor Party Venues in Bhavnagar,bachelor party venues in Bhavnagar,"bachelor party hall Bhavnagar, bachelor party venue booking Bhavnagar, best bachelor party venue Bhavnagar, bachelor party party venue Bhavnagar",Navigational / Transactional,High
Event + City,Aqueeqa Ceremony Venues in Bhavnagar | VenueConnect,/bhavnagar/aqueeqa-ceremony-venues/,Best Aqueeqa Ceremony Venues in Bhavnagar | Book & Compare Prices - VenueConnect,"Find the best aqueeqa ceremony venues in Bhavnagar. Compare aqueeqa ceremony halls, banquet spaces & party plots. Get free quotes & instant leads. Browse 100+ options on VenueConnect.",Best Aqueeqa Ceremony Venues in Bhavnagar,aqueeqa ceremony venues in Bhavnagar,"aqueeqa ceremony hall Bhavnagar, aqueeqa ceremony venue booking Bhavnagar, best aqueeqa ceremony venue Bhavnagar, aqueeqa ceremony party venue Bhavnagar",Navigational / Transactional,High
Event + City,Annual Fest Venues in Bhavnagar | VenueConnect,/bhavnagar/annual-fest-venues/,Best Annual Fest Venues in Bhavnagar | Book & Compare Prices - VenueConnect,"Find the best annual fest venues in Bhavnagar. Compare annual fest halls, banquet spaces & party plots. Get free quotes & instant leads. Browse 100+ options on VenueConnect.",Best Annual Fest Venues in Bhavnagar,annual fest venues in Bhavnagar,"annual fest hall Bhavnagar, annual fest venue booking Bhavnagar, best annual fest venue Bhavnagar, annual fest party venue Bhavnagar",Navigational / Transactional,High
Event + City,Adventure Party Venues in Bhavnagar | VenueConnect,/bhavnagar/adventure-party-venues/,Best Adventure Party Venues in Bhavnagar | Book & Compare Prices - VenueConnect,"Find the best adventure party venues in Bhavnagar. Compare adventure party halls, banquet spaces & party plots. Get free quotes & instant leads. Browse 100+ options on VenueConnect.",Best Adventure Party Venues in Bhavnagar,adventure party venues in Bhavnagar,"adventure party hall Bhavnagar, adventure party venue booking Bhavnagar, best adventure party venue Bhavnagar, adventure party party venue Bhavnagar",Navigational / Transactional,High
Event + City,Haldi Ceremony Venues in Bhavnagar | VenueConnect,/bhavnagar/haldi-ceremony-venues/,Best Haldi Ceremony Venues in Bhavnagar | Book & Compare Prices - VenueConnect,"Find the best haldi ceremony venues in Bhavnagar. Compare haldi ceremony halls, banquet spaces & party plots. Get free quotes & instant leads. Browse 100+ options on VenueConnect.",Best Haldi Ceremony Venues in Bhavnagar,haldi ceremony venues in Bhavnagar,"haldi ceremony hall Bhavnagar, haldi ceremony venue booking Bhavnagar, best haldi ceremony venue Bhavnagar, haldi ceremony party venue Bhavnagar",Navigational / Transactional,High
  VENDOR + CITY PAGES,,,,,,,,,
Page Type,Page Title,URL Slug,Meta Title,Meta Description,H1 Tag,Target Keyword,Secondary Keywords,Search Intent,Priority
Vendor + City,Photographers in Bhavnagar | VenueConnect,/bhavnagar/vendors/photographers/,Top Photographers in Bhavnagar | Compare & Hire - VenueConnect,"Hire top photographers in Bhavnagar for weddings, birthdays & all events. Compare portfolios, pricing & reviews. Get direct leads via WhatsApp. Book on VenueConnect.",Top Photographers in Bhavnagar,photographers in Bhavnagar,"photographers for wedding Bhavnagar, best photographers Bhavnagar, affordable photographers Bhavnagar, photographers contact Bhavnagar",Transactional,High
Vendor + City,Caterers in Bhavnagar | VenueConnect,/bhavnagar/vendors/caterers/,Top Caterers in Bhavnagar | Compare & Hire - VenueConnect,"Hire top caterers in Bhavnagar for weddings, birthdays & all events. Compare portfolios, pricing & reviews. Get direct leads via WhatsApp. Book on VenueConnect.",Top Caterers in Bhavnagar,caterers in Bhavnagar,"caterers for wedding Bhavnagar, best caterers Bhavnagar, affordable caterers Bhavnagar, caterers contact Bhavnagar",Transactional,High
Vendor + City,Decorators in Bhavnagar | VenueConnect,/bhavnagar/vendors/decorators/,Top Decorators in Bhavnagar | Compare & Hire - VenueConnect,"Hire top decorators in Bhavnagar for weddings, birthdays & all events. Compare portfolios, pricing & reviews. Get direct leads via WhatsApp. Book on VenueConnect.",Top Decorators in Bhavnagar,decorators in Bhavnagar,"decorators for wedding Bhavnagar, best decorators Bhavnagar, affordable decorators Bhavnagar, decorators contact Bhavnagar",Transactional,High
Vendor + City,Mehndi Artists in Bhavnagar | VenueConnect,/bhavnagar/vendors/mehndi-artists/,Top Mehndi Artists in Bhavnagar | Compare & Hire - VenueConnect,"Hire top mehndi artists in Bhavnagar for weddings, birthdays & all events. Compare portfolios, pricing & reviews. Get direct leads via WhatsApp. Book on VenueConnect.",Top Mehndi Artists in Bhavnagar,mehndi artists in Bhavnagar,"mehndi artists for wedding Bhavnagar, best mehndi artists Bhavnagar, affordable mehndi artists Bhavnagar, mehndi artists contact Bhavnagar",Transactional,High
Vendor + City,DJs in Bhavnagar | VenueConnect,/bhavnagar/vendors/djs/,Top DJs in Bhavnagar | Compare & Hire - VenueConnect,"Hire top djs in Bhavnagar for weddings, birthdays & all events. Compare portfolios, pricing & reviews. Get direct leads via WhatsApp. Book on VenueConnect.",Top DJs in Bhavnagar,djs in Bhavnagar,"djs for wedding Bhavnagar, best djs Bhavnagar, affordable djs Bhavnagar, djs contact Bhavnagar",Transactional,High
Vendor + City,Bands in Bhavnagar | VenueConnect,/bhavnagar/vendors/bands/,Top Bands in Bhavnagar | Compare & Hire - VenueConnect,"Hire top bands in Bhavnagar for weddings, birthdays & all events. Compare portfolios, pricing & reviews. Get direct leads via WhatsApp. Book on VenueConnect.",Top Bands in Bhavnagar,bands in Bhavnagar,"bands for wedding Bhavnagar, best bands Bhavnagar, affordable bands Bhavnagar, bands contact Bhavnagar",Transactional,High
Vendor + City,Event Planners in Bhavnagar | VenueConnect,/bhavnagar/vendors/event-planners/,Top Event Planners in Bhavnagar | Compare & Hire - VenueConnect,"Hire top event planners in Bhavnagar for weddings, birthdays & all events. Compare portfolios, pricing & reviews. Get direct leads via WhatsApp. Book on VenueConnect.",Top Event Planners in Bhavnagar,event planners in Bhavnagar,"event planners for wedding Bhavnagar, best event planners Bhavnagar, affordable event planners Bhavnagar, event planners contact Bhavnagar",Transactional,High
Vendor + City,Bridal Wear in Bhavnagar | VenueConnect,/bhavnagar/vendors/bridal-wear/,Top Bridal Wear in Bhavnagar | Compare & Hire - VenueConnect,"Hire top bridal wear in Bhavnagar for weddings, birthdays & all events. Compare portfolios, pricing & reviews. Get direct leads via WhatsApp. Book on VenueConnect.",Top Bridal Wear in Bhavnagar,bridal wear in Bhavnagar,"bridal wear for wedding Bhavnagar, best bridal wear Bhavnagar, affordable bridal wear Bhavnagar, bridal wear contact Bhavnagar",Transactional,High
Vendor + City,Makeup Artists in Bhavnagar | VenueConnect,/bhavnagar/vendors/makeup-artists/,Top Makeup Artists in Bhavnagar | Compare & Hire - VenueConnect,"Hire top makeup artists in Bhavnagar for weddings, birthdays & all events. Compare portfolios, pricing & reviews. Get direct leads via WhatsApp. Book on VenueConnect.",Top Makeup Artists in Bhavnagar,makeup artists in Bhavnagar,"makeup artists for wedding Bhavnagar, best makeup artists Bhavnagar, affordable makeup artists Bhavnagar, makeup artists contact Bhavnagar",Transactional,High
Vendor + City,Florists in Bhavnagar | VenueConnect,/bhavnagar/vendors/florists/,Top Florists in Bhavnagar | Compare & Hire - VenueConnect,"Hire top florists in Bhavnagar for weddings, birthdays & all events. Compare portfolios, pricing & reviews. Get direct leads via WhatsApp. Book on VenueConnect.",Top Florists in Bhavnagar,florists in Bhavnagar,"florists for wedding Bhavnagar, best florists Bhavnagar, affordable florists Bhavnagar, florists contact Bhavnagar",Transactional,High
Vendor + City,Videographers in Bhavnagar | VenueConnect,/bhavnagar/vendors/videographers/,Top Videographers in Bhavnagar | Compare & Hire - VenueConnect,"Hire top videographers in Bhavnagar for weddings, birthdays & all events. Compare portfolios, pricing & reviews. Get direct leads via WhatsApp. Book on VenueConnect.",Top Videographers in Bhavnagar,videographers in Bhavnagar,"videographers for wedding Bhavnagar, best videographers Bhavnagar, affordable videographers Bhavnagar, videographers contact Bhavnagar",Transactional,High
Vendor + City,Wedding Planners in Bhavnagar | VenueConnect,/bhavnagar/vendors/wedding-planners/,Top Wedding Planners in Bhavnagar | Compare & Hire - VenueConnect,"Hire top wedding planners in Bhavnagar for weddings, birthdays & all events. Compare portfolios, pricing & reviews. Get direct leads via WhatsApp. Book on VenueConnect.",Top Wedding Planners in Bhavnagar,wedding planners in Bhavnagar,"wedding planners for wedding Bhavnagar, best wedding planners Bhavnagar, affordable wedding planners Bhavnagar, wedding planners contact Bhavnagar",Transactional,High
Vendor + City,Tent Houses in Bhavnagar | VenueConnect,/bhavnagar/vendors/tent-houses/,Top Tent Houses in Bhavnagar | Compare & Hire - VenueConnect,"Hire top tent houses in Bhavnagar for weddings, birthdays & all events. Compare portfolios, pricing & reviews. Get direct leads via WhatsApp. Book on VenueConnect.",Top Tent Houses in Bhavnagar,tent houses in Bhavnagar,"tent houses for wedding Bhavnagar, best tent houses Bhavnagar, affordable tent houses Bhavnagar, tent houses contact Bhavnagar",Transactional,High
Vendor + City,Choreographers in Bhavnagar | VenueConnect,/bhavnagar/vendors/choreographers/,Top Choreographers in Bhavnagar | Compare & Hire - VenueConnect,"Hire top choreographers in Bhavnagar for weddings, birthdays & all events. Compare portfolios, pricing & reviews. Get direct leads via WhatsApp. Book on VenueConnect.",Top Choreographers in Bhavnagar,choreographers in Bhavnagar,"choreographers for wedding Bhavnagar, best choreographers Bhavnagar, affordable choreographers Bhavnagar, choreographers contact Bhavnagar",Transactional,High
Vendor + City,Invitation Cards in Bhavnagar | VenueConnect,/bhavnagar/vendors/invitation-cards/,Top Invitation Cards in Bhavnagar | Compare & Hire - VenueConnect,"Hire top invitation cards in Bhavnagar for weddings, birthdays & all events. Compare portfolios, pricing & reviews. Get direct leads via WhatsApp. Book on VenueConnect.",Top Invitation Cards in Bhavnagar,invitation cards in Bhavnagar,"invitation cards for wedding Bhavnagar, best invitation cards Bhavnagar, affordable invitation cards Bhavnagar, invitation cards contact Bhavnagar",Transactional,High
Vendor + City,Cake Shops in Bhavnagar | VenueConnect,/bhavnagar/vendors/cake-shops/,Top Cake Shops in Bhavnagar | Compare & Hire - VenueConnect,"Hire top cake shops in Bhavnagar for weddings, birthdays & all events. Compare portfolios, pricing & reviews. Get direct leads via WhatsApp. Book on VenueConnect.",Top Cake Shops in Bhavnagar,cake shops in Bhavnagar,"cake shops for wedding Bhavnagar, best cake shops Bhavnagar, affordable cake shops Bhavnagar, cake shops contact Bhavnagar",Transactional,High
Vendor + City,Jewellers in Bhavnagar | VenueConnect,/bhavnagar/vendors/jewellers/,Top Jewellers in Bhavnagar | Compare & Hire - VenueConnect,"Hire top jewellers in Bhavnagar for weddings, birthdays & all events. Compare portfolios, pricing & reviews. Get direct leads via WhatsApp. Book on VenueConnect.",Top Jewellers in Bhavnagar,jewellers in Bhavnagar,"jewellers for wedding Bhavnagar, best jewellers Bhavnagar, affordable jewellers Bhavnagar, jewellers contact Bhavnagar",Transactional,High
Vendor + City,Astrologers in Bhavnagar | VenueConnect,/bhavnagar/vendors/astrologers/,Top Astrologers in Bhavnagar | Compare & Hire - VenueConnect,"Hire top astrologers in Bhavnagar for weddings, birthdays & all events. Compare portfolios, pricing & reviews. Get direct leads via WhatsApp. Book on VenueConnect.",Top Astrologers in Bhavnagar,astrologers in Bhavnagar,"astrologers for wedding Bhavnagar, best astrologers Bhavnagar, affordable astrologers Bhavnagar, astrologers contact Bhavnagar",Transactional,High
Vendor + City,Magicians in Bhavnagar | VenueConnect,/bhavnagar/vendors/magicians/,Top Magicians in Bhavnagar | Compare & Hire - VenueConnect,"Hire top magicians in Bhavnagar for weddings, birthdays & all events. Compare portfolios, pricing & reviews. Get direct leads via WhatsApp. Book on VenueConnect.",Top Magicians in Bhavnagar,magicians in Bhavnagar,"magicians for wedding Bhavnagar, best magicians Bhavnagar, affordable magicians Bhavnagar, magicians contact Bhavnagar",Transactional,High
Vendor + City,Entertainers in Bhavnagar | VenueConnect,/bhavnagar/vendors/entertainers/,Top Entertainers in Bhavnagar | Compare & Hire - VenueConnect,"Hire top entertainers in Bhavnagar for weddings, birthdays & all events. Compare portfolios, pricing & reviews. Get direct leads via WhatsApp. Book on VenueConnect.",Top Entertainers in Bhavnagar,entertainers in Bhavnagar,"entertainers for wedding Bhavnagar, best entertainers Bhavnagar, affordable entertainers Bhavnagar, entertainers contact Bhavnagar",Transactional,High
Vendor + City,Groom Wear in Bhavnagar | VenueConnect,/bhavnagar/vendors/groom-wear/,Top Groom Wear in Bhavnagar | Compare & Hire - VenueConnect,"Hire top groom wear in Bhavnagar for weddings, birthdays & all events. Compare portfolios, pricing & reviews. Get direct leads via WhatsApp. Book on VenueConnect.",Top Groom Wear in Bhavnagar,groom wear in Bhavnagar,"groom wear for wedding Bhavnagar, best groom wear Bhavnagar, affordable groom wear Bhavnagar, groom wear contact Bhavnagar",Transactional,High
Vendor + City,Wedding Photographers in Bhavnagar | VenueConnect,/bhavnagar/vendors/wedding-photographers/,Top Wedding Photographers in Bhavnagar | Compare & Hire - VenueConnect,"Hire top wedding photographers in Bhavnagar for weddings, birthdays & all events. Compare portfolios, pricing & reviews. Get direct leads via WhatsApp. Book on VenueConnect.",Top Wedding Photographers in Bhavnagar,wedding photographers in Bhavnagar,"wedding photographers for wedding Bhavnagar, best wedding photographers Bhavnagar, affordable wedding photographers Bhavnagar, wedding photographers contact Bhavnagar",Transactional,High
  VENUE TYPE + CITY PAGES,,,,,,,,,
Page Type,Page Title,URL Slug,Meta Title,Meta Description,H1 Tag,Target Keyword,Secondary Keywords,Search Intent,Priority
Venue + City,Banquet Halls in Bhavnagar | VenueConnect,/bhavnagar/banquet-halls/,Best Banquet Halls in Bhavnagar | Compare Prices & Book - VenueConnect,"Find top banquet halls in Bhavnagar for any occasion. Compare capacity, pricing & amenities. 100+ verified listings. Get free quotes on VenueConnect Gujarat.",Best Banquet Halls in Bhavnagar,banquet halls in Bhavnagar,"banquet halls for rent Bhavnagar, banquet halls booking Bhavnagar, best banquet halls Bhavnagar, affordable banquet halls Bhavnagar",Transactional,High
Venue + City,Farmhouses in Bhavnagar | VenueConnect,/bhavnagar/farmhouses/,Best Farmhouses in Bhavnagar | Compare Prices & Book - VenueConnect,"Find top farmhouses in Bhavnagar for any occasion. Compare capacity, pricing & amenities. 100+ verified listings. Get free quotes on VenueConnect Gujarat.",Best Farmhouses in Bhavnagar,farmhouses in Bhavnagar,"farmhouses for rent Bhavnagar, farmhouses booking Bhavnagar, best farmhouses Bhavnagar, affordable farmhouses Bhavnagar",Transactional,High
Venue + City,Party Plots in Bhavnagar | VenueConnect,/bhavnagar/party-plots/,Best Party Plots in Bhavnagar | Compare Prices & Book - VenueConnect,"Find top party plots in Bhavnagar for any occasion. Compare capacity, pricing & amenities. 100+ verified listings. Get free quotes on VenueConnect Gujarat.",Best Party Plots in Bhavnagar,party plots in Bhavnagar,"party plots for rent Bhavnagar, party plots booking Bhavnagar, best party plots Bhavnagar, affordable party plots Bhavnagar",Transactional,High
Venue + City,Hotels in Bhavnagar | VenueConnect,/bhavnagar/hotels/,Best Hotels in Bhavnagar | Compare Prices & Book - VenueConnect,"Find top hotels in Bhavnagar for any occasion. Compare capacity, pricing & amenities. 100+ verified listings. Get free quotes on VenueConnect Gujarat.",Best Hotels in Bhavnagar,hotels in Bhavnagar,"hotels for rent Bhavnagar, hotels booking Bhavnagar, best hotels Bhavnagar, affordable hotels Bhavnagar",Transactional,High
Venue + City,Resorts in Bhavnagar | VenueConnect,/bhavnagar/resorts/,Best Resorts in Bhavnagar | Compare Prices & Book - VenueConnect,"Find top resorts in Bhavnagar for any occasion. Compare capacity, pricing & amenities. 100+ verified listings. Get free quotes on VenueConnect Gujarat.",Best Resorts in Bhavnagar,resorts in Bhavnagar,"resorts for rent Bhavnagar, resorts booking Bhavnagar, best resorts Bhavnagar, affordable resorts Bhavnagar",Transactional,High
Venue + City,Restaurants in Bhavnagar | VenueConnect,/bhavnagar/restaurants/,Best Restaurants in Bhavnagar | Compare Prices & Book - VenueConnect,"Find top restaurants in Bhavnagar for any occasion. Compare capacity, pricing & amenities. 100+ verified listings. Get free quotes on VenueConnect Gujarat.",Best Restaurants in Bhavnagar,restaurants in Bhavnagar,"restaurants for rent Bhavnagar, restaurants booking Bhavnagar, best restaurants Bhavnagar, affordable restaurants Bhavnagar",Transactional,High
Venue + City,Convention Centers in Bhavnagar | VenueConnect,/bhavnagar/convention-centers/,Best Convention Centers in Bhavnagar | Compare Prices & Book - VenueConnect,"Find top convention centers in Bhavnagar for any occasion. Compare capacity, pricing & amenities. 100+ verified listings. Get free quotes on VenueConnect Gujarat.",Best Convention Centers in Bhavnagar,convention centers in Bhavnagar,"convention centers for rent Bhavnagar, convention centers booking Bhavnagar, best convention centers Bhavnagar, affordable convention centers Bhavnagar",Transactional,High
Venue + City,Clubs in Bhavnagar | VenueConnect,/bhavnagar/clubs/,Best Clubs in Bhavnagar | Compare Prices & Book - VenueConnect,"Find top clubs in Bhavnagar for any occasion. Compare capacity, pricing & amenities. 100+ verified listings. Get free quotes on VenueConnect Gujarat.",Best Clubs in Bhavnagar,clubs in Bhavnagar,"clubs for rent Bhavnagar, clubs booking Bhavnagar, best clubs Bhavnagar, affordable clubs Bhavnagar",Transactional,High
Venue + City,Rooftop Venues in Bhavnagar | VenueConnect,/bhavnagar/rooftop-venues/,Best Rooftop Venues in Bhavnagar | Compare Prices & Book - VenueConnect,"Find top rooftop venues in Bhavnagar for any occasion. Compare capacity, pricing & amenities. 100+ verified listings. Get free quotes on VenueConnect Gujarat.",Best Rooftop Venues in Bhavnagar,rooftop venues in Bhavnagar,"rooftop venues for rent Bhavnagar, rooftop venues booking Bhavnagar, best rooftop venues Bhavnagar, affordable rooftop venues Bhavnagar",Transactional,High
Venue + City,Garden Venues in Bhavnagar | VenueConnect,/bhavnagar/garden-venues/,Best Garden Venues in Bhavnagar | Compare Prices & Book - VenueConnect,"Find top garden venues in Bhavnagar for any occasion. Compare capacity, pricing & amenities. 100+ verified listings. Get free quotes on VenueConnect Gujarat.",Best Garden Venues in Bhavnagar,garden venues in Bhavnagar,"garden venues for rent Bhavnagar, garden venues booking Bhavnagar, best garden venues Bhavnagar, affordable garden venues Bhavnagar",Transactional,High
Venue + City,Heritage Venues in Bhavnagar | VenueConnect,/bhavnagar/heritage-venues/,Best Heritage Venues in Bhavnagar | Compare Prices & Book - VenueConnect,"Find top heritage venues in Bhavnagar for any occasion. Compare capacity, pricing & amenities. 100+ verified listings. Get free quotes on VenueConnect Gujarat.",Best Heritage Venues in Bhavnagar,heritage venues in Bhavnagar,"heritage venues for rent Bhavnagar, heritage venues booking Bhavnagar, best heritage venues Bhavnagar, affordable heritage venues Bhavnagar",Transactional,High
Venue + City,Luxury Venues in Bhavnagar | VenueConnect,/bhavnagar/luxury-venues/,Best Luxury Venues in Bhavnagar | Compare Prices & Book - VenueConnect,"Find top luxury venues in Bhavnagar for any occasion. Compare capacity, pricing & amenities. 100+ verified listings. Get free quotes on VenueConnect Gujarat.",Best Luxury Venues in Bhavnagar,luxury venues in Bhavnagar,"luxury venues for rent Bhavnagar, luxury venues booking Bhavnagar, best luxury venues Bhavnagar, affordable luxury venues Bhavnagar",Transactional,High
  EVENT + CITY AREA PAGES (Hyper-local),,,,,,,,,
Page Type,Page Title,URL Slug,Meta Title,Meta Description,H1 Tag,Target Keyword,Secondary Keywords,Search Intent,Priority
Event + City Area,"Wedding Venues in Waghawadi Road, Bhavnagar | VenueConnect",/bhavnagar/waghawadi-road/wedding-venues/,"Best Wedding Venues in Waghawadi Road, Bhavnagar | Book Near You - VenueConnect","Find the perfect wedding venue in Waghawadi Road, Bhavnagar. Compare halls, farmhouses & party plots near Waghawadi Road. Get instant leads & free quotes on VenueConnect.","Best Wedding Venues in Waghawadi Road, Bhavnagar",wedding venues in Waghawadi Road Bhavnagar,"wedding venue Waghawadi Road, wedding hall near Waghawadi Road Bhavnagar, wedding venue near Waghawadi Road",Transactional (Hyper-local),High
Event + City Area,"Birthday Party Venues in Waghawadi Road, Bhavnagar | VenueConnect",/bhavnagar/waghawadi-road/birthday-party-venues/,"Best Birthday Party Venues in Waghawadi Road, Bhavnagar | Book Near You - VenueConnect","Find the perfect birthday party venue in Waghawadi Road, Bhavnagar. Compare halls, farmhouses & party plots near Waghawadi Road. Get instant leads & free quotes on VenueConnect.","Best Birthday Party Venues in Waghawadi Road, Bhavnagar",birthday party venues in Waghawadi Road Bhavnagar,"birthday party venue Waghawadi Road, birthday party hall near Waghawadi Road Bhavnagar, birthday party venue near Waghawadi Road",Transactional (Hyper-local),High
Event + City Area,"Engagement Venues in Waghawadi Road, Bhavnagar | VenueConnect",/bhavnagar/waghawadi-road/engagement-venues/,"Best Engagement Venues in Waghawadi Road, Bhavnagar | Book Near You - VenueConnect","Find the perfect engagement venue in Waghawadi Road, Bhavnagar. Compare halls, farmhouses & party plots near Waghawadi Road. Get instant leads & free quotes on VenueConnect.","Best Engagement Venues in Waghawadi Road, Bhavnagar",engagement venues in Waghawadi Road Bhavnagar,"engagement venue Waghawadi Road, engagement hall near Waghawadi Road Bhavnagar, engagement venue near Waghawadi Road",Transactional (Hyper-local),High
Event + City Area,"Corporate Event Venues in Waghawadi Road, Bhavnagar | VenueConnect",/bhavnagar/waghawadi-road/corporate-event-venues/,"Best Corporate Event Venues in Waghawadi Road, Bhavnagar | Book Near You - VenueConnect","Find the perfect corporate event venue in Waghawadi Road, Bhavnagar. Compare halls, farmhouses & party plots near Waghawadi Road. Get instant leads & free quotes on VenueConnect.","Best Corporate Event Venues in Waghawadi Road, Bhavnagar",corporate event venues in Waghawadi Road Bhavnagar,"corporate event venue Waghawadi Road, corporate event hall near Waghawadi Road Bhavnagar, corporate event venue near Waghawadi Road",Transactional (Hyper-local),High
Event + City Area,"Reception Venues in Waghawadi Road, Bhavnagar | VenueConnect",/bhavnagar/waghawadi-road/reception-venues/,"Best Reception Venues in Waghawadi Road, Bhavnagar | Book Near You - VenueConnect","Find the perfect reception venue in Waghawadi Road, Bhavnagar. Compare halls, farmhouses & party plots near Waghawadi Road. Get instant leads & free quotes on VenueConnect.","Best Reception Venues in Waghawadi Road, Bhavnagar",reception venues in Waghawadi Road Bhavnagar,"reception venue Waghawadi Road, reception hall near Waghawadi Road Bhavnagar, reception venue near Waghawadi Road",Transactional (Hyper-local),High
Event + City Area,"Wedding Venues in Crescent Circle, Bhavnagar | VenueConnect",/bhavnagar/crescent-circle/wedding-venues/,"Best Wedding Venues in Crescent Circle, Bhavnagar | Book Near You - VenueConnect","Find the perfect wedding venue in Crescent Circle, Bhavnagar. Compare halls, farmhouses & party plots near Crescent Circle. Get instant leads & free quotes on VenueConnect.","Best Wedding Venues in Crescent Circle, Bhavnagar",wedding venues in Crescent Circle Bhavnagar,"wedding venue Crescent Circle, wedding hall near Crescent Circle Bhavnagar, wedding venue near Crescent Circle",Transactional (Hyper-local),High
Event + City Area,"Birthday Party Venues in Crescent Circle, Bhavnagar | VenueConnect",/bhavnagar/crescent-circle/birthday-party-venues/,"Best Birthday Party Venues in Crescent Circle, Bhavnagar | Book Near You - VenueConnect","Find the perfect birthday party venue in Crescent Circle, Bhavnagar. Compare halls, farmhouses & party plots near Crescent Circle. Get instant leads & free quotes on VenueConnect.","Best Birthday Party Venues in Crescent Circle, Bhavnagar",birthday party venues in Crescent Circle Bhavnagar,"birthday party venue Crescent Circle, birthday party hall near Crescent Circle Bhavnagar, birthday party venue near Crescent Circle",Transactional (Hyper-local),High
Event + City Area,"Engagement Venues in Crescent Circle, Bhavnagar | VenueConnect",/bhavnagar/crescent-circle/engagement-venues/,"Best Engagement Venues in Crescent Circle, Bhavnagar | Book Near You - VenueConnect","Find the perfect engagement venue in Crescent Circle, Bhavnagar. Compare halls, farmhouses & party plots near Crescent Circle. Get instant leads & free quotes on VenueConnect.","Best Engagement Venues in Crescent Circle, Bhavnagar",engagement venues in Crescent Circle Bhavnagar,"engagement venue Crescent Circle, engagement hall near Crescent Circle Bhavnagar, engagement venue near Crescent Circle",Transactional (Hyper-local),High
Event + City Area,"Corporate Event Venues in Crescent Circle, Bhavnagar | VenueConnect",/bhavnagar/crescent-circle/corporate-event-venues/,"Best Corporate Event Venues in Crescent Circle, Bhavnagar | Book Near You - VenueConnect","Find the perfect corporate event venue in Crescent Circle, Bhavnagar. Compare halls, farmhouses & party plots near Crescent Circle. Get instant leads & free quotes on VenueConnect.","Best Corporate Event Venues in Crescent Circle, Bhavnagar",corporate event venues in Crescent Circle Bhavnagar,"corporate event venue Crescent Circle, corporate event hall near Crescent Circle Bhavnagar, corporate event venue near Crescent Circle",Transactional (Hyper-local),High
Event + City Area,"Reception Venues in Crescent Circle, Bhavnagar | VenueConnect",/bhavnagar/crescent-circle/reception-venues/,"Best Reception Venues in Crescent Circle, Bhavnagar | Book Near You - VenueConnect","Find the perfect reception venue in Crescent Circle, Bhavnagar. Compare halls, farmhouses & party plots near Crescent Circle. Get instant leads & free quotes on VenueConnect.","Best Reception Venues in Crescent Circle, Bhavnagar",reception venues in Crescent Circle Bhavnagar,"reception venue Crescent Circle, reception hall near Crescent Circle Bhavnagar, reception venue near Crescent Circle",Transactional (Hyper-local),High
Event + City Area,"Wedding Venues in Kalanala, Bhavnagar | VenueConnect",/bhavnagar/kalanala/wedding-venues/,"Best Wedding Venues in Kalanala, Bhavnagar | Book Near You - VenueConnect","Find the perfect wedding venue in Kalanala, Bhavnagar. Compare halls, farmhouses & party plots near Kalanala. Get instant leads & free quotes on VenueConnect.","Best Wedding Venues in Kalanala, Bhavnagar",wedding venues in Kalanala Bhavnagar,"wedding venue Kalanala, wedding hall near Kalanala Bhavnagar, wedding venue near Kalanala",Transactional (Hyper-local),High
Event + City Area,"Birthday Party Venues in Kalanala, Bhavnagar | VenueConnect",/bhavnagar/kalanala/birthday-party-venues/,"Best Birthday Party Venues in Kalanala, Bhavnagar | Book Near You - VenueConnect","Find the perfect birthday party venue in Kalanala, Bhavnagar. Compare halls, farmhouses & party plots near Kalanala. Get instant leads & free quotes on VenueConnect.","Best Birthday Party Venues in Kalanala, Bhavnagar",birthday party venues in Kalanala Bhavnagar,"birthday party venue Kalanala, birthday party hall near Kalanala Bhavnagar, birthday party venue near Kalanala",Transactional (Hyper-local),High
Event + City Area,"Engagement Venues in Kalanala, Bhavnagar | VenueConnect",/bhavnagar/kalanala/engagement-venues/,"Best Engagement Venues in Kalanala, Bhavnagar | Book Near You - VenueConnect","Find the perfect engagement venue in Kalanala, Bhavnagar. Compare halls, farmhouses & party plots near Kalanala. Get instant leads & free quotes on VenueConnect.","Best Engagement Venues in Kalanala, Bhavnagar",engagement venues in Kalanala Bhavnagar,"engagement venue Kalanala, engagement hall near Kalanala Bhavnagar, engagement venue near Kalanala",Transactional (Hyper-local),High
Event + City Area,"Corporate Event Venues in Kalanala, Bhavnagar | VenueConnect",/bhavnagar/kalanala/corporate-event-venues/,"Best Corporate Event Venues in Kalanala, Bhavnagar | Book Near You - VenueConnect","Find the perfect corporate event venue in Kalanala, Bhavnagar. Compare halls, farmhouses & party plots near Kalanala. Get instant leads & free quotes on VenueConnect.","Best Corporate Event Venues in Kalanala, Bhavnagar",corporate event venues in Kalanala Bhavnagar,"corporate event venue Kalanala, corporate event hall near Kalanala Bhavnagar, corporate event venue near Kalanala",Transactional (Hyper-local),High
Event + City Area,"Reception Venues in Kalanala, Bhavnagar | VenueConnect",/bhavnagar/kalanala/reception-venues/,"Best Reception Venues in Kalanala, Bhavnagar | Book Near You - VenueConnect","Find the perfect reception venue in Kalanala, Bhavnagar. Compare halls, farmhouses & party plots near Kalanala. Get instant leads & free quotes on VenueConnect.","Best Reception Venues in Kalanala, Bhavnagar",reception venues in Kalanala Bhavnagar,"reception venue Kalanala, reception hall near Kalanala Bhavnagar, reception venue near Kalanala",Transactional (Hyper-local),High
Event + City Area,"Wedding Venues in Station Road, Bhavnagar | VenueConnect",/bhavnagar/station-road/wedding-venues/,"Best Wedding Venues in Station Road, Bhavnagar | Book Near You - VenueConnect","Find the perfect wedding venue in Station Road, Bhavnagar. Compare halls, farmhouses & party plots near Station Road. Get instant leads & free quotes on VenueConnect.","Best Wedding Venues in Station Road, Bhavnagar",wedding venues in Station Road Bhavnagar,"wedding venue Station Road, wedding hall near Station Road Bhavnagar, wedding venue near Station Road",Transactional (Hyper-local),High
Event + City Area,"Birthday Party Venues in Station Road, Bhavnagar | VenueConnect",/bhavnagar/station-road/birthday-party-venues/,"Best Birthday Party Venues in Station Road, Bhavnagar | Book Near You - VenueConnect","Find the perfect birthday party venue in Station Road, Bhavnagar. Compare halls, farmhouses & party plots near Station Road. Get instant leads & free quotes on VenueConnect.","Best Birthday Party Venues in Station Road, Bhavnagar",birthday party venues in Station Road Bhavnagar,"birthday party venue Station Road, birthday party hall near Station Road Bhavnagar, birthday party venue near Station Road",Transactional (Hyper-local),High
Event + City Area,"Engagement Venues in Station Road, Bhavnagar | VenueConnect",/bhavnagar/station-road/engagement-venues/,"Best Engagement Venues in Station Road, Bhavnagar | Book Near You - VenueConnect","Find the perfect engagement venue in Station Road, Bhavnagar. Compare halls, farmhouses & party plots near Station Road. Get instant leads & free quotes on VenueConnect.","Best Engagement Venues in Station Road, Bhavnagar",engagement venues in Station Road Bhavnagar,"engagement venue Station Road, engagement hall near Station Road Bhavnagar, engagement venue near Station Road",Transactional (Hyper-local),High
Event + City Area,"Corporate Event Venues in Station Road, Bhavnagar | VenueConnect",/bhavnagar/station-road/corporate-event-venues/,"Best Corporate Event Venues in Station Road, Bhavnagar | Book Near You - VenueConnect","Find the perfect corporate event venue in Station Road, Bhavnagar. Compare halls, farmhouses & party plots near Station Road. Get instant leads & free quotes on VenueConnect.","Best Corporate Event Venues in Station Road, Bhavnagar",corporate event venues in Station Road Bhavnagar,"corporate event venue Station Road, corporate event hall near Station Road Bhavnagar, corporate event venue near Station Road",Transactional (Hyper-local),High
Event + City Area,"Reception Venues in Station Road, Bhavnagar | VenueConnect",/bhavnagar/station-road/reception-venues/,"Best Reception Venues in Station Road, Bhavnagar | Book Near You - VenueConnect","Find the perfect reception venue in Station Road, Bhavnagar. Compare halls, farmhouses & party plots near Station Road. Get instant leads & free quotes on VenueConnect.","Best Reception Venues in Station Road, Bhavnagar",reception venues in Station Road Bhavnagar,"reception venue Station Road, reception hall near Station Road Bhavnagar, reception venue near Station Road",Transactional (Hyper-local),High
Event + City Area,"Wedding Venues in Ghogha Road, Bhavnagar | VenueConnect",/bhavnagar/ghogha-road/wedding-venues/,"Best Wedding Venues in Ghogha Road, Bhavnagar | Book Near You - VenueConnect","Find the perfect wedding venue in Ghogha Road, Bhavnagar. Compare halls, farmhouses & party plots near Ghogha Road. Get instant leads & free quotes on VenueConnect.","Best Wedding Venues in Ghogha Road, Bhavnagar",wedding venues in Ghogha Road Bhavnagar,"wedding venue Ghogha Road, wedding hall near Ghogha Road Bhavnagar, wedding venue near Ghogha Road",Transactional (Hyper-local),High
Event + City Area,"Birthday Party Venues in Ghogha Road, Bhavnagar | VenueConnect",/bhavnagar/ghogha-road/birthday-party-venues/,"Best Birthday Party Venues in Ghogha Road, Bhavnagar | Book Near You - VenueConnect","Find the perfect birthday party venue in Ghogha Road, Bhavnagar. Compare halls, farmhouses & party plots near Ghogha Road. Get instant leads & free quotes on VenueConnect.","Best Birthday Party Venues in Ghogha Road, Bhavnagar",birthday party venues in Ghogha Road Bhavnagar,"birthday party venue Ghogha Road, birthday party hall near Ghogha Road Bhavnagar, birthday party venue near Ghogha Road",Transactional (Hyper-local),High
Event + City Area,"Engagement Venues in Ghogha Road, Bhavnagar | VenueConnect",/bhavnagar/ghogha-road/engagement-venues/,"Best Engagement Venues in Ghogha Road, Bhavnagar | Book Near You - VenueConnect","Find the perfect engagement venue in Ghogha Road, Bhavnagar. Compare halls, farmhouses & party plots near Ghogha Road. Get instant leads & free quotes on VenueConnect.","Best Engagement Venues in Ghogha Road, Bhavnagar",engagement venues in Ghogha Road Bhavnagar,"engagement venue Ghogha Road, engagement hall near Ghogha Road Bhavnagar, engagement venue near Ghogha Road",Transactional (Hyper-local),High
Event + City Area,"Corporate Event Venues in Ghogha Road, Bhavnagar | VenueConnect",/bhavnagar/ghogha-road/corporate-event-venues/,"Best Corporate Event Venues in Ghogha Road, Bhavnagar | Book Near You - VenueConnect","Find the perfect corporate event venue in Ghogha Road, Bhavnagar. Compare halls, farmhouses & party plots near Ghogha Road. Get instant leads & free quotes on VenueConnect.","Best Corporate Event Venues in Ghogha Road, Bhavnagar",corporate event venues in Ghogha Road Bhavnagar,"corporate event venue Ghogha Road, corporate event hall near Ghogha Road Bhavnagar, corporate event venue near Ghogha Road",Transactional (Hyper-local),High
Event + City Area,"Reception Venues in Ghogha Road, Bhavnagar | VenueConnect",/bhavnagar/ghogha-road/reception-venues/,"Best Reception Venues in Ghogha Road, Bhavnagar | Book Near You - VenueConnect","Find the perfect reception venue in Ghogha Road, Bhavnagar. Compare halls, farmhouses & party plots near Ghogha Road. Get instant leads & free quotes on VenueConnect.","Best Reception Venues in Ghogha Road, Bhavnagar",reception venues in Ghogha Road Bhavnagar,"reception venue Ghogha Road, reception hall near Ghogha Road Bhavnagar, reception venue near Ghogha Road",Transactional (Hyper-local),High
Event + City Area,"Wedding Venues in Takhteshwar, Bhavnagar | VenueConnect",/bhavnagar/takhteshwar/wedding-venues/,"Best Wedding Venues in Takhteshwar, Bhavnagar | Book Near You - VenueConnect","Find the perfect wedding venue in Takhteshwar, Bhavnagar. Compare halls, farmhouses & party plots near Takhteshwar. Get instant leads & free quotes on VenueConnect.","Best Wedding Venues in Takhteshwar, Bhavnagar",wedding venues in Takhteshwar Bhavnagar,"wedding venue Takhteshwar, wedding hall near Takhteshwar Bhavnagar, wedding venue near Takhteshwar",Transactional (Hyper-local),High
Event + City Area,"Birthday Party Venues in Takhteshwar, Bhavnagar | VenueConnect",/bhavnagar/takhteshwar/birthday-party-venues/,"Best Birthday Party Venues in Takhteshwar, Bhavnagar | Book Near You - VenueConnect","Find the perfect birthday party venue in Takhteshwar, Bhavnagar. Compare halls, farmhouses & party plots near Takhteshwar. Get instant leads & free quotes on VenueConnect.","Best Birthday Party Venues in Takhteshwar, Bhavnagar",birthday party venues in Takhteshwar Bhavnagar,"birthday party venue Takhteshwar, birthday party hall near Takhteshwar Bhavnagar, birthday party venue near Takhteshwar",Transactional (Hyper-local),High
Event + City Area,"Engagement Venues in Takhteshwar, Bhavnagar | VenueConnect",/bhavnagar/takhteshwar/engagement-venues/,"Best Engagement Venues in Takhteshwar, Bhavnagar | Book Near You - VenueConnect","Find the perfect engagement venue in Takhteshwar, Bhavnagar. Compare halls, farmhouses & party plots near Takhteshwar. Get instant leads & free quotes on VenueConnect.","Best Engagement Venues in Takhteshwar, Bhavnagar",engagement venues in Takhteshwar Bhavnagar,"engagement venue Takhteshwar, engagement hall near Takhteshwar Bhavnagar, engagement venue near Takhteshwar",Transactional (Hyper-local),High
Event + City Area,"Corporate Event Venues in Takhteshwar, Bhavnagar | VenueConnect",/bhavnagar/takhteshwar/corporate-event-venues/,"Best Corporate Event Venues in Takhteshwar, Bhavnagar | Book Near You - VenueConnect","Find the perfect corporate event venue in Takhteshwar, Bhavnagar. Compare halls, farmhouses & party plots near Takhteshwar. Get instant leads & free quotes on VenueConnect.","Best Corporate Event Venues in Takhteshwar, Bhavnagar",corporate event venues in Takhteshwar Bhavnagar,"corporate event venue Takhteshwar, corporate event hall near Takhteshwar Bhavnagar, corporate event venue near Takhteshwar",Transactional (Hyper-local),High
Event + City Area,"Reception Venues in Takhteshwar, Bhavnagar | VenueConnect",/bhavnagar/takhteshwar/reception-venues/,"Best Reception Venues in Takhteshwar, Bhavnagar | Book Near You - VenueConnect","Find the perfect reception venue in Takhteshwar, Bhavnagar. Compare halls, farmhouses & party plots near Takhteshwar. Get instant leads & free quotes on VenueConnect.","Best Reception Venues in Takhteshwar, Bhavnagar",reception venues in Takhteshwar Bhavnagar,"reception venue Takhteshwar, reception hall near Takhteshwar Bhavnagar, reception venue near Takhteshwar",Transactional (Hyper-local),High
Event + City Area,"Wedding Venues in Amba Chowk, Bhavnagar | VenueConnect",/bhavnagar/amba-chowk/wedding-venues/,"Best Wedding Venues in Amba Chowk, Bhavnagar | Book Near You - VenueConnect","Find the perfect wedding venue in Amba Chowk, Bhavnagar. Compare halls, farmhouses & party plots near Amba Chowk. Get instant leads & free quotes on VenueConnect.","Best Wedding Venues in Amba Chowk, Bhavnagar",wedding venues in Amba Chowk Bhavnagar,"wedding venue Amba Chowk, wedding hall near Amba Chowk Bhavnagar, wedding venue near Amba Chowk",Transactional (Hyper-local),High
Event + City Area,"Birthday Party Venues in Amba Chowk, Bhavnagar | VenueConnect",/bhavnagar/amba-chowk/birthday-party-venues/,"Best Birthday Party Venues in Amba Chowk, Bhavnagar | Book Near You - VenueConnect","Find the perfect birthday party venue in Amba Chowk, Bhavnagar. Compare halls, farmhouses & party plots near Amba Chowk. Get instant leads & free quotes on VenueConnect.","Best Birthday Party Venues in Amba Chowk, Bhavnagar",birthday party venues in Amba Chowk Bhavnagar,"birthday party venue Amba Chowk, birthday party hall near Amba Chowk Bhavnagar, birthday party venue near Amba Chowk",Transactional (Hyper-local),High
Event + City Area,"Engagement Venues in Amba Chowk, Bhavnagar | VenueConnect",/bhavnagar/amba-chowk/engagement-venues/,"Best Engagement Venues in Amba Chowk, Bhavnagar | Book Near You - VenueConnect","Find the perfect engagement venue in Amba Chowk, Bhavnagar. Compare halls, farmhouses & party plots near Amba Chowk. Get instant leads & free quotes on VenueConnect.","Best Engagement Venues in Amba Chowk, Bhavnagar",engagement venues in Amba Chowk Bhavnagar,"engagement venue Amba Chowk, engagement hall near Amba Chowk Bhavnagar, engagement venue near Amba Chowk",Transactional (Hyper-local),High
Event + City Area,"Corporate Event Venues in Amba Chowk, Bhavnagar | VenueConnect",/bhavnagar/amba-chowk/corporate-event-venues/,"Best Corporate Event Venues in Amba Chowk, Bhavnagar | Book Near You - VenueConnect","Find the perfect corporate event venue in Amba Chowk, Bhavnagar. Compare halls, farmhouses & party plots near Amba Chowk. Get instant leads & free quotes on VenueConnect.","Best Corporate Event Venues in Amba Chowk, Bhavnagar",corporate event venues in Amba Chowk Bhavnagar,"corporate event venue Amba Chowk, corporate event hall near Amba Chowk Bhavnagar, corporate event venue near Amba Chowk",Transactional (Hyper-local),High
Event + City Area,"Reception Venues in Amba Chowk, Bhavnagar | VenueConnect",/bhavnagar/amba-chowk/reception-venues/,"Best Reception Venues in Amba Chowk, Bhavnagar | Book Near You - VenueConnect","Find the perfect reception venue in Amba Chowk, Bhavnagar. Compare halls, farmhouses & party plots near Amba Chowk. Get instant leads & free quotes on VenueConnect.","Best Reception Venues in Amba Chowk, Bhavnagar",reception venues in Amba Chowk Bhavnagar,"reception venue Amba Chowk, reception hall near Amba Chowk Bhavnagar, reception venue near Amba Chowk",Transactional (Hyper-local),High
Event + City Area,"Wedding Venues in Nilambag, Bhavnagar | VenueConnect",/bhavnagar/nilambag/wedding-venues/,"Best Wedding Venues in Nilambag, Bhavnagar | Book Near You - VenueConnect","Find the perfect wedding venue in Nilambag, Bhavnagar. Compare halls, farmhouses & party plots near Nilambag. Get instant leads & free quotes on VenueConnect.","Best Wedding Venues in Nilambag, Bhavnagar",wedding venues in Nilambag Bhavnagar,"wedding venue Nilambag, wedding hall near Nilambag Bhavnagar, wedding venue near Nilambag",Transactional (Hyper-local),High
Event + City Area,"Birthday Party Venues in Nilambag, Bhavnagar | VenueConnect",/bhavnagar/nilambag/birthday-party-venues/,"Best Birthday Party Venues in Nilambag, Bhavnagar | Book Near You - VenueConnect","Find the perfect birthday party venue in Nilambag, Bhavnagar. Compare halls, farmhouses & party plots near Nilambag. Get instant leads & free quotes on VenueConnect.","Best Birthday Party Venues in Nilambag, Bhavnagar",birthday party venues in Nilambag Bhavnagar,"birthday party venue Nilambag, birthday party hall near Nilambag Bhavnagar, birthday party venue near Nilambag",Transactional (Hyper-local),High
Event + City Area,"Engagement Venues in Nilambag, Bhavnagar | VenueConnect",/bhavnagar/nilambag/engagement-venues/,"Best Engagement Venues in Nilambag, Bhavnagar | Book Near You - VenueConnect","Find the perfect engagement venue in Nilambag, Bhavnagar. Compare halls, farmhouses & party plots near Nilambag. Get instant leads & free quotes on VenueConnect.","Best Engagement Venues in Nilambag, Bhavnagar",engagement venues in Nilambag Bhavnagar,"engagement venue Nilambag, engagement hall near Nilambag Bhavnagar, engagement venue near Nilambag",Transactional (Hyper-local),High
Event + City Area,"Corporate Event Venues in Nilambag, Bhavnagar | VenueConnect",/bhavnagar/nilambag/corporate-event-venues/,"Best Corporate Event Venues in Nilambag, Bhavnagar | Book Near You - VenueConnect","Find the perfect corporate event venue in Nilambag, Bhavnagar. Compare halls, farmhouses & party plots near Nilambag. Get instant leads & free quotes on VenueConnect.","Best Corporate Event Venues in Nilambag, Bhavnagar",corporate event venues in Nilambag Bhavnagar,"corporate event venue Nilambag, corporate event hall near Nilambag Bhavnagar, corporate event venue near Nilambag",Transactional (Hyper-local),High
Event + City Area,"Reception Venues in Nilambag, Bhavnagar | VenueConnect",/bhavnagar/nilambag/reception-venues/,"Best Reception Venues in Nilambag, Bhavnagar | Book Near You - VenueConnect","Find the perfect reception venue in Nilambag, Bhavnagar. Compare halls, farmhouses & party plots near Nilambag. Get instant leads & free quotes on VenueConnect.","Best Reception Venues in Nilambag, Bhavnagar",reception venues in Nilambag Bhavnagar,"reception venue Nilambag, reception hall near Nilambag Bhavnagar, reception venue near Nilambag",Transactional (Hyper-local),High
Event + City Area,"Wedding Venues in Vijay Nagar, Bhavnagar | VenueConnect",/bhavnagar/vijay-nagar/wedding-venues/,"Best Wedding Venues in Vijay Nagar, Bhavnagar | Book Near You - VenueConnect","Find the perfect wedding venue in Vijay Nagar, Bhavnagar. Compare halls, farmhouses & party plots near Vijay Nagar. Get instant leads & free quotes on VenueConnect.","Best Wedding Venues in Vijay Nagar, Bhavnagar",wedding venues in Vijay Nagar Bhavnagar,"wedding venue Vijay Nagar, wedding hall near Vijay Nagar Bhavnagar, wedding venue near Vijay Nagar",Transactional (Hyper-local),High
Event + City Area,"Birthday Party Venues in Vijay Nagar, Bhavnagar | VenueConnect",/bhavnagar/vijay-nagar/birthday-party-venues/,"Best Birthday Party Venues in Vijay Nagar, Bhavnagar | Book Near You - VenueConnect","Find the perfect birthday party venue in Vijay Nagar, Bhavnagar. Compare halls, farmhouses & party plots near Vijay Nagar. Get instant leads & free quotes on VenueConnect.","Best Birthday Party Venues in Vijay Nagar, Bhavnagar",birthday party venues in Vijay Nagar Bhavnagar,"birthday party venue Vijay Nagar, birthday party hall near Vijay Nagar Bhavnagar, birthday party venue near Vijay Nagar",Transactional (Hyper-local),High
Event + City Area,"Engagement Venues in Vijay Nagar, Bhavnagar | VenueConnect",/bhavnagar/vijay-nagar/engagement-venues/,"Best Engagement Venues in Vijay Nagar, Bhavnagar | Book Near You - VenueConnect","Find the perfect engagement venue in Vijay Nagar, Bhavnagar. Compare halls, farmhouses & party plots near Vijay Nagar. Get instant leads & free quotes on VenueConnect.","Best Engagement Venues in Vijay Nagar, Bhavnagar",engagement venues in Vijay Nagar Bhavnagar,"engagement venue Vijay Nagar, engagement hall near Vijay Nagar Bhavnagar, engagement venue near Vijay Nagar",Transactional (Hyper-local),High
Event + City Area,"Corporate Event Venues in Vijay Nagar, Bhavnagar | VenueConnect",/bhavnagar/vijay-nagar/corporate-event-venues/,"Best Corporate Event Venues in Vijay Nagar, Bhavnagar | Book Near You - VenueConnect","Find the perfect corporate event venue in Vijay Nagar, Bhavnagar. Compare halls, farmhouses & party plots near Vijay Nagar. Get instant leads & free quotes on VenueConnect.","Best Corporate Event Venues in Vijay Nagar, Bhavnagar",corporate event venues in Vijay Nagar Bhavnagar,"corporate event venue Vijay Nagar, corporate event hall near Vijay Nagar Bhavnagar, corporate event venue near Vijay Nagar",Transactional (Hyper-local),High
Event + City Area,"Reception Venues in Vijay Nagar, Bhavnagar | VenueConnect",/bhavnagar/vijay-nagar/reception-venues/,"Best Reception Venues in Vijay Nagar, Bhavnagar | Book Near You - VenueConnect","Find the perfect reception venue in Vijay Nagar, Bhavnagar. Compare halls, farmhouses & party plots near Vijay Nagar. Get instant leads & free quotes on VenueConnect.","Best Reception Venues in Vijay Nagar, Bhavnagar",reception venues in Vijay Nagar Bhavnagar,"reception venue Vijay Nagar, reception hall near Vijay Nagar Bhavnagar, reception venue near Vijay Nagar",Transactional (Hyper-local),High
Event + City Area,"Wedding Venues in Rupani Nagar, Bhavnagar | VenueConnect",/bhavnagar/rupani-nagar/wedding-venues/,"Best Wedding Venues in Rupani Nagar, Bhavnagar | Book Near You - VenueConnect","Find the perfect wedding venue in Rupani Nagar, Bhavnagar. Compare halls, farmhouses & party plots near Rupani Nagar. Get instant leads & free quotes on VenueConnect.","Best Wedding Venues in Rupani Nagar, Bhavnagar",wedding venues in Rupani Nagar Bhavnagar,"wedding venue Rupani Nagar, wedding hall near Rupani Nagar Bhavnagar, wedding venue near Rupani Nagar",Transactional (Hyper-local),High
Event + City Area,"Birthday Party Venues in Rupani Nagar, Bhavnagar | VenueConnect",/bhavnagar/rupani-nagar/birthday-party-venues/,"Best Birthday Party Venues in Rupani Nagar, Bhavnagar | Book Near You - VenueConnect","Find the perfect birthday party venue in Rupani Nagar, Bhavnagar. Compare halls, farmhouses & party plots near Rupani Nagar. Get instant leads & free quotes on VenueConnect.","Best Birthday Party Venues in Rupani Nagar, Bhavnagar",birthday party venues in Rupani Nagar Bhavnagar,"birthday party venue Rupani Nagar, birthday party hall near Rupani Nagar Bhavnagar, birthday party venue near Rupani Nagar",Transactional (Hyper-local),High
Event + City Area,"Engagement Venues in Rupani Nagar, Bhavnagar | VenueConnect",/bhavnagar/rupani-nagar/engagement-venues/,"Best Engagement Venues in Rupani Nagar, Bhavnagar | Book Near You - VenueConnect","Find the perfect engagement venue in Rupani Nagar, Bhavnagar. Compare halls, farmhouses & party plots near Rupani Nagar. Get instant leads & free quotes on VenueConnect.","Best Engagement Venues in Rupani Nagar, Bhavnagar",engagement venues in Rupani Nagar Bhavnagar,"engagement venue Rupani Nagar, engagement hall near Rupani Nagar Bhavnagar, engagement venue near Rupani Nagar",Transactional (Hyper-local),High
Event + City Area,"Corporate Event Venues in Rupani Nagar, Bhavnagar | VenueConnect",/bhavnagar/rupani-nagar/corporate-event-venues/,"Best Corporate Event Venues in Rupani Nagar, Bhavnagar | Book Near You - VenueConnect","Find the perfect corporate event venue in Rupani Nagar, Bhavnagar. Compare halls, farmhouses & party plots near Rupani Nagar. Get instant leads & free quotes on VenueConnect.","Best Corporate Event Venues in Rupani Nagar, Bhavnagar",corporate event venues in Rupani Nagar Bhavnagar,"corporate event venue Rupani Nagar, corporate event hall near Rupani Nagar Bhavnagar, corporate event venue near Rupani Nagar",Transactional (Hyper-local),High
Event + City Area,"Reception Venues in Rupani Nagar, Bhavnagar | VenueConnect",/bhavnagar/rupani-nagar/reception-venues/,"Best Reception Venues in Rupani Nagar, Bhavnagar | Book Near You - VenueConnect","Find the perfect reception venue in Rupani Nagar, Bhavnagar. Compare halls, farmhouses & party plots near Rupani Nagar. Get instant leads & free quotes on VenueConnect.","Best Reception Venues in Rupani Nagar, Bhavnagar",reception venues in Rupani Nagar Bhavnagar,"reception venue Rupani Nagar, reception hall near Rupani Nagar Bhavnagar, reception venue near Rupani Nagar",Transactional (Hyper-local),High
Event + City Area,"Wedding Venues in Sardarnagar, Bhavnagar | VenueConnect",/bhavnagar/sardarnagar/wedding-venues/,"Best Wedding Venues in Sardarnagar, Bhavnagar | Book Near You - VenueConnect","Find the perfect wedding venue in Sardarnagar, Bhavnagar. Compare halls, farmhouses & party plots near Sardarnagar. Get instant leads & free quotes on VenueConnect.","Best Wedding Venues in Sardarnagar, Bhavnagar",wedding venues in Sardarnagar Bhavnagar,"wedding venue Sardarnagar, wedding hall near Sardarnagar Bhavnagar, wedding venue near Sardarnagar",Transactional (Hyper-local),High
Event + City Area,"Birthday Party Venues in Sardarnagar, Bhavnagar | VenueConnect",/bhavnagar/sardarnagar/birthday-party-venues/,"Best Birthday Party Venues in Sardarnagar, Bhavnagar | Book Near You - VenueConnect","Find the perfect birthday party venue in Sardarnagar, Bhavnagar. Compare halls, farmhouses & party plots near Sardarnagar. Get instant leads & free quotes on VenueConnect.","Best Birthday Party Venues in Sardarnagar, Bhavnagar",birthday party venues in Sardarnagar Bhavnagar,"birthday party venue Sardarnagar, birthday party hall near Sardarnagar Bhavnagar, birthday party venue near Sardarnagar",Transactional (Hyper-local),High
Event + City Area,"Engagement Venues in Sardarnagar, Bhavnagar | VenueConnect",/bhavnagar/sardarnagar/engagement-venues/,"Best Engagement Venues in Sardarnagar, Bhavnagar | Book Near You - VenueConnect","Find the perfect engagement venue in Sardarnagar, Bhavnagar. Compare halls, farmhouses & party plots near Sardarnagar. Get instant leads & free quotes on VenueConnect.","Best Engagement Venues in Sardarnagar, Bhavnagar",engagement venues in Sardarnagar Bhavnagar,"engagement venue Sardarnagar, engagement hall near Sardarnagar Bhavnagar, engagement venue near Sardarnagar",Transactional (Hyper-local),High
Event + City Area,"Corporate Event Venues in Sardarnagar, Bhavnagar | VenueConnect",/bhavnagar/sardarnagar/corporate-event-venues/,"Best Corporate Event Venues in Sardarnagar, Bhavnagar | Book Near You - VenueConnect","Find the perfect corporate event venue in Sardarnagar, Bhavnagar. Compare halls, farmhouses & party plots near Sardarnagar. Get instant leads & free quotes on VenueConnect.","Best Corporate Event Venues in Sardarnagar, Bhavnagar",corporate event venues in Sardarnagar Bhavnagar,"corporate event venue Sardarnagar, corporate event hall near Sardarnagar Bhavnagar, corporate event venue near Sardarnagar",Transactional (Hyper-local),High
Event + City Area,"Reception Venues in Sardarnagar, Bhavnagar | VenueConnect",/bhavnagar/sardarnagar/reception-venues/,"Best Reception Venues in Sardarnagar, Bhavnagar | Book Near You - VenueConnect","Find the perfect reception venue in Sardarnagar, Bhavnagar. Compare halls, farmhouses & party plots near Sardarnagar. Get instant leads & free quotes on VenueConnect.","Best Reception Venues in Sardarnagar, Bhavnagar",reception venues in Sardarnagar Bhavnagar,"reception venue Sardarnagar, reception hall near Sardarnagar Bhavnagar, reception venue near Sardarnagar",Transactional (Hyper-local),High
Event + City Area,"Wedding Venues in Shastri Nagar, Bhavnagar | VenueConnect",/bhavnagar/shastri-nagar/wedding-venues/,"Best Wedding Venues in Shastri Nagar, Bhavnagar | Book Near You - VenueConnect","Find the perfect wedding venue in Shastri Nagar, Bhavnagar. Compare halls, farmhouses & party plots near Shastri Nagar. Get instant leads & free quotes on VenueConnect.","Best Wedding Venues in Shastri Nagar, Bhavnagar",wedding venues in Shastri Nagar Bhavnagar,"wedding venue Shastri Nagar, wedding hall near Shastri Nagar Bhavnagar, wedding venue near Shastri Nagar",Transactional (Hyper-local),High
Event + City Area,"Birthday Party Venues in Shastri Nagar, Bhavnagar | VenueConnect",/bhavnagar/shastri-nagar/birthday-party-venues/,"Best Birthday Party Venues in Shastri Nagar, Bhavnagar | Book Near You - VenueConnect","Find the perfect birthday party venue in Shastri Nagar, Bhavnagar. Compare halls, farmhouses & party plots near Shastri Nagar. Get instant leads & free quotes on VenueConnect.","Best Birthday Party Venues in Shastri Nagar, Bhavnagar",birthday party venues in Shastri Nagar Bhavnagar,"birthday party venue Shastri Nagar, birthday party hall near Shastri Nagar Bhavnagar, birthday party venue near Shastri Nagar",Transactional (Hyper-local),High
Event + City Area,"Engagement Venues in Shastri Nagar, Bhavnagar | VenueConnect",/bhavnagar/shastri-nagar/engagement-venues/,"Best Engagement Venues in Shastri Nagar, Bhavnagar | Book Near You - VenueConnect","Find the perfect engagement venue in Shastri Nagar, Bhavnagar. Compare halls, farmhouses & party plots near Shastri Nagar. Get instant leads & free quotes on VenueConnect.","Best Engagement Venues in Shastri Nagar, Bhavnagar",engagement venues in Shastri Nagar Bhavnagar,"engagement venue Shastri Nagar, engagement hall near Shastri Nagar Bhavnagar, engagement venue near Shastri Nagar",Transactional (Hyper-local),High
Event + City Area,"Corporate Event Venues in Shastri Nagar, Bhavnagar | VenueConnect",/bhavnagar/shastri-nagar/corporate-event-venues/,"Best Corporate Event Venues in Shastri Nagar, Bhavnagar | Book Near You - VenueConnect","Find the perfect corporate event venue in Shastri Nagar, Bhavnagar. Compare halls, farmhouses & party plots near Shastri Nagar. Get instant leads & free quotes on VenueConnect.","Best Corporate Event Venues in Shastri Nagar, Bhavnagar",corporate event venues in Shastri Nagar Bhavnagar,"corporate event venue Shastri Nagar, corporate event hall near Shastri Nagar Bhavnagar, corporate event venue near Shastri Nagar",Transactional (Hyper-local),High
Event + City Area,"Reception Venues in Shastri Nagar, Bhavnagar | VenueConnect",/bhavnagar/shastri-nagar/reception-venues/,"Best Reception Venues in Shastri Nagar, Bhavnagar | Book Near You - VenueConnect","Find the perfect reception venue in Shastri Nagar, Bhavnagar. Compare halls, farmhouses & party plots near Shastri Nagar. Get instant leads & free quotes on VenueConnect.","Best Reception Venues in Shastri Nagar, Bhavnagar",reception venues in Shastri Nagar Bhavnagar,"reception venue Shastri Nagar, reception hall near Shastri Nagar Bhavnagar, reception venue near Shastri Nagar",Transactional (Hyper-local),High
Event + City Area,"Wedding Venues in Subhash Nagar, Bhavnagar | VenueConnect",/bhavnagar/subhash-nagar/wedding-venues/,"Best Wedding Venues in Subhash Nagar, Bhavnagar | Book Near You - VenueConnect","Find the perfect wedding venue in Subhash Nagar, Bhavnagar. Compare halls, farmhouses & party plots near Subhash Nagar. Get instant leads & free quotes on VenueConnect.","Best Wedding Venues in Subhash Nagar, Bhavnagar",wedding venues in Subhash Nagar Bhavnagar,"wedding venue Subhash Nagar, wedding hall near Subhash Nagar Bhavnagar, wedding venue near Subhash Nagar",Transactional (Hyper-local),High
Event + City Area,"Birthday Party Venues in Subhash Nagar, Bhavnagar | VenueConnect",/bhavnagar/subhash-nagar/birthday-party-venues/,"Best Birthday Party Venues in Subhash Nagar, Bhavnagar | Book Near You - VenueConnect","Find the perfect birthday party venue in Subhash Nagar, Bhavnagar. Compare halls, farmhouses & party plots near Subhash Nagar. Get instant leads & free quotes on VenueConnect.","Best Birthday Party Venues in Subhash Nagar, Bhavnagar",birthday party venues in Subhash Nagar Bhavnagar,"birthday party venue Subhash Nagar, birthday party hall near Subhash Nagar Bhavnagar, birthday party venue near Subhash Nagar",Transactional (Hyper-local),High
Event + City Area,"Engagement Venues in Subhash Nagar, Bhavnagar | VenueConnect",/bhavnagar/subhash-nagar/engagement-venues/,"Best Engagement Venues in Subhash Nagar, Bhavnagar | Book Near You - VenueConnect","Find the perfect engagement venue in Subhash Nagar, Bhavnagar. Compare halls, farmhouses & party plots near Subhash Nagar. Get instant leads & free quotes on VenueConnect.","Best Engagement Venues in Subhash Nagar, Bhavnagar",engagement venues in Subhash Nagar Bhavnagar,"engagement venue Subhash Nagar, engagement hall near Subhash Nagar Bhavnagar, engagement venue near Subhash Nagar",Transactional (Hyper-local),High
Event + City Area,"Corporate Event Venues in Subhash Nagar, Bhavnagar | VenueConnect",/bhavnagar/subhash-nagar/corporate-event-venues/,"Best Corporate Event Venues in Subhash Nagar, Bhavnagar | Book Near You - VenueConnect","Find the perfect corporate event venue in Subhash Nagar, Bhavnagar. Compare halls, farmhouses & party plots near Subhash Nagar. Get instant leads & free quotes on VenueConnect.","Best Corporate Event Venues in Subhash Nagar, Bhavnagar",corporate event venues in Subhash Nagar Bhavnagar,"corporate event venue Subhash Nagar, corporate event hall near Subhash Nagar Bhavnagar, corporate event venue near Subhash Nagar",Transactional (Hyper-local),High
Event + City Area,"Reception Venues in Subhash Nagar, Bhavnagar | VenueConnect",/bhavnagar/subhash-nagar/reception-venues/,"Best Reception Venues in Subhash Nagar, Bhavnagar | Book Near You - VenueConnect","Find the perfect reception venue in Subhash Nagar, Bhavnagar. Compare halls, farmhouses & party plots near Subhash Nagar. Get instant leads & free quotes on VenueConnect.","Best Reception Venues in Subhash Nagar, Bhavnagar",reception venues in Subhash Nagar Bhavnagar,"reception venue Subhash Nagar, reception hall near Subhash Nagar Bhavnagar, reception venue near Subhash Nagar",Transactional (Hyper-local),High
Event + City Area,"Wedding Venues in Barton Library, Bhavnagar | VenueConnect",/bhavnagar/barton-library/wedding-venues/,"Best Wedding Venues in Barton Library, Bhavnagar | Book Near You - VenueConnect","Find the perfect wedding venue in Barton Library, Bhavnagar. Compare halls, farmhouses & party plots near Barton Library. Get instant leads & free quotes on VenueConnect.","Best Wedding Venues in Barton Library, Bhavnagar",wedding venues in Barton Library Bhavnagar,"wedding venue Barton Library, wedding hall near Barton Library Bhavnagar, wedding venue near Barton Library",Transactional (Hyper-local),High
Event + City Area,"Birthday Party Venues in Barton Library, Bhavnagar | VenueConnect",/bhavnagar/barton-library/birthday-party-venues/,"Best Birthday Party Venues in Barton Library, Bhavnagar | Book Near You - VenueConnect","Find the perfect birthday party venue in Barton Library, Bhavnagar. Compare halls, farmhouses & party plots near Barton Library. Get instant leads & free quotes on VenueConnect.","Best Birthday Party Venues in Barton Library, Bhavnagar",birthday party venues in Barton Library Bhavnagar,"birthday party venue Barton Library, birthday party hall near Barton Library Bhavnagar, birthday party venue near Barton Library",Transactional (Hyper-local),High
Event + City Area,"Engagement Venues in Barton Library, Bhavnagar | VenueConnect",/bhavnagar/barton-library/engagement-venues/,"Best Engagement Venues in Barton Library, Bhavnagar | Book Near You - VenueConnect","Find the perfect engagement venue in Barton Library, Bhavnagar. Compare halls, farmhouses & party plots near Barton Library. Get instant leads & free quotes on VenueConnect.","Best Engagement Venues in Barton Library, Bhavnagar",engagement venues in Barton Library Bhavnagar,"engagement venue Barton Library, engagement hall near Barton Library Bhavnagar, engagement venue near Barton Library",Transactional (Hyper-local),High
Event + City Area,"Corporate Event Venues in Barton Library, Bhavnagar | VenueConnect",/bhavnagar/barton-library/corporate-event-venues/,"Best Corporate Event Venues in Barton Library, Bhavnagar | Book Near You - VenueConnect","Find the perfect corporate event venue in Barton Library, Bhavnagar. Compare halls, farmhouses & party plots near Barton Library. Get instant leads & free quotes on VenueConnect.","Best Corporate Event Venues in Barton Library, Bhavnagar",corporate event venues in Barton Library Bhavnagar,"corporate event venue Barton Library, corporate event hall near Barton Library Bhavnagar, corporate event venue near Barton Library",Transactional (Hyper-local),High
Event + City Area,"Reception Venues in Barton Library, Bhavnagar | VenueConnect",/bhavnagar/barton-library/reception-venues/,"Best Reception Venues in Barton Library, Bhavnagar | Book Near You - VenueConnect","Find the perfect reception venue in Barton Library, Bhavnagar. Compare halls, farmhouses & party plots near Barton Library. Get instant leads & free quotes on VenueConnect.","Best Reception Venues in Barton Library, Bhavnagar",reception venues in Barton Library Bhavnagar,"reception venue Barton Library, reception hall near Barton Library Bhavnagar, reception venue near Barton Library",Transactional (Hyper-local),High
Event + City Area,"Wedding Venues in Bhavnagar Airport Road, Bhavnagar | VenueConnect",/bhavnagar/bhavnagar-airport-road/wedding-venues/,"Best Wedding Venues in Bhavnagar Airport Road, Bhavnagar | Book Near You - VenueConnect","Find the perfect wedding venue in Bhavnagar Airport Road, Bhavnagar. Compare halls, farmhouses & party plots near Bhavnagar Airport Road. Get instant leads & free quotes on VenueConnect.","Best Wedding Venues in Bhavnagar Airport Road, Bhavnagar",wedding venues in Bhavnagar Airport Road Bhavnagar,"wedding venue Bhavnagar Airport Road, wedding hall near Bhavnagar Airport Road Bhavnagar, wedding venue near Bhavnagar Airport Road",Transactional (Hyper-local),High
Event + City Area,"Birthday Party Venues in Bhavnagar Airport Road, Bhavnagar | VenueConnect",/bhavnagar/bhavnagar-airport-road/birthday-party-venues/,"Best Birthday Party Venues in Bhavnagar Airport Road, Bhavnagar | Book Near You - VenueConnect","Find the perfect birthday party venue in Bhavnagar Airport Road, Bhavnagar. Compare halls, farmhouses & party plots near Bhavnagar Airport Road. Get instant leads & free quotes on VenueConnect.","Best Birthday Party Venues in Bhavnagar Airport Road, Bhavnagar",birthday party venues in Bhavnagar Airport Road Bhavnagar,"birthday party venue Bhavnagar Airport Road, birthday party hall near Bhavnagar Airport Road Bhavnagar, birthday party venue near Bhavnagar Airport Road",Transactional (Hyper-local),High
Event + City Area,"Engagement Venues in Bhavnagar Airport Road, Bhavnagar | VenueConnect",/bhavnagar/bhavnagar-airport-road/engagement-venues/,"Best Engagement Venues in Bhavnagar Airport Road, Bhavnagar | Book Near You - VenueConnect","Find the perfect engagement venue in Bhavnagar Airport Road, Bhavnagar. Compare halls, farmhouses & party plots near Bhavnagar Airport Road. Get instant leads & free quotes on VenueConnect.","Best Engagement Venues in Bhavnagar Airport Road, Bhavnagar",engagement venues in Bhavnagar Airport Road Bhavnagar,"engagement venue Bhavnagar Airport Road, engagement hall near Bhavnagar Airport Road Bhavnagar, engagement venue near Bhavnagar Airport Road",Transactional (Hyper-local),High
Event + City Area,"Corporate Event Venues in Bhavnagar Airport Road, Bhavnagar | VenueConnect",/bhavnagar/bhavnagar-airport-road/corporate-event-venues/,"Best Corporate Event Venues in Bhavnagar Airport Road, Bhavnagar | Book Near You - VenueConnect","Find the perfect corporate event venue in Bhavnagar Airport Road, Bhavnagar. Compare halls, farmhouses & party plots near Bhavnagar Airport Road. Get instant leads & free quotes on VenueConnect.","Best Corporate Event Venues in Bhavnagar Airport Road, Bhavnagar",corporate event venues in Bhavnagar Airport Road Bhavnagar,"corporate event venue Bhavnagar Airport Road, corporate event hall near Bhavnagar Airport Road Bhavnagar, corporate event venue near Bhavnagar Airport Road",Transactional (Hyper-local),High
Event + City Area,"Reception Venues in Bhavnagar Airport Road, Bhavnagar | VenueConnect",/bhavnagar/bhavnagar-airport-road/reception-venues/,"Best Reception Venues in Bhavnagar Airport Road, Bhavnagar | Book Near You - VenueConnect","Find the perfect reception venue in Bhavnagar Airport Road, Bhavnagar. Compare halls, farmhouses & party plots near Bhavnagar Airport Road. Get instant leads & free quotes on VenueConnect.","Best Reception Venues in Bhavnagar Airport Road, Bhavnagar",reception venues in Bhavnagar Airport Road Bhavnagar,"reception venue Bhavnagar Airport Road, reception hall near Bhavnagar Airport Road Bhavnagar, reception venue near Bhavnagar Airport Road",Transactional (Hyper-local),High
Event + City Area,"Wedding Venues in Bhavnagar Port, Bhavnagar | VenueConnect",/bhavnagar/bhavnagar-port/wedding-venues/,"Best Wedding Venues in Bhavnagar Port, Bhavnagar | Book Near You - VenueConnect","Find the perfect wedding venue in Bhavnagar Port, Bhavnagar. Compare halls, farmhouses & party plots near Bhavnagar Port. Get instant leads & free quotes on VenueConnect.","Best Wedding Venues in Bhavnagar Port, Bhavnagar",wedding venues in Bhavnagar Port Bhavnagar,"wedding venue Bhavnagar Port, wedding hall near Bhavnagar Port Bhavnagar, wedding venue near Bhavnagar Port",Transactional (Hyper-local),High
Event + City Area,"Birthday Party Venues in Bhavnagar Port, Bhavnagar | VenueConnect",/bhavnagar/bhavnagar-port/birthday-party-venues/,"Best Birthday Party Venues in Bhavnagar Port, Bhavnagar | Book Near You - VenueConnect","Find the perfect birthday party venue in Bhavnagar Port, Bhavnagar. Compare halls, farmhouses & party plots near Bhavnagar Port. Get instant leads & free quotes on VenueConnect.","Best Birthday Party Venues in Bhavnagar Port, Bhavnagar",birthday party venues in Bhavnagar Port Bhavnagar,"birthday party venue Bhavnagar Port, birthday party hall near Bhavnagar Port Bhavnagar, birthday party venue near Bhavnagar Port",Transactional (Hyper-local),High
Event + City Area,"Engagement Venues in Bhavnagar Port, Bhavnagar | VenueConnect",/bhavnagar/bhavnagar-port/engagement-venues/,"Best Engagement Venues in Bhavnagar Port, Bhavnagar | Book Near You - VenueConnect","Find the perfect engagement venue in Bhavnagar Port, Bhavnagar. Compare halls, farmhouses & party plots near Bhavnagar Port. Get instant leads & free quotes on VenueConnect.","Best Engagement Venues in Bhavnagar Port, Bhavnagar",engagement venues in Bhavnagar Port Bhavnagar,"engagement venue Bhavnagar Port, engagement hall near Bhavnagar Port Bhavnagar, engagement venue near Bhavnagar Port",Transactional (Hyper-local),High
Event + City Area,"Corporate Event Venues in Bhavnagar Port, Bhavnagar | VenueConnect",/bhavnagar/bhavnagar-port/corporate-event-venues/,"Best Corporate Event Venues in Bhavnagar Port, Bhavnagar | Book Near You - VenueConnect","Find the perfect corporate event venue in Bhavnagar Port, Bhavnagar. Compare halls, farmhouses & party plots near Bhavnagar Port. Get instant leads & free quotes on VenueConnect.","Best Corporate Event Venues in Bhavnagar Port, Bhavnagar",corporate event venues in Bhavnagar Port Bhavnagar,"corporate event venue Bhavnagar Port, corporate event hall near Bhavnagar Port Bhavnagar, corporate event venue near Bhavnagar Port",Transactional (Hyper-local),High
Event + City Area,"Reception Venues in Bhavnagar Port, Bhavnagar | VenueConnect",/bhavnagar/bhavnagar-port/reception-venues/,"Best Reception Venues in Bhavnagar Port, Bhavnagar | Book Near You - VenueConnect","Find the perfect reception venue in Bhavnagar Port, Bhavnagar. Compare halls, farmhouses & party plots near Bhavnagar Port. Get instant leads & free quotes on VenueConnect.","Best Reception Venues in Bhavnagar Port, Bhavnagar",reception venues in Bhavnagar Port Bhavnagar,"reception venue Bhavnagar Port, reception hall near Bhavnagar Port Bhavnagar, reception venue near Bhavnagar Port",Transactional (Hyper-local),High
Event + City Area,"Wedding Venues in College Road, Bhavnagar | VenueConnect",/bhavnagar/college-road/wedding-venues/,"Best Wedding Venues in College Road, Bhavnagar | Book Near You - VenueConnect","Find the perfect wedding venue in College Road, Bhavnagar. Compare halls, farmhouses & party plots near College Road. Get instant leads & free quotes on VenueConnect.","Best Wedding Venues in College Road, Bhavnagar",wedding venues in College Road Bhavnagar,"wedding venue College Road, wedding hall near College Road Bhavnagar, wedding venue near College Road",Transactional (Hyper-local),High
Event + City Area,"Birthday Party Venues in College Road, Bhavnagar | VenueConnect",/bhavnagar/college-road/birthday-party-venues/,"Best Birthday Party Venues in College Road, Bhavnagar | Book Near You - VenueConnect","Find the perfect birthday party venue in College Road, Bhavnagar. Compare halls, farmhouses & party plots near College Road. Get instant leads & free quotes on VenueConnect.","Best Birthday Party Venues in College Road, Bhavnagar",birthday party venues in College Road Bhavnagar,"birthday party venue College Road, birthday party hall near College Road Bhavnagar, birthday party venue near College Road",Transactional (Hyper-local),High
Event + City Area,"Engagement Venues in College Road, Bhavnagar | VenueConnect",/bhavnagar/college-road/engagement-venues/,"Best Engagement Venues in College Road, Bhavnagar | Book Near You - VenueConnect","Find the perfect engagement venue in College Road, Bhavnagar. Compare halls, farmhouses & party plots near College Road. Get instant leads & free quotes on VenueConnect.","Best Engagement Venues in College Road, Bhavnagar",engagement venues in College Road Bhavnagar,"engagement venue College Road, engagement hall near College Road Bhavnagar, engagement venue near College Road",Transactional (Hyper-local),High
Event + City Area,"Corporate Event Venues in College Road, Bhavnagar | VenueConnect",/bhavnagar/college-road/corporate-event-venues/,"Best Corporate Event Venues in College Road, Bhavnagar | Book Near You - VenueConnect","Find the perfect corporate event venue in College Road, Bhavnagar. Compare halls, farmhouses & party plots near College Road. Get instant leads & free quotes on VenueConnect.","Best Corporate Event Venues in College Road, Bhavnagar",corporate event venues in College Road Bhavnagar,"corporate event venue College Road, corporate event hall near College Road Bhavnagar, corporate event venue near College Road",Transactional (Hyper-local),High
Event + City Area,"Reception Venues in College Road, Bhavnagar | VenueConnect",/bhavnagar/college-road/reception-venues/,"Best Reception Venues in College Road, Bhavnagar | Book Near You - VenueConnect","Find the perfect reception venue in College Road, Bhavnagar. Compare halls, farmhouses & party plots near College Road. Get instant leads & free quotes on VenueConnect.","Best Reception Venues in College Road, Bhavnagar",reception venues in College Road Bhavnagar,"reception venue College Road, reception hall near College Road Bhavnagar, reception venue near College Road",Transactional (Hyper-local),High
Event + City Area,"Wedding Venues in Darbargadh, Bhavnagar | VenueConnect",/bhavnagar/darbargadh/wedding-venues/,"Best Wedding Venues in Darbargadh, Bhavnagar | Book Near You - VenueConnect","Find the perfect wedding venue in Darbargadh, Bhavnagar. Compare halls, farmhouses & party plots near Darbargadh. Get instant leads & free quotes on VenueConnect.","Best Wedding Venues in Darbargadh, Bhavnagar",wedding venues in Darbargadh Bhavnagar,"wedding venue Darbargadh, wedding hall near Darbargadh Bhavnagar, wedding venue near Darbargadh",Transactional (Hyper-local),High
Event + City Area,"Birthday Party Venues in Darbargadh, Bhavnagar | VenueConnect",/bhavnagar/darbargadh/birthday-party-venues/,"Best Birthday Party Venues in Darbargadh, Bhavnagar | Book Near You - VenueConnect","Find the perfect birthday party venue in Darbargadh, Bhavnagar. Compare halls, farmhouses & party plots near Darbargadh. Get instant leads & free quotes on VenueConnect.","Best Birthday Party Venues in Darbargadh, Bhavnagar",birthday party venues in Darbargadh Bhavnagar,"birthday party venue Darbargadh, birthday party hall near Darbargadh Bhavnagar, birthday party venue near Darbargadh",Transactional (Hyper-local),High
Event + City Area,"Engagement Venues in Darbargadh, Bhavnagar | VenueConnect",/bhavnagar/darbargadh/engagement-venues/,"Best Engagement Venues in Darbargadh, Bhavnagar | Book Near You - VenueConnect","Find the perfect engagement venue in Darbargadh, Bhavnagar. Compare halls, farmhouses & party plots near Darbargadh. Get instant leads & free quotes on VenueConnect.","Best Engagement Venues in Darbargadh, Bhavnagar",engagement venues in Darbargadh Bhavnagar,"engagement venue Darbargadh, engagement hall near Darbargadh Bhavnagar, engagement venue near Darbargadh",Transactional (Hyper-local),High
Event + City Area,"Corporate Event Venues in Darbargadh, Bhavnagar | VenueConnect",/bhavnagar/darbargadh/corporate-event-venues/,"Best Corporate Event Venues in Darbargadh, Bhavnagar | Book Near You - VenueConnect","Find the perfect corporate event venue in Darbargadh, Bhavnagar. Compare halls, farmhouses & party plots near Darbargadh. Get instant leads & free quotes on VenueConnect.","Best Corporate Event Venues in Darbargadh, Bhavnagar",corporate event venues in Darbargadh Bhavnagar,"corporate event venue Darbargadh, corporate event hall near Darbargadh Bhavnagar, corporate event venue near Darbargadh",Transactional (Hyper-local),High
Event + City Area,"Reception Venues in Darbargadh, Bhavnagar | VenueConnect",/bhavnagar/darbargadh/reception-venues/,"Best Reception Venues in Darbargadh, Bhavnagar | Book Near You - VenueConnect","Find the perfect reception venue in Darbargadh, Bhavnagar. Compare halls, farmhouses & party plots near Darbargadh. Get instant leads & free quotes on VenueConnect.","Best Reception Venues in Darbargadh, Bhavnagar",reception venues in Darbargadh Bhavnagar,"reception venue Darbargadh, reception hall near Darbargadh Bhavnagar, reception venue near Darbargadh",Transactional (Hyper-local),High
Event + City Area,"Wedding Venues in Ghogha Circle, Bhavnagar | VenueConnect",/bhavnagar/ghogha-circle/wedding-venues/,"Best Wedding Venues in Ghogha Circle, Bhavnagar | Book Near You - VenueConnect","Find the perfect wedding venue in Ghogha Circle, Bhavnagar. Compare halls, farmhouses & party plots near Ghogha Circle. Get instant leads & free quotes on VenueConnect.","Best Wedding Venues in Ghogha Circle, Bhavnagar",wedding venues in Ghogha Circle Bhavnagar,"wedding venue Ghogha Circle, wedding hall near Ghogha Circle Bhavnagar, wedding venue near Ghogha Circle",Transactional (Hyper-local),High
Event + City Area,"Birthday Party Venues in Ghogha Circle, Bhavnagar | VenueConnect",/bhavnagar/ghogha-circle/birthday-party-venues/,"Best Birthday Party Venues in Ghogha Circle, Bhavnagar | Book Near You - VenueConnect","Find the perfect birthday party venue in Ghogha Circle, Bhavnagar. Compare halls, farmhouses & party plots near Ghogha Circle. Get instant leads & free quotes on VenueConnect.","Best Birthday Party Venues in Ghogha Circle, Bhavnagar",birthday party venues in Ghogha Circle Bhavnagar,"birthday party venue Ghogha Circle, birthday party hall near Ghogha Circle Bhavnagar, birthday party venue near Ghogha Circle",Transactional (Hyper-local),High
Event + City Area,"Engagement Venues in Ghogha Circle, Bhavnagar | VenueConnect",/bhavnagar/ghogha-circle/engagement-venues/,"Best Engagement Venues in Ghogha Circle, Bhavnagar | Book Near You - VenueConnect","Find the perfect engagement venue in Ghogha Circle, Bhavnagar. Compare halls, farmhouses & party plots near Ghogha Circle. Get instant leads & free quotes on VenueConnect.","Best Engagement Venues in Ghogha Circle, Bhavnagar",engagement venues in Ghogha Circle Bhavnagar,"engagement venue Ghogha Circle, engagement hall near Ghogha Circle Bhavnagar, engagement venue near Ghogha Circle",Transactional (Hyper-local),High
Event + City Area,"Corporate Event Venues in Ghogha Circle, Bhavnagar | VenueConnect",/bhavnagar/ghogha-circle/corporate-event-venues/,"Best Corporate Event Venues in Ghogha Circle, Bhavnagar | Book Near You - VenueConnect","Find the perfect corporate event venue in Ghogha Circle, Bhavnagar. Compare halls, farmhouses & party plots near Ghogha Circle. Get instant leads & free quotes on VenueConnect.","Best Corporate Event Venues in Ghogha Circle, Bhavnagar",corporate event venues in Ghogha Circle Bhavnagar,"corporate event venue Ghogha Circle, corporate event hall near Ghogha Circle Bhavnagar, corporate event venue near Ghogha Circle",Transactional (Hyper-local),High
Event + City Area,"Reception Venues in Ghogha Circle, Bhavnagar | VenueConnect",/bhavnagar/ghogha-circle/reception-venues/,"Best Reception Venues in Ghogha Circle, Bhavnagar | Book Near You - VenueConnect","Find the perfect reception venue in Ghogha Circle, Bhavnagar. Compare halls, farmhouses & party plots near Ghogha Circle. Get instant leads & free quotes on VenueConnect.","Best Reception Venues in Ghogha Circle, Bhavnagar",reception venues in Ghogha Circle Bhavnagar,"reception venue Ghogha Circle, reception hall near Ghogha Circle Bhavnagar, reception venue near Ghogha Circle",Transactional (Hyper-local),High
Event + City Area,"Wedding Venues in Jail Road, Bhavnagar | VenueConnect",/bhavnagar/jail-road/wedding-venues/,"Best Wedding Venues in Jail Road, Bhavnagar | Book Near You - VenueConnect","Find the perfect wedding venue in Jail Road, Bhavnagar. Compare halls, farmhouses & party plots near Jail Road. Get instant leads & free quotes on VenueConnect.","Best Wedding Venues in Jail Road, Bhavnagar",wedding venues in Jail Road Bhavnagar,"wedding venue Jail Road, wedding hall near Jail Road Bhavnagar, wedding venue near Jail Road",Transactional (Hyper-local),High
Event + City Area,"Birthday Party Venues in Jail Road, Bhavnagar | VenueConnect",/bhavnagar/jail-road/birthday-party-venues/,"Best Birthday Party Venues in Jail Road, Bhavnagar | Book Near You - VenueConnect","Find the perfect birthday party venue in Jail Road, Bhavnagar. Compare halls, farmhouses & party plots near Jail Road. Get instant leads & free quotes on VenueConnect.","Best Birthday Party Venues in Jail Road, Bhavnagar",birthday party venues in Jail Road Bhavnagar,"birthday party venue Jail Road, birthday party hall near Jail Road Bhavnagar, birthday party venue near Jail Road",Transactional (Hyper-local),High
Event + City Area,"Engagement Venues in Jail Road, Bhavnagar | VenueConnect",/bhavnagar/jail-road/engagement-venues/,"Best Engagement Venues in Jail Road, Bhavnagar | Book Near You - VenueConnect","Find the perfect engagement venue in Jail Road, Bhavnagar. Compare halls, farmhouses & party plots near Jail Road. Get instant leads & free quotes on VenueConnect.","Best Engagement Venues in Jail Road, Bhavnagar",engagement venues in Jail Road Bhavnagar,"engagement venue Jail Road, engagement hall near Jail Road Bhavnagar, engagement venue near Jail Road",Transactional (Hyper-local),High
Event + City Area,"Corporate Event Venues in Jail Road, Bhavnagar | VenueConnect",/bhavnagar/jail-road/corporate-event-venues/,"Best Corporate Event Venues in Jail Road, Bhavnagar | Book Near You - VenueConnect","Find the perfect corporate event venue in Jail Road, Bhavnagar. Compare halls, farmhouses & party plots near Jail Road. Get instant leads & free quotes on VenueConnect.","Best Corporate Event Venues in Jail Road, Bhavnagar",corporate event venues in Jail Road Bhavnagar,"corporate event venue Jail Road, corporate event hall near Jail Road Bhavnagar, corporate event venue near Jail Road",Transactional (Hyper-local),High
Event + City Area,"Reception Venues in Jail Road, Bhavnagar | VenueConnect",/bhavnagar/jail-road/reception-venues/,"Best Reception Venues in Jail Road, Bhavnagar | Book Near You - VenueConnect","Find the perfect reception venue in Jail Road, Bhavnagar. Compare halls, farmhouses & party plots near Jail Road. Get instant leads & free quotes on VenueConnect.","Best Reception Venues in Jail Road, Bhavnagar",reception venues in Jail Road Bhavnagar,"reception venue Jail Road, reception hall near Jail Road Bhavnagar, reception venue near Jail Road",Transactional (Hyper-local),High
Event + City Area,"Wedding Venues in Khodiyar Nagar, Bhavnagar | VenueConnect",/bhavnagar/khodiyar-nagar/wedding-venues/,"Best Wedding Venues in Khodiyar Nagar, Bhavnagar | Book Near You - VenueConnect","Find the perfect wedding venue in Khodiyar Nagar, Bhavnagar. Compare halls, farmhouses & party plots near Khodiyar Nagar. Get instant leads & free quotes on VenueConnect.","Best Wedding Venues in Khodiyar Nagar, Bhavnagar",wedding venues in Khodiyar Nagar Bhavnagar,"wedding venue Khodiyar Nagar, wedding hall near Khodiyar Nagar Bhavnagar, wedding venue near Khodiyar Nagar",Transactional (Hyper-local),High
Event + City Area,"Birthday Party Venues in Khodiyar Nagar, Bhavnagar | VenueConnect",/bhavnagar/khodiyar-nagar/birthday-party-venues/,"Best Birthday Party Venues in Khodiyar Nagar, Bhavnagar | Book Near You - VenueConnect","Find the perfect birthday party venue in Khodiyar Nagar, Bhavnagar. Compare halls, farmhouses & party plots near Khodiyar Nagar. Get instant leads & free quotes on VenueConnect.","Best Birthday Party Venues in Khodiyar Nagar, Bhavnagar",birthday party venues in Khodiyar Nagar Bhavnagar,"birthday party venue Khodiyar Nagar, birthday party hall near Khodiyar Nagar Bhavnagar, birthday party venue near Khodiyar Nagar",Transactional (Hyper-local),High
Event + City Area,"Engagement Venues in Khodiyar Nagar, Bhavnagar | VenueConnect",/bhavnagar/khodiyar-nagar/engagement-venues/,"Best Engagement Venues in Khodiyar Nagar, Bhavnagar | Book Near You - VenueConnect","Find the perfect engagement venue in Khodiyar Nagar, Bhavnagar. Compare halls, farmhouses & party plots near Khodiyar Nagar. Get instant leads & free quotes on VenueConnect.","Best Engagement Venues in Khodiyar Nagar, Bhavnagar",engagement venues in Khodiyar Nagar Bhavnagar,"engagement venue Khodiyar Nagar, engagement hall near Khodiyar Nagar Bhavnagar, engagement venue near Khodiyar Nagar",Transactional (Hyper-local),High
Event + City Area,"Corporate Event Venues in Khodiyar Nagar, Bhavnagar | VenueConnect",/bhavnagar/khodiyar-nagar/corporate-event-venues/,"Best Corporate Event Venues in Khodiyar Nagar, Bhavnagar | Book Near You - VenueConnect","Find the perfect corporate event venue in Khodiyar Nagar, Bhavnagar. Compare halls, farmhouses & party plots near Khodiyar Nagar. Get instant leads & free quotes on VenueConnect.","Best Corporate Event Venues in Khodiyar Nagar, Bhavnagar",corporate event venues in Khodiyar Nagar Bhavnagar,"corporate event venue Khodiyar Nagar, corporate event hall near Khodiyar Nagar Bhavnagar, corporate event venue near Khodiyar Nagar",Transactional (Hyper-local),High
Event + City Area,"Reception Venues in Khodiyar Nagar, Bhavnagar | VenueConnect",/bhavnagar/khodiyar-nagar/reception-venues/,"Best Reception Venues in Khodiyar Nagar, Bhavnagar | Book Near You - VenueConnect","Find the perfect reception venue in Khodiyar Nagar, Bhavnagar. Compare halls, farmhouses & party plots near Khodiyar Nagar. Get instant leads & free quotes on VenueConnect.","Best Reception Venues in Khodiyar Nagar, Bhavnagar",reception venues in Khodiyar Nagar Bhavnagar,"reception venue Khodiyar Nagar, reception hall near Khodiyar Nagar Bhavnagar, reception venue near Khodiyar Nagar",Transactional (Hyper-local),High
Event + City Area,"Wedding Venues in Krishna Nagar, Bhavnagar | VenueConnect",/bhavnagar/krishna-nagar/wedding-venues/,"Best Wedding Venues in Krishna Nagar, Bhavnagar | Book Near You - VenueConnect","Find the perfect wedding venue in Krishna Nagar, Bhavnagar. Compare halls, farmhouses & party plots near Krishna Nagar. Get instant leads & free quotes on VenueConnect.","Best Wedding Venues in Krishna Nagar, Bhavnagar",wedding venues in Krishna Nagar Bhavnagar,"wedding venue Krishna Nagar, wedding hall near Krishna Nagar Bhavnagar, wedding venue near Krishna Nagar",Transactional (Hyper-local),High
Event + City Area,"Birthday Party Venues in Krishna Nagar, Bhavnagar | VenueConnect",/bhavnagar/krishna-nagar/birthday-party-venues/,"Best Birthday Party Venues in Krishna Nagar, Bhavnagar | Book Near You - VenueConnect","Find the perfect birthday party venue in Krishna Nagar, Bhavnagar. Compare halls, farmhouses & party plots near Krishna Nagar. Get instant leads & free quotes on VenueConnect.","Best Birthday Party Venues in Krishna Nagar, Bhavnagar",birthday party venues in Krishna Nagar Bhavnagar,"birthday party venue Krishna Nagar, birthday party hall near Krishna Nagar Bhavnagar, birthday party venue near Krishna Nagar",Transactional (Hyper-local),High
Event + City Area,"Engagement Venues in Krishna Nagar, Bhavnagar | VenueConnect",/bhavnagar/krishna-nagar/engagement-venues/,"Best Engagement Venues in Krishna Nagar, Bhavnagar | Book Near You - VenueConnect","Find the perfect engagement venue in Krishna Nagar, Bhavnagar. Compare halls, farmhouses & party plots near Krishna Nagar. Get instant leads & free quotes on VenueConnect.","Best Engagement Venues in Krishna Nagar, Bhavnagar",engagement venues in Krishna Nagar Bhavnagar,"engagement venue Krishna Nagar, engagement hall near Krishna Nagar Bhavnagar, engagement venue near Krishna Nagar",Transactional (Hyper-local),High
Event + City Area,"Corporate Event Venues in Krishna Nagar, Bhavnagar | VenueConnect",/bhavnagar/krishna-nagar/corporate-event-venues/,"Best Corporate Event Venues in Krishna Nagar, Bhavnagar | Book Near You - VenueConnect","Find the perfect corporate event venue in Krishna Nagar, Bhavnagar. Compare halls, farmhouses & party plots near Krishna Nagar. Get instant leads & free quotes on VenueConnect.","Best Corporate Event Venues in Krishna Nagar, Bhavnagar",corporate event venues in Krishna Nagar Bhavnagar,"corporate event venue Krishna Nagar, corporate event hall near Krishna Nagar Bhavnagar, corporate event venue near Krishna Nagar",Transactional (Hyper-local),High
Event + City Area,"Reception Venues in Krishna Nagar, Bhavnagar | VenueConnect",/bhavnagar/krishna-nagar/reception-venues/,"Best Reception Venues in Krishna Nagar, Bhavnagar | Book Near You - VenueConnect","Find the perfect reception venue in Krishna Nagar, Bhavnagar. Compare halls, farmhouses & party plots near Krishna Nagar. Get instant leads & free quotes on VenueConnect.","Best Reception Venues in Krishna Nagar, Bhavnagar",reception venues in Krishna Nagar Bhavnagar,"reception venue Krishna Nagar, reception hall near Krishna Nagar Bhavnagar, reception venue near Krishna Nagar",Transactional (Hyper-local),High
Event + City Area,"Wedding Venues in Lodhi Nagar, Bhavnagar | VenueConnect",/bhavnagar/lodhi-nagar/wedding-venues/,"Best Wedding Venues in Lodhi Nagar, Bhavnagar | Book Near You - VenueConnect","Find the perfect wedding venue in Lodhi Nagar, Bhavnagar. Compare halls, farmhouses & party plots near Lodhi Nagar. Get instant leads & free quotes on VenueConnect.","Best Wedding Venues in Lodhi Nagar, Bhavnagar",wedding venues in Lodhi Nagar Bhavnagar,"wedding venue Lodhi Nagar, wedding hall near Lodhi Nagar Bhavnagar, wedding venue near Lodhi Nagar",Transactional (Hyper-local),High
Event + City Area,"Birthday Party Venues in Lodhi Nagar, Bhavnagar | VenueConnect",/bhavnagar/lodhi-nagar/birthday-party-venues/,"Best Birthday Party Venues in Lodhi Nagar, Bhavnagar | Book Near You - VenueConnect","Find the perfect birthday party venue in Lodhi Nagar, Bhavnagar. Compare halls, farmhouses & party plots near Lodhi Nagar. Get instant leads & free quotes on VenueConnect.","Best Birthday Party Venues in Lodhi Nagar, Bhavnagar",birthday party venues in Lodhi Nagar Bhavnagar,"birthday party venue Lodhi Nagar, birthday party hall near Lodhi Nagar Bhavnagar, birthday party venue near Lodhi Nagar",Transactional (Hyper-local),High
Event + City Area,"Engagement Venues in Lodhi Nagar, Bhavnagar | VenueConnect",/bhavnagar/lodhi-nagar/engagement-venues/,"Best Engagement Venues in Lodhi Nagar, Bhavnagar | Book Near You - VenueConnect","Find the perfect engagement venue in Lodhi Nagar, Bhavnagar. Compare halls, farmhouses & party plots near Lodhi Nagar. Get instant leads & free quotes on VenueConnect.","Best Engagement Venues in Lodhi Nagar, Bhavnagar",engagement venues in Lodhi Nagar Bhavnagar,"engagement venue Lodhi Nagar, engagement hall near Lodhi Nagar Bhavnagar, engagement venue near Lodhi Nagar",Transactional (Hyper-local),High
Event + City Area,"Corporate Event Venues in Lodhi Nagar, Bhavnagar | VenueConnect",/bhavnagar/lodhi-nagar/corporate-event-venues/,"Best Corporate Event Venues in Lodhi Nagar, Bhavnagar | Book Near You - VenueConnect","Find the perfect corporate event venue in Lodhi Nagar, Bhavnagar. Compare halls, farmhouses & party plots near Lodhi Nagar. Get instant leads & free quotes on VenueConnect.","Best Corporate Event Venues in Lodhi Nagar, Bhavnagar",corporate event venues in Lodhi Nagar Bhavnagar,"corporate event venue Lodhi Nagar, corporate event hall near Lodhi Nagar Bhavnagar, corporate event venue near Lodhi Nagar",Transactional (Hyper-local),High
Event + City Area,"Reception Venues in Lodhi Nagar, Bhavnagar | VenueConnect",/bhavnagar/lodhi-nagar/reception-venues/,"Best Reception Venues in Lodhi Nagar, Bhavnagar | Book Near You - VenueConnect","Find the perfect reception venue in Lodhi Nagar, Bhavnagar. Compare halls, farmhouses & party plots near Lodhi Nagar. Get instant leads & free quotes on VenueConnect.","Best Reception Venues in Lodhi Nagar, Bhavnagar",reception venues in Lodhi Nagar Bhavnagar,"reception venue Lodhi Nagar, reception hall near Lodhi Nagar Bhavnagar, reception venue near Lodhi Nagar",Transactional (Hyper-local),High
Event + City Area,"Wedding Venues in Madhav Nagar, Bhavnagar | VenueConnect",/bhavnagar/madhav-nagar/wedding-venues/,"Best Wedding Venues in Madhav Nagar, Bhavnagar | Book Near You - VenueConnect","Find the perfect wedding venue in Madhav Nagar, Bhavnagar. Compare halls, farmhouses & party plots near Madhav Nagar. Get instant leads & free quotes on VenueConnect.","Best Wedding Venues in Madhav Nagar, Bhavnagar",wedding venues in Madhav Nagar Bhavnagar,"wedding venue Madhav Nagar, wedding hall near Madhav Nagar Bhavnagar, wedding venue near Madhav Nagar",Transactional (Hyper-local),High
Event + City Area,"Birthday Party Venues in Madhav Nagar, Bhavnagar | VenueConnect",/bhavnagar/madhav-nagar/birthday-party-venues/,"Best Birthday Party Venues in Madhav Nagar, Bhavnagar | Book Near You - VenueConnect","Find the perfect birthday party venue in Madhav Nagar, Bhavnagar. Compare halls, farmhouses & party plots near Madhav Nagar. Get instant leads & free quotes on VenueConnect.","Best Birthday Party Venues in Madhav Nagar, Bhavnagar",birthday party venues in Madhav Nagar Bhavnagar,"birthday party venue Madhav Nagar, birthday party hall near Madhav Nagar Bhavnagar, birthday party venue near Madhav Nagar",Transactional (Hyper-local),High
Event + City Area,"Engagement Venues in Madhav Nagar, Bhavnagar | VenueConnect",/bhavnagar/madhav-nagar/engagement-venues/,"Best Engagement Venues in Madhav Nagar, Bhavnagar | Book Near You - VenueConnect","Find the perfect engagement venue in Madhav Nagar, Bhavnagar. Compare halls, farmhouses & party plots near Madhav Nagar. Get instant leads & free quotes on VenueConnect.","Best Engagement Venues in Madhav Nagar, Bhavnagar",engagement venues in Madhav Nagar Bhavnagar,"engagement venue Madhav Nagar, engagement hall near Madhav Nagar Bhavnagar, engagement venue near Madhav Nagar",Transactional (Hyper-local),High
Event + City Area,"Corporate Event Venues in Madhav Nagar, Bhavnagar | VenueConnect",/bhavnagar/madhav-nagar/corporate-event-venues/,"Best Corporate Event Venues in Madhav Nagar, Bhavnagar | Book Near You - VenueConnect","Find the perfect corporate event venue in Madhav Nagar, Bhavnagar. Compare halls, farmhouses & party plots near Madhav Nagar. Get instant leads & free quotes on VenueConnect.","Best Corporate Event Venues in Madhav Nagar, Bhavnagar",corporate event venues in Madhav Nagar Bhavnagar,"corporate event venue Madhav Nagar, corporate event hall near Madhav Nagar Bhavnagar, corporate event venue near Madhav Nagar",Transactional (Hyper-local),High
Event + City Area,"Reception Venues in Madhav Nagar, Bhavnagar | VenueConnect",/bhavnagar/madhav-nagar/reception-venues/,"Best Reception Venues in Madhav Nagar, Bhavnagar | Book Near You - VenueConnect","Find the perfect reception venue in Madhav Nagar, Bhavnagar. Compare halls, farmhouses & party plots near Madhav Nagar. Get instant leads & free quotes on VenueConnect.","Best Reception Venues in Madhav Nagar, Bhavnagar",reception venues in Madhav Nagar Bhavnagar,"reception venue Madhav Nagar, reception hall near Madhav Nagar Bhavnagar, reception venue near Madhav Nagar",Transactional (Hyper-local),High
Event + City Area,"Wedding Venues in Mahuva Road, Bhavnagar | VenueConnect",/bhavnagar/mahuva-road/wedding-venues/,"Best Wedding Venues in Mahuva Road, Bhavnagar | Book Near You - VenueConnect","Find the perfect wedding venue in Mahuva Road, Bhavnagar. Compare halls, farmhouses & party plots near Mahuva Road. Get instant leads & free quotes on VenueConnect.","Best Wedding Venues in Mahuva Road, Bhavnagar",wedding venues in Mahuva Road Bhavnagar,"wedding venue Mahuva Road, wedding hall near Mahuva Road Bhavnagar, wedding venue near Mahuva Road",Transactional (Hyper-local),High
Event + City Area,"Birthday Party Venues in Mahuva Road, Bhavnagar | VenueConnect",/bhavnagar/mahuva-road/birthday-party-venues/,"Best Birthday Party Venues in Mahuva Road, Bhavnagar | Book Near You - VenueConnect","Find the perfect birthday party venue in Mahuva Road, Bhavnagar. Compare halls, farmhouses & party plots near Mahuva Road. Get instant leads & free quotes on VenueConnect.","Best Birthday Party Venues in Mahuva Road, Bhavnagar",birthday party venues in Mahuva Road Bhavnagar,"birthday party venue Mahuva Road, birthday party hall near Mahuva Road Bhavnagar, birthday party venue near Mahuva Road",Transactional (Hyper-local),High
Event + City Area,"Engagement Venues in Mahuva Road, Bhavnagar | VenueConnect",/bhavnagar/mahuva-road/engagement-venues/,"Best Engagement Venues in Mahuva Road, Bhavnagar | Book Near You - VenueConnect","Find the perfect engagement venue in Mahuva Road, Bhavnagar. Compare halls, farmhouses & party plots near Mahuva Road. Get instant leads & free quotes on VenueConnect.","Best Engagement Venues in Mahuva Road, Bhavnagar",engagement venues in Mahuva Road Bhavnagar,"engagement venue Mahuva Road, engagement hall near Mahuva Road Bhavnagar, engagement venue near Mahuva Road",Transactional (Hyper-local),High
Event + City Area,"Corporate Event Venues in Mahuva Road, Bhavnagar | VenueConnect",/bhavnagar/mahuva-road/corporate-event-venues/,"Best Corporate Event Venues in Mahuva Road, Bhavnagar | Book Near You - VenueConnect","Find the perfect corporate event venue in Mahuva Road, Bhavnagar. Compare halls, farmhouses & party plots near Mahuva Road. Get instant leads & free quotes on VenueConnect.","Best Corporate Event Venues in Mahuva Road, Bhavnagar",corporate event venues in Mahuva Road Bhavnagar,"corporate event venue Mahuva Road, corporate event hall near Mahuva Road Bhavnagar, corporate event venue near Mahuva Road",Transactional (Hyper-local),High
Event + City Area,"Reception Venues in Mahuva Road, Bhavnagar | VenueConnect",/bhavnagar/mahuva-road/reception-venues/,"Best Reception Venues in Mahuva Road, Bhavnagar | Book Near You - VenueConnect","Find the perfect reception venue in Mahuva Road, Bhavnagar. Compare halls, farmhouses & party plots near Mahuva Road. Get instant leads & free quotes on VenueConnect.","Best Reception Venues in Mahuva Road, Bhavnagar",reception venues in Mahuva Road Bhavnagar,"reception venue Mahuva Road, reception hall near Mahuva Road Bhavnagar, reception venue near Mahuva Road",Transactional (Hyper-local),High
Event + City Area,"Wedding Venues in Nari Road, Bhavnagar | VenueConnect",/bhavnagar/nari-road/wedding-venues/,"Best Wedding Venues in Nari Road, Bhavnagar | Book Near You - VenueConnect","Find the perfect wedding venue in Nari Road, Bhavnagar. Compare halls, farmhouses & party plots near Nari Road. Get instant leads & free quotes on VenueConnect.","Best Wedding Venues in Nari Road, Bhavnagar",wedding venues in Nari Road Bhavnagar,"wedding venue Nari Road, wedding hall near Nari Road Bhavnagar, wedding venue near Nari Road",Transactional (Hyper-local),High
Event + City Area,"Birthday Party Venues in Nari Road, Bhavnagar | VenueConnect",/bhavnagar/nari-road/birthday-party-venues/,"Best Birthday Party Venues in Nari Road, Bhavnagar | Book Near You - VenueConnect","Find the perfect birthday party venue in Nari Road, Bhavnagar. Compare halls, farmhouses & party plots near Nari Road. Get instant leads & free quotes on VenueConnect.","Best Birthday Party Venues in Nari Road, Bhavnagar",birthday party venues in Nari Road Bhavnagar,"birthday party venue Nari Road, birthday party hall near Nari Road Bhavnagar, birthday party venue near Nari Road",Transactional (Hyper-local),High
Event + City Area,"Engagement Venues in Nari Road, Bhavnagar | VenueConnect",/bhavnagar/nari-road/engagement-venues/,"Best Engagement Venues in Nari Road, Bhavnagar | Book Near You - VenueConnect","Find the perfect engagement venue in Nari Road, Bhavnagar. Compare halls, farmhouses & party plots near Nari Road. Get instant leads & free quotes on VenueConnect.","Best Engagement Venues in Nari Road, Bhavnagar",engagement venues in Nari Road Bhavnagar,"engagement venue Nari Road, engagement hall near Nari Road Bhavnagar, engagement venue near Nari Road",Transactional (Hyper-local),High
Event + City Area,"Corporate Event Venues in Nari Road, Bhavnagar | VenueConnect",/bhavnagar/nari-road/corporate-event-venues/,"Best Corporate Event Venues in Nari Road, Bhavnagar | Book Near You - VenueConnect","Find the perfect corporate event venue in Nari Road, Bhavnagar. Compare halls, farmhouses & party plots near Nari Road. Get instant leads & free quotes on VenueConnect.","Best Corporate Event Venues in Nari Road, Bhavnagar",corporate event venues in Nari Road Bhavnagar,"corporate event venue Nari Road, corporate event hall near Nari Road Bhavnagar, corporate event venue near Nari Road",Transactional (Hyper-local),High
Event + City Area,"Reception Venues in Nari Road, Bhavnagar | VenueConnect",/bhavnagar/nari-road/reception-venues/,"Best Reception Venues in Nari Road, Bhavnagar | Book Near You - VenueConnect","Find the perfect reception venue in Nari Road, Bhavnagar. Compare halls, farmhouses & party plots near Nari Road. Get instant leads & free quotes on VenueConnect.","Best Reception Venues in Nari Road, Bhavnagar",reception venues in Nari Road Bhavnagar,"reception venue Nari Road, reception hall near Nari Road Bhavnagar, reception venue near Nari Road",Transactional (Hyper-local),High
Event + City Area,"Wedding Venues in Old National Highway, Bhavnagar | VenueConnect",/bhavnagar/old-national-highway/wedding-venues/,"Best Wedding Venues in Old National Highway, Bhavnagar | Book Near You - VenueConnect","Find the perfect wedding venue in Old National Highway, Bhavnagar. Compare halls, farmhouses & party plots near Old National Highway. Get instant leads & free quotes on VenueConnect.","Best Wedding Venues in Old National Highway, Bhavnagar",wedding venues in Old National Highway Bhavnagar,"wedding venue Old National Highway, wedding hall near Old National Highway Bhavnagar, wedding venue near Old National Highway",Transactional (Hyper-local),High
Event + City Area,"Birthday Party Venues in Old National Highway, Bhavnagar | VenueConnect",/bhavnagar/old-national-highway/birthday-party-venues/,"Best Birthday Party Venues in Old National Highway, Bhavnagar | Book Near You - VenueConnect","Find the perfect birthday party venue in Old National Highway, Bhavnagar. Compare halls, farmhouses & party plots near Old National Highway. Get instant leads & free quotes on VenueConnect.","Best Birthday Party Venues in Old National Highway, Bhavnagar",birthday party venues in Old National Highway Bhavnagar,"birthday party venue Old National Highway, birthday party hall near Old National Highway Bhavnagar, birthday party venue near Old National Highway",Transactional (Hyper-local),High
Event + City Area,"Engagement Venues in Old National Highway, Bhavnagar | VenueConnect",/bhavnagar/old-national-highway/engagement-venues/,"Best Engagement Venues in Old National Highway, Bhavnagar | Book Near You - VenueConnect","Find the perfect engagement venue in Old National Highway, Bhavnagar. Compare halls, farmhouses & party plots near Old National Highway. Get instant leads & free quotes on VenueConnect.","Best Engagement Venues in Old National Highway, Bhavnagar",engagement venues in Old National Highway Bhavnagar,"engagement venue Old National Highway, engagement hall near Old National Highway Bhavnagar, engagement venue near Old National Highway",Transactional (Hyper-local),High
Event + City Area,"Corporate Event Venues in Old National Highway, Bhavnagar | VenueConnect",/bhavnagar/old-national-highway/corporate-event-venues/,"Best Corporate Event Venues in Old National Highway, Bhavnagar | Book Near You - VenueConnect","Find the perfect corporate event venue in Old National Highway, Bhavnagar. Compare halls, farmhouses & party plots near Old National Highway. Get instant leads & free quotes on VenueConnect.","Best Corporate Event Venues in Old National Highway, Bhavnagar",corporate event venues in Old National Highway Bhavnagar,"corporate event venue Old National Highway, corporate event hall near Old National Highway Bhavnagar, corporate event venue near Old National Highway",Transactional (Hyper-local),High
Event + City Area,"Reception Venues in Old National Highway, Bhavnagar | VenueConnect",/bhavnagar/old-national-highway/reception-venues/,"Best Reception Venues in Old National Highway, Bhavnagar | Book Near You - VenueConnect","Find the perfect reception venue in Old National Highway, Bhavnagar. Compare halls, farmhouses & party plots near Old National Highway. Get instant leads & free quotes on VenueConnect.","Best Reception Venues in Old National Highway, Bhavnagar",reception venues in Old National Highway Bhavnagar,"reception venue Old National Highway, reception hall near Old National Highway Bhavnagar, reception venue near Old National Highway",Transactional (Hyper-local),High
Event + City Area,"Wedding Venues in Palitana Road, Bhavnagar | VenueConnect",/bhavnagar/palitana-road/wedding-venues/,"Best Wedding Venues in Palitana Road, Bhavnagar | Book Near You - VenueConnect","Find the perfect wedding venue in Palitana Road, Bhavnagar. Compare halls, farmhouses & party plots near Palitana Road. Get instant leads & free quotes on VenueConnect.","Best Wedding Venues in Palitana Road, Bhavnagar",wedding venues in Palitana Road Bhavnagar,"wedding venue Palitana Road, wedding hall near Palitana Road Bhavnagar, wedding venue near Palitana Road",Transactional (Hyper-local),High
Event + City Area,"Birthday Party Venues in Palitana Road, Bhavnagar | VenueConnect",/bhavnagar/palitana-road/birthday-party-venues/,"Best Birthday Party Venues in Palitana Road, Bhavnagar | Book Near You - VenueConnect","Find the perfect birthday party venue in Palitana Road, Bhavnagar. Compare halls, farmhouses & party plots near Palitana Road. Get instant leads & free quotes on VenueConnect.","Best Birthday Party Venues in Palitana Road, Bhavnagar",birthday party venues in Palitana Road Bhavnagar,"birthday party venue Palitana Road, birthday party hall near Palitana Road Bhavnagar, birthday party venue near Palitana Road",Transactional (Hyper-local),High
Event + City Area,"Engagement Venues in Palitana Road, Bhavnagar | VenueConnect",/bhavnagar/palitana-road/engagement-venues/,"Best Engagement Venues in Palitana Road, Bhavnagar | Book Near You - VenueConnect","Find the perfect engagement venue in Palitana Road, Bhavnagar. Compare halls, farmhouses & party plots near Palitana Road. Get instant leads & free quotes on VenueConnect.","Best Engagement Venues in Palitana Road, Bhavnagar",engagement venues in Palitana Road Bhavnagar,"engagement venue Palitana Road, engagement hall near Palitana Road Bhavnagar, engagement venue near Palitana Road",Transactional (Hyper-local),High
Event + City Area,"Corporate Event Venues in Palitana Road, Bhavnagar | VenueConnect",/bhavnagar/palitana-road/corporate-event-venues/,"Best Corporate Event Venues in Palitana Road, Bhavnagar | Book Near You - VenueConnect","Find the perfect corporate event venue in Palitana Road, Bhavnagar. Compare halls, farmhouses & party plots near Palitana Road. Get instant leads & free quotes on VenueConnect.","Best Corporate Event Venues in Palitana Road, Bhavnagar",corporate event venues in Palitana Road Bhavnagar,"corporate event venue Palitana Road, corporate event hall near Palitana Road Bhavnagar, corporate event venue near Palitana Road",Transactional (Hyper-local),High
Event + City Area,"Reception Venues in Palitana Road, Bhavnagar | VenueConnect",/bhavnagar/palitana-road/reception-venues/,"Best Reception Venues in Palitana Road, Bhavnagar | Book Near You - VenueConnect","Find the perfect reception venue in Palitana Road, Bhavnagar. Compare halls, farmhouses & party plots near Palitana Road. Get instant leads & free quotes on VenueConnect.","Best Reception Venues in Palitana Road, Bhavnagar",reception venues in Palitana Road Bhavnagar,"reception venue Palitana Road, reception hall near Palitana Road Bhavnagar, reception venue near Palitana Road",Transactional (Hyper-local),High
Event + City Area,"Wedding Venues in Parimal Society, Bhavnagar | VenueConnect",/bhavnagar/parimal-society/wedding-venues/,"Best Wedding Venues in Parimal Society, Bhavnagar | Book Near You - VenueConnect","Find the perfect wedding venue in Parimal Society, Bhavnagar. Compare halls, farmhouses & party plots near Parimal Society. Get instant leads & free quotes on VenueConnect.","Best Wedding Venues in Parimal Society, Bhavnagar",wedding venues in Parimal Society Bhavnagar,"wedding venue Parimal Society, wedding hall near Parimal Society Bhavnagar, wedding venue near Parimal Society",Transactional (Hyper-local),High
Event + City Area,"Birthday Party Venues in Parimal Society, Bhavnagar | VenueConnect",/bhavnagar/parimal-society/birthday-party-venues/,"Best Birthday Party Venues in Parimal Society, Bhavnagar | Book Near You - VenueConnect","Find the perfect birthday party venue in Parimal Society, Bhavnagar. Compare halls, farmhouses & party plots near Parimal Society. Get instant leads & free quotes on VenueConnect.","Best Birthday Party Venues in Parimal Society, Bhavnagar",birthday party venues in Parimal Society Bhavnagar,"birthday party venue Parimal Society, birthday party hall near Parimal Society Bhavnagar, birthday party venue near Parimal Society",Transactional (Hyper-local),High
Event + City Area,"Engagement Venues in Parimal Society, Bhavnagar | VenueConnect",/bhavnagar/parimal-society/engagement-venues/,"Best Engagement Venues in Parimal Society, Bhavnagar | Book Near You - VenueConnect","Find the perfect engagement venue in Parimal Society, Bhavnagar. Compare halls, farmhouses & party plots near Parimal Society. Get instant leads & free quotes on VenueConnect.","Best Engagement Venues in Parimal Society, Bhavnagar",engagement venues in Parimal Society Bhavnagar,"engagement venue Parimal Society, engagement hall near Parimal Society Bhavnagar, engagement venue near Parimal Society",Transactional (Hyper-local),High
Event + City Area,"Corporate Event Venues in Parimal Society, Bhavnagar | VenueConnect",/bhavnagar/parimal-society/corporate-event-venues/,"Best Corporate Event Venues in Parimal Society, Bhavnagar | Book Near You - VenueConnect","Find the perfect corporate event venue in Parimal Society, Bhavnagar. Compare halls, farmhouses & party plots near Parimal Society. Get instant leads & free quotes on VenueConnect.","Best Corporate Event Venues in Parimal Society, Bhavnagar",corporate event venues in Parimal Society Bhavnagar,"corporate event venue Parimal Society, corporate event hall near Parimal Society Bhavnagar, corporate event venue near Parimal Society",Transactional (Hyper-local),High
Event + City Area,"Reception Venues in Parimal Society, Bhavnagar | VenueConnect",/bhavnagar/parimal-society/reception-venues/,"Best Reception Venues in Parimal Society, Bhavnagar | Book Near You - VenueConnect","Find the perfect reception venue in Parimal Society, Bhavnagar. Compare halls, farmhouses & party plots near Parimal Society. Get instant leads & free quotes on VenueConnect.","Best Reception Venues in Parimal Society, Bhavnagar",reception venues in Parimal Society Bhavnagar,"reception venue Parimal Society, reception hall near Parimal Society Bhavnagar, reception venue near Parimal Society",Transactional (Hyper-local),High
Event + City Area,"Wedding Venues in Patel Colony, Bhavnagar | VenueConnect",/bhavnagar/patel-colony/wedding-venues/,"Best Wedding Venues in Patel Colony, Bhavnagar | Book Near You - VenueConnect","Find the perfect wedding venue in Patel Colony, Bhavnagar. Compare halls, farmhouses & party plots near Patel Colony. Get instant leads & free quotes on VenueConnect.","Best Wedding Venues in Patel Colony, Bhavnagar",wedding venues in Patel Colony Bhavnagar,"wedding venue Patel Colony, wedding hall near Patel Colony Bhavnagar, wedding venue near Patel Colony",Transactional (Hyper-local),High
Event + City Area,"Birthday Party Venues in Patel Colony, Bhavnagar | VenueConnect",/bhavnagar/patel-colony/birthday-party-venues/,"Best Birthday Party Venues in Patel Colony, Bhavnagar | Book Near You - VenueConnect","Find the perfect birthday party venue in Patel Colony, Bhavnagar. Compare halls, farmhouses & party plots near Patel Colony. Get instant leads & free quotes on VenueConnect.","Best Birthday Party Venues in Patel Colony, Bhavnagar",birthday party venues in Patel Colony Bhavnagar,"birthday party venue Patel Colony, birthday party hall near Patel Colony Bhavnagar, birthday party venue near Patel Colony",Transactional (Hyper-local),High
Event + City Area,"Engagement Venues in Patel Colony, Bhavnagar | VenueConnect",/bhavnagar/patel-colony/engagement-venues/,"Best Engagement Venues in Patel Colony, Bhavnagar | Book Near You - VenueConnect","Find the perfect engagement venue in Patel Colony, Bhavnagar. Compare halls, farmhouses & party plots near Patel Colony. Get instant leads & free quotes on VenueConnect.","Best Engagement Venues in Patel Colony, Bhavnagar",engagement venues in Patel Colony Bhavnagar,"engagement venue Patel Colony, engagement hall near Patel Colony Bhavnagar, engagement venue near Patel Colony",Transactional (Hyper-local),High
Event + City Area,"Corporate Event Venues in Patel Colony, Bhavnagar | VenueConnect",/bhavnagar/patel-colony/corporate-event-venues/,"Best Corporate Event Venues in Patel Colony, Bhavnagar | Book Near You - VenueConnect","Find the perfect corporate event venue in Patel Colony, Bhavnagar. Compare halls, farmhouses & party plots near Patel Colony. Get instant leads & free quotes on VenueConnect.","Best Corporate Event Venues in Patel Colony, Bhavnagar",corporate event venues in Patel Colony Bhavnagar,"corporate event venue Patel Colony, corporate event hall near Patel Colony Bhavnagar, corporate event venue near Patel Colony",Transactional (Hyper-local),High
Event + City Area,"Reception Venues in Patel Colony, Bhavnagar | VenueConnect",/bhavnagar/patel-colony/reception-venues/,"Best Reception Venues in Patel Colony, Bhavnagar | Book Near You - VenueConnect","Find the perfect reception venue in Patel Colony, Bhavnagar. Compare halls, farmhouses & party plots near Patel Colony. Get instant leads & free quotes on VenueConnect.","Best Reception Venues in Patel Colony, Bhavnagar",reception venues in Patel Colony Bhavnagar,"reception venue Patel Colony, reception hall near Patel Colony Bhavnagar, reception venue near Patel Colony",Transactional (Hyper-local),High
Event + City Area,"Wedding Venues in Rambaug, Bhavnagar | VenueConnect",/bhavnagar/rambaug/wedding-venues/,"Best Wedding Venues in Rambaug, Bhavnagar | Book Near You - VenueConnect","Find the perfect wedding venue in Rambaug, Bhavnagar. Compare halls, farmhouses & party plots near Rambaug. Get instant leads & free quotes on VenueConnect.","Best Wedding Venues in Rambaug, Bhavnagar",wedding venues in Rambaug Bhavnagar,"wedding venue Rambaug, wedding hall near Rambaug Bhavnagar, wedding venue near Rambaug",Transactional (Hyper-local),High
Event + City Area,"Birthday Party Venues in Rambaug, Bhavnagar | VenueConnect",/bhavnagar/rambaug/birthday-party-venues/,"Best Birthday Party Venues in Rambaug, Bhavnagar | Book Near You - VenueConnect","Find the perfect birthday party venue in Rambaug, Bhavnagar. Compare halls, farmhouses & party plots near Rambaug. Get instant leads & free quotes on VenueConnect.","Best Birthday Party Venues in Rambaug, Bhavnagar",birthday party venues in Rambaug Bhavnagar,"birthday party venue Rambaug, birthday party hall near Rambaug Bhavnagar, birthday party venue near Rambaug",Transactional (Hyper-local),High
Event + City Area,"Engagement Venues in Rambaug, Bhavnagar | VenueConnect",/bhavnagar/rambaug/engagement-venues/,"Best Engagement Venues in Rambaug, Bhavnagar | Book Near You - VenueConnect","Find the perfect engagement venue in Rambaug, Bhavnagar. Compare halls, farmhouses & party plots near Rambaug. Get instant leads & free quotes on VenueConnect.","Best Engagement Venues in Rambaug, Bhavnagar",engagement venues in Rambaug Bhavnagar,"engagement venue Rambaug, engagement hall near Rambaug Bhavnagar, engagement venue near Rambaug",Transactional (Hyper-local),High
Event + City Area,"Corporate Event Venues in Rambaug, Bhavnagar | VenueConnect",/bhavnagar/rambaug/corporate-event-venues/,"Best Corporate Event Venues in Rambaug, Bhavnagar | Book Near You - VenueConnect","Find the perfect corporate event venue in Rambaug, Bhavnagar. Compare halls, farmhouses & party plots near Rambaug. Get instant leads & free quotes on VenueConnect.","Best Corporate Event Venues in Rambaug, Bhavnagar",corporate event venues in Rambaug Bhavnagar,"corporate event venue Rambaug, corporate event hall near Rambaug Bhavnagar, corporate event venue near Rambaug",Transactional (Hyper-local),High
Event + City Area,"Reception Venues in Rambaug, Bhavnagar | VenueConnect",/bhavnagar/rambaug/reception-venues/,"Best Reception Venues in Rambaug, Bhavnagar | Book Near You - VenueConnect","Find the perfect reception venue in Rambaug, Bhavnagar. Compare halls, farmhouses & party plots near Rambaug. Get instant leads & free quotes on VenueConnect.","Best Reception Venues in Rambaug, Bhavnagar",reception venues in Rambaug Bhavnagar,"reception venue Rambaug, reception hall near Rambaug Bhavnagar, reception venue near Rambaug",Transactional (Hyper-local),High
Event + City Area,"Wedding Venues in Sidsar Road, Bhavnagar | VenueConnect",/bhavnagar/sidsar-road/wedding-venues/,"Best Wedding Venues in Sidsar Road, Bhavnagar | Book Near You - VenueConnect","Find the perfect wedding venue in Sidsar Road, Bhavnagar. Compare halls, farmhouses & party plots near Sidsar Road. Get instant leads & free quotes on VenueConnect.","Best Wedding Venues in Sidsar Road, Bhavnagar",wedding venues in Sidsar Road Bhavnagar,"wedding venue Sidsar Road, wedding hall near Sidsar Road Bhavnagar, wedding venue near Sidsar Road",Transactional (Hyper-local),High
Event + City Area,"Birthday Party Venues in Sidsar Road, Bhavnagar | VenueConnect",/bhavnagar/sidsar-road/birthday-party-venues/,"Best Birthday Party Venues in Sidsar Road, Bhavnagar | Book Near You - VenueConnect","Find the perfect birthday party venue in Sidsar Road, Bhavnagar. Compare halls, farmhouses & party plots near Sidsar Road. Get instant leads & free quotes on VenueConnect.","Best Birthday Party Venues in Sidsar Road, Bhavnagar",birthday party venues in Sidsar Road Bhavnagar,"birthday party venue Sidsar Road, birthday party hall near Sidsar Road Bhavnagar, birthday party venue near Sidsar Road",Transactional (Hyper-local),High
Event + City Area,"Engagement Venues in Sidsar Road, Bhavnagar | VenueConnect",/bhavnagar/sidsar-road/engagement-venues/,"Best Engagement Venues in Sidsar Road, Bhavnagar | Book Near You - VenueConnect","Find the perfect engagement venue in Sidsar Road, Bhavnagar. Compare halls, farmhouses & party plots near Sidsar Road. Get instant leads & free quotes on VenueConnect.","Best Engagement Venues in Sidsar Road, Bhavnagar",engagement venues in Sidsar Road Bhavnagar,"engagement venue Sidsar Road, engagement hall near Sidsar Road Bhavnagar, engagement venue near Sidsar Road",Transactional (Hyper-local),High
Event + City Area,"Corporate Event Venues in Sidsar Road, Bhavnagar | VenueConnect",/bhavnagar/sidsar-road/corporate-event-venues/,"Best Corporate Event Venues in Sidsar Road, Bhavnagar | Book Near You - VenueConnect","Find the perfect corporate event venue in Sidsar Road, Bhavnagar. Compare halls, farmhouses & party plots near Sidsar Road. Get instant leads & free quotes on VenueConnect.","Best Corporate Event Venues in Sidsar Road, Bhavnagar",corporate event venues in Sidsar Road Bhavnagar,"corporate event venue Sidsar Road, corporate event hall near Sidsar Road Bhavnagar, corporate event venue near Sidsar Road",Transactional (Hyper-local),High
Event + City Area,"Reception Venues in Sidsar Road, Bhavnagar | VenueConnect",/bhavnagar/sidsar-road/reception-venues/,"Best Reception Venues in Sidsar Road, Bhavnagar | Book Near You - VenueConnect","Find the perfect reception venue in Sidsar Road, Bhavnagar. Compare halls, farmhouses & party plots near Sidsar Road. Get instant leads & free quotes on VenueConnect.","Best Reception Venues in Sidsar Road, Bhavnagar",reception venues in Sidsar Road Bhavnagar,"reception venue Sidsar Road, reception hall near Sidsar Road Bhavnagar, reception venue near Sidsar Road",Transactional (Hyper-local),High
Event + City Area,"Wedding Venues in Sihor Road, Bhavnagar | VenueConnect",/bhavnagar/sihor-road/wedding-venues/,"Best Wedding Venues in Sihor Road, Bhavnagar | Book Near You - VenueConnect","Find the perfect wedding venue in Sihor Road, Bhavnagar. Compare halls, farmhouses & party plots near Sihor Road. Get instant leads & free quotes on VenueConnect.","Best Wedding Venues in Sihor Road, Bhavnagar",wedding venues in Sihor Road Bhavnagar,"wedding venue Sihor Road, wedding hall near Sihor Road Bhavnagar, wedding venue near Sihor Road",Transactional (Hyper-local),High
Event + City Area,"Birthday Party Venues in Sihor Road, Bhavnagar | VenueConnect",/bhavnagar/sihor-road/birthday-party-venues/,"Best Birthday Party Venues in Sihor Road, Bhavnagar | Book Near You - VenueConnect","Find the perfect birthday party venue in Sihor Road, Bhavnagar. Compare halls, farmhouses & party plots near Sihor Road. Get instant leads & free quotes on VenueConnect.","Best Birthday Party Venues in Sihor Road, Bhavnagar",birthday party venues in Sihor Road Bhavnagar,"birthday party venue Sihor Road, birthday party hall near Sihor Road Bhavnagar, birthday party venue near Sihor Road",Transactional (Hyper-local),High
Event + City Area,"Engagement Venues in Sihor Road, Bhavnagar | VenueConnect",/bhavnagar/sihor-road/engagement-venues/,"Best Engagement Venues in Sihor Road, Bhavnagar | Book Near You - VenueConnect","Find the perfect engagement venue in Sihor Road, Bhavnagar. Compare halls, farmhouses & party plots near Sihor Road. Get instant leads & free quotes on VenueConnect.","Best Engagement Venues in Sihor Road, Bhavnagar",engagement venues in Sihor Road Bhavnagar,"engagement venue Sihor Road, engagement hall near Sihor Road Bhavnagar, engagement venue near Sihor Road",Transactional (Hyper-local),High
Event + City Area,"Corporate Event Venues in Sihor Road, Bhavnagar | VenueConnect",/bhavnagar/sihor-road/corporate-event-venues/,"Best Corporate Event Venues in Sihor Road, Bhavnagar | Book Near You - VenueConnect","Find the perfect corporate event venue in Sihor Road, Bhavnagar. Compare halls, farmhouses & party plots near Sihor Road. Get instant leads & free quotes on VenueConnect.","Best Corporate Event Venues in Sihor Road, Bhavnagar",corporate event venues in Sihor Road Bhavnagar,"corporate event venue Sihor Road, corporate event hall near Sihor Road Bhavnagar, corporate event venue near Sihor Road",Transactional (Hyper-local),High
Event + City Area,"Reception Venues in Sihor Road, Bhavnagar | VenueConnect",/bhavnagar/sihor-road/reception-venues/,"Best Reception Venues in Sihor Road, Bhavnagar | Book Near You - VenueConnect","Find the perfect reception venue in Sihor Road, Bhavnagar. Compare halls, farmhouses & party plots near Sihor Road. Get instant leads & free quotes on VenueConnect.","Best Reception Venues in Sihor Road, Bhavnagar",reception venues in Sihor Road Bhavnagar,"reception venue Sihor Road, reception hall near Sihor Road Bhavnagar, reception venue near Sihor Road",Transactional (Hyper-local),High
Event + City Area,"Wedding Venues in Talaja Road, Bhavnagar | VenueConnect",/bhavnagar/talaja-road/wedding-venues/,"Best Wedding Venues in Talaja Road, Bhavnagar | Book Near You - VenueConnect","Find the perfect wedding venue in Talaja Road, Bhavnagar. Compare halls, farmhouses & party plots near Talaja Road. Get instant leads & free quotes on VenueConnect.","Best Wedding Venues in Talaja Road, Bhavnagar",wedding venues in Talaja Road Bhavnagar,"wedding venue Talaja Road, wedding hall near Talaja Road Bhavnagar, wedding venue near Talaja Road",Transactional (Hyper-local),High
Event + City Area,"Birthday Party Venues in Talaja Road, Bhavnagar | VenueConnect",/bhavnagar/talaja-road/birthday-party-venues/,"Best Birthday Party Venues in Talaja Road, Bhavnagar | Book Near You - VenueConnect","Find the perfect birthday party venue in Talaja Road, Bhavnagar. Compare halls, farmhouses & party plots near Talaja Road. Get instant leads & free quotes on VenueConnect.","Best Birthday Party Venues in Talaja Road, Bhavnagar",birthday party venues in Talaja Road Bhavnagar,"birthday party venue Talaja Road, birthday party hall near Talaja Road Bhavnagar, birthday party venue near Talaja Road",Transactional (Hyper-local),High
Event + City Area,"Engagement Venues in Talaja Road, Bhavnagar | VenueConnect",/bhavnagar/talaja-road/engagement-venues/,"Best Engagement Venues in Talaja Road, Bhavnagar | Book Near You - VenueConnect","Find the perfect engagement venue in Talaja Road, Bhavnagar. Compare halls, farmhouses & party plots near Talaja Road. Get instant leads & free quotes on VenueConnect.","Best Engagement Venues in Talaja Road, Bhavnagar",engagement venues in Talaja Road Bhavnagar,"engagement venue Talaja Road, engagement hall near Talaja Road Bhavnagar, engagement venue near Talaja Road",Transactional (Hyper-local),High
Event + City Area,"Corporate Event Venues in Talaja Road, Bhavnagar | VenueConnect",/bhavnagar/talaja-road/corporate-event-venues/,"Best Corporate Event Venues in Talaja Road, Bhavnagar | Book Near You - VenueConnect","Find the perfect corporate event venue in Talaja Road, Bhavnagar. Compare halls, farmhouses & party plots near Talaja Road. Get instant leads & free quotes on VenueConnect.","Best Corporate Event Venues in Talaja Road, Bhavnagar",corporate event venues in Talaja Road Bhavnagar,"corporate event venue Talaja Road, corporate event hall near Talaja Road Bhavnagar, corporate event venue near Talaja Road",Transactional (Hyper-local),High
Event + City Area,"Reception Venues in Talaja Road, Bhavnagar | VenueConnect",/bhavnagar/talaja-road/reception-venues/,"Best Reception Venues in Talaja Road, Bhavnagar | Book Near You - VenueConnect","Find the perfect reception venue in Talaja Road, Bhavnagar. Compare halls, farmhouses & party plots near Talaja Road. Get instant leads & free quotes on VenueConnect.","Best Reception Venues in Talaja Road, Bhavnagar",reception venues in Talaja Road Bhavnagar,"reception venue Talaja Road, reception hall near Talaja Road Bhavnagar, reception venue near Talaja Road",Transactional (Hyper-local),High
Event + City Area,"Wedding Venues in Ushmanpura, Bhavnagar | VenueConnect",/bhavnagar/ushmanpura/wedding-venues/,"Best Wedding Venues in Ushmanpura, Bhavnagar | Book Near You - VenueConnect","Find the perfect wedding venue in Ushmanpura, Bhavnagar. Compare halls, farmhouses & party plots near Ushmanpura. Get instant leads & free quotes on VenueConnect.","Best Wedding Venues in Ushmanpura, Bhavnagar",wedding venues in Ushmanpura Bhavnagar,"wedding venue Ushmanpura, wedding hall near Ushmanpura Bhavnagar, wedding venue near Ushmanpura",Transactional (Hyper-local),High
Event + City Area,"Birthday Party Venues in Ushmanpura, Bhavnagar | VenueConnect",/bhavnagar/ushmanpura/birthday-party-venues/,"Best Birthday Party Venues in Ushmanpura, Bhavnagar | Book Near You - VenueConnect","Find the perfect birthday party venue in Ushmanpura, Bhavnagar. Compare halls, farmhouses & party plots near Ushmanpura. Get instant leads & free quotes on VenueConnect.","Best Birthday Party Venues in Ushmanpura, Bhavnagar",birthday party venues in Ushmanpura Bhavnagar,"birthday party venue Ushmanpura, birthday party hall near Ushmanpura Bhavnagar, birthday party venue near Ushmanpura",Transactional (Hyper-local),High
Event + City Area,"Engagement Venues in Ushmanpura, Bhavnagar | VenueConnect",/bhavnagar/ushmanpura/engagement-venues/,"Best Engagement Venues in Ushmanpura, Bhavnagar | Book Near You - VenueConnect","Find the perfect engagement venue in Ushmanpura, Bhavnagar. Compare halls, farmhouses & party plots near Ushmanpura. Get instant leads & free quotes on VenueConnect.","Best Engagement Venues in Ushmanpura, Bhavnagar",engagement venues in Ushmanpura Bhavnagar,"engagement venue Ushmanpura, engagement hall near Ushmanpura Bhavnagar, engagement venue near Ushmanpura",Transactional (Hyper-local),High
Event + City Area,"Corporate Event Venues in Ushmanpura, Bhavnagar | VenueConnect",/bhavnagar/ushmanpura/corporate-event-venues/,"Best Corporate Event Venues in Ushmanpura, Bhavnagar | Book Near You - VenueConnect","Find the perfect corporate event venue in Ushmanpura, Bhavnagar. Compare halls, farmhouses & party plots near Ushmanpura. Get instant leads & free quotes on VenueConnect.","Best Corporate Event Venues in Ushmanpura, Bhavnagar",corporate event venues in Ushmanpura Bhavnagar,"corporate event venue Ushmanpura, corporate event hall near Ushmanpura Bhavnagar, corporate event venue near Ushmanpura",Transactional (Hyper-local),High
Event + City Area,"Reception Venues in Ushmanpura, Bhavnagar | VenueConnect",/bhavnagar/ushmanpura/reception-venues/,"Best Reception Venues in Ushmanpura, Bhavnagar | Book Near You - VenueConnect","Find the perfect reception venue in Ushmanpura, Bhavnagar. Compare halls, farmhouses & party plots near Ushmanpura. Get instant leads & free quotes on VenueConnect.","Best Reception Venues in Ushmanpura, Bhavnagar",reception venues in Ushmanpura Bhavnagar,"reception venue Ushmanpura, reception hall near Ushmanpura Bhavnagar, reception venue near Ushmanpura",Transactional (Hyper-local),High
  VENDOR + CITY AREA PAGES (Hyper-local),,,,,,,,,
Page Type,Page Title,URL Slug,Meta Title,Meta Description,H1 Tag,Target Keyword,Secondary Keywords,Search Intent,Priority
Vendor + City Area,"Photographers in Waghawadi Road, Bhavnagar | VenueConnect",/bhavnagar/waghawadi-road/vendors/photographers/,"Top Photographers in Waghawadi Road, Bhavnagar | Hire Near You - VenueConnect","Find the best photographers in Waghawadi Road, Bhavnagar for your event. Browse verified profiles, compare pricing & get WhatsApp leads instantly on VenueConnect.","Top Photographers in Waghawadi Road, Bhavnagar",photographers in Waghawadi Road Bhavnagar,"photographers near Waghawadi Road, photographers Waghawadi Road Bhavnagar, best photographers near Waghawadi Road",Transactional (Hyper-local),Medium
Vendor + City Area,"Caterers in Waghawadi Road, Bhavnagar | VenueConnect",/bhavnagar/waghawadi-road/vendors/caterers/,"Top Caterers in Waghawadi Road, Bhavnagar | Hire Near You - VenueConnect","Find the best caterers in Waghawadi Road, Bhavnagar for your event. Browse verified profiles, compare pricing & get WhatsApp leads instantly on VenueConnect.","Top Caterers in Waghawadi Road, Bhavnagar",caterers in Waghawadi Road Bhavnagar,"caterers near Waghawadi Road, caterers Waghawadi Road Bhavnagar, best caterers near Waghawadi Road",Transactional (Hyper-local),Medium
Vendor + City Area,"Decorators in Waghawadi Road, Bhavnagar | VenueConnect",/bhavnagar/waghawadi-road/vendors/decorators/,"Top Decorators in Waghawadi Road, Bhavnagar | Hire Near You - VenueConnect","Find the best decorators in Waghawadi Road, Bhavnagar for your event. Browse verified profiles, compare pricing & get WhatsApp leads instantly on VenueConnect.","Top Decorators in Waghawadi Road, Bhavnagar",decorators in Waghawadi Road Bhavnagar,"decorators near Waghawadi Road, decorators Waghawadi Road Bhavnagar, best decorators near Waghawadi Road",Transactional (Hyper-local),Medium
Vendor + City Area,"Mehndi Artists in Waghawadi Road, Bhavnagar | VenueConnect",/bhavnagar/waghawadi-road/vendors/mehndi-artists/,"Top Mehndi Artists in Waghawadi Road, Bhavnagar | Hire Near You - VenueConnect","Find the best mehndi artists in Waghawadi Road, Bhavnagar for your event. Browse verified profiles, compare pricing & get WhatsApp leads instantly on VenueConnect.","Top Mehndi Artists in Waghawadi Road, Bhavnagar",mehndi artists in Waghawadi Road Bhavnagar,"mehndi artists near Waghawadi Road, mehndi artists Waghawadi Road Bhavnagar, best mehndi artists near Waghawadi Road",Transactional (Hyper-local),Medium
Vendor + City Area,"Photographers in Crescent Circle, Bhavnagar | VenueConnect",/bhavnagar/crescent-circle/vendors/photographers/,"Top Photographers in Crescent Circle, Bhavnagar | Hire Near You - VenueConnect","Find the best photographers in Crescent Circle, Bhavnagar for your event. Browse verified profiles, compare pricing & get WhatsApp leads instantly on VenueConnect.","Top Photographers in Crescent Circle, Bhavnagar",photographers in Crescent Circle Bhavnagar,"photographers near Crescent Circle, photographers Crescent Circle Bhavnagar, best photographers near Crescent Circle",Transactional (Hyper-local),Medium
Vendor + City Area,"Caterers in Crescent Circle, Bhavnagar | VenueConnect",/bhavnagar/crescent-circle/vendors/caterers/,"Top Caterers in Crescent Circle, Bhavnagar | Hire Near You - VenueConnect","Find the best caterers in Crescent Circle, Bhavnagar for your event. Browse verified profiles, compare pricing & get WhatsApp leads instantly on VenueConnect.","Top Caterers in Crescent Circle, Bhavnagar",caterers in Crescent Circle Bhavnagar,"caterers near Crescent Circle, caterers Crescent Circle Bhavnagar, best caterers near Crescent Circle",Transactional (Hyper-local),Medium
Vendor + City Area,"Decorators in Crescent Circle, Bhavnagar | VenueConnect",/bhavnagar/crescent-circle/vendors/decorators/,"Top Decorators in Crescent Circle, Bhavnagar | Hire Near You - VenueConnect","Find the best decorators in Crescent Circle, Bhavnagar for your event. Browse verified profiles, compare pricing & get WhatsApp leads instantly on VenueConnect.","Top Decorators in Crescent Circle, Bhavnagar",decorators in Crescent Circle Bhavnagar,"decorators near Crescent Circle, decorators Crescent Circle Bhavnagar, best decorators near Crescent Circle",Transactional (Hyper-local),Medium
Vendor + City Area,"Mehndi Artists in Crescent Circle, Bhavnagar | VenueConnect",/bhavnagar/crescent-circle/vendors/mehndi-artists/,"Top Mehndi Artists in Crescent Circle, Bhavnagar | Hire Near You - VenueConnect","Find the best mehndi artists in Crescent Circle, Bhavnagar for your event. Browse verified profiles, compare pricing & get WhatsApp leads instantly on VenueConnect.","Top Mehndi Artists in Crescent Circle, Bhavnagar",mehndi artists in Crescent Circle Bhavnagar,"mehndi artists near Crescent Circle, mehndi artists Crescent Circle Bhavnagar, best mehndi artists near Crescent Circle",Transactional (Hyper-local),Medium
Vendor + City Area,"Photographers in Kalanala, Bhavnagar | VenueConnect",/bhavnagar/kalanala/vendors/photographers/,"Top Photographers in Kalanala, Bhavnagar | Hire Near You - VenueConnect","Find the best photographers in Kalanala, Bhavnagar for your event. Browse verified profiles, compare pricing & get WhatsApp leads instantly on VenueConnect.","Top Photographers in Kalanala, Bhavnagar",photographers in Kalanala Bhavnagar,"photographers near Kalanala, photographers Kalanala Bhavnagar, best photographers near Kalanala",Transactional (Hyper-local),Medium
Vendor + City Area,"Caterers in Kalanala, Bhavnagar | VenueConnect",/bhavnagar/kalanala/vendors/caterers/,"Top Caterers in Kalanala, Bhavnagar | Hire Near You - VenueConnect","Find the best caterers in Kalanala, Bhavnagar for your event. Browse verified profiles, compare pricing & get WhatsApp leads instantly on VenueConnect.","Top Caterers in Kalanala, Bhavnagar",caterers in Kalanala Bhavnagar,"caterers near Kalanala, caterers Kalanala Bhavnagar, best caterers near Kalanala",Transactional (Hyper-local),Medium
Vendor + City Area,"Decorators in Kalanala, Bhavnagar | VenueConnect",/bhavnagar/kalanala/vendors/decorators/,"Top Decorators in Kalanala, Bhavnagar | Hire Near You - VenueConnect","Find the best decorators in Kalanala, Bhavnagar for your event. Browse verified profiles, compare pricing & get WhatsApp leads instantly on VenueConnect.","Top Decorators in Kalanala, Bhavnagar",decorators in Kalanala Bhavnagar,"decorators near Kalanala, decorators Kalanala Bhavnagar, best decorators near Kalanala",Transactional (Hyper-local),Medium
Vendor + City Area,"Mehndi Artists in Kalanala, Bhavnagar | VenueConnect",/bhavnagar/kalanala/vendors/mehndi-artists/,"Top Mehndi Artists in Kalanala, Bhavnagar | Hire Near You - VenueConnect","Find the best mehndi artists in Kalanala, Bhavnagar for your event. Browse verified profiles, compare pricing & get WhatsApp leads instantly on VenueConnect.","Top Mehndi Artists in Kalanala, Bhavnagar",mehndi artists in Kalanala Bhavnagar,"mehndi artists near Kalanala, mehndi artists Kalanala Bhavnagar, best mehndi artists near Kalanala",Transactional (Hyper-local),Medium
Vendor + City Area,"Photographers in Station Road, Bhavnagar | VenueConnect",/bhavnagar/station-road/vendors/photographers/,"Top Photographers in Station Road, Bhavnagar | Hire Near You - VenueConnect","Find the best photographers in Station Road, Bhavnagar for your event. Browse verified profiles, compare pricing & get WhatsApp leads instantly on VenueConnect.","Top Photographers in Station Road, Bhavnagar",photographers in Station Road Bhavnagar,"photographers near Station Road, photographers Station Road Bhavnagar, best photographers near Station Road",Transactional (Hyper-local),Medium
Vendor + City Area,"Caterers in Station Road, Bhavnagar | VenueConnect",/bhavnagar/station-road/vendors/caterers/,"Top Caterers in Station Road, Bhavnagar | Hire Near You - VenueConnect","Find the best caterers in Station Road, Bhavnagar for your event. Browse verified profiles, compare pricing & get WhatsApp leads instantly on VenueConnect.","Top Caterers in Station Road, Bhavnagar",caterers in Station Road Bhavnagar,"caterers near Station Road, caterers Station Road Bhavnagar, best caterers near Station Road",Transactional (Hyper-local),Medium
Vendor + City Area,"Decorators in Station Road, Bhavnagar | VenueConnect",/bhavnagar/station-road/vendors/decorators/,"Top Decorators in Station Road, Bhavnagar | Hire Near You - VenueConnect","Find the best decorators in Station Road, Bhavnagar for your event. Browse verified profiles, compare pricing & get WhatsApp leads instantly on VenueConnect.","Top Decorators in Station Road, Bhavnagar",decorators in Station Road Bhavnagar,"decorators near Station Road, decorators Station Road Bhavnagar, best decorators near Station Road",Transactional (Hyper-local),Medium
Vendor + City Area,"Mehndi Artists in Station Road, Bhavnagar | VenueConnect",/bhavnagar/station-road/vendors/mehndi-artists/,"Top Mehndi Artists in Station Road, Bhavnagar | Hire Near You - VenueConnect","Find the best mehndi artists in Station Road, Bhavnagar for your event. Browse verified profiles, compare pricing & get WhatsApp leads instantly on VenueConnect.","Top Mehndi Artists in Station Road, Bhavnagar",mehndi artists in Station Road Bhavnagar,"mehndi artists near Station Road, mehndi artists Station Road Bhavnagar, best mehndi artists near Station Road",Transactional (Hyper-local),Medium
Vendor + City Area,"Photographers in Ghogha Road, Bhavnagar | VenueConnect",/bhavnagar/ghogha-road/vendors/photographers/,"Top Photographers in Ghogha Road, Bhavnagar | Hire Near You - VenueConnect","Find the best photographers in Ghogha Road, Bhavnagar for your event. Browse verified profiles, compare pricing & get WhatsApp leads instantly on VenueConnect.","Top Photographers in Ghogha Road, Bhavnagar",photographers in Ghogha Road Bhavnagar,"photographers near Ghogha Road, photographers Ghogha Road Bhavnagar, best photographers near Ghogha Road",Transactional (Hyper-local),Medium
Vendor + City Area,"Caterers in Ghogha Road, Bhavnagar | VenueConnect",/bhavnagar/ghogha-road/vendors/caterers/,"Top Caterers in Ghogha Road, Bhavnagar | Hire Near You - VenueConnect","Find the best caterers in Ghogha Road, Bhavnagar for your event. Browse verified profiles, compare pricing & get WhatsApp leads instantly on VenueConnect.","Top Caterers in Ghogha Road, Bhavnagar",caterers in Ghogha Road Bhavnagar,"caterers near Ghogha Road, caterers Ghogha Road Bhavnagar, best caterers near Ghogha Road",Transactional (Hyper-local),Medium
Vendor + City Area,"Decorators in Ghogha Road, Bhavnagar | VenueConnect",/bhavnagar/ghogha-road/vendors/decorators/,"Top Decorators in Ghogha Road, Bhavnagar | Hire Near You - VenueConnect","Find the best decorators in Ghogha Road, Bhavnagar for your event. Browse verified profiles, compare pricing & get WhatsApp leads instantly on VenueConnect.","Top Decorators in Ghogha Road, Bhavnagar",decorators in Ghogha Road Bhavnagar,"decorators near Ghogha Road, decorators Ghogha Road Bhavnagar, best decorators near Ghogha Road",Transactional (Hyper-local),Medium
Vendor + City Area,"Mehndi Artists in Ghogha Road, Bhavnagar | VenueConnect",/bhavnagar/ghogha-road/vendors/mehndi-artists/,"Top Mehndi Artists in Ghogha Road, Bhavnagar | Hire Near You - VenueConnect","Find the best mehndi artists in Ghogha Road, Bhavnagar for your event. Browse verified profiles, compare pricing & get WhatsApp leads instantly on VenueConnect.","Top Mehndi Artists in Ghogha Road, Bhavnagar",mehndi artists in Ghogha Road Bhavnagar,"mehndi artists near Ghogha Road, mehndi artists Ghogha Road Bhavnagar, best mehndi artists near Ghogha Road",Transactional (Hyper-local),Medium
Vendor + City Area,"Photographers in Takhteshwar, Bhavnagar | VenueConnect",/bhavnagar/takhteshwar/vendors/photographers/,"Top Photographers in Takhteshwar, Bhavnagar | Hire Near You - VenueConnect","Find the best photographers in Takhteshwar, Bhavnagar for your event. Browse verified profiles, compare pricing & get WhatsApp leads instantly on VenueConnect.","Top Photographers in Takhteshwar, Bhavnagar",photographers in Takhteshwar Bhavnagar,"photographers near Takhteshwar, photographers Takhteshwar Bhavnagar, best photographers near Takhteshwar",Transactional (Hyper-local),Medium
Vendor + City Area,"Caterers in Takhteshwar, Bhavnagar | VenueConnect",/bhavnagar/takhteshwar/vendors/caterers/,"Top Caterers in Takhteshwar, Bhavnagar | Hire Near You - VenueConnect","Find the best caterers in Takhteshwar, Bhavnagar for your event. Browse verified profiles, compare pricing & get WhatsApp leads instantly on VenueConnect.","Top Caterers in Takhteshwar, Bhavnagar",caterers in Takhteshwar Bhavnagar,"caterers near Takhteshwar, caterers Takhteshwar Bhavnagar, best caterers near Takhteshwar",Transactional (Hyper-local),Medium
Vendor + City Area,"Decorators in Takhteshwar, Bhavnagar | VenueConnect",/bhavnagar/takhteshwar/vendors/decorators/,"Top Decorators in Takhteshwar, Bhavnagar | Hire Near You - VenueConnect","Find the best decorators in Takhteshwar, Bhavnagar for your event. Browse verified profiles, compare pricing & get WhatsApp leads instantly on VenueConnect.","Top Decorators in Takhteshwar, Bhavnagar",decorators in Takhteshwar Bhavnagar,"decorators near Takhteshwar, decorators Takhteshwar Bhavnagar, best decorators near Takhteshwar",Transactional (Hyper-local),Medium
Vendor + City Area,"Mehndi Artists in Takhteshwar, Bhavnagar | VenueConnect",/bhavnagar/takhteshwar/vendors/mehndi-artists/,"Top Mehndi Artists in Takhteshwar, Bhavnagar | Hire Near You - VenueConnect","Find the best mehndi artists in Takhteshwar, Bhavnagar for your event. Browse verified profiles, compare pricing & get WhatsApp leads instantly on VenueConnect.","Top Mehndi Artists in Takhteshwar, Bhavnagar",mehndi artists in Takhteshwar Bhavnagar,"mehndi artists near Takhteshwar, mehndi artists Takhteshwar Bhavnagar, best mehndi artists near Takhteshwar",Transactional (Hyper-local),Medium
Vendor + City Area,"Photographers in Amba Chowk, Bhavnagar | VenueConnect",/bhavnagar/amba-chowk/vendors/photographers/,"Top Photographers in Amba Chowk, Bhavnagar | Hire Near You - VenueConnect","Find the best photographers in Amba Chowk, Bhavnagar for your event. Browse verified profiles, compare pricing & get WhatsApp leads instantly on VenueConnect.","Top Photographers in Amba Chowk, Bhavnagar",photographers in Amba Chowk Bhavnagar,"photographers near Amba Chowk, photographers Amba Chowk Bhavnagar, best photographers near Amba Chowk",Transactional (Hyper-local),Medium
Vendor + City Area,"Caterers in Amba Chowk, Bhavnagar | VenueConnect",/bhavnagar/amba-chowk/vendors/caterers/,"Top Caterers in Amba Chowk, Bhavnagar | Hire Near You - VenueConnect","Find the best caterers in Amba Chowk, Bhavnagar for your event. Browse verified profiles, compare pricing & get WhatsApp leads instantly on VenueConnect.","Top Caterers in Amba Chowk, Bhavnagar",caterers in Amba Chowk Bhavnagar,"caterers near Amba Chowk, caterers Amba Chowk Bhavnagar, best caterers near Amba Chowk",Transactional (Hyper-local),Medium
Vendor + City Area,"Decorators in Amba Chowk, Bhavnagar | VenueConnect",/bhavnagar/amba-chowk/vendors/decorators/,"Top Decorators in Amba Chowk, Bhavnagar | Hire Near You - VenueConnect","Find the best decorators in Amba Chowk, Bhavnagar for your event. Browse verified profiles, compare pricing & get WhatsApp leads instantly on VenueConnect.","Top Decorators in Amba Chowk, Bhavnagar",decorators in Amba Chowk Bhavnagar,"decorators near Amba Chowk, decorators Amba Chowk Bhavnagar, best decorators near Amba Chowk",Transactional (Hyper-local),Medium
Vendor + City Area,"Mehndi Artists in Amba Chowk, Bhavnagar | VenueConnect",/bhavnagar/amba-chowk/vendors/mehndi-artists/,"Top Mehndi Artists in Amba Chowk, Bhavnagar | Hire Near You - VenueConnect","Find the best mehndi artists in Amba Chowk, Bhavnagar for your event. Browse verified profiles, compare pricing & get WhatsApp leads instantly on VenueConnect.","Top Mehndi Artists in Amba Chowk, Bhavnagar",mehndi artists in Amba Chowk Bhavnagar,"mehndi artists near Amba Chowk, mehndi artists Amba Chowk Bhavnagar, best mehndi artists near Amba Chowk",Transactional (Hyper-local),Medium
Vendor + City Area,"Photographers in Nilambag, Bhavnagar | VenueConnect",/bhavnagar/nilambag/vendors/photographers/,"Top Photographers in Nilambag, Bhavnagar | Hire Near You - VenueConnect","Find the best photographers in Nilambag, Bhavnagar for your event. Browse verified profiles, compare pricing & get WhatsApp leads instantly on VenueConnect.","Top Photographers in Nilambag, Bhavnagar",photographers in Nilambag Bhavnagar,"photographers near Nilambag, photographers Nilambag Bhavnagar, best photographers near Nilambag",Transactional (Hyper-local),Medium
Vendor + City Area,"Caterers in Nilambag, Bhavnagar | VenueConnect",/bhavnagar/nilambag/vendors/caterers/,"Top Caterers in Nilambag, Bhavnagar | Hire Near You - VenueConnect","Find the best caterers in Nilambag, Bhavnagar for your event. Browse verified profiles, compare pricing & get WhatsApp leads instantly on VenueConnect.","Top Caterers in Nilambag, Bhavnagar",caterers in Nilambag Bhavnagar,"caterers near Nilambag, caterers Nilambag Bhavnagar, best caterers near Nilambag",Transactional (Hyper-local),Medium
Vendor + City Area,"Decorators in Nilambag, Bhavnagar | VenueConnect",/bhavnagar/nilambag/vendors/decorators/,"Top Decorators in Nilambag, Bhavnagar | Hire Near You - VenueConnect","Find the best decorators in Nilambag, Bhavnagar for your event. Browse verified profiles, compare pricing & get WhatsApp leads instantly on VenueConnect.","Top Decorators in Nilambag, Bhavnagar",decorators in Nilambag Bhavnagar,"decorators near Nilambag, decorators Nilambag Bhavnagar, best decorators near Nilambag",Transactional (Hyper-local),Medium
Vendor + City Area,"Mehndi Artists in Nilambag, Bhavnagar | VenueConnect",/bhavnagar/nilambag/vendors/mehndi-artists/,"Top Mehndi Artists in Nilambag, Bhavnagar | Hire Near You - VenueConnect","Find the best mehndi artists in Nilambag, Bhavnagar for your event. Browse verified profiles, compare pricing & get WhatsApp leads instantly on VenueConnect.","Top Mehndi Artists in Nilambag, Bhavnagar",mehndi artists in Nilambag Bhavnagar,"mehndi artists near Nilambag, mehndi artists Nilambag Bhavnagar, best mehndi artists near Nilambag",Transactional (Hyper-local),Medium
Vendor + City Area,"Photographers in Vijay Nagar, Bhavnagar | VenueConnect",/bhavnagar/vijay-nagar/vendors/photographers/,"Top Photographers in Vijay Nagar, Bhavnagar | Hire Near You - VenueConnect","Find the best photographers in Vijay Nagar, Bhavnagar for your event. Browse verified profiles, compare pricing & get WhatsApp leads instantly on VenueConnect.","Top Photographers in Vijay Nagar, Bhavnagar",photographers in Vijay Nagar Bhavnagar,"photographers near Vijay Nagar, photographers Vijay Nagar Bhavnagar, best photographers near Vijay Nagar",Transactional (Hyper-local),Medium
Vendor + City Area,"Caterers in Vijay Nagar, Bhavnagar | VenueConnect",/bhavnagar/vijay-nagar/vendors/caterers/,"Top Caterers in Vijay Nagar, Bhavnagar | Hire Near You - VenueConnect","Find the best caterers in Vijay Nagar, Bhavnagar for your event. Browse verified profiles, compare pricing & get WhatsApp leads instantly on VenueConnect.","Top Caterers in Vijay Nagar, Bhavnagar",caterers in Vijay Nagar Bhavnagar,"caterers near Vijay Nagar, caterers Vijay Nagar Bhavnagar, best caterers near Vijay Nagar",Transactional (Hyper-local),Medium
Vendor + City Area,"Decorators in Vijay Nagar, Bhavnagar | VenueConnect",/bhavnagar/vijay-nagar/vendors/decorators/,"Top Decorators in Vijay Nagar, Bhavnagar | Hire Near You - VenueConnect","Find the best decorators in Vijay Nagar, Bhavnagar for your event. Browse verified profiles, compare pricing & get WhatsApp leads instantly on VenueConnect.","Top Decorators in Vijay Nagar, Bhavnagar",decorators in Vijay Nagar Bhavnagar,"decorators near Vijay Nagar, decorators Vijay Nagar Bhavnagar, best decorators near Vijay Nagar",Transactional (Hyper-local),Medium
Vendor + City Area,"Mehndi Artists in Vijay Nagar, Bhavnagar | VenueConnect",/bhavnagar/vijay-nagar/vendors/mehndi-artists/,"Top Mehndi Artists in Vijay Nagar, Bhavnagar | Hire Near You - VenueConnect","Find the best mehndi artists in Vijay Nagar, Bhavnagar for your event. Browse verified profiles, compare pricing & get WhatsApp leads instantly on VenueConnect.","Top Mehndi Artists in Vijay Nagar, Bhavnagar",mehndi artists in Vijay Nagar Bhavnagar,"mehndi artists near Vijay Nagar, mehndi artists Vijay Nagar Bhavnagar, best mehndi artists near Vijay Nagar",Transactional (Hyper-local),Medium
Vendor + City Area,"Photographers in Rupani Nagar, Bhavnagar | VenueConnect",/bhavnagar/rupani-nagar/vendors/photographers/,"Top Photographers in Rupani Nagar, Bhavnagar | Hire Near You - VenueConnect","Find the best photographers in Rupani Nagar, Bhavnagar for your event. Browse verified profiles, compare pricing & get WhatsApp leads instantly on VenueConnect.","Top Photographers in Rupani Nagar, Bhavnagar",photographers in Rupani Nagar Bhavnagar,"photographers near Rupani Nagar, photographers Rupani Nagar Bhavnagar, best photographers near Rupani Nagar",Transactional (Hyper-local),Medium
Vendor + City Area,"Caterers in Rupani Nagar, Bhavnagar | VenueConnect",/bhavnagar/rupani-nagar/vendors/caterers/,"Top Caterers in Rupani Nagar, Bhavnagar | Hire Near You - VenueConnect","Find the best caterers in Rupani Nagar, Bhavnagar for your event. Browse verified profiles, compare pricing & get WhatsApp leads instantly on VenueConnect.","Top Caterers in Rupani Nagar, Bhavnagar",caterers in Rupani Nagar Bhavnagar,"caterers near Rupani Nagar, caterers Rupani Nagar Bhavnagar, best caterers near Rupani Nagar",Transactional (Hyper-local),Medium
Vendor + City Area,"Decorators in Rupani Nagar, Bhavnagar | VenueConnect",/bhavnagar/rupani-nagar/vendors/decorators/,"Top Decorators in Rupani Nagar, Bhavnagar | Hire Near You - VenueConnect","Find the best decorators in Rupani Nagar, Bhavnagar for your event. Browse verified profiles, compare pricing & get WhatsApp leads instantly on VenueConnect.","Top Decorators in Rupani Nagar, Bhavnagar",decorators in Rupani Nagar Bhavnagar,"decorators near Rupani Nagar, decorators Rupani Nagar Bhavnagar, best decorators near Rupani Nagar",Transactional (Hyper-local),Medium
Vendor + City Area,"Mehndi Artists in Rupani Nagar, Bhavnagar | VenueConnect",/bhavnagar/rupani-nagar/vendors/mehndi-artists/,"Top Mehndi Artists in Rupani Nagar, Bhavnagar | Hire Near You - VenueConnect","Find the best mehndi artists in Rupani Nagar, Bhavnagar for your event. Browse verified profiles, compare pricing & get WhatsApp leads instantly on VenueConnect.","Top Mehndi Artists in Rupani Nagar, Bhavnagar",mehndi artists in Rupani Nagar Bhavnagar,"mehndi artists near Rupani Nagar, mehndi artists Rupani Nagar Bhavnagar, best mehndi artists near Rupani Nagar",Transactional (Hyper-local),Medium
Vendor + City Area,"Photographers in Sardarnagar, Bhavnagar | VenueConnect",/bhavnagar/sardarnagar/vendors/photographers/,"Top Photographers in Sardarnagar, Bhavnagar | Hire Near You - VenueConnect","Find the best photographers in Sardarnagar, Bhavnagar for your event. Browse verified profiles, compare pricing & get WhatsApp leads instantly on VenueConnect.","Top Photographers in Sardarnagar, Bhavnagar",photographers in Sardarnagar Bhavnagar,"photographers near Sardarnagar, photographers Sardarnagar Bhavnagar, best photographers near Sardarnagar",Transactional (Hyper-local),Medium
Vendor + City Area,"Caterers in Sardarnagar, Bhavnagar | VenueConnect",/bhavnagar/sardarnagar/vendors/caterers/,"Top Caterers in Sardarnagar, Bhavnagar | Hire Near You - VenueConnect","Find the best caterers in Sardarnagar, Bhavnagar for your event. Browse verified profiles, compare pricing & get WhatsApp leads instantly on VenueConnect.","Top Caterers in Sardarnagar, Bhavnagar",caterers in Sardarnagar Bhavnagar,"caterers near Sardarnagar, caterers Sardarnagar Bhavnagar, best caterers near Sardarnagar",Transactional (Hyper-local),Medium
Vendor + City Area,"Decorators in Sardarnagar, Bhavnagar | VenueConnect",/bhavnagar/sardarnagar/vendors/decorators/,"Top Decorators in Sardarnagar, Bhavnagar | Hire Near You - VenueConnect","Find the best decorators in Sardarnagar, Bhavnagar for your event. Browse verified profiles, compare pricing & get WhatsApp leads instantly on VenueConnect.","Top Decorators in Sardarnagar, Bhavnagar",decorators in Sardarnagar Bhavnagar,"decorators near Sardarnagar, decorators Sardarnagar Bhavnagar, best decorators near Sardarnagar",Transactional (Hyper-local),Medium
Vendor + City Area,"Mehndi Artists in Sardarnagar, Bhavnagar | VenueConnect",/bhavnagar/sardarnagar/vendors/mehndi-artists/,"Top Mehndi Artists in Sardarnagar, Bhavnagar | Hire Near You - VenueConnect","Find the best mehndi artists in Sardarnagar, Bhavnagar for your event. Browse verified profiles, compare pricing & get WhatsApp leads instantly on VenueConnect.","Top Mehndi Artists in Sardarnagar, Bhavnagar",mehndi artists in Sardarnagar Bhavnagar,"mehndi artists near Sardarnagar, mehndi artists Sardarnagar Bhavnagar, best mehndi artists near Sardarnagar",Transactional (Hyper-local),Medium
Vendor + City Area,"Photographers in Shastri Nagar, Bhavnagar | VenueConnect",/bhavnagar/shastri-nagar/vendors/photographers/,"Top Photographers in Shastri Nagar, Bhavnagar | Hire Near You - VenueConnect","Find the best photographers in Shastri Nagar, Bhavnagar for your event. Browse verified profiles, compare pricing & get WhatsApp leads instantly on VenueConnect.","Top Photographers in Shastri Nagar, Bhavnagar",photographers in Shastri Nagar Bhavnagar,"photographers near Shastri Nagar, photographers Shastri Nagar Bhavnagar, best photographers near Shastri Nagar",Transactional (Hyper-local),Medium
Vendor + City Area,"Caterers in Shastri Nagar, Bhavnagar | VenueConnect",/bhavnagar/shastri-nagar/vendors/caterers/,"Top Caterers in Shastri Nagar, Bhavnagar | Hire Near You - VenueConnect","Find the best caterers in Shastri Nagar, Bhavnagar for your event. Browse verified profiles, compare pricing & get WhatsApp leads instantly on VenueConnect.","Top Caterers in Shastri Nagar, Bhavnagar",caterers in Shastri Nagar Bhavnagar,"caterers near Shastri Nagar, caterers Shastri Nagar Bhavnagar, best caterers near Shastri Nagar",Transactional (Hyper-local),Medium
Vendor + City Area,"Decorators in Shastri Nagar, Bhavnagar | VenueConnect",/bhavnagar/shastri-nagar/vendors/decorators/,"Top Decorators in Shastri Nagar, Bhavnagar | Hire Near You - VenueConnect","Find the best decorators in Shastri Nagar, Bhavnagar for your event. Browse verified profiles, compare pricing & get WhatsApp leads instantly on VenueConnect.","Top Decorators in Shastri Nagar, Bhavnagar",decorators in Shastri Nagar Bhavnagar,"decorators near Shastri Nagar, decorators Shastri Nagar Bhavnagar, best decorators near Shastri Nagar",Transactional (Hyper-local),Medium
Vendor + City Area,"Mehndi Artists in Shastri Nagar, Bhavnagar | VenueConnect",/bhavnagar/shastri-nagar/vendors/mehndi-artists/,"Top Mehndi Artists in Shastri Nagar, Bhavnagar | Hire Near You - VenueConnect","Find the best mehndi artists in Shastri Nagar, Bhavnagar for your event. Browse verified profiles, compare pricing & get WhatsApp leads instantly on VenueConnect.","Top Mehndi Artists in Shastri Nagar, Bhavnagar",mehndi artists in Shastri Nagar Bhavnagar,"mehndi artists near Shastri Nagar, mehndi artists Shastri Nagar Bhavnagar, best mehndi artists near Shastri Nagar",Transactional (Hyper-local),Medium
Vendor + City Area,"Photographers in Subhash Nagar, Bhavnagar | VenueConnect",/bhavnagar/subhash-nagar/vendors/photographers/,"Top Photographers in Subhash Nagar, Bhavnagar | Hire Near You - VenueConnect","Find the best photographers in Subhash Nagar, Bhavnagar for your event. Browse verified profiles, compare pricing & get WhatsApp leads instantly on VenueConnect.","Top Photographers in Subhash Nagar, Bhavnagar",photographers in Subhash Nagar Bhavnagar,"photographers near Subhash Nagar, photographers Subhash Nagar Bhavnagar, best photographers near Subhash Nagar",Transactional (Hyper-local),Medium
Vendor + City Area,"Caterers in Subhash Nagar, Bhavnagar | VenueConnect",/bhavnagar/subhash-nagar/vendors/caterers/,"Top Caterers in Subhash Nagar, Bhavnagar | Hire Near You - VenueConnect","Find the best caterers in Subhash Nagar, Bhavnagar for your event. Browse verified profiles, compare pricing & get WhatsApp leads instantly on VenueConnect.","Top Caterers in Subhash Nagar, Bhavnagar",caterers in Subhash Nagar Bhavnagar,"caterers near Subhash Nagar, caterers Subhash Nagar Bhavnagar, best caterers near Subhash Nagar",Transactional (Hyper-local),Medium
Vendor + City Area,"Decorators in Subhash Nagar, Bhavnagar | VenueConnect",/bhavnagar/subhash-nagar/vendors/decorators/,"Top Decorators in Subhash Nagar, Bhavnagar | Hire Near You - VenueConnect","Find the best decorators in Subhash Nagar, Bhavnagar for your event. Browse verified profiles, compare pricing & get WhatsApp leads instantly on VenueConnect.","Top Decorators in Subhash Nagar, Bhavnagar",decorators in Subhash Nagar Bhavnagar,"decorators near Subhash Nagar, decorators Subhash Nagar Bhavnagar, best decorators near Subhash Nagar",Transactional (Hyper-local),Medium
Vendor + City Area,"Mehndi Artists in Subhash Nagar, Bhavnagar | VenueConnect",/bhavnagar/subhash-nagar/vendors/mehndi-artists/,"Top Mehndi Artists in Subhash Nagar, Bhavnagar | Hire Near You - VenueConnect","Find the best mehndi artists in Subhash Nagar, Bhavnagar for your event. Browse verified profiles, compare pricing & get WhatsApp leads instantly on VenueConnect.","Top Mehndi Artists in Subhash Nagar, Bhavnagar",mehndi artists in Subhash Nagar Bhavnagar,"mehndi artists near Subhash Nagar, mehndi artists Subhash Nagar Bhavnagar, best mehndi artists near Subhash Nagar",Transactional (Hyper-local),Medium
Vendor + City Area,"Photographers in Barton Library, Bhavnagar | VenueConnect",/bhavnagar/barton-library/vendors/photographers/,"Top Photographers in Barton Library, Bhavnagar | Hire Near You - VenueConnect","Find the best photographers in Barton Library, Bhavnagar for your event. Browse verified profiles, compare pricing & get WhatsApp leads instantly on VenueConnect.","Top Photographers in Barton Library, Bhavnagar",photographers in Barton Library Bhavnagar,"photographers near Barton Library, photographers Barton Library Bhavnagar, best photographers near Barton Library",Transactional (Hyper-local),Medium
Vendor + City Area,"Caterers in Barton Library, Bhavnagar | VenueConnect",/bhavnagar/barton-library/vendors/caterers/,"Top Caterers in Barton Library, Bhavnagar | Hire Near You - VenueConnect","Find the best caterers in Barton Library, Bhavnagar for your event. Browse verified profiles, compare pricing & get WhatsApp leads instantly on VenueConnect.","Top Caterers in Barton Library, Bhavnagar",caterers in Barton Library Bhavnagar,"caterers near Barton Library, caterers Barton Library Bhavnagar, best caterers near Barton Library",Transactional (Hyper-local),Medium
Vendor + City Area,"Decorators in Barton Library, Bhavnagar | VenueConnect",/bhavnagar/barton-library/vendors/decorators/,"Top Decorators in Barton Library, Bhavnagar | Hire Near You - VenueConnect","Find the best decorators in Barton Library, Bhavnagar for your event. Browse verified profiles, compare pricing & get WhatsApp leads instantly on VenueConnect.","Top Decorators in Barton Library, Bhavnagar",decorators in Barton Library Bhavnagar,"decorators near Barton Library, decorators Barton Library Bhavnagar, best decorators near Barton Library",Transactional (Hyper-local),Medium
Vendor + City Area,"Mehndi Artists in Barton Library, Bhavnagar | VenueConnect",/bhavnagar/barton-library/vendors/mehndi-artists/,"Top Mehndi Artists in Barton Library, Bhavnagar | Hire Near You - VenueConnect","Find the best mehndi artists in Barton Library, Bhavnagar for your event. Browse verified profiles, compare pricing & get WhatsApp leads instantly on VenueConnect.","Top Mehndi Artists in Barton Library, Bhavnagar",mehndi artists in Barton Library Bhavnagar,"mehndi artists near Barton Library, mehndi artists Barton Library Bhavnagar, best mehndi artists near Barton Library",Transactional (Hyper-local),Medium
Vendor + City Area,"Photographers in Bhavnagar Airport Road, Bhavnagar | VenueConnect",/bhavnagar/bhavnagar-airport-road/vendors/photographers/,"Top Photographers in Bhavnagar Airport Road, Bhavnagar | Hire Near You - VenueConnect","Find the best photographers in Bhavnagar Airport Road, Bhavnagar for your event. Browse verified profiles, compare pricing & get WhatsApp leads instantly on VenueConnect.","Top Photographers in Bhavnagar Airport Road, Bhavnagar",photographers in Bhavnagar Airport Road Bhavnagar,"photographers near Bhavnagar Airport Road, photographers Bhavnagar Airport Road Bhavnagar, best photographers near Bhavnagar Airport Road",Transactional (Hyper-local),Medium
Vendor + City Area,"Caterers in Bhavnagar Airport Road, Bhavnagar | VenueConnect",/bhavnagar/bhavnagar-airport-road/vendors/caterers/,"Top Caterers in Bhavnagar Airport Road, Bhavnagar | Hire Near You - VenueConnect","Find the best caterers in Bhavnagar Airport Road, Bhavnagar for your event. Browse verified profiles, compare pricing & get WhatsApp leads instantly on VenueConnect.","Top Caterers in Bhavnagar Airport Road, Bhavnagar",caterers in Bhavnagar Airport Road Bhavnagar,"caterers near Bhavnagar Airport Road, caterers Bhavnagar Airport Road Bhavnagar, best caterers near Bhavnagar Airport Road",Transactional (Hyper-local),Medium
Vendor + City Area,"Decorators in Bhavnagar Airport Road, Bhavnagar | VenueConnect",/bhavnagar/bhavnagar-airport-road/vendors/decorators/,"Top Decorators in Bhavnagar Airport Road, Bhavnagar | Hire Near You - VenueConnect","Find the best decorators in Bhavnagar Airport Road, Bhavnagar for your event. Browse verified profiles, compare pricing & get WhatsApp leads instantly on VenueConnect.","Top Decorators in Bhavnagar Airport Road, Bhavnagar",decorators in Bhavnagar Airport Road Bhavnagar,"decorators near Bhavnagar Airport Road, decorators Bhavnagar Airport Road Bhavnagar, best decorators near Bhavnagar Airport Road",Transactional (Hyper-local),Medium
Vendor + City Area,"Mehndi Artists in Bhavnagar Airport Road, Bhavnagar | VenueConnect",/bhavnagar/bhavnagar-airport-road/vendors/mehndi-artists/,"Top Mehndi Artists in Bhavnagar Airport Road, Bhavnagar | Hire Near You - VenueConnect","Find the best mehndi artists in Bhavnagar Airport Road, Bhavnagar for your event. Browse verified profiles, compare pricing & get WhatsApp leads instantly on VenueConnect.","Top Mehndi Artists in Bhavnagar Airport Road, Bhavnagar",mehndi artists in Bhavnagar Airport Road Bhavnagar,"mehndi artists near Bhavnagar Airport Road, mehndi artists Bhavnagar Airport Road Bhavnagar, best mehndi artists near Bhavnagar Airport Road",Transactional (Hyper-local),Medium
Vendor + City Area,"Photographers in Bhavnagar Port, Bhavnagar | VenueConnect",/bhavnagar/bhavnagar-port/vendors/photographers/,"Top Photographers in Bhavnagar Port, Bhavnagar | Hire Near You - VenueConnect","Find the best photographers in Bhavnagar Port, Bhavnagar for your event. Browse verified profiles, compare pricing & get WhatsApp leads instantly on VenueConnect.","Top Photographers in Bhavnagar Port, Bhavnagar",photographers in Bhavnagar Port Bhavnagar,"photographers near Bhavnagar Port, photographers Bhavnagar Port Bhavnagar, best photographers near Bhavnagar Port",Transactional (Hyper-local),Medium
Vendor + City Area,"Caterers in Bhavnagar Port, Bhavnagar | VenueConnect",/bhavnagar/bhavnagar-port/vendors/caterers/,"Top Caterers in Bhavnagar Port, Bhavnagar | Hire Near You - VenueConnect","Find the best caterers in Bhavnagar Port, Bhavnagar for your event. Browse verified profiles, compare pricing & get WhatsApp leads instantly on VenueConnect.","Top Caterers in Bhavnagar Port, Bhavnagar",caterers in Bhavnagar Port Bhavnagar,"caterers near Bhavnagar Port, caterers Bhavnagar Port Bhavnagar, best caterers near Bhavnagar Port",Transactional (Hyper-local),Medium
Vendor + City Area,"Decorators in Bhavnagar Port, Bhavnagar | VenueConnect",/bhavnagar/bhavnagar-port/vendors/decorators/,"Top Decorators in Bhavnagar Port, Bhavnagar | Hire Near You - VenueConnect","Find the best decorators in Bhavnagar Port, Bhavnagar for your event. Browse verified profiles, compare pricing & get WhatsApp leads instantly on VenueConnect.","Top Decorators in Bhavnagar Port, Bhavnagar",decorators in Bhavnagar Port Bhavnagar,"decorators near Bhavnagar Port, decorators Bhavnagar Port Bhavnagar, best decorators near Bhavnagar Port",Transactional (Hyper-local),Medium
Vendor + City Area,"Mehndi Artists in Bhavnagar Port, Bhavnagar | VenueConnect",/bhavnagar/bhavnagar-port/vendors/mehndi-artists/,"Top Mehndi Artists in Bhavnagar Port, Bhavnagar | Hire Near You - VenueConnect","Find the best mehndi artists in Bhavnagar Port, Bhavnagar for your event. Browse verified profiles, compare pricing & get WhatsApp leads instantly on VenueConnect.","Top Mehndi Artists in Bhavnagar Port, Bhavnagar",mehndi artists in Bhavnagar Port Bhavnagar,"mehndi artists near Bhavnagar Port, mehndi artists Bhavnagar Port Bhavnagar, best mehndi artists near Bhavnagar Port",Transactional (Hyper-local),Medium
Vendor + City Area,"Photographers in College Road, Bhavnagar | VenueConnect",/bhavnagar/college-road/vendors/photographers/,"Top Photographers in College Road, Bhavnagar | Hire Near You - VenueConnect","Find the best photographers in College Road, Bhavnagar for your event. Browse verified profiles, compare pricing & get WhatsApp leads instantly on VenueConnect.","Top Photographers in College Road, Bhavnagar",photographers in College Road Bhavnagar,"photographers near College Road, photographers College Road Bhavnagar, best photographers near College Road",Transactional (Hyper-local),Medium
Vendor + City Area,"Caterers in College Road, Bhavnagar | VenueConnect",/bhavnagar/college-road/vendors/caterers/,"Top Caterers in College Road, Bhavnagar | Hire Near You - VenueConnect","Find the best caterers in College Road, Bhavnagar for your event. Browse verified profiles, compare pricing & get WhatsApp leads instantly on VenueConnect.","Top Caterers in College Road, Bhavnagar",caterers in College Road Bhavnagar,"caterers near College Road, caterers College Road Bhavnagar, best caterers near College Road",Transactional (Hyper-local),Medium
Vendor + City Area,"Decorators in College Road, Bhavnagar | VenueConnect",/bhavnagar/college-road/vendors/decorators/,"Top Decorators in College Road, Bhavnagar | Hire Near You - VenueConnect","Find the best decorators in College Road, Bhavnagar for your event. Browse verified profiles, compare pricing & get WhatsApp leads instantly on VenueConnect.","Top Decorators in College Road, Bhavnagar",decorators in College Road Bhavnagar,"decorators near College Road, decorators College Road Bhavnagar, best decorators near College Road",Transactional (Hyper-local),Medium
Vendor + City Area,"Mehndi Artists in College Road, Bhavnagar | VenueConnect",/bhavnagar/college-road/vendors/mehndi-artists/,"Top Mehndi Artists in College Road, Bhavnagar | Hire Near You - VenueConnect","Find the best mehndi artists in College Road, Bhavnagar for your event. Browse verified profiles, compare pricing & get WhatsApp leads instantly on VenueConnect.","Top Mehndi Artists in College Road, Bhavnagar",mehndi artists in College Road Bhavnagar,"mehndi artists near College Road, mehndi artists College Road Bhavnagar, best mehndi artists near College Road",Transactional (Hyper-local),Medium
Vendor + City Area,"Photographers in Darbargadh, Bhavnagar | VenueConnect",/bhavnagar/darbargadh/vendors/photographers/,"Top Photographers in Darbargadh, Bhavnagar | Hire Near You - VenueConnect","Find the best photographers in Darbargadh, Bhavnagar for your event. Browse verified profiles, compare pricing & get WhatsApp leads instantly on VenueConnect.","Top Photographers in Darbargadh, Bhavnagar",photographers in Darbargadh Bhavnagar,"photographers near Darbargadh, photographers Darbargadh Bhavnagar, best photographers near Darbargadh",Transactional (Hyper-local),Medium
Vendor + City Area,"Caterers in Darbargadh, Bhavnagar | VenueConnect",/bhavnagar/darbargadh/vendors/caterers/,"Top Caterers in Darbargadh, Bhavnagar | Hire Near You - VenueConnect","Find the best caterers in Darbargadh, Bhavnagar for your event. Browse verified profiles, compare pricing & get WhatsApp leads instantly on VenueConnect.","Top Caterers in Darbargadh, Bhavnagar",caterers in Darbargadh Bhavnagar,"caterers near Darbargadh, caterers Darbargadh Bhavnagar, best caterers near Darbargadh",Transactional (Hyper-local),Medium
Vendor + City Area,"Decorators in Darbargadh, Bhavnagar | VenueConnect",/bhavnagar/darbargadh/vendors/decorators/,"Top Decorators in Darbargadh, Bhavnagar | Hire Near You - VenueConnect","Find the best decorators in Darbargadh, Bhavnagar for your event. Browse verified profiles, compare pricing & get WhatsApp leads instantly on VenueConnect.","Top Decorators in Darbargadh, Bhavnagar",decorators in Darbargadh Bhavnagar,"decorators near Darbargadh, decorators Darbargadh Bhavnagar, best decorators near Darbargadh",Transactional (Hyper-local),Medium
Vendor + City Area,"Mehndi Artists in Darbargadh, Bhavnagar | VenueConnect",/bhavnagar/darbargadh/vendors/mehndi-artists/,"Top Mehndi Artists in Darbargadh, Bhavnagar | Hire Near You - VenueConnect","Find the best mehndi artists in Darbargadh, Bhavnagar for your event. Browse verified profiles, compare pricing & get WhatsApp leads instantly on VenueConnect.","Top Mehndi Artists in Darbargadh, Bhavnagar",mehndi artists in Darbargadh Bhavnagar,"mehndi artists near Darbargadh, mehndi artists Darbargadh Bhavnagar, best mehndi artists near Darbargadh",Transactional (Hyper-local),Medium
Vendor + City Area,"Photographers in Ghogha Circle, Bhavnagar | VenueConnect",/bhavnagar/ghogha-circle/vendors/photographers/,"Top Photographers in Ghogha Circle, Bhavnagar | Hire Near You - VenueConnect","Find the best photographers in Ghogha Circle, Bhavnagar for your event. Browse verified profiles, compare pricing & get WhatsApp leads instantly on VenueConnect.","Top Photographers in Ghogha Circle, Bhavnagar",photographers in Ghogha Circle Bhavnagar,"photographers near Ghogha Circle, photographers Ghogha Circle Bhavnagar, best photographers near Ghogha Circle",Transactional (Hyper-local),Medium
Vendor + City Area,"Caterers in Ghogha Circle, Bhavnagar | VenueConnect",/bhavnagar/ghogha-circle/vendors/caterers/,"Top Caterers in Ghogha Circle, Bhavnagar | Hire Near You - VenueConnect","Find the best caterers in Ghogha Circle, Bhavnagar for your event. Browse verified profiles, compare pricing & get WhatsApp leads instantly on VenueConnect.","Top Caterers in Ghogha Circle, Bhavnagar",caterers in Ghogha Circle Bhavnagar,"caterers near Ghogha Circle, caterers Ghogha Circle Bhavnagar, best caterers near Ghogha Circle",Transactional (Hyper-local),Medium
Vendor + City Area,"Decorators in Ghogha Circle, Bhavnagar | VenueConnect",/bhavnagar/ghogha-circle/vendors/decorators/,"Top Decorators in Ghogha Circle, Bhavnagar | Hire Near You - VenueConnect","Find the best decorators in Ghogha Circle, Bhavnagar for your event. Browse verified profiles, compare pricing & get WhatsApp leads instantly on VenueConnect.","Top Decorators in Ghogha Circle, Bhavnagar",decorators in Ghogha Circle Bhavnagar,"decorators near Ghogha Circle, decorators Ghogha Circle Bhavnagar, best decorators near Ghogha Circle",Transactional (Hyper-local),Medium
Vendor + City Area,"Mehndi Artists in Ghogha Circle, Bhavnagar | VenueConnect",/bhavnagar/ghogha-circle/vendors/mehndi-artists/,"Top Mehndi Artists in Ghogha Circle, Bhavnagar | Hire Near You - VenueConnect","Find the best mehndi artists in Ghogha Circle, Bhavnagar for your event. Browse verified profiles, compare pricing & get WhatsApp leads instantly on VenueConnect.","Top Mehndi Artists in Ghogha Circle, Bhavnagar",mehndi artists in Ghogha Circle Bhavnagar,"mehndi artists near Ghogha Circle, mehndi artists Ghogha Circle Bhavnagar, best mehndi artists near Ghogha Circle",Transactional (Hyper-local),Medium
Vendor + City Area,"Photographers in Jail Road, Bhavnagar | VenueConnect",/bhavnagar/jail-road/vendors/photographers/,"Top Photographers in Jail Road, Bhavnagar | Hire Near You - VenueConnect","Find the best photographers in Jail Road, Bhavnagar for your event. Browse verified profiles, compare pricing & get WhatsApp leads instantly on VenueConnect.","Top Photographers in Jail Road, Bhavnagar",photographers in Jail Road Bhavnagar,"photographers near Jail Road, photographers Jail Road Bhavnagar, best photographers near Jail Road",Transactional (Hyper-local),Medium
Vendor + City Area,"Caterers in Jail Road, Bhavnagar | VenueConnect",/bhavnagar/jail-road/vendors/caterers/,"Top Caterers in Jail Road, Bhavnagar | Hire Near You - VenueConnect","Find the best caterers in Jail Road, Bhavnagar for your event. Browse verified profiles, compare pricing & get WhatsApp leads instantly on VenueConnect.","Top Caterers in Jail Road, Bhavnagar",caterers in Jail Road Bhavnagar,"caterers near Jail Road, caterers Jail Road Bhavnagar, best caterers near Jail Road",Transactional (Hyper-local),Medium
Vendor + City Area,"Decorators in Jail Road, Bhavnagar | VenueConnect",/bhavnagar/jail-road/vendors/decorators/,"Top Decorators in Jail Road, Bhavnagar | Hire Near You - VenueConnect","Find the best decorators in Jail Road, Bhavnagar for your event. Browse verified profiles, compare pricing & get WhatsApp leads instantly on VenueConnect.","Top Decorators in Jail Road, Bhavnagar",decorators in Jail Road Bhavnagar,"decorators near Jail Road, decorators Jail Road Bhavnagar, best decorators near Jail Road",Transactional (Hyper-local),Medium
Vendor + City Area,"Mehndi Artists in Jail Road, Bhavnagar | VenueConnect",/bhavnagar/jail-road/vendors/mehndi-artists/,"Top Mehndi Artists in Jail Road, Bhavnagar | Hire Near You - VenueConnect","Find the best mehndi artists in Jail Road, Bhavnagar for your event. Browse verified profiles, compare pricing & get WhatsApp leads instantly on VenueConnect.","Top Mehndi Artists in Jail Road, Bhavnagar",mehndi artists in Jail Road Bhavnagar,"mehndi artists near Jail Road, mehndi artists Jail Road Bhavnagar, best mehndi artists near Jail Road",Transactional (Hyper-local),Medium
Vendor + City Area,"Photographers in Khodiyar Nagar, Bhavnagar | VenueConnect",/bhavnagar/khodiyar-nagar/vendors/photographers/,"Top Photographers in Khodiyar Nagar, Bhavnagar | Hire Near You - VenueConnect","Find the best photographers in Khodiyar Nagar, Bhavnagar for your event. Browse verified profiles, compare pricing & get WhatsApp leads instantly on VenueConnect.","Top Photographers in Khodiyar Nagar, Bhavnagar",photographers in Khodiyar Nagar Bhavnagar,"photographers near Khodiyar Nagar, photographers Khodiyar Nagar Bhavnagar, best photographers near Khodiyar Nagar",Transactional (Hyper-local),Medium
Vendor + City Area,"Caterers in Khodiyar Nagar, Bhavnagar | VenueConnect",/bhavnagar/khodiyar-nagar/vendors/caterers/,"Top Caterers in Khodiyar Nagar, Bhavnagar | Hire Near You - VenueConnect","Find the best caterers in Khodiyar Nagar, Bhavnagar for your event. Browse verified profiles, compare pricing & get WhatsApp leads instantly on VenueConnect.","Top Caterers in Khodiyar Nagar, Bhavnagar",caterers in Khodiyar Nagar Bhavnagar,"caterers near Khodiyar Nagar, caterers Khodiyar Nagar Bhavnagar, best caterers near Khodiyar Nagar",Transactional (Hyper-local),Medium
Vendor + City Area,"Decorators in Khodiyar Nagar, Bhavnagar | VenueConnect",/bhavnagar/khodiyar-nagar/vendors/decorators/,"Top Decorators in Khodiyar Nagar, Bhavnagar | Hire Near You - VenueConnect","Find the best decorators in Khodiyar Nagar, Bhavnagar for your event. Browse verified profiles, compare pricing & get WhatsApp leads instantly on VenueConnect.","Top Decorators in Khodiyar Nagar, Bhavnagar",decorators in Khodiyar Nagar Bhavnagar,"decorators near Khodiyar Nagar, decorators Khodiyar Nagar Bhavnagar, best decorators near Khodiyar Nagar",Transactional (Hyper-local),Medium
Vendor + City Area,"Mehndi Artists in Khodiyar Nagar, Bhavnagar | VenueConnect",/bhavnagar/khodiyar-nagar/vendors/mehndi-artists/,"Top Mehndi Artists in Khodiyar Nagar, Bhavnagar | Hire Near You - VenueConnect","Find the best mehndi artists in Khodiyar Nagar, Bhavnagar for your event. Browse verified profiles, compare pricing & get WhatsApp leads instantly on VenueConnect.","Top Mehndi Artists in Khodiyar Nagar, Bhavnagar",mehndi artists in Khodiyar Nagar Bhavnagar,"mehndi artists near Khodiyar Nagar, mehndi artists Khodiyar Nagar Bhavnagar, best mehndi artists near Khodiyar Nagar",Transactional (Hyper-local),Medium
Vendor + City Area,"Photographers in Krishna Nagar, Bhavnagar | VenueConnect",/bhavnagar/krishna-nagar/vendors/photographers/,"Top Photographers in Krishna Nagar, Bhavnagar | Hire Near You - VenueConnect","Find the best photographers in Krishna Nagar, Bhavnagar for your event. Browse verified profiles, compare pricing & get WhatsApp leads instantly on VenueConnect.","Top Photographers in Krishna Nagar, Bhavnagar",photographers in Krishna Nagar Bhavnagar,"photographers near Krishna Nagar, photographers Krishna Nagar Bhavnagar, best photographers near Krishna Nagar",Transactional (Hyper-local),Medium
Vendor + City Area,"Caterers in Krishna Nagar, Bhavnagar | VenueConnect",/bhavnagar/krishna-nagar/vendors/caterers/,"Top Caterers in Krishna Nagar, Bhavnagar | Hire Near You - VenueConnect","Find the best caterers in Krishna Nagar, Bhavnagar for your event. Browse verified profiles, compare pricing & get WhatsApp leads instantly on VenueConnect.","Top Caterers in Krishna Nagar, Bhavnagar",caterers in Krishna Nagar Bhavnagar,"caterers near Krishna Nagar, caterers Krishna Nagar Bhavnagar, best caterers near Krishna Nagar",Transactional (Hyper-local),Medium
Vendor + City Area,"Decorators in Krishna Nagar, Bhavnagar | VenueConnect",/bhavnagar/krishna-nagar/vendors/decorators/,"Top Decorators in Krishna Nagar, Bhavnagar | Hire Near You - VenueConnect","Find the best decorators in Krishna Nagar, Bhavnagar for your event. Browse verified profiles, compare pricing & get WhatsApp leads instantly on VenueConnect.","Top Decorators in Krishna Nagar, Bhavnagar",decorators in Krishna Nagar Bhavnagar,"decorators near Krishna Nagar, decorators Krishna Nagar Bhavnagar, best decorators near Krishna Nagar",Transactional (Hyper-local),Medium
Vendor + City Area,"Mehndi Artists in Krishna Nagar, Bhavnagar | VenueConnect",/bhavnagar/krishna-nagar/vendors/mehndi-artists/,"Top Mehndi Artists in Krishna Nagar, Bhavnagar | Hire Near You - VenueConnect","Find the best mehndi artists in Krishna Nagar, Bhavnagar for your event. Browse verified profiles, compare pricing & get WhatsApp leads instantly on VenueConnect.","Top Mehndi Artists in Krishna Nagar, Bhavnagar",mehndi artists in Krishna Nagar Bhavnagar,"mehndi artists near Krishna Nagar, mehndi artists Krishna Nagar Bhavnagar, best mehndi artists near Krishna Nagar",Transactional (Hyper-local),Medium
Vendor + City Area,"Photographers in Lodhi Nagar, Bhavnagar | VenueConnect",/bhavnagar/lodhi-nagar/vendors/photographers/,"Top Photographers in Lodhi Nagar, Bhavnagar | Hire Near You - VenueConnect","Find the best photographers in Lodhi Nagar, Bhavnagar for your event. Browse verified profiles, compare pricing & get WhatsApp leads instantly on VenueConnect.","Top Photographers in Lodhi Nagar, Bhavnagar",photographers in Lodhi Nagar Bhavnagar,"photographers near Lodhi Nagar, photographers Lodhi Nagar Bhavnagar, best photographers near Lodhi Nagar",Transactional (Hyper-local),Medium
Vendor + City Area,"Caterers in Lodhi Nagar, Bhavnagar | VenueConnect",/bhavnagar/lodhi-nagar/vendors/caterers/,"Top Caterers in Lodhi Nagar, Bhavnagar | Hire Near You - VenueConnect","Find the best caterers in Lodhi Nagar, Bhavnagar for your event. Browse verified profiles, compare pricing & get WhatsApp leads instantly on VenueConnect.","Top Caterers in Lodhi Nagar, Bhavnagar",caterers in Lodhi Nagar Bhavnagar,"caterers near Lodhi Nagar, caterers Lodhi Nagar Bhavnagar, best caterers near Lodhi Nagar",Transactional (Hyper-local),Medium
Vendor + City Area,"Decorators in Lodhi Nagar, Bhavnagar | VenueConnect",/bhavnagar/lodhi-nagar/vendors/decorators/,"Top Decorators in Lodhi Nagar, Bhavnagar | Hire Near You - VenueConnect","Find the best decorators in Lodhi Nagar, Bhavnagar for your event. Browse verified profiles, compare pricing & get WhatsApp leads instantly on VenueConnect.","Top Decorators in Lodhi Nagar, Bhavnagar",decorators in Lodhi Nagar Bhavnagar,"decorators near Lodhi Nagar, decorators Lodhi Nagar Bhavnagar, best decorators near Lodhi Nagar",Transactional (Hyper-local),Medium
Vendor + City Area,"Mehndi Artists in Lodhi Nagar, Bhavnagar | VenueConnect",/bhavnagar/lodhi-nagar/vendors/mehndi-artists/,"Top Mehndi Artists in Lodhi Nagar, Bhavnagar | Hire Near You - VenueConnect","Find the best mehndi artists in Lodhi Nagar, Bhavnagar for your event. Browse verified profiles, compare pricing & get WhatsApp leads instantly on VenueConnect.","Top Mehndi Artists in Lodhi Nagar, Bhavnagar",mehndi artists in Lodhi Nagar Bhavnagar,"mehndi artists near Lodhi Nagar, mehndi artists Lodhi Nagar Bhavnagar, best mehndi artists near Lodhi Nagar",Transactional (Hyper-local),Medium
Vendor + City Area,"Photographers in Madhav Nagar, Bhavnagar | VenueConnect",/bhavnagar/madhav-nagar/vendors/photographers/,"Top Photographers in Madhav Nagar, Bhavnagar | Hire Near You - VenueConnect","Find the best photographers in Madhav Nagar, Bhavnagar for your event. Browse verified profiles, compare pricing & get WhatsApp leads instantly on VenueConnect.","Top Photographers in Madhav Nagar, Bhavnagar",photographers in Madhav Nagar Bhavnagar,"photographers near Madhav Nagar, photographers Madhav Nagar Bhavnagar, best photographers near Madhav Nagar",Transactional (Hyper-local),Medium
Vendor + City Area,"Caterers in Madhav Nagar, Bhavnagar | VenueConnect",/bhavnagar/madhav-nagar/vendors/caterers/,"Top Caterers in Madhav Nagar, Bhavnagar | Hire Near You - VenueConnect","Find the best caterers in Madhav Nagar, Bhavnagar for your event. Browse verified profiles, compare pricing & get WhatsApp leads instantly on VenueConnect.","Top Caterers in Madhav Nagar, Bhavnagar",caterers in Madhav Nagar Bhavnagar,"caterers near Madhav Nagar, caterers Madhav Nagar Bhavnagar, best caterers near Madhav Nagar",Transactional (Hyper-local),Medium
Vendor + City Area,"Decorators in Madhav Nagar, Bhavnagar | VenueConnect",/bhavnagar/madhav-nagar/vendors/decorators/,"Top Decorators in Madhav Nagar, Bhavnagar | Hire Near You - VenueConnect","Find the best decorators in Madhav Nagar, Bhavnagar for your event. Browse verified profiles, compare pricing & get WhatsApp leads instantly on VenueConnect.","Top Decorators in Madhav Nagar, Bhavnagar",decorators in Madhav Nagar Bhavnagar,"decorators near Madhav Nagar, decorators Madhav Nagar Bhavnagar, best decorators near Madhav Nagar",Transactional (Hyper-local),Medium
Vendor + City Area,"Mehndi Artists in Madhav Nagar, Bhavnagar | VenueConnect",/bhavnagar/madhav-nagar/vendors/mehndi-artists/,"Top Mehndi Artists in Madhav Nagar, Bhavnagar | Hire Near You - VenueConnect","Find the best mehndi artists in Madhav Nagar, Bhavnagar for your event. Browse verified profiles, compare pricing & get WhatsApp leads instantly on VenueConnect.","Top Mehndi Artists in Madhav Nagar, Bhavnagar",mehndi artists in Madhav Nagar Bhavnagar,"mehndi artists near Madhav Nagar, mehndi artists Madhav Nagar Bhavnagar, best mehndi artists near Madhav Nagar",Transactional (Hyper-local),Medium
Vendor + City Area,"Photographers in Mahuva Road, Bhavnagar | VenueConnect",/bhavnagar/mahuva-road/vendors/photographers/,"Top Photographers in Mahuva Road, Bhavnagar | Hire Near You - VenueConnect","Find the best photographers in Mahuva Road, Bhavnagar for your event. Browse verified profiles, compare pricing & get WhatsApp leads instantly on VenueConnect.","Top Photographers in Mahuva Road, Bhavnagar",photographers in Mahuva Road Bhavnagar,"photographers near Mahuva Road, photographers Mahuva Road Bhavnagar, best photographers near Mahuva Road",Transactional (Hyper-local),Medium
Vendor + City Area,"Caterers in Mahuva Road, Bhavnagar | VenueConnect",/bhavnagar/mahuva-road/vendors/caterers/,"Top Caterers in Mahuva Road, Bhavnagar | Hire Near You - VenueConnect","Find the best caterers in Mahuva Road, Bhavnagar for your event. Browse verified profiles, compare pricing & get WhatsApp leads instantly on VenueConnect.","Top Caterers in Mahuva Road, Bhavnagar",caterers in Mahuva Road Bhavnagar,"caterers near Mahuva Road, caterers Mahuva Road Bhavnagar, best caterers near Mahuva Road",Transactional (Hyper-local),Medium
Vendor + City Area,"Decorators in Mahuva Road, Bhavnagar | VenueConnect",/bhavnagar/mahuva-road/vendors/decorators/,"Top Decorators in Mahuva Road, Bhavnagar | Hire Near You - VenueConnect","Find the best decorators in Mahuva Road, Bhavnagar for your event. Browse verified profiles, compare pricing & get WhatsApp leads instantly on VenueConnect.","Top Decorators in Mahuva Road, Bhavnagar",decorators in Mahuva Road Bhavnagar,"decorators near Mahuva Road, decorators Mahuva Road Bhavnagar, best decorators near Mahuva Road",Transactional (Hyper-local),Medium
Vendor + City Area,"Mehndi Artists in Mahuva Road, Bhavnagar | VenueConnect",/bhavnagar/mahuva-road/vendors/mehndi-artists/,"Top Mehndi Artists in Mahuva Road, Bhavnagar | Hire Near You - VenueConnect","Find the best mehndi artists in Mahuva Road, Bhavnagar for your event. Browse verified profiles, compare pricing & get WhatsApp leads instantly on VenueConnect.","Top Mehndi Artists in Mahuva Road, Bhavnagar",mehndi artists in Mahuva Road Bhavnagar,"mehndi artists near Mahuva Road, mehndi artists Mahuva Road Bhavnagar, best mehndi artists near Mahuva Road",Transactional (Hyper-local),Medium
Vendor + City Area,"Photographers in Nari Road, Bhavnagar | VenueConnect",/bhavnagar/nari-road/vendors/photographers/,"Top Photographers in Nari Road, Bhavnagar | Hire Near You - VenueConnect","Find the best photographers in Nari Road, Bhavnagar for your event. Browse verified profiles, compare pricing & get WhatsApp leads instantly on VenueConnect.","Top Photographers in Nari Road, Bhavnagar",photographers in Nari Road Bhavnagar,"photographers near Nari Road, photographers Nari Road Bhavnagar, best photographers near Nari Road",Transactional (Hyper-local),Medium
Vendor + City Area,"Caterers in Nari Road, Bhavnagar | VenueConnect",/bhavnagar/nari-road/vendors/caterers/,"Top Caterers in Nari Road, Bhavnagar | Hire Near You - VenueConnect","Find the best caterers in Nari Road, Bhavnagar for your event. Browse verified profiles, compare pricing & get WhatsApp leads instantly on VenueConnect.","Top Caterers in Nari Road, Bhavnagar",caterers in Nari Road Bhavnagar,"caterers near Nari Road, caterers Nari Road Bhavnagar, best caterers near Nari Road",Transactional (Hyper-local),Medium
Vendor + City Area,"Decorators in Nari Road, Bhavnagar | VenueConnect",/bhavnagar/nari-road/vendors/decorators/,"Top Decorators in Nari Road, Bhavnagar | Hire Near You - VenueConnect","Find the best decorators in Nari Road, Bhavnagar for your event. Browse verified profiles, compare pricing & get WhatsApp leads instantly on VenueConnect.","Top Decorators in Nari Road, Bhavnagar",decorators in Nari Road Bhavnagar,"decorators near Nari Road, decorators Nari Road Bhavnagar, best decorators near Nari Road",Transactional (Hyper-local),Medium
Vendor + City Area,"Mehndi Artists in Nari Road, Bhavnagar | VenueConnect",/bhavnagar/nari-road/vendors/mehndi-artists/,"Top Mehndi Artists in Nari Road, Bhavnagar | Hire Near You - VenueConnect","Find the best mehndi artists in Nari Road, Bhavnagar for your event. Browse verified profiles, compare pricing & get WhatsApp leads instantly on VenueConnect.","Top Mehndi Artists in Nari Road, Bhavnagar",mehndi artists in Nari Road Bhavnagar,"mehndi artists near Nari Road, mehndi artists Nari Road Bhavnagar, best mehndi artists near Nari Road",Transactional (Hyper-local),Medium
Vendor + City Area,"Photographers in Old National Highway, Bhavnagar | VenueConnect",/bhavnagar/old-national-highway/vendors/photographers/,"Top Photographers in Old National Highway, Bhavnagar | Hire Near You - VenueConnect","Find the best photographers in Old National Highway, Bhavnagar for your event. Browse verified profiles, compare pricing & get WhatsApp leads instantly on VenueConnect.","Top Photographers in Old National Highway, Bhavnagar",photographers in Old National Highway Bhavnagar,"photographers near Old National Highway, photographers Old National Highway Bhavnagar, best photographers near Old National Highway",Transactional (Hyper-local),Medium
Vendor + City Area,"Caterers in Old National Highway, Bhavnagar | VenueConnect",/bhavnagar/old-national-highway/vendors/caterers/,"Top Caterers in Old National Highway, Bhavnagar | Hire Near You - VenueConnect","Find the best caterers in Old National Highway, Bhavnagar for your event. Browse verified profiles, compare pricing & get WhatsApp leads instantly on VenueConnect.","Top Caterers in Old National Highway, Bhavnagar",caterers in Old National Highway Bhavnagar,"caterers near Old National Highway, caterers Old National Highway Bhavnagar, best caterers near Old National Highway",Transactional (Hyper-local),Medium
Vendor + City Area,"Decorators in Old National Highway, Bhavnagar | VenueConnect",/bhavnagar/old-national-highway/vendors/decorators/,"Top Decorators in Old National Highway, Bhavnagar | Hire Near You - VenueConnect","Find the best decorators in Old National Highway, Bhavnagar for your event. Browse verified profiles, compare pricing & get WhatsApp leads instantly on VenueConnect.","Top Decorators in Old National Highway, Bhavnagar",decorators in Old National Highway Bhavnagar,"decorators near Old National Highway, decorators Old National Highway Bhavnagar, best decorators near Old National Highway",Transactional (Hyper-local),Medium
Vendor + City Area,"Mehndi Artists in Old National Highway, Bhavnagar | VenueConnect",/bhavnagar/old-national-highway/vendors/mehndi-artists/,"Top Mehndi Artists in Old National Highway, Bhavnagar | Hire Near You - VenueConnect","Find the best mehndi artists in Old National Highway, Bhavnagar for your event. Browse verified profiles, compare pricing & get WhatsApp leads instantly on VenueConnect.","Top Mehndi Artists in Old National Highway, Bhavnagar",mehndi artists in Old National Highway Bhavnagar,"mehndi artists near Old National Highway, mehndi artists Old National Highway Bhavnagar, best mehndi artists near Old National Highway",Transactional (Hyper-local),Medium
Vendor + City Area,"Photographers in Palitana Road, Bhavnagar | VenueConnect",/bhavnagar/palitana-road/vendors/photographers/,"Top Photographers in Palitana Road, Bhavnagar | Hire Near You - VenueConnect","Find the best photographers in Palitana Road, Bhavnagar for your event. Browse verified profiles, compare pricing & get WhatsApp leads instantly on VenueConnect.","Top Photographers in Palitana Road, Bhavnagar",photographers in Palitana Road Bhavnagar,"photographers near Palitana Road, photographers Palitana Road Bhavnagar, best photographers near Palitana Road",Transactional (Hyper-local),Medium
Vendor + City Area,"Caterers in Palitana Road, Bhavnagar | VenueConnect",/bhavnagar/palitana-road/vendors/caterers/,"Top Caterers in Palitana Road, Bhavnagar | Hire Near You - VenueConnect","Find the best caterers in Palitana Road, Bhavnagar for your event. Browse verified profiles, compare pricing & get WhatsApp leads instantly on VenueConnect.","Top Caterers in Palitana Road, Bhavnagar",caterers in Palitana Road Bhavnagar,"caterers near Palitana Road, caterers Palitana Road Bhavnagar, best caterers near Palitana Road",Transactional (Hyper-local),Medium
Vendor + City Area,"Decorators in Palitana Road, Bhavnagar | VenueConnect",/bhavnagar/palitana-road/vendors/decorators/,"Top Decorators in Palitana Road, Bhavnagar | Hire Near You - VenueConnect","Find the best decorators in Palitana Road, Bhavnagar for your event. Browse verified profiles, compare pricing & get WhatsApp leads instantly on VenueConnect.","Top Decorators in Palitana Road, Bhavnagar",decorators in Palitana Road Bhavnagar,"decorators near Palitana Road, decorators Palitana Road Bhavnagar, best decorators near Palitana Road",Transactional (Hyper-local),Medium
Vendor + City Area,"Mehndi Artists in Palitana Road, Bhavnagar | VenueConnect",/bhavnagar/palitana-road/vendors/mehndi-artists/,"Top Mehndi Artists in Palitana Road, Bhavnagar | Hire Near You - VenueConnect","Find the best mehndi artists in Palitana Road, Bhavnagar for your event. Browse verified profiles, compare pricing & get WhatsApp leads instantly on VenueConnect.","Top Mehndi Artists in Palitana Road, Bhavnagar",mehndi artists in Palitana Road Bhavnagar,"mehndi artists near Palitana Road, mehndi artists Palitana Road Bhavnagar, best mehndi artists near Palitana Road",Transactional (Hyper-local),Medium
Vendor + City Area,"Photographers in Parimal Society, Bhavnagar | VenueConnect",/bhavnagar/parimal-society/vendors/photographers/,"Top Photographers in Parimal Society, Bhavnagar | Hire Near You - VenueConnect","Find the best photographers in Parimal Society, Bhavnagar for your event. Browse verified profiles, compare pricing & get WhatsApp leads instantly on VenueConnect.","Top Photographers in Parimal Society, Bhavnagar",photographers in Parimal Society Bhavnagar,"photographers near Parimal Society, photographers Parimal Society Bhavnagar, best photographers near Parimal Society",Transactional (Hyper-local),Medium
Vendor + City Area,"Caterers in Parimal Society, Bhavnagar | VenueConnect",/bhavnagar/parimal-society/vendors/caterers/,"Top Caterers in Parimal Society, Bhavnagar | Hire Near You - VenueConnect","Find the best caterers in Parimal Society, Bhavnagar for your event. Browse verified profiles, compare pricing & get WhatsApp leads instantly on VenueConnect.","Top Caterers in Parimal Society, Bhavnagar",caterers in Parimal Society Bhavnagar,"caterers near Parimal Society, caterers Parimal Society Bhavnagar, best caterers near Parimal Society",Transactional (Hyper-local),Medium
Vendor + City Area,"Decorators in Parimal Society, Bhavnagar | VenueConnect",/bhavnagar/parimal-society/vendors/decorators/,"Top Decorators in Parimal Society, Bhavnagar | Hire Near You - VenueConnect","Find the best decorators in Parimal Society, Bhavnagar for your event. Browse verified profiles, compare pricing & get WhatsApp leads instantly on VenueConnect.","Top Decorators in Parimal Society, Bhavnagar",decorators in Parimal Society Bhavnagar,"decorators near Parimal Society, decorators Parimal Society Bhavnagar, best decorators near Parimal Society",Transactional (Hyper-local),Medium
Vendor + City Area,"Mehndi Artists in Parimal Society, Bhavnagar | VenueConnect",/bhavnagar/parimal-society/vendors/mehndi-artists/,"Top Mehndi Artists in Parimal Society, Bhavnagar | Hire Near You - VenueConnect","Find the best mehndi artists in Parimal Society, Bhavnagar for your event. Browse verified profiles, compare pricing & get WhatsApp leads instantly on VenueConnect.","Top Mehndi Artists in Parimal Society, Bhavnagar",mehndi artists in Parimal Society Bhavnagar,"mehndi artists near Parimal Society, mehndi artists Parimal Society Bhavnagar, best mehndi artists near Parimal Society",Transactional (Hyper-local),Medium
Vendor + City Area,"Photographers in Patel Colony, Bhavnagar | VenueConnect",/bhavnagar/patel-colony/vendors/photographers/,"Top Photographers in Patel Colony, Bhavnagar | Hire Near You - VenueConnect","Find the best photographers in Patel Colony, Bhavnagar for your event. Browse verified profiles, compare pricing & get WhatsApp leads instantly on VenueConnect.","Top Photographers in Patel Colony, Bhavnagar",photographers in Patel Colony Bhavnagar,"photographers near Patel Colony, photographers Patel Colony Bhavnagar, best photographers near Patel Colony",Transactional (Hyper-local),Medium
Vendor + City Area,"Caterers in Patel Colony, Bhavnagar | VenueConnect",/bhavnagar/patel-colony/vendors/caterers/,"Top Caterers in Patel Colony, Bhavnagar | Hire Near You - VenueConnect","Find the best caterers in Patel Colony, Bhavnagar for your event. Browse verified profiles, compare pricing & get WhatsApp leads instantly on VenueConnect.","Top Caterers in Patel Colony, Bhavnagar",caterers in Patel Colony Bhavnagar,"caterers near Patel Colony, caterers Patel Colony Bhavnagar, best caterers near Patel Colony",Transactional (Hyper-local),Medium
Vendor + City Area,"Decorators in Patel Colony, Bhavnagar | VenueConnect",/bhavnagar/patel-colony/vendors/decorators/,"Top Decorators in Patel Colony, Bhavnagar | Hire Near You - VenueConnect","Find the best decorators in Patel Colony, Bhavnagar for your event. Browse verified profiles, compare pricing & get WhatsApp leads instantly on VenueConnect.","Top Decorators in Patel Colony, Bhavnagar",decorators in Patel Colony Bhavnagar,"decorators near Patel Colony, decorators Patel Colony Bhavnagar, best decorators near Patel Colony",Transactional (Hyper-local),Medium
Vendor + City Area,"Mehndi Artists in Patel Colony, Bhavnagar | VenueConnect",/bhavnagar/patel-colony/vendors/mehndi-artists/,"Top Mehndi Artists in Patel Colony, Bhavnagar | Hire Near You - VenueConnect","Find the best mehndi artists in Patel Colony, Bhavnagar for your event. Browse verified profiles, compare pricing & get WhatsApp leads instantly on VenueConnect.","Top Mehndi Artists in Patel Colony, Bhavnagar",mehndi artists in Patel Colony Bhavnagar,"mehndi artists near Patel Colony, mehndi artists Patel Colony Bhavnagar, best mehndi artists near Patel Colony",Transactional (Hyper-local),Medium
Vendor + City Area,"Photographers in Rambaug, Bhavnagar | VenueConnect",/bhavnagar/rambaug/vendors/photographers/,"Top Photographers in Rambaug, Bhavnagar | Hire Near You - VenueConnect","Find the best photographers in Rambaug, Bhavnagar for your event. Browse verified profiles, compare pricing & get WhatsApp leads instantly on VenueConnect.","Top Photographers in Rambaug, Bhavnagar",photographers in Rambaug Bhavnagar,"photographers near Rambaug, photographers Rambaug Bhavnagar, best photographers near Rambaug",Transactional (Hyper-local),Medium
Vendor + City Area,"Caterers in Rambaug, Bhavnagar | VenueConnect",/bhavnagar/rambaug/vendors/caterers/,"Top Caterers in Rambaug, Bhavnagar | Hire Near You - VenueConnect","Find the best caterers in Rambaug, Bhavnagar for your event. Browse verified profiles, compare pricing & get WhatsApp leads instantly on VenueConnect.","Top Caterers in Rambaug, Bhavnagar",caterers in Rambaug Bhavnagar,"caterers near Rambaug, caterers Rambaug Bhavnagar, best caterers near Rambaug",Transactional (Hyper-local),Medium
Vendor + City Area,"Decorators in Rambaug, Bhavnagar | VenueConnect",/bhavnagar/rambaug/vendors/decorators/,"Top Decorators in Rambaug, Bhavnagar | Hire Near You - VenueConnect","Find the best decorators in Rambaug, Bhavnagar for your event. Browse verified profiles, compare pricing & get WhatsApp leads instantly on VenueConnect.","Top Decorators in Rambaug, Bhavnagar",decorators in Rambaug Bhavnagar,"decorators near Rambaug, decorators Rambaug Bhavnagar, best decorators near Rambaug",Transactional (Hyper-local),Medium
Vendor + City Area,"Mehndi Artists in Rambaug, Bhavnagar | VenueConnect",/bhavnagar/rambaug/vendors/mehndi-artists/,"Top Mehndi Artists in Rambaug, Bhavnagar | Hire Near You - VenueConnect","Find the best mehndi artists in Rambaug, Bhavnagar for your event. Browse verified profiles, compare pricing & get WhatsApp leads instantly on VenueConnect.","Top Mehndi Artists in Rambaug, Bhavnagar",mehndi artists in Rambaug Bhavnagar,"mehndi artists near Rambaug, mehndi artists Rambaug Bhavnagar, best mehndi artists near Rambaug",Transactional (Hyper-local),Medium
Vendor + City Area,"Photographers in Sidsar Road, Bhavnagar | VenueConnect",/bhavnagar/sidsar-road/vendors/photographers/,"Top Photographers in Sidsar Road, Bhavnagar | Hire Near You - VenueConnect","Find the best photographers in Sidsar Road, Bhavnagar for your event. Browse verified profiles, compare pricing & get WhatsApp leads instantly on VenueConnect.","Top Photographers in Sidsar Road, Bhavnagar",photographers in Sidsar Road Bhavnagar,"photographers near Sidsar Road, photographers Sidsar Road Bhavnagar, best photographers near Sidsar Road",Transactional (Hyper-local),Medium
Vendor + City Area,"Caterers in Sidsar Road, Bhavnagar | VenueConnect",/bhavnagar/sidsar-road/vendors/caterers/,"Top Caterers in Sidsar Road, Bhavnagar | Hire Near You - VenueConnect","Find the best caterers in Sidsar Road, Bhavnagar for your event. Browse verified profiles, compare pricing & get WhatsApp leads instantly on VenueConnect.","Top Caterers in Sidsar Road, Bhavnagar",caterers in Sidsar Road Bhavnagar,"caterers near Sidsar Road, caterers Sidsar Road Bhavnagar, best caterers near Sidsar Road",Transactional (Hyper-local),Medium
Vendor + City Area,"Decorators in Sidsar Road, Bhavnagar | VenueConnect",/bhavnagar/sidsar-road/vendors/decorators/,"Top Decorators in Sidsar Road, Bhavnagar | Hire Near You - VenueConnect","Find the best decorators in Sidsar Road, Bhavnagar for your event. Browse verified profiles, compare pricing & get WhatsApp leads instantly on VenueConnect.","Top Decorators in Sidsar Road, Bhavnagar",decorators in Sidsar Road Bhavnagar,"decorators near Sidsar Road, decorators Sidsar Road Bhavnagar, best decorators near Sidsar Road",Transactional (Hyper-local),Medium
Vendor + City Area,"Mehndi Artists in Sidsar Road, Bhavnagar | VenueConnect",/bhavnagar/sidsar-road/vendors/mehndi-artists/,"Top Mehndi Artists in Sidsar Road, Bhavnagar | Hire Near You - VenueConnect","Find the best mehndi artists in Sidsar Road, Bhavnagar for your event. Browse verified profiles, compare pricing & get WhatsApp leads instantly on VenueConnect.","Top Mehndi Artists in Sidsar Road, Bhavnagar",mehndi artists in Sidsar Road Bhavnagar,"mehndi artists near Sidsar Road, mehndi artists Sidsar Road Bhavnagar, best mehndi artists near Sidsar Road",Transactional (Hyper-local),Medium
Vendor + City Area,"Photographers in Sihor Road, Bhavnagar | VenueConnect",/bhavnagar/sihor-road/vendors/photographers/,"Top Photographers in Sihor Road, Bhavnagar | Hire Near You - VenueConnect","Find the best photographers in Sihor Road, Bhavnagar for your event. Browse verified profiles, compare pricing & get WhatsApp leads instantly on VenueConnect.","Top Photographers in Sihor Road, Bhavnagar",photographers in Sihor Road Bhavnagar,"photographers near Sihor Road, photographers Sihor Road Bhavnagar, best photographers near Sihor Road",Transactional (Hyper-local),Medium
Vendor + City Area,"Caterers in Sihor Road, Bhavnagar | VenueConnect",/bhavnagar/sihor-road/vendors/caterers/,"Top Caterers in Sihor Road, Bhavnagar | Hire Near You - VenueConnect","Find the best caterers in Sihor Road, Bhavnagar for your event. Browse verified profiles, compare pricing & get WhatsApp leads instantly on VenueConnect.","Top Caterers in Sihor Road, Bhavnagar",caterers in Sihor Road Bhavnagar,"caterers near Sihor Road, caterers Sihor Road Bhavnagar, best caterers near Sihor Road",Transactional (Hyper-local),Medium
Vendor + City Area,"Decorators in Sihor Road, Bhavnagar | VenueConnect",/bhavnagar/sihor-road/vendors/decorators/,"Top Decorators in Sihor Road, Bhavnagar | Hire Near You - VenueConnect","Find the best decorators in Sihor Road, Bhavnagar for your event. Browse verified profiles, compare pricing & get WhatsApp leads instantly on VenueConnect.","Top Decorators in Sihor Road, Bhavnagar",decorators in Sihor Road Bhavnagar,"decorators near Sihor Road, decorators Sihor Road Bhavnagar, best decorators near Sihor Road",Transactional (Hyper-local),Medium
Vendor + City Area,"Mehndi Artists in Sihor Road, Bhavnagar | VenueConnect",/bhavnagar/sihor-road/vendors/mehndi-artists/,"Top Mehndi Artists in Sihor Road, Bhavnagar | Hire Near You - VenueConnect","Find the best mehndi artists in Sihor Road, Bhavnagar for your event. Browse verified profiles, compare pricing & get WhatsApp leads instantly on VenueConnect.","Top Mehndi Artists in Sihor Road, Bhavnagar",mehndi artists in Sihor Road Bhavnagar,"mehndi artists near Sihor Road, mehndi artists Sihor Road Bhavnagar, best mehndi artists near Sihor Road",Transactional (Hyper-local),Medium
Vendor + City Area,"Photographers in Talaja Road, Bhavnagar | VenueConnect",/bhavnagar/talaja-road/vendors/photographers/,"Top Photographers in Talaja Road, Bhavnagar | Hire Near You - VenueConnect","Find the best photographers in Talaja Road, Bhavnagar for your event. Browse verified profiles, compare pricing & get WhatsApp leads instantly on VenueConnect.","Top Photographers in Talaja Road, Bhavnagar",photographers in Talaja Road Bhavnagar,"photographers near Talaja Road, photographers Talaja Road Bhavnagar, best photographers near Talaja Road",Transactional (Hyper-local),Medium
Vendor + City Area,"Caterers in Talaja Road, Bhavnagar | VenueConnect",/bhavnagar/talaja-road/vendors/caterers/,"Top Caterers in Talaja Road, Bhavnagar | Hire Near You - VenueConnect","Find the best caterers in Talaja Road, Bhavnagar for your event. Browse verified profiles, compare pricing & get WhatsApp leads instantly on VenueConnect.","Top Caterers in Talaja Road, Bhavnagar",caterers in Talaja Road Bhavnagar,"caterers near Talaja Road, caterers Talaja Road Bhavnagar, best caterers near Talaja Road",Transactional (Hyper-local),Medium
Vendor + City Area,"Decorators in Talaja Road, Bhavnagar | VenueConnect",/bhavnagar/talaja-road/vendors/decorators/,"Top Decorators in Talaja Road, Bhavnagar | Hire Near You - VenueConnect","Find the best decorators in Talaja Road, Bhavnagar for your event. Browse verified profiles, compare pricing & get WhatsApp leads instantly on VenueConnect.","Top Decorators in Talaja Road, Bhavnagar",decorators in Talaja Road Bhavnagar,"decorators near Talaja Road, decorators Talaja Road Bhavnagar, best decorators near Talaja Road",Transactional (Hyper-local),Medium
Vendor + City Area,"Mehndi Artists in Talaja Road, Bhavnagar | VenueConnect",/bhavnagar/talaja-road/vendors/mehndi-artists/,"Top Mehndi Artists in Talaja Road, Bhavnagar | Hire Near You - VenueConnect","Find the best mehndi artists in Talaja Road, Bhavnagar for your event. Browse verified profiles, compare pricing & get WhatsApp leads instantly on VenueConnect.","Top Mehndi Artists in Talaja Road, Bhavnagar",mehndi artists in Talaja Road Bhavnagar,"mehndi artists near Talaja Road, mehndi artists Talaja Road Bhavnagar, best mehndi artists near Talaja Road",Transactional (Hyper-local),Medium
Vendor + City Area,"Photographers in Ushmanpura, Bhavnagar | VenueConnect",/bhavnagar/ushmanpura/vendors/photographers/,"Top Photographers in Ushmanpura, Bhavnagar | Hire Near You - VenueConnect","Find the best photographers in Ushmanpura, Bhavnagar for your event. Browse verified profiles, compare pricing & get WhatsApp leads instantly on VenueConnect.","Top Photographers in Ushmanpura, Bhavnagar",photographers in Ushmanpura Bhavnagar,"photographers near Ushmanpura, photographers Ushmanpura Bhavnagar, best photographers near Ushmanpura",Transactional (Hyper-local),Medium
Vendor + City Area,"Caterers in Ushmanpura, Bhavnagar | VenueConnect",/bhavnagar/ushmanpura/vendors/caterers/,"Top Caterers in Ushmanpura, Bhavnagar | Hire Near You - VenueConnect","Find the best caterers in Ushmanpura, Bhavnagar for your event. Browse verified profiles, compare pricing & get WhatsApp leads instantly on VenueConnect.","Top Caterers in Ushmanpura, Bhavnagar",caterers in Ushmanpura Bhavnagar,"caterers near Ushmanpura, caterers Ushmanpura Bhavnagar, best caterers near Ushmanpura",Transactional (Hyper-local),Medium
Vendor + City Area,"Decorators in Ushmanpura, Bhavnagar | VenueConnect",/bhavnagar/ushmanpura/vendors/decorators/,"Top Decorators in Ushmanpura, Bhavnagar | Hire Near You - VenueConnect","Find the best decorators in Ushmanpura, Bhavnagar for your event. Browse verified profiles, compare pricing & get WhatsApp leads instantly on VenueConnect.","Top Decorators in Ushmanpura, Bhavnagar",decorators in Ushmanpura Bhavnagar,"decorators near Ushmanpura, decorators Ushmanpura Bhavnagar, best decorators near Ushmanpura",Transactional (Hyper-local),Medium
Vendor + City Area,"Mehndi Artists in Ushmanpura, Bhavnagar | VenueConnect",/bhavnagar/ushmanpura/vendors/mehndi-artists/,"Top Mehndi Artists in Ushmanpura, Bhavnagar | Hire Near You - VenueConnect","Find the best mehndi artists in Ushmanpura, Bhavnagar for your event. Browse verified profiles, compare pricing & get WhatsApp leads instantly on VenueConnect.","Top Mehndi Artists in Ushmanpura, Bhavnagar",mehndi artists in Ushmanpura Bhavnagar,"mehndi artists near Ushmanpura, mehndi artists Ushmanpura Bhavnagar, best mehndi artists near Ushmanpura",Transactional (Hyper-local),Medium
  VENUE TYPE + CITY AREA PAGES (Hyper-local),,,,,,,,,
Page Type,Page Title,URL Slug,Meta Title,Meta Description,H1 Tag,Target Keyword,Secondary Keywords,Search Intent,Priority
Venue + City Area,"Banquet Halls in Waghawadi Road, Bhavnagar | VenueConnect",/bhavnagar/waghawadi-road/banquet-halls/,"Best Banquet Halls in Waghawadi Road, Bhavnagar | Compare Near You - VenueConnect","Looking for banquet halls in Waghawadi Road, Bhavnagar? Browse verified listings with pricing, capacity & photos. Book the perfect venue near Waghawadi Road on VenueConnect.","Best Banquet Halls in Waghawadi Road, Bhavnagar",banquet halls in Waghawadi Road Bhavnagar,"banquet halls near Waghawadi Road, banquet halls Waghawadi Road Bhavnagar, affordable banquet halls near Waghawadi Road",Transactional (Hyper-local),High
Venue + City Area,"Farmhouses in Waghawadi Road, Bhavnagar | VenueConnect",/bhavnagar/waghawadi-road/farmhouses/,"Best Farmhouses in Waghawadi Road, Bhavnagar | Compare Near You - VenueConnect","Looking for farmhouses in Waghawadi Road, Bhavnagar? Browse verified listings with pricing, capacity & photos. Book the perfect venue near Waghawadi Road on VenueConnect.","Best Farmhouses in Waghawadi Road, Bhavnagar",farmhouses in Waghawadi Road Bhavnagar,"farmhouses near Waghawadi Road, farmhouses Waghawadi Road Bhavnagar, affordable farmhouses near Waghawadi Road",Transactional (Hyper-local),High
Venue + City Area,"Party Plots in Waghawadi Road, Bhavnagar | VenueConnect",/bhavnagar/waghawadi-road/party-plots/,"Best Party Plots in Waghawadi Road, Bhavnagar | Compare Near You - VenueConnect","Looking for party plots in Waghawadi Road, Bhavnagar? Browse verified listings with pricing, capacity & photos. Book the perfect venue near Waghawadi Road on VenueConnect.","Best Party Plots in Waghawadi Road, Bhavnagar",party plots in Waghawadi Road Bhavnagar,"party plots near Waghawadi Road, party plots Waghawadi Road Bhavnagar, affordable party plots near Waghawadi Road",Transactional (Hyper-local),High
Venue + City Area,"Banquet Halls in Crescent Circle, Bhavnagar | VenueConnect",/bhavnagar/crescent-circle/banquet-halls/,"Best Banquet Halls in Crescent Circle, Bhavnagar | Compare Near You - VenueConnect","Looking for banquet halls in Crescent Circle, Bhavnagar? Browse verified listings with pricing, capacity & photos. Book the perfect venue near Crescent Circle on VenueConnect.","Best Banquet Halls in Crescent Circle, Bhavnagar",banquet halls in Crescent Circle Bhavnagar,"banquet halls near Crescent Circle, banquet halls Crescent Circle Bhavnagar, affordable banquet halls near Crescent Circle",Transactional (Hyper-local),High
Venue + City Area,"Farmhouses in Crescent Circle, Bhavnagar | VenueConnect",/bhavnagar/crescent-circle/farmhouses/,"Best Farmhouses in Crescent Circle, Bhavnagar | Compare Near You - VenueConnect","Looking for farmhouses in Crescent Circle, Bhavnagar? Browse verified listings with pricing, capacity & photos. Book the perfect venue near Crescent Circle on VenueConnect.","Best Farmhouses in Crescent Circle, Bhavnagar",farmhouses in Crescent Circle Bhavnagar,"farmhouses near Crescent Circle, farmhouses Crescent Circle Bhavnagar, affordable farmhouses near Crescent Circle",Transactional (Hyper-local),High
Venue + City Area,"Party Plots in Crescent Circle, Bhavnagar | VenueConnect",/bhavnagar/crescent-circle/party-plots/,"Best Party Plots in Crescent Circle, Bhavnagar | Compare Near You - VenueConnect","Looking for party plots in Crescent Circle, Bhavnagar? Browse verified listings with pricing, capacity & photos. Book the perfect venue near Crescent Circle on VenueConnect.","Best Party Plots in Crescent Circle, Bhavnagar",party plots in Crescent Circle Bhavnagar,"party plots near Crescent Circle, party plots Crescent Circle Bhavnagar, affordable party plots near Crescent Circle",Transactional (Hyper-local),High
Venue + City Area,"Banquet Halls in Kalanala, Bhavnagar | VenueConnect",/bhavnagar/kalanala/banquet-halls/,"Best Banquet Halls in Kalanala, Bhavnagar | Compare Near You - VenueConnect","Looking for banquet halls in Kalanala, Bhavnagar? Browse verified listings with pricing, capacity & photos. Book the perfect venue near Kalanala on VenueConnect.","Best Banquet Halls in Kalanala, Bhavnagar",banquet halls in Kalanala Bhavnagar,"banquet halls near Kalanala, banquet halls Kalanala Bhavnagar, affordable banquet halls near Kalanala",Transactional (Hyper-local),High
Venue + City Area,"Farmhouses in Kalanala, Bhavnagar | VenueConnect",/bhavnagar/kalanala/farmhouses/,"Best Farmhouses in Kalanala, Bhavnagar | Compare Near You - VenueConnect","Looking for farmhouses in Kalanala, Bhavnagar? Browse verified listings with pricing, capacity & photos. Book the perfect venue near Kalanala on VenueConnect.","Best Farmhouses in Kalanala, Bhavnagar",farmhouses in Kalanala Bhavnagar,"farmhouses near Kalanala, farmhouses Kalanala Bhavnagar, affordable farmhouses near Kalanala",Transactional (Hyper-local),High
Venue + City Area,"Party Plots in Kalanala, Bhavnagar | VenueConnect",/bhavnagar/kalanala/party-plots/,"Best Party Plots in Kalanala, Bhavnagar | Compare Near You - VenueConnect","Looking for party plots in Kalanala, Bhavnagar? Browse verified listings with pricing, capacity & photos. Book the perfect venue near Kalanala on VenueConnect.","Best Party Plots in Kalanala, Bhavnagar",party plots in Kalanala Bhavnagar,"party plots near Kalanala, party plots Kalanala Bhavnagar, affordable party plots near Kalanala",Transactional (Hyper-local),High
Venue + City Area,"Banquet Halls in Station Road, Bhavnagar | VenueConnect",/bhavnagar/station-road/banquet-halls/,"Best Banquet Halls in Station Road, Bhavnagar | Compare Near You - VenueConnect","Looking for banquet halls in Station Road, Bhavnagar? Browse verified listings with pricing, capacity & photos. Book the perfect venue near Station Road on VenueConnect.","Best Banquet Halls in Station Road, Bhavnagar",banquet halls in Station Road Bhavnagar,"banquet halls near Station Road, banquet halls Station Road Bhavnagar, affordable banquet halls near Station Road",Transactional (Hyper-local),High
Venue + City Area,"Farmhouses in Station Road, Bhavnagar | VenueConnect",/bhavnagar/station-road/farmhouses/,"Best Farmhouses in Station Road, Bhavnagar | Compare Near You - VenueConnect","Looking for farmhouses in Station Road, Bhavnagar? Browse verified listings with pricing, capacity & photos. Book the perfect venue near Station Road on VenueConnect.","Best Farmhouses in Station Road, Bhavnagar",farmhouses in Station Road Bhavnagar,"farmhouses near Station Road, farmhouses Station Road Bhavnagar, affordable farmhouses near Station Road",Transactional (Hyper-local),High
Venue + City Area,"Party Plots in Station Road, Bhavnagar | VenueConnect",/bhavnagar/station-road/party-plots/,"Best Party Plots in Station Road, Bhavnagar | Compare Near You - VenueConnect","Looking for party plots in Station Road, Bhavnagar? Browse verified listings with pricing, capacity & photos. Book the perfect venue near Station Road on VenueConnect.","Best Party Plots in Station Road, Bhavnagar",party plots in Station Road Bhavnagar,"party plots near Station Road, party plots Station Road Bhavnagar, affordable party plots near Station Road",Transactional (Hyper-local),High
Venue + City Area,"Banquet Halls in Ghogha Road, Bhavnagar | VenueConnect",/bhavnagar/ghogha-road/banquet-halls/,"Best Banquet Halls in Ghogha Road, Bhavnagar | Compare Near You - VenueConnect","Looking for banquet halls in Ghogha Road, Bhavnagar? Browse verified listings with pricing, capacity & photos. Book the perfect venue near Ghogha Road on VenueConnect.","Best Banquet Halls in Ghogha Road, Bhavnagar",banquet halls in Ghogha Road Bhavnagar,"banquet halls near Ghogha Road, banquet halls Ghogha Road Bhavnagar, affordable banquet halls near Ghogha Road",Transactional (Hyper-local),High
Venue + City Area,"Farmhouses in Ghogha Road, Bhavnagar | VenueConnect",/bhavnagar/ghogha-road/farmhouses/,"Best Farmhouses in Ghogha Road, Bhavnagar | Compare Near You - VenueConnect","Looking for farmhouses in Ghogha Road, Bhavnagar? Browse verified listings with pricing, capacity & photos. Book the perfect venue near Ghogha Road on VenueConnect.","Best Farmhouses in Ghogha Road, Bhavnagar",farmhouses in Ghogha Road Bhavnagar,"farmhouses near Ghogha Road, farmhouses Ghogha Road Bhavnagar, affordable farmhouses near Ghogha Road",Transactional (Hyper-local),High
Venue + City Area,"Party Plots in Ghogha Road, Bhavnagar | VenueConnect",/bhavnagar/ghogha-road/party-plots/,"Best Party Plots in Ghogha Road, Bhavnagar | Compare Near You - VenueConnect","Looking for party plots in Ghogha Road, Bhavnagar? Browse verified listings with pricing, capacity & photos. Book the perfect venue near Ghogha Road on VenueConnect.","Best Party Plots in Ghogha Road, Bhavnagar",party plots in Ghogha Road Bhavnagar,"party plots near Ghogha Road, party plots Ghogha Road Bhavnagar, affordable party plots near Ghogha Road",Transactional (Hyper-local),High
Venue + City Area,"Banquet Halls in Takhteshwar, Bhavnagar | VenueConnect",/bhavnagar/takhteshwar/banquet-halls/,"Best Banquet Halls in Takhteshwar, Bhavnagar | Compare Near You - VenueConnect","Looking for banquet halls in Takhteshwar, Bhavnagar? Browse verified listings with pricing, capacity & photos. Book the perfect venue near Takhteshwar on VenueConnect.","Best Banquet Halls in Takhteshwar, Bhavnagar",banquet halls in Takhteshwar Bhavnagar,"banquet halls near Takhteshwar, banquet halls Takhteshwar Bhavnagar, affordable banquet halls near Takhteshwar",Transactional (Hyper-local),High
Venue + City Area,"Farmhouses in Takhteshwar, Bhavnagar | VenueConnect",/bhavnagar/takhteshwar/farmhouses/,"Best Farmhouses in Takhteshwar, Bhavnagar | Compare Near You - VenueConnect","Looking for farmhouses in Takhteshwar, Bhavnagar? Browse verified listings with pricing, capacity & photos. Book the perfect venue near Takhteshwar on VenueConnect.","Best Farmhouses in Takhteshwar, Bhavnagar",farmhouses in Takhteshwar Bhavnagar,"farmhouses near Takhteshwar, farmhouses Takhteshwar Bhavnagar, affordable farmhouses near Takhteshwar",Transactional (Hyper-local),High
Venue + City Area,"Party Plots in Takhteshwar, Bhavnagar | VenueConnect",/bhavnagar/takhteshwar/party-plots/,"Best Party Plots in Takhteshwar, Bhavnagar | Compare Near You - VenueConnect","Looking for party plots in Takhteshwar, Bhavnagar? Browse verified listings with pricing, capacity & photos. Book the perfect venue near Takhteshwar on VenueConnect.","Best Party Plots in Takhteshwar, Bhavnagar",party plots in Takhteshwar Bhavnagar,"party plots near Takhteshwar, party plots Takhteshwar Bhavnagar, affordable party plots near Takhteshwar",Transactional (Hyper-local),High
Venue + City Area,"Banquet Halls in Amba Chowk, Bhavnagar | VenueConnect",/bhavnagar/amba-chowk/banquet-halls/,"Best Banquet Halls in Amba Chowk, Bhavnagar | Compare Near You - VenueConnect","Looking for banquet halls in Amba Chowk, Bhavnagar? Browse verified listings with pricing, capacity & photos. Book the perfect venue near Amba Chowk on VenueConnect.","Best Banquet Halls in Amba Chowk, Bhavnagar",banquet halls in Amba Chowk Bhavnagar,"banquet halls near Amba Chowk, banquet halls Amba Chowk Bhavnagar, affordable banquet halls near Amba Chowk",Transactional (Hyper-local),High
Venue + City Area,"Farmhouses in Amba Chowk, Bhavnagar | VenueConnect",/bhavnagar/amba-chowk/farmhouses/,"Best Farmhouses in Amba Chowk, Bhavnagar | Compare Near You - VenueConnect","Looking for farmhouses in Amba Chowk, Bhavnagar? Browse verified listings with pricing, capacity & photos. Book the perfect venue near Amba Chowk on VenueConnect.","Best Farmhouses in Amba Chowk, Bhavnagar",farmhouses in Amba Chowk Bhavnagar,"farmhouses near Amba Chowk, farmhouses Amba Chowk Bhavnagar, affordable farmhouses near Amba Chowk",Transactional (Hyper-local),High
Venue + City Area,"Party Plots in Amba Chowk, Bhavnagar | VenueConnect",/bhavnagar/amba-chowk/party-plots/,"Best Party Plots in Amba Chowk, Bhavnagar | Compare Near You - VenueConnect","Looking for party plots in Amba Chowk, Bhavnagar? Browse verified listings with pricing, capacity & photos. Book the perfect venue near Amba Chowk on VenueConnect.","Best Party Plots in Amba Chowk, Bhavnagar",party plots in Amba Chowk Bhavnagar,"party plots near Amba Chowk, party plots Amba Chowk Bhavnagar, affordable party plots near Amba Chowk",Transactional (Hyper-local),High
Venue + City Area,"Banquet Halls in Nilambag, Bhavnagar | VenueConnect",/bhavnagar/nilambag/banquet-halls/,"Best Banquet Halls in Nilambag, Bhavnagar | Compare Near You - VenueConnect","Looking for banquet halls in Nilambag, Bhavnagar? Browse verified listings with pricing, capacity & photos. Book the perfect venue near Nilambag on VenueConnect.","Best Banquet Halls in Nilambag, Bhavnagar",banquet halls in Nilambag Bhavnagar,"banquet halls near Nilambag, banquet halls Nilambag Bhavnagar, affordable banquet halls near Nilambag",Transactional (Hyper-local),High
Venue + City Area,"Farmhouses in Nilambag, Bhavnagar | VenueConnect",/bhavnagar/nilambag/farmhouses/,"Best Farmhouses in Nilambag, Bhavnagar | Compare Near You - VenueConnect","Looking for farmhouses in Nilambag, Bhavnagar? Browse verified listings with pricing, capacity & photos. Book the perfect venue near Nilambag on VenueConnect.","Best Farmhouses in Nilambag, Bhavnagar",farmhouses in Nilambag Bhavnagar,"farmhouses near Nilambag, farmhouses Nilambag Bhavnagar, affordable farmhouses near Nilambag",Transactional (Hyper-local),High
Venue + City Area,"Party Plots in Nilambag, Bhavnagar | VenueConnect",/bhavnagar/nilambag/party-plots/,"Best Party Plots in Nilambag, Bhavnagar | Compare Near You - VenueConnect","Looking for party plots in Nilambag, Bhavnagar? Browse verified listings with pricing, capacity & photos. Book the perfect venue near Nilambag on VenueConnect.","Best Party Plots in Nilambag, Bhavnagar",party plots in Nilambag Bhavnagar,"party plots near Nilambag, party plots Nilambag Bhavnagar, affordable party plots near Nilambag",Transactional (Hyper-local),High
Venue + City Area,"Banquet Halls in Vijay Nagar, Bhavnagar | VenueConnect",/bhavnagar/vijay-nagar/banquet-halls/,"Best Banquet Halls in Vijay Nagar, Bhavnagar | Compare Near You - VenueConnect","Looking for banquet halls in Vijay Nagar, Bhavnagar? Browse verified listings with pricing, capacity & photos. Book the perfect venue near Vijay Nagar on VenueConnect.","Best Banquet Halls in Vijay Nagar, Bhavnagar",banquet halls in Vijay Nagar Bhavnagar,"banquet halls near Vijay Nagar, banquet halls Vijay Nagar Bhavnagar, affordable banquet halls near Vijay Nagar",Transactional (Hyper-local),High
Venue + City Area,"Farmhouses in Vijay Nagar, Bhavnagar | VenueConnect",/bhavnagar/vijay-nagar/farmhouses/,"Best Farmhouses in Vijay Nagar, Bhavnagar | Compare Near You - VenueConnect","Looking for farmhouses in Vijay Nagar, Bhavnagar? Browse verified listings with pricing, capacity & photos. Book the perfect venue near Vijay Nagar on VenueConnect.","Best Farmhouses in Vijay Nagar, Bhavnagar",farmhouses in Vijay Nagar Bhavnagar,"farmhouses near Vijay Nagar, farmhouses Vijay Nagar Bhavnagar, affordable farmhouses near Vijay Nagar",Transactional (Hyper-local),High
Venue + City Area,"Party Plots in Vijay Nagar, Bhavnagar | VenueConnect",/bhavnagar/vijay-nagar/party-plots/,"Best Party Plots in Vijay Nagar, Bhavnagar | Compare Near You - VenueConnect","Looking for party plots in Vijay Nagar, Bhavnagar? Browse verified listings with pricing, capacity & photos. Book the perfect venue near Vijay Nagar on VenueConnect.","Best Party Plots in Vijay Nagar, Bhavnagar",party plots in Vijay Nagar Bhavnagar,"party plots near Vijay Nagar, party plots Vijay Nagar Bhavnagar, affordable party plots near Vijay Nagar",Transactional (Hyper-local),High
Venue + City Area,"Banquet Halls in Rupani Nagar, Bhavnagar | VenueConnect",/bhavnagar/rupani-nagar/banquet-halls/,"Best Banquet Halls in Rupani Nagar, Bhavnagar | Compare Near You - VenueConnect","Looking for banquet halls in Rupani Nagar, Bhavnagar? Browse verified listings with pricing, capacity & photos. Book the perfect venue near Rupani Nagar on VenueConnect.","Best Banquet Halls in Rupani Nagar, Bhavnagar",banquet halls in Rupani Nagar Bhavnagar,"banquet halls near Rupani Nagar, banquet halls Rupani Nagar Bhavnagar, affordable banquet halls near Rupani Nagar",Transactional (Hyper-local),High
Venue + City Area,"Farmhouses in Rupani Nagar, Bhavnagar | VenueConnect",/bhavnagar/rupani-nagar/farmhouses/,"Best Farmhouses in Rupani Nagar, Bhavnagar | Compare Near You - VenueConnect","Looking for farmhouses in Rupani Nagar, Bhavnagar? Browse verified listings with pricing, capacity & photos. Book the perfect venue near Rupani Nagar on VenueConnect.","Best Farmhouses in Rupani Nagar, Bhavnagar",farmhouses in Rupani Nagar Bhavnagar,"farmhouses near Rupani Nagar, farmhouses Rupani Nagar Bhavnagar, affordable farmhouses near Rupani Nagar",Transactional (Hyper-local),High
Venue + City Area,"Party Plots in Rupani Nagar, Bhavnagar | VenueConnect",/bhavnagar/rupani-nagar/party-plots/,"Best Party Plots in Rupani Nagar, Bhavnagar | Compare Near You - VenueConnect","Looking for party plots in Rupani Nagar, Bhavnagar? Browse verified listings with pricing, capacity & photos. Book the perfect venue near Rupani Nagar on VenueConnect.","Best Party Plots in Rupani Nagar, Bhavnagar",party plots in Rupani Nagar Bhavnagar,"party plots near Rupani Nagar, party plots Rupani Nagar Bhavnagar, affordable party plots near Rupani Nagar",Transactional (Hyper-local),High
Venue + City Area,"Banquet Halls in Sardarnagar, Bhavnagar | VenueConnect",/bhavnagar/sardarnagar/banquet-halls/,"Best Banquet Halls in Sardarnagar, Bhavnagar | Compare Near You - VenueConnect","Looking for banquet halls in Sardarnagar, Bhavnagar? Browse verified listings with pricing, capacity & photos. Book the perfect venue near Sardarnagar on VenueConnect.","Best Banquet Halls in Sardarnagar, Bhavnagar",banquet halls in Sardarnagar Bhavnagar,"banquet halls near Sardarnagar, banquet halls Sardarnagar Bhavnagar, affordable banquet halls near Sardarnagar",Transactional (Hyper-local),High
Venue + City Area,"Farmhouses in Sardarnagar, Bhavnagar | VenueConnect",/bhavnagar/sardarnagar/farmhouses/,"Best Farmhouses in Sardarnagar, Bhavnagar | Compare Near You - VenueConnect","Looking for farmhouses in Sardarnagar, Bhavnagar? Browse verified listings with pricing, capacity & photos. Book the perfect venue near Sardarnagar on VenueConnect.","Best Farmhouses in Sardarnagar, Bhavnagar",farmhouses in Sardarnagar Bhavnagar,"farmhouses near Sardarnagar, farmhouses Sardarnagar Bhavnagar, affordable farmhouses near Sardarnagar",Transactional (Hyper-local),High
Venue + City Area,"Party Plots in Sardarnagar, Bhavnagar | VenueConnect",/bhavnagar/sardarnagar/party-plots/,"Best Party Plots in Sardarnagar, Bhavnagar | Compare Near You - VenueConnect","Looking for party plots in Sardarnagar, Bhavnagar? Browse verified listings with pricing, capacity & photos. Book the perfect venue near Sardarnagar on VenueConnect.","Best Party Plots in Sardarnagar, Bhavnagar",party plots in Sardarnagar Bhavnagar,"party plots near Sardarnagar, party plots Sardarnagar Bhavnagar, affordable party plots near Sardarnagar",Transactional (Hyper-local),High
Venue + City Area,"Banquet Halls in Shastri Nagar, Bhavnagar | VenueConnect",/bhavnagar/shastri-nagar/banquet-halls/,"Best Banquet Halls in Shastri Nagar, Bhavnagar | Compare Near You - VenueConnect","Looking for banquet halls in Shastri Nagar, Bhavnagar? Browse verified listings with pricing, capacity & photos. Book the perfect venue near Shastri Nagar on VenueConnect.","Best Banquet Halls in Shastri Nagar, Bhavnagar",banquet halls in Shastri Nagar Bhavnagar,"banquet halls near Shastri Nagar, banquet halls Shastri Nagar Bhavnagar, affordable banquet halls near Shastri Nagar",Transactional (Hyper-local),High
Venue + City Area,"Farmhouses in Shastri Nagar, Bhavnagar | VenueConnect",/bhavnagar/shastri-nagar/farmhouses/,"Best Farmhouses in Shastri Nagar, Bhavnagar | Compare Near You - VenueConnect","Looking for farmhouses in Shastri Nagar, Bhavnagar? Browse verified listings with pricing, capacity & photos. Book the perfect venue near Shastri Nagar on VenueConnect.","Best Farmhouses in Shastri Nagar, Bhavnagar",farmhouses in Shastri Nagar Bhavnagar,"farmhouses near Shastri Nagar, farmhouses Shastri Nagar Bhavnagar, affordable farmhouses near Shastri Nagar",Transactional (Hyper-local),High
Venue + City Area,"Party Plots in Shastri Nagar, Bhavnagar | VenueConnect",/bhavnagar/shastri-nagar/party-plots/,"Best Party Plots in Shastri Nagar, Bhavnagar | Compare Near You - VenueConnect","Looking for party plots in Shastri Nagar, Bhavnagar? Browse verified listings with pricing, capacity & photos. Book the perfect venue near Shastri Nagar on VenueConnect.","Best Party Plots in Shastri Nagar, Bhavnagar",party plots in Shastri Nagar Bhavnagar,"party plots near Shastri Nagar, party plots Shastri Nagar Bhavnagar, affordable party plots near Shastri Nagar",Transactional (Hyper-local),High
Venue + City Area,"Banquet Halls in Subhash Nagar, Bhavnagar | VenueConnect",/bhavnagar/subhash-nagar/banquet-halls/,"Best Banquet Halls in Subhash Nagar, Bhavnagar | Compare Near You - VenueConnect","Looking for banquet halls in Subhash Nagar, Bhavnagar? Browse verified listings with pricing, capacity & photos. Book the perfect venue near Subhash Nagar on VenueConnect.","Best Banquet Halls in Subhash Nagar, Bhavnagar",banquet halls in Subhash Nagar Bhavnagar,"banquet halls near Subhash Nagar, banquet halls Subhash Nagar Bhavnagar, affordable banquet halls near Subhash Nagar",Transactional (Hyper-local),High
Venue + City Area,"Farmhouses in Subhash Nagar, Bhavnagar | VenueConnect",/bhavnagar/subhash-nagar/farmhouses/,"Best Farmhouses in Subhash Nagar, Bhavnagar | Compare Near You - VenueConnect","Looking for farmhouses in Subhash Nagar, Bhavnagar? Browse verified listings with pricing, capacity & photos. Book the perfect venue near Subhash Nagar on VenueConnect.","Best Farmhouses in Subhash Nagar, Bhavnagar",farmhouses in Subhash Nagar Bhavnagar,"farmhouses near Subhash Nagar, farmhouses Subhash Nagar Bhavnagar, affordable farmhouses near Subhash Nagar",Transactional (Hyper-local),High
Venue + City Area,"Party Plots in Subhash Nagar, Bhavnagar | VenueConnect",/bhavnagar/subhash-nagar/party-plots/,"Best Party Plots in Subhash Nagar, Bhavnagar | Compare Near You - VenueConnect","Looking for party plots in Subhash Nagar, Bhavnagar? Browse verified listings with pricing, capacity & photos. Book the perfect venue near Subhash Nagar on VenueConnect.","Best Party Plots in Subhash Nagar, Bhavnagar",party plots in Subhash Nagar Bhavnagar,"party plots near Subhash Nagar, party plots Subhash Nagar Bhavnagar, affordable party plots near Subhash Nagar",Transactional (Hyper-local),High
Venue + City Area,"Banquet Halls in Barton Library, Bhavnagar | VenueConnect",/bhavnagar/barton-library/banquet-halls/,"Best Banquet Halls in Barton Library, Bhavnagar | Compare Near You - VenueConnect","Looking for banquet halls in Barton Library, Bhavnagar? Browse verified listings with pricing, capacity & photos. Book the perfect venue near Barton Library on VenueConnect.","Best Banquet Halls in Barton Library, Bhavnagar",banquet halls in Barton Library Bhavnagar,"banquet halls near Barton Library, banquet halls Barton Library Bhavnagar, affordable banquet halls near Barton Library",Transactional (Hyper-local),High
Venue + City Area,"Farmhouses in Barton Library, Bhavnagar | VenueConnect",/bhavnagar/barton-library/farmhouses/,"Best Farmhouses in Barton Library, Bhavnagar | Compare Near You - VenueConnect","Looking for farmhouses in Barton Library, Bhavnagar? Browse verified listings with pricing, capacity & photos. Book the perfect venue near Barton Library on VenueConnect.","Best Farmhouses in Barton Library, Bhavnagar",farmhouses in Barton Library Bhavnagar,"farmhouses near Barton Library, farmhouses Barton Library Bhavnagar, affordable farmhouses near Barton Library",Transactional (Hyper-local),High
Venue + City Area,"Party Plots in Barton Library, Bhavnagar | VenueConnect",/bhavnagar/barton-library/party-plots/,"Best Party Plots in Barton Library, Bhavnagar | Compare Near You - VenueConnect","Looking for party plots in Barton Library, Bhavnagar? Browse verified listings with pricing, capacity & photos. Book the perfect venue near Barton Library on VenueConnect.","Best Party Plots in Barton Library, Bhavnagar",party plots in Barton Library Bhavnagar,"party plots near Barton Library, party plots Barton Library Bhavnagar, affordable party plots near Barton Library",Transactional (Hyper-local),High
Venue + City Area,"Banquet Halls in Bhavnagar Airport Road, Bhavnagar | VenueConnect",/bhavnagar/bhavnagar-airport-road/banquet-halls/,"Best Banquet Halls in Bhavnagar Airport Road, Bhavnagar | Compare Near You - VenueConnect","Looking for banquet halls in Bhavnagar Airport Road, Bhavnagar? Browse verified listings with pricing, capacity & photos. Book the perfect venue near Bhavnagar Airport Road on VenueConnect.","Best Banquet Halls in Bhavnagar Airport Road, Bhavnagar",banquet halls in Bhavnagar Airport Road Bhavnagar,"banquet halls near Bhavnagar Airport Road, banquet halls Bhavnagar Airport Road Bhavnagar, affordable banquet halls near Bhavnagar Airport Road",Transactional (Hyper-local),High
Venue + City Area,"Farmhouses in Bhavnagar Airport Road, Bhavnagar | VenueConnect",/bhavnagar/bhavnagar-airport-road/farmhouses/,"Best Farmhouses in Bhavnagar Airport Road, Bhavnagar | Compare Near You - VenueConnect","Looking for farmhouses in Bhavnagar Airport Road, Bhavnagar? Browse verified listings with pricing, capacity & photos. Book the perfect venue near Bhavnagar Airport Road on VenueConnect.","Best Farmhouses in Bhavnagar Airport Road, Bhavnagar",farmhouses in Bhavnagar Airport Road Bhavnagar,"farmhouses near Bhavnagar Airport Road, farmhouses Bhavnagar Airport Road Bhavnagar, affordable farmhouses near Bhavnagar Airport Road",Transactional (Hyper-local),High
Venue + City Area,"Party Plots in Bhavnagar Airport Road, Bhavnagar | VenueConnect",/bhavnagar/bhavnagar-airport-road/party-plots/,"Best Party Plots in Bhavnagar Airport Road, Bhavnagar | Compare Near You - VenueConnect","Looking for party plots in Bhavnagar Airport Road, Bhavnagar? Browse verified listings with pricing, capacity & photos. Book the perfect venue near Bhavnagar Airport Road on VenueConnect.","Best Party Plots in Bhavnagar Airport Road, Bhavnagar",party plots in Bhavnagar Airport Road Bhavnagar,"party plots near Bhavnagar Airport Road, party plots Bhavnagar Airport Road Bhavnagar, affordable party plots near Bhavnagar Airport Road",Transactional (Hyper-local),High
Venue + City Area,"Banquet Halls in Bhavnagar Port, Bhavnagar | VenueConnect",/bhavnagar/bhavnagar-port/banquet-halls/,"Best Banquet Halls in Bhavnagar Port, Bhavnagar | Compare Near You - VenueConnect","Looking for banquet halls in Bhavnagar Port, Bhavnagar? Browse verified listings with pricing, capacity & photos. Book the perfect venue near Bhavnagar Port on VenueConnect.","Best Banquet Halls in Bhavnagar Port, Bhavnagar",banquet halls in Bhavnagar Port Bhavnagar,"banquet halls near Bhavnagar Port, banquet halls Bhavnagar Port Bhavnagar, affordable banquet halls near Bhavnagar Port",Transactional (Hyper-local),High
Venue + City Area,"Farmhouses in Bhavnagar Port, Bhavnagar | VenueConnect",/bhavnagar/bhavnagar-port/farmhouses/,"Best Farmhouses in Bhavnagar Port, Bhavnagar | Compare Near You - VenueConnect","Looking for farmhouses in Bhavnagar Port, Bhavnagar? Browse verified listings with pricing, capacity & photos. Book the perfect venue near Bhavnagar Port on VenueConnect.","Best Farmhouses in Bhavnagar Port, Bhavnagar",farmhouses in Bhavnagar Port Bhavnagar,"farmhouses near Bhavnagar Port, farmhouses Bhavnagar Port Bhavnagar, affordable farmhouses near Bhavnagar Port",Transactional (Hyper-local),High
Venue + City Area,"Party Plots in Bhavnagar Port, Bhavnagar | VenueConnect",/bhavnagar/bhavnagar-port/party-plots/,"Best Party Plots in Bhavnagar Port, Bhavnagar | Compare Near You - VenueConnect","Looking for party plots in Bhavnagar Port, Bhavnagar? Browse verified listings with pricing, capacity & photos. Book the perfect venue near Bhavnagar Port on VenueConnect.","Best Party Plots in Bhavnagar Port, Bhavnagar",party plots in Bhavnagar Port Bhavnagar,"party plots near Bhavnagar Port, party plots Bhavnagar Port Bhavnagar, affordable party plots near Bhavnagar Port",Transactional (Hyper-local),High
Venue + City Area,"Banquet Halls in College Road, Bhavnagar | VenueConnect",/bhavnagar/college-road/banquet-halls/,"Best Banquet Halls in College Road, Bhavnagar | Compare Near You - VenueConnect","Looking for banquet halls in College Road, Bhavnagar? Browse verified listings with pricing, capacity & photos. Book the perfect venue near College Road on VenueConnect.","Best Banquet Halls in College Road, Bhavnagar",banquet halls in College Road Bhavnagar,"banquet halls near College Road, banquet halls College Road Bhavnagar, affordable banquet halls near College Road",Transactional (Hyper-local),High
Venue + City Area,"Farmhouses in College Road, Bhavnagar | VenueConnect",/bhavnagar/college-road/farmhouses/,"Best Farmhouses in College Road, Bhavnagar | Compare Near You - VenueConnect","Looking for farmhouses in College Road, Bhavnagar? Browse verified listings with pricing, capacity & photos. Book the perfect venue near College Road on VenueConnect.","Best Farmhouses in College Road, Bhavnagar",farmhouses in College Road Bhavnagar,"farmhouses near College Road, farmhouses College Road Bhavnagar, affordable farmhouses near College Road",Transactional (Hyper-local),High
Venue + City Area,"Party Plots in College Road, Bhavnagar | VenueConnect",/bhavnagar/college-road/party-plots/,"Best Party Plots in College Road, Bhavnagar | Compare Near You - VenueConnect","Looking for party plots in College Road, Bhavnagar? Browse verified listings with pricing, capacity & photos. Book the perfect venue near College Road on VenueConnect.","Best Party Plots in College Road, Bhavnagar",party plots in College Road Bhavnagar,"party plots near College Road, party plots College Road Bhavnagar, affordable party plots near College Road",Transactional (Hyper-local),High
Venue + City Area,"Banquet Halls in Darbargadh, Bhavnagar | VenueConnect",/bhavnagar/darbargadh/banquet-halls/,"Best Banquet Halls in Darbargadh, Bhavnagar | Compare Near You - VenueConnect","Looking for banquet halls in Darbargadh, Bhavnagar? Browse verified listings with pricing, capacity & photos. Book the perfect venue near Darbargadh on VenueConnect.","Best Banquet Halls in Darbargadh, Bhavnagar",banquet halls in Darbargadh Bhavnagar,"banquet halls near Darbargadh, banquet halls Darbargadh Bhavnagar, affordable banquet halls near Darbargadh",Transactional (Hyper-local),High
Venue + City Area,"Farmhouses in Darbargadh, Bhavnagar | VenueConnect",/bhavnagar/darbargadh/farmhouses/,"Best Farmhouses in Darbargadh, Bhavnagar | Compare Near You - VenueConnect","Looking for farmhouses in Darbargadh, Bhavnagar? Browse verified listings with pricing, capacity & photos. Book the perfect venue near Darbargadh on VenueConnect.","Best Farmhouses in Darbargadh, Bhavnagar",farmhouses in Darbargadh Bhavnagar,"farmhouses near Darbargadh, farmhouses Darbargadh Bhavnagar, affordable farmhouses near Darbargadh",Transactional (Hyper-local),High
Venue + City Area,"Party Plots in Darbargadh, Bhavnagar | VenueConnect",/bhavnagar/darbargadh/party-plots/,"Best Party Plots in Darbargadh, Bhavnagar | Compare Near You - VenueConnect","Looking for party plots in Darbargadh, Bhavnagar? Browse verified listings with pricing, capacity & photos. Book the perfect venue near Darbargadh on VenueConnect.","Best Party Plots in Darbargadh, Bhavnagar",party plots in Darbargadh Bhavnagar,"party plots near Darbargadh, party plots Darbargadh Bhavnagar, affordable party plots near Darbargadh",Transactional (Hyper-local),High
Venue + City Area,"Banquet Halls in Ghogha Circle, Bhavnagar | VenueConnect",/bhavnagar/ghogha-circle/banquet-halls/,"Best Banquet Halls in Ghogha Circle, Bhavnagar | Compare Near You - VenueConnect","Looking for banquet halls in Ghogha Circle, Bhavnagar? Browse verified listings with pricing, capacity & photos. Book the perfect venue near Ghogha Circle on VenueConnect.","Best Banquet Halls in Ghogha Circle, Bhavnagar",banquet halls in Ghogha Circle Bhavnagar,"banquet halls near Ghogha Circle, banquet halls Ghogha Circle Bhavnagar, affordable banquet halls near Ghogha Circle",Transactional (Hyper-local),High
Venue + City Area,"Farmhouses in Ghogha Circle, Bhavnagar | VenueConnect",/bhavnagar/ghogha-circle/farmhouses/,"Best Farmhouses in Ghogha Circle, Bhavnagar | Compare Near You - VenueConnect","Looking for farmhouses in Ghogha Circle, Bhavnagar? Browse verified listings with pricing, capacity & photos. Book the perfect venue near Ghogha Circle on VenueConnect.","Best Farmhouses in Ghogha Circle, Bhavnagar",farmhouses in Ghogha Circle Bhavnagar,"farmhouses near Ghogha Circle, farmhouses Ghogha Circle Bhavnagar, affordable farmhouses near Ghogha Circle",Transactional (Hyper-local),High
Venue + City Area,"Party Plots in Ghogha Circle, Bhavnagar | VenueConnect",/bhavnagar/ghogha-circle/party-plots/,"Best Party Plots in Ghogha Circle, Bhavnagar | Compare Near You - VenueConnect","Looking for party plots in Ghogha Circle, Bhavnagar? Browse verified listings with pricing, capacity & photos. Book the perfect venue near Ghogha Circle on VenueConnect.","Best Party Plots in Ghogha Circle, Bhavnagar",party plots in Ghogha Circle Bhavnagar,"party plots near Ghogha Circle, party plots Ghogha Circle Bhavnagar, affordable party plots near Ghogha Circle",Transactional (Hyper-local),High
Venue + City Area,"Banquet Halls in Jail Road, Bhavnagar | VenueConnect",/bhavnagar/jail-road/banquet-halls/,"Best Banquet Halls in Jail Road, Bhavnagar | Compare Near You - VenueConnect","Looking for banquet halls in Jail Road, Bhavnagar? Browse verified listings with pricing, capacity & photos. Book the perfect venue near Jail Road on VenueConnect.","Best Banquet Halls in Jail Road, Bhavnagar",banquet halls in Jail Road Bhavnagar,"banquet halls near Jail Road, banquet halls Jail Road Bhavnagar, affordable banquet halls near Jail Road",Transactional (Hyper-local),High
Venue + City Area,"Farmhouses in Jail Road, Bhavnagar | VenueConnect",/bhavnagar/jail-road/farmhouses/,"Best Farmhouses in Jail Road, Bhavnagar | Compare Near You - VenueConnect","Looking for farmhouses in Jail Road, Bhavnagar? Browse verified listings with pricing, capacity & photos. Book the perfect venue near Jail Road on VenueConnect.","Best Farmhouses in Jail Road, Bhavnagar",farmhouses in Jail Road Bhavnagar,"farmhouses near Jail Road, farmhouses Jail Road Bhavnagar, affordable farmhouses near Jail Road",Transactional (Hyper-local),High
Venue + City Area,"Party Plots in Jail Road, Bhavnagar | VenueConnect",/bhavnagar/jail-road/party-plots/,"Best Party Plots in Jail Road, Bhavnagar | Compare Near You - VenueConnect","Looking for party plots in Jail Road, Bhavnagar? Browse verified listings with pricing, capacity & photos. Book the perfect venue near Jail Road on VenueConnect.","Best Party Plots in Jail Road, Bhavnagar",party plots in Jail Road Bhavnagar,"party plots near Jail Road, party plots Jail Road Bhavnagar, affordable party plots near Jail Road",Transactional (Hyper-local),High
Venue + City Area,"Banquet Halls in Khodiyar Nagar, Bhavnagar | VenueConnect",/bhavnagar/khodiyar-nagar/banquet-halls/,"Best Banquet Halls in Khodiyar Nagar, Bhavnagar | Compare Near You - VenueConnect","Looking for banquet halls in Khodiyar Nagar, Bhavnagar? Browse verified listings with pricing, capacity & photos. Book the perfect venue near Khodiyar Nagar on VenueConnect.","Best Banquet Halls in Khodiyar Nagar, Bhavnagar",banquet halls in Khodiyar Nagar Bhavnagar,"banquet halls near Khodiyar Nagar, banquet halls Khodiyar Nagar Bhavnagar, affordable banquet halls near Khodiyar Nagar",Transactional (Hyper-local),High
Venue + City Area,"Farmhouses in Khodiyar Nagar, Bhavnagar | VenueConnect",/bhavnagar/khodiyar-nagar/farmhouses/,"Best Farmhouses in Khodiyar Nagar, Bhavnagar | Compare Near You - VenueConnect","Looking for farmhouses in Khodiyar Nagar, Bhavnagar? Browse verified listings with pricing, capacity & photos. Book the perfect venue near Khodiyar Nagar on VenueConnect.","Best Farmhouses in Khodiyar Nagar, Bhavnagar",farmhouses in Khodiyar Nagar Bhavnagar,"farmhouses near Khodiyar Nagar, farmhouses Khodiyar Nagar Bhavnagar, affordable farmhouses near Khodiyar Nagar",Transactional (Hyper-local),High
Venue + City Area,"Party Plots in Khodiyar Nagar, Bhavnagar | VenueConnect",/bhavnagar/khodiyar-nagar/party-plots/,"Best Party Plots in Khodiyar Nagar, Bhavnagar | Compare Near You - VenueConnect","Looking for party plots in Khodiyar Nagar, Bhavnagar? Browse verified listings with pricing, capacity & photos. Book the perfect venue near Khodiyar Nagar on VenueConnect.","Best Party Plots in Khodiyar Nagar, Bhavnagar",party plots in Khodiyar Nagar Bhavnagar,"party plots near Khodiyar Nagar, party plots Khodiyar Nagar Bhavnagar, affordable party plots near Khodiyar Nagar",Transactional (Hyper-local),High
Venue + City Area,"Banquet Halls in Krishna Nagar, Bhavnagar | VenueConnect",/bhavnagar/krishna-nagar/banquet-halls/,"Best Banquet Halls in Krishna Nagar, Bhavnagar | Compare Near You - VenueConnect","Looking for banquet halls in Krishna Nagar, Bhavnagar? Browse verified listings with pricing, capacity & photos. Book the perfect venue near Krishna Nagar on VenueConnect.","Best Banquet Halls in Krishna Nagar, Bhavnagar",banquet halls in Krishna Nagar Bhavnagar,"banquet halls near Krishna Nagar, banquet halls Krishna Nagar Bhavnagar, affordable banquet halls near Krishna Nagar",Transactional (Hyper-local),High
Venue + City Area,"Farmhouses in Krishna Nagar, Bhavnagar | VenueConnect",/bhavnagar/krishna-nagar/farmhouses/,"Best Farmhouses in Krishna Nagar, Bhavnagar | Compare Near You - VenueConnect","Looking for farmhouses in Krishna Nagar, Bhavnagar? Browse verified listings with pricing, capacity & photos. Book the perfect venue near Krishna Nagar on VenueConnect.","Best Farmhouses in Krishna Nagar, Bhavnagar",farmhouses in Krishna Nagar Bhavnagar,"farmhouses near Krishna Nagar, farmhouses Krishna Nagar Bhavnagar, affordable farmhouses near Krishna Nagar",Transactional (Hyper-local),High
Venue + City Area,"Party Plots in Krishna Nagar, Bhavnagar | VenueConnect",/bhavnagar/krishna-nagar/party-plots/,"Best Party Plots in Krishna Nagar, Bhavnagar | Compare Near You - VenueConnect","Looking for party plots in Krishna Nagar, Bhavnagar? Browse verified listings with pricing, capacity & photos. Book the perfect venue near Krishna Nagar on VenueConnect.","Best Party Plots in Krishna Nagar, Bhavnagar",party plots in Krishna Nagar Bhavnagar,"party plots near Krishna Nagar, party plots Krishna Nagar Bhavnagar, affordable party plots near Krishna Nagar",Transactional (Hyper-local),High
Venue + City Area,"Banquet Halls in Lodhi Nagar, Bhavnagar | VenueConnect",/bhavnagar/lodhi-nagar/banquet-halls/,"Best Banquet Halls in Lodhi Nagar, Bhavnagar | Compare Near You - VenueConnect","Looking for banquet halls in Lodhi Nagar, Bhavnagar? Browse verified listings with pricing, capacity & photos. Book the perfect venue near Lodhi Nagar on VenueConnect.","Best Banquet Halls in Lodhi Nagar, Bhavnagar",banquet halls in Lodhi Nagar Bhavnagar,"banquet halls near Lodhi Nagar, banquet halls Lodhi Nagar Bhavnagar, affordable banquet halls near Lodhi Nagar",Transactional (Hyper-local),High
Venue + City Area,"Farmhouses in Lodhi Nagar, Bhavnagar | VenueConnect",/bhavnagar/lodhi-nagar/farmhouses/,"Best Farmhouses in Lodhi Nagar, Bhavnagar | Compare Near You - VenueConnect","Looking for farmhouses in Lodhi Nagar, Bhavnagar? Browse verified listings with pricing, capacity & photos. Book the perfect venue near Lodhi Nagar on VenueConnect.","Best Farmhouses in Lodhi Nagar, Bhavnagar",farmhouses in Lodhi Nagar Bhavnagar,"farmhouses near Lodhi Nagar, farmhouses Lodhi Nagar Bhavnagar, affordable farmhouses near Lodhi Nagar",Transactional (Hyper-local),High
Venue + City Area,"Party Plots in Lodhi Nagar, Bhavnagar | VenueConnect",/bhavnagar/lodhi-nagar/party-plots/,"Best Party Plots in Lodhi Nagar, Bhavnagar | Compare Near You - VenueConnect","Looking for party plots in Lodhi Nagar, Bhavnagar? Browse verified listings with pricing, capacity & photos. Book the perfect venue near Lodhi Nagar on VenueConnect.","Best Party Plots in Lodhi Nagar, Bhavnagar",party plots in Lodhi Nagar Bhavnagar,"party plots near Lodhi Nagar, party plots Lodhi Nagar Bhavnagar, affordable party plots near Lodhi Nagar",Transactional (Hyper-local),High
Venue + City Area,"Banquet Halls in Madhav Nagar, Bhavnagar | VenueConnect",/bhavnagar/madhav-nagar/banquet-halls/,"Best Banquet Halls in Madhav Nagar, Bhavnagar | Compare Near You - VenueConnect","Looking for banquet halls in Madhav Nagar, Bhavnagar? Browse verified listings with pricing, capacity & photos. Book the perfect venue near Madhav Nagar on VenueConnect.","Best Banquet Halls in Madhav Nagar, Bhavnagar",banquet halls in Madhav Nagar Bhavnagar,"banquet halls near Madhav Nagar, banquet halls Madhav Nagar Bhavnagar, affordable banquet halls near Madhav Nagar",Transactional (Hyper-local),High
Venue + City Area,"Farmhouses in Madhav Nagar, Bhavnagar | VenueConnect",/bhavnagar/madhav-nagar/farmhouses/,"Best Farmhouses in Madhav Nagar, Bhavnagar | Compare Near You - VenueConnect","Looking for farmhouses in Madhav Nagar, Bhavnagar? Browse verified listings with pricing, capacity & photos. Book the perfect venue near Madhav Nagar on VenueConnect.","Best Farmhouses in Madhav Nagar, Bhavnagar",farmhouses in Madhav Nagar Bhavnagar,"farmhouses near Madhav Nagar, farmhouses Madhav Nagar Bhavnagar, affordable farmhouses near Madhav Nagar",Transactional (Hyper-local),High
Venue + City Area,"Party Plots in Madhav Nagar, Bhavnagar | VenueConnect",/bhavnagar/madhav-nagar/party-plots/,"Best Party Plots in Madhav Nagar, Bhavnagar | Compare Near You - VenueConnect","Looking for party plots in Madhav Nagar, Bhavnagar? Browse verified listings with pricing, capacity & photos. Book the perfect venue near Madhav Nagar on VenueConnect.","Best Party Plots in Madhav Nagar, Bhavnagar",party plots in Madhav Nagar Bhavnagar,"party plots near Madhav Nagar, party plots Madhav Nagar Bhavnagar, affordable party plots near Madhav Nagar",Transactional (Hyper-local),High
Venue + City Area,"Banquet Halls in Mahuva Road, Bhavnagar | VenueConnect",/bhavnagar/mahuva-road/banquet-halls/,"Best Banquet Halls in Mahuva Road, Bhavnagar | Compare Near You - VenueConnect","Looking for banquet halls in Mahuva Road, Bhavnagar? Browse verified listings with pricing, capacity & photos. Book the perfect venue near Mahuva Road on VenueConnect.","Best Banquet Halls in Mahuva Road, Bhavnagar",banquet halls in Mahuva Road Bhavnagar,"banquet halls near Mahuva Road, banquet halls Mahuva Road Bhavnagar, affordable banquet halls near Mahuva Road",Transactional (Hyper-local),High
Venue + City Area,"Farmhouses in Mahuva Road, Bhavnagar | VenueConnect",/bhavnagar/mahuva-road/farmhouses/,"Best Farmhouses in Mahuva Road, Bhavnagar | Compare Near You - VenueConnect","Looking for farmhouses in Mahuva Road, Bhavnagar? Browse verified listings with pricing, capacity & photos. Book the perfect venue near Mahuva Road on VenueConnect.","Best Farmhouses in Mahuva Road, Bhavnagar",farmhouses in Mahuva Road Bhavnagar,"farmhouses near Mahuva Road, farmhouses Mahuva Road Bhavnagar, affordable farmhouses near Mahuva Road",Transactional (Hyper-local),High
Venue + City Area,"Party Plots in Mahuva Road, Bhavnagar | VenueConnect",/bhavnagar/mahuva-road/party-plots/,"Best Party Plots in Mahuva Road, Bhavnagar | Compare Near You - VenueConnect","Looking for party plots in Mahuva Road, Bhavnagar? Browse verified listings with pricing, capacity & photos. Book the perfect venue near Mahuva Road on VenueConnect.","Best Party Plots in Mahuva Road, Bhavnagar",party plots in Mahuva Road Bhavnagar,"party plots near Mahuva Road, party plots Mahuva Road Bhavnagar, affordable party plots near Mahuva Road",Transactional (Hyper-local),High
Venue + City Area,"Banquet Halls in Nari Road, Bhavnagar | VenueConnect",/bhavnagar/nari-road/banquet-halls/,"Best Banquet Halls in Nari Road, Bhavnagar | Compare Near You - VenueConnect","Looking for banquet halls in Nari Road, Bhavnagar? Browse verified listings with pricing, capacity & photos. Book the perfect venue near Nari Road on VenueConnect.","Best Banquet Halls in Nari Road, Bhavnagar",banquet halls in Nari Road Bhavnagar,"banquet halls near Nari Road, banquet halls Nari Road Bhavnagar, affordable banquet halls near Nari Road",Transactional (Hyper-local),High
Venue + City Area,"Farmhouses in Nari Road, Bhavnagar | VenueConnect",/bhavnagar/nari-road/farmhouses/,"Best Farmhouses in Nari Road, Bhavnagar | Compare Near You - VenueConnect","Looking for farmhouses in Nari Road, Bhavnagar? Browse verified listings with pricing, capacity & photos. Book the perfect venue near Nari Road on VenueConnect.","Best Farmhouses in Nari Road, Bhavnagar",farmhouses in Nari Road Bhavnagar,"farmhouses near Nari Road, farmhouses Nari Road Bhavnagar, affordable farmhouses near Nari Road",Transactional (Hyper-local),High
Venue + City Area,"Party Plots in Nari Road, Bhavnagar | VenueConnect",/bhavnagar/nari-road/party-plots/,"Best Party Plots in Nari Road, Bhavnagar | Compare Near You - VenueConnect","Looking for party plots in Nari Road, Bhavnagar? Browse verified listings with pricing, capacity & photos. Book the perfect venue near Nari Road on VenueConnect.","Best Party Plots in Nari Road, Bhavnagar",party plots in Nari Road Bhavnagar,"party plots near Nari Road, party plots Nari Road Bhavnagar, affordable party plots near Nari Road",Transactional (Hyper-local),High
Venue + City Area,"Banquet Halls in Old National Highway, Bhavnagar | VenueConnect",/bhavnagar/old-national-highway/banquet-halls/,"Best Banquet Halls in Old National Highway, Bhavnagar | Compare Near You - VenueConnect","Looking for banquet halls in Old National Highway, Bhavnagar? Browse verified listings with pricing, capacity & photos. Book the perfect venue near Old National Highway on VenueConnect.","Best Banquet Halls in Old National Highway, Bhavnagar",banquet halls in Old National Highway Bhavnagar,"banquet halls near Old National Highway, banquet halls Old National Highway Bhavnagar, affordable banquet halls near Old National Highway",Transactional (Hyper-local),High
Venue + City Area,"Farmhouses in Old National Highway, Bhavnagar | VenueConnect",/bhavnagar/old-national-highway/farmhouses/,"Best Farmhouses in Old National Highway, Bhavnagar | Compare Near You - VenueConnect","Looking for farmhouses in Old National Highway, Bhavnagar? Browse verified listings with pricing, capacity & photos. Book the perfect venue near Old National Highway on VenueConnect.","Best Farmhouses in Old National Highway, Bhavnagar",farmhouses in Old National Highway Bhavnagar,"farmhouses near Old National Highway, farmhouses Old National Highway Bhavnagar, affordable farmhouses near Old National Highway",Transactional (Hyper-local),High
Venue + City Area,"Party Plots in Old National Highway, Bhavnagar | VenueConnect",/bhavnagar/old-national-highway/party-plots/,"Best Party Plots in Old National Highway, Bhavnagar | Compare Near You - VenueConnect","Looking for party plots in Old National Highway, Bhavnagar? Browse verified listings with pricing, capacity & photos. Book the perfect venue near Old National Highway on VenueConnect.","Best Party Plots in Old National Highway, Bhavnagar",party plots in Old National Highway Bhavnagar,"party plots near Old National Highway, party plots Old National Highway Bhavnagar, affordable party plots near Old National Highway",Transactional (Hyper-local),High
Venue + City Area,"Banquet Halls in Palitana Road, Bhavnagar | VenueConnect",/bhavnagar/palitana-road/banquet-halls/,"Best Banquet Halls in Palitana Road, Bhavnagar | Compare Near You - VenueConnect","Looking for banquet halls in Palitana Road, Bhavnagar? Browse verified listings with pricing, capacity & photos. Book the perfect venue near Palitana Road on VenueConnect.","Best Banquet Halls in Palitana Road, Bhavnagar",banquet halls in Palitana Road Bhavnagar,"banquet halls near Palitana Road, banquet halls Palitana Road Bhavnagar, affordable banquet halls near Palitana Road",Transactional (Hyper-local),High
Venue + City Area,"Farmhouses in Palitana Road, Bhavnagar | VenueConnect",/bhavnagar/palitana-road/farmhouses/,"Best Farmhouses in Palitana Road, Bhavnagar | Compare Near You - VenueConnect","Looking for farmhouses in Palitana Road, Bhavnagar? Browse verified listings with pricing, capacity & photos. Book the perfect venue near Palitana Road on VenueConnect.","Best Farmhouses in Palitana Road, Bhavnagar",farmhouses in Palitana Road Bhavnagar,"farmhouses near Palitana Road, farmhouses Palitana Road Bhavnagar, affordable farmhouses near Palitana Road",Transactional (Hyper-local),High
Venue + City Area,"Party Plots in Palitana Road, Bhavnagar | VenueConnect",/bhavnagar/palitana-road/party-plots/,"Best Party Plots in Palitana Road, Bhavnagar | Compare Near You - VenueConnect","Looking for party plots in Palitana Road, Bhavnagar? Browse verified listings with pricing, capacity & photos. Book the perfect venue near Palitana Road on VenueConnect.","Best Party Plots in Palitana Road, Bhavnagar",party plots in Palitana Road Bhavnagar,"party plots near Palitana Road, party plots Palitana Road Bhavnagar, affordable party plots near Palitana Road",Transactional (Hyper-local),High
Venue + City Area,"Banquet Halls in Parimal Society, Bhavnagar | VenueConnect",/bhavnagar/parimal-society/banquet-halls/,"Best Banquet Halls in Parimal Society, Bhavnagar | Compare Near You - VenueConnect","Looking for banquet halls in Parimal Society, Bhavnagar? Browse verified listings with pricing, capacity & photos. Book the perfect venue near Parimal Society on VenueConnect.","Best Banquet Halls in Parimal Society, Bhavnagar",banquet halls in Parimal Society Bhavnagar,"banquet halls near Parimal Society, banquet halls Parimal Society Bhavnagar, affordable banquet halls near Parimal Society",Transactional (Hyper-local),High
Venue + City Area,"Farmhouses in Parimal Society, Bhavnagar | VenueConnect",/bhavnagar/parimal-society/farmhouses/,"Best Farmhouses in Parimal Society, Bhavnagar | Compare Near You - VenueConnect","Looking for farmhouses in Parimal Society, Bhavnagar? Browse verified listings with pricing, capacity & photos. Book the perfect venue near Parimal Society on VenueConnect.","Best Farmhouses in Parimal Society, Bhavnagar",farmhouses in Parimal Society Bhavnagar,"farmhouses near Parimal Society, farmhouses Parimal Society Bhavnagar, affordable farmhouses near Parimal Society",Transactional (Hyper-local),High
Venue + City Area,"Party Plots in Parimal Society, Bhavnagar | VenueConnect",/bhavnagar/parimal-society/party-plots/,"Best Party Plots in Parimal Society, Bhavnagar | Compare Near You - VenueConnect","Looking for party plots in Parimal Society, Bhavnagar? Browse verified listings with pricing, capacity & photos. Book the perfect venue near Parimal Society on VenueConnect.","Best Party Plots in Parimal Society, Bhavnagar",party plots in Parimal Society Bhavnagar,"party plots near Parimal Society, party plots Parimal Society Bhavnagar, affordable party plots near Parimal Society",Transactional (Hyper-local),High
Venue + City Area,"Banquet Halls in Patel Colony, Bhavnagar | VenueConnect",/bhavnagar/patel-colony/banquet-halls/,"Best Banquet Halls in Patel Colony, Bhavnagar | Compare Near You - VenueConnect","Looking for banquet halls in Patel Colony, Bhavnagar? Browse verified listings with pricing, capacity & photos. Book the perfect venue near Patel Colony on VenueConnect.","Best Banquet Halls in Patel Colony, Bhavnagar",banquet halls in Patel Colony Bhavnagar,"banquet halls near Patel Colony, banquet halls Patel Colony Bhavnagar, affordable banquet halls near Patel Colony",Transactional (Hyper-local),High
Venue + City Area,"Farmhouses in Patel Colony, Bhavnagar | VenueConnect",/bhavnagar/patel-colony/farmhouses/,"Best Farmhouses in Patel Colony, Bhavnagar | Compare Near You - VenueConnect","Looking for farmhouses in Patel Colony, Bhavnagar? Browse verified listings with pricing, capacity & photos. Book the perfect venue near Patel Colony on VenueConnect.","Best Farmhouses in Patel Colony, Bhavnagar",farmhouses in Patel Colony Bhavnagar,"farmhouses near Patel Colony, farmhouses Patel Colony Bhavnagar, affordable farmhouses near Patel Colony",Transactional (Hyper-local),High
Venue + City Area,"Party Plots in Patel Colony, Bhavnagar | VenueConnect",/bhavnagar/patel-colony/party-plots/,"Best Party Plots in Patel Colony, Bhavnagar | Compare Near You - VenueConnect","Looking for party plots in Patel Colony, Bhavnagar? Browse verified listings with pricing, capacity & photos. Book the perfect venue near Patel Colony on VenueConnect.","Best Party Plots in Patel Colony, Bhavnagar",party plots in Patel Colony Bhavnagar,"party plots near Patel Colony, party plots Patel Colony Bhavnagar, affordable party plots near Patel Colony",Transactional (Hyper-local),High
Venue + City Area,"Banquet Halls in Rambaug, Bhavnagar | VenueConnect",/bhavnagar/rambaug/banquet-halls/,"Best Banquet Halls in Rambaug, Bhavnagar | Compare Near You - VenueConnect","Looking for banquet halls in Rambaug, Bhavnagar? Browse verified listings with pricing, capacity & photos. Book the perfect venue near Rambaug on VenueConnect.","Best Banquet Halls in Rambaug, Bhavnagar",banquet halls in Rambaug Bhavnagar,"banquet halls near Rambaug, banquet halls Rambaug Bhavnagar, affordable banquet halls near Rambaug",Transactional (Hyper-local),High
Venue + City Area,"Farmhouses in Rambaug, Bhavnagar | VenueConnect",/bhavnagar/rambaug/farmhouses/,"Best Farmhouses in Rambaug, Bhavnagar | Compare Near You - VenueConnect","Looking for farmhouses in Rambaug, Bhavnagar? Browse verified listings with pricing, capacity & photos. Book the perfect venue near Rambaug on VenueConnect.","Best Farmhouses in Rambaug, Bhavnagar",farmhouses in Rambaug Bhavnagar,"farmhouses near Rambaug, farmhouses Rambaug Bhavnagar, affordable farmhouses near Rambaug",Transactional (Hyper-local),High
Venue + City Area,"Party Plots in Rambaug, Bhavnagar | VenueConnect",/bhavnagar/rambaug/party-plots/,"Best Party Plots in Rambaug, Bhavnagar | Compare Near You - VenueConnect","Looking for party plots in Rambaug, Bhavnagar? Browse verified listings with pricing, capacity & photos. Book the perfect venue near Rambaug on VenueConnect.","Best Party Plots in Rambaug, Bhavnagar",party plots in Rambaug Bhavnagar,"party plots near Rambaug, party plots Rambaug Bhavnagar, affordable party plots near Rambaug",Transactional (Hyper-local),High
Venue + City Area,"Banquet Halls in Sidsar Road, Bhavnagar | VenueConnect",/bhavnagar/sidsar-road/banquet-halls/,"Best Banquet Halls in Sidsar Road, Bhavnagar | Compare Near You - VenueConnect","Looking for banquet halls in Sidsar Road, Bhavnagar? Browse verified listings with pricing, capacity & photos. Book the perfect venue near Sidsar Road on VenueConnect.","Best Banquet Halls in Sidsar Road, Bhavnagar",banquet halls in Sidsar Road Bhavnagar,"banquet halls near Sidsar Road, banquet halls Sidsar Road Bhavnagar, affordable banquet halls near Sidsar Road",Transactional (Hyper-local),High
Venue + City Area,"Farmhouses in Sidsar Road, Bhavnagar | VenueConnect",/bhavnagar/sidsar-road/farmhouses/,"Best Farmhouses in Sidsar Road, Bhavnagar | Compare Near You - VenueConnect","Looking for farmhouses in Sidsar Road, Bhavnagar? Browse verified listings with pricing, capacity & photos. Book the perfect venue near Sidsar Road on VenueConnect.","Best Farmhouses in Sidsar Road, Bhavnagar",farmhouses in Sidsar Road Bhavnagar,"farmhouses near Sidsar Road, farmhouses Sidsar Road Bhavnagar, affordable farmhouses near Sidsar Road",Transactional (Hyper-local),High
Venue + City Area,"Party Plots in Sidsar Road, Bhavnagar | VenueConnect",/bhavnagar/sidsar-road/party-plots/,"Best Party Plots in Sidsar Road, Bhavnagar | Compare Near You - VenueConnect","Looking for party plots in Sidsar Road, Bhavnagar? Browse verified listings with pricing, capacity & photos. Book the perfect venue near Sidsar Road on VenueConnect.","Best Party Plots in Sidsar Road, Bhavnagar",party plots in Sidsar Road Bhavnagar,"party plots near Sidsar Road, party plots Sidsar Road Bhavnagar, affordable party plots near Sidsar Road",Transactional (Hyper-local),High
Venue + City Area,"Banquet Halls in Sihor Road, Bhavnagar | VenueConnect",/bhavnagar/sihor-road/banquet-halls/,"Best Banquet Halls in Sihor Road, Bhavnagar | Compare Near You - VenueConnect","Looking for banquet halls in Sihor Road, Bhavnagar? Browse verified listings with pricing, capacity & photos. Book the perfect venue near Sihor Road on VenueConnect.","Best Banquet Halls in Sihor Road, Bhavnagar",banquet halls in Sihor Road Bhavnagar,"banquet halls near Sihor Road, banquet halls Sihor Road Bhavnagar, affordable banquet halls near Sihor Road",Transactional (Hyper-local),High
Venue + City Area,"Farmhouses in Sihor Road, Bhavnagar | VenueConnect",/bhavnagar/sihor-road/farmhouses/,"Best Farmhouses in Sihor Road, Bhavnagar | Compare Near You - VenueConnect","Looking for farmhouses in Sihor Road, Bhavnagar? Browse verified listings with pricing, capacity & photos. Book the perfect venue near Sihor Road on VenueConnect.","Best Farmhouses in Sihor Road, Bhavnagar",farmhouses in Sihor Road Bhavnagar,"farmhouses near Sihor Road, farmhouses Sihor Road Bhavnagar, affordable farmhouses near Sihor Road",Transactional (Hyper-local),High
Venue + City Area,"Party Plots in Sihor Road, Bhavnagar | VenueConnect",/bhavnagar/sihor-road/party-plots/,"Best Party Plots in Sihor Road, Bhavnagar | Compare Near You - VenueConnect","Looking for party plots in Sihor Road, Bhavnagar? Browse verified listings with pricing, capacity & photos. Book the perfect venue near Sihor Road on VenueConnect.","Best Party Plots in Sihor Road, Bhavnagar",party plots in Sihor Road Bhavnagar,"party plots near Sihor Road, party plots Sihor Road Bhavnagar, affordable party plots near Sihor Road",Transactional (Hyper-local),High
Venue + City Area,"Banquet Halls in Talaja Road, Bhavnagar | VenueConnect",/bhavnagar/talaja-road/banquet-halls/,"Best Banquet Halls in Talaja Road, Bhavnagar | Compare Near You - VenueConnect","Looking for banquet halls in Talaja Road, Bhavnagar? Browse verified listings with pricing, capacity & photos. Book the perfect venue near Talaja Road on VenueConnect.","Best Banquet Halls in Talaja Road, Bhavnagar",banquet halls in Talaja Road Bhavnagar,"banquet halls near Talaja Road, banquet halls Talaja Road Bhavnagar, affordable banquet halls near Talaja Road",Transactional (Hyper-local),High
Venue + City Area,"Farmhouses in Talaja Road, Bhavnagar | VenueConnect",/bhavnagar/talaja-road/farmhouses/,"Best Farmhouses in Talaja Road, Bhavnagar | Compare Near You - VenueConnect","Looking for farmhouses in Talaja Road, Bhavnagar? Browse verified listings with pricing, capacity & photos. Book the perfect venue near Talaja Road on VenueConnect.","Best Farmhouses in Talaja Road, Bhavnagar",farmhouses in Talaja Road Bhavnagar,"farmhouses near Talaja Road, farmhouses Talaja Road Bhavnagar, affordable farmhouses near Talaja Road",Transactional (Hyper-local),High
Venue + City Area,"Party Plots in Talaja Road, Bhavnagar | VenueConnect",/bhavnagar/talaja-road/party-plots/,"Best Party Plots in Talaja Road, Bhavnagar | Compare Near You - VenueConnect","Looking for party plots in Talaja Road, Bhavnagar? Browse verified listings with pricing, capacity & photos. Book the perfect venue near Talaja Road on VenueConnect.","Best Party Plots in Talaja Road, Bhavnagar",party plots in Talaja Road Bhavnagar,"party plots near Talaja Road, party plots Talaja Road Bhavnagar, affordable party plots near Talaja Road",Transactional (Hyper-local),High
Venue + City Area,"Banquet Halls in Ushmanpura, Bhavnagar | VenueConnect",/bhavnagar/ushmanpura/banquet-halls/,"Best Banquet Halls in Ushmanpura, Bhavnagar | Compare Near You - VenueConnect","Looking for banquet halls in Ushmanpura, Bhavnagar? Browse verified listings with pricing, capacity & photos. Book the perfect venue near Ushmanpura on VenueConnect.","Best Banquet Halls in Ushmanpura, Bhavnagar",banquet halls in Ushmanpura Bhavnagar,"banquet halls near Ushmanpura, banquet halls Ushmanpura Bhavnagar, affordable banquet halls near Ushmanpura",Transactional (Hyper-local),High
Venue + City Area,"Farmhouses in Ushmanpura, Bhavnagar | VenueConnect",/bhavnagar/ushmanpura/farmhouses/,"Best Farmhouses in Ushmanpura, Bhavnagar | Compare Near You - VenueConnect","Looking for farmhouses in Ushmanpura, Bhavnagar? Browse verified listings with pricing, capacity & photos. Book the perfect venue near Ushmanpura on VenueConnect.","Best Farmhouses in Ushmanpura, Bhavnagar",farmhouses in Ushmanpura Bhavnagar,"farmhouses near Ushmanpura, farmhouses Ushmanpura Bhavnagar, affordable farmhouses near Ushmanpura",Transactional (Hyper-local),High
Venue + City Area,"Party Plots in Ushmanpura, Bhavnagar | VenueConnect",/bhavnagar/ushmanpura/party-plots/,"Best Party Plots in Ushmanpura, Bhavnagar | Compare Near You - VenueConnect","Looking for party plots in Ushmanpura, Bhavnagar? Browse verified listings with pricing, capacity & photos. Book the perfect venue near Ushmanpura on VenueConnect.","Best Party Plots in Ushmanpura, Bhavnagar",party plots in Ushmanpura Bhavnagar,"party plots near Ushmanpura, party plots Ushmanpura Bhavnagar, affordable party plots near Ushmanpura",Transactional (Hyper-local),High
,,,,,,,,,
,,,,,,,,,
,,,,,,,,,
,,,,,,,,,
,,,,,,,,,
,,,,,,,,,
,,,,,,,,,
,,,,,,,,,
,,,,,,,,,
,,,,,,,,,
,,,,,,,,,
,,,,,,,,,
,,,,,,,,,
,,,,,,,,,
,,,,,,,,,
,,,,,,,,,
,,,,,,,,,
,,,,,,,,,
,,,,,,,,,
,,,,,,,,,
,,,,,,,,,
,,,,,,,,,
,,,,,,,,,
,,,,,,,,,
,,,,,,,,,
,,,,,,,,,
,,,,,,,,,
,,,,,,,,,
,,,,,,,,,
,,,,,,,,,
,,,,,,,,,
,,,,,,,,,
,,,,,,,,,
,,,,,,,,,
,,,,,,,,,
,,,,,,,,,
,,,,,,,,,
,,,,,,,,,
,,,,,,,,,
,,,,,,,,,
,,,,,,,,,
,,,,,,,,,
,,,,,,,,,
,,,,,,,,,
,,,,,,,,,
,,,,,,,,,
,,,,,,,,,
,,,,,,,,,
,,,,,,,,,
,,,,,,,,,
,,,,,,,,,
,,,,,,,,,
,,,,,,,,,
,,,,,,,,,
,,,,,,,,,
,,,,,,,,,
,,,,,,,,,
,,,,,,,,,
,,,,,,,,,
,,,,,,,,,
,,,,,,,,,
,,,,,,,,,
,,,,,,,,,
,,,,,,,,,
,,,,,,,,,
,,,,,,,,,
,,,,,,,,,
,,,,,,,,,
,,,,,,,,,
,,,,,,,,,
,,,,,,,,,
,,,,,,,,,
,,,,,,,,,
,,,,,,,,,
,,,,,,,,,
,,,,,,,,,
,,,,,,,,,
,,,,,,,,,
,,,,,,,,,
,,,,,,,,,
,,,,,,,,,
,,,,,,,,,
,,,,,,,,,
,,,,,,,,,
,,,,,,,,,
,,,,,,,,,
,,,,,,,,,
,,,,,,,,,
,,,,,,,,,
,,,,,,,,,
,,,,,,,,,
,,,,,,,,,
,,,,,,,,,
,,,,,,,,,
,,,,,,,,,
,,,,,,,,,
,,,,,,,,,
,,,,,,,,,
,,,,,,,,,
,,,,,,,,,
,,,,,,,,,
,,,,,,,,,
,,,,,,,,,
,,,,,,,,,
,,,,,,,,,
,,,,,,,,,
,,,,,,,,,
,,,,,,,,,
,,,,,,,,,
,,,,,,,,,
,,,,,,,,,
,,,,,,,,,
,,,,,,,,,
,,,,,,,,,
,,,,,,,,,
,,,,,,,,,
,,,,,,,,,
,,,,,,,,,
,,,,,,,,,
,,,,,,,,,
,,,,,,,,,
,,,,,,,,,
,,,,,,,,,
,,,,,,,,,
,,,,,,,,,
,,,,,,,,,
,,,,,,,,,
,,,,,,,,,
,,,,,,,,,
,,,,,,,,,
,,,,,,,,,
,,,,,,,,,
,,,,,,,,,
,,,,,,,,,
,,,,,,,,,
,,,,,,,,,
,,,,,,,,,
,,,,,,,,,
,,,,,,,,,
,,,,,,,,,
,,,,,,,,,
,,,,,,,,,
,,,,,,,,,
,,,,,,,,,
,,,,,,,,,
,,,,,,,,,
,,,,,,,,,
,,,,,,,,,
,,,,,,,,,
,,,,,,,,,
,,,,,,,,,
,,,,,,,,,
,,,,,,,,,
,,,,,,,,,
,,,,,,,,,
,,,,,,,,,
,,,,,,,,,
,,,,,,,,,
,,,,,,,,,
,,,,,,,,,
,,,,,,,,,
,,,,,,,,,
,,,,,,,,,
,,,,,,,,,
,,,,,,,,,
,,,,,,,,,
,,,,,,,,,
,,,,,,,,,
,,,,,,,,,
,,,,,,,,,
,,,,,,,,,
,,,,,,,,,
,,,,,,,,,
,,,,,,,,,
,,,,,,,,,
,,,,,,,,,
,,,,,,,,,
,,,,,,,,,
,,,,,,,,,
,,,,,,,,,
,,,,,,,,,
,,,,,,,,,
,,,,,,,,,
,,,,,,,,,
,,,,,,,,,
,,,,,,,,,
,,,,,,,,,
,,,,,,,,,
,,,,,,,,,
,,,,,,,,,
,,,,,,,,,
,,,,,,,,,
,,,,,,,,,
,,,,,,,,,
,,,,,,,,,
,,,,,,,,,
,,,,,,,,,
,,,,,,,,,
,,,,,,,,,
,,,,,,,,,
,,,,,,,,,
,,,,,,,,,
,,,,,,,,,
,,,,,,,,,
,,,,,,,,,
,,,,,,,,,
,,,,,,,,,
,,,,,,,,,
,,,,,,,,,
,,,,,,,,,
,,,,,,,,,
,,,,,,,,,
,,,,,,,,,
,,,,,,,,,
,,,,,,,,,
,,,,,,,,,
,,,,,,,,,
,,,,,,,,,
,,,,,,,,,
,,,,,,,,,
,,,,,,,,,
,,,,,,,,,
,,,,,,,,,
,,,,,,,,,
,,,,,,,,,
,,,,,,,,,
,,,,,,,,,
,,,,,,,,,
,,,,,,,,,
,,,,,,,,,
,,,,,,,,,
,,,,,,,,,
,,,,,,,,,
,,,,,,,,,
,,,,,,,,,
,,,,,,,,,
,,,,,,,,,
,,,,,,,,,
,,,,,,,,,
,,,,,,,,,
,,,,,,,,,
,,,,,,,,,
,,,,,,,,,
,,,,,,,,,
,,,,,,,,,
,,,,,,,,,
,,,,,,,,,
,,,,,,,,,
,,,,,,,,,
,,,,,,,,,
,,,,,,,,,
,,,,,,,,,
,,,,,,,,,
,,,,,,,,,
,,,,,,,,,
,,,,,,,,,
,,,,,,,,,
,,,,,,,,,
,,,,,,,,,
,,,,,,,,,
,,,,,,,,,
,,,,,,,,,
,,,,,,,,,
,,,,,,,,,
,,,,,,,,,
,,,,,,,,,
,,,,,,,,,
,,,,,,,,,
,,,,,,,,,
,,,,,,,,,
,,,,,,,,,
,,,,,,,,,
,,,,,,,,,
,,,,,,,,,
,,,,,,,,,
,,,,,,,,,
,,,,,,,,,
,,,,,,,,,
,,,,,,,,,
,,,,,,,,,
,,,,,,,,,
,,,,,,,,,
,,,,,,,,,
,,,,,,,,,
,,,,,,,,,
,,,,,,,,,
,,,,,,,,,
,,,,,,,,,
,,,,,,,,,
,,,,,,,,,
,,,,,,,,,
,,,,,,,,,
,,,,,,,,,
,,,,,,,,,
,,,,,,,,,
,,,,,,,,,
,,,,,,,,,
,,,,,,,,,
,,,,,,,,,
,,,,,,,,,
,,,,,,,,,
,,,,,,,,,
,,,,,,,,,
,,,,,,,,,
,,,,,,,,,
,,,,,,,,,
,,,,,,,,,
,,,,,,,,,
,,,,,,,,,
,,,,,,,,,
,,,,,,,,,
,,,,,,,,,
,,,,,,,,,
,,,,,,,,,
,,,,,,,,,
,,,,,,,,,
,,,,,,,,,
,,,,,,,,,
,,,,,,,,,
,,,,,,,,,
,,,,,,,,,
,,,,,,,,,
,,,,,,,,,
,,,,,,,,,
,,,,,,,,,
,,,,,,,,,
,,,,,,,,,
,,,,,,,,,
,,,,,,,,,
,,,,,,,,,
,,,,,,,,,
,,,,,,,,,
,,,,,,,,,
,,,,,,,,,
,,,,,,,,,
,,,,,,,,,
,,,,,,,,,
,,,,,,,,,
,,,,,,,,,
,,,,,,,,,
,,,,,,,,,
,,,,,,,,,
,,,,,,,,,
,,,,,,,,,
,,,,,,,,,
,,,,,,,,,
,,,,,,,,,
,,,,,,,,,
,,,,,,,,,
,,,,,,,,,
,,,,,,,,,
,,,,,,,,,
,,,,,,,,,
,,,,,,,,,
,,,,,,,,,
,,,,,,,,,
,,,,,,,,,
,,,,,,,,,
,,,,,,,,,
,,,,,,,,,
,,,,,,,,,
,,,,,,,,,
,,,,,,,,,
,,,,,,,,,
,,,,,,,,,
,,,,,,,,,
,,,,,,,,,
,,,,,,,,,
,,,,,,,,,
,,,,,,,,,
,,,,,,,,,
,,,,,,,,,
,,,,,,,,,
,,,,,,,,,
,,,,,,,,,
,,,,,,,,,
,,,,,,,,,
,,,,,,,,,
,,,,,,,,,
,,,,,,,,,
,,,,,,,,,
,,,,,,,,,
,,,,,,,,,
,,,,,,,,,
,,,,,,,,,
,,,,,,,,,
,,,,,,,,,
,,,,,,,,,
,,,,,,,,,
,,,,,,,,,
,,,,,,,,,
,,,,,,,,,
,,,,,,,,,
,,,,,,,,,
,,,,,,,,,
,,,,,,,,,
,,,,,,,,,
,,,,,,,,,
,,,,,,,,,
,,,,,,,,,
,,,,,,,,,
,,,,,,,,,
,,,,,,,,,
,,,,,,,,,
,,,,,,,,,
,,,,,,,,,
,,,,,,,,,
,,,,,,,,,
,,,,,,,,,
,,,,,,,,,
,,,,,,,,,
,,,,,,,,,
,,,,,,,,,
,,,,,,,,,
,,,,,,,,,
,,,,,,,,,
,,,,,,,,,
,,,,,,,,,
,,,,,,,,,
,,,,,,,,,
,,,,,,,,,
,,,,,,,,,
,,,,,,,,,
,,,,,,,,,
,,,,,,,,,
,,,,,,,,,
,,,,,,,,,
,,,,,,,,,
,,,,,,,,,
,,,,,,,,,
,,,,,,,,,
,,,,,,,,,
,,,,,,,,,
,,,,,,,,,
,,,,,,,,,
,,,,,,,,,
,,,,,,,,,
,,,,,,,,,
,,,,,,,,,
,,,,,,,,,
,,,,,,,,,
,,,,,,,,,
,,,,,,,,,
,,,,,,,,,
,,,,,,,,,
,,,,,,,,,
,,,,,,,,,
,,,,,,,,,
,,,,,,,,,
,,,,,,,,,
,,,,,,,,,
,,,,,,,,,
,,,,,,,,,
,,,,,,,,,
,,,,,,,,,
,,,,,,,,,
,,,,,,,,,
,,,,,,,,,
,,,,,,,,,
,,,,,,,,,
,,,,,,,,,
,,,,,,,,,
,,,,,,,,,
,,,,,,,,,
,,,,,,,,,
,,,,,,,,,
,,,,,,,,,
,,,,,,,,,
,,,,,,,,,
,,,,,,,,,
,,,,,,,,,
,,,,,,,,,
,,,,,,,,,
,,,,,,,,,
,,,,,,,,,
,,,,,,,,,
,,,,,,,,,
,,,,,,,,,
