VenueConnect — SEO Pages: Bhuj,,,,,,,,,
  EVENT + CITY PAGES,,,,,,,,,
Page Type,Page Title,URL Slug,Meta Title,Meta Description,H1 Tag,Target Keyword,Secondary Keywords,Search Intent,Priority
Event + City,Wedding Venues in Bhuj | VenueConnect,/bhuj/wedding-venues/,Best Wedding Venues in Bhuj | Book & Compare Prices - VenueConnect,"Find the best wedding venues in Bhuj. Compare wedding halls, banquet spaces & party plots. Get free quotes & instant leads. Browse 100+ options on VenueConnect.",Best Wedding Venues in Bhuj,wedding venues in Bhuj,"wedding hall Bhuj, wedding venue booking Bhuj, best wedding venue Bhuj, wedding party venue Bhuj",Navigational / Transactional,High
Event + City,Birthday Party Venues in Bhuj | VenueConnect,/bhuj/birthday-party-venues/,Best Birthday Party Venues in Bhuj | Book & Compare Prices - VenueConnect,"Find the best birthday party venues in Bhuj. Compare birthday party halls, banquet spaces & party plots. Get free quotes & instant leads. Browse 100+ options on VenueConnect.",Best Birthday Party Venues in Bhuj,birthday party venues in Bhuj,"birthday party hall Bhuj, birthday party venue booking Bhuj, best birthday party venue Bhuj, birthday party party venue Bhuj",Navigational / Transactional,High
Event + City,Engagement Venues in Bhuj | VenueConnect,/bhuj/engagement-venues/,Best Engagement Venues in Bhuj | Book & Compare Prices - VenueConnect,"Find the best engagement venues in Bhuj. Compare engagement halls, banquet spaces & party plots. Get free quotes & instant leads. Browse 100+ options on VenueConnect.",Best Engagement Venues in Bhuj,engagement venues in Bhuj,"engagement hall Bhuj, engagement venue booking Bhuj, best engagement venue Bhuj, engagement party venue Bhuj",Navigational / Transactional,High
Event + City,Corporate Event Venues in Bhuj | VenueConnect,/bhuj/corporate-event-venues/,Best Corporate Event Venues in Bhuj | Book & Compare Prices - VenueConnect,"Find the best corporate event venues in Bhuj. Compare corporate event halls, banquet spaces & party plots. Get free quotes & instant leads. Browse 100+ options on VenueConnect.",Best Corporate Event Venues in Bhuj,corporate event venues in Bhuj,"corporate event hall Bhuj, corporate event venue booking Bhuj, best corporate event venue Bhuj, corporate event party venue Bhuj",Navigational / Transactional,High
Event + City,Reception Venues in Bhuj | VenueConnect,/bhuj/reception-venues/,Best Reception Venues in Bhuj | Book & Compare Prices - VenueConnect,"Find the best reception venues in Bhuj. Compare reception halls, banquet spaces & party plots. Get free quotes & instant leads. Browse 100+ options on VenueConnect.",Best Reception Venues in Bhuj,reception venues in Bhuj,"reception hall Bhuj, reception venue booking Bhuj, best reception venue Bhuj, reception party venue Bhuj",Navigational / Transactional,High
Event + City,Sangeet Ceremony Venues in Bhuj | VenueConnect,/bhuj/sangeet-ceremony-venues/,Best Sangeet Ceremony Venues in Bhuj | Book & Compare Prices - VenueConnect,"Find the best sangeet ceremony venues in Bhuj. Compare sangeet ceremony halls, banquet spaces & party plots. Get free quotes & instant leads. Browse 100+ options on VenueConnect.",Best Sangeet Ceremony Venues in Bhuj,sangeet ceremony venues in Bhuj,"sangeet ceremony hall Bhuj, sangeet ceremony venue booking Bhuj, best sangeet ceremony venue Bhuj, sangeet ceremony party venue Bhuj",Navigational / Transactional,High
Event + City,Garba Night Venues in Bhuj | VenueConnect,/bhuj/garba-night-venues/,Best Garba Night Venues in Bhuj | Book & Compare Prices - VenueConnect,"Find the best garba night venues in Bhuj. Compare garba night halls, banquet spaces & party plots. Get free quotes & instant leads. Browse 100+ options on VenueConnect.",Best Garba Night Venues in Bhuj,garba night venues in Bhuj,"garba night hall Bhuj, garba night venue booking Bhuj, best garba night venue Bhuj, garba night party venue Bhuj",Navigational / Transactional,High
Event + City,Pool Party Venues in Bhuj | VenueConnect,/bhuj/pool-party-venues/,Best Pool Party Venues in Bhuj | Book & Compare Prices - VenueConnect,"Find the best pool party venues in Bhuj. Compare pool party halls, banquet spaces & party plots. Get free quotes & instant leads. Browse 100+ options on VenueConnect.",Best Pool Party Venues in Bhuj,pool party venues in Bhuj,"pool party hall Bhuj, pool party venue booking Bhuj, best pool party venue Bhuj, pool party party venue Bhuj",Navigational / Transactional,High
Event + City,Kitty Party Venues in Bhuj | VenueConnect,/bhuj/kitty-party-venues/,Best Kitty Party Venues in Bhuj | Book & Compare Prices - VenueConnect,"Find the best kitty party venues in Bhuj. Compare kitty party halls, banquet spaces & party plots. Get free quotes & instant leads. Browse 100+ options on VenueConnect.",Best Kitty Party Venues in Bhuj,kitty party venues in Bhuj,"kitty party hall Bhuj, kitty party venue booking Bhuj, best kitty party venue Bhuj, kitty party party venue Bhuj",Navigational / Transactional,High
Event + City,Cocktail Party Venues in Bhuj | VenueConnect,/bhuj/cocktail-party-venues/,Best Cocktail Party Venues in Bhuj | Book & Compare Prices - VenueConnect,"Find the best cocktail party venues in Bhuj. Compare cocktail party halls, banquet spaces & party plots. Get free quotes & instant leads. Browse 100+ options on VenueConnect.",Best Cocktail Party Venues in Bhuj,cocktail party venues in Bhuj,"cocktail party hall Bhuj, cocktail party venue booking Bhuj, best cocktail party venue Bhuj, cocktail party party venue Bhuj",Navigational / Transactional,High
Event + City,Baby Shower Venues in Bhuj | VenueConnect,/bhuj/baby-shower-venues/,Best Baby Shower Venues in Bhuj | Book & Compare Prices - VenueConnect,"Find the best baby shower venues in Bhuj. Compare baby shower halls, banquet spaces & party plots. Get free quotes & instant leads. Browse 100+ options on VenueConnect.",Best Baby Shower Venues in Bhuj,baby shower venues in Bhuj,"baby shower hall Bhuj, baby shower venue booking Bhuj, best baby shower venue Bhuj, baby shower party venue Bhuj",Navigational / Transactional,High
Event + City,Anniversary Party Venues in Bhuj | VenueConnect,/bhuj/anniversary-party-venues/,Best Anniversary Party Venues in Bhuj | Book & Compare Prices - VenueConnect,"Find the best anniversary party venues in Bhuj. Compare anniversary party halls, banquet spaces & party plots. Get free quotes & instant leads. Browse 100+ options on VenueConnect.",Best Anniversary Party Venues in Bhuj,anniversary party venues in Bhuj,"anniversary party hall Bhuj, anniversary party venue booking Bhuj, best anniversary party venue Bhuj, anniversary party party venue Bhuj",Navigational / Transactional,High
Event + City,Farewell Party Venues in Bhuj | VenueConnect,/bhuj/farewell-party-venues/,Best Farewell Party Venues in Bhuj | Book & Compare Prices - VenueConnect,"Find the best farewell party venues in Bhuj. Compare farewell party halls, banquet spaces & party plots. Get free quotes & instant leads. Browse 100+ options on VenueConnect.",Best Farewell Party Venues in Bhuj,farewell party venues in Bhuj,"farewell party hall Bhuj, farewell party venue booking Bhuj, best farewell party venue Bhuj, farewell party party venue Bhuj",Navigational / Transactional,High
Event + City,Reunion Party Venues in Bhuj | VenueConnect,/bhuj/reunion-party-venues/,Best Reunion Party Venues in Bhuj | Book & Compare Prices - VenueConnect,"Find the best reunion party venues in Bhuj. Compare reunion party halls, banquet spaces & party plots. Get free quotes & instant leads. Browse 100+ options on VenueConnect.",Best Reunion Party Venues in Bhuj,reunion party venues in Bhuj,"reunion party hall Bhuj, reunion party venue booking Bhuj, best reunion party venue Bhuj, reunion party party venue Bhuj",Navigational / Transactional,High
Event + City,Product Launch Venues in Bhuj | VenueConnect,/bhuj/product-launch-venues/,Best Product Launch Venues in Bhuj | Book & Compare Prices - VenueConnect,"Find the best product launch venues in Bhuj. Compare product launch halls, banquet spaces & party plots. Get free quotes & instant leads. Browse 100+ options on VenueConnect.",Best Product Launch Venues in Bhuj,product launch venues in Bhuj,"product launch hall Bhuj, product launch venue booking Bhuj, best product launch venue Bhuj, product launch party venue Bhuj",Navigational / Transactional,High
Event + City,Conference Venues in Bhuj | VenueConnect,/bhuj/conference-venues/,Best Conference Venues in Bhuj | Book & Compare Prices - VenueConnect,"Find the best conference venues in Bhuj. Compare conference halls, banquet spaces & party plots. Get free quotes & instant leads. Browse 100+ options on VenueConnect.",Best Conference Venues in Bhuj,conference venues in Bhuj,"conference hall Bhuj, conference venue booking Bhuj, best conference venue Bhuj, conference party venue Bhuj",Navigational / Transactional,High
Event + City,Seminar Venues in Bhuj | VenueConnect,/bhuj/seminar-venues/,Best Seminar Venues in Bhuj | Book & Compare Prices - VenueConnect,"Find the best seminar venues in Bhuj. Compare seminar halls, banquet spaces & party plots. Get free quotes & instant leads. Browse 100+ options on VenueConnect.",Best Seminar Venues in Bhuj,seminar venues in Bhuj,"seminar hall Bhuj, seminar venue booking Bhuj, best seminar venue Bhuj, seminar party venue Bhuj",Navigational / Transactional,High
Event + City,Award Ceremony Venues in Bhuj | VenueConnect,/bhuj/award-ceremony-venues/,Best Award Ceremony Venues in Bhuj | Book & Compare Prices - VenueConnect,"Find the best award ceremony venues in Bhuj. Compare award ceremony halls, banquet spaces & party plots. Get free quotes & instant leads. Browse 100+ options on VenueConnect.",Best Award Ceremony Venues in Bhuj,award ceremony venues in Bhuj,"award ceremony hall Bhuj, award ceremony venue booking Bhuj, best award ceremony venue Bhuj, award ceremony party venue Bhuj",Navigational / Transactional,High
Event + City,Walkin Interview Venues in Bhuj | VenueConnect,/bhuj/walkin-interview-venues/,Best Walkin Interview Venues in Bhuj | Book & Compare Prices - VenueConnect,"Find the best walkin interview venues in Bhuj. Compare walkin interview halls, banquet spaces & party plots. Get free quotes & instant leads. Browse 100+ options on VenueConnect.",Best Walkin Interview Venues in Bhuj,walkin interview venues in Bhuj,"walkin interview hall Bhuj, walkin interview venue booking Bhuj, best walkin interview venue Bhuj, walkin interview party venue Bhuj",Navigational / Transactional,High
Event + City,Training Venues in Bhuj | VenueConnect,/bhuj/training-venues/,Best Training Venues in Bhuj | Book & Compare Prices - VenueConnect,"Find the best training venues in Bhuj. Compare training halls, banquet spaces & party plots. Get free quotes & instant leads. Browse 100+ options on VenueConnect.",Best Training Venues in Bhuj,training venues in Bhuj,"training hall Bhuj, training venue booking Bhuj, best training venue Bhuj, training party venue Bhuj",Navigational / Transactional,High
Event + City,Team Outing Venues in Bhuj | VenueConnect,/bhuj/team-outing-venues/,Best Team Outing Venues in Bhuj | Book & Compare Prices - VenueConnect,"Find the best team outing venues in Bhuj. Compare team outing halls, banquet spaces & party plots. Get free quotes & instant leads. Browse 100+ options on VenueConnect.",Best Team Outing Venues in Bhuj,team outing venues in Bhuj,"team outing hall Bhuj, team outing venue booking Bhuj, best team outing venue Bhuj, team outing party venue Bhuj",Navigational / Transactional,High
Event + City,Stage Event Venues in Bhuj | VenueConnect,/bhuj/stage-event-venues/,Best Stage Event Venues in Bhuj | Book & Compare Prices - VenueConnect,"Find the best stage event venues in Bhuj. Compare stage event halls, banquet spaces & party plots. Get free quotes & instant leads. Browse 100+ options on VenueConnect.",Best Stage Event Venues in Bhuj,stage event venues in Bhuj,"stage event hall Bhuj, stage event venue booking Bhuj, best stage event venue Bhuj, stage event party venue Bhuj",Navigational / Transactional,High
Event + City,Ring Ceremony Venues in Bhuj | VenueConnect,/bhuj/ring-ceremony-venues/,Best Ring Ceremony Venues in Bhuj | Book & Compare Prices - VenueConnect,"Find the best ring ceremony venues in Bhuj. Compare ring ceremony halls, banquet spaces & party plots. Get free quotes & instant leads. Browse 100+ options on VenueConnect.",Best Ring Ceremony Venues in Bhuj,ring ceremony venues in Bhuj,"ring ceremony hall Bhuj, ring ceremony venue booking Bhuj, best ring ceremony venue Bhuj, ring ceremony party venue Bhuj",Navigational / Transactional,High
Event + City,Residential Conference Venues in Bhuj | VenueConnect,/bhuj/residential-conference-venues/,Best Residential Conference Venues in Bhuj | Book & Compare Prices - VenueConnect,"Find the best residential conference venues in Bhuj. Compare residential conference halls, banquet spaces & party plots. Get free quotes & instant leads. Browse 100+ options on VenueConnect.",Best Residential Conference Venues in Bhuj,residential conference venues in Bhuj,"residential conference hall Bhuj, residential conference venue booking Bhuj, best residential conference venue Bhuj, residential conference party venue Bhuj",Navigational / Transactional,High
Event + City,Pre Wedding Mehendi Party Venues in Bhuj | VenueConnect,/bhuj/pre-wedding-mehendi-party-venues/,Best Pre Wedding Mehendi Party Venues in Bhuj | Book & Compare Prices - VenueConnect,"Find the best pre wedding mehendi party venues in Bhuj. Compare pre wedding mehendi party halls, banquet spaces & party plots. Get free quotes & instant leads. Browse 100+ options on VenueConnect.",Best Pre Wedding Mehendi Party Venues in Bhuj,pre wedding mehendi party venues in Bhuj,"pre wedding mehendi party hall Bhuj, pre wedding mehendi party venue booking Bhuj, best pre wedding mehendi party venue Bhuj, pre wedding mehendi party party venue Bhuj",Navigational / Transactional,High
Event + City,Photo Shoots Venues in Bhuj | VenueConnect,/bhuj/photo-shoots-venues/,Best Photo Shoots Venues in Bhuj | Book & Compare Prices - VenueConnect,"Find the best photo shoots venues in Bhuj. Compare photo shoots halls, banquet spaces & party plots. Get free quotes & instant leads. Browse 100+ options on VenueConnect.",Best Photo Shoots Venues in Bhuj,photo shoots venues in Bhuj,"photo shoots hall Bhuj, photo shoots venue booking Bhuj, best photo shoots venue Bhuj, photo shoots party venue Bhuj",Navigational / Transactional,High
Event + City,Naming Ceremony Venues in Bhuj | VenueConnect,/bhuj/naming-ceremony-venues/,Best Naming Ceremony Venues in Bhuj | Book & Compare Prices - VenueConnect,"Find the best naming ceremony venues in Bhuj. Compare naming ceremony halls, banquet spaces & party plots. Get free quotes & instant leads. Browse 100+ options on VenueConnect.",Best Naming Ceremony Venues in Bhuj,naming ceremony venues in Bhuj,"naming ceremony hall Bhuj, naming ceremony venue booking Bhuj, best naming ceremony venue Bhuj, naming ceremony party venue Bhuj",Navigational / Transactional,High
Event + City,Musical Concert Venues in Bhuj | VenueConnect,/bhuj/musical-concert-venues/,Best Musical Concert Venues in Bhuj | Book & Compare Prices - VenueConnect,"Find the best musical concert venues in Bhuj. Compare musical concert halls, banquet spaces & party plots. Get free quotes & instant leads. Browse 100+ options on VenueConnect.",Best Musical Concert Venues in Bhuj,musical concert venues in Bhuj,"musical concert hall Bhuj, musical concert venue booking Bhuj, best musical concert venue Bhuj, musical concert party venue Bhuj",Navigational / Transactional,High
Event + City,MICE Venues in Bhuj | VenueConnect,/bhuj/mice-venues/,Best MICE Venues in Bhuj | Book & Compare Prices - VenueConnect,"Find the best mice venues in Bhuj. Compare mice halls, banquet spaces & party plots. Get free quotes & instant leads. Browse 100+ options on VenueConnect.",Best MICE Venues in Bhuj,mice venues in Bhuj,"mice hall Bhuj, mice venue booking Bhuj, best mice venue Bhuj, mice party venue Bhuj",Navigational / Transactional,High
Event + City,Meeting Venues in Bhuj | VenueConnect,/bhuj/meeting-venues/,Best Meeting Venues in Bhuj | Book & Compare Prices - VenueConnect,"Find the best meeting venues in Bhuj. Compare meeting halls, banquet spaces & party plots. Get free quotes & instant leads. Browse 100+ options on VenueConnect.",Best Meeting Venues in Bhuj,meeting venues in Bhuj,"meeting hall Bhuj, meeting venue booking Bhuj, best meeting venue Bhuj, meeting party venue Bhuj",Navigational / Transactional,High
Event + City,Kids Birthday Party Venues in Bhuj | VenueConnect,/bhuj/kids-birthday-party-venues/,Best Kids Birthday Party Venues in Bhuj | Book & Compare Prices - VenueConnect,"Find the best kids birthday party venues in Bhuj. Compare kids birthday party halls, banquet spaces & party plots. Get free quotes & instant leads. Browse 100+ options on VenueConnect.",Best Kids Birthday Party Venues in Bhuj,kids birthday party venues in Bhuj,"kids birthday party hall Bhuj, kids birthday party venue booking Bhuj, best kids birthday party venue Bhuj, kids birthday party party venue Bhuj",Navigational / Transactional,High
Event + City,Holi Party Venues in Bhuj | VenueConnect,/bhuj/holi-party-venues/,Best Holi Party Venues in Bhuj | Book & Compare Prices - VenueConnect,"Find the best holi party venues in Bhuj. Compare holi party halls, banquet spaces & party plots. Get free quotes & instant leads. Browse 100+ options on VenueConnect.",Best Holi Party Venues in Bhuj,holi party venues in Bhuj,"holi party hall Bhuj, holi party venue booking Bhuj, best holi party venue Bhuj, holi party party venue Bhuj",Navigational / Transactional,High
Event + City,Group Dining Venues in Bhuj | VenueConnect,/bhuj/group-dining-venues/,Best Group Dining Venues in Bhuj | Book & Compare Prices - VenueConnect,"Find the best group dining venues in Bhuj. Compare group dining halls, banquet spaces & party plots. Get free quotes & instant leads. Browse 100+ options on VenueConnect.",Best Group Dining Venues in Bhuj,group dining venues in Bhuj,"group dining hall Bhuj, group dining venue booking Bhuj, best group dining venue Bhuj, group dining party venue Bhuj",Navigational / Transactional,High
Event + City,Get Together Venues in Bhuj | VenueConnect,/bhuj/get-together-venues/,Best Get Together Venues in Bhuj | Book & Compare Prices - VenueConnect,"Find the best get together venues in Bhuj. Compare get together halls, banquet spaces & party plots. Get free quotes & instant leads. Browse 100+ options on VenueConnect.",Best Get Together Venues in Bhuj,get together venues in Bhuj,"get together hall Bhuj, get together venue booking Bhuj, best get together venue Bhuj, get together party venue Bhuj",Navigational / Transactional,High
Event + City,Game Watch Venues in Bhuj | VenueConnect,/bhuj/game-watch-venues/,Best Game Watch Venues in Bhuj | Book & Compare Prices - VenueConnect,"Find the best game watch venues in Bhuj. Compare game watch halls, banquet spaces & party plots. Get free quotes & instant leads. Browse 100+ options on VenueConnect.",Best Game Watch Venues in Bhuj,game watch venues in Bhuj,"game watch hall Bhuj, game watch venue booking Bhuj, best game watch venue Bhuj, game watch party venue Bhuj",Navigational / Transactional,High
Event + City,Freshers Party Venues in Bhuj | VenueConnect,/bhuj/freshers-party-venues/,Best Freshers Party Venues in Bhuj | Book & Compare Prices - VenueConnect,"Find the best freshers party venues in Bhuj. Compare freshers party halls, banquet spaces & party plots. Get free quotes & instant leads. Browse 100+ options on VenueConnect.",Best Freshers Party Venues in Bhuj,freshers party venues in Bhuj,"freshers party hall Bhuj, freshers party venue booking Bhuj, best freshers party venue Bhuj, freshers party party venue Bhuj",Navigational / Transactional,High
Event + City,First Birthday Party Venues in Bhuj | VenueConnect,/bhuj/first-birthday-party-venues/,Best First Birthday Party Venues in Bhuj | Book & Compare Prices - VenueConnect,"Find the best first birthday party venues in Bhuj. Compare first birthday party halls, banquet spaces & party plots. Get free quotes & instant leads. Browse 100+ options on VenueConnect.",Best First Birthday Party Venues in Bhuj,first birthday party venues in Bhuj,"first birthday party hall Bhuj, first birthday party venue booking Bhuj, best first birthday party venue Bhuj, first birthday party party venue Bhuj",Navigational / Transactional,High
Event + City,Fashion Show Venues in Bhuj | VenueConnect,/bhuj/fashion-show-venues/,Best Fashion Show Venues in Bhuj | Book & Compare Prices - VenueConnect,"Find the best fashion show venues in Bhuj. Compare fashion show halls, banquet spaces & party plots. Get free quotes & instant leads. Browse 100+ options on VenueConnect.",Best Fashion Show Venues in Bhuj,fashion show venues in Bhuj,"fashion show hall Bhuj, fashion show venue booking Bhuj, best fashion show venue Bhuj, fashion show party venue Bhuj",Navigational / Transactional,High
Event + City,Family Function Venues in Bhuj | VenueConnect,/bhuj/family-function-venues/,Best Family Function Venues in Bhuj | Book & Compare Prices - VenueConnect,"Find the best family function venues in Bhuj. Compare family function halls, banquet spaces & party plots. Get free quotes & instant leads. Browse 100+ options on VenueConnect.",Best Family Function Venues in Bhuj,family function venues in Bhuj,"family function hall Bhuj, family function venue booking Bhuj, best family function venue Bhuj, family function party venue Bhuj",Navigational / Transactional,High
Event + City,Exhibition Venues in Bhuj | VenueConnect,/bhuj/exhibition-venues/,Best Exhibition Venues in Bhuj | Book & Compare Prices - VenueConnect,"Find the best exhibition venues in Bhuj. Compare exhibition halls, banquet spaces & party plots. Get free quotes & instant leads. Browse 100+ options on VenueConnect.",Best Exhibition Venues in Bhuj,exhibition venues in Bhuj,"exhibition hall Bhuj, exhibition venue booking Bhuj, best exhibition venue Bhuj, exhibition party venue Bhuj",Navigational / Transactional,High
Event + City,Corporate Training Venues in Bhuj | VenueConnect,/bhuj/corporate-training-venues/,Best Corporate Training Venues in Bhuj | Book & Compare Prices - VenueConnect,"Find the best corporate training venues in Bhuj. Compare corporate training halls, banquet spaces & party plots. Get free quotes & instant leads. Browse 100+ options on VenueConnect.",Best Corporate Training Venues in Bhuj,corporate training venues in Bhuj,"corporate training hall Bhuj, corporate training venue booking Bhuj, best corporate training venue Bhuj, corporate training party venue Bhuj",Navigational / Transactional,High
Event + City,Corporate Party Venues in Bhuj | VenueConnect,/bhuj/corporate-party-venues/,Best Corporate Party Venues in Bhuj | Book & Compare Prices - VenueConnect,"Find the best corporate party venues in Bhuj. Compare corporate party halls, banquet spaces & party plots. Get free quotes & instant leads. Browse 100+ options on VenueConnect.",Best Corporate Party Venues in Bhuj,corporate party venues in Bhuj,"corporate party hall Bhuj, corporate party venue booking Bhuj, best corporate party venue Bhuj, corporate party party venue Bhuj",Navigational / Transactional,High
Event + City,Corporate Offsite Venues in Bhuj | VenueConnect,/bhuj/corporate-offsite-venues/,Best Corporate Offsite Venues in Bhuj | Book & Compare Prices - VenueConnect,"Find the best corporate offsite venues in Bhuj. Compare corporate offsite halls, banquet spaces & party plots. Get free quotes & instant leads. Browse 100+ options on VenueConnect.",Best Corporate Offsite Venues in Bhuj,corporate offsite venues in Bhuj,"corporate offsite hall Bhuj, corporate offsite venue booking Bhuj, best corporate offsite venue Bhuj, corporate offsite party venue Bhuj",Navigational / Transactional,High
Event + City,Cocktail Dinner Venues in Bhuj | VenueConnect,/bhuj/cocktail-dinner-venues/,Best Cocktail Dinner Venues in Bhuj | Book & Compare Prices - VenueConnect,"Find the best cocktail dinner venues in Bhuj. Compare cocktail dinner halls, banquet spaces & party plots. Get free quotes & instant leads. Browse 100+ options on VenueConnect.",Best Cocktail Dinner Venues in Bhuj,cocktail dinner venues in Bhuj,"cocktail dinner hall Bhuj, cocktail dinner venue booking Bhuj, best cocktail dinner venue Bhuj, cocktail dinner party venue Bhuj",Navigational / Transactional,High
Event + City,Class Reunion Venues in Bhuj | VenueConnect,/bhuj/class-reunion-venues/,Best Class Reunion Venues in Bhuj | Book & Compare Prices - VenueConnect,"Find the best class reunion venues in Bhuj. Compare class reunion halls, banquet spaces & party plots. Get free quotes & instant leads. Browse 100+ options on VenueConnect.",Best Class Reunion Venues in Bhuj,class reunion venues in Bhuj,"class reunion hall Bhuj, class reunion venue booking Bhuj, best class reunion venue Bhuj, class reunion party venue Bhuj",Navigational / Transactional,High
Event + City,Christian Communion Venues in Bhuj | VenueConnect,/bhuj/christian-communion-venues/,Best Christian Communion Venues in Bhuj | Book & Compare Prices - VenueConnect,"Find the best christian communion venues in Bhuj. Compare christian communion halls, banquet spaces & party plots. Get free quotes & instant leads. Browse 100+ options on VenueConnect.",Best Christian Communion Venues in Bhuj,christian communion venues in Bhuj,"christian communion hall Bhuj, christian communion venue booking Bhuj, best christian communion venue Bhuj, christian communion party venue Bhuj",Navigational / Transactional,High
Event + City,Childrens Party Venues in Bhuj | VenueConnect,/bhuj/childrens-party-venues/,Best Childrens Party Venues in Bhuj | Book & Compare Prices - VenueConnect,"Find the best childrens party venues in Bhuj. Compare childrens party halls, banquet spaces & party plots. Get free quotes & instant leads. Browse 100+ options on VenueConnect.",Best Childrens Party Venues in Bhuj,childrens party venues in Bhuj,"childrens party hall Bhuj, childrens party venue booking Bhuj, best childrens party venue Bhuj, childrens party party venue Bhuj",Navigational / Transactional,High
Event + City,Business Dinner Venues in Bhuj | VenueConnect,/bhuj/business-dinner-venues/,Best Business Dinner Venues in Bhuj | Book & Compare Prices - VenueConnect,"Find the best business dinner venues in Bhuj. Compare business dinner halls, banquet spaces & party plots. Get free quotes & instant leads. Browse 100+ options on VenueConnect.",Best Business Dinner Venues in Bhuj,business dinner venues in Bhuj,"business dinner hall Bhuj, business dinner venue booking Bhuj, best business dinner venue Bhuj, business dinner party venue Bhuj",Navigational / Transactional,High
Event + City,Bridal Shower Venues in Bhuj | VenueConnect,/bhuj/bridal-shower-venues/,Best Bridal Shower Venues in Bhuj | Book & Compare Prices - VenueConnect,"Find the best bridal shower venues in Bhuj. Compare bridal shower halls, banquet spaces & party plots. Get free quotes & instant leads. Browse 100+ options on VenueConnect.",Best Bridal Shower Venues in Bhuj,bridal shower venues in Bhuj,"bridal shower hall Bhuj, bridal shower venue booking Bhuj, best bridal shower venue Bhuj, bridal shower party venue Bhuj",Navigational / Transactional,High
Event + City,Brand Promotion Venues in Bhuj | VenueConnect,/bhuj/brand-promotion-venues/,Best Brand Promotion Venues in Bhuj | Book & Compare Prices - VenueConnect,"Find the best brand promotion venues in Bhuj. Compare brand promotion halls, banquet spaces & party plots. Get free quotes & instant leads. Browse 100+ options on VenueConnect.",Best Brand Promotion Venues in Bhuj,brand promotion venues in Bhuj,"brand promotion hall Bhuj, brand promotion venue booking Bhuj, best brand promotion venue Bhuj, brand promotion party venue Bhuj",Navigational / Transactional,High
Event + City,Bachelor Party Venues in Bhuj | VenueConnect,/bhuj/bachelor-party-venues/,Best Bachelor Party Venues in Bhuj | Book & Compare Prices - VenueConnect,"Find the best bachelor party venues in Bhuj. Compare bachelor party halls, banquet spaces & party plots. Get free quotes & instant leads. Browse 100+ options on VenueConnect.",Best Bachelor Party Venues in Bhuj,bachelor party venues in Bhuj,"bachelor party hall Bhuj, bachelor party venue booking Bhuj, best bachelor party venue Bhuj, bachelor party party venue Bhuj",Navigational / Transactional,High
Event + City,Aqueeqa Ceremony Venues in Bhuj | VenueConnect,/bhuj/aqueeqa-ceremony-venues/,Best Aqueeqa Ceremony Venues in Bhuj | Book & Compare Prices - VenueConnect,"Find the best aqueeqa ceremony venues in Bhuj. Compare aqueeqa ceremony halls, banquet spaces & party plots. Get free quotes & instant leads. Browse 100+ options on VenueConnect.",Best Aqueeqa Ceremony Venues in Bhuj,aqueeqa ceremony venues in Bhuj,"aqueeqa ceremony hall Bhuj, aqueeqa ceremony venue booking Bhuj, best aqueeqa ceremony venue Bhuj, aqueeqa ceremony party venue Bhuj",Navigational / Transactional,High
Event + City,Annual Fest Venues in Bhuj | VenueConnect,/bhuj/annual-fest-venues/,Best Annual Fest Venues in Bhuj | Book & Compare Prices - VenueConnect,"Find the best annual fest venues in Bhuj. Compare annual fest halls, banquet spaces & party plots. Get free quotes & instant leads. Browse 100+ options on VenueConnect.",Best Annual Fest Venues in Bhuj,annual fest venues in Bhuj,"annual fest hall Bhuj, annual fest venue booking Bhuj, best annual fest venue Bhuj, annual fest party venue Bhuj",Navigational / Transactional,High
Event + City,Adventure Party Venues in Bhuj | VenueConnect,/bhuj/adventure-party-venues/,Best Adventure Party Venues in Bhuj | Book & Compare Prices - VenueConnect,"Find the best adventure party venues in Bhuj. Compare adventure party halls, banquet spaces & party plots. Get free quotes & instant leads. Browse 100+ options on VenueConnect.",Best Adventure Party Venues in Bhuj,adventure party venues in Bhuj,"adventure party hall Bhuj, adventure party venue booking Bhuj, best adventure party venue Bhuj, adventure party party venue Bhuj",Navigational / Transactional,High
Event + City,Haldi Ceremony Venues in Bhuj | VenueConnect,/bhuj/haldi-ceremony-venues/,Best Haldi Ceremony Venues in Bhuj | Book & Compare Prices - VenueConnect,"Find the best haldi ceremony venues in Bhuj. Compare haldi ceremony halls, banquet spaces & party plots. Get free quotes & instant leads. Browse 100+ options on VenueConnect.",Best Haldi Ceremony Venues in Bhuj,haldi ceremony venues in Bhuj,"haldi ceremony hall Bhuj, haldi ceremony venue booking Bhuj, best haldi ceremony venue Bhuj, haldi ceremony party venue Bhuj",Navigational / Transactional,High
  VENDOR + CITY PAGES,,,,,,,,,
Page Type,Page Title,URL Slug,Meta Title,Meta Description,H1 Tag,Target Keyword,Secondary Keywords,Search Intent,Priority
Vendor + City,Photographers in Bhuj | VenueConnect,/bhuj/vendors/photographers/,Top Photographers in Bhuj | Compare & Hire - VenueConnect,"Hire top photographers in Bhuj for weddings, birthdays & all events. Compare portfolios, pricing & reviews. Get direct leads via WhatsApp. Book on VenueConnect.",Top Photographers in Bhuj,photographers in Bhuj,"photographers for wedding Bhuj, best photographers Bhuj, affordable photographers Bhuj, photographers contact Bhuj",Transactional,High
Vendor + City,Caterers in Bhuj | VenueConnect,/bhuj/vendors/caterers/,Top Caterers in Bhuj | Compare & Hire - VenueConnect,"Hire top caterers in Bhuj for weddings, birthdays & all events. Compare portfolios, pricing & reviews. Get direct leads via WhatsApp. Book on VenueConnect.",Top Caterers in Bhuj,caterers in Bhuj,"caterers for wedding Bhuj, best caterers Bhuj, affordable caterers Bhuj, caterers contact Bhuj",Transactional,High
Vendor + City,Decorators in Bhuj | VenueConnect,/bhuj/vendors/decorators/,Top Decorators in Bhuj | Compare & Hire - VenueConnect,"Hire top decorators in Bhuj for weddings, birthdays & all events. Compare portfolios, pricing & reviews. Get direct leads via WhatsApp. Book on VenueConnect.",Top Decorators in Bhuj,decorators in Bhuj,"decorators for wedding Bhuj, best decorators Bhuj, affordable decorators Bhuj, decorators contact Bhuj",Transactional,High
Vendor + City,Mehndi Artists in Bhuj | VenueConnect,/bhuj/vendors/mehndi-artists/,Top Mehndi Artists in Bhuj | Compare & Hire - VenueConnect,"Hire top mehndi artists in Bhuj for weddings, birthdays & all events. Compare portfolios, pricing & reviews. Get direct leads via WhatsApp. Book on VenueConnect.",Top Mehndi Artists in Bhuj,mehndi artists in Bhuj,"mehndi artists for wedding Bhuj, best mehndi artists Bhuj, affordable mehndi artists Bhuj, mehndi artists contact Bhuj",Transactional,High
Vendor + City,DJs in Bhuj | VenueConnect,/bhuj/vendors/djs/,Top DJs in Bhuj | Compare & Hire - VenueConnect,"Hire top djs in Bhuj for weddings, birthdays & all events. Compare portfolios, pricing & reviews. Get direct leads via WhatsApp. Book on VenueConnect.",Top DJs in Bhuj,djs in Bhuj,"djs for wedding Bhuj, best djs Bhuj, affordable djs Bhuj, djs contact Bhuj",Transactional,High
Vendor + City,Bands in Bhuj | VenueConnect,/bhuj/vendors/bands/,Top Bands in Bhuj | Compare & Hire - VenueConnect,"Hire top bands in Bhuj for weddings, birthdays & all events. Compare portfolios, pricing & reviews. Get direct leads via WhatsApp. Book on VenueConnect.",Top Bands in Bhuj,bands in Bhuj,"bands for wedding Bhuj, best bands Bhuj, affordable bands Bhuj, bands contact Bhuj",Transactional,High
Vendor + City,Event Planners in Bhuj | VenueConnect,/bhuj/vendors/event-planners/,Top Event Planners in Bhuj | Compare & Hire - VenueConnect,"Hire top event planners in Bhuj for weddings, birthdays & all events. Compare portfolios, pricing & reviews. Get direct leads via WhatsApp. Book on VenueConnect.",Top Event Planners in Bhuj,event planners in Bhuj,"event planners for wedding Bhuj, best event planners Bhuj, affordable event planners Bhuj, event planners contact Bhuj",Transactional,High
Vendor + City,Bridal Wear in Bhuj | VenueConnect,/bhuj/vendors/bridal-wear/,Top Bridal Wear in Bhuj | Compare & Hire - VenueConnect,"Hire top bridal wear in Bhuj for weddings, birthdays & all events. Compare portfolios, pricing & reviews. Get direct leads via WhatsApp. Book on VenueConnect.",Top Bridal Wear in Bhuj,bridal wear in Bhuj,"bridal wear for wedding Bhuj, best bridal wear Bhuj, affordable bridal wear Bhuj, bridal wear contact Bhuj",Transactional,High
Vendor + City,Makeup Artists in Bhuj | VenueConnect,/bhuj/vendors/makeup-artists/,Top Makeup Artists in Bhuj | Compare & Hire - VenueConnect,"Hire top makeup artists in Bhuj for weddings, birthdays & all events. Compare portfolios, pricing & reviews. Get direct leads via WhatsApp. Book on VenueConnect.",Top Makeup Artists in Bhuj,makeup artists in Bhuj,"makeup artists for wedding Bhuj, best makeup artists Bhuj, affordable makeup artists Bhuj, makeup artists contact Bhuj",Transactional,High
Vendor + City,Florists in Bhuj | VenueConnect,/bhuj/vendors/florists/,Top Florists in Bhuj | Compare & Hire - VenueConnect,"Hire top florists in Bhuj for weddings, birthdays & all events. Compare portfolios, pricing & reviews. Get direct leads via WhatsApp. Book on VenueConnect.",Top Florists in Bhuj,florists in Bhuj,"florists for wedding Bhuj, best florists Bhuj, affordable florists Bhuj, florists contact Bhuj",Transactional,High
Vendor + City,Videographers in Bhuj | VenueConnect,/bhuj/vendors/videographers/,Top Videographers in Bhuj | Compare & Hire - VenueConnect,"Hire top videographers in Bhuj for weddings, birthdays & all events. Compare portfolios, pricing & reviews. Get direct leads via WhatsApp. Book on VenueConnect.",Top Videographers in Bhuj,videographers in Bhuj,"videographers for wedding Bhuj, best videographers Bhuj, affordable videographers Bhuj, videographers contact Bhuj",Transactional,High
Vendor + City,Wedding Planners in Bhuj | VenueConnect,/bhuj/vendors/wedding-planners/,Top Wedding Planners in Bhuj | Compare & Hire - VenueConnect,"Hire top wedding planners in Bhuj for weddings, birthdays & all events. Compare portfolios, pricing & reviews. Get direct leads via WhatsApp. Book on VenueConnect.",Top Wedding Planners in Bhuj,wedding planners in Bhuj,"wedding planners for wedding Bhuj, best wedding planners Bhuj, affordable wedding planners Bhuj, wedding planners contact Bhuj",Transactional,High
Vendor + City,Tent Houses in Bhuj | VenueConnect,/bhuj/vendors/tent-houses/,Top Tent Houses in Bhuj | Compare & Hire - VenueConnect,"Hire top tent houses in Bhuj for weddings, birthdays & all events. Compare portfolios, pricing & reviews. Get direct leads via WhatsApp. Book on VenueConnect.",Top Tent Houses in Bhuj,tent houses in Bhuj,"tent houses for wedding Bhuj, best tent houses Bhuj, affordable tent houses Bhuj, tent houses contact Bhuj",Transactional,High
Vendor + City,Choreographers in Bhuj | VenueConnect,/bhuj/vendors/choreographers/,Top Choreographers in Bhuj | Compare & Hire - VenueConnect,"Hire top choreographers in Bhuj for weddings, birthdays & all events. Compare portfolios, pricing & reviews. Get direct leads via WhatsApp. Book on VenueConnect.",Top Choreographers in Bhuj,choreographers in Bhuj,"choreographers for wedding Bhuj, best choreographers Bhuj, affordable choreographers Bhuj, choreographers contact Bhuj",Transactional,High
Vendor + City,Invitation Cards in Bhuj | VenueConnect,/bhuj/vendors/invitation-cards/,Top Invitation Cards in Bhuj | Compare & Hire - VenueConnect,"Hire top invitation cards in Bhuj for weddings, birthdays & all events. Compare portfolios, pricing & reviews. Get direct leads via WhatsApp. Book on VenueConnect.",Top Invitation Cards in Bhuj,invitation cards in Bhuj,"invitation cards for wedding Bhuj, best invitation cards Bhuj, affordable invitation cards Bhuj, invitation cards contact Bhuj",Transactional,High
Vendor + City,Cake Shops in Bhuj | VenueConnect,/bhuj/vendors/cake-shops/,Top Cake Shops in Bhuj | Compare & Hire - VenueConnect,"Hire top cake shops in Bhuj for weddings, birthdays & all events. Compare portfolios, pricing & reviews. Get direct leads via WhatsApp. Book on VenueConnect.",Top Cake Shops in Bhuj,cake shops in Bhuj,"cake shops for wedding Bhuj, best cake shops Bhuj, affordable cake shops Bhuj, cake shops contact Bhuj",Transactional,High
Vendor + City,Jewellers in Bhuj | VenueConnect,/bhuj/vendors/jewellers/,Top Jewellers in Bhuj | Compare & Hire - VenueConnect,"Hire top jewellers in Bhuj for weddings, birthdays & all events. Compare portfolios, pricing & reviews. Get direct leads via WhatsApp. Book on VenueConnect.",Top Jewellers in Bhuj,jewellers in Bhuj,"jewellers for wedding Bhuj, best jewellers Bhuj, affordable jewellers Bhuj, jewellers contact Bhuj",Transactional,High
Vendor + City,Astrologers in Bhuj | VenueConnect,/bhuj/vendors/astrologers/,Top Astrologers in Bhuj | Compare & Hire - VenueConnect,"Hire top astrologers in Bhuj for weddings, birthdays & all events. Compare portfolios, pricing & reviews. Get direct leads via WhatsApp. Book on VenueConnect.",Top Astrologers in Bhuj,astrologers in Bhuj,"astrologers for wedding Bhuj, best astrologers Bhuj, affordable astrologers Bhuj, astrologers contact Bhuj",Transactional,High
Vendor + City,Magicians in Bhuj | VenueConnect,/bhuj/vendors/magicians/,Top Magicians in Bhuj | Compare & Hire - VenueConnect,"Hire top magicians in Bhuj for weddings, birthdays & all events. Compare portfolios, pricing & reviews. Get direct leads via WhatsApp. Book on VenueConnect.",Top Magicians in Bhuj,magicians in Bhuj,"magicians for wedding Bhuj, best magicians Bhuj, affordable magicians Bhuj, magicians contact Bhuj",Transactional,High
Vendor + City,Entertainers in Bhuj | VenueConnect,/bhuj/vendors/entertainers/,Top Entertainers in Bhuj | Compare & Hire - VenueConnect,"Hire top entertainers in Bhuj for weddings, birthdays & all events. Compare portfolios, pricing & reviews. Get direct leads via WhatsApp. Book on VenueConnect.",Top Entertainers in Bhuj,entertainers in Bhuj,"entertainers for wedding Bhuj, best entertainers Bhuj, affordable entertainers Bhuj, entertainers contact Bhuj",Transactional,High
Vendor + City,Groom Wear in Bhuj | VenueConnect,/bhuj/vendors/groom-wear/,Top Groom Wear in Bhuj | Compare & Hire - VenueConnect,"Hire top groom wear in Bhuj for weddings, birthdays & all events. Compare portfolios, pricing & reviews. Get direct leads via WhatsApp. Book on VenueConnect.",Top Groom Wear in Bhuj,groom wear in Bhuj,"groom wear for wedding Bhuj, best groom wear Bhuj, affordable groom wear Bhuj, groom wear contact Bhuj",Transactional,High
Vendor + City,Wedding Photographers in Bhuj | VenueConnect,/bhuj/vendors/wedding-photographers/,Top Wedding Photographers in Bhuj | Compare & Hire - VenueConnect,"Hire top wedding photographers in Bhuj for weddings, birthdays & all events. Compare portfolios, pricing & reviews. Get direct leads via WhatsApp. Book on VenueConnect.",Top Wedding Photographers in Bhuj,wedding photographers in Bhuj,"wedding photographers for wedding Bhuj, best wedding photographers Bhuj, affordable wedding photographers Bhuj, wedding photographers contact Bhuj",Transactional,High
  VENUE TYPE + CITY PAGES,,,,,,,,,
Page Type,Page Title,URL Slug,Meta Title,Meta Description,H1 Tag,Target Keyword,Secondary Keywords,Search Intent,Priority
Venue + City,Banquet Halls in Bhuj | VenueConnect,/bhuj/banquet-halls/,Best Banquet Halls in Bhuj | Compare Prices & Book - VenueConnect,"Find top banquet halls in Bhuj for any occasion. Compare capacity, pricing & amenities. 100+ verified listings. Get free quotes on VenueConnect Gujarat.",Best Banquet Halls in Bhuj,banquet halls in Bhuj,"banquet halls for rent Bhuj, banquet halls booking Bhuj, best banquet halls Bhuj, affordable banquet halls Bhuj",Transactional,High
Venue + City,Farmhouses in Bhuj | VenueConnect,/bhuj/farmhouses/,Best Farmhouses in Bhuj | Compare Prices & Book - VenueConnect,"Find top farmhouses in Bhuj for any occasion. Compare capacity, pricing & amenities. 100+ verified listings. Get free quotes on VenueConnect Gujarat.",Best Farmhouses in Bhuj,farmhouses in Bhuj,"farmhouses for rent Bhuj, farmhouses booking Bhuj, best farmhouses Bhuj, affordable farmhouses Bhuj",Transactional,High
Venue + City,Party Plots in Bhuj | VenueConnect,/bhuj/party-plots/,Best Party Plots in Bhuj | Compare Prices & Book - VenueConnect,"Find top party plots in Bhuj for any occasion. Compare capacity, pricing & amenities. 100+ verified listings. Get free quotes on VenueConnect Gujarat.",Best Party Plots in Bhuj,party plots in Bhuj,"party plots for rent Bhuj, party plots booking Bhuj, best party plots Bhuj, affordable party plots Bhuj",Transactional,High
Venue + City,Hotels in Bhuj | VenueConnect,/bhuj/hotels/,Best Hotels in Bhuj | Compare Prices & Book - VenueConnect,"Find top hotels in Bhuj for any occasion. Compare capacity, pricing & amenities. 100+ verified listings. Get free quotes on VenueConnect Gujarat.",Best Hotels in Bhuj,hotels in Bhuj,"hotels for rent Bhuj, hotels booking Bhuj, best hotels Bhuj, affordable hotels Bhuj",Transactional,High
Venue + City,Resorts in Bhuj | VenueConnect,/bhuj/resorts/,Best Resorts in Bhuj | Compare Prices & Book - VenueConnect,"Find top resorts in Bhuj for any occasion. Compare capacity, pricing & amenities. 100+ verified listings. Get free quotes on VenueConnect Gujarat.",Best Resorts in Bhuj,resorts in Bhuj,"resorts for rent Bhuj, resorts booking Bhuj, best resorts Bhuj, affordable resorts Bhuj",Transactional,High
Venue + City,Restaurants in Bhuj | VenueConnect,/bhuj/restaurants/,Best Restaurants in Bhuj | Compare Prices & Book - VenueConnect,"Find top restaurants in Bhuj for any occasion. Compare capacity, pricing & amenities. 100+ verified listings. Get free quotes on VenueConnect Gujarat.",Best Restaurants in Bhuj,restaurants in Bhuj,"restaurants for rent Bhuj, restaurants booking Bhuj, best restaurants Bhuj, affordable restaurants Bhuj",Transactional,High
Venue + City,Convention Centers in Bhuj | VenueConnect,/bhuj/convention-centers/,Best Convention Centers in Bhuj | Compare Prices & Book - VenueConnect,"Find top convention centers in Bhuj for any occasion. Compare capacity, pricing & amenities. 100+ verified listings. Get free quotes on VenueConnect Gujarat.",Best Convention Centers in Bhuj,convention centers in Bhuj,"convention centers for rent Bhuj, convention centers booking Bhuj, best convention centers Bhuj, affordable convention centers Bhuj",Transactional,High
Venue + City,Clubs in Bhuj | VenueConnect,/bhuj/clubs/,Best Clubs in Bhuj | Compare Prices & Book - VenueConnect,"Find top clubs in Bhuj for any occasion. Compare capacity, pricing & amenities. 100+ verified listings. Get free quotes on VenueConnect Gujarat.",Best Clubs in Bhuj,clubs in Bhuj,"clubs for rent Bhuj, clubs booking Bhuj, best clubs Bhuj, affordable clubs Bhuj",Transactional,High
Venue + City,Rooftop Venues in Bhuj | VenueConnect,/bhuj/rooftop-venues/,Best Rooftop Venues in Bhuj | Compare Prices & Book - VenueConnect,"Find top rooftop venues in Bhuj for any occasion. Compare capacity, pricing & amenities. 100+ verified listings. Get free quotes on VenueConnect Gujarat.",Best Rooftop Venues in Bhuj,rooftop venues in Bhuj,"rooftop venues for rent Bhuj, rooftop venues booking Bhuj, best rooftop venues Bhuj, affordable rooftop venues Bhuj",Transactional,High
Venue + City,Garden Venues in Bhuj | VenueConnect,/bhuj/garden-venues/,Best Garden Venues in Bhuj | Compare Prices & Book - VenueConnect,"Find top garden venues in Bhuj for any occasion. Compare capacity, pricing & amenities. 100+ verified listings. Get free quotes on VenueConnect Gujarat.",Best Garden Venues in Bhuj,garden venues in Bhuj,"garden venues for rent Bhuj, garden venues booking Bhuj, best garden venues Bhuj, affordable garden venues Bhuj",Transactional,High
Venue + City,Heritage Venues in Bhuj | VenueConnect,/bhuj/heritage-venues/,Best Heritage Venues in Bhuj | Compare Prices & Book - VenueConnect,"Find top heritage venues in Bhuj for any occasion. Compare capacity, pricing & amenities. 100+ verified listings. Get free quotes on VenueConnect Gujarat.",Best Heritage Venues in Bhuj,heritage venues in Bhuj,"heritage venues for rent Bhuj, heritage venues booking Bhuj, best heritage venues Bhuj, affordable heritage venues Bhuj",Transactional,High
Venue + City,Luxury Venues in Bhuj | VenueConnect,/bhuj/luxury-venues/,Best Luxury Venues in Bhuj | Compare Prices & Book - VenueConnect,"Find top luxury venues in Bhuj for any occasion. Compare capacity, pricing & amenities. 100+ verified listings. Get free quotes on VenueConnect Gujarat.",Best Luxury Venues in Bhuj,luxury venues in Bhuj,"luxury venues for rent Bhuj, luxury venues booking Bhuj, best luxury venues Bhuj, affordable luxury venues Bhuj",Transactional,High
  EVENT + CITY AREA PAGES (Hyper-local),,,,,,,,,
Page Type,Page Title,URL Slug,Meta Title,Meta Description,H1 Tag,Target Keyword,Secondary Keywords,Search Intent,Priority
Event + City Area,"Wedding Venues in Station Road, Bhuj | VenueConnect",/bhuj/station-road/wedding-venues/,"Best Wedding Venues in Station Road, Bhuj | Book Near You - VenueConnect","Find the perfect wedding venue in Station Road, Bhuj. Compare halls, farmhouses & party plots near Station Road. Get instant leads & free quotes on VenueConnect.","Best Wedding Venues in Station Road, Bhuj",wedding venues in Station Road Bhuj,"wedding venue Station Road, wedding hall near Station Road Bhuj, wedding venue near Station Road",Transactional (Hyper-local),High
Event + City Area,"Birthday Party Venues in Station Road, Bhuj | VenueConnect",/bhuj/station-road/birthday-party-venues/,"Best Birthday Party Venues in Station Road, Bhuj | Book Near You - VenueConnect","Find the perfect birthday party venue in Station Road, Bhuj. Compare halls, farmhouses & party plots near Station Road. Get instant leads & free quotes on VenueConnect.","Best Birthday Party Venues in Station Road, Bhuj",birthday party venues in Station Road Bhuj,"birthday party venue Station Road, birthday party hall near Station Road Bhuj, birthday party venue near Station Road",Transactional (Hyper-local),High
Event + City Area,"Engagement Venues in Station Road, Bhuj | VenueConnect",/bhuj/station-road/engagement-venues/,"Best Engagement Venues in Station Road, Bhuj | Book Near You - VenueConnect","Find the perfect engagement venue in Station Road, Bhuj. Compare halls, farmhouses & party plots near Station Road. Get instant leads & free quotes on VenueConnect.","Best Engagement Venues in Station Road, Bhuj",engagement venues in Station Road Bhuj,"engagement venue Station Road, engagement hall near Station Road Bhuj, engagement venue near Station Road",Transactional (Hyper-local),High
Event + City Area,"Corporate Event Venues in Station Road, Bhuj | VenueConnect",/bhuj/station-road/corporate-event-venues/,"Best Corporate Event Venues in Station Road, Bhuj | Book Near You - VenueConnect","Find the perfect corporate event venue in Station Road, Bhuj. Compare halls, farmhouses & party plots near Station Road. Get instant leads & free quotes on VenueConnect.","Best Corporate Event Venues in Station Road, Bhuj",corporate event venues in Station Road Bhuj,"corporate event venue Station Road, corporate event hall near Station Road Bhuj, corporate event venue near Station Road",Transactional (Hyper-local),High
Event + City Area,"Reception Venues in Station Road, Bhuj | VenueConnect",/bhuj/station-road/reception-venues/,"Best Reception Venues in Station Road, Bhuj | Book Near You - VenueConnect","Find the perfect reception venue in Station Road, Bhuj. Compare halls, farmhouses & party plots near Station Road. Get instant leads & free quotes on VenueConnect.","Best Reception Venues in Station Road, Bhuj",reception venues in Station Road Bhuj,"reception venue Station Road, reception hall near Station Road Bhuj, reception venue near Station Road",Transactional (Hyper-local),High
Event + City Area,"Wedding Venues in Mirzapar Road, Bhuj | VenueConnect",/bhuj/mirzapar-road/wedding-venues/,"Best Wedding Venues in Mirzapar Road, Bhuj | Book Near You - VenueConnect","Find the perfect wedding venue in Mirzapar Road, Bhuj. Compare halls, farmhouses & party plots near Mirzapar Road. Get instant leads & free quotes on VenueConnect.","Best Wedding Venues in Mirzapar Road, Bhuj",wedding venues in Mirzapar Road Bhuj,"wedding venue Mirzapar Road, wedding hall near Mirzapar Road Bhuj, wedding venue near Mirzapar Road",Transactional (Hyper-local),High
Event + City Area,"Birthday Party Venues in Mirzapar Road, Bhuj | VenueConnect",/bhuj/mirzapar-road/birthday-party-venues/,"Best Birthday Party Venues in Mirzapar Road, Bhuj | Book Near You - VenueConnect","Find the perfect birthday party venue in Mirzapar Road, Bhuj. Compare halls, farmhouses & party plots near Mirzapar Road. Get instant leads & free quotes on VenueConnect.","Best Birthday Party Venues in Mirzapar Road, Bhuj",birthday party venues in Mirzapar Road Bhuj,"birthday party venue Mirzapar Road, birthday party hall near Mirzapar Road Bhuj, birthday party venue near Mirzapar Road",Transactional (Hyper-local),High
Event + City Area,"Engagement Venues in Mirzapar Road, Bhuj | VenueConnect",/bhuj/mirzapar-road/engagement-venues/,"Best Engagement Venues in Mirzapar Road, Bhuj | Book Near You - VenueConnect","Find the perfect engagement venue in Mirzapar Road, Bhuj. Compare halls, farmhouses & party plots near Mirzapar Road. Get instant leads & free quotes on VenueConnect.","Best Engagement Venues in Mirzapar Road, Bhuj",engagement venues in Mirzapar Road Bhuj,"engagement venue Mirzapar Road, engagement hall near Mirzapar Road Bhuj, engagement venue near Mirzapar Road",Transactional (Hyper-local),High
Event + City Area,"Corporate Event Venues in Mirzapar Road, Bhuj | VenueConnect",/bhuj/mirzapar-road/corporate-event-venues/,"Best Corporate Event Venues in Mirzapar Road, Bhuj | Book Near You - VenueConnect","Find the perfect corporate event venue in Mirzapar Road, Bhuj. Compare halls, farmhouses & party plots near Mirzapar Road. Get instant leads & free quotes on VenueConnect.","Best Corporate Event Venues in Mirzapar Road, Bhuj",corporate event venues in Mirzapar Road Bhuj,"corporate event venue Mirzapar Road, corporate event hall near Mirzapar Road Bhuj, corporate event venue near Mirzapar Road",Transactional (Hyper-local),High
Event + City Area,"Reception Venues in Mirzapar Road, Bhuj | VenueConnect",/bhuj/mirzapar-road/reception-venues/,"Best Reception Venues in Mirzapar Road, Bhuj | Book Near You - VenueConnect","Find the perfect reception venue in Mirzapar Road, Bhuj. Compare halls, farmhouses & party plots near Mirzapar Road. Get instant leads & free quotes on VenueConnect.","Best Reception Venues in Mirzapar Road, Bhuj",reception venues in Mirzapar Road Bhuj,"reception venue Mirzapar Road, reception hall near Mirzapar Road Bhuj, reception venue near Mirzapar Road",Transactional (Hyper-local),High
Event + City Area,"Wedding Venues in Bhachau Road, Bhuj | VenueConnect",/bhuj/bhachau-road/wedding-venues/,"Best Wedding Venues in Bhachau Road, Bhuj | Book Near You - VenueConnect","Find the perfect wedding venue in Bhachau Road, Bhuj. Compare halls, farmhouses & party plots near Bhachau Road. Get instant leads & free quotes on VenueConnect.","Best Wedding Venues in Bhachau Road, Bhuj",wedding venues in Bhachau Road Bhuj,"wedding venue Bhachau Road, wedding hall near Bhachau Road Bhuj, wedding venue near Bhachau Road",Transactional (Hyper-local),High
Event + City Area,"Birthday Party Venues in Bhachau Road, Bhuj | VenueConnect",/bhuj/bhachau-road/birthday-party-venues/,"Best Birthday Party Venues in Bhachau Road, Bhuj | Book Near You - VenueConnect","Find the perfect birthday party venue in Bhachau Road, Bhuj. Compare halls, farmhouses & party plots near Bhachau Road. Get instant leads & free quotes on VenueConnect.","Best Birthday Party Venues in Bhachau Road, Bhuj",birthday party venues in Bhachau Road Bhuj,"birthday party venue Bhachau Road, birthday party hall near Bhachau Road Bhuj, birthday party venue near Bhachau Road",Transactional (Hyper-local),High
Event + City Area,"Engagement Venues in Bhachau Road, Bhuj | VenueConnect",/bhuj/bhachau-road/engagement-venues/,"Best Engagement Venues in Bhachau Road, Bhuj | Book Near You - VenueConnect","Find the perfect engagement venue in Bhachau Road, Bhuj. Compare halls, farmhouses & party plots near Bhachau Road. Get instant leads & free quotes on VenueConnect.","Best Engagement Venues in Bhachau Road, Bhuj",engagement venues in Bhachau Road Bhuj,"engagement venue Bhachau Road, engagement hall near Bhachau Road Bhuj, engagement venue near Bhachau Road",Transactional (Hyper-local),High
Event + City Area,"Corporate Event Venues in Bhachau Road, Bhuj | VenueConnect",/bhuj/bhachau-road/corporate-event-venues/,"Best Corporate Event Venues in Bhachau Road, Bhuj | Book Near You - VenueConnect","Find the perfect corporate event venue in Bhachau Road, Bhuj. Compare halls, farmhouses & party plots near Bhachau Road. Get instant leads & free quotes on VenueConnect.","Best Corporate Event Venues in Bhachau Road, Bhuj",corporate event venues in Bhachau Road Bhuj,"corporate event venue Bhachau Road, corporate event hall near Bhachau Road Bhuj, corporate event venue near Bhachau Road",Transactional (Hyper-local),High
Event + City Area,"Reception Venues in Bhachau Road, Bhuj | VenueConnect",/bhuj/bhachau-road/reception-venues/,"Best Reception Venues in Bhachau Road, Bhuj | Book Near You - VenueConnect","Find the perfect reception venue in Bhachau Road, Bhuj. Compare halls, farmhouses & party plots near Bhachau Road. Get instant leads & free quotes on VenueConnect.","Best Reception Venues in Bhachau Road, Bhuj",reception venues in Bhachau Road Bhuj,"reception venue Bhachau Road, reception hall near Bhachau Road Bhuj, reception venue near Bhachau Road",Transactional (Hyper-local),High
Event + City Area,"Wedding Venues in Rapar Road, Bhuj | VenueConnect",/bhuj/rapar-road/wedding-venues/,"Best Wedding Venues in Rapar Road, Bhuj | Book Near You - VenueConnect","Find the perfect wedding venue in Rapar Road, Bhuj. Compare halls, farmhouses & party plots near Rapar Road. Get instant leads & free quotes on VenueConnect.","Best Wedding Venues in Rapar Road, Bhuj",wedding venues in Rapar Road Bhuj,"wedding venue Rapar Road, wedding hall near Rapar Road Bhuj, wedding venue near Rapar Road",Transactional (Hyper-local),High
Event + City Area,"Birthday Party Venues in Rapar Road, Bhuj | VenueConnect",/bhuj/rapar-road/birthday-party-venues/,"Best Birthday Party Venues in Rapar Road, Bhuj | Book Near You - VenueConnect","Find the perfect birthday party venue in Rapar Road, Bhuj. Compare halls, farmhouses & party plots near Rapar Road. Get instant leads & free quotes on VenueConnect.","Best Birthday Party Venues in Rapar Road, Bhuj",birthday party venues in Rapar Road Bhuj,"birthday party venue Rapar Road, birthday party hall near Rapar Road Bhuj, birthday party venue near Rapar Road",Transactional (Hyper-local),High
Event + City Area,"Engagement Venues in Rapar Road, Bhuj | VenueConnect",/bhuj/rapar-road/engagement-venues/,"Best Engagement Venues in Rapar Road, Bhuj | Book Near You - VenueConnect","Find the perfect engagement venue in Rapar Road, Bhuj. Compare halls, farmhouses & party plots near Rapar Road. Get instant leads & free quotes on VenueConnect.","Best Engagement Venues in Rapar Road, Bhuj",engagement venues in Rapar Road Bhuj,"engagement venue Rapar Road, engagement hall near Rapar Road Bhuj, engagement venue near Rapar Road",Transactional (Hyper-local),High
Event + City Area,"Corporate Event Venues in Rapar Road, Bhuj | VenueConnect",/bhuj/rapar-road/corporate-event-venues/,"Best Corporate Event Venues in Rapar Road, Bhuj | Book Near You - VenueConnect","Find the perfect corporate event venue in Rapar Road, Bhuj. Compare halls, farmhouses & party plots near Rapar Road. Get instant leads & free quotes on VenueConnect.","Best Corporate Event Venues in Rapar Road, Bhuj",corporate event venues in Rapar Road Bhuj,"corporate event venue Rapar Road, corporate event hall near Rapar Road Bhuj, corporate event venue near Rapar Road",Transactional (Hyper-local),High
Event + City Area,"Reception Venues in Rapar Road, Bhuj | VenueConnect",/bhuj/rapar-road/reception-venues/,"Best Reception Venues in Rapar Road, Bhuj | Book Near You - VenueConnect","Find the perfect reception venue in Rapar Road, Bhuj. Compare halls, farmhouses & party plots near Rapar Road. Get instant leads & free quotes on VenueConnect.","Best Reception Venues in Rapar Road, Bhuj",reception venues in Rapar Road Bhuj,"reception venue Rapar Road, reception hall near Rapar Road Bhuj, reception venue near Rapar Road",Transactional (Hyper-local),High
Event + City Area,"Wedding Venues in Hospital Road, Bhuj | VenueConnect",/bhuj/hospital-road/wedding-venues/,"Best Wedding Venues in Hospital Road, Bhuj | Book Near You - VenueConnect","Find the perfect wedding venue in Hospital Road, Bhuj. Compare halls, farmhouses & party plots near Hospital Road. Get instant leads & free quotes on VenueConnect.","Best Wedding Venues in Hospital Road, Bhuj",wedding venues in Hospital Road Bhuj,"wedding venue Hospital Road, wedding hall near Hospital Road Bhuj, wedding venue near Hospital Road",Transactional (Hyper-local),High
Event + City Area,"Birthday Party Venues in Hospital Road, Bhuj | VenueConnect",/bhuj/hospital-road/birthday-party-venues/,"Best Birthday Party Venues in Hospital Road, Bhuj | Book Near You - VenueConnect","Find the perfect birthday party venue in Hospital Road, Bhuj. Compare halls, farmhouses & party plots near Hospital Road. Get instant leads & free quotes on VenueConnect.","Best Birthday Party Venues in Hospital Road, Bhuj",birthday party venues in Hospital Road Bhuj,"birthday party venue Hospital Road, birthday party hall near Hospital Road Bhuj, birthday party venue near Hospital Road",Transactional (Hyper-local),High
Event + City Area,"Engagement Venues in Hospital Road, Bhuj | VenueConnect",/bhuj/hospital-road/engagement-venues/,"Best Engagement Venues in Hospital Road, Bhuj | Book Near You - VenueConnect","Find the perfect engagement venue in Hospital Road, Bhuj. Compare halls, farmhouses & party plots near Hospital Road. Get instant leads & free quotes on VenueConnect.","Best Engagement Venues in Hospital Road, Bhuj",engagement venues in Hospital Road Bhuj,"engagement venue Hospital Road, engagement hall near Hospital Road Bhuj, engagement venue near Hospital Road",Transactional (Hyper-local),High
Event + City Area,"Corporate Event Venues in Hospital Road, Bhuj | VenueConnect",/bhuj/hospital-road/corporate-event-venues/,"Best Corporate Event Venues in Hospital Road, Bhuj | Book Near You - VenueConnect","Find the perfect corporate event venue in Hospital Road, Bhuj. Compare halls, farmhouses & party plots near Hospital Road. Get instant leads & free quotes on VenueConnect.","Best Corporate Event Venues in Hospital Road, Bhuj",corporate event venues in Hospital Road Bhuj,"corporate event venue Hospital Road, corporate event hall near Hospital Road Bhuj, corporate event venue near Hospital Road",Transactional (Hyper-local),High
Event + City Area,"Reception Venues in Hospital Road, Bhuj | VenueConnect",/bhuj/hospital-road/reception-venues/,"Best Reception Venues in Hospital Road, Bhuj | Book Near You - VenueConnect","Find the perfect reception venue in Hospital Road, Bhuj. Compare halls, farmhouses & party plots near Hospital Road. Get instant leads & free quotes on VenueConnect.","Best Reception Venues in Hospital Road, Bhuj",reception venues in Hospital Road Bhuj,"reception venue Hospital Road, reception hall near Hospital Road Bhuj, reception venue near Hospital Road",Transactional (Hyper-local),High
Event + City Area,"Wedding Venues in Jubilee Circle, Bhuj | VenueConnect",/bhuj/jubilee-circle/wedding-venues/,"Best Wedding Venues in Jubilee Circle, Bhuj | Book Near You - VenueConnect","Find the perfect wedding venue in Jubilee Circle, Bhuj. Compare halls, farmhouses & party plots near Jubilee Circle. Get instant leads & free quotes on VenueConnect.","Best Wedding Venues in Jubilee Circle, Bhuj",wedding venues in Jubilee Circle Bhuj,"wedding venue Jubilee Circle, wedding hall near Jubilee Circle Bhuj, wedding venue near Jubilee Circle",Transactional (Hyper-local),High
Event + City Area,"Birthday Party Venues in Jubilee Circle, Bhuj | VenueConnect",/bhuj/jubilee-circle/birthday-party-venues/,"Best Birthday Party Venues in Jubilee Circle, Bhuj | Book Near You - VenueConnect","Find the perfect birthday party venue in Jubilee Circle, Bhuj. Compare halls, farmhouses & party plots near Jubilee Circle. Get instant leads & free quotes on VenueConnect.","Best Birthday Party Venues in Jubilee Circle, Bhuj",birthday party venues in Jubilee Circle Bhuj,"birthday party venue Jubilee Circle, birthday party hall near Jubilee Circle Bhuj, birthday party venue near Jubilee Circle",Transactional (Hyper-local),High
Event + City Area,"Engagement Venues in Jubilee Circle, Bhuj | VenueConnect",/bhuj/jubilee-circle/engagement-venues/,"Best Engagement Venues in Jubilee Circle, Bhuj | Book Near You - VenueConnect","Find the perfect engagement venue in Jubilee Circle, Bhuj. Compare halls, farmhouses & party plots near Jubilee Circle. Get instant leads & free quotes on VenueConnect.","Best Engagement Venues in Jubilee Circle, Bhuj",engagement venues in Jubilee Circle Bhuj,"engagement venue Jubilee Circle, engagement hall near Jubilee Circle Bhuj, engagement venue near Jubilee Circle",Transactional (Hyper-local),High
Event + City Area,"Corporate Event Venues in Jubilee Circle, Bhuj | VenueConnect",/bhuj/jubilee-circle/corporate-event-venues/,"Best Corporate Event Venues in Jubilee Circle, Bhuj | Book Near You - VenueConnect","Find the perfect corporate event venue in Jubilee Circle, Bhuj. Compare halls, farmhouses & party plots near Jubilee Circle. Get instant leads & free quotes on VenueConnect.","Best Corporate Event Venues in Jubilee Circle, Bhuj",corporate event venues in Jubilee Circle Bhuj,"corporate event venue Jubilee Circle, corporate event hall near Jubilee Circle Bhuj, corporate event venue near Jubilee Circle",Transactional (Hyper-local),High
Event + City Area,"Reception Venues in Jubilee Circle, Bhuj | VenueConnect",/bhuj/jubilee-circle/reception-venues/,"Best Reception Venues in Jubilee Circle, Bhuj | Book Near You - VenueConnect","Find the perfect reception venue in Jubilee Circle, Bhuj. Compare halls, farmhouses & party plots near Jubilee Circle. Get instant leads & free quotes on VenueConnect.","Best Reception Venues in Jubilee Circle, Bhuj",reception venues in Jubilee Circle Bhuj,"reception venue Jubilee Circle, reception hall near Jubilee Circle Bhuj, reception venue near Jubilee Circle",Transactional (Hyper-local),High
Event + City Area,"Wedding Venues in Bhuj Airport Road, Bhuj | VenueConnect",/bhuj/bhuj-airport-road/wedding-venues/,"Best Wedding Venues in Bhuj Airport Road, Bhuj | Book Near You - VenueConnect","Find the perfect wedding venue in Bhuj Airport Road, Bhuj. Compare halls, farmhouses & party plots near Bhuj Airport Road. Get instant leads & free quotes on VenueConnect.","Best Wedding Venues in Bhuj Airport Road, Bhuj",wedding venues in Bhuj Airport Road Bhuj,"wedding venue Bhuj Airport Road, wedding hall near Bhuj Airport Road Bhuj, wedding venue near Bhuj Airport Road",Transactional (Hyper-local),High
Event + City Area,"Birthday Party Venues in Bhuj Airport Road, Bhuj | VenueConnect",/bhuj/bhuj-airport-road/birthday-party-venues/,"Best Birthday Party Venues in Bhuj Airport Road, Bhuj | Book Near You - VenueConnect","Find the perfect birthday party venue in Bhuj Airport Road, Bhuj. Compare halls, farmhouses & party plots near Bhuj Airport Road. Get instant leads & free quotes on VenueConnect.","Best Birthday Party Venues in Bhuj Airport Road, Bhuj",birthday party venues in Bhuj Airport Road Bhuj,"birthday party venue Bhuj Airport Road, birthday party hall near Bhuj Airport Road Bhuj, birthday party venue near Bhuj Airport Road",Transactional (Hyper-local),High
Event + City Area,"Engagement Venues in Bhuj Airport Road, Bhuj | VenueConnect",/bhuj/bhuj-airport-road/engagement-venues/,"Best Engagement Venues in Bhuj Airport Road, Bhuj | Book Near You - VenueConnect","Find the perfect engagement venue in Bhuj Airport Road, Bhuj. Compare halls, farmhouses & party plots near Bhuj Airport Road. Get instant leads & free quotes on VenueConnect.","Best Engagement Venues in Bhuj Airport Road, Bhuj",engagement venues in Bhuj Airport Road Bhuj,"engagement venue Bhuj Airport Road, engagement hall near Bhuj Airport Road Bhuj, engagement venue near Bhuj Airport Road",Transactional (Hyper-local),High
Event + City Area,"Corporate Event Venues in Bhuj Airport Road, Bhuj | VenueConnect",/bhuj/bhuj-airport-road/corporate-event-venues/,"Best Corporate Event Venues in Bhuj Airport Road, Bhuj | Book Near You - VenueConnect","Find the perfect corporate event venue in Bhuj Airport Road, Bhuj. Compare halls, farmhouses & party plots near Bhuj Airport Road. Get instant leads & free quotes on VenueConnect.","Best Corporate Event Venues in Bhuj Airport Road, Bhuj",corporate event venues in Bhuj Airport Road Bhuj,"corporate event venue Bhuj Airport Road, corporate event hall near Bhuj Airport Road Bhuj, corporate event venue near Bhuj Airport Road",Transactional (Hyper-local),High
Event + City Area,"Reception Venues in Bhuj Airport Road, Bhuj | VenueConnect",/bhuj/bhuj-airport-road/reception-venues/,"Best Reception Venues in Bhuj Airport Road, Bhuj | Book Near You - VenueConnect","Find the perfect reception venue in Bhuj Airport Road, Bhuj. Compare halls, farmhouses & party plots near Bhuj Airport Road. Get instant leads & free quotes on VenueConnect.","Best Reception Venues in Bhuj Airport Road, Bhuj",reception venues in Bhuj Airport Road Bhuj,"reception venue Bhuj Airport Road, reception hall near Bhuj Airport Road Bhuj, reception venue near Bhuj Airport Road",Transactional (Hyper-local),High
Event + City Area,"Wedding Venues in Adhoi Road, Bhuj | VenueConnect",/bhuj/adhoi-road/wedding-venues/,"Best Wedding Venues in Adhoi Road, Bhuj | Book Near You - VenueConnect","Find the perfect wedding venue in Adhoi Road, Bhuj. Compare halls, farmhouses & party plots near Adhoi Road. Get instant leads & free quotes on VenueConnect.","Best Wedding Venues in Adhoi Road, Bhuj",wedding venues in Adhoi Road Bhuj,"wedding venue Adhoi Road, wedding hall near Adhoi Road Bhuj, wedding venue near Adhoi Road",Transactional (Hyper-local),High
Event + City Area,"Birthday Party Venues in Adhoi Road, Bhuj | VenueConnect",/bhuj/adhoi-road/birthday-party-venues/,"Best Birthday Party Venues in Adhoi Road, Bhuj | Book Near You - VenueConnect","Find the perfect birthday party venue in Adhoi Road, Bhuj. Compare halls, farmhouses & party plots near Adhoi Road. Get instant leads & free quotes on VenueConnect.","Best Birthday Party Venues in Adhoi Road, Bhuj",birthday party venues in Adhoi Road Bhuj,"birthday party venue Adhoi Road, birthday party hall near Adhoi Road Bhuj, birthday party venue near Adhoi Road",Transactional (Hyper-local),High
Event + City Area,"Engagement Venues in Adhoi Road, Bhuj | VenueConnect",/bhuj/adhoi-road/engagement-venues/,"Best Engagement Venues in Adhoi Road, Bhuj | Book Near You - VenueConnect","Find the perfect engagement venue in Adhoi Road, Bhuj. Compare halls, farmhouses & party plots near Adhoi Road. Get instant leads & free quotes on VenueConnect.","Best Engagement Venues in Adhoi Road, Bhuj",engagement venues in Adhoi Road Bhuj,"engagement venue Adhoi Road, engagement hall near Adhoi Road Bhuj, engagement venue near Adhoi Road",Transactional (Hyper-local),High
Event + City Area,"Corporate Event Venues in Adhoi Road, Bhuj | VenueConnect",/bhuj/adhoi-road/corporate-event-venues/,"Best Corporate Event Venues in Adhoi Road, Bhuj | Book Near You - VenueConnect","Find the perfect corporate event venue in Adhoi Road, Bhuj. Compare halls, farmhouses & party plots near Adhoi Road. Get instant leads & free quotes on VenueConnect.","Best Corporate Event Venues in Adhoi Road, Bhuj",corporate event venues in Adhoi Road Bhuj,"corporate event venue Adhoi Road, corporate event hall near Adhoi Road Bhuj, corporate event venue near Adhoi Road",Transactional (Hyper-local),High
Event + City Area,"Reception Venues in Adhoi Road, Bhuj | VenueConnect",/bhuj/adhoi-road/reception-venues/,"Best Reception Venues in Adhoi Road, Bhuj | Book Near You - VenueConnect","Find the perfect reception venue in Adhoi Road, Bhuj. Compare halls, farmhouses & party plots near Adhoi Road. Get instant leads & free quotes on VenueConnect.","Best Reception Venues in Adhoi Road, Bhuj",reception venues in Adhoi Road Bhuj,"reception venue Adhoi Road, reception hall near Adhoi Road Bhuj, reception venue near Adhoi Road",Transactional (Hyper-local),High
Event + City Area,"Wedding Venues in Anjar Road, Bhuj | VenueConnect",/bhuj/anjar-road/wedding-venues/,"Best Wedding Venues in Anjar Road, Bhuj | Book Near You - VenueConnect","Find the perfect wedding venue in Anjar Road, Bhuj. Compare halls, farmhouses & party plots near Anjar Road. Get instant leads & free quotes on VenueConnect.","Best Wedding Venues in Anjar Road, Bhuj",wedding venues in Anjar Road Bhuj,"wedding venue Anjar Road, wedding hall near Anjar Road Bhuj, wedding venue near Anjar Road",Transactional (Hyper-local),High
Event + City Area,"Birthday Party Venues in Anjar Road, Bhuj | VenueConnect",/bhuj/anjar-road/birthday-party-venues/,"Best Birthday Party Venues in Anjar Road, Bhuj | Book Near You - VenueConnect","Find the perfect birthday party venue in Anjar Road, Bhuj. Compare halls, farmhouses & party plots near Anjar Road. Get instant leads & free quotes on VenueConnect.","Best Birthday Party Venues in Anjar Road, Bhuj",birthday party venues in Anjar Road Bhuj,"birthday party venue Anjar Road, birthday party hall near Anjar Road Bhuj, birthday party venue near Anjar Road",Transactional (Hyper-local),High
Event + City Area,"Engagement Venues in Anjar Road, Bhuj | VenueConnect",/bhuj/anjar-road/engagement-venues/,"Best Engagement Venues in Anjar Road, Bhuj | Book Near You - VenueConnect","Find the perfect engagement venue in Anjar Road, Bhuj. Compare halls, farmhouses & party plots near Anjar Road. Get instant leads & free quotes on VenueConnect.","Best Engagement Venues in Anjar Road, Bhuj",engagement venues in Anjar Road Bhuj,"engagement venue Anjar Road, engagement hall near Anjar Road Bhuj, engagement venue near Anjar Road",Transactional (Hyper-local),High
Event + City Area,"Corporate Event Venues in Anjar Road, Bhuj | VenueConnect",/bhuj/anjar-road/corporate-event-venues/,"Best Corporate Event Venues in Anjar Road, Bhuj | Book Near You - VenueConnect","Find the perfect corporate event venue in Anjar Road, Bhuj. Compare halls, farmhouses & party plots near Anjar Road. Get instant leads & free quotes on VenueConnect.","Best Corporate Event Venues in Anjar Road, Bhuj",corporate event venues in Anjar Road Bhuj,"corporate event venue Anjar Road, corporate event hall near Anjar Road Bhuj, corporate event venue near Anjar Road",Transactional (Hyper-local),High
Event + City Area,"Reception Venues in Anjar Road, Bhuj | VenueConnect",/bhuj/anjar-road/reception-venues/,"Best Reception Venues in Anjar Road, Bhuj | Book Near You - VenueConnect","Find the perfect reception venue in Anjar Road, Bhuj. Compare halls, farmhouses & party plots near Anjar Road. Get instant leads & free quotes on VenueConnect.","Best Reception Venues in Anjar Road, Bhuj",reception venues in Anjar Road Bhuj,"reception venue Anjar Road, reception hall near Anjar Road Bhuj, reception venue near Anjar Road",Transactional (Hyper-local),High
Event + City Area,"Wedding Venues in Ashapura Temple Road, Bhuj | VenueConnect",/bhuj/ashapura-temple-road/wedding-venues/,"Best Wedding Venues in Ashapura Temple Road, Bhuj | Book Near You - VenueConnect","Find the perfect wedding venue in Ashapura Temple Road, Bhuj. Compare halls, farmhouses & party plots near Ashapura Temple Road. Get instant leads & free quotes on VenueConnect.","Best Wedding Venues in Ashapura Temple Road, Bhuj",wedding venues in Ashapura Temple Road Bhuj,"wedding venue Ashapura Temple Road, wedding hall near Ashapura Temple Road Bhuj, wedding venue near Ashapura Temple Road",Transactional (Hyper-local),High
Event + City Area,"Birthday Party Venues in Ashapura Temple Road, Bhuj | VenueConnect",/bhuj/ashapura-temple-road/birthday-party-venues/,"Best Birthday Party Venues in Ashapura Temple Road, Bhuj | Book Near You - VenueConnect","Find the perfect birthday party venue in Ashapura Temple Road, Bhuj. Compare halls, farmhouses & party plots near Ashapura Temple Road. Get instant leads & free quotes on VenueConnect.","Best Birthday Party Venues in Ashapura Temple Road, Bhuj",birthday party venues in Ashapura Temple Road Bhuj,"birthday party venue Ashapura Temple Road, birthday party hall near Ashapura Temple Road Bhuj, birthday party venue near Ashapura Temple Road",Transactional (Hyper-local),High
Event + City Area,"Engagement Venues in Ashapura Temple Road, Bhuj | VenueConnect",/bhuj/ashapura-temple-road/engagement-venues/,"Best Engagement Venues in Ashapura Temple Road, Bhuj | Book Near You - VenueConnect","Find the perfect engagement venue in Ashapura Temple Road, Bhuj. Compare halls, farmhouses & party plots near Ashapura Temple Road. Get instant leads & free quotes on VenueConnect.","Best Engagement Venues in Ashapura Temple Road, Bhuj",engagement venues in Ashapura Temple Road Bhuj,"engagement venue Ashapura Temple Road, engagement hall near Ashapura Temple Road Bhuj, engagement venue near Ashapura Temple Road",Transactional (Hyper-local),High
Event + City Area,"Corporate Event Venues in Ashapura Temple Road, Bhuj | VenueConnect",/bhuj/ashapura-temple-road/corporate-event-venues/,"Best Corporate Event Venues in Ashapura Temple Road, Bhuj | Book Near You - VenueConnect","Find the perfect corporate event venue in Ashapura Temple Road, Bhuj. Compare halls, farmhouses & party plots near Ashapura Temple Road. Get instant leads & free quotes on VenueConnect.","Best Corporate Event Venues in Ashapura Temple Road, Bhuj",corporate event venues in Ashapura Temple Road Bhuj,"corporate event venue Ashapura Temple Road, corporate event hall near Ashapura Temple Road Bhuj, corporate event venue near Ashapura Temple Road",Transactional (Hyper-local),High
Event + City Area,"Reception Venues in Ashapura Temple Road, Bhuj | VenueConnect",/bhuj/ashapura-temple-road/reception-venues/,"Best Reception Venues in Ashapura Temple Road, Bhuj | Book Near You - VenueConnect","Find the perfect reception venue in Ashapura Temple Road, Bhuj. Compare halls, farmhouses & party plots near Ashapura Temple Road. Get instant leads & free quotes on VenueConnect.","Best Reception Venues in Ashapura Temple Road, Bhuj",reception venues in Ashapura Temple Road Bhuj,"reception venue Ashapura Temple Road, reception hall near Ashapura Temple Road Bhuj, reception venue near Ashapura Temple Road",Transactional (Hyper-local),High
Event + City Area,"Wedding Venues in Bus Station Road, Bhuj | VenueConnect",/bhuj/bus-station-road/wedding-venues/,"Best Wedding Venues in Bus Station Road, Bhuj | Book Near You - VenueConnect","Find the perfect wedding venue in Bus Station Road, Bhuj. Compare halls, farmhouses & party plots near Bus Station Road. Get instant leads & free quotes on VenueConnect.","Best Wedding Venues in Bus Station Road, Bhuj",wedding venues in Bus Station Road Bhuj,"wedding venue Bus Station Road, wedding hall near Bus Station Road Bhuj, wedding venue near Bus Station Road",Transactional (Hyper-local),High
Event + City Area,"Birthday Party Venues in Bus Station Road, Bhuj | VenueConnect",/bhuj/bus-station-road/birthday-party-venues/,"Best Birthday Party Venues in Bus Station Road, Bhuj | Book Near You - VenueConnect","Find the perfect birthday party venue in Bus Station Road, Bhuj. Compare halls, farmhouses & party plots near Bus Station Road. Get instant leads & free quotes on VenueConnect.","Best Birthday Party Venues in Bus Station Road, Bhuj",birthday party venues in Bus Station Road Bhuj,"birthday party venue Bus Station Road, birthday party hall near Bus Station Road Bhuj, birthday party venue near Bus Station Road",Transactional (Hyper-local),High
Event + City Area,"Engagement Venues in Bus Station Road, Bhuj | VenueConnect",/bhuj/bus-station-road/engagement-venues/,"Best Engagement Venues in Bus Station Road, Bhuj | Book Near You - VenueConnect","Find the perfect engagement venue in Bus Station Road, Bhuj. Compare halls, farmhouses & party plots near Bus Station Road. Get instant leads & free quotes on VenueConnect.","Best Engagement Venues in Bus Station Road, Bhuj",engagement venues in Bus Station Road Bhuj,"engagement venue Bus Station Road, engagement hall near Bus Station Road Bhuj, engagement venue near Bus Station Road",Transactional (Hyper-local),High
Event + City Area,"Corporate Event Venues in Bus Station Road, Bhuj | VenueConnect",/bhuj/bus-station-road/corporate-event-venues/,"Best Corporate Event Venues in Bus Station Road, Bhuj | Book Near You - VenueConnect","Find the perfect corporate event venue in Bus Station Road, Bhuj. Compare halls, farmhouses & party plots near Bus Station Road. Get instant leads & free quotes on VenueConnect.","Best Corporate Event Venues in Bus Station Road, Bhuj",corporate event venues in Bus Station Road Bhuj,"corporate event venue Bus Station Road, corporate event hall near Bus Station Road Bhuj, corporate event venue near Bus Station Road",Transactional (Hyper-local),High
Event + City Area,"Reception Venues in Bus Station Road, Bhuj | VenueConnect",/bhuj/bus-station-road/reception-venues/,"Best Reception Venues in Bus Station Road, Bhuj | Book Near You - VenueConnect","Find the perfect reception venue in Bus Station Road, Bhuj. Compare halls, farmhouses & party plots near Bus Station Road. Get instant leads & free quotes on VenueConnect.","Best Reception Venues in Bus Station Road, Bhuj",reception venues in Bus Station Road Bhuj,"reception venue Bus Station Road, reception hall near Bus Station Road Bhuj, reception venue near Bus Station Road",Transactional (Hyper-local),High
Event + City Area,"Wedding Venues in Court Road, Bhuj | VenueConnect",/bhuj/court-road/wedding-venues/,"Best Wedding Venues in Court Road, Bhuj | Book Near You - VenueConnect","Find the perfect wedding venue in Court Road, Bhuj. Compare halls, farmhouses & party plots near Court Road. Get instant leads & free quotes on VenueConnect.","Best Wedding Venues in Court Road, Bhuj",wedding venues in Court Road Bhuj,"wedding venue Court Road, wedding hall near Court Road Bhuj, wedding venue near Court Road",Transactional (Hyper-local),High
Event + City Area,"Birthday Party Venues in Court Road, Bhuj | VenueConnect",/bhuj/court-road/birthday-party-venues/,"Best Birthday Party Venues in Court Road, Bhuj | Book Near You - VenueConnect","Find the perfect birthday party venue in Court Road, Bhuj. Compare halls, farmhouses & party plots near Court Road. Get instant leads & free quotes on VenueConnect.","Best Birthday Party Venues in Court Road, Bhuj",birthday party venues in Court Road Bhuj,"birthday party venue Court Road, birthday party hall near Court Road Bhuj, birthday party venue near Court Road",Transactional (Hyper-local),High
Event + City Area,"Engagement Venues in Court Road, Bhuj | VenueConnect",/bhuj/court-road/engagement-venues/,"Best Engagement Venues in Court Road, Bhuj | Book Near You - VenueConnect","Find the perfect engagement venue in Court Road, Bhuj. Compare halls, farmhouses & party plots near Court Road. Get instant leads & free quotes on VenueConnect.","Best Engagement Venues in Court Road, Bhuj",engagement venues in Court Road Bhuj,"engagement venue Court Road, engagement hall near Court Road Bhuj, engagement venue near Court Road",Transactional (Hyper-local),High
Event + City Area,"Corporate Event Venues in Court Road, Bhuj | VenueConnect",/bhuj/court-road/corporate-event-venues/,"Best Corporate Event Venues in Court Road, Bhuj | Book Near You - VenueConnect","Find the perfect corporate event venue in Court Road, Bhuj. Compare halls, farmhouses & party plots near Court Road. Get instant leads & free quotes on VenueConnect.","Best Corporate Event Venues in Court Road, Bhuj",corporate event venues in Court Road Bhuj,"corporate event venue Court Road, corporate event hall near Court Road Bhuj, corporate event venue near Court Road",Transactional (Hyper-local),High
Event + City Area,"Reception Venues in Court Road, Bhuj | VenueConnect",/bhuj/court-road/reception-venues/,"Best Reception Venues in Court Road, Bhuj | Book Near You - VenueConnect","Find the perfect reception venue in Court Road, Bhuj. Compare halls, farmhouses & party plots near Court Road. Get instant leads & free quotes on VenueConnect.","Best Reception Venues in Court Road, Bhuj",reception venues in Court Road Bhuj,"reception venue Court Road, reception hall near Court Road Bhuj, reception venue near Court Road",Transactional (Hyper-local),High
Event + City Area,"Wedding Venues in Dholavira Road, Bhuj | VenueConnect",/bhuj/dholavira-road/wedding-venues/,"Best Wedding Venues in Dholavira Road, Bhuj | Book Near You - VenueConnect","Find the perfect wedding venue in Dholavira Road, Bhuj. Compare halls, farmhouses & party plots near Dholavira Road. Get instant leads & free quotes on VenueConnect.","Best Wedding Venues in Dholavira Road, Bhuj",wedding venues in Dholavira Road Bhuj,"wedding venue Dholavira Road, wedding hall near Dholavira Road Bhuj, wedding venue near Dholavira Road",Transactional (Hyper-local),High
Event + City Area,"Birthday Party Venues in Dholavira Road, Bhuj | VenueConnect",/bhuj/dholavira-road/birthday-party-venues/,"Best Birthday Party Venues in Dholavira Road, Bhuj | Book Near You - VenueConnect","Find the perfect birthday party venue in Dholavira Road, Bhuj. Compare halls, farmhouses & party plots near Dholavira Road. Get instant leads & free quotes on VenueConnect.","Best Birthday Party Venues in Dholavira Road, Bhuj",birthday party venues in Dholavira Road Bhuj,"birthday party venue Dholavira Road, birthday party hall near Dholavira Road Bhuj, birthday party venue near Dholavira Road",Transactional (Hyper-local),High
Event + City Area,"Engagement Venues in Dholavira Road, Bhuj | VenueConnect",/bhuj/dholavira-road/engagement-venues/,"Best Engagement Venues in Dholavira Road, Bhuj | Book Near You - VenueConnect","Find the perfect engagement venue in Dholavira Road, Bhuj. Compare halls, farmhouses & party plots near Dholavira Road. Get instant leads & free quotes on VenueConnect.","Best Engagement Venues in Dholavira Road, Bhuj",engagement venues in Dholavira Road Bhuj,"engagement venue Dholavira Road, engagement hall near Dholavira Road Bhuj, engagement venue near Dholavira Road",Transactional (Hyper-local),High
Event + City Area,"Corporate Event Venues in Dholavira Road, Bhuj | VenueConnect",/bhuj/dholavira-road/corporate-event-venues/,"Best Corporate Event Venues in Dholavira Road, Bhuj | Book Near You - VenueConnect","Find the perfect corporate event venue in Dholavira Road, Bhuj. Compare halls, farmhouses & party plots near Dholavira Road. Get instant leads & free quotes on VenueConnect.","Best Corporate Event Venues in Dholavira Road, Bhuj",corporate event venues in Dholavira Road Bhuj,"corporate event venue Dholavira Road, corporate event hall near Dholavira Road Bhuj, corporate event venue near Dholavira Road",Transactional (Hyper-local),High
Event + City Area,"Reception Venues in Dholavira Road, Bhuj | VenueConnect",/bhuj/dholavira-road/reception-venues/,"Best Reception Venues in Dholavira Road, Bhuj | Book Near You - VenueConnect","Find the perfect reception venue in Dholavira Road, Bhuj. Compare halls, farmhouses & party plots near Dholavira Road. Get instant leads & free quotes on VenueConnect.","Best Reception Venues in Dholavira Road, Bhuj",reception venues in Dholavira Road Bhuj,"reception venue Dholavira Road, reception hall near Dholavira Road Bhuj, reception venue near Dholavira Road",Transactional (Hyper-local),High
Event + City Area,"Wedding Venues in Fort Road, Bhuj | VenueConnect",/bhuj/fort-road/wedding-venues/,"Best Wedding Venues in Fort Road, Bhuj | Book Near You - VenueConnect","Find the perfect wedding venue in Fort Road, Bhuj. Compare halls, farmhouses & party plots near Fort Road. Get instant leads & free quotes on VenueConnect.","Best Wedding Venues in Fort Road, Bhuj",wedding venues in Fort Road Bhuj,"wedding venue Fort Road, wedding hall near Fort Road Bhuj, wedding venue near Fort Road",Transactional (Hyper-local),High
Event + City Area,"Birthday Party Venues in Fort Road, Bhuj | VenueConnect",/bhuj/fort-road/birthday-party-venues/,"Best Birthday Party Venues in Fort Road, Bhuj | Book Near You - VenueConnect","Find the perfect birthday party venue in Fort Road, Bhuj. Compare halls, farmhouses & party plots near Fort Road. Get instant leads & free quotes on VenueConnect.","Best Birthday Party Venues in Fort Road, Bhuj",birthday party venues in Fort Road Bhuj,"birthday party venue Fort Road, birthday party hall near Fort Road Bhuj, birthday party venue near Fort Road",Transactional (Hyper-local),High
Event + City Area,"Engagement Venues in Fort Road, Bhuj | VenueConnect",/bhuj/fort-road/engagement-venues/,"Best Engagement Venues in Fort Road, Bhuj | Book Near You - VenueConnect","Find the perfect engagement venue in Fort Road, Bhuj. Compare halls, farmhouses & party plots near Fort Road. Get instant leads & free quotes on VenueConnect.","Best Engagement Venues in Fort Road, Bhuj",engagement venues in Fort Road Bhuj,"engagement venue Fort Road, engagement hall near Fort Road Bhuj, engagement venue near Fort Road",Transactional (Hyper-local),High
Event + City Area,"Corporate Event Venues in Fort Road, Bhuj | VenueConnect",/bhuj/fort-road/corporate-event-venues/,"Best Corporate Event Venues in Fort Road, Bhuj | Book Near You - VenueConnect","Find the perfect corporate event venue in Fort Road, Bhuj. Compare halls, farmhouses & party plots near Fort Road. Get instant leads & free quotes on VenueConnect.","Best Corporate Event Venues in Fort Road, Bhuj",corporate event venues in Fort Road Bhuj,"corporate event venue Fort Road, corporate event hall near Fort Road Bhuj, corporate event venue near Fort Road",Transactional (Hyper-local),High
Event + City Area,"Reception Venues in Fort Road, Bhuj | VenueConnect",/bhuj/fort-road/reception-venues/,"Best Reception Venues in Fort Road, Bhuj | Book Near You - VenueConnect","Find the perfect reception venue in Fort Road, Bhuj. Compare halls, farmhouses & party plots near Fort Road. Get instant leads & free quotes on VenueConnect.","Best Reception Venues in Fort Road, Bhuj",reception venues in Fort Road Bhuj,"reception venue Fort Road, reception hall near Fort Road Bhuj, reception venue near Fort Road",Transactional (Hyper-local),High
Event + City Area,"Wedding Venues in Gandhi Chowk, Bhuj | VenueConnect",/bhuj/gandhi-chowk/wedding-venues/,"Best Wedding Venues in Gandhi Chowk, Bhuj | Book Near You - VenueConnect","Find the perfect wedding venue in Gandhi Chowk, Bhuj. Compare halls, farmhouses & party plots near Gandhi Chowk. Get instant leads & free quotes on VenueConnect.","Best Wedding Venues in Gandhi Chowk, Bhuj",wedding venues in Gandhi Chowk Bhuj,"wedding venue Gandhi Chowk, wedding hall near Gandhi Chowk Bhuj, wedding venue near Gandhi Chowk",Transactional (Hyper-local),High
Event + City Area,"Birthday Party Venues in Gandhi Chowk, Bhuj | VenueConnect",/bhuj/gandhi-chowk/birthday-party-venues/,"Best Birthday Party Venues in Gandhi Chowk, Bhuj | Book Near You - VenueConnect","Find the perfect birthday party venue in Gandhi Chowk, Bhuj. Compare halls, farmhouses & party plots near Gandhi Chowk. Get instant leads & free quotes on VenueConnect.","Best Birthday Party Venues in Gandhi Chowk, Bhuj",birthday party venues in Gandhi Chowk Bhuj,"birthday party venue Gandhi Chowk, birthday party hall near Gandhi Chowk Bhuj, birthday party venue near Gandhi Chowk",Transactional (Hyper-local),High
Event + City Area,"Engagement Venues in Gandhi Chowk, Bhuj | VenueConnect",/bhuj/gandhi-chowk/engagement-venues/,"Best Engagement Venues in Gandhi Chowk, Bhuj | Book Near You - VenueConnect","Find the perfect engagement venue in Gandhi Chowk, Bhuj. Compare halls, farmhouses & party plots near Gandhi Chowk. Get instant leads & free quotes on VenueConnect.","Best Engagement Venues in Gandhi Chowk, Bhuj",engagement venues in Gandhi Chowk Bhuj,"engagement venue Gandhi Chowk, engagement hall near Gandhi Chowk Bhuj, engagement venue near Gandhi Chowk",Transactional (Hyper-local),High
Event + City Area,"Corporate Event Venues in Gandhi Chowk, Bhuj | VenueConnect",/bhuj/gandhi-chowk/corporate-event-venues/,"Best Corporate Event Venues in Gandhi Chowk, Bhuj | Book Near You - VenueConnect","Find the perfect corporate event venue in Gandhi Chowk, Bhuj. Compare halls, farmhouses & party plots near Gandhi Chowk. Get instant leads & free quotes on VenueConnect.","Best Corporate Event Venues in Gandhi Chowk, Bhuj",corporate event venues in Gandhi Chowk Bhuj,"corporate event venue Gandhi Chowk, corporate event hall near Gandhi Chowk Bhuj, corporate event venue near Gandhi Chowk",Transactional (Hyper-local),High
Event + City Area,"Reception Venues in Gandhi Chowk, Bhuj | VenueConnect",/bhuj/gandhi-chowk/reception-venues/,"Best Reception Venues in Gandhi Chowk, Bhuj | Book Near You - VenueConnect","Find the perfect reception venue in Gandhi Chowk, Bhuj. Compare halls, farmhouses & party plots near Gandhi Chowk. Get instant leads & free quotes on VenueConnect.","Best Reception Venues in Gandhi Chowk, Bhuj",reception venues in Gandhi Chowk Bhuj,"reception venue Gandhi Chowk, reception hall near Gandhi Chowk Bhuj, reception venue near Gandhi Chowk",Transactional (Hyper-local),High
Event + City Area,"Wedding Venues in Hamirsar Lake Road, Bhuj | VenueConnect",/bhuj/hamirsar-lake-road/wedding-venues/,"Best Wedding Venues in Hamirsar Lake Road, Bhuj | Book Near You - VenueConnect","Find the perfect wedding venue in Hamirsar Lake Road, Bhuj. Compare halls, farmhouses & party plots near Hamirsar Lake Road. Get instant leads & free quotes on VenueConnect.","Best Wedding Venues in Hamirsar Lake Road, Bhuj",wedding venues in Hamirsar Lake Road Bhuj,"wedding venue Hamirsar Lake Road, wedding hall near Hamirsar Lake Road Bhuj, wedding venue near Hamirsar Lake Road",Transactional (Hyper-local),High
Event + City Area,"Birthday Party Venues in Hamirsar Lake Road, Bhuj | VenueConnect",/bhuj/hamirsar-lake-road/birthday-party-venues/,"Best Birthday Party Venues in Hamirsar Lake Road, Bhuj | Book Near You - VenueConnect","Find the perfect birthday party venue in Hamirsar Lake Road, Bhuj. Compare halls, farmhouses & party plots near Hamirsar Lake Road. Get instant leads & free quotes on VenueConnect.","Best Birthday Party Venues in Hamirsar Lake Road, Bhuj",birthday party venues in Hamirsar Lake Road Bhuj,"birthday party venue Hamirsar Lake Road, birthday party hall near Hamirsar Lake Road Bhuj, birthday party venue near Hamirsar Lake Road",Transactional (Hyper-local),High
Event + City Area,"Engagement Venues in Hamirsar Lake Road, Bhuj | VenueConnect",/bhuj/hamirsar-lake-road/engagement-venues/,"Best Engagement Venues in Hamirsar Lake Road, Bhuj | Book Near You - VenueConnect","Find the perfect engagement venue in Hamirsar Lake Road, Bhuj. Compare halls, farmhouses & party plots near Hamirsar Lake Road. Get instant leads & free quotes on VenueConnect.","Best Engagement Venues in Hamirsar Lake Road, Bhuj",engagement venues in Hamirsar Lake Road Bhuj,"engagement venue Hamirsar Lake Road, engagement hall near Hamirsar Lake Road Bhuj, engagement venue near Hamirsar Lake Road",Transactional (Hyper-local),High
Event + City Area,"Corporate Event Venues in Hamirsar Lake Road, Bhuj | VenueConnect",/bhuj/hamirsar-lake-road/corporate-event-venues/,"Best Corporate Event Venues in Hamirsar Lake Road, Bhuj | Book Near You - VenueConnect","Find the perfect corporate event venue in Hamirsar Lake Road, Bhuj. Compare halls, farmhouses & party plots near Hamirsar Lake Road. Get instant leads & free quotes on VenueConnect.","Best Corporate Event Venues in Hamirsar Lake Road, Bhuj",corporate event venues in Hamirsar Lake Road Bhuj,"corporate event venue Hamirsar Lake Road, corporate event hall near Hamirsar Lake Road Bhuj, corporate event venue near Hamirsar Lake Road",Transactional (Hyper-local),High
Event + City Area,"Reception Venues in Hamirsar Lake Road, Bhuj | VenueConnect",/bhuj/hamirsar-lake-road/reception-venues/,"Best Reception Venues in Hamirsar Lake Road, Bhuj | Book Near You - VenueConnect","Find the perfect reception venue in Hamirsar Lake Road, Bhuj. Compare halls, farmhouses & party plots near Hamirsar Lake Road. Get instant leads & free quotes on VenueConnect.","Best Reception Venues in Hamirsar Lake Road, Bhuj",reception venues in Hamirsar Lake Road Bhuj,"reception venue Hamirsar Lake Road, reception hall near Hamirsar Lake Road Bhuj, reception venue near Hamirsar Lake Road",Transactional (Hyper-local),High
Event + City Area,"Wedding Venues in Jain Temple Road, Bhuj | VenueConnect",/bhuj/jain-temple-road/wedding-venues/,"Best Wedding Venues in Jain Temple Road, Bhuj | Book Near You - VenueConnect","Find the perfect wedding venue in Jain Temple Road, Bhuj. Compare halls, farmhouses & party plots near Jain Temple Road. Get instant leads & free quotes on VenueConnect.","Best Wedding Venues in Jain Temple Road, Bhuj",wedding venues in Jain Temple Road Bhuj,"wedding venue Jain Temple Road, wedding hall near Jain Temple Road Bhuj, wedding venue near Jain Temple Road",Transactional (Hyper-local),High
Event + City Area,"Birthday Party Venues in Jain Temple Road, Bhuj | VenueConnect",/bhuj/jain-temple-road/birthday-party-venues/,"Best Birthday Party Venues in Jain Temple Road, Bhuj | Book Near You - VenueConnect","Find the perfect birthday party venue in Jain Temple Road, Bhuj. Compare halls, farmhouses & party plots near Jain Temple Road. Get instant leads & free quotes on VenueConnect.","Best Birthday Party Venues in Jain Temple Road, Bhuj",birthday party venues in Jain Temple Road Bhuj,"birthday party venue Jain Temple Road, birthday party hall near Jain Temple Road Bhuj, birthday party venue near Jain Temple Road",Transactional (Hyper-local),High
Event + City Area,"Engagement Venues in Jain Temple Road, Bhuj | VenueConnect",/bhuj/jain-temple-road/engagement-venues/,"Best Engagement Venues in Jain Temple Road, Bhuj | Book Near You - VenueConnect","Find the perfect engagement venue in Jain Temple Road, Bhuj. Compare halls, farmhouses & party plots near Jain Temple Road. Get instant leads & free quotes on VenueConnect.","Best Engagement Venues in Jain Temple Road, Bhuj",engagement venues in Jain Temple Road Bhuj,"engagement venue Jain Temple Road, engagement hall near Jain Temple Road Bhuj, engagement venue near Jain Temple Road",Transactional (Hyper-local),High
Event + City Area,"Corporate Event Venues in Jain Temple Road, Bhuj | VenueConnect",/bhuj/jain-temple-road/corporate-event-venues/,"Best Corporate Event Venues in Jain Temple Road, Bhuj | Book Near You - VenueConnect","Find the perfect corporate event venue in Jain Temple Road, Bhuj. Compare halls, farmhouses & party plots near Jain Temple Road. Get instant leads & free quotes on VenueConnect.","Best Corporate Event Venues in Jain Temple Road, Bhuj",corporate event venues in Jain Temple Road Bhuj,"corporate event venue Jain Temple Road, corporate event hall near Jain Temple Road Bhuj, corporate event venue near Jain Temple Road",Transactional (Hyper-local),High
Event + City Area,"Reception Venues in Jain Temple Road, Bhuj | VenueConnect",/bhuj/jain-temple-road/reception-venues/,"Best Reception Venues in Jain Temple Road, Bhuj | Book Near You - VenueConnect","Find the perfect reception venue in Jain Temple Road, Bhuj. Compare halls, farmhouses & party plots near Jain Temple Road. Get instant leads & free quotes on VenueConnect.","Best Reception Venues in Jain Temple Road, Bhuj",reception venues in Jain Temple Road Bhuj,"reception venue Jain Temple Road, reception hall near Jain Temple Road Bhuj, reception venue near Jain Temple Road",Transactional (Hyper-local),High
Event + City Area,"Wedding Venues in Kera Road, Bhuj | VenueConnect",/bhuj/kera-road/wedding-venues/,"Best Wedding Venues in Kera Road, Bhuj | Book Near You - VenueConnect","Find the perfect wedding venue in Kera Road, Bhuj. Compare halls, farmhouses & party plots near Kera Road. Get instant leads & free quotes on VenueConnect.","Best Wedding Venues in Kera Road, Bhuj",wedding venues in Kera Road Bhuj,"wedding venue Kera Road, wedding hall near Kera Road Bhuj, wedding venue near Kera Road",Transactional (Hyper-local),High
Event + City Area,"Birthday Party Venues in Kera Road, Bhuj | VenueConnect",/bhuj/kera-road/birthday-party-venues/,"Best Birthday Party Venues in Kera Road, Bhuj | Book Near You - VenueConnect","Find the perfect birthday party venue in Kera Road, Bhuj. Compare halls, farmhouses & party plots near Kera Road. Get instant leads & free quotes on VenueConnect.","Best Birthday Party Venues in Kera Road, Bhuj",birthday party venues in Kera Road Bhuj,"birthday party venue Kera Road, birthday party hall near Kera Road Bhuj, birthday party venue near Kera Road",Transactional (Hyper-local),High
Event + City Area,"Engagement Venues in Kera Road, Bhuj | VenueConnect",/bhuj/kera-road/engagement-venues/,"Best Engagement Venues in Kera Road, Bhuj | Book Near You - VenueConnect","Find the perfect engagement venue in Kera Road, Bhuj. Compare halls, farmhouses & party plots near Kera Road. Get instant leads & free quotes on VenueConnect.","Best Engagement Venues in Kera Road, Bhuj",engagement venues in Kera Road Bhuj,"engagement venue Kera Road, engagement hall near Kera Road Bhuj, engagement venue near Kera Road",Transactional (Hyper-local),High
Event + City Area,"Corporate Event Venues in Kera Road, Bhuj | VenueConnect",/bhuj/kera-road/corporate-event-venues/,"Best Corporate Event Venues in Kera Road, Bhuj | Book Near You - VenueConnect","Find the perfect corporate event venue in Kera Road, Bhuj. Compare halls, farmhouses & party plots near Kera Road. Get instant leads & free quotes on VenueConnect.","Best Corporate Event Venues in Kera Road, Bhuj",corporate event venues in Kera Road Bhuj,"corporate event venue Kera Road, corporate event hall near Kera Road Bhuj, corporate event venue near Kera Road",Transactional (Hyper-local),High
Event + City Area,"Reception Venues in Kera Road, Bhuj | VenueConnect",/bhuj/kera-road/reception-venues/,"Best Reception Venues in Kera Road, Bhuj | Book Near You - VenueConnect","Find the perfect reception venue in Kera Road, Bhuj. Compare halls, farmhouses & party plots near Kera Road. Get instant leads & free quotes on VenueConnect.","Best Reception Venues in Kera Road, Bhuj",reception venues in Kera Road Bhuj,"reception venue Kera Road, reception hall near Kera Road Bhuj, reception venue near Kera Road",Transactional (Hyper-local),High
Event + City Area,"Wedding Venues in Kundraudi, Bhuj | VenueConnect",/bhuj/kundraudi/wedding-venues/,"Best Wedding Venues in Kundraudi, Bhuj | Book Near You - VenueConnect","Find the perfect wedding venue in Kundraudi, Bhuj. Compare halls, farmhouses & party plots near Kundraudi. Get instant leads & free quotes on VenueConnect.","Best Wedding Venues in Kundraudi, Bhuj",wedding venues in Kundraudi Bhuj,"wedding venue Kundraudi, wedding hall near Kundraudi Bhuj, wedding venue near Kundraudi",Transactional (Hyper-local),High
Event + City Area,"Birthday Party Venues in Kundraudi, Bhuj | VenueConnect",/bhuj/kundraudi/birthday-party-venues/,"Best Birthday Party Venues in Kundraudi, Bhuj | Book Near You - VenueConnect","Find the perfect birthday party venue in Kundraudi, Bhuj. Compare halls, farmhouses & party plots near Kundraudi. Get instant leads & free quotes on VenueConnect.","Best Birthday Party Venues in Kundraudi, Bhuj",birthday party venues in Kundraudi Bhuj,"birthday party venue Kundraudi, birthday party hall near Kundraudi Bhuj, birthday party venue near Kundraudi",Transactional (Hyper-local),High
Event + City Area,"Engagement Venues in Kundraudi, Bhuj | VenueConnect",/bhuj/kundraudi/engagement-venues/,"Best Engagement Venues in Kundraudi, Bhuj | Book Near You - VenueConnect","Find the perfect engagement venue in Kundraudi, Bhuj. Compare halls, farmhouses & party plots near Kundraudi. Get instant leads & free quotes on VenueConnect.","Best Engagement Venues in Kundraudi, Bhuj",engagement venues in Kundraudi Bhuj,"engagement venue Kundraudi, engagement hall near Kundraudi Bhuj, engagement venue near Kundraudi",Transactional (Hyper-local),High
Event + City Area,"Corporate Event Venues in Kundraudi, Bhuj | VenueConnect",/bhuj/kundraudi/corporate-event-venues/,"Best Corporate Event Venues in Kundraudi, Bhuj | Book Near You - VenueConnect","Find the perfect corporate event venue in Kundraudi, Bhuj. Compare halls, farmhouses & party plots near Kundraudi. Get instant leads & free quotes on VenueConnect.","Best Corporate Event Venues in Kundraudi, Bhuj",corporate event venues in Kundraudi Bhuj,"corporate event venue Kundraudi, corporate event hall near Kundraudi Bhuj, corporate event venue near Kundraudi",Transactional (Hyper-local),High
Event + City Area,"Reception Venues in Kundraudi, Bhuj | VenueConnect",/bhuj/kundraudi/reception-venues/,"Best Reception Venues in Kundraudi, Bhuj | Book Near You - VenueConnect","Find the perfect reception venue in Kundraudi, Bhuj. Compare halls, farmhouses & party plots near Kundraudi. Get instant leads & free quotes on VenueConnect.","Best Reception Venues in Kundraudi, Bhuj",reception venues in Kundraudi Bhuj,"reception venue Kundraudi, reception hall near Kundraudi Bhuj, reception venue near Kundraudi",Transactional (Hyper-local),High
Event + City Area,"Wedding Venues in Madhapar, Bhuj | VenueConnect",/bhuj/madhapar/wedding-venues/,"Best Wedding Venues in Madhapar, Bhuj | Book Near You - VenueConnect","Find the perfect wedding venue in Madhapar, Bhuj. Compare halls, farmhouses & party plots near Madhapar. Get instant leads & free quotes on VenueConnect.","Best Wedding Venues in Madhapar, Bhuj",wedding venues in Madhapar Bhuj,"wedding venue Madhapar, wedding hall near Madhapar Bhuj, wedding venue near Madhapar",Transactional (Hyper-local),High
Event + City Area,"Birthday Party Venues in Madhapar, Bhuj | VenueConnect",/bhuj/madhapar/birthday-party-venues/,"Best Birthday Party Venues in Madhapar, Bhuj | Book Near You - VenueConnect","Find the perfect birthday party venue in Madhapar, Bhuj. Compare halls, farmhouses & party plots near Madhapar. Get instant leads & free quotes on VenueConnect.","Best Birthday Party Venues in Madhapar, Bhuj",birthday party venues in Madhapar Bhuj,"birthday party venue Madhapar, birthday party hall near Madhapar Bhuj, birthday party venue near Madhapar",Transactional (Hyper-local),High
Event + City Area,"Engagement Venues in Madhapar, Bhuj | VenueConnect",/bhuj/madhapar/engagement-venues/,"Best Engagement Venues in Madhapar, Bhuj | Book Near You - VenueConnect","Find the perfect engagement venue in Madhapar, Bhuj. Compare halls, farmhouses & party plots near Madhapar. Get instant leads & free quotes on VenueConnect.","Best Engagement Venues in Madhapar, Bhuj",engagement venues in Madhapar Bhuj,"engagement venue Madhapar, engagement hall near Madhapar Bhuj, engagement venue near Madhapar",Transactional (Hyper-local),High
Event + City Area,"Corporate Event Venues in Madhapar, Bhuj | VenueConnect",/bhuj/madhapar/corporate-event-venues/,"Best Corporate Event Venues in Madhapar, Bhuj | Book Near You - VenueConnect","Find the perfect corporate event venue in Madhapar, Bhuj. Compare halls, farmhouses & party plots near Madhapar. Get instant leads & free quotes on VenueConnect.","Best Corporate Event Venues in Madhapar, Bhuj",corporate event venues in Madhapar Bhuj,"corporate event venue Madhapar, corporate event hall near Madhapar Bhuj, corporate event venue near Madhapar",Transactional (Hyper-local),High
Event + City Area,"Reception Venues in Madhapar, Bhuj | VenueConnect",/bhuj/madhapar/reception-venues/,"Best Reception Venues in Madhapar, Bhuj | Book Near You - VenueConnect","Find the perfect reception venue in Madhapar, Bhuj. Compare halls, farmhouses & party plots near Madhapar. Get instant leads & free quotes on VenueConnect.","Best Reception Venues in Madhapar, Bhuj",reception venues in Madhapar Bhuj,"reception venue Madhapar, reception hall near Madhapar Bhuj, reception venue near Madhapar",Transactional (Hyper-local),High
Event + City Area,"Wedding Venues in Mandvi Road, Bhuj | VenueConnect",/bhuj/mandvi-road/wedding-venues/,"Best Wedding Venues in Mandvi Road, Bhuj | Book Near You - VenueConnect","Find the perfect wedding venue in Mandvi Road, Bhuj. Compare halls, farmhouses & party plots near Mandvi Road. Get instant leads & free quotes on VenueConnect.","Best Wedding Venues in Mandvi Road, Bhuj",wedding venues in Mandvi Road Bhuj,"wedding venue Mandvi Road, wedding hall near Mandvi Road Bhuj, wedding venue near Mandvi Road",Transactional (Hyper-local),High
Event + City Area,"Birthday Party Venues in Mandvi Road, Bhuj | VenueConnect",/bhuj/mandvi-road/birthday-party-venues/,"Best Birthday Party Venues in Mandvi Road, Bhuj | Book Near You - VenueConnect","Find the perfect birthday party venue in Mandvi Road, Bhuj. Compare halls, farmhouses & party plots near Mandvi Road. Get instant leads & free quotes on VenueConnect.","Best Birthday Party Venues in Mandvi Road, Bhuj",birthday party venues in Mandvi Road Bhuj,"birthday party venue Mandvi Road, birthday party hall near Mandvi Road Bhuj, birthday party venue near Mandvi Road",Transactional (Hyper-local),High
Event + City Area,"Engagement Venues in Mandvi Road, Bhuj | VenueConnect",/bhuj/mandvi-road/engagement-venues/,"Best Engagement Venues in Mandvi Road, Bhuj | Book Near You - VenueConnect","Find the perfect engagement venue in Mandvi Road, Bhuj. Compare halls, farmhouses & party plots near Mandvi Road. Get instant leads & free quotes on VenueConnect.","Best Engagement Venues in Mandvi Road, Bhuj",engagement venues in Mandvi Road Bhuj,"engagement venue Mandvi Road, engagement hall near Mandvi Road Bhuj, engagement venue near Mandvi Road",Transactional (Hyper-local),High
Event + City Area,"Corporate Event Venues in Mandvi Road, Bhuj | VenueConnect",/bhuj/mandvi-road/corporate-event-venues/,"Best Corporate Event Venues in Mandvi Road, Bhuj | Book Near You - VenueConnect","Find the perfect corporate event venue in Mandvi Road, Bhuj. Compare halls, farmhouses & party plots near Mandvi Road. Get instant leads & free quotes on VenueConnect.","Best Corporate Event Venues in Mandvi Road, Bhuj",corporate event venues in Mandvi Road Bhuj,"corporate event venue Mandvi Road, corporate event hall near Mandvi Road Bhuj, corporate event venue near Mandvi Road",Transactional (Hyper-local),High
Event + City Area,"Reception Venues in Mandvi Road, Bhuj | VenueConnect",/bhuj/mandvi-road/reception-venues/,"Best Reception Venues in Mandvi Road, Bhuj | Book Near You - VenueConnect","Find the perfect reception venue in Mandvi Road, Bhuj. Compare halls, farmhouses & party plots near Mandvi Road. Get instant leads & free quotes on VenueConnect.","Best Reception Venues in Mandvi Road, Bhuj",reception venues in Mandvi Road Bhuj,"reception venue Mandvi Road, reception hall near Mandvi Road Bhuj, reception venue near Mandvi Road",Transactional (Hyper-local),High
Event + City Area,"Wedding Venues in Nakhatrana Road, Bhuj | VenueConnect",/bhuj/nakhatrana-road/wedding-venues/,"Best Wedding Venues in Nakhatrana Road, Bhuj | Book Near You - VenueConnect","Find the perfect wedding venue in Nakhatrana Road, Bhuj. Compare halls, farmhouses & party plots near Nakhatrana Road. Get instant leads & free quotes on VenueConnect.","Best Wedding Venues in Nakhatrana Road, Bhuj",wedding venues in Nakhatrana Road Bhuj,"wedding venue Nakhatrana Road, wedding hall near Nakhatrana Road Bhuj, wedding venue near Nakhatrana Road",Transactional (Hyper-local),High
Event + City Area,"Birthday Party Venues in Nakhatrana Road, Bhuj | VenueConnect",/bhuj/nakhatrana-road/birthday-party-venues/,"Best Birthday Party Venues in Nakhatrana Road, Bhuj | Book Near You - VenueConnect","Find the perfect birthday party venue in Nakhatrana Road, Bhuj. Compare halls, farmhouses & party plots near Nakhatrana Road. Get instant leads & free quotes on VenueConnect.","Best Birthday Party Venues in Nakhatrana Road, Bhuj",birthday party venues in Nakhatrana Road Bhuj,"birthday party venue Nakhatrana Road, birthday party hall near Nakhatrana Road Bhuj, birthday party venue near Nakhatrana Road",Transactional (Hyper-local),High
Event + City Area,"Engagement Venues in Nakhatrana Road, Bhuj | VenueConnect",/bhuj/nakhatrana-road/engagement-venues/,"Best Engagement Venues in Nakhatrana Road, Bhuj | Book Near You - VenueConnect","Find the perfect engagement venue in Nakhatrana Road, Bhuj. Compare halls, farmhouses & party plots near Nakhatrana Road. Get instant leads & free quotes on VenueConnect.","Best Engagement Venues in Nakhatrana Road, Bhuj",engagement venues in Nakhatrana Road Bhuj,"engagement venue Nakhatrana Road, engagement hall near Nakhatrana Road Bhuj, engagement venue near Nakhatrana Road",Transactional (Hyper-local),High
Event + City Area,"Corporate Event Venues in Nakhatrana Road, Bhuj | VenueConnect",/bhuj/nakhatrana-road/corporate-event-venues/,"Best Corporate Event Venues in Nakhatrana Road, Bhuj | Book Near You - VenueConnect","Find the perfect corporate event venue in Nakhatrana Road, Bhuj. Compare halls, farmhouses & party plots near Nakhatrana Road. Get instant leads & free quotes on VenueConnect.","Best Corporate Event Venues in Nakhatrana Road, Bhuj",corporate event venues in Nakhatrana Road Bhuj,"corporate event venue Nakhatrana Road, corporate event hall near Nakhatrana Road Bhuj, corporate event venue near Nakhatrana Road",Transactional (Hyper-local),High
Event + City Area,"Reception Venues in Nakhatrana Road, Bhuj | VenueConnect",/bhuj/nakhatrana-road/reception-venues/,"Best Reception Venues in Nakhatrana Road, Bhuj | Book Near You - VenueConnect","Find the perfect reception venue in Nakhatrana Road, Bhuj. Compare halls, farmhouses & party plots near Nakhatrana Road. Get instant leads & free quotes on VenueConnect.","Best Reception Venues in Nakhatrana Road, Bhuj",reception venues in Nakhatrana Road Bhuj,"reception venue Nakhatrana Road, reception hall near Nakhatrana Road Bhuj, reception venue near Nakhatrana Road",Transactional (Hyper-local),High
Event + City Area,"Wedding Venues in New Bhuj, Bhuj | VenueConnect",/bhuj/new-bhuj/wedding-venues/,"Best Wedding Venues in New Bhuj, Bhuj | Book Near You - VenueConnect","Find the perfect wedding venue in New Bhuj, Bhuj. Compare halls, farmhouses & party plots near New Bhuj. Get instant leads & free quotes on VenueConnect.","Best Wedding Venues in New Bhuj, Bhuj",wedding venues in New Bhuj Bhuj,"wedding venue New Bhuj, wedding hall near New Bhuj Bhuj, wedding venue near New Bhuj",Transactional (Hyper-local),High
Event + City Area,"Birthday Party Venues in New Bhuj, Bhuj | VenueConnect",/bhuj/new-bhuj/birthday-party-venues/,"Best Birthday Party Venues in New Bhuj, Bhuj | Book Near You - VenueConnect","Find the perfect birthday party venue in New Bhuj, Bhuj. Compare halls, farmhouses & party plots near New Bhuj. Get instant leads & free quotes on VenueConnect.","Best Birthday Party Venues in New Bhuj, Bhuj",birthday party venues in New Bhuj Bhuj,"birthday party venue New Bhuj, birthday party hall near New Bhuj Bhuj, birthday party venue near New Bhuj",Transactional (Hyper-local),High
Event + City Area,"Engagement Venues in New Bhuj, Bhuj | VenueConnect",/bhuj/new-bhuj/engagement-venues/,"Best Engagement Venues in New Bhuj, Bhuj | Book Near You - VenueConnect","Find the perfect engagement venue in New Bhuj, Bhuj. Compare halls, farmhouses & party plots near New Bhuj. Get instant leads & free quotes on VenueConnect.","Best Engagement Venues in New Bhuj, Bhuj",engagement venues in New Bhuj Bhuj,"engagement venue New Bhuj, engagement hall near New Bhuj Bhuj, engagement venue near New Bhuj",Transactional (Hyper-local),High
Event + City Area,"Corporate Event Venues in New Bhuj, Bhuj | VenueConnect",/bhuj/new-bhuj/corporate-event-venues/,"Best Corporate Event Venues in New Bhuj, Bhuj | Book Near You - VenueConnect","Find the perfect corporate event venue in New Bhuj, Bhuj. Compare halls, farmhouses & party plots near New Bhuj. Get instant leads & free quotes on VenueConnect.","Best Corporate Event Venues in New Bhuj, Bhuj",corporate event venues in New Bhuj Bhuj,"corporate event venue New Bhuj, corporate event hall near New Bhuj Bhuj, corporate event venue near New Bhuj",Transactional (Hyper-local),High
Event + City Area,"Reception Venues in New Bhuj, Bhuj | VenueConnect",/bhuj/new-bhuj/reception-venues/,"Best Reception Venues in New Bhuj, Bhuj | Book Near You - VenueConnect","Find the perfect reception venue in New Bhuj, Bhuj. Compare halls, farmhouses & party plots near New Bhuj. Get instant leads & free quotes on VenueConnect.","Best Reception Venues in New Bhuj, Bhuj",reception venues in New Bhuj Bhuj,"reception venue New Bhuj, reception hall near New Bhuj Bhuj, reception venue near New Bhuj",Transactional (Hyper-local),High
Event + City Area,"Wedding Venues in Old Bhuj, Bhuj | VenueConnect",/bhuj/old-bhuj/wedding-venues/,"Best Wedding Venues in Old Bhuj, Bhuj | Book Near You - VenueConnect","Find the perfect wedding venue in Old Bhuj, Bhuj. Compare halls, farmhouses & party plots near Old Bhuj. Get instant leads & free quotes on VenueConnect.","Best Wedding Venues in Old Bhuj, Bhuj",wedding venues in Old Bhuj Bhuj,"wedding venue Old Bhuj, wedding hall near Old Bhuj Bhuj, wedding venue near Old Bhuj",Transactional (Hyper-local),High
Event + City Area,"Birthday Party Venues in Old Bhuj, Bhuj | VenueConnect",/bhuj/old-bhuj/birthday-party-venues/,"Best Birthday Party Venues in Old Bhuj, Bhuj | Book Near You - VenueConnect","Find the perfect birthday party venue in Old Bhuj, Bhuj. Compare halls, farmhouses & party plots near Old Bhuj. Get instant leads & free quotes on VenueConnect.","Best Birthday Party Venues in Old Bhuj, Bhuj",birthday party venues in Old Bhuj Bhuj,"birthday party venue Old Bhuj, birthday party hall near Old Bhuj Bhuj, birthday party venue near Old Bhuj",Transactional (Hyper-local),High
Event + City Area,"Engagement Venues in Old Bhuj, Bhuj | VenueConnect",/bhuj/old-bhuj/engagement-venues/,"Best Engagement Venues in Old Bhuj, Bhuj | Book Near You - VenueConnect","Find the perfect engagement venue in Old Bhuj, Bhuj. Compare halls, farmhouses & party plots near Old Bhuj. Get instant leads & free quotes on VenueConnect.","Best Engagement Venues in Old Bhuj, Bhuj",engagement venues in Old Bhuj Bhuj,"engagement venue Old Bhuj, engagement hall near Old Bhuj Bhuj, engagement venue near Old Bhuj",Transactional (Hyper-local),High
Event + City Area,"Corporate Event Venues in Old Bhuj, Bhuj | VenueConnect",/bhuj/old-bhuj/corporate-event-venues/,"Best Corporate Event Venues in Old Bhuj, Bhuj | Book Near You - VenueConnect","Find the perfect corporate event venue in Old Bhuj, Bhuj. Compare halls, farmhouses & party plots near Old Bhuj. Get instant leads & free quotes on VenueConnect.","Best Corporate Event Venues in Old Bhuj, Bhuj",corporate event venues in Old Bhuj Bhuj,"corporate event venue Old Bhuj, corporate event hall near Old Bhuj Bhuj, corporate event venue near Old Bhuj",Transactional (Hyper-local),High
Event + City Area,"Reception Venues in Old Bhuj, Bhuj | VenueConnect",/bhuj/old-bhuj/reception-venues/,"Best Reception Venues in Old Bhuj, Bhuj | Book Near You - VenueConnect","Find the perfect reception venue in Old Bhuj, Bhuj. Compare halls, farmhouses & party plots near Old Bhuj. Get instant leads & free quotes on VenueConnect.","Best Reception Venues in Old Bhuj, Bhuj",reception venues in Old Bhuj Bhuj,"reception venue Old Bhuj, reception hall near Old Bhuj Bhuj, reception venue near Old Bhuj",Transactional (Hyper-local),High
Event + City Area,"Wedding Venues in Pragmahal Road, Bhuj | VenueConnect",/bhuj/pragmahal-road/wedding-venues/,"Best Wedding Venues in Pragmahal Road, Bhuj | Book Near You - VenueConnect","Find the perfect wedding venue in Pragmahal Road, Bhuj. Compare halls, farmhouses & party plots near Pragmahal Road. Get instant leads & free quotes on VenueConnect.","Best Wedding Venues in Pragmahal Road, Bhuj",wedding venues in Pragmahal Road Bhuj,"wedding venue Pragmahal Road, wedding hall near Pragmahal Road Bhuj, wedding venue near Pragmahal Road",Transactional (Hyper-local),High
Event + City Area,"Birthday Party Venues in Pragmahal Road, Bhuj | VenueConnect",/bhuj/pragmahal-road/birthday-party-venues/,"Best Birthday Party Venues in Pragmahal Road, Bhuj | Book Near You - VenueConnect","Find the perfect birthday party venue in Pragmahal Road, Bhuj. Compare halls, farmhouses & party plots near Pragmahal Road. Get instant leads & free quotes on VenueConnect.","Best Birthday Party Venues in Pragmahal Road, Bhuj",birthday party venues in Pragmahal Road Bhuj,"birthday party venue Pragmahal Road, birthday party hall near Pragmahal Road Bhuj, birthday party venue near Pragmahal Road",Transactional (Hyper-local),High
Event + City Area,"Engagement Venues in Pragmahal Road, Bhuj | VenueConnect",/bhuj/pragmahal-road/engagement-venues/,"Best Engagement Venues in Pragmahal Road, Bhuj | Book Near You - VenueConnect","Find the perfect engagement venue in Pragmahal Road, Bhuj. Compare halls, farmhouses & party plots near Pragmahal Road. Get instant leads & free quotes on VenueConnect.","Best Engagement Venues in Pragmahal Road, Bhuj",engagement venues in Pragmahal Road Bhuj,"engagement venue Pragmahal Road, engagement hall near Pragmahal Road Bhuj, engagement venue near Pragmahal Road",Transactional (Hyper-local),High
Event + City Area,"Corporate Event Venues in Pragmahal Road, Bhuj | VenueConnect",/bhuj/pragmahal-road/corporate-event-venues/,"Best Corporate Event Venues in Pragmahal Road, Bhuj | Book Near You - VenueConnect","Find the perfect corporate event venue in Pragmahal Road, Bhuj. Compare halls, farmhouses & party plots near Pragmahal Road. Get instant leads & free quotes on VenueConnect.","Best Corporate Event Venues in Pragmahal Road, Bhuj",corporate event venues in Pragmahal Road Bhuj,"corporate event venue Pragmahal Road, corporate event hall near Pragmahal Road Bhuj, corporate event venue near Pragmahal Road",Transactional (Hyper-local),High
Event + City Area,"Reception Venues in Pragmahal Road, Bhuj | VenueConnect",/bhuj/pragmahal-road/reception-venues/,"Best Reception Venues in Pragmahal Road, Bhuj | Book Near You - VenueConnect","Find the perfect reception venue in Pragmahal Road, Bhuj. Compare halls, farmhouses & party plots near Pragmahal Road. Get instant leads & free quotes on VenueConnect.","Best Reception Venues in Pragmahal Road, Bhuj",reception venues in Pragmahal Road Bhuj,"reception venue Pragmahal Road, reception hall near Pragmahal Road Bhuj, reception venue near Pragmahal Road",Transactional (Hyper-local),High
Event + City Area,"Wedding Venues in Rudramata, Bhuj | VenueConnect",/bhuj/rudramata/wedding-venues/,"Best Wedding Venues in Rudramata, Bhuj | Book Near You - VenueConnect","Find the perfect wedding venue in Rudramata, Bhuj. Compare halls, farmhouses & party plots near Rudramata. Get instant leads & free quotes on VenueConnect.","Best Wedding Venues in Rudramata, Bhuj",wedding venues in Rudramata Bhuj,"wedding venue Rudramata, wedding hall near Rudramata Bhuj, wedding venue near Rudramata",Transactional (Hyper-local),High
Event + City Area,"Birthday Party Venues in Rudramata, Bhuj | VenueConnect",/bhuj/rudramata/birthday-party-venues/,"Best Birthday Party Venues in Rudramata, Bhuj | Book Near You - VenueConnect","Find the perfect birthday party venue in Rudramata, Bhuj. Compare halls, farmhouses & party plots near Rudramata. Get instant leads & free quotes on VenueConnect.","Best Birthday Party Venues in Rudramata, Bhuj",birthday party venues in Rudramata Bhuj,"birthday party venue Rudramata, birthday party hall near Rudramata Bhuj, birthday party venue near Rudramata",Transactional (Hyper-local),High
Event + City Area,"Engagement Venues in Rudramata, Bhuj | VenueConnect",/bhuj/rudramata/engagement-venues/,"Best Engagement Venues in Rudramata, Bhuj | Book Near You - VenueConnect","Find the perfect engagement venue in Rudramata, Bhuj. Compare halls, farmhouses & party plots near Rudramata. Get instant leads & free quotes on VenueConnect.","Best Engagement Venues in Rudramata, Bhuj",engagement venues in Rudramata Bhuj,"engagement venue Rudramata, engagement hall near Rudramata Bhuj, engagement venue near Rudramata",Transactional (Hyper-local),High
Event + City Area,"Corporate Event Venues in Rudramata, Bhuj | VenueConnect",/bhuj/rudramata/corporate-event-venues/,"Best Corporate Event Venues in Rudramata, Bhuj | Book Near You - VenueConnect","Find the perfect corporate event venue in Rudramata, Bhuj. Compare halls, farmhouses & party plots near Rudramata. Get instant leads & free quotes on VenueConnect.","Best Corporate Event Venues in Rudramata, Bhuj",corporate event venues in Rudramata Bhuj,"corporate event venue Rudramata, corporate event hall near Rudramata Bhuj, corporate event venue near Rudramata",Transactional (Hyper-local),High
Event + City Area,"Reception Venues in Rudramata, Bhuj | VenueConnect",/bhuj/rudramata/reception-venues/,"Best Reception Venues in Rudramata, Bhuj | Book Near You - VenueConnect","Find the perfect reception venue in Rudramata, Bhuj. Compare halls, farmhouses & party plots near Rudramata. Get instant leads & free quotes on VenueConnect.","Best Reception Venues in Rudramata, Bhuj",reception venues in Rudramata Bhuj,"reception venue Rudramata, reception hall near Rudramata Bhuj, reception venue near Rudramata",Transactional (Hyper-local),High
Event + City Area,"Wedding Venues in Shyamji Krishna Varma Road, Bhuj | VenueConnect",/bhuj/shyamji-krishna-varma-road/wedding-venues/,"Best Wedding Venues in Shyamji Krishna Varma Road, Bhuj | Book Near You - VenueConnect","Find the perfect wedding venue in Shyamji Krishna Varma Road, Bhuj. Compare halls, farmhouses & party plots near Shyamji Krishna Varma Road. Get instant leads & free quotes on VenueConnect.","Best Wedding Venues in Shyamji Krishna Varma Road, Bhuj",wedding venues in Shyamji Krishna Varma Road Bhuj,"wedding venue Shyamji Krishna Varma Road, wedding hall near Shyamji Krishna Varma Road Bhuj, wedding venue near Shyamji Krishna Varma Road",Transactional (Hyper-local),High
Event + City Area,"Birthday Party Venues in Shyamji Krishna Varma Road, Bhuj | VenueConnect",/bhuj/shyamji-krishna-varma-road/birthday-party-venues/,"Best Birthday Party Venues in Shyamji Krishna Varma Road, Bhuj | Book Near You - VenueConnect","Find the perfect birthday party venue in Shyamji Krishna Varma Road, Bhuj. Compare halls, farmhouses & party plots near Shyamji Krishna Varma Road. Get instant leads & free quotes on VenueConnect.","Best Birthday Party Venues in Shyamji Krishna Varma Road, Bhuj",birthday party venues in Shyamji Krishna Varma Road Bhuj,"birthday party venue Shyamji Krishna Varma Road, birthday party hall near Shyamji Krishna Varma Road Bhuj, birthday party venue near Shyamji Krishna Varma Road",Transactional (Hyper-local),High
Event + City Area,"Engagement Venues in Shyamji Krishna Varma Road, Bhuj | VenueConnect",/bhuj/shyamji-krishna-varma-road/engagement-venues/,"Best Engagement Venues in Shyamji Krishna Varma Road, Bhuj | Book Near You - VenueConnect","Find the perfect engagement venue in Shyamji Krishna Varma Road, Bhuj. Compare halls, farmhouses & party plots near Shyamji Krishna Varma Road. Get instant leads & free quotes on VenueConnect.","Best Engagement Venues in Shyamji Krishna Varma Road, Bhuj",engagement venues in Shyamji Krishna Varma Road Bhuj,"engagement venue Shyamji Krishna Varma Road, engagement hall near Shyamji Krishna Varma Road Bhuj, engagement venue near Shyamji Krishna Varma Road",Transactional (Hyper-local),High
Event + City Area,"Corporate Event Venues in Shyamji Krishna Varma Road, Bhuj | VenueConnect",/bhuj/shyamji-krishna-varma-road/corporate-event-venues/,"Best Corporate Event Venues in Shyamji Krishna Varma Road, Bhuj | Book Near You - VenueConnect","Find the perfect corporate event venue in Shyamji Krishna Varma Road, Bhuj. Compare halls, farmhouses & party plots near Shyamji Krishna Varma Road. Get instant leads & free quotes on VenueConnect.","Best Corporate Event Venues in Shyamji Krishna Varma Road, Bhuj",corporate event venues in Shyamji Krishna Varma Road Bhuj,"corporate event venue Shyamji Krishna Varma Road, corporate event hall near Shyamji Krishna Varma Road Bhuj, corporate event venue near Shyamji Krishna Varma Road",Transactional (Hyper-local),High
Event + City Area,"Reception Venues in Shyamji Krishna Varma Road, Bhuj | VenueConnect",/bhuj/shyamji-krishna-varma-road/reception-venues/,"Best Reception Venues in Shyamji Krishna Varma Road, Bhuj | Book Near You - VenueConnect","Find the perfect reception venue in Shyamji Krishna Varma Road, Bhuj. Compare halls, farmhouses & party plots near Shyamji Krishna Varma Road. Get instant leads & free quotes on VenueConnect.","Best Reception Venues in Shyamji Krishna Varma Road, Bhuj",reception venues in Shyamji Krishna Varma Road Bhuj,"reception venue Shyamji Krishna Varma Road, reception hall near Shyamji Krishna Varma Road Bhuj, reception venue near Shyamji Krishna Varma Road",Transactional (Hyper-local),High
Event + City Area,"Wedding Venues in Swaminarayan Temple Road, Bhuj | VenueConnect",/bhuj/swaminarayan-temple-road/wedding-venues/,"Best Wedding Venues in Swaminarayan Temple Road, Bhuj | Book Near You - VenueConnect","Find the perfect wedding venue in Swaminarayan Temple Road, Bhuj. Compare halls, farmhouses & party plots near Swaminarayan Temple Road. Get instant leads & free quotes on VenueConnect.","Best Wedding Venues in Swaminarayan Temple Road, Bhuj",wedding venues in Swaminarayan Temple Road Bhuj,"wedding venue Swaminarayan Temple Road, wedding hall near Swaminarayan Temple Road Bhuj, wedding venue near Swaminarayan Temple Road",Transactional (Hyper-local),High
Event + City Area,"Birthday Party Venues in Swaminarayan Temple Road, Bhuj | VenueConnect",/bhuj/swaminarayan-temple-road/birthday-party-venues/,"Best Birthday Party Venues in Swaminarayan Temple Road, Bhuj | Book Near You - VenueConnect","Find the perfect birthday party venue in Swaminarayan Temple Road, Bhuj. Compare halls, farmhouses & party plots near Swaminarayan Temple Road. Get instant leads & free quotes on VenueConnect.","Best Birthday Party Venues in Swaminarayan Temple Road, Bhuj",birthday party venues in Swaminarayan Temple Road Bhuj,"birthday party venue Swaminarayan Temple Road, birthday party hall near Swaminarayan Temple Road Bhuj, birthday party venue near Swaminarayan Temple Road",Transactional (Hyper-local),High
Event + City Area,"Engagement Venues in Swaminarayan Temple Road, Bhuj | VenueConnect",/bhuj/swaminarayan-temple-road/engagement-venues/,"Best Engagement Venues in Swaminarayan Temple Road, Bhuj | Book Near You - VenueConnect","Find the perfect engagement venue in Swaminarayan Temple Road, Bhuj. Compare halls, farmhouses & party plots near Swaminarayan Temple Road. Get instant leads & free quotes on VenueConnect.","Best Engagement Venues in Swaminarayan Temple Road, Bhuj",engagement venues in Swaminarayan Temple Road Bhuj,"engagement venue Swaminarayan Temple Road, engagement hall near Swaminarayan Temple Road Bhuj, engagement venue near Swaminarayan Temple Road",Transactional (Hyper-local),High
Event + City Area,"Corporate Event Venues in Swaminarayan Temple Road, Bhuj | VenueConnect",/bhuj/swaminarayan-temple-road/corporate-event-venues/,"Best Corporate Event Venues in Swaminarayan Temple Road, Bhuj | Book Near You - VenueConnect","Find the perfect corporate event venue in Swaminarayan Temple Road, Bhuj. Compare halls, farmhouses & party plots near Swaminarayan Temple Road. Get instant leads & free quotes on VenueConnect.","Best Corporate Event Venues in Swaminarayan Temple Road, Bhuj",corporate event venues in Swaminarayan Temple Road Bhuj,"corporate event venue Swaminarayan Temple Road, corporate event hall near Swaminarayan Temple Road Bhuj, corporate event venue near Swaminarayan Temple Road",Transactional (Hyper-local),High
Event + City Area,"Reception Venues in Swaminarayan Temple Road, Bhuj | VenueConnect",/bhuj/swaminarayan-temple-road/reception-venues/,"Best Reception Venues in Swaminarayan Temple Road, Bhuj | Book Near You - VenueConnect","Find the perfect reception venue in Swaminarayan Temple Road, Bhuj. Compare halls, farmhouses & party plots near Swaminarayan Temple Road. Get instant leads & free quotes on VenueConnect.","Best Reception Venues in Swaminarayan Temple Road, Bhuj",reception venues in Swaminarayan Temple Road Bhuj,"reception venue Swaminarayan Temple Road, reception hall near Swaminarayan Temple Road Bhuj, reception venue near Swaminarayan Temple Road",Transactional (Hyper-local),High
  VENDOR + CITY AREA PAGES (Hyper-local),,,,,,,,,
Page Type,Page Title,URL Slug,Meta Title,Meta Description,H1 Tag,Target Keyword,Secondary Keywords,Search Intent,Priority
Vendor + City Area,"Photographers in Station Road, Bhuj | VenueConnect",/bhuj/station-road/vendors/photographers/,"Top Photographers in Station Road, Bhuj | Hire Near You - VenueConnect","Find the best photographers in Station Road, Bhuj for your event. Browse verified profiles, compare pricing & get WhatsApp leads instantly on VenueConnect.","Top Photographers in Station Road, Bhuj",photographers in Station Road Bhuj,"photographers near Station Road, photographers Station Road Bhuj, best photographers near Station Road",Transactional (Hyper-local),Medium
Vendor + City Area,"Caterers in Station Road, Bhuj | VenueConnect",/bhuj/station-road/vendors/caterers/,"Top Caterers in Station Road, Bhuj | Hire Near You - VenueConnect","Find the best caterers in Station Road, Bhuj for your event. Browse verified profiles, compare pricing & get WhatsApp leads instantly on VenueConnect.","Top Caterers in Station Road, Bhuj",caterers in Station Road Bhuj,"caterers near Station Road, caterers Station Road Bhuj, best caterers near Station Road",Transactional (Hyper-local),Medium
Vendor + City Area,"Decorators in Station Road, Bhuj | VenueConnect",/bhuj/station-road/vendors/decorators/,"Top Decorators in Station Road, Bhuj | Hire Near You - VenueConnect","Find the best decorators in Station Road, Bhuj for your event. Browse verified profiles, compare pricing & get WhatsApp leads instantly on VenueConnect.","Top Decorators in Station Road, Bhuj",decorators in Station Road Bhuj,"decorators near Station Road, decorators Station Road Bhuj, best decorators near Station Road",Transactional (Hyper-local),Medium
Vendor + City Area,"Mehndi Artists in Station Road, Bhuj | VenueConnect",/bhuj/station-road/vendors/mehndi-artists/,"Top Mehndi Artists in Station Road, Bhuj | Hire Near You - VenueConnect","Find the best mehndi artists in Station Road, Bhuj for your event. Browse verified profiles, compare pricing & get WhatsApp leads instantly on VenueConnect.","Top Mehndi Artists in Station Road, Bhuj",mehndi artists in Station Road Bhuj,"mehndi artists near Station Road, mehndi artists Station Road Bhuj, best mehndi artists near Station Road",Transactional (Hyper-local),Medium
Vendor + City Area,"Photographers in Mirzapar Road, Bhuj | VenueConnect",/bhuj/mirzapar-road/vendors/photographers/,"Top Photographers in Mirzapar Road, Bhuj | Hire Near You - VenueConnect","Find the best photographers in Mirzapar Road, Bhuj for your event. Browse verified profiles, compare pricing & get WhatsApp leads instantly on VenueConnect.","Top Photographers in Mirzapar Road, Bhuj",photographers in Mirzapar Road Bhuj,"photographers near Mirzapar Road, photographers Mirzapar Road Bhuj, best photographers near Mirzapar Road",Transactional (Hyper-local),Medium
Vendor + City Area,"Caterers in Mirzapar Road, Bhuj | VenueConnect",/bhuj/mirzapar-road/vendors/caterers/,"Top Caterers in Mirzapar Road, Bhuj | Hire Near You - VenueConnect","Find the best caterers in Mirzapar Road, Bhuj for your event. Browse verified profiles, compare pricing & get WhatsApp leads instantly on VenueConnect.","Top Caterers in Mirzapar Road, Bhuj",caterers in Mirzapar Road Bhuj,"caterers near Mirzapar Road, caterers Mirzapar Road Bhuj, best caterers near Mirzapar Road",Transactional (Hyper-local),Medium
Vendor + City Area,"Decorators in Mirzapar Road, Bhuj | VenueConnect",/bhuj/mirzapar-road/vendors/decorators/,"Top Decorators in Mirzapar Road, Bhuj | Hire Near You - VenueConnect","Find the best decorators in Mirzapar Road, Bhuj for your event. Browse verified profiles, compare pricing & get WhatsApp leads instantly on VenueConnect.","Top Decorators in Mirzapar Road, Bhuj",decorators in Mirzapar Road Bhuj,"decorators near Mirzapar Road, decorators Mirzapar Road Bhuj, best decorators near Mirzapar Road",Transactional (Hyper-local),Medium
Vendor + City Area,"Mehndi Artists in Mirzapar Road, Bhuj | VenueConnect",/bhuj/mirzapar-road/vendors/mehndi-artists/,"Top Mehndi Artists in Mirzapar Road, Bhuj | Hire Near You - VenueConnect","Find the best mehndi artists in Mirzapar Road, Bhuj for your event. Browse verified profiles, compare pricing & get WhatsApp leads instantly on VenueConnect.","Top Mehndi Artists in Mirzapar Road, Bhuj",mehndi artists in Mirzapar Road Bhuj,"mehndi artists near Mirzapar Road, mehndi artists Mirzapar Road Bhuj, best mehndi artists near Mirzapar Road",Transactional (Hyper-local),Medium
Vendor + City Area,"Photographers in Bhachau Road, Bhuj | VenueConnect",/bhuj/bhachau-road/vendors/photographers/,"Top Photographers in Bhachau Road, Bhuj | Hire Near You - VenueConnect","Find the best photographers in Bhachau Road, Bhuj for your event. Browse verified profiles, compare pricing & get WhatsApp leads instantly on VenueConnect.","Top Photographers in Bhachau Road, Bhuj",photographers in Bhachau Road Bhuj,"photographers near Bhachau Road, photographers Bhachau Road Bhuj, best photographers near Bhachau Road",Transactional (Hyper-local),Medium
Vendor + City Area,"Caterers in Bhachau Road, Bhuj | VenueConnect",/bhuj/bhachau-road/vendors/caterers/,"Top Caterers in Bhachau Road, Bhuj | Hire Near You - VenueConnect","Find the best caterers in Bhachau Road, Bhuj for your event. Browse verified profiles, compare pricing & get WhatsApp leads instantly on VenueConnect.","Top Caterers in Bhachau Road, Bhuj",caterers in Bhachau Road Bhuj,"caterers near Bhachau Road, caterers Bhachau Road Bhuj, best caterers near Bhachau Road",Transactional (Hyper-local),Medium
Vendor + City Area,"Decorators in Bhachau Road, Bhuj | VenueConnect",/bhuj/bhachau-road/vendors/decorators/,"Top Decorators in Bhachau Road, Bhuj | Hire Near You - VenueConnect","Find the best decorators in Bhachau Road, Bhuj for your event. Browse verified profiles, compare pricing & get WhatsApp leads instantly on VenueConnect.","Top Decorators in Bhachau Road, Bhuj",decorators in Bhachau Road Bhuj,"decorators near Bhachau Road, decorators Bhachau Road Bhuj, best decorators near Bhachau Road",Transactional (Hyper-local),Medium
Vendor + City Area,"Mehndi Artists in Bhachau Road, Bhuj | VenueConnect",/bhuj/bhachau-road/vendors/mehndi-artists/,"Top Mehndi Artists in Bhachau Road, Bhuj | Hire Near You - VenueConnect","Find the best mehndi artists in Bhachau Road, Bhuj for your event. Browse verified profiles, compare pricing & get WhatsApp leads instantly on VenueConnect.","Top Mehndi Artists in Bhachau Road, Bhuj",mehndi artists in Bhachau Road Bhuj,"mehndi artists near Bhachau Road, mehndi artists Bhachau Road Bhuj, best mehndi artists near Bhachau Road",Transactional (Hyper-local),Medium
Vendor + City Area,"Photographers in Rapar Road, Bhuj | VenueConnect",/bhuj/rapar-road/vendors/photographers/,"Top Photographers in Rapar Road, Bhuj | Hire Near You - VenueConnect","Find the best photographers in Rapar Road, Bhuj for your event. Browse verified profiles, compare pricing & get WhatsApp leads instantly on VenueConnect.","Top Photographers in Rapar Road, Bhuj",photographers in Rapar Road Bhuj,"photographers near Rapar Road, photographers Rapar Road Bhuj, best photographers near Rapar Road",Transactional (Hyper-local),Medium
Vendor + City Area,"Caterers in Rapar Road, Bhuj | VenueConnect",/bhuj/rapar-road/vendors/caterers/,"Top Caterers in Rapar Road, Bhuj | Hire Near You - VenueConnect","Find the best caterers in Rapar Road, Bhuj for your event. Browse verified profiles, compare pricing & get WhatsApp leads instantly on VenueConnect.","Top Caterers in Rapar Road, Bhuj",caterers in Rapar Road Bhuj,"caterers near Rapar Road, caterers Rapar Road Bhuj, best caterers near Rapar Road",Transactional (Hyper-local),Medium
Vendor + City Area,"Decorators in Rapar Road, Bhuj | VenueConnect",/bhuj/rapar-road/vendors/decorators/,"Top Decorators in Rapar Road, Bhuj | Hire Near You - VenueConnect","Find the best decorators in Rapar Road, Bhuj for your event. Browse verified profiles, compare pricing & get WhatsApp leads instantly on VenueConnect.","Top Decorators in Rapar Road, Bhuj",decorators in Rapar Road Bhuj,"decorators near Rapar Road, decorators Rapar Road Bhuj, best decorators near Rapar Road",Transactional (Hyper-local),Medium
Vendor + City Area,"Mehndi Artists in Rapar Road, Bhuj | VenueConnect",/bhuj/rapar-road/vendors/mehndi-artists/,"Top Mehndi Artists in Rapar Road, Bhuj | Hire Near You - VenueConnect","Find the best mehndi artists in Rapar Road, Bhuj for your event. Browse verified profiles, compare pricing & get WhatsApp leads instantly on VenueConnect.","Top Mehndi Artists in Rapar Road, Bhuj",mehndi artists in Rapar Road Bhuj,"mehndi artists near Rapar Road, mehndi artists Rapar Road Bhuj, best mehndi artists near Rapar Road",Transactional (Hyper-local),Medium
Vendor + City Area,"Photographers in Hospital Road, Bhuj | VenueConnect",/bhuj/hospital-road/vendors/photographers/,"Top Photographers in Hospital Road, Bhuj | Hire Near You - VenueConnect","Find the best photographers in Hospital Road, Bhuj for your event. Browse verified profiles, compare pricing & get WhatsApp leads instantly on VenueConnect.","Top Photographers in Hospital Road, Bhuj",photographers in Hospital Road Bhuj,"photographers near Hospital Road, photographers Hospital Road Bhuj, best photographers near Hospital Road",Transactional (Hyper-local),Medium
Vendor + City Area,"Caterers in Hospital Road, Bhuj | VenueConnect",/bhuj/hospital-road/vendors/caterers/,"Top Caterers in Hospital Road, Bhuj | Hire Near You - VenueConnect","Find the best caterers in Hospital Road, Bhuj for your event. Browse verified profiles, compare pricing & get WhatsApp leads instantly on VenueConnect.","Top Caterers in Hospital Road, Bhuj",caterers in Hospital Road Bhuj,"caterers near Hospital Road, caterers Hospital Road Bhuj, best caterers near Hospital Road",Transactional (Hyper-local),Medium
Vendor + City Area,"Decorators in Hospital Road, Bhuj | VenueConnect",/bhuj/hospital-road/vendors/decorators/,"Top Decorators in Hospital Road, Bhuj | Hire Near You - VenueConnect","Find the best decorators in Hospital Road, Bhuj for your event. Browse verified profiles, compare pricing & get WhatsApp leads instantly on VenueConnect.","Top Decorators in Hospital Road, Bhuj",decorators in Hospital Road Bhuj,"decorators near Hospital Road, decorators Hospital Road Bhuj, best decorators near Hospital Road",Transactional (Hyper-local),Medium
Vendor + City Area,"Mehndi Artists in Hospital Road, Bhuj | VenueConnect",/bhuj/hospital-road/vendors/mehndi-artists/,"Top Mehndi Artists in Hospital Road, Bhuj | Hire Near You - VenueConnect","Find the best mehndi artists in Hospital Road, Bhuj for your event. Browse verified profiles, compare pricing & get WhatsApp leads instantly on VenueConnect.","Top Mehndi Artists in Hospital Road, Bhuj",mehndi artists in Hospital Road Bhuj,"mehndi artists near Hospital Road, mehndi artists Hospital Road Bhuj, best mehndi artists near Hospital Road",Transactional (Hyper-local),Medium
Vendor + City Area,"Photographers in Jubilee Circle, Bhuj | VenueConnect",/bhuj/jubilee-circle/vendors/photographers/,"Top Photographers in Jubilee Circle, Bhuj | Hire Near You - VenueConnect","Find the best photographers in Jubilee Circle, Bhuj for your event. Browse verified profiles, compare pricing & get WhatsApp leads instantly on VenueConnect.","Top Photographers in Jubilee Circle, Bhuj",photographers in Jubilee Circle Bhuj,"photographers near Jubilee Circle, photographers Jubilee Circle Bhuj, best photographers near Jubilee Circle",Transactional (Hyper-local),Medium
Vendor + City Area,"Caterers in Jubilee Circle, Bhuj | VenueConnect",/bhuj/jubilee-circle/vendors/caterers/,"Top Caterers in Jubilee Circle, Bhuj | Hire Near You - VenueConnect","Find the best caterers in Jubilee Circle, Bhuj for your event. Browse verified profiles, compare pricing & get WhatsApp leads instantly on VenueConnect.","Top Caterers in Jubilee Circle, Bhuj",caterers in Jubilee Circle Bhuj,"caterers near Jubilee Circle, caterers Jubilee Circle Bhuj, best caterers near Jubilee Circle",Transactional (Hyper-local),Medium
Vendor + City Area,"Decorators in Jubilee Circle, Bhuj | VenueConnect",/bhuj/jubilee-circle/vendors/decorators/,"Top Decorators in Jubilee Circle, Bhuj | Hire Near You - VenueConnect","Find the best decorators in Jubilee Circle, Bhuj for your event. Browse verified profiles, compare pricing & get WhatsApp leads instantly on VenueConnect.","Top Decorators in Jubilee Circle, Bhuj",decorators in Jubilee Circle Bhuj,"decorators near Jubilee Circle, decorators Jubilee Circle Bhuj, best decorators near Jubilee Circle",Transactional (Hyper-local),Medium
Vendor + City Area,"Mehndi Artists in Jubilee Circle, Bhuj | VenueConnect",/bhuj/jubilee-circle/vendors/mehndi-artists/,"Top Mehndi Artists in Jubilee Circle, Bhuj | Hire Near You - VenueConnect","Find the best mehndi artists in Jubilee Circle, Bhuj for your event. Browse verified profiles, compare pricing & get WhatsApp leads instantly on VenueConnect.","Top Mehndi Artists in Jubilee Circle, Bhuj",mehndi artists in Jubilee Circle Bhuj,"mehndi artists near Jubilee Circle, mehndi artists Jubilee Circle Bhuj, best mehndi artists near Jubilee Circle",Transactional (Hyper-local),Medium
Vendor + City Area,"Photographers in Bhuj Airport Road, Bhuj | VenueConnect",/bhuj/bhuj-airport-road/vendors/photographers/,"Top Photographers in Bhuj Airport Road, Bhuj | Hire Near You - VenueConnect","Find the best photographers in Bhuj Airport Road, Bhuj for your event. Browse verified profiles, compare pricing & get WhatsApp leads instantly on VenueConnect.","Top Photographers in Bhuj Airport Road, Bhuj",photographers in Bhuj Airport Road Bhuj,"photographers near Bhuj Airport Road, photographers Bhuj Airport Road Bhuj, best photographers near Bhuj Airport Road",Transactional (Hyper-local),Medium
Vendor + City Area,"Caterers in Bhuj Airport Road, Bhuj | VenueConnect",/bhuj/bhuj-airport-road/vendors/caterers/,"Top Caterers in Bhuj Airport Road, Bhuj | Hire Near You - VenueConnect","Find the best caterers in Bhuj Airport Road, Bhuj for your event. Browse verified profiles, compare pricing & get WhatsApp leads instantly on VenueConnect.","Top Caterers in Bhuj Airport Road, Bhuj",caterers in Bhuj Airport Road Bhuj,"caterers near Bhuj Airport Road, caterers Bhuj Airport Road Bhuj, best caterers near Bhuj Airport Road",Transactional (Hyper-local),Medium
Vendor + City Area,"Decorators in Bhuj Airport Road, Bhuj | VenueConnect",/bhuj/bhuj-airport-road/vendors/decorators/,"Top Decorators in Bhuj Airport Road, Bhuj | Hire Near You - VenueConnect","Find the best decorators in Bhuj Airport Road, Bhuj for your event. Browse verified profiles, compare pricing & get WhatsApp leads instantly on VenueConnect.","Top Decorators in Bhuj Airport Road, Bhuj",decorators in Bhuj Airport Road Bhuj,"decorators near Bhuj Airport Road, decorators Bhuj Airport Road Bhuj, best decorators near Bhuj Airport Road",Transactional (Hyper-local),Medium
Vendor + City Area,"Mehndi Artists in Bhuj Airport Road, Bhuj | VenueConnect",/bhuj/bhuj-airport-road/vendors/mehndi-artists/,"Top Mehndi Artists in Bhuj Airport Road, Bhuj | Hire Near You - VenueConnect","Find the best mehndi artists in Bhuj Airport Road, Bhuj for your event. Browse verified profiles, compare pricing & get WhatsApp leads instantly on VenueConnect.","Top Mehndi Artists in Bhuj Airport Road, Bhuj",mehndi artists in Bhuj Airport Road Bhuj,"mehndi artists near Bhuj Airport Road, mehndi artists Bhuj Airport Road Bhuj, best mehndi artists near Bhuj Airport Road",Transactional (Hyper-local),Medium
Vendor + City Area,"Photographers in Adhoi Road, Bhuj | VenueConnect",/bhuj/adhoi-road/vendors/photographers/,"Top Photographers in Adhoi Road, Bhuj | Hire Near You - VenueConnect","Find the best photographers in Adhoi Road, Bhuj for your event. Browse verified profiles, compare pricing & get WhatsApp leads instantly on VenueConnect.","Top Photographers in Adhoi Road, Bhuj",photographers in Adhoi Road Bhuj,"photographers near Adhoi Road, photographers Adhoi Road Bhuj, best photographers near Adhoi Road",Transactional (Hyper-local),Medium
Vendor + City Area,"Caterers in Adhoi Road, Bhuj | VenueConnect",/bhuj/adhoi-road/vendors/caterers/,"Top Caterers in Adhoi Road, Bhuj | Hire Near You - VenueConnect","Find the best caterers in Adhoi Road, Bhuj for your event. Browse verified profiles, compare pricing & get WhatsApp leads instantly on VenueConnect.","Top Caterers in Adhoi Road, Bhuj",caterers in Adhoi Road Bhuj,"caterers near Adhoi Road, caterers Adhoi Road Bhuj, best caterers near Adhoi Road",Transactional (Hyper-local),Medium
Vendor + City Area,"Decorators in Adhoi Road, Bhuj | VenueConnect",/bhuj/adhoi-road/vendors/decorators/,"Top Decorators in Adhoi Road, Bhuj | Hire Near You - VenueConnect","Find the best decorators in Adhoi Road, Bhuj for your event. Browse verified profiles, compare pricing & get WhatsApp leads instantly on VenueConnect.","Top Decorators in Adhoi Road, Bhuj",decorators in Adhoi Road Bhuj,"decorators near Adhoi Road, decorators Adhoi Road Bhuj, best decorators near Adhoi Road",Transactional (Hyper-local),Medium
Vendor + City Area,"Mehndi Artists in Adhoi Road, Bhuj | VenueConnect",/bhuj/adhoi-road/vendors/mehndi-artists/,"Top Mehndi Artists in Adhoi Road, Bhuj | Hire Near You - VenueConnect","Find the best mehndi artists in Adhoi Road, Bhuj for your event. Browse verified profiles, compare pricing & get WhatsApp leads instantly on VenueConnect.","Top Mehndi Artists in Adhoi Road, Bhuj",mehndi artists in Adhoi Road Bhuj,"mehndi artists near Adhoi Road, mehndi artists Adhoi Road Bhuj, best mehndi artists near Adhoi Road",Transactional (Hyper-local),Medium
Vendor + City Area,"Photographers in Anjar Road, Bhuj | VenueConnect",/bhuj/anjar-road/vendors/photographers/,"Top Photographers in Anjar Road, Bhuj | Hire Near You - VenueConnect","Find the best photographers in Anjar Road, Bhuj for your event. Browse verified profiles, compare pricing & get WhatsApp leads instantly on VenueConnect.","Top Photographers in Anjar Road, Bhuj",photographers in Anjar Road Bhuj,"photographers near Anjar Road, photographers Anjar Road Bhuj, best photographers near Anjar Road",Transactional (Hyper-local),Medium
Vendor + City Area,"Caterers in Anjar Road, Bhuj | VenueConnect",/bhuj/anjar-road/vendors/caterers/,"Top Caterers in Anjar Road, Bhuj | Hire Near You - VenueConnect","Find the best caterers in Anjar Road, Bhuj for your event. Browse verified profiles, compare pricing & get WhatsApp leads instantly on VenueConnect.","Top Caterers in Anjar Road, Bhuj",caterers in Anjar Road Bhuj,"caterers near Anjar Road, caterers Anjar Road Bhuj, best caterers near Anjar Road",Transactional (Hyper-local),Medium
Vendor + City Area,"Decorators in Anjar Road, Bhuj | VenueConnect",/bhuj/anjar-road/vendors/decorators/,"Top Decorators in Anjar Road, Bhuj | Hire Near You - VenueConnect","Find the best decorators in Anjar Road, Bhuj for your event. Browse verified profiles, compare pricing & get WhatsApp leads instantly on VenueConnect.","Top Decorators in Anjar Road, Bhuj",decorators in Anjar Road Bhuj,"decorators near Anjar Road, decorators Anjar Road Bhuj, best decorators near Anjar Road",Transactional (Hyper-local),Medium
Vendor + City Area,"Mehndi Artists in Anjar Road, Bhuj | VenueConnect",/bhuj/anjar-road/vendors/mehndi-artists/,"Top Mehndi Artists in Anjar Road, Bhuj | Hire Near You - VenueConnect","Find the best mehndi artists in Anjar Road, Bhuj for your event. Browse verified profiles, compare pricing & get WhatsApp leads instantly on VenueConnect.","Top Mehndi Artists in Anjar Road, Bhuj",mehndi artists in Anjar Road Bhuj,"mehndi artists near Anjar Road, mehndi artists Anjar Road Bhuj, best mehndi artists near Anjar Road",Transactional (Hyper-local),Medium
Vendor + City Area,"Photographers in Ashapura Temple Road, Bhuj | VenueConnect",/bhuj/ashapura-temple-road/vendors/photographers/,"Top Photographers in Ashapura Temple Road, Bhuj | Hire Near You - VenueConnect","Find the best photographers in Ashapura Temple Road, Bhuj for your event. Browse verified profiles, compare pricing & get WhatsApp leads instantly on VenueConnect.","Top Photographers in Ashapura Temple Road, Bhuj",photographers in Ashapura Temple Road Bhuj,"photographers near Ashapura Temple Road, photographers Ashapura Temple Road Bhuj, best photographers near Ashapura Temple Road",Transactional (Hyper-local),Medium
Vendor + City Area,"Caterers in Ashapura Temple Road, Bhuj | VenueConnect",/bhuj/ashapura-temple-road/vendors/caterers/,"Top Caterers in Ashapura Temple Road, Bhuj | Hire Near You - VenueConnect","Find the best caterers in Ashapura Temple Road, Bhuj for your event. Browse verified profiles, compare pricing & get WhatsApp leads instantly on VenueConnect.","Top Caterers in Ashapura Temple Road, Bhuj",caterers in Ashapura Temple Road Bhuj,"caterers near Ashapura Temple Road, caterers Ashapura Temple Road Bhuj, best caterers near Ashapura Temple Road",Transactional (Hyper-local),Medium
Vendor + City Area,"Decorators in Ashapura Temple Road, Bhuj | VenueConnect",/bhuj/ashapura-temple-road/vendors/decorators/,"Top Decorators in Ashapura Temple Road, Bhuj | Hire Near You - VenueConnect","Find the best decorators in Ashapura Temple Road, Bhuj for your event. Browse verified profiles, compare pricing & get WhatsApp leads instantly on VenueConnect.","Top Decorators in Ashapura Temple Road, Bhuj",decorators in Ashapura Temple Road Bhuj,"decorators near Ashapura Temple Road, decorators Ashapura Temple Road Bhuj, best decorators near Ashapura Temple Road",Transactional (Hyper-local),Medium
Vendor + City Area,"Mehndi Artists in Ashapura Temple Road, Bhuj | VenueConnect",/bhuj/ashapura-temple-road/vendors/mehndi-artists/,"Top Mehndi Artists in Ashapura Temple Road, Bhuj | Hire Near You - VenueConnect","Find the best mehndi artists in Ashapura Temple Road, Bhuj for your event. Browse verified profiles, compare pricing & get WhatsApp leads instantly on VenueConnect.","Top Mehndi Artists in Ashapura Temple Road, Bhuj",mehndi artists in Ashapura Temple Road Bhuj,"mehndi artists near Ashapura Temple Road, mehndi artists Ashapura Temple Road Bhuj, best mehndi artists near Ashapura Temple Road",Transactional (Hyper-local),Medium
Vendor + City Area,"Photographers in Bus Station Road, Bhuj | VenueConnect",/bhuj/bus-station-road/vendors/photographers/,"Top Photographers in Bus Station Road, Bhuj | Hire Near You - VenueConnect","Find the best photographers in Bus Station Road, Bhuj for your event. Browse verified profiles, compare pricing & get WhatsApp leads instantly on VenueConnect.","Top Photographers in Bus Station Road, Bhuj",photographers in Bus Station Road Bhuj,"photographers near Bus Station Road, photographers Bus Station Road Bhuj, best photographers near Bus Station Road",Transactional (Hyper-local),Medium
Vendor + City Area,"Caterers in Bus Station Road, Bhuj | VenueConnect",/bhuj/bus-station-road/vendors/caterers/,"Top Caterers in Bus Station Road, Bhuj | Hire Near You - VenueConnect","Find the best caterers in Bus Station Road, Bhuj for your event. Browse verified profiles, compare pricing & get WhatsApp leads instantly on VenueConnect.","Top Caterers in Bus Station Road, Bhuj",caterers in Bus Station Road Bhuj,"caterers near Bus Station Road, caterers Bus Station Road Bhuj, best caterers near Bus Station Road",Transactional (Hyper-local),Medium
Vendor + City Area,"Decorators in Bus Station Road, Bhuj | VenueConnect",/bhuj/bus-station-road/vendors/decorators/,"Top Decorators in Bus Station Road, Bhuj | Hire Near You - VenueConnect","Find the best decorators in Bus Station Road, Bhuj for your event. Browse verified profiles, compare pricing & get WhatsApp leads instantly on VenueConnect.","Top Decorators in Bus Station Road, Bhuj",decorators in Bus Station Road Bhuj,"decorators near Bus Station Road, decorators Bus Station Road Bhuj, best decorators near Bus Station Road",Transactional (Hyper-local),Medium
Vendor + City Area,"Mehndi Artists in Bus Station Road, Bhuj | VenueConnect",/bhuj/bus-station-road/vendors/mehndi-artists/,"Top Mehndi Artists in Bus Station Road, Bhuj | Hire Near You - VenueConnect","Find the best mehndi artists in Bus Station Road, Bhuj for your event. Browse verified profiles, compare pricing & get WhatsApp leads instantly on VenueConnect.","Top Mehndi Artists in Bus Station Road, Bhuj",mehndi artists in Bus Station Road Bhuj,"mehndi artists near Bus Station Road, mehndi artists Bus Station Road Bhuj, best mehndi artists near Bus Station Road",Transactional (Hyper-local),Medium
Vendor + City Area,"Photographers in Court Road, Bhuj | VenueConnect",/bhuj/court-road/vendors/photographers/,"Top Photographers in Court Road, Bhuj | Hire Near You - VenueConnect","Find the best photographers in Court Road, Bhuj for your event. Browse verified profiles, compare pricing & get WhatsApp leads instantly on VenueConnect.","Top Photographers in Court Road, Bhuj",photographers in Court Road Bhuj,"photographers near Court Road, photographers Court Road Bhuj, best photographers near Court Road",Transactional (Hyper-local),Medium
Vendor + City Area,"Caterers in Court Road, Bhuj | VenueConnect",/bhuj/court-road/vendors/caterers/,"Top Caterers in Court Road, Bhuj | Hire Near You - VenueConnect","Find the best caterers in Court Road, Bhuj for your event. Browse verified profiles, compare pricing & get WhatsApp leads instantly on VenueConnect.","Top Caterers in Court Road, Bhuj",caterers in Court Road Bhuj,"caterers near Court Road, caterers Court Road Bhuj, best caterers near Court Road",Transactional (Hyper-local),Medium
Vendor + City Area,"Decorators in Court Road, Bhuj | VenueConnect",/bhuj/court-road/vendors/decorators/,"Top Decorators in Court Road, Bhuj | Hire Near You - VenueConnect","Find the best decorators in Court Road, Bhuj for your event. Browse verified profiles, compare pricing & get WhatsApp leads instantly on VenueConnect.","Top Decorators in Court Road, Bhuj",decorators in Court Road Bhuj,"decorators near Court Road, decorators Court Road Bhuj, best decorators near Court Road",Transactional (Hyper-local),Medium
Vendor + City Area,"Mehndi Artists in Court Road, Bhuj | VenueConnect",/bhuj/court-road/vendors/mehndi-artists/,"Top Mehndi Artists in Court Road, Bhuj | Hire Near You - VenueConnect","Find the best mehndi artists in Court Road, Bhuj for your event. Browse verified profiles, compare pricing & get WhatsApp leads instantly on VenueConnect.","Top Mehndi Artists in Court Road, Bhuj",mehndi artists in Court Road Bhuj,"mehndi artists near Court Road, mehndi artists Court Road Bhuj, best mehndi artists near Court Road",Transactional (Hyper-local),Medium
Vendor + City Area,"Photographers in Dholavira Road, Bhuj | VenueConnect",/bhuj/dholavira-road/vendors/photographers/,"Top Photographers in Dholavira Road, Bhuj | Hire Near You - VenueConnect","Find the best photographers in Dholavira Road, Bhuj for your event. Browse verified profiles, compare pricing & get WhatsApp leads instantly on VenueConnect.","Top Photographers in Dholavira Road, Bhuj",photographers in Dholavira Road Bhuj,"photographers near Dholavira Road, photographers Dholavira Road Bhuj, best photographers near Dholavira Road",Transactional (Hyper-local),Medium
Vendor + City Area,"Caterers in Dholavira Road, Bhuj | VenueConnect",/bhuj/dholavira-road/vendors/caterers/,"Top Caterers in Dholavira Road, Bhuj | Hire Near You - VenueConnect","Find the best caterers in Dholavira Road, Bhuj for your event. Browse verified profiles, compare pricing & get WhatsApp leads instantly on VenueConnect.","Top Caterers in Dholavira Road, Bhuj",caterers in Dholavira Road Bhuj,"caterers near Dholavira Road, caterers Dholavira Road Bhuj, best caterers near Dholavira Road",Transactional (Hyper-local),Medium
Vendor + City Area,"Decorators in Dholavira Road, Bhuj | VenueConnect",/bhuj/dholavira-road/vendors/decorators/,"Top Decorators in Dholavira Road, Bhuj | Hire Near You - VenueConnect","Find the best decorators in Dholavira Road, Bhuj for your event. Browse verified profiles, compare pricing & get WhatsApp leads instantly on VenueConnect.","Top Decorators in Dholavira Road, Bhuj",decorators in Dholavira Road Bhuj,"decorators near Dholavira Road, decorators Dholavira Road Bhuj, best decorators near Dholavira Road",Transactional (Hyper-local),Medium
Vendor + City Area,"Mehndi Artists in Dholavira Road, Bhuj | VenueConnect",/bhuj/dholavira-road/vendors/mehndi-artists/,"Top Mehndi Artists in Dholavira Road, Bhuj | Hire Near You - VenueConnect","Find the best mehndi artists in Dholavira Road, Bhuj for your event. Browse verified profiles, compare pricing & get WhatsApp leads instantly on VenueConnect.","Top Mehndi Artists in Dholavira Road, Bhuj",mehndi artists in Dholavira Road Bhuj,"mehndi artists near Dholavira Road, mehndi artists Dholavira Road Bhuj, best mehndi artists near Dholavira Road",Transactional (Hyper-local),Medium
Vendor + City Area,"Photographers in Fort Road, Bhuj | VenueConnect",/bhuj/fort-road/vendors/photographers/,"Top Photographers in Fort Road, Bhuj | Hire Near You - VenueConnect","Find the best photographers in Fort Road, Bhuj for your event. Browse verified profiles, compare pricing & get WhatsApp leads instantly on VenueConnect.","Top Photographers in Fort Road, Bhuj",photographers in Fort Road Bhuj,"photographers near Fort Road, photographers Fort Road Bhuj, best photographers near Fort Road",Transactional (Hyper-local),Medium
Vendor + City Area,"Caterers in Fort Road, Bhuj | VenueConnect",/bhuj/fort-road/vendors/caterers/,"Top Caterers in Fort Road, Bhuj | Hire Near You - VenueConnect","Find the best caterers in Fort Road, Bhuj for your event. Browse verified profiles, compare pricing & get WhatsApp leads instantly on VenueConnect.","Top Caterers in Fort Road, Bhuj",caterers in Fort Road Bhuj,"caterers near Fort Road, caterers Fort Road Bhuj, best caterers near Fort Road",Transactional (Hyper-local),Medium
Vendor + City Area,"Decorators in Fort Road, Bhuj | VenueConnect",/bhuj/fort-road/vendors/decorators/,"Top Decorators in Fort Road, Bhuj | Hire Near You - VenueConnect","Find the best decorators in Fort Road, Bhuj for your event. Browse verified profiles, compare pricing & get WhatsApp leads instantly on VenueConnect.","Top Decorators in Fort Road, Bhuj",decorators in Fort Road Bhuj,"decorators near Fort Road, decorators Fort Road Bhuj, best decorators near Fort Road",Transactional (Hyper-local),Medium
Vendor + City Area,"Mehndi Artists in Fort Road, Bhuj | VenueConnect",/bhuj/fort-road/vendors/mehndi-artists/,"Top Mehndi Artists in Fort Road, Bhuj | Hire Near You - VenueConnect","Find the best mehndi artists in Fort Road, Bhuj for your event. Browse verified profiles, compare pricing & get WhatsApp leads instantly on VenueConnect.","Top Mehndi Artists in Fort Road, Bhuj",mehndi artists in Fort Road Bhuj,"mehndi artists near Fort Road, mehndi artists Fort Road Bhuj, best mehndi artists near Fort Road",Transactional (Hyper-local),Medium
Vendor + City Area,"Photographers in Gandhi Chowk, Bhuj | VenueConnect",/bhuj/gandhi-chowk/vendors/photographers/,"Top Photographers in Gandhi Chowk, Bhuj | Hire Near You - VenueConnect","Find the best photographers in Gandhi Chowk, Bhuj for your event. Browse verified profiles, compare pricing & get WhatsApp leads instantly on VenueConnect.","Top Photographers in Gandhi Chowk, Bhuj",photographers in Gandhi Chowk Bhuj,"photographers near Gandhi Chowk, photographers Gandhi Chowk Bhuj, best photographers near Gandhi Chowk",Transactional (Hyper-local),Medium
Vendor + City Area,"Caterers in Gandhi Chowk, Bhuj | VenueConnect",/bhuj/gandhi-chowk/vendors/caterers/,"Top Caterers in Gandhi Chowk, Bhuj | Hire Near You - VenueConnect","Find the best caterers in Gandhi Chowk, Bhuj for your event. Browse verified profiles, compare pricing & get WhatsApp leads instantly on VenueConnect.","Top Caterers in Gandhi Chowk, Bhuj",caterers in Gandhi Chowk Bhuj,"caterers near Gandhi Chowk, caterers Gandhi Chowk Bhuj, best caterers near Gandhi Chowk",Transactional (Hyper-local),Medium
Vendor + City Area,"Decorators in Gandhi Chowk, Bhuj | VenueConnect",/bhuj/gandhi-chowk/vendors/decorators/,"Top Decorators in Gandhi Chowk, Bhuj | Hire Near You - VenueConnect","Find the best decorators in Gandhi Chowk, Bhuj for your event. Browse verified profiles, compare pricing & get WhatsApp leads instantly on VenueConnect.","Top Decorators in Gandhi Chowk, Bhuj",decorators in Gandhi Chowk Bhuj,"decorators near Gandhi Chowk, decorators Gandhi Chowk Bhuj, best decorators near Gandhi Chowk",Transactional (Hyper-local),Medium
Vendor + City Area,"Mehndi Artists in Gandhi Chowk, Bhuj | VenueConnect",/bhuj/gandhi-chowk/vendors/mehndi-artists/,"Top Mehndi Artists in Gandhi Chowk, Bhuj | Hire Near You - VenueConnect","Find the best mehndi artists in Gandhi Chowk, Bhuj for your event. Browse verified profiles, compare pricing & get WhatsApp leads instantly on VenueConnect.","Top Mehndi Artists in Gandhi Chowk, Bhuj",mehndi artists in Gandhi Chowk Bhuj,"mehndi artists near Gandhi Chowk, mehndi artists Gandhi Chowk Bhuj, best mehndi artists near Gandhi Chowk",Transactional (Hyper-local),Medium
Vendor + City Area,"Photographers in Hamirsar Lake Road, Bhuj | VenueConnect",/bhuj/hamirsar-lake-road/vendors/photographers/,"Top Photographers in Hamirsar Lake Road, Bhuj | Hire Near You - VenueConnect","Find the best photographers in Hamirsar Lake Road, Bhuj for your event. Browse verified profiles, compare pricing & get WhatsApp leads instantly on VenueConnect.","Top Photographers in Hamirsar Lake Road, Bhuj",photographers in Hamirsar Lake Road Bhuj,"photographers near Hamirsar Lake Road, photographers Hamirsar Lake Road Bhuj, best photographers near Hamirsar Lake Road",Transactional (Hyper-local),Medium
Vendor + City Area,"Caterers in Hamirsar Lake Road, Bhuj | VenueConnect",/bhuj/hamirsar-lake-road/vendors/caterers/,"Top Caterers in Hamirsar Lake Road, Bhuj | Hire Near You - VenueConnect","Find the best caterers in Hamirsar Lake Road, Bhuj for your event. Browse verified profiles, compare pricing & get WhatsApp leads instantly on VenueConnect.","Top Caterers in Hamirsar Lake Road, Bhuj",caterers in Hamirsar Lake Road Bhuj,"caterers near Hamirsar Lake Road, caterers Hamirsar Lake Road Bhuj, best caterers near Hamirsar Lake Road",Transactional (Hyper-local),Medium
Vendor + City Area,"Decorators in Hamirsar Lake Road, Bhuj | VenueConnect",/bhuj/hamirsar-lake-road/vendors/decorators/,"Top Decorators in Hamirsar Lake Road, Bhuj | Hire Near You - VenueConnect","Find the best decorators in Hamirsar Lake Road, Bhuj for your event. Browse verified profiles, compare pricing & get WhatsApp leads instantly on VenueConnect.","Top Decorators in Hamirsar Lake Road, Bhuj",decorators in Hamirsar Lake Road Bhuj,"decorators near Hamirsar Lake Road, decorators Hamirsar Lake Road Bhuj, best decorators near Hamirsar Lake Road",Transactional (Hyper-local),Medium
Vendor + City Area,"Mehndi Artists in Hamirsar Lake Road, Bhuj | VenueConnect",/bhuj/hamirsar-lake-road/vendors/mehndi-artists/,"Top Mehndi Artists in Hamirsar Lake Road, Bhuj | Hire Near You - VenueConnect","Find the best mehndi artists in Hamirsar Lake Road, Bhuj for your event. Browse verified profiles, compare pricing & get WhatsApp leads instantly on VenueConnect.","Top Mehndi Artists in Hamirsar Lake Road, Bhuj",mehndi artists in Hamirsar Lake Road Bhuj,"mehndi artists near Hamirsar Lake Road, mehndi artists Hamirsar Lake Road Bhuj, best mehndi artists near Hamirsar Lake Road",Transactional (Hyper-local),Medium
Vendor + City Area,"Photographers in Jain Temple Road, Bhuj | VenueConnect",/bhuj/jain-temple-road/vendors/photographers/,"Top Photographers in Jain Temple Road, Bhuj | Hire Near You - VenueConnect","Find the best photographers in Jain Temple Road, Bhuj for your event. Browse verified profiles, compare pricing & get WhatsApp leads instantly on VenueConnect.","Top Photographers in Jain Temple Road, Bhuj",photographers in Jain Temple Road Bhuj,"photographers near Jain Temple Road, photographers Jain Temple Road Bhuj, best photographers near Jain Temple Road",Transactional (Hyper-local),Medium
Vendor + City Area,"Caterers in Jain Temple Road, Bhuj | VenueConnect",/bhuj/jain-temple-road/vendors/caterers/,"Top Caterers in Jain Temple Road, Bhuj | Hire Near You - VenueConnect","Find the best caterers in Jain Temple Road, Bhuj for your event. Browse verified profiles, compare pricing & get WhatsApp leads instantly on VenueConnect.","Top Caterers in Jain Temple Road, Bhuj",caterers in Jain Temple Road Bhuj,"caterers near Jain Temple Road, caterers Jain Temple Road Bhuj, best caterers near Jain Temple Road",Transactional (Hyper-local),Medium
Vendor + City Area,"Decorators in Jain Temple Road, Bhuj | VenueConnect",/bhuj/jain-temple-road/vendors/decorators/,"Top Decorators in Jain Temple Road, Bhuj | Hire Near You - VenueConnect","Find the best decorators in Jain Temple Road, Bhuj for your event. Browse verified profiles, compare pricing & get WhatsApp leads instantly on VenueConnect.","Top Decorators in Jain Temple Road, Bhuj",decorators in Jain Temple Road Bhuj,"decorators near Jain Temple Road, decorators Jain Temple Road Bhuj, best decorators near Jain Temple Road",Transactional (Hyper-local),Medium
Vendor + City Area,"Mehndi Artists in Jain Temple Road, Bhuj | VenueConnect",/bhuj/jain-temple-road/vendors/mehndi-artists/,"Top Mehndi Artists in Jain Temple Road, Bhuj | Hire Near You - VenueConnect","Find the best mehndi artists in Jain Temple Road, Bhuj for your event. Browse verified profiles, compare pricing & get WhatsApp leads instantly on VenueConnect.","Top Mehndi Artists in Jain Temple Road, Bhuj",mehndi artists in Jain Temple Road Bhuj,"mehndi artists near Jain Temple Road, mehndi artists Jain Temple Road Bhuj, best mehndi artists near Jain Temple Road",Transactional (Hyper-local),Medium
Vendor + City Area,"Photographers in Kera Road, Bhuj | VenueConnect",/bhuj/kera-road/vendors/photographers/,"Top Photographers in Kera Road, Bhuj | Hire Near You - VenueConnect","Find the best photographers in Kera Road, Bhuj for your event. Browse verified profiles, compare pricing & get WhatsApp leads instantly on VenueConnect.","Top Photographers in Kera Road, Bhuj",photographers in Kera Road Bhuj,"photographers near Kera Road, photographers Kera Road Bhuj, best photographers near Kera Road",Transactional (Hyper-local),Medium
Vendor + City Area,"Caterers in Kera Road, Bhuj | VenueConnect",/bhuj/kera-road/vendors/caterers/,"Top Caterers in Kera Road, Bhuj | Hire Near You - VenueConnect","Find the best caterers in Kera Road, Bhuj for your event. Browse verified profiles, compare pricing & get WhatsApp leads instantly on VenueConnect.","Top Caterers in Kera Road, Bhuj",caterers in Kera Road Bhuj,"caterers near Kera Road, caterers Kera Road Bhuj, best caterers near Kera Road",Transactional (Hyper-local),Medium
Vendor + City Area,"Decorators in Kera Road, Bhuj | VenueConnect",/bhuj/kera-road/vendors/decorators/,"Top Decorators in Kera Road, Bhuj | Hire Near You - VenueConnect","Find the best decorators in Kera Road, Bhuj for your event. Browse verified profiles, compare pricing & get WhatsApp leads instantly on VenueConnect.","Top Decorators in Kera Road, Bhuj",decorators in Kera Road Bhuj,"decorators near Kera Road, decorators Kera Road Bhuj, best decorators near Kera Road",Transactional (Hyper-local),Medium
Vendor + City Area,"Mehndi Artists in Kera Road, Bhuj | VenueConnect",/bhuj/kera-road/vendors/mehndi-artists/,"Top Mehndi Artists in Kera Road, Bhuj | Hire Near You - VenueConnect","Find the best mehndi artists in Kera Road, Bhuj for your event. Browse verified profiles, compare pricing & get WhatsApp leads instantly on VenueConnect.","Top Mehndi Artists in Kera Road, Bhuj",mehndi artists in Kera Road Bhuj,"mehndi artists near Kera Road, mehndi artists Kera Road Bhuj, best mehndi artists near Kera Road",Transactional (Hyper-local),Medium
Vendor + City Area,"Photographers in Kundraudi, Bhuj | VenueConnect",/bhuj/kundraudi/vendors/photographers/,"Top Photographers in Kundraudi, Bhuj | Hire Near You - VenueConnect","Find the best photographers in Kundraudi, Bhuj for your event. Browse verified profiles, compare pricing & get WhatsApp leads instantly on VenueConnect.","Top Photographers in Kundraudi, Bhuj",photographers in Kundraudi Bhuj,"photographers near Kundraudi, photographers Kundraudi Bhuj, best photographers near Kundraudi",Transactional (Hyper-local),Medium
Vendor + City Area,"Caterers in Kundraudi, Bhuj | VenueConnect",/bhuj/kundraudi/vendors/caterers/,"Top Caterers in Kundraudi, Bhuj | Hire Near You - VenueConnect","Find the best caterers in Kundraudi, Bhuj for your event. Browse verified profiles, compare pricing & get WhatsApp leads instantly on VenueConnect.","Top Caterers in Kundraudi, Bhuj",caterers in Kundraudi Bhuj,"caterers near Kundraudi, caterers Kundraudi Bhuj, best caterers near Kundraudi",Transactional (Hyper-local),Medium
Vendor + City Area,"Decorators in Kundraudi, Bhuj | VenueConnect",/bhuj/kundraudi/vendors/decorators/,"Top Decorators in Kundraudi, Bhuj | Hire Near You - VenueConnect","Find the best decorators in Kundraudi, Bhuj for your event. Browse verified profiles, compare pricing & get WhatsApp leads instantly on VenueConnect.","Top Decorators in Kundraudi, Bhuj",decorators in Kundraudi Bhuj,"decorators near Kundraudi, decorators Kundraudi Bhuj, best decorators near Kundraudi",Transactional (Hyper-local),Medium
Vendor + City Area,"Mehndi Artists in Kundraudi, Bhuj | VenueConnect",/bhuj/kundraudi/vendors/mehndi-artists/,"Top Mehndi Artists in Kundraudi, Bhuj | Hire Near You - VenueConnect","Find the best mehndi artists in Kundraudi, Bhuj for your event. Browse verified profiles, compare pricing & get WhatsApp leads instantly on VenueConnect.","Top Mehndi Artists in Kundraudi, Bhuj",mehndi artists in Kundraudi Bhuj,"mehndi artists near Kundraudi, mehndi artists Kundraudi Bhuj, best mehndi artists near Kundraudi",Transactional (Hyper-local),Medium
Vendor + City Area,"Photographers in Madhapar, Bhuj | VenueConnect",/bhuj/madhapar/vendors/photographers/,"Top Photographers in Madhapar, Bhuj | Hire Near You - VenueConnect","Find the best photographers in Madhapar, Bhuj for your event. Browse verified profiles, compare pricing & get WhatsApp leads instantly on VenueConnect.","Top Photographers in Madhapar, Bhuj",photographers in Madhapar Bhuj,"photographers near Madhapar, photographers Madhapar Bhuj, best photographers near Madhapar",Transactional (Hyper-local),Medium
Vendor + City Area,"Caterers in Madhapar, Bhuj | VenueConnect",/bhuj/madhapar/vendors/caterers/,"Top Caterers in Madhapar, Bhuj | Hire Near You - VenueConnect","Find the best caterers in Madhapar, Bhuj for your event. Browse verified profiles, compare pricing & get WhatsApp leads instantly on VenueConnect.","Top Caterers in Madhapar, Bhuj",caterers in Madhapar Bhuj,"caterers near Madhapar, caterers Madhapar Bhuj, best caterers near Madhapar",Transactional (Hyper-local),Medium
Vendor + City Area,"Decorators in Madhapar, Bhuj | VenueConnect",/bhuj/madhapar/vendors/decorators/,"Top Decorators in Madhapar, Bhuj | Hire Near You - VenueConnect","Find the best decorators in Madhapar, Bhuj for your event. Browse verified profiles, compare pricing & get WhatsApp leads instantly on VenueConnect.","Top Decorators in Madhapar, Bhuj",decorators in Madhapar Bhuj,"decorators near Madhapar, decorators Madhapar Bhuj, best decorators near Madhapar",Transactional (Hyper-local),Medium
Vendor + City Area,"Mehndi Artists in Madhapar, Bhuj | VenueConnect",/bhuj/madhapar/vendors/mehndi-artists/,"Top Mehndi Artists in Madhapar, Bhuj | Hire Near You - VenueConnect","Find the best mehndi artists in Madhapar, Bhuj for your event. Browse verified profiles, compare pricing & get WhatsApp leads instantly on VenueConnect.","Top Mehndi Artists in Madhapar, Bhuj",mehndi artists in Madhapar Bhuj,"mehndi artists near Madhapar, mehndi artists Madhapar Bhuj, best mehndi artists near Madhapar",Transactional (Hyper-local),Medium
Vendor + City Area,"Photographers in Mandvi Road, Bhuj | VenueConnect",/bhuj/mandvi-road/vendors/photographers/,"Top Photographers in Mandvi Road, Bhuj | Hire Near You - VenueConnect","Find the best photographers in Mandvi Road, Bhuj for your event. Browse verified profiles, compare pricing & get WhatsApp leads instantly on VenueConnect.","Top Photographers in Mandvi Road, Bhuj",photographers in Mandvi Road Bhuj,"photographers near Mandvi Road, photographers Mandvi Road Bhuj, best photographers near Mandvi Road",Transactional (Hyper-local),Medium
Vendor + City Area,"Caterers in Mandvi Road, Bhuj | VenueConnect",/bhuj/mandvi-road/vendors/caterers/,"Top Caterers in Mandvi Road, Bhuj | Hire Near You - VenueConnect","Find the best caterers in Mandvi Road, Bhuj for your event. Browse verified profiles, compare pricing & get WhatsApp leads instantly on VenueConnect.","Top Caterers in Mandvi Road, Bhuj",caterers in Mandvi Road Bhuj,"caterers near Mandvi Road, caterers Mandvi Road Bhuj, best caterers near Mandvi Road",Transactional (Hyper-local),Medium
Vendor + City Area,"Decorators in Mandvi Road, Bhuj | VenueConnect",/bhuj/mandvi-road/vendors/decorators/,"Top Decorators in Mandvi Road, Bhuj | Hire Near You - VenueConnect","Find the best decorators in Mandvi Road, Bhuj for your event. Browse verified profiles, compare pricing & get WhatsApp leads instantly on VenueConnect.","Top Decorators in Mandvi Road, Bhuj",decorators in Mandvi Road Bhuj,"decorators near Mandvi Road, decorators Mandvi Road Bhuj, best decorators near Mandvi Road",Transactional (Hyper-local),Medium
Vendor + City Area,"Mehndi Artists in Mandvi Road, Bhuj | VenueConnect",/bhuj/mandvi-road/vendors/mehndi-artists/,"Top Mehndi Artists in Mandvi Road, Bhuj | Hire Near You - VenueConnect","Find the best mehndi artists in Mandvi Road, Bhuj for your event. Browse verified profiles, compare pricing & get WhatsApp leads instantly on VenueConnect.","Top Mehndi Artists in Mandvi Road, Bhuj",mehndi artists in Mandvi Road Bhuj,"mehndi artists near Mandvi Road, mehndi artists Mandvi Road Bhuj, best mehndi artists near Mandvi Road",Transactional (Hyper-local),Medium
Vendor + City Area,"Photographers in Nakhatrana Road, Bhuj | VenueConnect",/bhuj/nakhatrana-road/vendors/photographers/,"Top Photographers in Nakhatrana Road, Bhuj | Hire Near You - VenueConnect","Find the best photographers in Nakhatrana Road, Bhuj for your event. Browse verified profiles, compare pricing & get WhatsApp leads instantly on VenueConnect.","Top Photographers in Nakhatrana Road, Bhuj",photographers in Nakhatrana Road Bhuj,"photographers near Nakhatrana Road, photographers Nakhatrana Road Bhuj, best photographers near Nakhatrana Road",Transactional (Hyper-local),Medium
Vendor + City Area,"Caterers in Nakhatrana Road, Bhuj | VenueConnect",/bhuj/nakhatrana-road/vendors/caterers/,"Top Caterers in Nakhatrana Road, Bhuj | Hire Near You - VenueConnect","Find the best caterers in Nakhatrana Road, Bhuj for your event. Browse verified profiles, compare pricing & get WhatsApp leads instantly on VenueConnect.","Top Caterers in Nakhatrana Road, Bhuj",caterers in Nakhatrana Road Bhuj,"caterers near Nakhatrana Road, caterers Nakhatrana Road Bhuj, best caterers near Nakhatrana Road",Transactional (Hyper-local),Medium
Vendor + City Area,"Decorators in Nakhatrana Road, Bhuj | VenueConnect",/bhuj/nakhatrana-road/vendors/decorators/,"Top Decorators in Nakhatrana Road, Bhuj | Hire Near You - VenueConnect","Find the best decorators in Nakhatrana Road, Bhuj for your event. Browse verified profiles, compare pricing & get WhatsApp leads instantly on VenueConnect.","Top Decorators in Nakhatrana Road, Bhuj",decorators in Nakhatrana Road Bhuj,"decorators near Nakhatrana Road, decorators Nakhatrana Road Bhuj, best decorators near Nakhatrana Road",Transactional (Hyper-local),Medium
Vendor + City Area,"Mehndi Artists in Nakhatrana Road, Bhuj | VenueConnect",/bhuj/nakhatrana-road/vendors/mehndi-artists/,"Top Mehndi Artists in Nakhatrana Road, Bhuj | Hire Near You - VenueConnect","Find the best mehndi artists in Nakhatrana Road, Bhuj for your event. Browse verified profiles, compare pricing & get WhatsApp leads instantly on VenueConnect.","Top Mehndi Artists in Nakhatrana Road, Bhuj",mehndi artists in Nakhatrana Road Bhuj,"mehndi artists near Nakhatrana Road, mehndi artists Nakhatrana Road Bhuj, best mehndi artists near Nakhatrana Road",Transactional (Hyper-local),Medium
Vendor + City Area,"Photographers in New Bhuj, Bhuj | VenueConnect",/bhuj/new-bhuj/vendors/photographers/,"Top Photographers in New Bhuj, Bhuj | Hire Near You - VenueConnect","Find the best photographers in New Bhuj, Bhuj for your event. Browse verified profiles, compare pricing & get WhatsApp leads instantly on VenueConnect.","Top Photographers in New Bhuj, Bhuj",photographers in New Bhuj Bhuj,"photographers near New Bhuj, photographers New Bhuj Bhuj, best photographers near New Bhuj",Transactional (Hyper-local),Medium
Vendor + City Area,"Caterers in New Bhuj, Bhuj | VenueConnect",/bhuj/new-bhuj/vendors/caterers/,"Top Caterers in New Bhuj, Bhuj | Hire Near You - VenueConnect","Find the best caterers in New Bhuj, Bhuj for your event. Browse verified profiles, compare pricing & get WhatsApp leads instantly on VenueConnect.","Top Caterers in New Bhuj, Bhuj",caterers in New Bhuj Bhuj,"caterers near New Bhuj, caterers New Bhuj Bhuj, best caterers near New Bhuj",Transactional (Hyper-local),Medium
Vendor + City Area,"Decorators in New Bhuj, Bhuj | VenueConnect",/bhuj/new-bhuj/vendors/decorators/,"Top Decorators in New Bhuj, Bhuj | Hire Near You - VenueConnect","Find the best decorators in New Bhuj, Bhuj for your event. Browse verified profiles, compare pricing & get WhatsApp leads instantly on VenueConnect.","Top Decorators in New Bhuj, Bhuj",decorators in New Bhuj Bhuj,"decorators near New Bhuj, decorators New Bhuj Bhuj, best decorators near New Bhuj",Transactional (Hyper-local),Medium
Vendor + City Area,"Mehndi Artists in New Bhuj, Bhuj | VenueConnect",/bhuj/new-bhuj/vendors/mehndi-artists/,"Top Mehndi Artists in New Bhuj, Bhuj | Hire Near You - VenueConnect","Find the best mehndi artists in New Bhuj, Bhuj for your event. Browse verified profiles, compare pricing & get WhatsApp leads instantly on VenueConnect.","Top Mehndi Artists in New Bhuj, Bhuj",mehndi artists in New Bhuj Bhuj,"mehndi artists near New Bhuj, mehndi artists New Bhuj Bhuj, best mehndi artists near New Bhuj",Transactional (Hyper-local),Medium
Vendor + City Area,"Photographers in Old Bhuj, Bhuj | VenueConnect",/bhuj/old-bhuj/vendors/photographers/,"Top Photographers in Old Bhuj, Bhuj | Hire Near You - VenueConnect","Find the best photographers in Old Bhuj, Bhuj for your event. Browse verified profiles, compare pricing & get WhatsApp leads instantly on VenueConnect.","Top Photographers in Old Bhuj, Bhuj",photographers in Old Bhuj Bhuj,"photographers near Old Bhuj, photographers Old Bhuj Bhuj, best photographers near Old Bhuj",Transactional (Hyper-local),Medium
Vendor + City Area,"Caterers in Old Bhuj, Bhuj | VenueConnect",/bhuj/old-bhuj/vendors/caterers/,"Top Caterers in Old Bhuj, Bhuj | Hire Near You - VenueConnect","Find the best caterers in Old Bhuj, Bhuj for your event. Browse verified profiles, compare pricing & get WhatsApp leads instantly on VenueConnect.","Top Caterers in Old Bhuj, Bhuj",caterers in Old Bhuj Bhuj,"caterers near Old Bhuj, caterers Old Bhuj Bhuj, best caterers near Old Bhuj",Transactional (Hyper-local),Medium
Vendor + City Area,"Decorators in Old Bhuj, Bhuj | VenueConnect",/bhuj/old-bhuj/vendors/decorators/,"Top Decorators in Old Bhuj, Bhuj | Hire Near You - VenueConnect","Find the best decorators in Old Bhuj, Bhuj for your event. Browse verified profiles, compare pricing & get WhatsApp leads instantly on VenueConnect.","Top Decorators in Old Bhuj, Bhuj",decorators in Old Bhuj Bhuj,"decorators near Old Bhuj, decorators Old Bhuj Bhuj, best decorators near Old Bhuj",Transactional (Hyper-local),Medium
Vendor + City Area,"Mehndi Artists in Old Bhuj, Bhuj | VenueConnect",/bhuj/old-bhuj/vendors/mehndi-artists/,"Top Mehndi Artists in Old Bhuj, Bhuj | Hire Near You - VenueConnect","Find the best mehndi artists in Old Bhuj, Bhuj for your event. Browse verified profiles, compare pricing & get WhatsApp leads instantly on VenueConnect.","Top Mehndi Artists in Old Bhuj, Bhuj",mehndi artists in Old Bhuj Bhuj,"mehndi artists near Old Bhuj, mehndi artists Old Bhuj Bhuj, best mehndi artists near Old Bhuj",Transactional (Hyper-local),Medium
Vendor + City Area,"Photographers in Pragmahal Road, Bhuj | VenueConnect",/bhuj/pragmahal-road/vendors/photographers/,"Top Photographers in Pragmahal Road, Bhuj | Hire Near You - VenueConnect","Find the best photographers in Pragmahal Road, Bhuj for your event. Browse verified profiles, compare pricing & get WhatsApp leads instantly on VenueConnect.","Top Photographers in Pragmahal Road, Bhuj",photographers in Pragmahal Road Bhuj,"photographers near Pragmahal Road, photographers Pragmahal Road Bhuj, best photographers near Pragmahal Road",Transactional (Hyper-local),Medium
Vendor + City Area,"Caterers in Pragmahal Road, Bhuj | VenueConnect",/bhuj/pragmahal-road/vendors/caterers/,"Top Caterers in Pragmahal Road, Bhuj | Hire Near You - VenueConnect","Find the best caterers in Pragmahal Road, Bhuj for your event. Browse verified profiles, compare pricing & get WhatsApp leads instantly on VenueConnect.","Top Caterers in Pragmahal Road, Bhuj",caterers in Pragmahal Road Bhuj,"caterers near Pragmahal Road, caterers Pragmahal Road Bhuj, best caterers near Pragmahal Road",Transactional (Hyper-local),Medium
Vendor + City Area,"Decorators in Pragmahal Road, Bhuj | VenueConnect",/bhuj/pragmahal-road/vendors/decorators/,"Top Decorators in Pragmahal Road, Bhuj | Hire Near You - VenueConnect","Find the best decorators in Pragmahal Road, Bhuj for your event. Browse verified profiles, compare pricing & get WhatsApp leads instantly on VenueConnect.","Top Decorators in Pragmahal Road, Bhuj",decorators in Pragmahal Road Bhuj,"decorators near Pragmahal Road, decorators Pragmahal Road Bhuj, best decorators near Pragmahal Road",Transactional (Hyper-local),Medium
Vendor + City Area,"Mehndi Artists in Pragmahal Road, Bhuj | VenueConnect",/bhuj/pragmahal-road/vendors/mehndi-artists/,"Top Mehndi Artists in Pragmahal Road, Bhuj | Hire Near You - VenueConnect","Find the best mehndi artists in Pragmahal Road, Bhuj for your event. Browse verified profiles, compare pricing & get WhatsApp leads instantly on VenueConnect.","Top Mehndi Artists in Pragmahal Road, Bhuj",mehndi artists in Pragmahal Road Bhuj,"mehndi artists near Pragmahal Road, mehndi artists Pragmahal Road Bhuj, best mehndi artists near Pragmahal Road",Transactional (Hyper-local),Medium
Vendor + City Area,"Photographers in Rudramata, Bhuj | VenueConnect",/bhuj/rudramata/vendors/photographers/,"Top Photographers in Rudramata, Bhuj | Hire Near You - VenueConnect","Find the best photographers in Rudramata, Bhuj for your event. Browse verified profiles, compare pricing & get WhatsApp leads instantly on VenueConnect.","Top Photographers in Rudramata, Bhuj",photographers in Rudramata Bhuj,"photographers near Rudramata, photographers Rudramata Bhuj, best photographers near Rudramata",Transactional (Hyper-local),Medium
Vendor + City Area,"Caterers in Rudramata, Bhuj | VenueConnect",/bhuj/rudramata/vendors/caterers/,"Top Caterers in Rudramata, Bhuj | Hire Near You - VenueConnect","Find the best caterers in Rudramata, Bhuj for your event. Browse verified profiles, compare pricing & get WhatsApp leads instantly on VenueConnect.","Top Caterers in Rudramata, Bhuj",caterers in Rudramata Bhuj,"caterers near Rudramata, caterers Rudramata Bhuj, best caterers near Rudramata",Transactional (Hyper-local),Medium
Vendor + City Area,"Decorators in Rudramata, Bhuj | VenueConnect",/bhuj/rudramata/vendors/decorators/,"Top Decorators in Rudramata, Bhuj | Hire Near You - VenueConnect","Find the best decorators in Rudramata, Bhuj for your event. Browse verified profiles, compare pricing & get WhatsApp leads instantly on VenueConnect.","Top Decorators in Rudramata, Bhuj",decorators in Rudramata Bhuj,"decorators near Rudramata, decorators Rudramata Bhuj, best decorators near Rudramata",Transactional (Hyper-local),Medium
Vendor + City Area,"Mehndi Artists in Rudramata, Bhuj | VenueConnect",/bhuj/rudramata/vendors/mehndi-artists/,"Top Mehndi Artists in Rudramata, Bhuj | Hire Near You - VenueConnect","Find the best mehndi artists in Rudramata, Bhuj for your event. Browse verified profiles, compare pricing & get WhatsApp leads instantly on VenueConnect.","Top Mehndi Artists in Rudramata, Bhuj",mehndi artists in Rudramata Bhuj,"mehndi artists near Rudramata, mehndi artists Rudramata Bhuj, best mehndi artists near Rudramata",Transactional (Hyper-local),Medium
Vendor + City Area,"Photographers in Shyamji Krishna Varma Road, Bhuj | VenueConnect",/bhuj/shyamji-krishna-varma-road/vendors/photographers/,"Top Photographers in Shyamji Krishna Varma Road, Bhuj | Hire Near You - VenueConnect","Find the best photographers in Shyamji Krishna Varma Road, Bhuj for your event. Browse verified profiles, compare pricing & get WhatsApp leads instantly on VenueConnect.","Top Photographers in Shyamji Krishna Varma Road, Bhuj",photographers in Shyamji Krishna Varma Road Bhuj,"photographers near Shyamji Krishna Varma Road, photographers Shyamji Krishna Varma Road Bhuj, best photographers near Shyamji Krishna Varma Road",Transactional (Hyper-local),Medium
Vendor + City Area,"Caterers in Shyamji Krishna Varma Road, Bhuj | VenueConnect",/bhuj/shyamji-krishna-varma-road/vendors/caterers/,"Top Caterers in Shyamji Krishna Varma Road, Bhuj | Hire Near You - VenueConnect","Find the best caterers in Shyamji Krishna Varma Road, Bhuj for your event. Browse verified profiles, compare pricing & get WhatsApp leads instantly on VenueConnect.","Top Caterers in Shyamji Krishna Varma Road, Bhuj",caterers in Shyamji Krishna Varma Road Bhuj,"caterers near Shyamji Krishna Varma Road, caterers Shyamji Krishna Varma Road Bhuj, best caterers near Shyamji Krishna Varma Road",Transactional (Hyper-local),Medium
Vendor + City Area,"Decorators in Shyamji Krishna Varma Road, Bhuj | VenueConnect",/bhuj/shyamji-krishna-varma-road/vendors/decorators/,"Top Decorators in Shyamji Krishna Varma Road, Bhuj | Hire Near You - VenueConnect","Find the best decorators in Shyamji Krishna Varma Road, Bhuj for your event. Browse verified profiles, compare pricing & get WhatsApp leads instantly on VenueConnect.","Top Decorators in Shyamji Krishna Varma Road, Bhuj",decorators in Shyamji Krishna Varma Road Bhuj,"decorators near Shyamji Krishna Varma Road, decorators Shyamji Krishna Varma Road Bhuj, best decorators near Shyamji Krishna Varma Road",Transactional (Hyper-local),Medium
Vendor + City Area,"Mehndi Artists in Shyamji Krishna Varma Road, Bhuj | VenueConnect",/bhuj/shyamji-krishna-varma-road/vendors/mehndi-artists/,"Top Mehndi Artists in Shyamji Krishna Varma Road, Bhuj | Hire Near You - VenueConnect","Find the best mehndi artists in Shyamji Krishna Varma Road, Bhuj for your event. Browse verified profiles, compare pricing & get WhatsApp leads instantly on VenueConnect.","Top Mehndi Artists in Shyamji Krishna Varma Road, Bhuj",mehndi artists in Shyamji Krishna Varma Road Bhuj,"mehndi artists near Shyamji Krishna Varma Road, mehndi artists Shyamji Krishna Varma Road Bhuj, best mehndi artists near Shyamji Krishna Varma Road",Transactional (Hyper-local),Medium
Vendor + City Area,"Photographers in Swaminarayan Temple Road, Bhuj | VenueConnect",/bhuj/swaminarayan-temple-road/vendors/photographers/,"Top Photographers in Swaminarayan Temple Road, Bhuj | Hire Near You - VenueConnect","Find the best photographers in Swaminarayan Temple Road, Bhuj for your event. Browse verified profiles, compare pricing & get WhatsApp leads instantly on VenueConnect.","Top Photographers in Swaminarayan Temple Road, Bhuj",photographers in Swaminarayan Temple Road Bhuj,"photographers near Swaminarayan Temple Road, photographers Swaminarayan Temple Road Bhuj, best photographers near Swaminarayan Temple Road",Transactional (Hyper-local),Medium
Vendor + City Area,"Caterers in Swaminarayan Temple Road, Bhuj | VenueConnect",/bhuj/swaminarayan-temple-road/vendors/caterers/,"Top Caterers in Swaminarayan Temple Road, Bhuj | Hire Near You - VenueConnect","Find the best caterers in Swaminarayan Temple Road, Bhuj for your event. Browse verified profiles, compare pricing & get WhatsApp leads instantly on VenueConnect.","Top Caterers in Swaminarayan Temple Road, Bhuj",caterers in Swaminarayan Temple Road Bhuj,"caterers near Swaminarayan Temple Road, caterers Swaminarayan Temple Road Bhuj, best caterers near Swaminarayan Temple Road",Transactional (Hyper-local),Medium
Vendor + City Area,"Decorators in Swaminarayan Temple Road, Bhuj | VenueConnect",/bhuj/swaminarayan-temple-road/vendors/decorators/,"Top Decorators in Swaminarayan Temple Road, Bhuj | Hire Near You - VenueConnect","Find the best decorators in Swaminarayan Temple Road, Bhuj for your event. Browse verified profiles, compare pricing & get WhatsApp leads instantly on VenueConnect.","Top Decorators in Swaminarayan Temple Road, Bhuj",decorators in Swaminarayan Temple Road Bhuj,"decorators near Swaminarayan Temple Road, decorators Swaminarayan Temple Road Bhuj, best decorators near Swaminarayan Temple Road",Transactional (Hyper-local),Medium
Vendor + City Area,"Mehndi Artists in Swaminarayan Temple Road, Bhuj | VenueConnect",/bhuj/swaminarayan-temple-road/vendors/mehndi-artists/,"Top Mehndi Artists in Swaminarayan Temple Road, Bhuj | Hire Near You - VenueConnect","Find the best mehndi artists in Swaminarayan Temple Road, Bhuj for your event. Browse verified profiles, compare pricing & get WhatsApp leads instantly on VenueConnect.","Top Mehndi Artists in Swaminarayan Temple Road, Bhuj",mehndi artists in Swaminarayan Temple Road Bhuj,"mehndi artists near Swaminarayan Temple Road, mehndi artists Swaminarayan Temple Road Bhuj, best mehndi artists near Swaminarayan Temple Road",Transactional (Hyper-local),Medium
  VENUE TYPE + CITY AREA PAGES (Hyper-local),,,,,,,,,
Page Type,Page Title,URL Slug,Meta Title,Meta Description,H1 Tag,Target Keyword,Secondary Keywords,Search Intent,Priority
Venue + City Area,"Banquet Halls in Station Road, Bhuj | VenueConnect",/bhuj/station-road/banquet-halls/,"Best Banquet Halls in Station Road, Bhuj | Compare Near You - VenueConnect","Looking for banquet halls in Station Road, Bhuj? Browse verified listings with pricing, capacity & photos. Book the perfect venue near Station Road on VenueConnect.","Best Banquet Halls in Station Road, Bhuj",banquet halls in Station Road Bhuj,"banquet halls near Station Road, banquet halls Station Road Bhuj, affordable banquet halls near Station Road",Transactional (Hyper-local),High
Venue + City Area,"Farmhouses in Station Road, Bhuj | VenueConnect",/bhuj/station-road/farmhouses/,"Best Farmhouses in Station Road, Bhuj | Compare Near You - VenueConnect","Looking for farmhouses in Station Road, Bhuj? Browse verified listings with pricing, capacity & photos. Book the perfect venue near Station Road on VenueConnect.","Best Farmhouses in Station Road, Bhuj",farmhouses in Station Road Bhuj,"farmhouses near Station Road, farmhouses Station Road Bhuj, affordable farmhouses near Station Road",Transactional (Hyper-local),High
Venue + City Area,"Party Plots in Station Road, Bhuj | VenueConnect",/bhuj/station-road/party-plots/,"Best Party Plots in Station Road, Bhuj | Compare Near You - VenueConnect","Looking for party plots in Station Road, Bhuj? Browse verified listings with pricing, capacity & photos. Book the perfect venue near Station Road on VenueConnect.","Best Party Plots in Station Road, Bhuj",party plots in Station Road Bhuj,"party plots near Station Road, party plots Station Road Bhuj, affordable party plots near Station Road",Transactional (Hyper-local),High
Venue + City Area,"Banquet Halls in Mirzapar Road, Bhuj | VenueConnect",/bhuj/mirzapar-road/banquet-halls/,"Best Banquet Halls in Mirzapar Road, Bhuj | Compare Near You - VenueConnect","Looking for banquet halls in Mirzapar Road, Bhuj? Browse verified listings with pricing, capacity & photos. Book the perfect venue near Mirzapar Road on VenueConnect.","Best Banquet Halls in Mirzapar Road, Bhuj",banquet halls in Mirzapar Road Bhuj,"banquet halls near Mirzapar Road, banquet halls Mirzapar Road Bhuj, affordable banquet halls near Mirzapar Road",Transactional (Hyper-local),High
Venue + City Area,"Farmhouses in Mirzapar Road, Bhuj | VenueConnect",/bhuj/mirzapar-road/farmhouses/,"Best Farmhouses in Mirzapar Road, Bhuj | Compare Near You - VenueConnect","Looking for farmhouses in Mirzapar Road, Bhuj? Browse verified listings with pricing, capacity & photos. Book the perfect venue near Mirzapar Road on VenueConnect.","Best Farmhouses in Mirzapar Road, Bhuj",farmhouses in Mirzapar Road Bhuj,"farmhouses near Mirzapar Road, farmhouses Mirzapar Road Bhuj, affordable farmhouses near Mirzapar Road",Transactional (Hyper-local),High
Venue + City Area,"Party Plots in Mirzapar Road, Bhuj | VenueConnect",/bhuj/mirzapar-road/party-plots/,"Best Party Plots in Mirzapar Road, Bhuj | Compare Near You - VenueConnect","Looking for party plots in Mirzapar Road, Bhuj? Browse verified listings with pricing, capacity & photos. Book the perfect venue near Mirzapar Road on VenueConnect.","Best Party Plots in Mirzapar Road, Bhuj",party plots in Mirzapar Road Bhuj,"party plots near Mirzapar Road, party plots Mirzapar Road Bhuj, affordable party plots near Mirzapar Road",Transactional (Hyper-local),High
Venue + City Area,"Banquet Halls in Bhachau Road, Bhuj | VenueConnect",/bhuj/bhachau-road/banquet-halls/,"Best Banquet Halls in Bhachau Road, Bhuj | Compare Near You - VenueConnect","Looking for banquet halls in Bhachau Road, Bhuj? Browse verified listings with pricing, capacity & photos. Book the perfect venue near Bhachau Road on VenueConnect.","Best Banquet Halls in Bhachau Road, Bhuj",banquet halls in Bhachau Road Bhuj,"banquet halls near Bhachau Road, banquet halls Bhachau Road Bhuj, affordable banquet halls near Bhachau Road",Transactional (Hyper-local),High
Venue + City Area,"Farmhouses in Bhachau Road, Bhuj | VenueConnect",/bhuj/bhachau-road/farmhouses/,"Best Farmhouses in Bhachau Road, Bhuj | Compare Near You - VenueConnect","Looking for farmhouses in Bhachau Road, Bhuj? Browse verified listings with pricing, capacity & photos. Book the perfect venue near Bhachau Road on VenueConnect.","Best Farmhouses in Bhachau Road, Bhuj",farmhouses in Bhachau Road Bhuj,"farmhouses near Bhachau Road, farmhouses Bhachau Road Bhuj, affordable farmhouses near Bhachau Road",Transactional (Hyper-local),High
Venue + City Area,"Party Plots in Bhachau Road, Bhuj | VenueConnect",/bhuj/bhachau-road/party-plots/,"Best Party Plots in Bhachau Road, Bhuj | Compare Near You - VenueConnect","Looking for party plots in Bhachau Road, Bhuj? Browse verified listings with pricing, capacity & photos. Book the perfect venue near Bhachau Road on VenueConnect.","Best Party Plots in Bhachau Road, Bhuj",party plots in Bhachau Road Bhuj,"party plots near Bhachau Road, party plots Bhachau Road Bhuj, affordable party plots near Bhachau Road",Transactional (Hyper-local),High
Venue + City Area,"Banquet Halls in Rapar Road, Bhuj | VenueConnect",/bhuj/rapar-road/banquet-halls/,"Best Banquet Halls in Rapar Road, Bhuj | Compare Near You - VenueConnect","Looking for banquet halls in Rapar Road, Bhuj? Browse verified listings with pricing, capacity & photos. Book the perfect venue near Rapar Road on VenueConnect.","Best Banquet Halls in Rapar Road, Bhuj",banquet halls in Rapar Road Bhuj,"banquet halls near Rapar Road, banquet halls Rapar Road Bhuj, affordable banquet halls near Rapar Road",Transactional (Hyper-local),High
Venue + City Area,"Farmhouses in Rapar Road, Bhuj | VenueConnect",/bhuj/rapar-road/farmhouses/,"Best Farmhouses in Rapar Road, Bhuj | Compare Near You - VenueConnect","Looking for farmhouses in Rapar Road, Bhuj? Browse verified listings with pricing, capacity & photos. Book the perfect venue near Rapar Road on VenueConnect.","Best Farmhouses in Rapar Road, Bhuj",farmhouses in Rapar Road Bhuj,"farmhouses near Rapar Road, farmhouses Rapar Road Bhuj, affordable farmhouses near Rapar Road",Transactional (Hyper-local),High
Venue + City Area,"Party Plots in Rapar Road, Bhuj | VenueConnect",/bhuj/rapar-road/party-plots/,"Best Party Plots in Rapar Road, Bhuj | Compare Near You - VenueConnect","Looking for party plots in Rapar Road, Bhuj? Browse verified listings with pricing, capacity & photos. Book the perfect venue near Rapar Road on VenueConnect.","Best Party Plots in Rapar Road, Bhuj",party plots in Rapar Road Bhuj,"party plots near Rapar Road, party plots Rapar Road Bhuj, affordable party plots near Rapar Road",Transactional (Hyper-local),High
Venue + City Area,"Banquet Halls in Hospital Road, Bhuj | VenueConnect",/bhuj/hospital-road/banquet-halls/,"Best Banquet Halls in Hospital Road, Bhuj | Compare Near You - VenueConnect","Looking for banquet halls in Hospital Road, Bhuj? Browse verified listings with pricing, capacity & photos. Book the perfect venue near Hospital Road on VenueConnect.","Best Banquet Halls in Hospital Road, Bhuj",banquet halls in Hospital Road Bhuj,"banquet halls near Hospital Road, banquet halls Hospital Road Bhuj, affordable banquet halls near Hospital Road",Transactional (Hyper-local),High
Venue + City Area,"Farmhouses in Hospital Road, Bhuj | VenueConnect",/bhuj/hospital-road/farmhouses/,"Best Farmhouses in Hospital Road, Bhuj | Compare Near You - VenueConnect","Looking for farmhouses in Hospital Road, Bhuj? Browse verified listings with pricing, capacity & photos. Book the perfect venue near Hospital Road on VenueConnect.","Best Farmhouses in Hospital Road, Bhuj",farmhouses in Hospital Road Bhuj,"farmhouses near Hospital Road, farmhouses Hospital Road Bhuj, affordable farmhouses near Hospital Road",Transactional (Hyper-local),High
Venue + City Area,"Party Plots in Hospital Road, Bhuj | VenueConnect",/bhuj/hospital-road/party-plots/,"Best Party Plots in Hospital Road, Bhuj | Compare Near You - VenueConnect","Looking for party plots in Hospital Road, Bhuj? Browse verified listings with pricing, capacity & photos. Book the perfect venue near Hospital Road on VenueConnect.","Best Party Plots in Hospital Road, Bhuj",party plots in Hospital Road Bhuj,"party plots near Hospital Road, party plots Hospital Road Bhuj, affordable party plots near Hospital Road",Transactional (Hyper-local),High
Venue + City Area,"Banquet Halls in Jubilee Circle, Bhuj | VenueConnect",/bhuj/jubilee-circle/banquet-halls/,"Best Banquet Halls in Jubilee Circle, Bhuj | Compare Near You - VenueConnect","Looking for banquet halls in Jubilee Circle, Bhuj? Browse verified listings with pricing, capacity & photos. Book the perfect venue near Jubilee Circle on VenueConnect.","Best Banquet Halls in Jubilee Circle, Bhuj",banquet halls in Jubilee Circle Bhuj,"banquet halls near Jubilee Circle, banquet halls Jubilee Circle Bhuj, affordable banquet halls near Jubilee Circle",Transactional (Hyper-local),High
Venue + City Area,"Farmhouses in Jubilee Circle, Bhuj | VenueConnect",/bhuj/jubilee-circle/farmhouses/,"Best Farmhouses in Jubilee Circle, Bhuj | Compare Near You - VenueConnect","Looking for farmhouses in Jubilee Circle, Bhuj? Browse verified listings with pricing, capacity & photos. Book the perfect venue near Jubilee Circle on VenueConnect.","Best Farmhouses in Jubilee Circle, Bhuj",farmhouses in Jubilee Circle Bhuj,"farmhouses near Jubilee Circle, farmhouses Jubilee Circle Bhuj, affordable farmhouses near Jubilee Circle",Transactional (Hyper-local),High
Venue + City Area,"Party Plots in Jubilee Circle, Bhuj | VenueConnect",/bhuj/jubilee-circle/party-plots/,"Best Party Plots in Jubilee Circle, Bhuj | Compare Near You - VenueConnect","Looking for party plots in Jubilee Circle, Bhuj? Browse verified listings with pricing, capacity & photos. Book the perfect venue near Jubilee Circle on VenueConnect.","Best Party Plots in Jubilee Circle, Bhuj",party plots in Jubilee Circle Bhuj,"party plots near Jubilee Circle, party plots Jubilee Circle Bhuj, affordable party plots near Jubilee Circle",Transactional (Hyper-local),High
Venue + City Area,"Banquet Halls in Bhuj Airport Road, Bhuj | VenueConnect",/bhuj/bhuj-airport-road/banquet-halls/,"Best Banquet Halls in Bhuj Airport Road, Bhuj | Compare Near You - VenueConnect","Looking for banquet halls in Bhuj Airport Road, Bhuj? Browse verified listings with pricing, capacity & photos. Book the perfect venue near Bhuj Airport Road on VenueConnect.","Best Banquet Halls in Bhuj Airport Road, Bhuj",banquet halls in Bhuj Airport Road Bhuj,"banquet halls near Bhuj Airport Road, banquet halls Bhuj Airport Road Bhuj, affordable banquet halls near Bhuj Airport Road",Transactional (Hyper-local),High
Venue + City Area,"Farmhouses in Bhuj Airport Road, Bhuj | VenueConnect",/bhuj/bhuj-airport-road/farmhouses/,"Best Farmhouses in Bhuj Airport Road, Bhuj | Compare Near You - VenueConnect","Looking for farmhouses in Bhuj Airport Road, Bhuj? Browse verified listings with pricing, capacity & photos. Book the perfect venue near Bhuj Airport Road on VenueConnect.","Best Farmhouses in Bhuj Airport Road, Bhuj",farmhouses in Bhuj Airport Road Bhuj,"farmhouses near Bhuj Airport Road, farmhouses Bhuj Airport Road Bhuj, affordable farmhouses near Bhuj Airport Road",Transactional (Hyper-local),High
Venue + City Area,"Party Plots in Bhuj Airport Road, Bhuj | VenueConnect",/bhuj/bhuj-airport-road/party-plots/,"Best Party Plots in Bhuj Airport Road, Bhuj | Compare Near You - VenueConnect","Looking for party plots in Bhuj Airport Road, Bhuj? Browse verified listings with pricing, capacity & photos. Book the perfect venue near Bhuj Airport Road on VenueConnect.","Best Party Plots in Bhuj Airport Road, Bhuj",party plots in Bhuj Airport Road Bhuj,"party plots near Bhuj Airport Road, party plots Bhuj Airport Road Bhuj, affordable party plots near Bhuj Airport Road",Transactional (Hyper-local),High
Venue + City Area,"Banquet Halls in Adhoi Road, Bhuj | VenueConnect",/bhuj/adhoi-road/banquet-halls/,"Best Banquet Halls in Adhoi Road, Bhuj | Compare Near You - VenueConnect","Looking for banquet halls in Adhoi Road, Bhuj? Browse verified listings with pricing, capacity & photos. Book the perfect venue near Adhoi Road on VenueConnect.","Best Banquet Halls in Adhoi Road, Bhuj",banquet halls in Adhoi Road Bhuj,"banquet halls near Adhoi Road, banquet halls Adhoi Road Bhuj, affordable banquet halls near Adhoi Road",Transactional (Hyper-local),High
Venue + City Area,"Farmhouses in Adhoi Road, Bhuj | VenueConnect",/bhuj/adhoi-road/farmhouses/,"Best Farmhouses in Adhoi Road, Bhuj | Compare Near You - VenueConnect","Looking for farmhouses in Adhoi Road, Bhuj? Browse verified listings with pricing, capacity & photos. Book the perfect venue near Adhoi Road on VenueConnect.","Best Farmhouses in Adhoi Road, Bhuj",farmhouses in Adhoi Road Bhuj,"farmhouses near Adhoi Road, farmhouses Adhoi Road Bhuj, affordable farmhouses near Adhoi Road",Transactional (Hyper-local),High
Venue + City Area,"Party Plots in Adhoi Road, Bhuj | VenueConnect",/bhuj/adhoi-road/party-plots/,"Best Party Plots in Adhoi Road, Bhuj | Compare Near You - VenueConnect","Looking for party plots in Adhoi Road, Bhuj? Browse verified listings with pricing, capacity & photos. Book the perfect venue near Adhoi Road on VenueConnect.","Best Party Plots in Adhoi Road, Bhuj",party plots in Adhoi Road Bhuj,"party plots near Adhoi Road, party plots Adhoi Road Bhuj, affordable party plots near Adhoi Road",Transactional (Hyper-local),High
Venue + City Area,"Banquet Halls in Anjar Road, Bhuj | VenueConnect",/bhuj/anjar-road/banquet-halls/,"Best Banquet Halls in Anjar Road, Bhuj | Compare Near You - VenueConnect","Looking for banquet halls in Anjar Road, Bhuj? Browse verified listings with pricing, capacity & photos. Book the perfect venue near Anjar Road on VenueConnect.","Best Banquet Halls in Anjar Road, Bhuj",banquet halls in Anjar Road Bhuj,"banquet halls near Anjar Road, banquet halls Anjar Road Bhuj, affordable banquet halls near Anjar Road",Transactional (Hyper-local),High
Venue + City Area,"Farmhouses in Anjar Road, Bhuj | VenueConnect",/bhuj/anjar-road/farmhouses/,"Best Farmhouses in Anjar Road, Bhuj | Compare Near You - VenueConnect","Looking for farmhouses in Anjar Road, Bhuj? Browse verified listings with pricing, capacity & photos. Book the perfect venue near Anjar Road on VenueConnect.","Best Farmhouses in Anjar Road, Bhuj",farmhouses in Anjar Road Bhuj,"farmhouses near Anjar Road, farmhouses Anjar Road Bhuj, affordable farmhouses near Anjar Road",Transactional (Hyper-local),High
Venue + City Area,"Party Plots in Anjar Road, Bhuj | VenueConnect",/bhuj/anjar-road/party-plots/,"Best Party Plots in Anjar Road, Bhuj | Compare Near You - VenueConnect","Looking for party plots in Anjar Road, Bhuj? Browse verified listings with pricing, capacity & photos. Book the perfect venue near Anjar Road on VenueConnect.","Best Party Plots in Anjar Road, Bhuj",party plots in Anjar Road Bhuj,"party plots near Anjar Road, party plots Anjar Road Bhuj, affordable party plots near Anjar Road",Transactional (Hyper-local),High
Venue + City Area,"Banquet Halls in Ashapura Temple Road, Bhuj | VenueConnect",/bhuj/ashapura-temple-road/banquet-halls/,"Best Banquet Halls in Ashapura Temple Road, Bhuj | Compare Near You - VenueConnect","Looking for banquet halls in Ashapura Temple Road, Bhuj? Browse verified listings with pricing, capacity & photos. Book the perfect venue near Ashapura Temple Road on VenueConnect.","Best Banquet Halls in Ashapura Temple Road, Bhuj",banquet halls in Ashapura Temple Road Bhuj,"banquet halls near Ashapura Temple Road, banquet halls Ashapura Temple Road Bhuj, affordable banquet halls near Ashapura Temple Road",Transactional (Hyper-local),High
Venue + City Area,"Farmhouses in Ashapura Temple Road, Bhuj | VenueConnect",/bhuj/ashapura-temple-road/farmhouses/,"Best Farmhouses in Ashapura Temple Road, Bhuj | Compare Near You - VenueConnect","Looking for farmhouses in Ashapura Temple Road, Bhuj? Browse verified listings with pricing, capacity & photos. Book the perfect venue near Ashapura Temple Road on VenueConnect.","Best Farmhouses in Ashapura Temple Road, Bhuj",farmhouses in Ashapura Temple Road Bhuj,"farmhouses near Ashapura Temple Road, farmhouses Ashapura Temple Road Bhuj, affordable farmhouses near Ashapura Temple Road",Transactional (Hyper-local),High
Venue + City Area,"Party Plots in Ashapura Temple Road, Bhuj | VenueConnect",/bhuj/ashapura-temple-road/party-plots/,"Best Party Plots in Ashapura Temple Road, Bhuj | Compare Near You - VenueConnect","Looking for party plots in Ashapura Temple Road, Bhuj? Browse verified listings with pricing, capacity & photos. Book the perfect venue near Ashapura Temple Road on VenueConnect.","Best Party Plots in Ashapura Temple Road, Bhuj",party plots in Ashapura Temple Road Bhuj,"party plots near Ashapura Temple Road, party plots Ashapura Temple Road Bhuj, affordable party plots near Ashapura Temple Road",Transactional (Hyper-local),High
Venue + City Area,"Banquet Halls in Bus Station Road, Bhuj | VenueConnect",/bhuj/bus-station-road/banquet-halls/,"Best Banquet Halls in Bus Station Road, Bhuj | Compare Near You - VenueConnect","Looking for banquet halls in Bus Station Road, Bhuj? Browse verified listings with pricing, capacity & photos. Book the perfect venue near Bus Station Road on VenueConnect.","Best Banquet Halls in Bus Station Road, Bhuj",banquet halls in Bus Station Road Bhuj,"banquet halls near Bus Station Road, banquet halls Bus Station Road Bhuj, affordable banquet halls near Bus Station Road",Transactional (Hyper-local),High
Venue + City Area,"Farmhouses in Bus Station Road, Bhuj | VenueConnect",/bhuj/bus-station-road/farmhouses/,"Best Farmhouses in Bus Station Road, Bhuj | Compare Near You - VenueConnect","Looking for farmhouses in Bus Station Road, Bhuj? Browse verified listings with pricing, capacity & photos. Book the perfect venue near Bus Station Road on VenueConnect.","Best Farmhouses in Bus Station Road, Bhuj",farmhouses in Bus Station Road Bhuj,"farmhouses near Bus Station Road, farmhouses Bus Station Road Bhuj, affordable farmhouses near Bus Station Road",Transactional (Hyper-local),High
Venue + City Area,"Party Plots in Bus Station Road, Bhuj | VenueConnect",/bhuj/bus-station-road/party-plots/,"Best Party Plots in Bus Station Road, Bhuj | Compare Near You - VenueConnect","Looking for party plots in Bus Station Road, Bhuj? Browse verified listings with pricing, capacity & photos. Book the perfect venue near Bus Station Road on VenueConnect.","Best Party Plots in Bus Station Road, Bhuj",party plots in Bus Station Road Bhuj,"party plots near Bus Station Road, party plots Bus Station Road Bhuj, affordable party plots near Bus Station Road",Transactional (Hyper-local),High
Venue + City Area,"Banquet Halls in Court Road, Bhuj | VenueConnect",/bhuj/court-road/banquet-halls/,"Best Banquet Halls in Court Road, Bhuj | Compare Near You - VenueConnect","Looking for banquet halls in Court Road, Bhuj? Browse verified listings with pricing, capacity & photos. Book the perfect venue near Court Road on VenueConnect.","Best Banquet Halls in Court Road, Bhuj",banquet halls in Court Road Bhuj,"banquet halls near Court Road, banquet halls Court Road Bhuj, affordable banquet halls near Court Road",Transactional (Hyper-local),High
Venue + City Area,"Farmhouses in Court Road, Bhuj | VenueConnect",/bhuj/court-road/farmhouses/,"Best Farmhouses in Court Road, Bhuj | Compare Near You - VenueConnect","Looking for farmhouses in Court Road, Bhuj? Browse verified listings with pricing, capacity & photos. Book the perfect venue near Court Road on VenueConnect.","Best Farmhouses in Court Road, Bhuj",farmhouses in Court Road Bhuj,"farmhouses near Court Road, farmhouses Court Road Bhuj, affordable farmhouses near Court Road",Transactional (Hyper-local),High
Venue + City Area,"Party Plots in Court Road, Bhuj | VenueConnect",/bhuj/court-road/party-plots/,"Best Party Plots in Court Road, Bhuj | Compare Near You - VenueConnect","Looking for party plots in Court Road, Bhuj? Browse verified listings with pricing, capacity & photos. Book the perfect venue near Court Road on VenueConnect.","Best Party Plots in Court Road, Bhuj",party plots in Court Road Bhuj,"party plots near Court Road, party plots Court Road Bhuj, affordable party plots near Court Road",Transactional (Hyper-local),High
Venue + City Area,"Banquet Halls in Dholavira Road, Bhuj | VenueConnect",/bhuj/dholavira-road/banquet-halls/,"Best Banquet Halls in Dholavira Road, Bhuj | Compare Near You - VenueConnect","Looking for banquet halls in Dholavira Road, Bhuj? Browse verified listings with pricing, capacity & photos. Book the perfect venue near Dholavira Road on VenueConnect.","Best Banquet Halls in Dholavira Road, Bhuj",banquet halls in Dholavira Road Bhuj,"banquet halls near Dholavira Road, banquet halls Dholavira Road Bhuj, affordable banquet halls near Dholavira Road",Transactional (Hyper-local),High
Venue + City Area,"Farmhouses in Dholavira Road, Bhuj | VenueConnect",/bhuj/dholavira-road/farmhouses/,"Best Farmhouses in Dholavira Road, Bhuj | Compare Near You - VenueConnect","Looking for farmhouses in Dholavira Road, Bhuj? Browse verified listings with pricing, capacity & photos. Book the perfect venue near Dholavira Road on VenueConnect.","Best Farmhouses in Dholavira Road, Bhuj",farmhouses in Dholavira Road Bhuj,"farmhouses near Dholavira Road, farmhouses Dholavira Road Bhuj, affordable farmhouses near Dholavira Road",Transactional (Hyper-local),High
Venue + City Area,"Party Plots in Dholavira Road, Bhuj | VenueConnect",/bhuj/dholavira-road/party-plots/,"Best Party Plots in Dholavira Road, Bhuj | Compare Near You - VenueConnect","Looking for party plots in Dholavira Road, Bhuj? Browse verified listings with pricing, capacity & photos. Book the perfect venue near Dholavira Road on VenueConnect.","Best Party Plots in Dholavira Road, Bhuj",party plots in Dholavira Road Bhuj,"party plots near Dholavira Road, party plots Dholavira Road Bhuj, affordable party plots near Dholavira Road",Transactional (Hyper-local),High
Venue + City Area,"Banquet Halls in Fort Road, Bhuj | VenueConnect",/bhuj/fort-road/banquet-halls/,"Best Banquet Halls in Fort Road, Bhuj | Compare Near You - VenueConnect","Looking for banquet halls in Fort Road, Bhuj? Browse verified listings with pricing, capacity & photos. Book the perfect venue near Fort Road on VenueConnect.","Best Banquet Halls in Fort Road, Bhuj",banquet halls in Fort Road Bhuj,"banquet halls near Fort Road, banquet halls Fort Road Bhuj, affordable banquet halls near Fort Road",Transactional (Hyper-local),High
Venue + City Area,"Farmhouses in Fort Road, Bhuj | VenueConnect",/bhuj/fort-road/farmhouses/,"Best Farmhouses in Fort Road, Bhuj | Compare Near You - VenueConnect","Looking for farmhouses in Fort Road, Bhuj? Browse verified listings with pricing, capacity & photos. Book the perfect venue near Fort Road on VenueConnect.","Best Farmhouses in Fort Road, Bhuj",farmhouses in Fort Road Bhuj,"farmhouses near Fort Road, farmhouses Fort Road Bhuj, affordable farmhouses near Fort Road",Transactional (Hyper-local),High
Venue + City Area,"Party Plots in Fort Road, Bhuj | VenueConnect",/bhuj/fort-road/party-plots/,"Best Party Plots in Fort Road, Bhuj | Compare Near You - VenueConnect","Looking for party plots in Fort Road, Bhuj? Browse verified listings with pricing, capacity & photos. Book the perfect venue near Fort Road on VenueConnect.","Best Party Plots in Fort Road, Bhuj",party plots in Fort Road Bhuj,"party plots near Fort Road, party plots Fort Road Bhuj, affordable party plots near Fort Road",Transactional (Hyper-local),High
Venue + City Area,"Banquet Halls in Gandhi Chowk, Bhuj | VenueConnect",/bhuj/gandhi-chowk/banquet-halls/,"Best Banquet Halls in Gandhi Chowk, Bhuj | Compare Near You - VenueConnect","Looking for banquet halls in Gandhi Chowk, Bhuj? Browse verified listings with pricing, capacity & photos. Book the perfect venue near Gandhi Chowk on VenueConnect.","Best Banquet Halls in Gandhi Chowk, Bhuj",banquet halls in Gandhi Chowk Bhuj,"banquet halls near Gandhi Chowk, banquet halls Gandhi Chowk Bhuj, affordable banquet halls near Gandhi Chowk",Transactional (Hyper-local),High
Venue + City Area,"Farmhouses in Gandhi Chowk, Bhuj | VenueConnect",/bhuj/gandhi-chowk/farmhouses/,"Best Farmhouses in Gandhi Chowk, Bhuj | Compare Near You - VenueConnect","Looking for farmhouses in Gandhi Chowk, Bhuj? Browse verified listings with pricing, capacity & photos. Book the perfect venue near Gandhi Chowk on VenueConnect.","Best Farmhouses in Gandhi Chowk, Bhuj",farmhouses in Gandhi Chowk Bhuj,"farmhouses near Gandhi Chowk, farmhouses Gandhi Chowk Bhuj, affordable farmhouses near Gandhi Chowk",Transactional (Hyper-local),High
Venue + City Area,"Party Plots in Gandhi Chowk, Bhuj | VenueConnect",/bhuj/gandhi-chowk/party-plots/,"Best Party Plots in Gandhi Chowk, Bhuj | Compare Near You - VenueConnect","Looking for party plots in Gandhi Chowk, Bhuj? Browse verified listings with pricing, capacity & photos. Book the perfect venue near Gandhi Chowk on VenueConnect.","Best Party Plots in Gandhi Chowk, Bhuj",party plots in Gandhi Chowk Bhuj,"party plots near Gandhi Chowk, party plots Gandhi Chowk Bhuj, affordable party plots near Gandhi Chowk",Transactional (Hyper-local),High
Venue + City Area,"Banquet Halls in Hamirsar Lake Road, Bhuj | VenueConnect",/bhuj/hamirsar-lake-road/banquet-halls/,"Best Banquet Halls in Hamirsar Lake Road, Bhuj | Compare Near You - VenueConnect","Looking for banquet halls in Hamirsar Lake Road, Bhuj? Browse verified listings with pricing, capacity & photos. Book the perfect venue near Hamirsar Lake Road on VenueConnect.","Best Banquet Halls in Hamirsar Lake Road, Bhuj",banquet halls in Hamirsar Lake Road Bhuj,"banquet halls near Hamirsar Lake Road, banquet halls Hamirsar Lake Road Bhuj, affordable banquet halls near Hamirsar Lake Road",Transactional (Hyper-local),High
Venue + City Area,"Farmhouses in Hamirsar Lake Road, Bhuj | VenueConnect",/bhuj/hamirsar-lake-road/farmhouses/,"Best Farmhouses in Hamirsar Lake Road, Bhuj | Compare Near You - VenueConnect","Looking for farmhouses in Hamirsar Lake Road, Bhuj? Browse verified listings with pricing, capacity & photos. Book the perfect venue near Hamirsar Lake Road on VenueConnect.","Best Farmhouses in Hamirsar Lake Road, Bhuj",farmhouses in Hamirsar Lake Road Bhuj,"farmhouses near Hamirsar Lake Road, farmhouses Hamirsar Lake Road Bhuj, affordable farmhouses near Hamirsar Lake Road",Transactional (Hyper-local),High
Venue + City Area,"Party Plots in Hamirsar Lake Road, Bhuj | VenueConnect",/bhuj/hamirsar-lake-road/party-plots/,"Best Party Plots in Hamirsar Lake Road, Bhuj | Compare Near You - VenueConnect","Looking for party plots in Hamirsar Lake Road, Bhuj? Browse verified listings with pricing, capacity & photos. Book the perfect venue near Hamirsar Lake Road on VenueConnect.","Best Party Plots in Hamirsar Lake Road, Bhuj",party plots in Hamirsar Lake Road Bhuj,"party plots near Hamirsar Lake Road, party plots Hamirsar Lake Road Bhuj, affordable party plots near Hamirsar Lake Road",Transactional (Hyper-local),High
Venue + City Area,"Banquet Halls in Jain Temple Road, Bhuj | VenueConnect",/bhuj/jain-temple-road/banquet-halls/,"Best Banquet Halls in Jain Temple Road, Bhuj | Compare Near You - VenueConnect","Looking for banquet halls in Jain Temple Road, Bhuj? Browse verified listings with pricing, capacity & photos. Book the perfect venue near Jain Temple Road on VenueConnect.","Best Banquet Halls in Jain Temple Road, Bhuj",banquet halls in Jain Temple Road Bhuj,"banquet halls near Jain Temple Road, banquet halls Jain Temple Road Bhuj, affordable banquet halls near Jain Temple Road",Transactional (Hyper-local),High
Venue + City Area,"Farmhouses in Jain Temple Road, Bhuj | VenueConnect",/bhuj/jain-temple-road/farmhouses/,"Best Farmhouses in Jain Temple Road, Bhuj | Compare Near You - VenueConnect","Looking for farmhouses in Jain Temple Road, Bhuj? Browse verified listings with pricing, capacity & photos. Book the perfect venue near Jain Temple Road on VenueConnect.","Best Farmhouses in Jain Temple Road, Bhuj",farmhouses in Jain Temple Road Bhuj,"farmhouses near Jain Temple Road, farmhouses Jain Temple Road Bhuj, affordable farmhouses near Jain Temple Road",Transactional (Hyper-local),High
Venue + City Area,"Party Plots in Jain Temple Road, Bhuj | VenueConnect",/bhuj/jain-temple-road/party-plots/,"Best Party Plots in Jain Temple Road, Bhuj | Compare Near You - VenueConnect","Looking for party plots in Jain Temple Road, Bhuj? Browse verified listings with pricing, capacity & photos. Book the perfect venue near Jain Temple Road on VenueConnect.","Best Party Plots in Jain Temple Road, Bhuj",party plots in Jain Temple Road Bhuj,"party plots near Jain Temple Road, party plots Jain Temple Road Bhuj, affordable party plots near Jain Temple Road",Transactional (Hyper-local),High
Venue + City Area,"Banquet Halls in Kera Road, Bhuj | VenueConnect",/bhuj/kera-road/banquet-halls/,"Best Banquet Halls in Kera Road, Bhuj | Compare Near You - VenueConnect","Looking for banquet halls in Kera Road, Bhuj? Browse verified listings with pricing, capacity & photos. Book the perfect venue near Kera Road on VenueConnect.","Best Banquet Halls in Kera Road, Bhuj",banquet halls in Kera Road Bhuj,"banquet halls near Kera Road, banquet halls Kera Road Bhuj, affordable banquet halls near Kera Road",Transactional (Hyper-local),High
Venue + City Area,"Farmhouses in Kera Road, Bhuj | VenueConnect",/bhuj/kera-road/farmhouses/,"Best Farmhouses in Kera Road, Bhuj | Compare Near You - VenueConnect","Looking for farmhouses in Kera Road, Bhuj? Browse verified listings with pricing, capacity & photos. Book the perfect venue near Kera Road on VenueConnect.","Best Farmhouses in Kera Road, Bhuj",farmhouses in Kera Road Bhuj,"farmhouses near Kera Road, farmhouses Kera Road Bhuj, affordable farmhouses near Kera Road",Transactional (Hyper-local),High
Venue + City Area,"Party Plots in Kera Road, Bhuj | VenueConnect",/bhuj/kera-road/party-plots/,"Best Party Plots in Kera Road, Bhuj | Compare Near You - VenueConnect","Looking for party plots in Kera Road, Bhuj? Browse verified listings with pricing, capacity & photos. Book the perfect venue near Kera Road on VenueConnect.","Best Party Plots in Kera Road, Bhuj",party plots in Kera Road Bhuj,"party plots near Kera Road, party plots Kera Road Bhuj, affordable party plots near Kera Road",Transactional (Hyper-local),High
Venue + City Area,"Banquet Halls in Kundraudi, Bhuj | VenueConnect",/bhuj/kundraudi/banquet-halls/,"Best Banquet Halls in Kundraudi, Bhuj | Compare Near You - VenueConnect","Looking for banquet halls in Kundraudi, Bhuj? Browse verified listings with pricing, capacity & photos. Book the perfect venue near Kundraudi on VenueConnect.","Best Banquet Halls in Kundraudi, Bhuj",banquet halls in Kundraudi Bhuj,"banquet halls near Kundraudi, banquet halls Kundraudi Bhuj, affordable banquet halls near Kundraudi",Transactional (Hyper-local),High
Venue + City Area,"Farmhouses in Kundraudi, Bhuj | VenueConnect",/bhuj/kundraudi/farmhouses/,"Best Farmhouses in Kundraudi, Bhuj | Compare Near You - VenueConnect","Looking for farmhouses in Kundraudi, Bhuj? Browse verified listings with pricing, capacity & photos. Book the perfect venue near Kundraudi on VenueConnect.","Best Farmhouses in Kundraudi, Bhuj",farmhouses in Kundraudi Bhuj,"farmhouses near Kundraudi, farmhouses Kundraudi Bhuj, affordable farmhouses near Kundraudi",Transactional (Hyper-local),High
Venue + City Area,"Party Plots in Kundraudi, Bhuj | VenueConnect",/bhuj/kundraudi/party-plots/,"Best Party Plots in Kundraudi, Bhuj | Compare Near You - VenueConnect","Looking for party plots in Kundraudi, Bhuj? Browse verified listings with pricing, capacity & photos. Book the perfect venue near Kundraudi on VenueConnect.","Best Party Plots in Kundraudi, Bhuj",party plots in Kundraudi Bhuj,"party plots near Kundraudi, party plots Kundraudi Bhuj, affordable party plots near Kundraudi",Transactional (Hyper-local),High
Venue + City Area,"Banquet Halls in Madhapar, Bhuj | VenueConnect",/bhuj/madhapar/banquet-halls/,"Best Banquet Halls in Madhapar, Bhuj | Compare Near You - VenueConnect","Looking for banquet halls in Madhapar, Bhuj? Browse verified listings with pricing, capacity & photos. Book the perfect venue near Madhapar on VenueConnect.","Best Banquet Halls in Madhapar, Bhuj",banquet halls in Madhapar Bhuj,"banquet halls near Madhapar, banquet halls Madhapar Bhuj, affordable banquet halls near Madhapar",Transactional (Hyper-local),High
Venue + City Area,"Farmhouses in Madhapar, Bhuj | VenueConnect",/bhuj/madhapar/farmhouses/,"Best Farmhouses in Madhapar, Bhuj | Compare Near You - VenueConnect","Looking for farmhouses in Madhapar, Bhuj? Browse verified listings with pricing, capacity & photos. Book the perfect venue near Madhapar on VenueConnect.","Best Farmhouses in Madhapar, Bhuj",farmhouses in Madhapar Bhuj,"farmhouses near Madhapar, farmhouses Madhapar Bhuj, affordable farmhouses near Madhapar",Transactional (Hyper-local),High
Venue + City Area,"Party Plots in Madhapar, Bhuj | VenueConnect",/bhuj/madhapar/party-plots/,"Best Party Plots in Madhapar, Bhuj | Compare Near You - VenueConnect","Looking for party plots in Madhapar, Bhuj? Browse verified listings with pricing, capacity & photos. Book the perfect venue near Madhapar on VenueConnect.","Best Party Plots in Madhapar, Bhuj",party plots in Madhapar Bhuj,"party plots near Madhapar, party plots Madhapar Bhuj, affordable party plots near Madhapar",Transactional (Hyper-local),High
Venue + City Area,"Banquet Halls in Mandvi Road, Bhuj | VenueConnect",/bhuj/mandvi-road/banquet-halls/,"Best Banquet Halls in Mandvi Road, Bhuj | Compare Near You - VenueConnect","Looking for banquet halls in Mandvi Road, Bhuj? Browse verified listings with pricing, capacity & photos. Book the perfect venue near Mandvi Road on VenueConnect.","Best Banquet Halls in Mandvi Road, Bhuj",banquet halls in Mandvi Road Bhuj,"banquet halls near Mandvi Road, banquet halls Mandvi Road Bhuj, affordable banquet halls near Mandvi Road",Transactional (Hyper-local),High
Venue + City Area,"Farmhouses in Mandvi Road, Bhuj | VenueConnect",/bhuj/mandvi-road/farmhouses/,"Best Farmhouses in Mandvi Road, Bhuj | Compare Near You - VenueConnect","Looking for farmhouses in Mandvi Road, Bhuj? Browse verified listings with pricing, capacity & photos. Book the perfect venue near Mandvi Road on VenueConnect.","Best Farmhouses in Mandvi Road, Bhuj",farmhouses in Mandvi Road Bhuj,"farmhouses near Mandvi Road, farmhouses Mandvi Road Bhuj, affordable farmhouses near Mandvi Road",Transactional (Hyper-local),High
Venue + City Area,"Party Plots in Mandvi Road, Bhuj | VenueConnect",/bhuj/mandvi-road/party-plots/,"Best Party Plots in Mandvi Road, Bhuj | Compare Near You - VenueConnect","Looking for party plots in Mandvi Road, Bhuj? Browse verified listings with pricing, capacity & photos. Book the perfect venue near Mandvi Road on VenueConnect.","Best Party Plots in Mandvi Road, Bhuj",party plots in Mandvi Road Bhuj,"party plots near Mandvi Road, party plots Mandvi Road Bhuj, affordable party plots near Mandvi Road",Transactional (Hyper-local),High
Venue + City Area,"Banquet Halls in Nakhatrana Road, Bhuj | VenueConnect",/bhuj/nakhatrana-road/banquet-halls/,"Best Banquet Halls in Nakhatrana Road, Bhuj | Compare Near You - VenueConnect","Looking for banquet halls in Nakhatrana Road, Bhuj? Browse verified listings with pricing, capacity & photos. Book the perfect venue near Nakhatrana Road on VenueConnect.","Best Banquet Halls in Nakhatrana Road, Bhuj",banquet halls in Nakhatrana Road Bhuj,"banquet halls near Nakhatrana Road, banquet halls Nakhatrana Road Bhuj, affordable banquet halls near Nakhatrana Road",Transactional (Hyper-local),High
Venue + City Area,"Farmhouses in Nakhatrana Road, Bhuj | VenueConnect",/bhuj/nakhatrana-road/farmhouses/,"Best Farmhouses in Nakhatrana Road, Bhuj | Compare Near You - VenueConnect","Looking for farmhouses in Nakhatrana Road, Bhuj? Browse verified listings with pricing, capacity & photos. Book the perfect venue near Nakhatrana Road on VenueConnect.","Best Farmhouses in Nakhatrana Road, Bhuj",farmhouses in Nakhatrana Road Bhuj,"farmhouses near Nakhatrana Road, farmhouses Nakhatrana Road Bhuj, affordable farmhouses near Nakhatrana Road",Transactional (Hyper-local),High
Venue + City Area,"Party Plots in Nakhatrana Road, Bhuj | VenueConnect",/bhuj/nakhatrana-road/party-plots/,"Best Party Plots in Nakhatrana Road, Bhuj | Compare Near You - VenueConnect","Looking for party plots in Nakhatrana Road, Bhuj? Browse verified listings with pricing, capacity & photos. Book the perfect venue near Nakhatrana Road on VenueConnect.","Best Party Plots in Nakhatrana Road, Bhuj",party plots in Nakhatrana Road Bhuj,"party plots near Nakhatrana Road, party plots Nakhatrana Road Bhuj, affordable party plots near Nakhatrana Road",Transactional (Hyper-local),High
Venue + City Area,"Banquet Halls in New Bhuj, Bhuj | VenueConnect",/bhuj/new-bhuj/banquet-halls/,"Best Banquet Halls in New Bhuj, Bhuj | Compare Near You - VenueConnect","Looking for banquet halls in New Bhuj, Bhuj? Browse verified listings with pricing, capacity & photos. Book the perfect venue near New Bhuj on VenueConnect.","Best Banquet Halls in New Bhuj, Bhuj",banquet halls in New Bhuj Bhuj,"banquet halls near New Bhuj, banquet halls New Bhuj Bhuj, affordable banquet halls near New Bhuj",Transactional (Hyper-local),High
Venue + City Area,"Farmhouses in New Bhuj, Bhuj | VenueConnect",/bhuj/new-bhuj/farmhouses/,"Best Farmhouses in New Bhuj, Bhuj | Compare Near You - VenueConnect","Looking for farmhouses in New Bhuj, Bhuj? Browse verified listings with pricing, capacity & photos. Book the perfect venue near New Bhuj on VenueConnect.","Best Farmhouses in New Bhuj, Bhuj",farmhouses in New Bhuj Bhuj,"farmhouses near New Bhuj, farmhouses New Bhuj Bhuj, affordable farmhouses near New Bhuj",Transactional (Hyper-local),High
Venue + City Area,"Party Plots in New Bhuj, Bhuj | VenueConnect",/bhuj/new-bhuj/party-plots/,"Best Party Plots in New Bhuj, Bhuj | Compare Near You - VenueConnect","Looking for party plots in New Bhuj, Bhuj? Browse verified listings with pricing, capacity & photos. Book the perfect venue near New Bhuj on VenueConnect.","Best Party Plots in New Bhuj, Bhuj",party plots in New Bhuj Bhuj,"party plots near New Bhuj, party plots New Bhuj Bhuj, affordable party plots near New Bhuj",Transactional (Hyper-local),High
Venue + City Area,"Banquet Halls in Old Bhuj, Bhuj | VenueConnect",/bhuj/old-bhuj/banquet-halls/,"Best Banquet Halls in Old Bhuj, Bhuj | Compare Near You - VenueConnect","Looking for banquet halls in Old Bhuj, Bhuj? Browse verified listings with pricing, capacity & photos. Book the perfect venue near Old Bhuj on VenueConnect.","Best Banquet Halls in Old Bhuj, Bhuj",banquet halls in Old Bhuj Bhuj,"banquet halls near Old Bhuj, banquet halls Old Bhuj Bhuj, affordable banquet halls near Old Bhuj",Transactional (Hyper-local),High
Venue + City Area,"Farmhouses in Old Bhuj, Bhuj | VenueConnect",/bhuj/old-bhuj/farmhouses/,"Best Farmhouses in Old Bhuj, Bhuj | Compare Near You - VenueConnect","Looking for farmhouses in Old Bhuj, Bhuj? Browse verified listings with pricing, capacity & photos. Book the perfect venue near Old Bhuj on VenueConnect.","Best Farmhouses in Old Bhuj, Bhuj",farmhouses in Old Bhuj Bhuj,"farmhouses near Old Bhuj, farmhouses Old Bhuj Bhuj, affordable farmhouses near Old Bhuj",Transactional (Hyper-local),High
Venue + City Area,"Party Plots in Old Bhuj, Bhuj | VenueConnect",/bhuj/old-bhuj/party-plots/,"Best Party Plots in Old Bhuj, Bhuj | Compare Near You - VenueConnect","Looking for party plots in Old Bhuj, Bhuj? Browse verified listings with pricing, capacity & photos. Book the perfect venue near Old Bhuj on VenueConnect.","Best Party Plots in Old Bhuj, Bhuj",party plots in Old Bhuj Bhuj,"party plots near Old Bhuj, party plots Old Bhuj Bhuj, affordable party plots near Old Bhuj",Transactional (Hyper-local),High
Venue + City Area,"Banquet Halls in Pragmahal Road, Bhuj | VenueConnect",/bhuj/pragmahal-road/banquet-halls/,"Best Banquet Halls in Pragmahal Road, Bhuj | Compare Near You - VenueConnect","Looking for banquet halls in Pragmahal Road, Bhuj? Browse verified listings with pricing, capacity & photos. Book the perfect venue near Pragmahal Road on VenueConnect.","Best Banquet Halls in Pragmahal Road, Bhuj",banquet halls in Pragmahal Road Bhuj,"banquet halls near Pragmahal Road, banquet halls Pragmahal Road Bhuj, affordable banquet halls near Pragmahal Road",Transactional (Hyper-local),High
Venue + City Area,"Farmhouses in Pragmahal Road, Bhuj | VenueConnect",/bhuj/pragmahal-road/farmhouses/,"Best Farmhouses in Pragmahal Road, Bhuj | Compare Near You - VenueConnect","Looking for farmhouses in Pragmahal Road, Bhuj? Browse verified listings with pricing, capacity & photos. Book the perfect venue near Pragmahal Road on VenueConnect.","Best Farmhouses in Pragmahal Road, Bhuj",farmhouses in Pragmahal Road Bhuj,"farmhouses near Pragmahal Road, farmhouses Pragmahal Road Bhuj, affordable farmhouses near Pragmahal Road",Transactional (Hyper-local),High
Venue + City Area,"Party Plots in Pragmahal Road, Bhuj | VenueConnect",/bhuj/pragmahal-road/party-plots/,"Best Party Plots in Pragmahal Road, Bhuj | Compare Near You - VenueConnect","Looking for party plots in Pragmahal Road, Bhuj? Browse verified listings with pricing, capacity & photos. Book the perfect venue near Pragmahal Road on VenueConnect.","Best Party Plots in Pragmahal Road, Bhuj",party plots in Pragmahal Road Bhuj,"party plots near Pragmahal Road, party plots Pragmahal Road Bhuj, affordable party plots near Pragmahal Road",Transactional (Hyper-local),High
Venue + City Area,"Banquet Halls in Rudramata, Bhuj | VenueConnect",/bhuj/rudramata/banquet-halls/,"Best Banquet Halls in Rudramata, Bhuj | Compare Near You - VenueConnect","Looking for banquet halls in Rudramata, Bhuj? Browse verified listings with pricing, capacity & photos. Book the perfect venue near Rudramata on VenueConnect.","Best Banquet Halls in Rudramata, Bhuj",banquet halls in Rudramata Bhuj,"banquet halls near Rudramata, banquet halls Rudramata Bhuj, affordable banquet halls near Rudramata",Transactional (Hyper-local),High
Venue + City Area,"Farmhouses in Rudramata, Bhuj | VenueConnect",/bhuj/rudramata/farmhouses/,"Best Farmhouses in Rudramata, Bhuj | Compare Near You - VenueConnect","Looking for farmhouses in Rudramata, Bhuj? Browse verified listings with pricing, capacity & photos. Book the perfect venue near Rudramata on VenueConnect.","Best Farmhouses in Rudramata, Bhuj",farmhouses in Rudramata Bhuj,"farmhouses near Rudramata, farmhouses Rudramata Bhuj, affordable farmhouses near Rudramata",Transactional (Hyper-local),High
Venue + City Area,"Party Plots in Rudramata, Bhuj | VenueConnect",/bhuj/rudramata/party-plots/,"Best Party Plots in Rudramata, Bhuj | Compare Near You - VenueConnect","Looking for party plots in Rudramata, Bhuj? Browse verified listings with pricing, capacity & photos. Book the perfect venue near Rudramata on VenueConnect.","Best Party Plots in Rudramata, Bhuj",party plots in Rudramata Bhuj,"party plots near Rudramata, party plots Rudramata Bhuj, affordable party plots near Rudramata",Transactional (Hyper-local),High
Venue + City Area,"Banquet Halls in Shyamji Krishna Varma Road, Bhuj | VenueConnect",/bhuj/shyamji-krishna-varma-road/banquet-halls/,"Best Banquet Halls in Shyamji Krishna Varma Road, Bhuj | Compare Near You - VenueConnect","Looking for banquet halls in Shyamji Krishna Varma Road, Bhuj? Browse verified listings with pricing, capacity & photos. Book the perfect venue near Shyamji Krishna Varma Road on VenueConnect.","Best Banquet Halls in Shyamji Krishna Varma Road, Bhuj",banquet halls in Shyamji Krishna Varma Road Bhuj,"banquet halls near Shyamji Krishna Varma Road, banquet halls Shyamji Krishna Varma Road Bhuj, affordable banquet halls near Shyamji Krishna Varma Road",Transactional (Hyper-local),High
Venue + City Area,"Farmhouses in Shyamji Krishna Varma Road, Bhuj | VenueConnect",/bhuj/shyamji-krishna-varma-road/farmhouses/,"Best Farmhouses in Shyamji Krishna Varma Road, Bhuj | Compare Near You - VenueConnect","Looking for farmhouses in Shyamji Krishna Varma Road, Bhuj? Browse verified listings with pricing, capacity & photos. Book the perfect venue near Shyamji Krishna Varma Road on VenueConnect.","Best Farmhouses in Shyamji Krishna Varma Road, Bhuj",farmhouses in Shyamji Krishna Varma Road Bhuj,"farmhouses near Shyamji Krishna Varma Road, farmhouses Shyamji Krishna Varma Road Bhuj, affordable farmhouses near Shyamji Krishna Varma Road",Transactional (Hyper-local),High
Venue + City Area,"Party Plots in Shyamji Krishna Varma Road, Bhuj | VenueConnect",/bhuj/shyamji-krishna-varma-road/party-plots/,"Best Party Plots in Shyamji Krishna Varma Road, Bhuj | Compare Near You - VenueConnect","Looking for party plots in Shyamji Krishna Varma Road, Bhuj? Browse verified listings with pricing, capacity & photos. Book the perfect venue near Shyamji Krishna Varma Road on VenueConnect.","Best Party Plots in Shyamji Krishna Varma Road, Bhuj",party plots in Shyamji Krishna Varma Road Bhuj,"party plots near Shyamji Krishna Varma Road, party plots Shyamji Krishna Varma Road Bhuj, affordable party plots near Shyamji Krishna Varma Road",Transactional (Hyper-local),High
Venue + City Area,"Banquet Halls in Swaminarayan Temple Road, Bhuj | VenueConnect",/bhuj/swaminarayan-temple-road/banquet-halls/,"Best Banquet Halls in Swaminarayan Temple Road, Bhuj | Compare Near You - VenueConnect","Looking for banquet halls in Swaminarayan Temple Road, Bhuj? Browse verified listings with pricing, capacity & photos. Book the perfect venue near Swaminarayan Temple Road on VenueConnect.","Best Banquet Halls in Swaminarayan Temple Road, Bhuj",banquet halls in Swaminarayan Temple Road Bhuj,"banquet halls near Swaminarayan Temple Road, banquet halls Swaminarayan Temple Road Bhuj, affordable banquet halls near Swaminarayan Temple Road",Transactional (Hyper-local),High
Venue + City Area,"Farmhouses in Swaminarayan Temple Road, Bhuj | VenueConnect",/bhuj/swaminarayan-temple-road/farmhouses/,"Best Farmhouses in Swaminarayan Temple Road, Bhuj | Compare Near You - VenueConnect","Looking for farmhouses in Swaminarayan Temple Road, Bhuj? Browse verified listings with pricing, capacity & photos. Book the perfect venue near Swaminarayan Temple Road on VenueConnect.","Best Farmhouses in Swaminarayan Temple Road, Bhuj",farmhouses in Swaminarayan Temple Road Bhuj,"farmhouses near Swaminarayan Temple Road, farmhouses Swaminarayan Temple Road Bhuj, affordable farmhouses near Swaminarayan Temple Road",Transactional (Hyper-local),High
Venue + City Area,"Party Plots in Swaminarayan Temple Road, Bhuj | VenueConnect",/bhuj/swaminarayan-temple-road/party-plots/,"Best Party Plots in Swaminarayan Temple Road, Bhuj | Compare Near You - VenueConnect","Looking for party plots in Swaminarayan Temple Road, Bhuj? Browse verified listings with pricing, capacity & photos. Book the perfect venue near Swaminarayan Temple Road on VenueConnect.","Best Party Plots in Swaminarayan Temple Road, Bhuj",party plots in Swaminarayan Temple Road Bhuj,"party plots near Swaminarayan Temple Road, party plots Swaminarayan Temple Road Bhuj, affordable party plots near Swaminarayan Temple Road",Transactional (Hyper-local),High
,,,,,,,,,
,,,,,,,,,
,,,,,,,,,
,,,,,,,,,
,,,,,,,,,
,,,,,,,,,
,,,,,,,,,
,,,,,,,,,
,,,,,,,,,
,,,,,,,,,
,,,,,,,,,
,,,,,,,,,
,,,,,,,,,
,,,,,,,,,
,,,,,,,,,
,,,,,,,,,
,,,,,,,,,
,,,,,,,,,
,,,,,,,,,
,,,,,,,,,
,,,,,,,,,
,,,,,,,,,
,,,,,,,,,
,,,,,,,,,
,,,,,,,,,
,,,,,,,,,
,,,,,,,,,
,,,,,,,,,
,,,,,,,,,
,,,,,,,,,
,,,,,,,,,
,,,,,,,,,
,,,,,,,,,
,,,,,,,,,
,,,,,,,,,
,,,,,,,,,
,,,,,,,,,
,,,,,,,,,
,,,,,,,,,
,,,,,,,,,
,,,,,,,,,
,,,,,,,,,
,,,,,,,,,
,,,,,,,,,
,,,,,,,,,
,,,,,,,,,
,,,,,,,,,
,,,,,,,,,
,,,,,,,,,
,,,,,,,,,
,,,,,,,,,
,,,,,,,,,
,,,,,,,,,
,,,,,,,,,
,,,,,,,,,
,,,,,,,,,
,,,,,,,,,
,,,,,,,,,
,,,,,,,,,
,,,,,,,,,
,,,,,,,,,
,,,,,,,,,
,,,,,,,,,
,,,,,,,,,
,,,,,,,,,
,,,,,,,,,
,,,,,,,,,
,,,,,,,,,
,,,,,,,,,
,,,,,,,,,
,,,,,,,,,
,,,,,,,,,
,,,,,,,,,
,,,,,,,,,
,,,,,,,,,
,,,,,,,,,
,,,,,,,,,
,,,,,,,,,
,,,,,,,,,
,,,,,,,,,
,,,,,,,,,
,,,,,,,,,
,,,,,,,,,
,,,,,,,,,
,,,,,,,,,
,,,,,,,,,
,,,,,,,,,
,,,,,,,,,
,,,,,,,,,
,,,,,,,,,
,,,,,,,,,
,,,,,,,,,
,,,,,,,,,
,,,,,,,,,
,,,,,,,,,
,,,,,,,,,
,,,,,,,,,
,,,,,,,,,
,,,,,,,,,
,,,,,,,,,
,,,,,,,,,
,,,,,,,,,
,,,,,,,,,
,,,,,,,,,
,,,,,,,,,
,,,,,,,,,
,,,,,,,,,
,,,,,,,,,
,,,,,,,,,
,,,,,,,,,
,,,,,,,,,
,,,,,,,,,
,,,,,,,,,
,,,,,,,,,
,,,,,,,,,
,,,,,,,,,
,,,,,,,,,
,,,,,,,,,
,,,,,,,,,
,,,,,,,,,
,,,,,,,,,
,,,,,,,,,
,,,,,,,,,
,,,,,,,,,
,,,,,,,,,
,,,,,,,,,
,,,,,,,,,
,,,,,,,,,
,,,,,,,,,
,,,,,,,,,
,,,,,,,,,
,,,,,,,,,
,,,,,,,,,
,,,,,,,,,
,,,,,,,,,
,,,,,,,,,
,,,,,,,,,
,,,,,,,,,
,,,,,,,,,
,,,,,,,,,
,,,,,,,,,
,,,,,,,,,
,,,,,,,,,
,,,,,,,,,
,,,,,,,,,
,,,,,,,,,
,,,,,,,,,
,,,,,,,,,
,,,,,,,,,
,,,,,,,,,
,,,,,,,,,
,,,,,,,,,
,,,,,,,,,
,,,,,,,,,
,,,,,,,,,
,,,,,,,,,
,,,,,,,,,
,,,,,,,,,
,,,,,,,,,
,,,,,,,,,
,,,,,,,,,
,,,,,,,,,
,,,,,,,,,
,,,,,,,,,
,,,,,,,,,
,,,,,,,,,
,,,,,,,,,
,,,,,,,,,
,,,,,,,,,
,,,,,,,,,
,,,,,,,,,
,,,,,,,,,
,,,,,,,,,
,,,,,,,,,
,,,,,,,,,
,,,,,,,,,
,,,,,,,,,
,,,,,,,,,
,,,,,,,,,
,,,,,,,,,
,,,,,,,,,
,,,,,,,,,
,,,,,,,,,
,,,,,,,,,
,,,,,,,,,
,,,,,,,,,
,,,,,,,,,
,,,,,,,,,
,,,,,,,,,
,,,,,,,,,
,,,,,,,,,
,,,,,,,,,
,,,,,,,,,
,,,,,,,,,
,,,,,,,,,
,,,,,,,,,
,,,,,,,,,
,,,,,,,,,
,,,,,,,,,
,,,,,,,,,
,,,,,,,,,
,,,,,,,,,
,,,,,,,,,
,,,,,,,,,
,,,,,,,,,
,,,,,,,,,
,,,,,,,,,
,,,,,,,,,
,,,,,,,,,
,,,,,,,,,
,,,,,,,,,
,,,,,,,,,
,,,,,,,,,
,,,,,,,,,
,,,,,,,,,
,,,,,,,,,
,,,,,,,,,
,,,,,,,,,
,,,,,,,,,
,,,,,,,,,
,,,,,,,,,
,,,,,,,,,
,,,,,,,,,
,,,,,,,,,
,,,,,,,,,
,,,,,,,,,
,,,,,,,,,
,,,,,,,,,
,,,,,,,,,
,,,,,,,,,
,,,,,,,,,
,,,,,,,,,
,,,,,,,,,
,,,,,,,,,
,,,,,,,,,
,,,,,,,,,
,,,,,,,,,
,,,,,,,,,
,,,,,,,,,
,,,,,,,,,
,,,,,,,,,
,,,,,,,,,
,,,,,,,,,
,,,,,,,,,
,,,,,,,,,
,,,,,,,,,
,,,,,,,,,
,,,,,,,,,
,,,,,,,,,
,,,,,,,,,
,,,,,,,,,
,,,,,,,,,
,,,,,,,,,
,,,,,,,,,
,,,,,,,,,
,,,,,,,,,
,,,,,,,,,
,,,,,,,,,
,,,,,,,,,
,,,,,,,,,
,,,,,,,,,
,,,,,,,,,
,,,,,,,,,
,,,,,,,,,
,,,,,,,,,
,,,,,,,,,
,,,,,,,,,
,,,,,,,,,
,,,,,,,,,
,,,,,,,,,
,,,,,,,,,
,,,,,,,,,
,,,,,,,,,
,,,,,,,,,
,,,,,,,,,
,,,,,,,,,
,,,,,,,,,
,,,,,,,,,
,,,,,,,,,
,,,,,,,,,
,,,,,,,,,
,,,,,,,,,
,,,,,,,,,
,,,,,,,,,
,,,,,,,,,
,,,,,,,,,
,,,,,,,,,
,,,,,,,,,
,,,,,,,,,
,,,,,,,,,
,,,,,,,,,
,,,,,,,,,
,,,,,,,,,
,,,,,,,,,
,,,,,,,,,
,,,,,,,,,
,,,,,,,,,
,,,,,,,,,
,,,,,,,,,
,,,,,,,,,
,,,,,,,,,
,,,,,,,,,
,,,,,,,,,
,,,,,,,,,
,,,,,,,,,
,,,,,,,,,
,,,,,,,,,
,,,,,,,,,
,,,,,,,,,
,,,,,,,,,
,,,,,,,,,
,,,,,,,,,
,,,,,,,,,
,,,,,,,,,
,,,,,,,,,
,,,,,,,,,
,,,,,,,,,
,,,,,,,,,
,,,,,,,,,
,,,,,,,,,
,,,,,,,,,
,,,,,,,,,
,,,,,,,,,
,,,,,,,,,
,,,,,,,,,
,,,,,,,,,
,,,,,,,,,
,,,,,,,,,
,,,,,,,,,
,,,,,,,,,
,,,,,,,,,
,,,,,,,,,
,,,,,,,,,
,,,,,,,,,
,,,,,,,,,
,,,,,,,,,
,,,,,,,,,
,,,,,,,,,
,,,,,,,,,
,,,,,,,,,
,,,,,,,,,
,,,,,,,,,
,,,,,,,,,
,,,,,,,,,
,,,,,,,,,
,,,,,,,,,
,,,,,,,,,
,,,,,,,,,
,,,,,,,,,
,,,,,,,,,
,,,,,,,,,
,,,,,,,,,
,,,,,,,,,
,,,,,,,,,
,,,,,,,,,
,,,,,,,,,
,,,,,,,,,
,,,,,,,,,
,,,,,,,,,
,,,,,,,,,
,,,,,,,,,
,,,,,,,,,
,,,,,,,,,
,,,,,,,,,
,,,,,,,,,
,,,,,,,,,
,,,,,,,,,
,,,,,,,,,
,,,,,,,,,
,,,,,,,,,
,,,,,,,,,
,,,,,,,,,
,,,,,,,,,
,,,,,,,,,
,,,,,,,,,
,,,,,,,,,
,,,,,,,,,
,,,,,,,,,
,,,,,,,,,
,,,,,,,,,
,,,,,,,,,
,,,,,,,,,
,,,,,,,,,
,,,,,,,,,
,,,,,,,,,
,,,,,,,,,
,,,,,,,,,
,,,,,,,,,
,,,,,,,,,
,,,,,,,,,
,,,,,,,,,
,,,,,,,,,
,,,,,,,,,
,,,,,,,,,
,,,,,,,,,
,,,,,,,,,
,,,,,,,,,
,,,,,,,,,
,,,,,,,,,
,,,,,,,,,
,,,,,,,,,
,,,,,,,,,
,,,,,,,,,
,,,,,,,,,
,,,,,,,,,
,,,,,,,,,
,,,,,,,,,
,,,,,,,,,
,,,,,,,,,
,,,,,,,,,
,,,,,,,,,
,,,,,,,,,
,,,,,,,,,
,,,,,,,,,
,,,,,,,,,
,,,,,,,,,
,,,,,,,,,
,,,,,,,,,
,,,,,,,,,
,,,,,,,,,
,,,,,,,,,
,,,,,,,,,
,,,,,,,,,
,,,,,,,,,
,,,,,,,,,
,,,,,,,,,
,,,,,,,,,
,,,,,,,,,
,,,,,,,,,
,,,,,,,,,
,,,,,,,,,
,,,,,,,,,
,,,,,,,,,
,,,,,,,,,
,,,,,,,,,
,,,,,,,,,
,,,,,,,,,
,,,,,,,,,
,,,,,,,,,
,,,,,,,,,
,,,,,,,,,
,,,,,,,,,
,,,,,,,,,
,,,,,,,,,
,,,,,,,,,
,,,,,,,,,
,,,,,,,,,
,,,,,,,,,
,,,,,,,,,
,,,,,,,,,
,,,,,,,,,
,,,,,,,,,
,,,,,,,,,
,,,,,,,,,
,,,,,,,,,
,,,,,,,,,
,,,,,,,,,
,,,,,,,,,
,,,,,,,,,
,,,,,,,,,
,,,,,,,,,
,,,,,,,,,
,,,,,,,,,
,,,,,,,,,
,,,,,,,,,
,,,,,,,,,
,,,,,,,,,
,,,,,,,,,
,,,,,,,,,
,,,,,,,,,
,,,,,,,,,
,,,,,,,,,
,,,,,,,,,
,,,,,,,,,
,,,,,,,,,
,,,,,,,,,
,,,,,,,,,
,,,,,,,,,
,,,,,,,,,
,,,,,,,,,
,,,,,,,,,
,,,,,,,,,
,,,,,,,,,
,,,,,,,,,
,,,,,,,,,
,,,,,,,,,
,,,,,,,,,
,,,,,,,,,
,,,,,,,,,
,,,,,,,,,
,,,,,,,,,
,,,,,,,,,
,,,,,,,,,
,,,,,,,,,
,,,,,,,,,
,,,,,,,,,
,,,,,,,,,
,,,,,,,,,
,,,,,,,,,
,,,,,,,,,
,,,,,,,,,
,,,,,,,,,
,,,,,,,,,
,,,,,,,,,
,,,,,,,,,
,,,,,,,,,
,,,,,,,,,
,,,,,,,,,
,,,,,,,,,
,,,,,,,,,
,,,,,,,,,
,,,,,,,,,
,,,,,,,,,
,,,,,,,,,
,,,,,,,,,
,,,,,,,,,
,,,,,,,,,
,,,,,,,,,
,,,,,,,,,
,,,,,,,,,
,,,,,,,,,
,,,,,,,,,
,,,,,,,,,
,,,,,,,,,
,,,,,,,,,
,,,,,,,,,
,,,,,,,,,
,,,,,,,,,
,,,,,,,,,
,,,,,,,,,
,,,,,,,,,
,,,,,,,,,
,,,,,,,,,
,,,,,,,,,
,,,,,,,,,
,,,,,,,,,
,,,,,,,,,
,,,,,,,,,
,,,,,,,,,
,,,,,,,,,
,,,,,,,,,
,,,,,,,,,
,,,,,,,,,
,,,,,,,,,
,,,,,,,,,
,,,,,,,,,
,,,,,,,,,
,,,,,,,,,
,,,,,,,,,
,,,,,,,,,
,,,,,,,,,
,,,,,,,,,
,,,,,,,,,
,,,,,,,,,
,,,,,,,,,
,,,,,,,,,
,,,,,,,,,
,,,,,,,,,
,,,,,,,,,
,,,,,,,,,
,,,,,,,,,
,,,,,,,,,
