VenueConnect — SEO Pages: Dahod,,,,,,,,,
  EVENT + CITY PAGES,,,,,,,,,
Page Type,Page Title,URL Slug,Meta Title,Meta Description,H1 Tag,Target Keyword,Secondary Keywords,Search Intent,Priority
Event + City,Wedding Venues in Dahod | VenueConnect,/dahod/wedding-venues/,Best Wedding Venues in Dahod | Book & Compare Prices - VenueConnect,"Find the best wedding venues in Dahod. Compare wedding halls, banquet spaces & party plots. Get free quotes & instant leads. Browse 100+ options on VenueConnect.",Best Wedding Venues in Dahod,wedding venues in Dahod,"wedding hall Dahod, wedding venue booking Dahod, best wedding venue Dahod, wedding party venue Dahod",Navigational / Transactional,High
Event + City,Birthday Party Venues in Dahod | VenueConnect,/dahod/birthday-party-venues/,Best Birthday Party Venues in Dahod | Book & Compare Prices - VenueConnect,"Find the best birthday party venues in Dahod. Compare birthday party halls, banquet spaces & party plots. Get free quotes & instant leads. Browse 100+ options on VenueConnect.",Best Birthday Party Venues in Dahod,birthday party venues in Dahod,"birthday party hall Dahod, birthday party venue booking Dahod, best birthday party venue Dahod, birthday party party venue Dahod",Navigational / Transactional,High
Event + City,Engagement Venues in Dahod | VenueConnect,/dahod/engagement-venues/,Best Engagement Venues in Dahod | Book & Compare Prices - VenueConnect,"Find the best engagement venues in Dahod. Compare engagement halls, banquet spaces & party plots. Get free quotes & instant leads. Browse 100+ options on VenueConnect.",Best Engagement Venues in Dahod,engagement venues in Dahod,"engagement hall Dahod, engagement venue booking Dahod, best engagement venue Dahod, engagement party venue Dahod",Navigational / Transactional,High
Event + City,Corporate Event Venues in Dahod | VenueConnect,/dahod/corporate-event-venues/,Best Corporate Event Venues in Dahod | Book & Compare Prices - VenueConnect,"Find the best corporate event venues in Dahod. Compare corporate event halls, banquet spaces & party plots. Get free quotes & instant leads. Browse 100+ options on VenueConnect.",Best Corporate Event Venues in Dahod,corporate event venues in Dahod,"corporate event hall Dahod, corporate event venue booking Dahod, best corporate event venue Dahod, corporate event party venue Dahod",Navigational / Transactional,High
Event + City,Reception Venues in Dahod | VenueConnect,/dahod/reception-venues/,Best Reception Venues in Dahod | Book & Compare Prices - VenueConnect,"Find the best reception venues in Dahod. Compare reception halls, banquet spaces & party plots. Get free quotes & instant leads. Browse 100+ options on VenueConnect.",Best Reception Venues in Dahod,reception venues in Dahod,"reception hall Dahod, reception venue booking Dahod, best reception venue Dahod, reception party venue Dahod",Navigational / Transactional,High
Event + City,Sangeet Ceremony Venues in Dahod | VenueConnect,/dahod/sangeet-ceremony-venues/,Best Sangeet Ceremony Venues in Dahod | Book & Compare Prices - VenueConnect,"Find the best sangeet ceremony venues in Dahod. Compare sangeet ceremony halls, banquet spaces & party plots. Get free quotes & instant leads. Browse 100+ options on VenueConnect.",Best Sangeet Ceremony Venues in Dahod,sangeet ceremony venues in Dahod,"sangeet ceremony hall Dahod, sangeet ceremony venue booking Dahod, best sangeet ceremony venue Dahod, sangeet ceremony party venue Dahod",Navigational / Transactional,High
Event + City,Garba Night Venues in Dahod | VenueConnect,/dahod/garba-night-venues/,Best Garba Night Venues in Dahod | Book & Compare Prices - VenueConnect,"Find the best garba night venues in Dahod. Compare garba night halls, banquet spaces & party plots. Get free quotes & instant leads. Browse 100+ options on VenueConnect.",Best Garba Night Venues in Dahod,garba night venues in Dahod,"garba night hall Dahod, garba night venue booking Dahod, best garba night venue Dahod, garba night party venue Dahod",Navigational / Transactional,High
Event + City,Pool Party Venues in Dahod | VenueConnect,/dahod/pool-party-venues/,Best Pool Party Venues in Dahod | Book & Compare Prices - VenueConnect,"Find the best pool party venues in Dahod. Compare pool party halls, banquet spaces & party plots. Get free quotes & instant leads. Browse 100+ options on VenueConnect.",Best Pool Party Venues in Dahod,pool party venues in Dahod,"pool party hall Dahod, pool party venue booking Dahod, best pool party venue Dahod, pool party party venue Dahod",Navigational / Transactional,High
Event + City,Kitty Party Venues in Dahod | VenueConnect,/dahod/kitty-party-venues/,Best Kitty Party Venues in Dahod | Book & Compare Prices - VenueConnect,"Find the best kitty party venues in Dahod. Compare kitty party halls, banquet spaces & party plots. Get free quotes & instant leads. Browse 100+ options on VenueConnect.",Best Kitty Party Venues in Dahod,kitty party venues in Dahod,"kitty party hall Dahod, kitty party venue booking Dahod, best kitty party venue Dahod, kitty party party venue Dahod",Navigational / Transactional,High
Event + City,Cocktail Party Venues in Dahod | VenueConnect,/dahod/cocktail-party-venues/,Best Cocktail Party Venues in Dahod | Book & Compare Prices - VenueConnect,"Find the best cocktail party venues in Dahod. Compare cocktail party halls, banquet spaces & party plots. Get free quotes & instant leads. Browse 100+ options on VenueConnect.",Best Cocktail Party Venues in Dahod,cocktail party venues in Dahod,"cocktail party hall Dahod, cocktail party venue booking Dahod, best cocktail party venue Dahod, cocktail party party venue Dahod",Navigational / Transactional,High
Event + City,Baby Shower Venues in Dahod | VenueConnect,/dahod/baby-shower-venues/,Best Baby Shower Venues in Dahod | Book & Compare Prices - VenueConnect,"Find the best baby shower venues in Dahod. Compare baby shower halls, banquet spaces & party plots. Get free quotes & instant leads. Browse 100+ options on VenueConnect.",Best Baby Shower Venues in Dahod,baby shower venues in Dahod,"baby shower hall Dahod, baby shower venue booking Dahod, best baby shower venue Dahod, baby shower party venue Dahod",Navigational / Transactional,High
Event + City,Anniversary Party Venues in Dahod | VenueConnect,/dahod/anniversary-party-venues/,Best Anniversary Party Venues in Dahod | Book & Compare Prices - VenueConnect,"Find the best anniversary party venues in Dahod. Compare anniversary party halls, banquet spaces & party plots. Get free quotes & instant leads. Browse 100+ options on VenueConnect.",Best Anniversary Party Venues in Dahod,anniversary party venues in Dahod,"anniversary party hall Dahod, anniversary party venue booking Dahod, best anniversary party venue Dahod, anniversary party party venue Dahod",Navigational / Transactional,High
Event + City,Farewell Party Venues in Dahod | VenueConnect,/dahod/farewell-party-venues/,Best Farewell Party Venues in Dahod | Book & Compare Prices - VenueConnect,"Find the best farewell party venues in Dahod. Compare farewell party halls, banquet spaces & party plots. Get free quotes & instant leads. Browse 100+ options on VenueConnect.",Best Farewell Party Venues in Dahod,farewell party venues in Dahod,"farewell party hall Dahod, farewell party venue booking Dahod, best farewell party venue Dahod, farewell party party venue Dahod",Navigational / Transactional,High
Event + City,Reunion Party Venues in Dahod | VenueConnect,/dahod/reunion-party-venues/,Best Reunion Party Venues in Dahod | Book & Compare Prices - VenueConnect,"Find the best reunion party venues in Dahod. Compare reunion party halls, banquet spaces & party plots. Get free quotes & instant leads. Browse 100+ options on VenueConnect.",Best Reunion Party Venues in Dahod,reunion party venues in Dahod,"reunion party hall Dahod, reunion party venue booking Dahod, best reunion party venue Dahod, reunion party party venue Dahod",Navigational / Transactional,High
Event + City,Product Launch Venues in Dahod | VenueConnect,/dahod/product-launch-venues/,Best Product Launch Venues in Dahod | Book & Compare Prices - VenueConnect,"Find the best product launch venues in Dahod. Compare product launch halls, banquet spaces & party plots. Get free quotes & instant leads. Browse 100+ options on VenueConnect.",Best Product Launch Venues in Dahod,product launch venues in Dahod,"product launch hall Dahod, product launch venue booking Dahod, best product launch venue Dahod, product launch party venue Dahod",Navigational / Transactional,High
Event + City,Conference Venues in Dahod | VenueConnect,/dahod/conference-venues/,Best Conference Venues in Dahod | Book & Compare Prices - VenueConnect,"Find the best conference venues in Dahod. Compare conference halls, banquet spaces & party plots. Get free quotes & instant leads. Browse 100+ options on VenueConnect.",Best Conference Venues in Dahod,conference venues in Dahod,"conference hall Dahod, conference venue booking Dahod, best conference venue Dahod, conference party venue Dahod",Navigational / Transactional,High
Event + City,Seminar Venues in Dahod | VenueConnect,/dahod/seminar-venues/,Best Seminar Venues in Dahod | Book & Compare Prices - VenueConnect,"Find the best seminar venues in Dahod. Compare seminar halls, banquet spaces & party plots. Get free quotes & instant leads. Browse 100+ options on VenueConnect.",Best Seminar Venues in Dahod,seminar venues in Dahod,"seminar hall Dahod, seminar venue booking Dahod, best seminar venue Dahod, seminar party venue Dahod",Navigational / Transactional,High
Event + City,Award Ceremony Venues in Dahod | VenueConnect,/dahod/award-ceremony-venues/,Best Award Ceremony Venues in Dahod | Book & Compare Prices - VenueConnect,"Find the best award ceremony venues in Dahod. Compare award ceremony halls, banquet spaces & party plots. Get free quotes & instant leads. Browse 100+ options on VenueConnect.",Best Award Ceremony Venues in Dahod,award ceremony venues in Dahod,"award ceremony hall Dahod, award ceremony venue booking Dahod, best award ceremony venue Dahod, award ceremony party venue Dahod",Navigational / Transactional,High
Event + City,Walkin Interview Venues in Dahod | VenueConnect,/dahod/walkin-interview-venues/,Best Walkin Interview Venues in Dahod | Book & Compare Prices - VenueConnect,"Find the best walkin interview venues in Dahod. Compare walkin interview halls, banquet spaces & party plots. Get free quotes & instant leads. Browse 100+ options on VenueConnect.",Best Walkin Interview Venues in Dahod,walkin interview venues in Dahod,"walkin interview hall Dahod, walkin interview venue booking Dahod, best walkin interview venue Dahod, walkin interview party venue Dahod",Navigational / Transactional,High
Event + City,Training Venues in Dahod | VenueConnect,/dahod/training-venues/,Best Training Venues in Dahod | Book & Compare Prices - VenueConnect,"Find the best training venues in Dahod. Compare training halls, banquet spaces & party plots. Get free quotes & instant leads. Browse 100+ options on VenueConnect.",Best Training Venues in Dahod,training venues in Dahod,"training hall Dahod, training venue booking Dahod, best training venue Dahod, training party venue Dahod",Navigational / Transactional,High
Event + City,Team Outing Venues in Dahod | VenueConnect,/dahod/team-outing-venues/,Best Team Outing Venues in Dahod | Book & Compare Prices - VenueConnect,"Find the best team outing venues in Dahod. Compare team outing halls, banquet spaces & party plots. Get free quotes & instant leads. Browse 100+ options on VenueConnect.",Best Team Outing Venues in Dahod,team outing venues in Dahod,"team outing hall Dahod, team outing venue booking Dahod, best team outing venue Dahod, team outing party venue Dahod",Navigational / Transactional,High
Event + City,Stage Event Venues in Dahod | VenueConnect,/dahod/stage-event-venues/,Best Stage Event Venues in Dahod | Book & Compare Prices - VenueConnect,"Find the best stage event venues in Dahod. Compare stage event halls, banquet spaces & party plots. Get free quotes & instant leads. Browse 100+ options on VenueConnect.",Best Stage Event Venues in Dahod,stage event venues in Dahod,"stage event hall Dahod, stage event venue booking Dahod, best stage event venue Dahod, stage event party venue Dahod",Navigational / Transactional,High
Event + City,Ring Ceremony Venues in Dahod | VenueConnect,/dahod/ring-ceremony-venues/,Best Ring Ceremony Venues in Dahod | Book & Compare Prices - VenueConnect,"Find the best ring ceremony venues in Dahod. Compare ring ceremony halls, banquet spaces & party plots. Get free quotes & instant leads. Browse 100+ options on VenueConnect.",Best Ring Ceremony Venues in Dahod,ring ceremony venues in Dahod,"ring ceremony hall Dahod, ring ceremony venue booking Dahod, best ring ceremony venue Dahod, ring ceremony party venue Dahod",Navigational / Transactional,High
Event + City,Residential Conference Venues in Dahod | VenueConnect,/dahod/residential-conference-venues/,Best Residential Conference Venues in Dahod | Book & Compare Prices - VenueConnect,"Find the best residential conference venues in Dahod. Compare residential conference halls, banquet spaces & party plots. Get free quotes & instant leads. Browse 100+ options on VenueConnect.",Best Residential Conference Venues in Dahod,residential conference venues in Dahod,"residential conference hall Dahod, residential conference venue booking Dahod, best residential conference venue Dahod, residential conference party venue Dahod",Navigational / Transactional,High
Event + City,Pre Wedding Mehendi Party Venues in Dahod | VenueConnect,/dahod/pre-wedding-mehendi-party-venues/,Best Pre Wedding Mehendi Party Venues in Dahod | Book & Compare Prices - VenueConnect,"Find the best pre wedding mehendi party venues in Dahod. Compare pre wedding mehendi party halls, banquet spaces & party plots. Get free quotes & instant leads. Browse 100+ options on VenueConnect.",Best Pre Wedding Mehendi Party Venues in Dahod,pre wedding mehendi party venues in Dahod,"pre wedding mehendi party hall Dahod, pre wedding mehendi party venue booking Dahod, best pre wedding mehendi party venue Dahod, pre wedding mehendi party party venue Dahod",Navigational / Transactional,High
Event + City,Photo Shoots Venues in Dahod | VenueConnect,/dahod/photo-shoots-venues/,Best Photo Shoots Venues in Dahod | Book & Compare Prices - VenueConnect,"Find the best photo shoots venues in Dahod. Compare photo shoots halls, banquet spaces & party plots. Get free quotes & instant leads. Browse 100+ options on VenueConnect.",Best Photo Shoots Venues in Dahod,photo shoots venues in Dahod,"photo shoots hall Dahod, photo shoots venue booking Dahod, best photo shoots venue Dahod, photo shoots party venue Dahod",Navigational / Transactional,High
Event + City,Naming Ceremony Venues in Dahod | VenueConnect,/dahod/naming-ceremony-venues/,Best Naming Ceremony Venues in Dahod | Book & Compare Prices - VenueConnect,"Find the best naming ceremony venues in Dahod. Compare naming ceremony halls, banquet spaces & party plots. Get free quotes & instant leads. Browse 100+ options on VenueConnect.",Best Naming Ceremony Venues in Dahod,naming ceremony venues in Dahod,"naming ceremony hall Dahod, naming ceremony venue booking Dahod, best naming ceremony venue Dahod, naming ceremony party venue Dahod",Navigational / Transactional,High
Event + City,Musical Concert Venues in Dahod | VenueConnect,/dahod/musical-concert-venues/,Best Musical Concert Venues in Dahod | Book & Compare Prices - VenueConnect,"Find the best musical concert venues in Dahod. Compare musical concert halls, banquet spaces & party plots. Get free quotes & instant leads. Browse 100+ options on VenueConnect.",Best Musical Concert Venues in Dahod,musical concert venues in Dahod,"musical concert hall Dahod, musical concert venue booking Dahod, best musical concert venue Dahod, musical concert party venue Dahod",Navigational / Transactional,High
Event + City,MICE Venues in Dahod | VenueConnect,/dahod/mice-venues/,Best MICE Venues in Dahod | Book & Compare Prices - VenueConnect,"Find the best mice venues in Dahod. Compare mice halls, banquet spaces & party plots. Get free quotes & instant leads. Browse 100+ options on VenueConnect.",Best MICE Venues in Dahod,mice venues in Dahod,"mice hall Dahod, mice venue booking Dahod, best mice venue Dahod, mice party venue Dahod",Navigational / Transactional,High
Event + City,Meeting Venues in Dahod | VenueConnect,/dahod/meeting-venues/,Best Meeting Venues in Dahod | Book & Compare Prices - VenueConnect,"Find the best meeting venues in Dahod. Compare meeting halls, banquet spaces & party plots. Get free quotes & instant leads. Browse 100+ options on VenueConnect.",Best Meeting Venues in Dahod,meeting venues in Dahod,"meeting hall Dahod, meeting venue booking Dahod, best meeting venue Dahod, meeting party venue Dahod",Navigational / Transactional,High
Event + City,Kids Birthday Party Venues in Dahod | VenueConnect,/dahod/kids-birthday-party-venues/,Best Kids Birthday Party Venues in Dahod | Book & Compare Prices - VenueConnect,"Find the best kids birthday party venues in Dahod. Compare kids birthday party halls, banquet spaces & party plots. Get free quotes & instant leads. Browse 100+ options on VenueConnect.",Best Kids Birthday Party Venues in Dahod,kids birthday party venues in Dahod,"kids birthday party hall Dahod, kids birthday party venue booking Dahod, best kids birthday party venue Dahod, kids birthday party party venue Dahod",Navigational / Transactional,High
Event + City,Holi Party Venues in Dahod | VenueConnect,/dahod/holi-party-venues/,Best Holi Party Venues in Dahod | Book & Compare Prices - VenueConnect,"Find the best holi party venues in Dahod. Compare holi party halls, banquet spaces & party plots. Get free quotes & instant leads. Browse 100+ options on VenueConnect.",Best Holi Party Venues in Dahod,holi party venues in Dahod,"holi party hall Dahod, holi party venue booking Dahod, best holi party venue Dahod, holi party party venue Dahod",Navigational / Transactional,High
Event + City,Group Dining Venues in Dahod | VenueConnect,/dahod/group-dining-venues/,Best Group Dining Venues in Dahod | Book & Compare Prices - VenueConnect,"Find the best group dining venues in Dahod. Compare group dining halls, banquet spaces & party plots. Get free quotes & instant leads. Browse 100+ options on VenueConnect.",Best Group Dining Venues in Dahod,group dining venues in Dahod,"group dining hall Dahod, group dining venue booking Dahod, best group dining venue Dahod, group dining party venue Dahod",Navigational / Transactional,High
Event + City,Get Together Venues in Dahod | VenueConnect,/dahod/get-together-venues/,Best Get Together Venues in Dahod | Book & Compare Prices - VenueConnect,"Find the best get together venues in Dahod. Compare get together halls, banquet spaces & party plots. Get free quotes & instant leads. Browse 100+ options on VenueConnect.",Best Get Together Venues in Dahod,get together venues in Dahod,"get together hall Dahod, get together venue booking Dahod, best get together venue Dahod, get together party venue Dahod",Navigational / Transactional,High
Event + City,Game Watch Venues in Dahod | VenueConnect,/dahod/game-watch-venues/,Best Game Watch Venues in Dahod | Book & Compare Prices - VenueConnect,"Find the best game watch venues in Dahod. Compare game watch halls, banquet spaces & party plots. Get free quotes & instant leads. Browse 100+ options on VenueConnect.",Best Game Watch Venues in Dahod,game watch venues in Dahod,"game watch hall Dahod, game watch venue booking Dahod, best game watch venue Dahod, game watch party venue Dahod",Navigational / Transactional,High
Event + City,Freshers Party Venues in Dahod | VenueConnect,/dahod/freshers-party-venues/,Best Freshers Party Venues in Dahod | Book & Compare Prices - VenueConnect,"Find the best freshers party venues in Dahod. Compare freshers party halls, banquet spaces & party plots. Get free quotes & instant leads. Browse 100+ options on VenueConnect.",Best Freshers Party Venues in Dahod,freshers party venues in Dahod,"freshers party hall Dahod, freshers party venue booking Dahod, best freshers party venue Dahod, freshers party party venue Dahod",Navigational / Transactional,High
Event + City,First Birthday Party Venues in Dahod | VenueConnect,/dahod/first-birthday-party-venues/,Best First Birthday Party Venues in Dahod | Book & Compare Prices - VenueConnect,"Find the best first birthday party venues in Dahod. Compare first birthday party halls, banquet spaces & party plots. Get free quotes & instant leads. Browse 100+ options on VenueConnect.",Best First Birthday Party Venues in Dahod,first birthday party venues in Dahod,"first birthday party hall Dahod, first birthday party venue booking Dahod, best first birthday party venue Dahod, first birthday party party venue Dahod",Navigational / Transactional,High
Event + City,Fashion Show Venues in Dahod | VenueConnect,/dahod/fashion-show-venues/,Best Fashion Show Venues in Dahod | Book & Compare Prices - VenueConnect,"Find the best fashion show venues in Dahod. Compare fashion show halls, banquet spaces & party plots. Get free quotes & instant leads. Browse 100+ options on VenueConnect.",Best Fashion Show Venues in Dahod,fashion show venues in Dahod,"fashion show hall Dahod, fashion show venue booking Dahod, best fashion show venue Dahod, fashion show party venue Dahod",Navigational / Transactional,High
Event + City,Family Function Venues in Dahod | VenueConnect,/dahod/family-function-venues/,Best Family Function Venues in Dahod | Book & Compare Prices - VenueConnect,"Find the best family function venues in Dahod. Compare family function halls, banquet spaces & party plots. Get free quotes & instant leads. Browse 100+ options on VenueConnect.",Best Family Function Venues in Dahod,family function venues in Dahod,"family function hall Dahod, family function venue booking Dahod, best family function venue Dahod, family function party venue Dahod",Navigational / Transactional,High
Event + City,Exhibition Venues in Dahod | VenueConnect,/dahod/exhibition-venues/,Best Exhibition Venues in Dahod | Book & Compare Prices - VenueConnect,"Find the best exhibition venues in Dahod. Compare exhibition halls, banquet spaces & party plots. Get free quotes & instant leads. Browse 100+ options on VenueConnect.",Best Exhibition Venues in Dahod,exhibition venues in Dahod,"exhibition hall Dahod, exhibition venue booking Dahod, best exhibition venue Dahod, exhibition party venue Dahod",Navigational / Transactional,High
Event + City,Corporate Training Venues in Dahod | VenueConnect,/dahod/corporate-training-venues/,Best Corporate Training Venues in Dahod | Book & Compare Prices - VenueConnect,"Find the best corporate training venues in Dahod. Compare corporate training halls, banquet spaces & party plots. Get free quotes & instant leads. Browse 100+ options on VenueConnect.",Best Corporate Training Venues in Dahod,corporate training venues in Dahod,"corporate training hall Dahod, corporate training venue booking Dahod, best corporate training venue Dahod, corporate training party venue Dahod",Navigational / Transactional,High
Event + City,Corporate Party Venues in Dahod | VenueConnect,/dahod/corporate-party-venues/,Best Corporate Party Venues in Dahod | Book & Compare Prices - VenueConnect,"Find the best corporate party venues in Dahod. Compare corporate party halls, banquet spaces & party plots. Get free quotes & instant leads. Browse 100+ options on VenueConnect.",Best Corporate Party Venues in Dahod,corporate party venues in Dahod,"corporate party hall Dahod, corporate party venue booking Dahod, best corporate party venue Dahod, corporate party party venue Dahod",Navigational / Transactional,High
Event + City,Corporate Offsite Venues in Dahod | VenueConnect,/dahod/corporate-offsite-venues/,Best Corporate Offsite Venues in Dahod | Book & Compare Prices - VenueConnect,"Find the best corporate offsite venues in Dahod. Compare corporate offsite halls, banquet spaces & party plots. Get free quotes & instant leads. Browse 100+ options on VenueConnect.",Best Corporate Offsite Venues in Dahod,corporate offsite venues in Dahod,"corporate offsite hall Dahod, corporate offsite venue booking Dahod, best corporate offsite venue Dahod, corporate offsite party venue Dahod",Navigational / Transactional,High
Event + City,Cocktail Dinner Venues in Dahod | VenueConnect,/dahod/cocktail-dinner-venues/,Best Cocktail Dinner Venues in Dahod | Book & Compare Prices - VenueConnect,"Find the best cocktail dinner venues in Dahod. Compare cocktail dinner halls, banquet spaces & party plots. Get free quotes & instant leads. Browse 100+ options on VenueConnect.",Best Cocktail Dinner Venues in Dahod,cocktail dinner venues in Dahod,"cocktail dinner hall Dahod, cocktail dinner venue booking Dahod, best cocktail dinner venue Dahod, cocktail dinner party venue Dahod",Navigational / Transactional,High
Event + City,Class Reunion Venues in Dahod | VenueConnect,/dahod/class-reunion-venues/,Best Class Reunion Venues in Dahod | Book & Compare Prices - VenueConnect,"Find the best class reunion venues in Dahod. Compare class reunion halls, banquet spaces & party plots. Get free quotes & instant leads. Browse 100+ options on VenueConnect.",Best Class Reunion Venues in Dahod,class reunion venues in Dahod,"class reunion hall Dahod, class reunion venue booking Dahod, best class reunion venue Dahod, class reunion party venue Dahod",Navigational / Transactional,High
Event + City,Christian Communion Venues in Dahod | VenueConnect,/dahod/christian-communion-venues/,Best Christian Communion Venues in Dahod | Book & Compare Prices - VenueConnect,"Find the best christian communion venues in Dahod. Compare christian communion halls, banquet spaces & party plots. Get free quotes & instant leads. Browse 100+ options on VenueConnect.",Best Christian Communion Venues in Dahod,christian communion venues in Dahod,"christian communion hall Dahod, christian communion venue booking Dahod, best christian communion venue Dahod, christian communion party venue Dahod",Navigational / Transactional,High
Event + City,Childrens Party Venues in Dahod | VenueConnect,/dahod/childrens-party-venues/,Best Childrens Party Venues in Dahod | Book & Compare Prices - VenueConnect,"Find the best childrens party venues in Dahod. Compare childrens party halls, banquet spaces & party plots. Get free quotes & instant leads. Browse 100+ options on VenueConnect.",Best Childrens Party Venues in Dahod,childrens party venues in Dahod,"childrens party hall Dahod, childrens party venue booking Dahod, best childrens party venue Dahod, childrens party party venue Dahod",Navigational / Transactional,High
Event + City,Business Dinner Venues in Dahod | VenueConnect,/dahod/business-dinner-venues/,Best Business Dinner Venues in Dahod | Book & Compare Prices - VenueConnect,"Find the best business dinner venues in Dahod. Compare business dinner halls, banquet spaces & party plots. Get free quotes & instant leads. Browse 100+ options on VenueConnect.",Best Business Dinner Venues in Dahod,business dinner venues in Dahod,"business dinner hall Dahod, business dinner venue booking Dahod, best business dinner venue Dahod, business dinner party venue Dahod",Navigational / Transactional,High
Event + City,Bridal Shower Venues in Dahod | VenueConnect,/dahod/bridal-shower-venues/,Best Bridal Shower Venues in Dahod | Book & Compare Prices - VenueConnect,"Find the best bridal shower venues in Dahod. Compare bridal shower halls, banquet spaces & party plots. Get free quotes & instant leads. Browse 100+ options on VenueConnect.",Best Bridal Shower Venues in Dahod,bridal shower venues in Dahod,"bridal shower hall Dahod, bridal shower venue booking Dahod, best bridal shower venue Dahod, bridal shower party venue Dahod",Navigational / Transactional,High
Event + City,Brand Promotion Venues in Dahod | VenueConnect,/dahod/brand-promotion-venues/,Best Brand Promotion Venues in Dahod | Book & Compare Prices - VenueConnect,"Find the best brand promotion venues in Dahod. Compare brand promotion halls, banquet spaces & party plots. Get free quotes & instant leads. Browse 100+ options on VenueConnect.",Best Brand Promotion Venues in Dahod,brand promotion venues in Dahod,"brand promotion hall Dahod, brand promotion venue booking Dahod, best brand promotion venue Dahod, brand promotion party venue Dahod",Navigational / Transactional,High
Event + City,Bachelor Party Venues in Dahod | VenueConnect,/dahod/bachelor-party-venues/,Best Bachelor Party Venues in Dahod | Book & Compare Prices - VenueConnect,"Find the best bachelor party venues in Dahod. Compare bachelor party halls, banquet spaces & party plots. Get free quotes & instant leads. Browse 100+ options on VenueConnect.",Best Bachelor Party Venues in Dahod,bachelor party venues in Dahod,"bachelor party hall Dahod, bachelor party venue booking Dahod, best bachelor party venue Dahod, bachelor party party venue Dahod",Navigational / Transactional,High
Event + City,Aqueeqa Ceremony Venues in Dahod | VenueConnect,/dahod/aqueeqa-ceremony-venues/,Best Aqueeqa Ceremony Venues in Dahod | Book & Compare Prices - VenueConnect,"Find the best aqueeqa ceremony venues in Dahod. Compare aqueeqa ceremony halls, banquet spaces & party plots. Get free quotes & instant leads. Browse 100+ options on VenueConnect.",Best Aqueeqa Ceremony Venues in Dahod,aqueeqa ceremony venues in Dahod,"aqueeqa ceremony hall Dahod, aqueeqa ceremony venue booking Dahod, best aqueeqa ceremony venue Dahod, aqueeqa ceremony party venue Dahod",Navigational / Transactional,High
Event + City,Annual Fest Venues in Dahod | VenueConnect,/dahod/annual-fest-venues/,Best Annual Fest Venues in Dahod | Book & Compare Prices - VenueConnect,"Find the best annual fest venues in Dahod. Compare annual fest halls, banquet spaces & party plots. Get free quotes & instant leads. Browse 100+ options on VenueConnect.",Best Annual Fest Venues in Dahod,annual fest venues in Dahod,"annual fest hall Dahod, annual fest venue booking Dahod, best annual fest venue Dahod, annual fest party venue Dahod",Navigational / Transactional,High
Event + City,Adventure Party Venues in Dahod | VenueConnect,/dahod/adventure-party-venues/,Best Adventure Party Venues in Dahod | Book & Compare Prices - VenueConnect,"Find the best adventure party venues in Dahod. Compare adventure party halls, banquet spaces & party plots. Get free quotes & instant leads. Browse 100+ options on VenueConnect.",Best Adventure Party Venues in Dahod,adventure party venues in Dahod,"adventure party hall Dahod, adventure party venue booking Dahod, best adventure party venue Dahod, adventure party party venue Dahod",Navigational / Transactional,High
Event + City,Haldi Ceremony Venues in Dahod | VenueConnect,/dahod/haldi-ceremony-venues/,Best Haldi Ceremony Venues in Dahod | Book & Compare Prices - VenueConnect,"Find the best haldi ceremony venues in Dahod. Compare haldi ceremony halls, banquet spaces & party plots. Get free quotes & instant leads. Browse 100+ options on VenueConnect.",Best Haldi Ceremony Venues in Dahod,haldi ceremony venues in Dahod,"haldi ceremony hall Dahod, haldi ceremony venue booking Dahod, best haldi ceremony venue Dahod, haldi ceremony party venue Dahod",Navigational / Transactional,High
  VENDOR + CITY PAGES,,,,,,,,,
Page Type,Page Title,URL Slug,Meta Title,Meta Description,H1 Tag,Target Keyword,Secondary Keywords,Search Intent,Priority
Vendor + City,Photographers in Dahod | VenueConnect,/dahod/vendors/photographers/,Top Photographers in Dahod | Compare & Hire - VenueConnect,"Hire top photographers in Dahod for weddings, birthdays & all events. Compare portfolios, pricing & reviews. Get direct leads via WhatsApp. Book on VenueConnect.",Top Photographers in Dahod,photographers in Dahod,"photographers for wedding Dahod, best photographers Dahod, affordable photographers Dahod, photographers contact Dahod",Transactional,High
Vendor + City,Caterers in Dahod | VenueConnect,/dahod/vendors/caterers/,Top Caterers in Dahod | Compare & Hire - VenueConnect,"Hire top caterers in Dahod for weddings, birthdays & all events. Compare portfolios, pricing & reviews. Get direct leads via WhatsApp. Book on VenueConnect.",Top Caterers in Dahod,caterers in Dahod,"caterers for wedding Dahod, best caterers Dahod, affordable caterers Dahod, caterers contact Dahod",Transactional,High
Vendor + City,Decorators in Dahod | VenueConnect,/dahod/vendors/decorators/,Top Decorators in Dahod | Compare & Hire - VenueConnect,"Hire top decorators in Dahod for weddings, birthdays & all events. Compare portfolios, pricing & reviews. Get direct leads via WhatsApp. Book on VenueConnect.",Top Decorators in Dahod,decorators in Dahod,"decorators for wedding Dahod, best decorators Dahod, affordable decorators Dahod, decorators contact Dahod",Transactional,High
Vendor + City,Mehndi Artists in Dahod | VenueConnect,/dahod/vendors/mehndi-artists/,Top Mehndi Artists in Dahod | Compare & Hire - VenueConnect,"Hire top mehndi artists in Dahod for weddings, birthdays & all events. Compare portfolios, pricing & reviews. Get direct leads via WhatsApp. Book on VenueConnect.",Top Mehndi Artists in Dahod,mehndi artists in Dahod,"mehndi artists for wedding Dahod, best mehndi artists Dahod, affordable mehndi artists Dahod, mehndi artists contact Dahod",Transactional,High
Vendor + City,DJs in Dahod | VenueConnect,/dahod/vendors/djs/,Top DJs in Dahod | Compare & Hire - VenueConnect,"Hire top djs in Dahod for weddings, birthdays & all events. Compare portfolios, pricing & reviews. Get direct leads via WhatsApp. Book on VenueConnect.",Top DJs in Dahod,djs in Dahod,"djs for wedding Dahod, best djs Dahod, affordable djs Dahod, djs contact Dahod",Transactional,High
Vendor + City,Bands in Dahod | VenueConnect,/dahod/vendors/bands/,Top Bands in Dahod | Compare & Hire - VenueConnect,"Hire top bands in Dahod for weddings, birthdays & all events. Compare portfolios, pricing & reviews. Get direct leads via WhatsApp. Book on VenueConnect.",Top Bands in Dahod,bands in Dahod,"bands for wedding Dahod, best bands Dahod, affordable bands Dahod, bands contact Dahod",Transactional,High
Vendor + City,Event Planners in Dahod | VenueConnect,/dahod/vendors/event-planners/,Top Event Planners in Dahod | Compare & Hire - VenueConnect,"Hire top event planners in Dahod for weddings, birthdays & all events. Compare portfolios, pricing & reviews. Get direct leads via WhatsApp. Book on VenueConnect.",Top Event Planners in Dahod,event planners in Dahod,"event planners for wedding Dahod, best event planners Dahod, affordable event planners Dahod, event planners contact Dahod",Transactional,High
Vendor + City,Bridal Wear in Dahod | VenueConnect,/dahod/vendors/bridal-wear/,Top Bridal Wear in Dahod | Compare & Hire - VenueConnect,"Hire top bridal wear in Dahod for weddings, birthdays & all events. Compare portfolios, pricing & reviews. Get direct leads via WhatsApp. Book on VenueConnect.",Top Bridal Wear in Dahod,bridal wear in Dahod,"bridal wear for wedding Dahod, best bridal wear Dahod, affordable bridal wear Dahod, bridal wear contact Dahod",Transactional,High
Vendor + City,Makeup Artists in Dahod | VenueConnect,/dahod/vendors/makeup-artists/,Top Makeup Artists in Dahod | Compare & Hire - VenueConnect,"Hire top makeup artists in Dahod for weddings, birthdays & all events. Compare portfolios, pricing & reviews. Get direct leads via WhatsApp. Book on VenueConnect.",Top Makeup Artists in Dahod,makeup artists in Dahod,"makeup artists for wedding Dahod, best makeup artists Dahod, affordable makeup artists Dahod, makeup artists contact Dahod",Transactional,High
Vendor + City,Florists in Dahod | VenueConnect,/dahod/vendors/florists/,Top Florists in Dahod | Compare & Hire - VenueConnect,"Hire top florists in Dahod for weddings, birthdays & all events. Compare portfolios, pricing & reviews. Get direct leads via WhatsApp. Book on VenueConnect.",Top Florists in Dahod,florists in Dahod,"florists for wedding Dahod, best florists Dahod, affordable florists Dahod, florists contact Dahod",Transactional,High
Vendor + City,Videographers in Dahod | VenueConnect,/dahod/vendors/videographers/,Top Videographers in Dahod | Compare & Hire - VenueConnect,"Hire top videographers in Dahod for weddings, birthdays & all events. Compare portfolios, pricing & reviews. Get direct leads via WhatsApp. Book on VenueConnect.",Top Videographers in Dahod,videographers in Dahod,"videographers for wedding Dahod, best videographers Dahod, affordable videographers Dahod, videographers contact Dahod",Transactional,High
Vendor + City,Wedding Planners in Dahod | VenueConnect,/dahod/vendors/wedding-planners/,Top Wedding Planners in Dahod | Compare & Hire - VenueConnect,"Hire top wedding planners in Dahod for weddings, birthdays & all events. Compare portfolios, pricing & reviews. Get direct leads via WhatsApp. Book on VenueConnect.",Top Wedding Planners in Dahod,wedding planners in Dahod,"wedding planners for wedding Dahod, best wedding planners Dahod, affordable wedding planners Dahod, wedding planners contact Dahod",Transactional,High
Vendor + City,Tent Houses in Dahod | VenueConnect,/dahod/vendors/tent-houses/,Top Tent Houses in Dahod | Compare & Hire - VenueConnect,"Hire top tent houses in Dahod for weddings, birthdays & all events. Compare portfolios, pricing & reviews. Get direct leads via WhatsApp. Book on VenueConnect.",Top Tent Houses in Dahod,tent houses in Dahod,"tent houses for wedding Dahod, best tent houses Dahod, affordable tent houses Dahod, tent houses contact Dahod",Transactional,High
Vendor + City,Choreographers in Dahod | VenueConnect,/dahod/vendors/choreographers/,Top Choreographers in Dahod | Compare & Hire - VenueConnect,"Hire top choreographers in Dahod for weddings, birthdays & all events. Compare portfolios, pricing & reviews. Get direct leads via WhatsApp. Book on VenueConnect.",Top Choreographers in Dahod,choreographers in Dahod,"choreographers for wedding Dahod, best choreographers Dahod, affordable choreographers Dahod, choreographers contact Dahod",Transactional,High
Vendor + City,Invitation Cards in Dahod | VenueConnect,/dahod/vendors/invitation-cards/,Top Invitation Cards in Dahod | Compare & Hire - VenueConnect,"Hire top invitation cards in Dahod for weddings, birthdays & all events. Compare portfolios, pricing & reviews. Get direct leads via WhatsApp. Book on VenueConnect.",Top Invitation Cards in Dahod,invitation cards in Dahod,"invitation cards for wedding Dahod, best invitation cards Dahod, affordable invitation cards Dahod, invitation cards contact Dahod",Transactional,High
Vendor + City,Cake Shops in Dahod | VenueConnect,/dahod/vendors/cake-shops/,Top Cake Shops in Dahod | Compare & Hire - VenueConnect,"Hire top cake shops in Dahod for weddings, birthdays & all events. Compare portfolios, pricing & reviews. Get direct leads via WhatsApp. Book on VenueConnect.",Top Cake Shops in Dahod,cake shops in Dahod,"cake shops for wedding Dahod, best cake shops Dahod, affordable cake shops Dahod, cake shops contact Dahod",Transactional,High
Vendor + City,Jewellers in Dahod | VenueConnect,/dahod/vendors/jewellers/,Top Jewellers in Dahod | Compare & Hire - VenueConnect,"Hire top jewellers in Dahod for weddings, birthdays & all events. Compare portfolios, pricing & reviews. Get direct leads via WhatsApp. Book on VenueConnect.",Top Jewellers in Dahod,jewellers in Dahod,"jewellers for wedding Dahod, best jewellers Dahod, affordable jewellers Dahod, jewellers contact Dahod",Transactional,High
Vendor + City,Astrologers in Dahod | VenueConnect,/dahod/vendors/astrologers/,Top Astrologers in Dahod | Compare & Hire - VenueConnect,"Hire top astrologers in Dahod for weddings, birthdays & all events. Compare portfolios, pricing & reviews. Get direct leads via WhatsApp. Book on VenueConnect.",Top Astrologers in Dahod,astrologers in Dahod,"astrologers for wedding Dahod, best astrologers Dahod, affordable astrologers Dahod, astrologers contact Dahod",Transactional,High
Vendor + City,Magicians in Dahod | VenueConnect,/dahod/vendors/magicians/,Top Magicians in Dahod | Compare & Hire - VenueConnect,"Hire top magicians in Dahod for weddings, birthdays & all events. Compare portfolios, pricing & reviews. Get direct leads via WhatsApp. Book on VenueConnect.",Top Magicians in Dahod,magicians in Dahod,"magicians for wedding Dahod, best magicians Dahod, affordable magicians Dahod, magicians contact Dahod",Transactional,High
Vendor + City,Entertainers in Dahod | VenueConnect,/dahod/vendors/entertainers/,Top Entertainers in Dahod | Compare & Hire - VenueConnect,"Hire top entertainers in Dahod for weddings, birthdays & all events. Compare portfolios, pricing & reviews. Get direct leads via WhatsApp. Book on VenueConnect.",Top Entertainers in Dahod,entertainers in Dahod,"entertainers for wedding Dahod, best entertainers Dahod, affordable entertainers Dahod, entertainers contact Dahod",Transactional,High
Vendor + City,Groom Wear in Dahod | VenueConnect,/dahod/vendors/groom-wear/,Top Groom Wear in Dahod | Compare & Hire - VenueConnect,"Hire top groom wear in Dahod for weddings, birthdays & all events. Compare portfolios, pricing & reviews. Get direct leads via WhatsApp. Book on VenueConnect.",Top Groom Wear in Dahod,groom wear in Dahod,"groom wear for wedding Dahod, best groom wear Dahod, affordable groom wear Dahod, groom wear contact Dahod",Transactional,High
Vendor + City,Wedding Photographers in Dahod | VenueConnect,/dahod/vendors/wedding-photographers/,Top Wedding Photographers in Dahod | Compare & Hire - VenueConnect,"Hire top wedding photographers in Dahod for weddings, birthdays & all events. Compare portfolios, pricing & reviews. Get direct leads via WhatsApp. Book on VenueConnect.",Top Wedding Photographers in Dahod,wedding photographers in Dahod,"wedding photographers for wedding Dahod, best wedding photographers Dahod, affordable wedding photographers Dahod, wedding photographers contact Dahod",Transactional,High
  VENUE TYPE + CITY PAGES,,,,,,,,,
Page Type,Page Title,URL Slug,Meta Title,Meta Description,H1 Tag,Target Keyword,Secondary Keywords,Search Intent,Priority
Venue + City,Banquet Halls in Dahod | VenueConnect,/dahod/banquet-halls/,Best Banquet Halls in Dahod | Compare Prices & Book - VenueConnect,"Find top banquet halls in Dahod for any occasion. Compare capacity, pricing & amenities. 100+ verified listings. Get free quotes on VenueConnect Gujarat.",Best Banquet Halls in Dahod,banquet halls in Dahod,"banquet halls for rent Dahod, banquet halls booking Dahod, best banquet halls Dahod, affordable banquet halls Dahod",Transactional,High
Venue + City,Farmhouses in Dahod | VenueConnect,/dahod/farmhouses/,Best Farmhouses in Dahod | Compare Prices & Book - VenueConnect,"Find top farmhouses in Dahod for any occasion. Compare capacity, pricing & amenities. 100+ verified listings. Get free quotes on VenueConnect Gujarat.",Best Farmhouses in Dahod,farmhouses in Dahod,"farmhouses for rent Dahod, farmhouses booking Dahod, best farmhouses Dahod, affordable farmhouses Dahod",Transactional,High
Venue + City,Party Plots in Dahod | VenueConnect,/dahod/party-plots/,Best Party Plots in Dahod | Compare Prices & Book - VenueConnect,"Find top party plots in Dahod for any occasion. Compare capacity, pricing & amenities. 100+ verified listings. Get free quotes on VenueConnect Gujarat.",Best Party Plots in Dahod,party plots in Dahod,"party plots for rent Dahod, party plots booking Dahod, best party plots Dahod, affordable party plots Dahod",Transactional,High
Venue + City,Hotels in Dahod | VenueConnect,/dahod/hotels/,Best Hotels in Dahod | Compare Prices & Book - VenueConnect,"Find top hotels in Dahod for any occasion. Compare capacity, pricing & amenities. 100+ verified listings. Get free quotes on VenueConnect Gujarat.",Best Hotels in Dahod,hotels in Dahod,"hotels for rent Dahod, hotels booking Dahod, best hotels Dahod, affordable hotels Dahod",Transactional,High
Venue + City,Resorts in Dahod | VenueConnect,/dahod/resorts/,Best Resorts in Dahod | Compare Prices & Book - VenueConnect,"Find top resorts in Dahod for any occasion. Compare capacity, pricing & amenities. 100+ verified listings. Get free quotes on VenueConnect Gujarat.",Best Resorts in Dahod,resorts in Dahod,"resorts for rent Dahod, resorts booking Dahod, best resorts Dahod, affordable resorts Dahod",Transactional,High
Venue + City,Restaurants in Dahod | VenueConnect,/dahod/restaurants/,Best Restaurants in Dahod | Compare Prices & Book - VenueConnect,"Find top restaurants in Dahod for any occasion. Compare capacity, pricing & amenities. 100+ verified listings. Get free quotes on VenueConnect Gujarat.",Best Restaurants in Dahod,restaurants in Dahod,"restaurants for rent Dahod, restaurants booking Dahod, best restaurants Dahod, affordable restaurants Dahod",Transactional,High
Venue + City,Convention Centers in Dahod | VenueConnect,/dahod/convention-centers/,Best Convention Centers in Dahod | Compare Prices & Book - VenueConnect,"Find top convention centers in Dahod for any occasion. Compare capacity, pricing & amenities. 100+ verified listings. Get free quotes on VenueConnect Gujarat.",Best Convention Centers in Dahod,convention centers in Dahod,"convention centers for rent Dahod, convention centers booking Dahod, best convention centers Dahod, affordable convention centers Dahod",Transactional,High
Venue + City,Clubs in Dahod | VenueConnect,/dahod/clubs/,Best Clubs in Dahod | Compare Prices & Book - VenueConnect,"Find top clubs in Dahod for any occasion. Compare capacity, pricing & amenities. 100+ verified listings. Get free quotes on VenueConnect Gujarat.",Best Clubs in Dahod,clubs in Dahod,"clubs for rent Dahod, clubs booking Dahod, best clubs Dahod, affordable clubs Dahod",Transactional,High
Venue + City,Rooftop Venues in Dahod | VenueConnect,/dahod/rooftop-venues/,Best Rooftop Venues in Dahod | Compare Prices & Book - VenueConnect,"Find top rooftop venues in Dahod for any occasion. Compare capacity, pricing & amenities. 100+ verified listings. Get free quotes on VenueConnect Gujarat.",Best Rooftop Venues in Dahod,rooftop venues in Dahod,"rooftop venues for rent Dahod, rooftop venues booking Dahod, best rooftop venues Dahod, affordable rooftop venues Dahod",Transactional,High
Venue + City,Garden Venues in Dahod | VenueConnect,/dahod/garden-venues/,Best Garden Venues in Dahod | Compare Prices & Book - VenueConnect,"Find top garden venues in Dahod for any occasion. Compare capacity, pricing & amenities. 100+ verified listings. Get free quotes on VenueConnect Gujarat.",Best Garden Venues in Dahod,garden venues in Dahod,"garden venues for rent Dahod, garden venues booking Dahod, best garden venues Dahod, affordable garden venues Dahod",Transactional,High
Venue + City,Heritage Venues in Dahod | VenueConnect,/dahod/heritage-venues/,Best Heritage Venues in Dahod | Compare Prices & Book - VenueConnect,"Find top heritage venues in Dahod for any occasion. Compare capacity, pricing & amenities. 100+ verified listings. Get free quotes on VenueConnect Gujarat.",Best Heritage Venues in Dahod,heritage venues in Dahod,"heritage venues for rent Dahod, heritage venues booking Dahod, best heritage venues Dahod, affordable heritage venues Dahod",Transactional,High
Venue + City,Luxury Venues in Dahod | VenueConnect,/dahod/luxury-venues/,Best Luxury Venues in Dahod | Compare Prices & Book - VenueConnect,"Find top luxury venues in Dahod for any occasion. Compare capacity, pricing & amenities. 100+ verified listings. Get free quotes on VenueConnect Gujarat.",Best Luxury Venues in Dahod,luxury venues in Dahod,"luxury venues for rent Dahod, luxury venues booking Dahod, best luxury venues Dahod, affordable luxury venues Dahod",Transactional,High
  EVENT + CITY AREA PAGES (Hyper-local),,,,,,,,,
Page Type,Page Title,URL Slug,Meta Title,Meta Description,H1 Tag,Target Keyword,Secondary Keywords,Search Intent,Priority
Event + City Area,"Wedding Venues in Station Road, Dahod | VenueConnect",/dahod/station-road/wedding-venues/,"Best Wedding Venues in Station Road, Dahod | Book Near You - VenueConnect","Find the perfect wedding venue in Station Road, Dahod. Compare halls, farmhouses & party plots near Station Road. Get instant leads & free quotes on VenueConnect.","Best Wedding Venues in Station Road, Dahod",wedding venues in Station Road Dahod,"wedding venue Station Road, wedding hall near Station Road Dahod, wedding venue near Station Road",Transactional (Hyper-local),High
Event + City Area,"Birthday Party Venues in Station Road, Dahod | VenueConnect",/dahod/station-road/birthday-party-venues/,"Best Birthday Party Venues in Station Road, Dahod | Book Near You - VenueConnect","Find the perfect birthday party venue in Station Road, Dahod. Compare halls, farmhouses & party plots near Station Road. Get instant leads & free quotes on VenueConnect.","Best Birthday Party Venues in Station Road, Dahod",birthday party venues in Station Road Dahod,"birthday party venue Station Road, birthday party hall near Station Road Dahod, birthday party venue near Station Road",Transactional (Hyper-local),High
Event + City Area,"Engagement Venues in Station Road, Dahod | VenueConnect",/dahod/station-road/engagement-venues/,"Best Engagement Venues in Station Road, Dahod | Book Near You - VenueConnect","Find the perfect engagement venue in Station Road, Dahod. Compare halls, farmhouses & party plots near Station Road. Get instant leads & free quotes on VenueConnect.","Best Engagement Venues in Station Road, Dahod",engagement venues in Station Road Dahod,"engagement venue Station Road, engagement hall near Station Road Dahod, engagement venue near Station Road",Transactional (Hyper-local),High
Event + City Area,"Corporate Event Venues in Station Road, Dahod | VenueConnect",/dahod/station-road/corporate-event-venues/,"Best Corporate Event Venues in Station Road, Dahod | Book Near You - VenueConnect","Find the perfect corporate event venue in Station Road, Dahod. Compare halls, farmhouses & party plots near Station Road. Get instant leads & free quotes on VenueConnect.","Best Corporate Event Venues in Station Road, Dahod",corporate event venues in Station Road Dahod,"corporate event venue Station Road, corporate event hall near Station Road Dahod, corporate event venue near Station Road",Transactional (Hyper-local),High
Event + City Area,"Reception Venues in Station Road, Dahod | VenueConnect",/dahod/station-road/reception-venues/,"Best Reception Venues in Station Road, Dahod | Book Near You - VenueConnect","Find the perfect reception venue in Station Road, Dahod. Compare halls, farmhouses & party plots near Station Road. Get instant leads & free quotes on VenueConnect.","Best Reception Venues in Station Road, Dahod",reception venues in Station Road Dahod,"reception venue Station Road, reception hall near Station Road Dahod, reception venue near Station Road",Transactional (Hyper-local),High
Event + City Area,"Wedding Venues in Godhra Road, Dahod | VenueConnect",/dahod/godhra-road/wedding-venues/,"Best Wedding Venues in Godhra Road, Dahod | Book Near You - VenueConnect","Find the perfect wedding venue in Godhra Road, Dahod. Compare halls, farmhouses & party plots near Godhra Road. Get instant leads & free quotes on VenueConnect.","Best Wedding Venues in Godhra Road, Dahod",wedding venues in Godhra Road Dahod,"wedding venue Godhra Road, wedding hall near Godhra Road Dahod, wedding venue near Godhra Road",Transactional (Hyper-local),High
Event + City Area,"Birthday Party Venues in Godhra Road, Dahod | VenueConnect",/dahod/godhra-road/birthday-party-venues/,"Best Birthday Party Venues in Godhra Road, Dahod | Book Near You - VenueConnect","Find the perfect birthday party venue in Godhra Road, Dahod. Compare halls, farmhouses & party plots near Godhra Road. Get instant leads & free quotes on VenueConnect.","Best Birthday Party Venues in Godhra Road, Dahod",birthday party venues in Godhra Road Dahod,"birthday party venue Godhra Road, birthday party hall near Godhra Road Dahod, birthday party venue near Godhra Road",Transactional (Hyper-local),High
Event + City Area,"Engagement Venues in Godhra Road, Dahod | VenueConnect",/dahod/godhra-road/engagement-venues/,"Best Engagement Venues in Godhra Road, Dahod | Book Near You - VenueConnect","Find the perfect engagement venue in Godhra Road, Dahod. Compare halls, farmhouses & party plots near Godhra Road. Get instant leads & free quotes on VenueConnect.","Best Engagement Venues in Godhra Road, Dahod",engagement venues in Godhra Road Dahod,"engagement venue Godhra Road, engagement hall near Godhra Road Dahod, engagement venue near Godhra Road",Transactional (Hyper-local),High
Event + City Area,"Corporate Event Venues in Godhra Road, Dahod | VenueConnect",/dahod/godhra-road/corporate-event-venues/,"Best Corporate Event Venues in Godhra Road, Dahod | Book Near You - VenueConnect","Find the perfect corporate event venue in Godhra Road, Dahod. Compare halls, farmhouses & party plots near Godhra Road. Get instant leads & free quotes on VenueConnect.","Best Corporate Event Venues in Godhra Road, Dahod",corporate event venues in Godhra Road Dahod,"corporate event venue Godhra Road, corporate event hall near Godhra Road Dahod, corporate event venue near Godhra Road",Transactional (Hyper-local),High
Event + City Area,"Reception Venues in Godhra Road, Dahod | VenueConnect",/dahod/godhra-road/reception-venues/,"Best Reception Venues in Godhra Road, Dahod | Book Near You - VenueConnect","Find the perfect reception venue in Godhra Road, Dahod. Compare halls, farmhouses & party plots near Godhra Road. Get instant leads & free quotes on VenueConnect.","Best Reception Venues in Godhra Road, Dahod",reception venues in Godhra Road Dahod,"reception venue Godhra Road, reception hall near Godhra Road Dahod, reception venue near Godhra Road",Transactional (Hyper-local),High
Event + City Area,"Wedding Venues in Zalod Road, Dahod | VenueConnect",/dahod/zalod-road/wedding-venues/,"Best Wedding Venues in Zalod Road, Dahod | Book Near You - VenueConnect","Find the perfect wedding venue in Zalod Road, Dahod. Compare halls, farmhouses & party plots near Zalod Road. Get instant leads & free quotes on VenueConnect.","Best Wedding Venues in Zalod Road, Dahod",wedding venues in Zalod Road Dahod,"wedding venue Zalod Road, wedding hall near Zalod Road Dahod, wedding venue near Zalod Road",Transactional (Hyper-local),High
Event + City Area,"Birthday Party Venues in Zalod Road, Dahod | VenueConnect",/dahod/zalod-road/birthday-party-venues/,"Best Birthday Party Venues in Zalod Road, Dahod | Book Near You - VenueConnect","Find the perfect birthday party venue in Zalod Road, Dahod. Compare halls, farmhouses & party plots near Zalod Road. Get instant leads & free quotes on VenueConnect.","Best Birthday Party Venues in Zalod Road, Dahod",birthday party venues in Zalod Road Dahod,"birthday party venue Zalod Road, birthday party hall near Zalod Road Dahod, birthday party venue near Zalod Road",Transactional (Hyper-local),High
Event + City Area,"Engagement Venues in Zalod Road, Dahod | VenueConnect",/dahod/zalod-road/engagement-venues/,"Best Engagement Venues in Zalod Road, Dahod | Book Near You - VenueConnect","Find the perfect engagement venue in Zalod Road, Dahod. Compare halls, farmhouses & party plots near Zalod Road. Get instant leads & free quotes on VenueConnect.","Best Engagement Venues in Zalod Road, Dahod",engagement venues in Zalod Road Dahod,"engagement venue Zalod Road, engagement hall near Zalod Road Dahod, engagement venue near Zalod Road",Transactional (Hyper-local),High
Event + City Area,"Corporate Event Venues in Zalod Road, Dahod | VenueConnect",/dahod/zalod-road/corporate-event-venues/,"Best Corporate Event Venues in Zalod Road, Dahod | Book Near You - VenueConnect","Find the perfect corporate event venue in Zalod Road, Dahod. Compare halls, farmhouses & party plots near Zalod Road. Get instant leads & free quotes on VenueConnect.","Best Corporate Event Venues in Zalod Road, Dahod",corporate event venues in Zalod Road Dahod,"corporate event venue Zalod Road, corporate event hall near Zalod Road Dahod, corporate event venue near Zalod Road",Transactional (Hyper-local),High
Event + City Area,"Reception Venues in Zalod Road, Dahod | VenueConnect",/dahod/zalod-road/reception-venues/,"Best Reception Venues in Zalod Road, Dahod | Book Near You - VenueConnect","Find the perfect reception venue in Zalod Road, Dahod. Compare halls, farmhouses & party plots near Zalod Road. Get instant leads & free quotes on VenueConnect.","Best Reception Venues in Zalod Road, Dahod",reception venues in Zalod Road Dahod,"reception venue Zalod Road, reception hall near Zalod Road Dahod, reception venue near Zalod Road",Transactional (Hyper-local),High
Event + City Area,"Wedding Venues in Limkheda Road, Dahod | VenueConnect",/dahod/limkheda-road/wedding-venues/,"Best Wedding Venues in Limkheda Road, Dahod | Book Near You - VenueConnect","Find the perfect wedding venue in Limkheda Road, Dahod. Compare halls, farmhouses & party plots near Limkheda Road. Get instant leads & free quotes on VenueConnect.","Best Wedding Venues in Limkheda Road, Dahod",wedding venues in Limkheda Road Dahod,"wedding venue Limkheda Road, wedding hall near Limkheda Road Dahod, wedding venue near Limkheda Road",Transactional (Hyper-local),High
Event + City Area,"Birthday Party Venues in Limkheda Road, Dahod | VenueConnect",/dahod/limkheda-road/birthday-party-venues/,"Best Birthday Party Venues in Limkheda Road, Dahod | Book Near You - VenueConnect","Find the perfect birthday party venue in Limkheda Road, Dahod. Compare halls, farmhouses & party plots near Limkheda Road. Get instant leads & free quotes on VenueConnect.","Best Birthday Party Venues in Limkheda Road, Dahod",birthday party venues in Limkheda Road Dahod,"birthday party venue Limkheda Road, birthday party hall near Limkheda Road Dahod, birthday party venue near Limkheda Road",Transactional (Hyper-local),High
Event + City Area,"Engagement Venues in Limkheda Road, Dahod | VenueConnect",/dahod/limkheda-road/engagement-venues/,"Best Engagement Venues in Limkheda Road, Dahod | Book Near You - VenueConnect","Find the perfect engagement venue in Limkheda Road, Dahod. Compare halls, farmhouses & party plots near Limkheda Road. Get instant leads & free quotes on VenueConnect.","Best Engagement Venues in Limkheda Road, Dahod",engagement venues in Limkheda Road Dahod,"engagement venue Limkheda Road, engagement hall near Limkheda Road Dahod, engagement venue near Limkheda Road",Transactional (Hyper-local),High
Event + City Area,"Corporate Event Venues in Limkheda Road, Dahod | VenueConnect",/dahod/limkheda-road/corporate-event-venues/,"Best Corporate Event Venues in Limkheda Road, Dahod | Book Near You - VenueConnect","Find the perfect corporate event venue in Limkheda Road, Dahod. Compare halls, farmhouses & party plots near Limkheda Road. Get instant leads & free quotes on VenueConnect.","Best Corporate Event Venues in Limkheda Road, Dahod",corporate event venues in Limkheda Road Dahod,"corporate event venue Limkheda Road, corporate event hall near Limkheda Road Dahod, corporate event venue near Limkheda Road",Transactional (Hyper-local),High
Event + City Area,"Reception Venues in Limkheda Road, Dahod | VenueConnect",/dahod/limkheda-road/reception-venues/,"Best Reception Venues in Limkheda Road, Dahod | Book Near You - VenueConnect","Find the perfect reception venue in Limkheda Road, Dahod. Compare halls, farmhouses & party plots near Limkheda Road. Get instant leads & free quotes on VenueConnect.","Best Reception Venues in Limkheda Road, Dahod",reception venues in Limkheda Road Dahod,"reception venue Limkheda Road, reception hall near Limkheda Road Dahod, reception venue near Limkheda Road",Transactional (Hyper-local),High
Event + City Area,"Wedding Venues in Devgadh Baria Road, Dahod | VenueConnect",/dahod/devgadh-baria-road/wedding-venues/,"Best Wedding Venues in Devgadh Baria Road, Dahod | Book Near You - VenueConnect","Find the perfect wedding venue in Devgadh Baria Road, Dahod. Compare halls, farmhouses & party plots near Devgadh Baria Road. Get instant leads & free quotes on VenueConnect.","Best Wedding Venues in Devgadh Baria Road, Dahod",wedding venues in Devgadh Baria Road Dahod,"wedding venue Devgadh Baria Road, wedding hall near Devgadh Baria Road Dahod, wedding venue near Devgadh Baria Road",Transactional (Hyper-local),High
Event + City Area,"Birthday Party Venues in Devgadh Baria Road, Dahod | VenueConnect",/dahod/devgadh-baria-road/birthday-party-venues/,"Best Birthday Party Venues in Devgadh Baria Road, Dahod | Book Near You - VenueConnect","Find the perfect birthday party venue in Devgadh Baria Road, Dahod. Compare halls, farmhouses & party plots near Devgadh Baria Road. Get instant leads & free quotes on VenueConnect.","Best Birthday Party Venues in Devgadh Baria Road, Dahod",birthday party venues in Devgadh Baria Road Dahod,"birthday party venue Devgadh Baria Road, birthday party hall near Devgadh Baria Road Dahod, birthday party venue near Devgadh Baria Road",Transactional (Hyper-local),High
Event + City Area,"Engagement Venues in Devgadh Baria Road, Dahod | VenueConnect",/dahod/devgadh-baria-road/engagement-venues/,"Best Engagement Venues in Devgadh Baria Road, Dahod | Book Near You - VenueConnect","Find the perfect engagement venue in Devgadh Baria Road, Dahod. Compare halls, farmhouses & party plots near Devgadh Baria Road. Get instant leads & free quotes on VenueConnect.","Best Engagement Venues in Devgadh Baria Road, Dahod",engagement venues in Devgadh Baria Road Dahod,"engagement venue Devgadh Baria Road, engagement hall near Devgadh Baria Road Dahod, engagement venue near Devgadh Baria Road",Transactional (Hyper-local),High
Event + City Area,"Corporate Event Venues in Devgadh Baria Road, Dahod | VenueConnect",/dahod/devgadh-baria-road/corporate-event-venues/,"Best Corporate Event Venues in Devgadh Baria Road, Dahod | Book Near You - VenueConnect","Find the perfect corporate event venue in Devgadh Baria Road, Dahod. Compare halls, farmhouses & party plots near Devgadh Baria Road. Get instant leads & free quotes on VenueConnect.","Best Corporate Event Venues in Devgadh Baria Road, Dahod",corporate event venues in Devgadh Baria Road Dahod,"corporate event venue Devgadh Baria Road, corporate event hall near Devgadh Baria Road Dahod, corporate event venue near Devgadh Baria Road",Transactional (Hyper-local),High
Event + City Area,"Reception Venues in Devgadh Baria Road, Dahod | VenueConnect",/dahod/devgadh-baria-road/reception-venues/,"Best Reception Venues in Devgadh Baria Road, Dahod | Book Near You - VenueConnect","Find the perfect reception venue in Devgadh Baria Road, Dahod. Compare halls, farmhouses & party plots near Devgadh Baria Road. Get instant leads & free quotes on VenueConnect.","Best Reception Venues in Devgadh Baria Road, Dahod",reception venues in Devgadh Baria Road Dahod,"reception venue Devgadh Baria Road, reception hall near Devgadh Baria Road Dahod, reception venue near Devgadh Baria Road",Transactional (Hyper-local),High
Event + City Area,"Wedding Venues in City Center, Dahod | VenueConnect",/dahod/city-center/wedding-venues/,"Best Wedding Venues in City Center, Dahod | Book Near You - VenueConnect","Find the perfect wedding venue in City Center, Dahod. Compare halls, farmhouses & party plots near City Center. Get instant leads & free quotes on VenueConnect.","Best Wedding Venues in City Center, Dahod",wedding venues in City Center Dahod,"wedding venue City Center, wedding hall near City Center Dahod, wedding venue near City Center",Transactional (Hyper-local),High
Event + City Area,"Birthday Party Venues in City Center, Dahod | VenueConnect",/dahod/city-center/birthday-party-venues/,"Best Birthday Party Venues in City Center, Dahod | Book Near You - VenueConnect","Find the perfect birthday party venue in City Center, Dahod. Compare halls, farmhouses & party plots near City Center. Get instant leads & free quotes on VenueConnect.","Best Birthday Party Venues in City Center, Dahod",birthday party venues in City Center Dahod,"birthday party venue City Center, birthday party hall near City Center Dahod, birthday party venue near City Center",Transactional (Hyper-local),High
Event + City Area,"Engagement Venues in City Center, Dahod | VenueConnect",/dahod/city-center/engagement-venues/,"Best Engagement Venues in City Center, Dahod | Book Near You - VenueConnect","Find the perfect engagement venue in City Center, Dahod. Compare halls, farmhouses & party plots near City Center. Get instant leads & free quotes on VenueConnect.","Best Engagement Venues in City Center, Dahod",engagement venues in City Center Dahod,"engagement venue City Center, engagement hall near City Center Dahod, engagement venue near City Center",Transactional (Hyper-local),High
Event + City Area,"Corporate Event Venues in City Center, Dahod | VenueConnect",/dahod/city-center/corporate-event-venues/,"Best Corporate Event Venues in City Center, Dahod | Book Near You - VenueConnect","Find the perfect corporate event venue in City Center, Dahod. Compare halls, farmhouses & party plots near City Center. Get instant leads & free quotes on VenueConnect.","Best Corporate Event Venues in City Center, Dahod",corporate event venues in City Center Dahod,"corporate event venue City Center, corporate event hall near City Center Dahod, corporate event venue near City Center",Transactional (Hyper-local),High
Event + City Area,"Reception Venues in City Center, Dahod | VenueConnect",/dahod/city-center/reception-venues/,"Best Reception Venues in City Center, Dahod | Book Near You - VenueConnect","Find the perfect reception venue in City Center, Dahod. Compare halls, farmhouses & party plots near City Center. Get instant leads & free quotes on VenueConnect.","Best Reception Venues in City Center, Dahod",reception venues in City Center Dahod,"reception venue City Center, reception hall near City Center Dahod, reception venue near City Center",Transactional (Hyper-local),High
Event + City Area,"Wedding Venues in Chhota Udaipur Road, Dahod | VenueConnect",/dahod/chhota-udaipur-road/wedding-venues/,"Best Wedding Venues in Chhota Udaipur Road, Dahod | Book Near You - VenueConnect","Find the perfect wedding venue in Chhota Udaipur Road, Dahod. Compare halls, farmhouses & party plots near Chhota Udaipur Road. Get instant leads & free quotes on VenueConnect.","Best Wedding Venues in Chhota Udaipur Road, Dahod",wedding venues in Chhota Udaipur Road Dahod,"wedding venue Chhota Udaipur Road, wedding hall near Chhota Udaipur Road Dahod, wedding venue near Chhota Udaipur Road",Transactional (Hyper-local),High
Event + City Area,"Birthday Party Venues in Chhota Udaipur Road, Dahod | VenueConnect",/dahod/chhota-udaipur-road/birthday-party-venues/,"Best Birthday Party Venues in Chhota Udaipur Road, Dahod | Book Near You - VenueConnect","Find the perfect birthday party venue in Chhota Udaipur Road, Dahod. Compare halls, farmhouses & party plots near Chhota Udaipur Road. Get instant leads & free quotes on VenueConnect.","Best Birthday Party Venues in Chhota Udaipur Road, Dahod",birthday party venues in Chhota Udaipur Road Dahod,"birthday party venue Chhota Udaipur Road, birthday party hall near Chhota Udaipur Road Dahod, birthday party venue near Chhota Udaipur Road",Transactional (Hyper-local),High
Event + City Area,"Engagement Venues in Chhota Udaipur Road, Dahod | VenueConnect",/dahod/chhota-udaipur-road/engagement-venues/,"Best Engagement Venues in Chhota Udaipur Road, Dahod | Book Near You - VenueConnect","Find the perfect engagement venue in Chhota Udaipur Road, Dahod. Compare halls, farmhouses & party plots near Chhota Udaipur Road. Get instant leads & free quotes on VenueConnect.","Best Engagement Venues in Chhota Udaipur Road, Dahod",engagement venues in Chhota Udaipur Road Dahod,"engagement venue Chhota Udaipur Road, engagement hall near Chhota Udaipur Road Dahod, engagement venue near Chhota Udaipur Road",Transactional (Hyper-local),High
Event + City Area,"Corporate Event Venues in Chhota Udaipur Road, Dahod | VenueConnect",/dahod/chhota-udaipur-road/corporate-event-venues/,"Best Corporate Event Venues in Chhota Udaipur Road, Dahod | Book Near You - VenueConnect","Find the perfect corporate event venue in Chhota Udaipur Road, Dahod. Compare halls, farmhouses & party plots near Chhota Udaipur Road. Get instant leads & free quotes on VenueConnect.","Best Corporate Event Venues in Chhota Udaipur Road, Dahod",corporate event venues in Chhota Udaipur Road Dahod,"corporate event venue Chhota Udaipur Road, corporate event hall near Chhota Udaipur Road Dahod, corporate event venue near Chhota Udaipur Road",Transactional (Hyper-local),High
Event + City Area,"Reception Venues in Chhota Udaipur Road, Dahod | VenueConnect",/dahod/chhota-udaipur-road/reception-venues/,"Best Reception Venues in Chhota Udaipur Road, Dahod | Book Near You - VenueConnect","Find the perfect reception venue in Chhota Udaipur Road, Dahod. Compare halls, farmhouses & party plots near Chhota Udaipur Road. Get instant leads & free quotes on VenueConnect.","Best Reception Venues in Chhota Udaipur Road, Dahod",reception venues in Chhota Udaipur Road Dahod,"reception venue Chhota Udaipur Road, reception hall near Chhota Udaipur Road Dahod, reception venue near Chhota Udaipur Road",Transactional (Hyper-local),High
Event + City Area,"Wedding Venues in Court Road, Dahod | VenueConnect",/dahod/court-road/wedding-venues/,"Best Wedding Venues in Court Road, Dahod | Book Near You - VenueConnect","Find the perfect wedding venue in Court Road, Dahod. Compare halls, farmhouses & party plots near Court Road. Get instant leads & free quotes on VenueConnect.","Best Wedding Venues in Court Road, Dahod",wedding venues in Court Road Dahod,"wedding venue Court Road, wedding hall near Court Road Dahod, wedding venue near Court Road",Transactional (Hyper-local),High
Event + City Area,"Birthday Party Venues in Court Road, Dahod | VenueConnect",/dahod/court-road/birthday-party-venues/,"Best Birthday Party Venues in Court Road, Dahod | Book Near You - VenueConnect","Find the perfect birthday party venue in Court Road, Dahod. Compare halls, farmhouses & party plots near Court Road. Get instant leads & free quotes on VenueConnect.","Best Birthday Party Venues in Court Road, Dahod",birthday party venues in Court Road Dahod,"birthday party venue Court Road, birthday party hall near Court Road Dahod, birthday party venue near Court Road",Transactional (Hyper-local),High
Event + City Area,"Engagement Venues in Court Road, Dahod | VenueConnect",/dahod/court-road/engagement-venues/,"Best Engagement Venues in Court Road, Dahod | Book Near You - VenueConnect","Find the perfect engagement venue in Court Road, Dahod. Compare halls, farmhouses & party plots near Court Road. Get instant leads & free quotes on VenueConnect.","Best Engagement Venues in Court Road, Dahod",engagement venues in Court Road Dahod,"engagement venue Court Road, engagement hall near Court Road Dahod, engagement venue near Court Road",Transactional (Hyper-local),High
Event + City Area,"Corporate Event Venues in Court Road, Dahod | VenueConnect",/dahod/court-road/corporate-event-venues/,"Best Corporate Event Venues in Court Road, Dahod | Book Near You - VenueConnect","Find the perfect corporate event venue in Court Road, Dahod. Compare halls, farmhouses & party plots near Court Road. Get instant leads & free quotes on VenueConnect.","Best Corporate Event Venues in Court Road, Dahod",corporate event venues in Court Road Dahod,"corporate event venue Court Road, corporate event hall near Court Road Dahod, corporate event venue near Court Road",Transactional (Hyper-local),High
Event + City Area,"Reception Venues in Court Road, Dahod | VenueConnect",/dahod/court-road/reception-venues/,"Best Reception Venues in Court Road, Dahod | Book Near You - VenueConnect","Find the perfect reception venue in Court Road, Dahod. Compare halls, farmhouses & party plots near Court Road. Get instant leads & free quotes on VenueConnect.","Best Reception Venues in Court Road, Dahod",reception venues in Court Road Dahod,"reception venue Court Road, reception hall near Court Road Dahod, reception venue near Court Road",Transactional (Hyper-local),High
Event + City Area,"Wedding Venues in Dohad GIDC, Dahod | VenueConnect",/dahod/dohad-gidc/wedding-venues/,"Best Wedding Venues in Dohad GIDC, Dahod | Book Near You - VenueConnect","Find the perfect wedding venue in Dohad GIDC, Dahod. Compare halls, farmhouses & party plots near Dohad GIDC. Get instant leads & free quotes on VenueConnect.","Best Wedding Venues in Dohad GIDC, Dahod",wedding venues in Dohad GIDC Dahod,"wedding venue Dohad GIDC, wedding hall near Dohad GIDC Dahod, wedding venue near Dohad GIDC",Transactional (Hyper-local),High
Event + City Area,"Birthday Party Venues in Dohad GIDC, Dahod | VenueConnect",/dahod/dohad-gidc/birthday-party-venues/,"Best Birthday Party Venues in Dohad GIDC, Dahod | Book Near You - VenueConnect","Find the perfect birthday party venue in Dohad GIDC, Dahod. Compare halls, farmhouses & party plots near Dohad GIDC. Get instant leads & free quotes on VenueConnect.","Best Birthday Party Venues in Dohad GIDC, Dahod",birthday party venues in Dohad GIDC Dahod,"birthday party venue Dohad GIDC, birthday party hall near Dohad GIDC Dahod, birthday party venue near Dohad GIDC",Transactional (Hyper-local),High
Event + City Area,"Engagement Venues in Dohad GIDC, Dahod | VenueConnect",/dahod/dohad-gidc/engagement-venues/,"Best Engagement Venues in Dohad GIDC, Dahod | Book Near You - VenueConnect","Find the perfect engagement venue in Dohad GIDC, Dahod. Compare halls, farmhouses & party plots near Dohad GIDC. Get instant leads & free quotes on VenueConnect.","Best Engagement Venues in Dohad GIDC, Dahod",engagement venues in Dohad GIDC Dahod,"engagement venue Dohad GIDC, engagement hall near Dohad GIDC Dahod, engagement venue near Dohad GIDC",Transactional (Hyper-local),High
Event + City Area,"Corporate Event Venues in Dohad GIDC, Dahod | VenueConnect",/dahod/dohad-gidc/corporate-event-venues/,"Best Corporate Event Venues in Dohad GIDC, Dahod | Book Near You - VenueConnect","Find the perfect corporate event venue in Dohad GIDC, Dahod. Compare halls, farmhouses & party plots near Dohad GIDC. Get instant leads & free quotes on VenueConnect.","Best Corporate Event Venues in Dohad GIDC, Dahod",corporate event venues in Dohad GIDC Dahod,"corporate event venue Dohad GIDC, corporate event hall near Dohad GIDC Dahod, corporate event venue near Dohad GIDC",Transactional (Hyper-local),High
Event + City Area,"Reception Venues in Dohad GIDC, Dahod | VenueConnect",/dahod/dohad-gidc/reception-venues/,"Best Reception Venues in Dohad GIDC, Dahod | Book Near You - VenueConnect","Find the perfect reception venue in Dohad GIDC, Dahod. Compare halls, farmhouses & party plots near Dohad GIDC. Get instant leads & free quotes on VenueConnect.","Best Reception Venues in Dohad GIDC, Dahod",reception venues in Dohad GIDC Dahod,"reception venue Dohad GIDC, reception hall near Dohad GIDC Dahod, reception venue near Dohad GIDC",Transactional (Hyper-local),High
Event + City Area,"Wedding Venues in Fatepura, Dahod | VenueConnect",/dahod/fatepura/wedding-venues/,"Best Wedding Venues in Fatepura, Dahod | Book Near You - VenueConnect","Find the perfect wedding venue in Fatepura, Dahod. Compare halls, farmhouses & party plots near Fatepura. Get instant leads & free quotes on VenueConnect.","Best Wedding Venues in Fatepura, Dahod",wedding venues in Fatepura Dahod,"wedding venue Fatepura, wedding hall near Fatepura Dahod, wedding venue near Fatepura",Transactional (Hyper-local),High
Event + City Area,"Birthday Party Venues in Fatepura, Dahod | VenueConnect",/dahod/fatepura/birthday-party-venues/,"Best Birthday Party Venues in Fatepura, Dahod | Book Near You - VenueConnect","Find the perfect birthday party venue in Fatepura, Dahod. Compare halls, farmhouses & party plots near Fatepura. Get instant leads & free quotes on VenueConnect.","Best Birthday Party Venues in Fatepura, Dahod",birthday party venues in Fatepura Dahod,"birthday party venue Fatepura, birthday party hall near Fatepura Dahod, birthday party venue near Fatepura",Transactional (Hyper-local),High
Event + City Area,"Engagement Venues in Fatepura, Dahod | VenueConnect",/dahod/fatepura/engagement-venues/,"Best Engagement Venues in Fatepura, Dahod | Book Near You - VenueConnect","Find the perfect engagement venue in Fatepura, Dahod. Compare halls, farmhouses & party plots near Fatepura. Get instant leads & free quotes on VenueConnect.","Best Engagement Venues in Fatepura, Dahod",engagement venues in Fatepura Dahod,"engagement venue Fatepura, engagement hall near Fatepura Dahod, engagement venue near Fatepura",Transactional (Hyper-local),High
Event + City Area,"Corporate Event Venues in Fatepura, Dahod | VenueConnect",/dahod/fatepura/corporate-event-venues/,"Best Corporate Event Venues in Fatepura, Dahod | Book Near You - VenueConnect","Find the perfect corporate event venue in Fatepura, Dahod. Compare halls, farmhouses & party plots near Fatepura. Get instant leads & free quotes on VenueConnect.","Best Corporate Event Venues in Fatepura, Dahod",corporate event venues in Fatepura Dahod,"corporate event venue Fatepura, corporate event hall near Fatepura Dahod, corporate event venue near Fatepura",Transactional (Hyper-local),High
Event + City Area,"Reception Venues in Fatepura, Dahod | VenueConnect",/dahod/fatepura/reception-venues/,"Best Reception Venues in Fatepura, Dahod | Book Near You - VenueConnect","Find the perfect reception venue in Fatepura, Dahod. Compare halls, farmhouses & party plots near Fatepura. Get instant leads & free quotes on VenueConnect.","Best Reception Venues in Fatepura, Dahod",reception venues in Fatepura Dahod,"reception venue Fatepura, reception hall near Fatepura Dahod, reception venue near Fatepura",Transactional (Hyper-local),High
Event + City Area,"Wedding Venues in Garbada Road, Dahod | VenueConnect",/dahod/garbada-road/wedding-venues/,"Best Wedding Venues in Garbada Road, Dahod | Book Near You - VenueConnect","Find the perfect wedding venue in Garbada Road, Dahod. Compare halls, farmhouses & party plots near Garbada Road. Get instant leads & free quotes on VenueConnect.","Best Wedding Venues in Garbada Road, Dahod",wedding venues in Garbada Road Dahod,"wedding venue Garbada Road, wedding hall near Garbada Road Dahod, wedding venue near Garbada Road",Transactional (Hyper-local),High
Event + City Area,"Birthday Party Venues in Garbada Road, Dahod | VenueConnect",/dahod/garbada-road/birthday-party-venues/,"Best Birthday Party Venues in Garbada Road, Dahod | Book Near You - VenueConnect","Find the perfect birthday party venue in Garbada Road, Dahod. Compare halls, farmhouses & party plots near Garbada Road. Get instant leads & free quotes on VenueConnect.","Best Birthday Party Venues in Garbada Road, Dahod",birthday party venues in Garbada Road Dahod,"birthday party venue Garbada Road, birthday party hall near Garbada Road Dahod, birthday party venue near Garbada Road",Transactional (Hyper-local),High
Event + City Area,"Engagement Venues in Garbada Road, Dahod | VenueConnect",/dahod/garbada-road/engagement-venues/,"Best Engagement Venues in Garbada Road, Dahod | Book Near You - VenueConnect","Find the perfect engagement venue in Garbada Road, Dahod. Compare halls, farmhouses & party plots near Garbada Road. Get instant leads & free quotes on VenueConnect.","Best Engagement Venues in Garbada Road, Dahod",engagement venues in Garbada Road Dahod,"engagement venue Garbada Road, engagement hall near Garbada Road Dahod, engagement venue near Garbada Road",Transactional (Hyper-local),High
Event + City Area,"Corporate Event Venues in Garbada Road, Dahod | VenueConnect",/dahod/garbada-road/corporate-event-venues/,"Best Corporate Event Venues in Garbada Road, Dahod | Book Near You - VenueConnect","Find the perfect corporate event venue in Garbada Road, Dahod. Compare halls, farmhouses & party plots near Garbada Road. Get instant leads & free quotes on VenueConnect.","Best Corporate Event Venues in Garbada Road, Dahod",corporate event venues in Garbada Road Dahod,"corporate event venue Garbada Road, corporate event hall near Garbada Road Dahod, corporate event venue near Garbada Road",Transactional (Hyper-local),High
Event + City Area,"Reception Venues in Garbada Road, Dahod | VenueConnect",/dahod/garbada-road/reception-venues/,"Best Reception Venues in Garbada Road, Dahod | Book Near You - VenueConnect","Find the perfect reception venue in Garbada Road, Dahod. Compare halls, farmhouses & party plots near Garbada Road. Get instant leads & free quotes on VenueConnect.","Best Reception Venues in Garbada Road, Dahod",reception venues in Garbada Road Dahod,"reception venue Garbada Road, reception hall near Garbada Road Dahod, reception venue near Garbada Road",Transactional (Hyper-local),High
Event + City Area,"Wedding Venues in Jhalod Road, Dahod | VenueConnect",/dahod/jhalod-road/wedding-venues/,"Best Wedding Venues in Jhalod Road, Dahod | Book Near You - VenueConnect","Find the perfect wedding venue in Jhalod Road, Dahod. Compare halls, farmhouses & party plots near Jhalod Road. Get instant leads & free quotes on VenueConnect.","Best Wedding Venues in Jhalod Road, Dahod",wedding venues in Jhalod Road Dahod,"wedding venue Jhalod Road, wedding hall near Jhalod Road Dahod, wedding venue near Jhalod Road",Transactional (Hyper-local),High
Event + City Area,"Birthday Party Venues in Jhalod Road, Dahod | VenueConnect",/dahod/jhalod-road/birthday-party-venues/,"Best Birthday Party Venues in Jhalod Road, Dahod | Book Near You - VenueConnect","Find the perfect birthday party venue in Jhalod Road, Dahod. Compare halls, farmhouses & party plots near Jhalod Road. Get instant leads & free quotes on VenueConnect.","Best Birthday Party Venues in Jhalod Road, Dahod",birthday party venues in Jhalod Road Dahod,"birthday party venue Jhalod Road, birthday party hall near Jhalod Road Dahod, birthday party venue near Jhalod Road",Transactional (Hyper-local),High
Event + City Area,"Engagement Venues in Jhalod Road, Dahod | VenueConnect",/dahod/jhalod-road/engagement-venues/,"Best Engagement Venues in Jhalod Road, Dahod | Book Near You - VenueConnect","Find the perfect engagement venue in Jhalod Road, Dahod. Compare halls, farmhouses & party plots near Jhalod Road. Get instant leads & free quotes on VenueConnect.","Best Engagement Venues in Jhalod Road, Dahod",engagement venues in Jhalod Road Dahod,"engagement venue Jhalod Road, engagement hall near Jhalod Road Dahod, engagement venue near Jhalod Road",Transactional (Hyper-local),High
Event + City Area,"Corporate Event Venues in Jhalod Road, Dahod | VenueConnect",/dahod/jhalod-road/corporate-event-venues/,"Best Corporate Event Venues in Jhalod Road, Dahod | Book Near You - VenueConnect","Find the perfect corporate event venue in Jhalod Road, Dahod. Compare halls, farmhouses & party plots near Jhalod Road. Get instant leads & free quotes on VenueConnect.","Best Corporate Event Venues in Jhalod Road, Dahod",corporate event venues in Jhalod Road Dahod,"corporate event venue Jhalod Road, corporate event hall near Jhalod Road Dahod, corporate event venue near Jhalod Road",Transactional (Hyper-local),High
Event + City Area,"Reception Venues in Jhalod Road, Dahod | VenueConnect",/dahod/jhalod-road/reception-venues/,"Best Reception Venues in Jhalod Road, Dahod | Book Near You - VenueConnect","Find the perfect reception venue in Jhalod Road, Dahod. Compare halls, farmhouses & party plots near Jhalod Road. Get instant leads & free quotes on VenueConnect.","Best Reception Venues in Jhalod Road, Dahod",reception venues in Jhalod Road Dahod,"reception venue Jhalod Road, reception hall near Jhalod Road Dahod, reception venue near Jhalod Road",Transactional (Hyper-local),High
Event + City Area,"Wedding Venues in Kadana Road, Dahod | VenueConnect",/dahod/kadana-road/wedding-venues/,"Best Wedding Venues in Kadana Road, Dahod | Book Near You - VenueConnect","Find the perfect wedding venue in Kadana Road, Dahod. Compare halls, farmhouses & party plots near Kadana Road. Get instant leads & free quotes on VenueConnect.","Best Wedding Venues in Kadana Road, Dahod",wedding venues in Kadana Road Dahod,"wedding venue Kadana Road, wedding hall near Kadana Road Dahod, wedding venue near Kadana Road",Transactional (Hyper-local),High
Event + City Area,"Birthday Party Venues in Kadana Road, Dahod | VenueConnect",/dahod/kadana-road/birthday-party-venues/,"Best Birthday Party Venues in Kadana Road, Dahod | Book Near You - VenueConnect","Find the perfect birthday party venue in Kadana Road, Dahod. Compare halls, farmhouses & party plots near Kadana Road. Get instant leads & free quotes on VenueConnect.","Best Birthday Party Venues in Kadana Road, Dahod",birthday party venues in Kadana Road Dahod,"birthday party venue Kadana Road, birthday party hall near Kadana Road Dahod, birthday party venue near Kadana Road",Transactional (Hyper-local),High
Event + City Area,"Engagement Venues in Kadana Road, Dahod | VenueConnect",/dahod/kadana-road/engagement-venues/,"Best Engagement Venues in Kadana Road, Dahod | Book Near You - VenueConnect","Find the perfect engagement venue in Kadana Road, Dahod. Compare halls, farmhouses & party plots near Kadana Road. Get instant leads & free quotes on VenueConnect.","Best Engagement Venues in Kadana Road, Dahod",engagement venues in Kadana Road Dahod,"engagement venue Kadana Road, engagement hall near Kadana Road Dahod, engagement venue near Kadana Road",Transactional (Hyper-local),High
Event + City Area,"Corporate Event Venues in Kadana Road, Dahod | VenueConnect",/dahod/kadana-road/corporate-event-venues/,"Best Corporate Event Venues in Kadana Road, Dahod | Book Near You - VenueConnect","Find the perfect corporate event venue in Kadana Road, Dahod. Compare halls, farmhouses & party plots near Kadana Road. Get instant leads & free quotes on VenueConnect.","Best Corporate Event Venues in Kadana Road, Dahod",corporate event venues in Kadana Road Dahod,"corporate event venue Kadana Road, corporate event hall near Kadana Road Dahod, corporate event venue near Kadana Road",Transactional (Hyper-local),High
Event + City Area,"Reception Venues in Kadana Road, Dahod | VenueConnect",/dahod/kadana-road/reception-venues/,"Best Reception Venues in Kadana Road, Dahod | Book Near You - VenueConnect","Find the perfect reception venue in Kadana Road, Dahod. Compare halls, farmhouses & party plots near Kadana Road. Get instant leads & free quotes on VenueConnect.","Best Reception Venues in Kadana Road, Dahod",reception venues in Kadana Road Dahod,"reception venue Kadana Road, reception hall near Kadana Road Dahod, reception venue near Kadana Road",Transactional (Hyper-local),High
Event + City Area,"Wedding Venues in Khanpur, Dahod | VenueConnect",/dahod/khanpur/wedding-venues/,"Best Wedding Venues in Khanpur, Dahod | Book Near You - VenueConnect","Find the perfect wedding venue in Khanpur, Dahod. Compare halls, farmhouses & party plots near Khanpur. Get instant leads & free quotes on VenueConnect.","Best Wedding Venues in Khanpur, Dahod",wedding venues in Khanpur Dahod,"wedding venue Khanpur, wedding hall near Khanpur Dahod, wedding venue near Khanpur",Transactional (Hyper-local),High
Event + City Area,"Birthday Party Venues in Khanpur, Dahod | VenueConnect",/dahod/khanpur/birthday-party-venues/,"Best Birthday Party Venues in Khanpur, Dahod | Book Near You - VenueConnect","Find the perfect birthday party venue in Khanpur, Dahod. Compare halls, farmhouses & party plots near Khanpur. Get instant leads & free quotes on VenueConnect.","Best Birthday Party Venues in Khanpur, Dahod",birthday party venues in Khanpur Dahod,"birthday party venue Khanpur, birthday party hall near Khanpur Dahod, birthday party venue near Khanpur",Transactional (Hyper-local),High
Event + City Area,"Engagement Venues in Khanpur, Dahod | VenueConnect",/dahod/khanpur/engagement-venues/,"Best Engagement Venues in Khanpur, Dahod | Book Near You - VenueConnect","Find the perfect engagement venue in Khanpur, Dahod. Compare halls, farmhouses & party plots near Khanpur. Get instant leads & free quotes on VenueConnect.","Best Engagement Venues in Khanpur, Dahod",engagement venues in Khanpur Dahod,"engagement venue Khanpur, engagement hall near Khanpur Dahod, engagement venue near Khanpur",Transactional (Hyper-local),High
Event + City Area,"Corporate Event Venues in Khanpur, Dahod | VenueConnect",/dahod/khanpur/corporate-event-venues/,"Best Corporate Event Venues in Khanpur, Dahod | Book Near You - VenueConnect","Find the perfect corporate event venue in Khanpur, Dahod. Compare halls, farmhouses & party plots near Khanpur. Get instant leads & free quotes on VenueConnect.","Best Corporate Event Venues in Khanpur, Dahod",corporate event venues in Khanpur Dahod,"corporate event venue Khanpur, corporate event hall near Khanpur Dahod, corporate event venue near Khanpur",Transactional (Hyper-local),High
Event + City Area,"Reception Venues in Khanpur, Dahod | VenueConnect",/dahod/khanpur/reception-venues/,"Best Reception Venues in Khanpur, Dahod | Book Near You - VenueConnect","Find the perfect reception venue in Khanpur, Dahod. Compare halls, farmhouses & party plots near Khanpur. Get instant leads & free quotes on VenueConnect.","Best Reception Venues in Khanpur, Dahod",reception venues in Khanpur Dahod,"reception venue Khanpur, reception hall near Khanpur Dahod, reception venue near Khanpur",Transactional (Hyper-local),High
Event + City Area,"Wedding Venues in Lunawada Road, Dahod | VenueConnect",/dahod/lunawada-road/wedding-venues/,"Best Wedding Venues in Lunawada Road, Dahod | Book Near You - VenueConnect","Find the perfect wedding venue in Lunawada Road, Dahod. Compare halls, farmhouses & party plots near Lunawada Road. Get instant leads & free quotes on VenueConnect.","Best Wedding Venues in Lunawada Road, Dahod",wedding venues in Lunawada Road Dahod,"wedding venue Lunawada Road, wedding hall near Lunawada Road Dahod, wedding venue near Lunawada Road",Transactional (Hyper-local),High
Event + City Area,"Birthday Party Venues in Lunawada Road, Dahod | VenueConnect",/dahod/lunawada-road/birthday-party-venues/,"Best Birthday Party Venues in Lunawada Road, Dahod | Book Near You - VenueConnect","Find the perfect birthday party venue in Lunawada Road, Dahod. Compare halls, farmhouses & party plots near Lunawada Road. Get instant leads & free quotes on VenueConnect.","Best Birthday Party Venues in Lunawada Road, Dahod",birthday party venues in Lunawada Road Dahod,"birthday party venue Lunawada Road, birthday party hall near Lunawada Road Dahod, birthday party venue near Lunawada Road",Transactional (Hyper-local),High
Event + City Area,"Engagement Venues in Lunawada Road, Dahod | VenueConnect",/dahod/lunawada-road/engagement-venues/,"Best Engagement Venues in Lunawada Road, Dahod | Book Near You - VenueConnect","Find the perfect engagement venue in Lunawada Road, Dahod. Compare halls, farmhouses & party plots near Lunawada Road. Get instant leads & free quotes on VenueConnect.","Best Engagement Venues in Lunawada Road, Dahod",engagement venues in Lunawada Road Dahod,"engagement venue Lunawada Road, engagement hall near Lunawada Road Dahod, engagement venue near Lunawada Road",Transactional (Hyper-local),High
Event + City Area,"Corporate Event Venues in Lunawada Road, Dahod | VenueConnect",/dahod/lunawada-road/corporate-event-venues/,"Best Corporate Event Venues in Lunawada Road, Dahod | Book Near You - VenueConnect","Find the perfect corporate event venue in Lunawada Road, Dahod. Compare halls, farmhouses & party plots near Lunawada Road. Get instant leads & free quotes on VenueConnect.","Best Corporate Event Venues in Lunawada Road, Dahod",corporate event venues in Lunawada Road Dahod,"corporate event venue Lunawada Road, corporate event hall near Lunawada Road Dahod, corporate event venue near Lunawada Road",Transactional (Hyper-local),High
Event + City Area,"Reception Venues in Lunawada Road, Dahod | VenueConnect",/dahod/lunawada-road/reception-venues/,"Best Reception Venues in Lunawada Road, Dahod | Book Near You - VenueConnect","Find the perfect reception venue in Lunawada Road, Dahod. Compare halls, farmhouses & party plots near Lunawada Road. Get instant leads & free quotes on VenueConnect.","Best Reception Venues in Lunawada Road, Dahod",reception venues in Lunawada Road Dahod,"reception venue Lunawada Road, reception hall near Lunawada Road Dahod, reception venue near Lunawada Road",Transactional (Hyper-local),High
Event + City Area,"Wedding Venues in Nandod Road, Dahod | VenueConnect",/dahod/nandod-road/wedding-venues/,"Best Wedding Venues in Nandod Road, Dahod | Book Near You - VenueConnect","Find the perfect wedding venue in Nandod Road, Dahod. Compare halls, farmhouses & party plots near Nandod Road. Get instant leads & free quotes on VenueConnect.","Best Wedding Venues in Nandod Road, Dahod",wedding venues in Nandod Road Dahod,"wedding venue Nandod Road, wedding hall near Nandod Road Dahod, wedding venue near Nandod Road",Transactional (Hyper-local),High
Event + City Area,"Birthday Party Venues in Nandod Road, Dahod | VenueConnect",/dahod/nandod-road/birthday-party-venues/,"Best Birthday Party Venues in Nandod Road, Dahod | Book Near You - VenueConnect","Find the perfect birthday party venue in Nandod Road, Dahod. Compare halls, farmhouses & party plots near Nandod Road. Get instant leads & free quotes on VenueConnect.","Best Birthday Party Venues in Nandod Road, Dahod",birthday party venues in Nandod Road Dahod,"birthday party venue Nandod Road, birthday party hall near Nandod Road Dahod, birthday party venue near Nandod Road",Transactional (Hyper-local),High
Event + City Area,"Engagement Venues in Nandod Road, Dahod | VenueConnect",/dahod/nandod-road/engagement-venues/,"Best Engagement Venues in Nandod Road, Dahod | Book Near You - VenueConnect","Find the perfect engagement venue in Nandod Road, Dahod. Compare halls, farmhouses & party plots near Nandod Road. Get instant leads & free quotes on VenueConnect.","Best Engagement Venues in Nandod Road, Dahod",engagement venues in Nandod Road Dahod,"engagement venue Nandod Road, engagement hall near Nandod Road Dahod, engagement venue near Nandod Road",Transactional (Hyper-local),High
Event + City Area,"Corporate Event Venues in Nandod Road, Dahod | VenueConnect",/dahod/nandod-road/corporate-event-venues/,"Best Corporate Event Venues in Nandod Road, Dahod | Book Near You - VenueConnect","Find the perfect corporate event venue in Nandod Road, Dahod. Compare halls, farmhouses & party plots near Nandod Road. Get instant leads & free quotes on VenueConnect.","Best Corporate Event Venues in Nandod Road, Dahod",corporate event venues in Nandod Road Dahod,"corporate event venue Nandod Road, corporate event hall near Nandod Road Dahod, corporate event venue near Nandod Road",Transactional (Hyper-local),High
Event + City Area,"Reception Venues in Nandod Road, Dahod | VenueConnect",/dahod/nandod-road/reception-venues/,"Best Reception Venues in Nandod Road, Dahod | Book Near You - VenueConnect","Find the perfect reception venue in Nandod Road, Dahod. Compare halls, farmhouses & party plots near Nandod Road. Get instant leads & free quotes on VenueConnect.","Best Reception Venues in Nandod Road, Dahod",reception venues in Nandod Road Dahod,"reception venue Nandod Road, reception hall near Nandod Road Dahod, reception venue near Nandod Road",Transactional (Hyper-local),High
Event + City Area,"Wedding Venues in Piplod, Dahod | VenueConnect",/dahod/piplod/wedding-venues/,"Best Wedding Venues in Piplod, Dahod | Book Near You - VenueConnect","Find the perfect wedding venue in Piplod, Dahod. Compare halls, farmhouses & party plots near Piplod. Get instant leads & free quotes on VenueConnect.","Best Wedding Venues in Piplod, Dahod",wedding venues in Piplod Dahod,"wedding venue Piplod, wedding hall near Piplod Dahod, wedding venue near Piplod",Transactional (Hyper-local),High
Event + City Area,"Birthday Party Venues in Piplod, Dahod | VenueConnect",/dahod/piplod/birthday-party-venues/,"Best Birthday Party Venues in Piplod, Dahod | Book Near You - VenueConnect","Find the perfect birthday party venue in Piplod, Dahod. Compare halls, farmhouses & party plots near Piplod. Get instant leads & free quotes on VenueConnect.","Best Birthday Party Venues in Piplod, Dahod",birthday party venues in Piplod Dahod,"birthday party venue Piplod, birthday party hall near Piplod Dahod, birthday party venue near Piplod",Transactional (Hyper-local),High
Event + City Area,"Engagement Venues in Piplod, Dahod | VenueConnect",/dahod/piplod/engagement-venues/,"Best Engagement Venues in Piplod, Dahod | Book Near You - VenueConnect","Find the perfect engagement venue in Piplod, Dahod. Compare halls, farmhouses & party plots near Piplod. Get instant leads & free quotes on VenueConnect.","Best Engagement Venues in Piplod, Dahod",engagement venues in Piplod Dahod,"engagement venue Piplod, engagement hall near Piplod Dahod, engagement venue near Piplod",Transactional (Hyper-local),High
Event + City Area,"Corporate Event Venues in Piplod, Dahod | VenueConnect",/dahod/piplod/corporate-event-venues/,"Best Corporate Event Venues in Piplod, Dahod | Book Near You - VenueConnect","Find the perfect corporate event venue in Piplod, Dahod. Compare halls, farmhouses & party plots near Piplod. Get instant leads & free quotes on VenueConnect.","Best Corporate Event Venues in Piplod, Dahod",corporate event venues in Piplod Dahod,"corporate event venue Piplod, corporate event hall near Piplod Dahod, corporate event venue near Piplod",Transactional (Hyper-local),High
Event + City Area,"Reception Venues in Piplod, Dahod | VenueConnect",/dahod/piplod/reception-venues/,"Best Reception Venues in Piplod, Dahod | Book Near You - VenueConnect","Find the perfect reception venue in Piplod, Dahod. Compare halls, farmhouses & party plots near Piplod. Get instant leads & free quotes on VenueConnect.","Best Reception Venues in Piplod, Dahod",reception venues in Piplod Dahod,"reception venue Piplod, reception hall near Piplod Dahod, reception venue near Piplod",Transactional (Hyper-local),High
Event + City Area,"Wedding Venues in Rampura, Dahod | VenueConnect",/dahod/rampura/wedding-venues/,"Best Wedding Venues in Rampura, Dahod | Book Near You - VenueConnect","Find the perfect wedding venue in Rampura, Dahod. Compare halls, farmhouses & party plots near Rampura. Get instant leads & free quotes on VenueConnect.","Best Wedding Venues in Rampura, Dahod",wedding venues in Rampura Dahod,"wedding venue Rampura, wedding hall near Rampura Dahod, wedding venue near Rampura",Transactional (Hyper-local),High
Event + City Area,"Birthday Party Venues in Rampura, Dahod | VenueConnect",/dahod/rampura/birthday-party-venues/,"Best Birthday Party Venues in Rampura, Dahod | Book Near You - VenueConnect","Find the perfect birthday party venue in Rampura, Dahod. Compare halls, farmhouses & party plots near Rampura. Get instant leads & free quotes on VenueConnect.","Best Birthday Party Venues in Rampura, Dahod",birthday party venues in Rampura Dahod,"birthday party venue Rampura, birthday party hall near Rampura Dahod, birthday party venue near Rampura",Transactional (Hyper-local),High
Event + City Area,"Engagement Venues in Rampura, Dahod | VenueConnect",/dahod/rampura/engagement-venues/,"Best Engagement Venues in Rampura, Dahod | Book Near You - VenueConnect","Find the perfect engagement venue in Rampura, Dahod. Compare halls, farmhouses & party plots near Rampura. Get instant leads & free quotes on VenueConnect.","Best Engagement Venues in Rampura, Dahod",engagement venues in Rampura Dahod,"engagement venue Rampura, engagement hall near Rampura Dahod, engagement venue near Rampura",Transactional (Hyper-local),High
Event + City Area,"Corporate Event Venues in Rampura, Dahod | VenueConnect",/dahod/rampura/corporate-event-venues/,"Best Corporate Event Venues in Rampura, Dahod | Book Near You - VenueConnect","Find the perfect corporate event venue in Rampura, Dahod. Compare halls, farmhouses & party plots near Rampura. Get instant leads & free quotes on VenueConnect.","Best Corporate Event Venues in Rampura, Dahod",corporate event venues in Rampura Dahod,"corporate event venue Rampura, corporate event hall near Rampura Dahod, corporate event venue near Rampura",Transactional (Hyper-local),High
Event + City Area,"Reception Venues in Rampura, Dahod | VenueConnect",/dahod/rampura/reception-venues/,"Best Reception Venues in Rampura, Dahod | Book Near You - VenueConnect","Find the perfect reception venue in Rampura, Dahod. Compare halls, farmhouses & party plots near Rampura. Get instant leads & free quotes on VenueConnect.","Best Reception Venues in Rampura, Dahod",reception venues in Rampura Dahod,"reception venue Rampura, reception hall near Rampura Dahod, reception venue near Rampura",Transactional (Hyper-local),High
Event + City Area,"Wedding Venues in Santrampur Road, Dahod | VenueConnect",/dahod/santrampur-road/wedding-venues/,"Best Wedding Venues in Santrampur Road, Dahod | Book Near You - VenueConnect","Find the perfect wedding venue in Santrampur Road, Dahod. Compare halls, farmhouses & party plots near Santrampur Road. Get instant leads & free quotes on VenueConnect.","Best Wedding Venues in Santrampur Road, Dahod",wedding venues in Santrampur Road Dahod,"wedding venue Santrampur Road, wedding hall near Santrampur Road Dahod, wedding venue near Santrampur Road",Transactional (Hyper-local),High
Event + City Area,"Birthday Party Venues in Santrampur Road, Dahod | VenueConnect",/dahod/santrampur-road/birthday-party-venues/,"Best Birthday Party Venues in Santrampur Road, Dahod | Book Near You - VenueConnect","Find the perfect birthday party venue in Santrampur Road, Dahod. Compare halls, farmhouses & party plots near Santrampur Road. Get instant leads & free quotes on VenueConnect.","Best Birthday Party Venues in Santrampur Road, Dahod",birthday party venues in Santrampur Road Dahod,"birthday party venue Santrampur Road, birthday party hall near Santrampur Road Dahod, birthday party venue near Santrampur Road",Transactional (Hyper-local),High
Event + City Area,"Engagement Venues in Santrampur Road, Dahod | VenueConnect",/dahod/santrampur-road/engagement-venues/,"Best Engagement Venues in Santrampur Road, Dahod | Book Near You - VenueConnect","Find the perfect engagement venue in Santrampur Road, Dahod. Compare halls, farmhouses & party plots near Santrampur Road. Get instant leads & free quotes on VenueConnect.","Best Engagement Venues in Santrampur Road, Dahod",engagement venues in Santrampur Road Dahod,"engagement venue Santrampur Road, engagement hall near Santrampur Road Dahod, engagement venue near Santrampur Road",Transactional (Hyper-local),High
Event + City Area,"Corporate Event Venues in Santrampur Road, Dahod | VenueConnect",/dahod/santrampur-road/corporate-event-venues/,"Best Corporate Event Venues in Santrampur Road, Dahod | Book Near You - VenueConnect","Find the perfect corporate event venue in Santrampur Road, Dahod. Compare halls, farmhouses & party plots near Santrampur Road. Get instant leads & free quotes on VenueConnect.","Best Corporate Event Venues in Santrampur Road, Dahod",corporate event venues in Santrampur Road Dahod,"corporate event venue Santrampur Road, corporate event hall near Santrampur Road Dahod, corporate event venue near Santrampur Road",Transactional (Hyper-local),High
Event + City Area,"Reception Venues in Santrampur Road, Dahod | VenueConnect",/dahod/santrampur-road/reception-venues/,"Best Reception Venues in Santrampur Road, Dahod | Book Near You - VenueConnect","Find the perfect reception venue in Santrampur Road, Dahod. Compare halls, farmhouses & party plots near Santrampur Road. Get instant leads & free quotes on VenueConnect.","Best Reception Venues in Santrampur Road, Dahod",reception venues in Santrampur Road Dahod,"reception venue Santrampur Road, reception hall near Santrampur Road Dahod, reception venue near Santrampur Road",Transactional (Hyper-local),High
Event + City Area,"Wedding Venues in Shehera Road, Dahod | VenueConnect",/dahod/shehera-road/wedding-venues/,"Best Wedding Venues in Shehera Road, Dahod | Book Near You - VenueConnect","Find the perfect wedding venue in Shehera Road, Dahod. Compare halls, farmhouses & party plots near Shehera Road. Get instant leads & free quotes on VenueConnect.","Best Wedding Venues in Shehera Road, Dahod",wedding venues in Shehera Road Dahod,"wedding venue Shehera Road, wedding hall near Shehera Road Dahod, wedding venue near Shehera Road",Transactional (Hyper-local),High
Event + City Area,"Birthday Party Venues in Shehera Road, Dahod | VenueConnect",/dahod/shehera-road/birthday-party-venues/,"Best Birthday Party Venues in Shehera Road, Dahod | Book Near You - VenueConnect","Find the perfect birthday party venue in Shehera Road, Dahod. Compare halls, farmhouses & party plots near Shehera Road. Get instant leads & free quotes on VenueConnect.","Best Birthday Party Venues in Shehera Road, Dahod",birthday party venues in Shehera Road Dahod,"birthday party venue Shehera Road, birthday party hall near Shehera Road Dahod, birthday party venue near Shehera Road",Transactional (Hyper-local),High
Event + City Area,"Engagement Venues in Shehera Road, Dahod | VenueConnect",/dahod/shehera-road/engagement-venues/,"Best Engagement Venues in Shehera Road, Dahod | Book Near You - VenueConnect","Find the perfect engagement venue in Shehera Road, Dahod. Compare halls, farmhouses & party plots near Shehera Road. Get instant leads & free quotes on VenueConnect.","Best Engagement Venues in Shehera Road, Dahod",engagement venues in Shehera Road Dahod,"engagement venue Shehera Road, engagement hall near Shehera Road Dahod, engagement venue near Shehera Road",Transactional (Hyper-local),High
Event + City Area,"Corporate Event Venues in Shehera Road, Dahod | VenueConnect",/dahod/shehera-road/corporate-event-venues/,"Best Corporate Event Venues in Shehera Road, Dahod | Book Near You - VenueConnect","Find the perfect corporate event venue in Shehera Road, Dahod. Compare halls, farmhouses & party plots near Shehera Road. Get instant leads & free quotes on VenueConnect.","Best Corporate Event Venues in Shehera Road, Dahod",corporate event venues in Shehera Road Dahod,"corporate event venue Shehera Road, corporate event hall near Shehera Road Dahod, corporate event venue near Shehera Road",Transactional (Hyper-local),High
Event + City Area,"Reception Venues in Shehera Road, Dahod | VenueConnect",/dahod/shehera-road/reception-venues/,"Best Reception Venues in Shehera Road, Dahod | Book Near You - VenueConnect","Find the perfect reception venue in Shehera Road, Dahod. Compare halls, farmhouses & party plots near Shehera Road. Get instant leads & free quotes on VenueConnect.","Best Reception Venues in Shehera Road, Dahod",reception venues in Shehera Road Dahod,"reception venue Shehera Road, reception hall near Shehera Road Dahod, reception venue near Shehera Road",Transactional (Hyper-local),High
Event + City Area,"Wedding Venues in Singvad, Dahod | VenueConnect",/dahod/singvad/wedding-venues/,"Best Wedding Venues in Singvad, Dahod | Book Near You - VenueConnect","Find the perfect wedding venue in Singvad, Dahod. Compare halls, farmhouses & party plots near Singvad. Get instant leads & free quotes on VenueConnect.","Best Wedding Venues in Singvad, Dahod",wedding venues in Singvad Dahod,"wedding venue Singvad, wedding hall near Singvad Dahod, wedding venue near Singvad",Transactional (Hyper-local),High
Event + City Area,"Birthday Party Venues in Singvad, Dahod | VenueConnect",/dahod/singvad/birthday-party-venues/,"Best Birthday Party Venues in Singvad, Dahod | Book Near You - VenueConnect","Find the perfect birthday party venue in Singvad, Dahod. Compare halls, farmhouses & party plots near Singvad. Get instant leads & free quotes on VenueConnect.","Best Birthday Party Venues in Singvad, Dahod",birthday party venues in Singvad Dahod,"birthday party venue Singvad, birthday party hall near Singvad Dahod, birthday party venue near Singvad",Transactional (Hyper-local),High
Event + City Area,"Engagement Venues in Singvad, Dahod | VenueConnect",/dahod/singvad/engagement-venues/,"Best Engagement Venues in Singvad, Dahod | Book Near You - VenueConnect","Find the perfect engagement venue in Singvad, Dahod. Compare halls, farmhouses & party plots near Singvad. Get instant leads & free quotes on VenueConnect.","Best Engagement Venues in Singvad, Dahod",engagement venues in Singvad Dahod,"engagement venue Singvad, engagement hall near Singvad Dahod, engagement venue near Singvad",Transactional (Hyper-local),High
Event + City Area,"Corporate Event Venues in Singvad, Dahod | VenueConnect",/dahod/singvad/corporate-event-venues/,"Best Corporate Event Venues in Singvad, Dahod | Book Near You - VenueConnect","Find the perfect corporate event venue in Singvad, Dahod. Compare halls, farmhouses & party plots near Singvad. Get instant leads & free quotes on VenueConnect.","Best Corporate Event Venues in Singvad, Dahod",corporate event venues in Singvad Dahod,"corporate event venue Singvad, corporate event hall near Singvad Dahod, corporate event venue near Singvad",Transactional (Hyper-local),High
Event + City Area,"Reception Venues in Singvad, Dahod | VenueConnect",/dahod/singvad/reception-venues/,"Best Reception Venues in Singvad, Dahod | Book Near You - VenueConnect","Find the perfect reception venue in Singvad, Dahod. Compare halls, farmhouses & party plots near Singvad. Get instant leads & free quotes on VenueConnect.","Best Reception Venues in Singvad, Dahod",reception venues in Singvad Dahod,"reception venue Singvad, reception hall near Singvad Dahod, reception venue near Singvad",Transactional (Hyper-local),High
Event + City Area,"Wedding Venues in Sanjeli Road, Dahod | VenueConnect",/dahod/sanjeli-road/wedding-venues/,"Best Wedding Venues in Sanjeli Road, Dahod | Book Near You - VenueConnect","Find the perfect wedding venue in Sanjeli Road, Dahod. Compare halls, farmhouses & party plots near Sanjeli Road. Get instant leads & free quotes on VenueConnect.","Best Wedding Venues in Sanjeli Road, Dahod",wedding venues in Sanjeli Road Dahod,"wedding venue Sanjeli Road, wedding hall near Sanjeli Road Dahod, wedding venue near Sanjeli Road",Transactional (Hyper-local),High
Event + City Area,"Birthday Party Venues in Sanjeli Road, Dahod | VenueConnect",/dahod/sanjeli-road/birthday-party-venues/,"Best Birthday Party Venues in Sanjeli Road, Dahod | Book Near You - VenueConnect","Find the perfect birthday party venue in Sanjeli Road, Dahod. Compare halls, farmhouses & party plots near Sanjeli Road. Get instant leads & free quotes on VenueConnect.","Best Birthday Party Venues in Sanjeli Road, Dahod",birthday party venues in Sanjeli Road Dahod,"birthday party venue Sanjeli Road, birthday party hall near Sanjeli Road Dahod, birthday party venue near Sanjeli Road",Transactional (Hyper-local),High
Event + City Area,"Engagement Venues in Sanjeli Road, Dahod | VenueConnect",/dahod/sanjeli-road/engagement-venues/,"Best Engagement Venues in Sanjeli Road, Dahod | Book Near You - VenueConnect","Find the perfect engagement venue in Sanjeli Road, Dahod. Compare halls, farmhouses & party plots near Sanjeli Road. Get instant leads & free quotes on VenueConnect.","Best Engagement Venues in Sanjeli Road, Dahod",engagement venues in Sanjeli Road Dahod,"engagement venue Sanjeli Road, engagement hall near Sanjeli Road Dahod, engagement venue near Sanjeli Road",Transactional (Hyper-local),High
Event + City Area,"Corporate Event Venues in Sanjeli Road, Dahod | VenueConnect",/dahod/sanjeli-road/corporate-event-venues/,"Best Corporate Event Venues in Sanjeli Road, Dahod | Book Near You - VenueConnect","Find the perfect corporate event venue in Sanjeli Road, Dahod. Compare halls, farmhouses & party plots near Sanjeli Road. Get instant leads & free quotes on VenueConnect.","Best Corporate Event Venues in Sanjeli Road, Dahod",corporate event venues in Sanjeli Road Dahod,"corporate event venue Sanjeli Road, corporate event hall near Sanjeli Road Dahod, corporate event venue near Sanjeli Road",Transactional (Hyper-local),High
Event + City Area,"Reception Venues in Sanjeli Road, Dahod | VenueConnect",/dahod/sanjeli-road/reception-venues/,"Best Reception Venues in Sanjeli Road, Dahod | Book Near You - VenueConnect","Find the perfect reception venue in Sanjeli Road, Dahod. Compare halls, farmhouses & party plots near Sanjeli Road. Get instant leads & free quotes on VenueConnect.","Best Reception Venues in Sanjeli Road, Dahod",reception venues in Sanjeli Road Dahod,"reception venue Sanjeli Road, reception hall near Sanjeli Road Dahod, reception venue near Sanjeli Road",Transactional (Hyper-local),High
  VENDOR + CITY AREA PAGES (Hyper-local),,,,,,,,,
Page Type,Page Title,URL Slug,Meta Title,Meta Description,H1 Tag,Target Keyword,Secondary Keywords,Search Intent,Priority
Vendor + City Area,"Photographers in Station Road, Dahod | VenueConnect",/dahod/station-road/vendors/photographers/,"Top Photographers in Station Road, Dahod | Hire Near You - VenueConnect","Find the best photographers in Station Road, Dahod for your event. Browse verified profiles, compare pricing & get WhatsApp leads instantly on VenueConnect.","Top Photographers in Station Road, Dahod",photographers in Station Road Dahod,"photographers near Station Road, photographers Station Road Dahod, best photographers near Station Road",Transactional (Hyper-local),Medium
Vendor + City Area,"Caterers in Station Road, Dahod | VenueConnect",/dahod/station-road/vendors/caterers/,"Top Caterers in Station Road, Dahod | Hire Near You - VenueConnect","Find the best caterers in Station Road, Dahod for your event. Browse verified profiles, compare pricing & get WhatsApp leads instantly on VenueConnect.","Top Caterers in Station Road, Dahod",caterers in Station Road Dahod,"caterers near Station Road, caterers Station Road Dahod, best caterers near Station Road",Transactional (Hyper-local),Medium
Vendor + City Area,"Decorators in Station Road, Dahod | VenueConnect",/dahod/station-road/vendors/decorators/,"Top Decorators in Station Road, Dahod | Hire Near You - VenueConnect","Find the best decorators in Station Road, Dahod for your event. Browse verified profiles, compare pricing & get WhatsApp leads instantly on VenueConnect.","Top Decorators in Station Road, Dahod",decorators in Station Road Dahod,"decorators near Station Road, decorators Station Road Dahod, best decorators near Station Road",Transactional (Hyper-local),Medium
Vendor + City Area,"Mehndi Artists in Station Road, Dahod | VenueConnect",/dahod/station-road/vendors/mehndi-artists/,"Top Mehndi Artists in Station Road, Dahod | Hire Near You - VenueConnect","Find the best mehndi artists in Station Road, Dahod for your event. Browse verified profiles, compare pricing & get WhatsApp leads instantly on VenueConnect.","Top Mehndi Artists in Station Road, Dahod",mehndi artists in Station Road Dahod,"mehndi artists near Station Road, mehndi artists Station Road Dahod, best mehndi artists near Station Road",Transactional (Hyper-local),Medium
Vendor + City Area,"Photographers in Godhra Road, Dahod | VenueConnect",/dahod/godhra-road/vendors/photographers/,"Top Photographers in Godhra Road, Dahod | Hire Near You - VenueConnect","Find the best photographers in Godhra Road, Dahod for your event. Browse verified profiles, compare pricing & get WhatsApp leads instantly on VenueConnect.","Top Photographers in Godhra Road, Dahod",photographers in Godhra Road Dahod,"photographers near Godhra Road, photographers Godhra Road Dahod, best photographers near Godhra Road",Transactional (Hyper-local),Medium
Vendor + City Area,"Caterers in Godhra Road, Dahod | VenueConnect",/dahod/godhra-road/vendors/caterers/,"Top Caterers in Godhra Road, Dahod | Hire Near You - VenueConnect","Find the best caterers in Godhra Road, Dahod for your event. Browse verified profiles, compare pricing & get WhatsApp leads instantly on VenueConnect.","Top Caterers in Godhra Road, Dahod",caterers in Godhra Road Dahod,"caterers near Godhra Road, caterers Godhra Road Dahod, best caterers near Godhra Road",Transactional (Hyper-local),Medium
Vendor + City Area,"Decorators in Godhra Road, Dahod | VenueConnect",/dahod/godhra-road/vendors/decorators/,"Top Decorators in Godhra Road, Dahod | Hire Near You - VenueConnect","Find the best decorators in Godhra Road, Dahod for your event. Browse verified profiles, compare pricing & get WhatsApp leads instantly on VenueConnect.","Top Decorators in Godhra Road, Dahod",decorators in Godhra Road Dahod,"decorators near Godhra Road, decorators Godhra Road Dahod, best decorators near Godhra Road",Transactional (Hyper-local),Medium
Vendor + City Area,"Mehndi Artists in Godhra Road, Dahod | VenueConnect",/dahod/godhra-road/vendors/mehndi-artists/,"Top Mehndi Artists in Godhra Road, Dahod | Hire Near You - VenueConnect","Find the best mehndi artists in Godhra Road, Dahod for your event. Browse verified profiles, compare pricing & get WhatsApp leads instantly on VenueConnect.","Top Mehndi Artists in Godhra Road, Dahod",mehndi artists in Godhra Road Dahod,"mehndi artists near Godhra Road, mehndi artists Godhra Road Dahod, best mehndi artists near Godhra Road",Transactional (Hyper-local),Medium
Vendor + City Area,"Photographers in Zalod Road, Dahod | VenueConnect",/dahod/zalod-road/vendors/photographers/,"Top Photographers in Zalod Road, Dahod | Hire Near You - VenueConnect","Find the best photographers in Zalod Road, Dahod for your event. Browse verified profiles, compare pricing & get WhatsApp leads instantly on VenueConnect.","Top Photographers in Zalod Road, Dahod",photographers in Zalod Road Dahod,"photographers near Zalod Road, photographers Zalod Road Dahod, best photographers near Zalod Road",Transactional (Hyper-local),Medium
Vendor + City Area,"Caterers in Zalod Road, Dahod | VenueConnect",/dahod/zalod-road/vendors/caterers/,"Top Caterers in Zalod Road, Dahod | Hire Near You - VenueConnect","Find the best caterers in Zalod Road, Dahod for your event. Browse verified profiles, compare pricing & get WhatsApp leads instantly on VenueConnect.","Top Caterers in Zalod Road, Dahod",caterers in Zalod Road Dahod,"caterers near Zalod Road, caterers Zalod Road Dahod, best caterers near Zalod Road",Transactional (Hyper-local),Medium
Vendor + City Area,"Decorators in Zalod Road, Dahod | VenueConnect",/dahod/zalod-road/vendors/decorators/,"Top Decorators in Zalod Road, Dahod | Hire Near You - VenueConnect","Find the best decorators in Zalod Road, Dahod for your event. Browse verified profiles, compare pricing & get WhatsApp leads instantly on VenueConnect.","Top Decorators in Zalod Road, Dahod",decorators in Zalod Road Dahod,"decorators near Zalod Road, decorators Zalod Road Dahod, best decorators near Zalod Road",Transactional (Hyper-local),Medium
Vendor + City Area,"Mehndi Artists in Zalod Road, Dahod | VenueConnect",/dahod/zalod-road/vendors/mehndi-artists/,"Top Mehndi Artists in Zalod Road, Dahod | Hire Near You - VenueConnect","Find the best mehndi artists in Zalod Road, Dahod for your event. Browse verified profiles, compare pricing & get WhatsApp leads instantly on VenueConnect.","Top Mehndi Artists in Zalod Road, Dahod",mehndi artists in Zalod Road Dahod,"mehndi artists near Zalod Road, mehndi artists Zalod Road Dahod, best mehndi artists near Zalod Road",Transactional (Hyper-local),Medium
Vendor + City Area,"Photographers in Limkheda Road, Dahod | VenueConnect",/dahod/limkheda-road/vendors/photographers/,"Top Photographers in Limkheda Road, Dahod | Hire Near You - VenueConnect","Find the best photographers in Limkheda Road, Dahod for your event. Browse verified profiles, compare pricing & get WhatsApp leads instantly on VenueConnect.","Top Photographers in Limkheda Road, Dahod",photographers in Limkheda Road Dahod,"photographers near Limkheda Road, photographers Limkheda Road Dahod, best photographers near Limkheda Road",Transactional (Hyper-local),Medium
Vendor + City Area,"Caterers in Limkheda Road, Dahod | VenueConnect",/dahod/limkheda-road/vendors/caterers/,"Top Caterers in Limkheda Road, Dahod | Hire Near You - VenueConnect","Find the best caterers in Limkheda Road, Dahod for your event. Browse verified profiles, compare pricing & get WhatsApp leads instantly on VenueConnect.","Top Caterers in Limkheda Road, Dahod",caterers in Limkheda Road Dahod,"caterers near Limkheda Road, caterers Limkheda Road Dahod, best caterers near Limkheda Road",Transactional (Hyper-local),Medium
Vendor + City Area,"Decorators in Limkheda Road, Dahod | VenueConnect",/dahod/limkheda-road/vendors/decorators/,"Top Decorators in Limkheda Road, Dahod | Hire Near You - VenueConnect","Find the best decorators in Limkheda Road, Dahod for your event. Browse verified profiles, compare pricing & get WhatsApp leads instantly on VenueConnect.","Top Decorators in Limkheda Road, Dahod",decorators in Limkheda Road Dahod,"decorators near Limkheda Road, decorators Limkheda Road Dahod, best decorators near Limkheda Road",Transactional (Hyper-local),Medium
Vendor + City Area,"Mehndi Artists in Limkheda Road, Dahod | VenueConnect",/dahod/limkheda-road/vendors/mehndi-artists/,"Top Mehndi Artists in Limkheda Road, Dahod | Hire Near You - VenueConnect","Find the best mehndi artists in Limkheda Road, Dahod for your event. Browse verified profiles, compare pricing & get WhatsApp leads instantly on VenueConnect.","Top Mehndi Artists in Limkheda Road, Dahod",mehndi artists in Limkheda Road Dahod,"mehndi artists near Limkheda Road, mehndi artists Limkheda Road Dahod, best mehndi artists near Limkheda Road",Transactional (Hyper-local),Medium
Vendor + City Area,"Photographers in Devgadh Baria Road, Dahod | VenueConnect",/dahod/devgadh-baria-road/vendors/photographers/,"Top Photographers in Devgadh Baria Road, Dahod | Hire Near You - VenueConnect","Find the best photographers in Devgadh Baria Road, Dahod for your event. Browse verified profiles, compare pricing & get WhatsApp leads instantly on VenueConnect.","Top Photographers in Devgadh Baria Road, Dahod",photographers in Devgadh Baria Road Dahod,"photographers near Devgadh Baria Road, photographers Devgadh Baria Road Dahod, best photographers near Devgadh Baria Road",Transactional (Hyper-local),Medium
Vendor + City Area,"Caterers in Devgadh Baria Road, Dahod | VenueConnect",/dahod/devgadh-baria-road/vendors/caterers/,"Top Caterers in Devgadh Baria Road, Dahod | Hire Near You - VenueConnect","Find the best caterers in Devgadh Baria Road, Dahod for your event. Browse verified profiles, compare pricing & get WhatsApp leads instantly on VenueConnect.","Top Caterers in Devgadh Baria Road, Dahod",caterers in Devgadh Baria Road Dahod,"caterers near Devgadh Baria Road, caterers Devgadh Baria Road Dahod, best caterers near Devgadh Baria Road",Transactional (Hyper-local),Medium
Vendor + City Area,"Decorators in Devgadh Baria Road, Dahod | VenueConnect",/dahod/devgadh-baria-road/vendors/decorators/,"Top Decorators in Devgadh Baria Road, Dahod | Hire Near You - VenueConnect","Find the best decorators in Devgadh Baria Road, Dahod for your event. Browse verified profiles, compare pricing & get WhatsApp leads instantly on VenueConnect.","Top Decorators in Devgadh Baria Road, Dahod",decorators in Devgadh Baria Road Dahod,"decorators near Devgadh Baria Road, decorators Devgadh Baria Road Dahod, best decorators near Devgadh Baria Road",Transactional (Hyper-local),Medium
Vendor + City Area,"Mehndi Artists in Devgadh Baria Road, Dahod | VenueConnect",/dahod/devgadh-baria-road/vendors/mehndi-artists/,"Top Mehndi Artists in Devgadh Baria Road, Dahod | Hire Near You - VenueConnect","Find the best mehndi artists in Devgadh Baria Road, Dahod for your event. Browse verified profiles, compare pricing & get WhatsApp leads instantly on VenueConnect.","Top Mehndi Artists in Devgadh Baria Road, Dahod",mehndi artists in Devgadh Baria Road Dahod,"mehndi artists near Devgadh Baria Road, mehndi artists Devgadh Baria Road Dahod, best mehndi artists near Devgadh Baria Road",Transactional (Hyper-local),Medium
Vendor + City Area,"Photographers in City Center, Dahod | VenueConnect",/dahod/city-center/vendors/photographers/,"Top Photographers in City Center, Dahod | Hire Near You - VenueConnect","Find the best photographers in City Center, Dahod for your event. Browse verified profiles, compare pricing & get WhatsApp leads instantly on VenueConnect.","Top Photographers in City Center, Dahod",photographers in City Center Dahod,"photographers near City Center, photographers City Center Dahod, best photographers near City Center",Transactional (Hyper-local),Medium
Vendor + City Area,"Caterers in City Center, Dahod | VenueConnect",/dahod/city-center/vendors/caterers/,"Top Caterers in City Center, Dahod | Hire Near You - VenueConnect","Find the best caterers in City Center, Dahod for your event. Browse verified profiles, compare pricing & get WhatsApp leads instantly on VenueConnect.","Top Caterers in City Center, Dahod",caterers in City Center Dahod,"caterers near City Center, caterers City Center Dahod, best caterers near City Center",Transactional (Hyper-local),Medium
Vendor + City Area,"Decorators in City Center, Dahod | VenueConnect",/dahod/city-center/vendors/decorators/,"Top Decorators in City Center, Dahod | Hire Near You - VenueConnect","Find the best decorators in City Center, Dahod for your event. Browse verified profiles, compare pricing & get WhatsApp leads instantly on VenueConnect.","Top Decorators in City Center, Dahod",decorators in City Center Dahod,"decorators near City Center, decorators City Center Dahod, best decorators near City Center",Transactional (Hyper-local),Medium
Vendor + City Area,"Mehndi Artists in City Center, Dahod | VenueConnect",/dahod/city-center/vendors/mehndi-artists/,"Top Mehndi Artists in City Center, Dahod | Hire Near You - VenueConnect","Find the best mehndi artists in City Center, Dahod for your event. Browse verified profiles, compare pricing & get WhatsApp leads instantly on VenueConnect.","Top Mehndi Artists in City Center, Dahod",mehndi artists in City Center Dahod,"mehndi artists near City Center, mehndi artists City Center Dahod, best mehndi artists near City Center",Transactional (Hyper-local),Medium
Vendor + City Area,"Photographers in Chhota Udaipur Road, Dahod | VenueConnect",/dahod/chhota-udaipur-road/vendors/photographers/,"Top Photographers in Chhota Udaipur Road, Dahod | Hire Near You - VenueConnect","Find the best photographers in Chhota Udaipur Road, Dahod for your event. Browse verified profiles, compare pricing & get WhatsApp leads instantly on VenueConnect.","Top Photographers in Chhota Udaipur Road, Dahod",photographers in Chhota Udaipur Road Dahod,"photographers near Chhota Udaipur Road, photographers Chhota Udaipur Road Dahod, best photographers near Chhota Udaipur Road",Transactional (Hyper-local),Medium
Vendor + City Area,"Caterers in Chhota Udaipur Road, Dahod | VenueConnect",/dahod/chhota-udaipur-road/vendors/caterers/,"Top Caterers in Chhota Udaipur Road, Dahod | Hire Near You - VenueConnect","Find the best caterers in Chhota Udaipur Road, Dahod for your event. Browse verified profiles, compare pricing & get WhatsApp leads instantly on VenueConnect.","Top Caterers in Chhota Udaipur Road, Dahod",caterers in Chhota Udaipur Road Dahod,"caterers near Chhota Udaipur Road, caterers Chhota Udaipur Road Dahod, best caterers near Chhota Udaipur Road",Transactional (Hyper-local),Medium
Vendor + City Area,"Decorators in Chhota Udaipur Road, Dahod | VenueConnect",/dahod/chhota-udaipur-road/vendors/decorators/,"Top Decorators in Chhota Udaipur Road, Dahod | Hire Near You - VenueConnect","Find the best decorators in Chhota Udaipur Road, Dahod for your event. Browse verified profiles, compare pricing & get WhatsApp leads instantly on VenueConnect.","Top Decorators in Chhota Udaipur Road, Dahod",decorators in Chhota Udaipur Road Dahod,"decorators near Chhota Udaipur Road, decorators Chhota Udaipur Road Dahod, best decorators near Chhota Udaipur Road",Transactional (Hyper-local),Medium
Vendor + City Area,"Mehndi Artists in Chhota Udaipur Road, Dahod | VenueConnect",/dahod/chhota-udaipur-road/vendors/mehndi-artists/,"Top Mehndi Artists in Chhota Udaipur Road, Dahod | Hire Near You - VenueConnect","Find the best mehndi artists in Chhota Udaipur Road, Dahod for your event. Browse verified profiles, compare pricing & get WhatsApp leads instantly on VenueConnect.","Top Mehndi Artists in Chhota Udaipur Road, Dahod",mehndi artists in Chhota Udaipur Road Dahod,"mehndi artists near Chhota Udaipur Road, mehndi artists Chhota Udaipur Road Dahod, best mehndi artists near Chhota Udaipur Road",Transactional (Hyper-local),Medium
Vendor + City Area,"Photographers in Court Road, Dahod | VenueConnect",/dahod/court-road/vendors/photographers/,"Top Photographers in Court Road, Dahod | Hire Near You - VenueConnect","Find the best photographers in Court Road, Dahod for your event. Browse verified profiles, compare pricing & get WhatsApp leads instantly on VenueConnect.","Top Photographers in Court Road, Dahod",photographers in Court Road Dahod,"photographers near Court Road, photographers Court Road Dahod, best photographers near Court Road",Transactional (Hyper-local),Medium
Vendor + City Area,"Caterers in Court Road, Dahod | VenueConnect",/dahod/court-road/vendors/caterers/,"Top Caterers in Court Road, Dahod | Hire Near You - VenueConnect","Find the best caterers in Court Road, Dahod for your event. Browse verified profiles, compare pricing & get WhatsApp leads instantly on VenueConnect.","Top Caterers in Court Road, Dahod",caterers in Court Road Dahod,"caterers near Court Road, caterers Court Road Dahod, best caterers near Court Road",Transactional (Hyper-local),Medium
Vendor + City Area,"Decorators in Court Road, Dahod | VenueConnect",/dahod/court-road/vendors/decorators/,"Top Decorators in Court Road, Dahod | Hire Near You - VenueConnect","Find the best decorators in Court Road, Dahod for your event. Browse verified profiles, compare pricing & get WhatsApp leads instantly on VenueConnect.","Top Decorators in Court Road, Dahod",decorators in Court Road Dahod,"decorators near Court Road, decorators Court Road Dahod, best decorators near Court Road",Transactional (Hyper-local),Medium
Vendor + City Area,"Mehndi Artists in Court Road, Dahod | VenueConnect",/dahod/court-road/vendors/mehndi-artists/,"Top Mehndi Artists in Court Road, Dahod | Hire Near You - VenueConnect","Find the best mehndi artists in Court Road, Dahod for your event. Browse verified profiles, compare pricing & get WhatsApp leads instantly on VenueConnect.","Top Mehndi Artists in Court Road, Dahod",mehndi artists in Court Road Dahod,"mehndi artists near Court Road, mehndi artists Court Road Dahod, best mehndi artists near Court Road",Transactional (Hyper-local),Medium
Vendor + City Area,"Photographers in Dohad GIDC, Dahod | VenueConnect",/dahod/dohad-gidc/vendors/photographers/,"Top Photographers in Dohad GIDC, Dahod | Hire Near You - VenueConnect","Find the best photographers in Dohad GIDC, Dahod for your event. Browse verified profiles, compare pricing & get WhatsApp leads instantly on VenueConnect.","Top Photographers in Dohad GIDC, Dahod",photographers in Dohad GIDC Dahod,"photographers near Dohad GIDC, photographers Dohad GIDC Dahod, best photographers near Dohad GIDC",Transactional (Hyper-local),Medium
Vendor + City Area,"Caterers in Dohad GIDC, Dahod | VenueConnect",/dahod/dohad-gidc/vendors/caterers/,"Top Caterers in Dohad GIDC, Dahod | Hire Near You - VenueConnect","Find the best caterers in Dohad GIDC, Dahod for your event. Browse verified profiles, compare pricing & get WhatsApp leads instantly on VenueConnect.","Top Caterers in Dohad GIDC, Dahod",caterers in Dohad GIDC Dahod,"caterers near Dohad GIDC, caterers Dohad GIDC Dahod, best caterers near Dohad GIDC",Transactional (Hyper-local),Medium
Vendor + City Area,"Decorators in Dohad GIDC, Dahod | VenueConnect",/dahod/dohad-gidc/vendors/decorators/,"Top Decorators in Dohad GIDC, Dahod | Hire Near You - VenueConnect","Find the best decorators in Dohad GIDC, Dahod for your event. Browse verified profiles, compare pricing & get WhatsApp leads instantly on VenueConnect.","Top Decorators in Dohad GIDC, Dahod",decorators in Dohad GIDC Dahod,"decorators near Dohad GIDC, decorators Dohad GIDC Dahod, best decorators near Dohad GIDC",Transactional (Hyper-local),Medium
Vendor + City Area,"Mehndi Artists in Dohad GIDC, Dahod | VenueConnect",/dahod/dohad-gidc/vendors/mehndi-artists/,"Top Mehndi Artists in Dohad GIDC, Dahod | Hire Near You - VenueConnect","Find the best mehndi artists in Dohad GIDC, Dahod for your event. Browse verified profiles, compare pricing & get WhatsApp leads instantly on VenueConnect.","Top Mehndi Artists in Dohad GIDC, Dahod",mehndi artists in Dohad GIDC Dahod,"mehndi artists near Dohad GIDC, mehndi artists Dohad GIDC Dahod, best mehndi artists near Dohad GIDC",Transactional (Hyper-local),Medium
Vendor + City Area,"Photographers in Fatepura, Dahod | VenueConnect",/dahod/fatepura/vendors/photographers/,"Top Photographers in Fatepura, Dahod | Hire Near You - VenueConnect","Find the best photographers in Fatepura, Dahod for your event. Browse verified profiles, compare pricing & get WhatsApp leads instantly on VenueConnect.","Top Photographers in Fatepura, Dahod",photographers in Fatepura Dahod,"photographers near Fatepura, photographers Fatepura Dahod, best photographers near Fatepura",Transactional (Hyper-local),Medium
Vendor + City Area,"Caterers in Fatepura, Dahod | VenueConnect",/dahod/fatepura/vendors/caterers/,"Top Caterers in Fatepura, Dahod | Hire Near You - VenueConnect","Find the best caterers in Fatepura, Dahod for your event. Browse verified profiles, compare pricing & get WhatsApp leads instantly on VenueConnect.","Top Caterers in Fatepura, Dahod",caterers in Fatepura Dahod,"caterers near Fatepura, caterers Fatepura Dahod, best caterers near Fatepura",Transactional (Hyper-local),Medium
Vendor + City Area,"Decorators in Fatepura, Dahod | VenueConnect",/dahod/fatepura/vendors/decorators/,"Top Decorators in Fatepura, Dahod | Hire Near You - VenueConnect","Find the best decorators in Fatepura, Dahod for your event. Browse verified profiles, compare pricing & get WhatsApp leads instantly on VenueConnect.","Top Decorators in Fatepura, Dahod",decorators in Fatepura Dahod,"decorators near Fatepura, decorators Fatepura Dahod, best decorators near Fatepura",Transactional (Hyper-local),Medium
Vendor + City Area,"Mehndi Artists in Fatepura, Dahod | VenueConnect",/dahod/fatepura/vendors/mehndi-artists/,"Top Mehndi Artists in Fatepura, Dahod | Hire Near You - VenueConnect","Find the best mehndi artists in Fatepura, Dahod for your event. Browse verified profiles, compare pricing & get WhatsApp leads instantly on VenueConnect.","Top Mehndi Artists in Fatepura, Dahod",mehndi artists in Fatepura Dahod,"mehndi artists near Fatepura, mehndi artists Fatepura Dahod, best mehndi artists near Fatepura",Transactional (Hyper-local),Medium
Vendor + City Area,"Photographers in Garbada Road, Dahod | VenueConnect",/dahod/garbada-road/vendors/photographers/,"Top Photographers in Garbada Road, Dahod | Hire Near You - VenueConnect","Find the best photographers in Garbada Road, Dahod for your event. Browse verified profiles, compare pricing & get WhatsApp leads instantly on VenueConnect.","Top Photographers in Garbada Road, Dahod",photographers in Garbada Road Dahod,"photographers near Garbada Road, photographers Garbada Road Dahod, best photographers near Garbada Road",Transactional (Hyper-local),Medium
Vendor + City Area,"Caterers in Garbada Road, Dahod | VenueConnect",/dahod/garbada-road/vendors/caterers/,"Top Caterers in Garbada Road, Dahod | Hire Near You - VenueConnect","Find the best caterers in Garbada Road, Dahod for your event. Browse verified profiles, compare pricing & get WhatsApp leads instantly on VenueConnect.","Top Caterers in Garbada Road, Dahod",caterers in Garbada Road Dahod,"caterers near Garbada Road, caterers Garbada Road Dahod, best caterers near Garbada Road",Transactional (Hyper-local),Medium
Vendor + City Area,"Decorators in Garbada Road, Dahod | VenueConnect",/dahod/garbada-road/vendors/decorators/,"Top Decorators in Garbada Road, Dahod | Hire Near You - VenueConnect","Find the best decorators in Garbada Road, Dahod for your event. Browse verified profiles, compare pricing & get WhatsApp leads instantly on VenueConnect.","Top Decorators in Garbada Road, Dahod",decorators in Garbada Road Dahod,"decorators near Garbada Road, decorators Garbada Road Dahod, best decorators near Garbada Road",Transactional (Hyper-local),Medium
Vendor + City Area,"Mehndi Artists in Garbada Road, Dahod | VenueConnect",/dahod/garbada-road/vendors/mehndi-artists/,"Top Mehndi Artists in Garbada Road, Dahod | Hire Near You - VenueConnect","Find the best mehndi artists in Garbada Road, Dahod for your event. Browse verified profiles, compare pricing & get WhatsApp leads instantly on VenueConnect.","Top Mehndi Artists in Garbada Road, Dahod",mehndi artists in Garbada Road Dahod,"mehndi artists near Garbada Road, mehndi artists Garbada Road Dahod, best mehndi artists near Garbada Road",Transactional (Hyper-local),Medium
Vendor + City Area,"Photographers in Jhalod Road, Dahod | VenueConnect",/dahod/jhalod-road/vendors/photographers/,"Top Photographers in Jhalod Road, Dahod | Hire Near You - VenueConnect","Find the best photographers in Jhalod Road, Dahod for your event. Browse verified profiles, compare pricing & get WhatsApp leads instantly on VenueConnect.","Top Photographers in Jhalod Road, Dahod",photographers in Jhalod Road Dahod,"photographers near Jhalod Road, photographers Jhalod Road Dahod, best photographers near Jhalod Road",Transactional (Hyper-local),Medium
Vendor + City Area,"Caterers in Jhalod Road, Dahod | VenueConnect",/dahod/jhalod-road/vendors/caterers/,"Top Caterers in Jhalod Road, Dahod | Hire Near You - VenueConnect","Find the best caterers in Jhalod Road, Dahod for your event. Browse verified profiles, compare pricing & get WhatsApp leads instantly on VenueConnect.","Top Caterers in Jhalod Road, Dahod",caterers in Jhalod Road Dahod,"caterers near Jhalod Road, caterers Jhalod Road Dahod, best caterers near Jhalod Road",Transactional (Hyper-local),Medium
Vendor + City Area,"Decorators in Jhalod Road, Dahod | VenueConnect",/dahod/jhalod-road/vendors/decorators/,"Top Decorators in Jhalod Road, Dahod | Hire Near You - VenueConnect","Find the best decorators in Jhalod Road, Dahod for your event. Browse verified profiles, compare pricing & get WhatsApp leads instantly on VenueConnect.","Top Decorators in Jhalod Road, Dahod",decorators in Jhalod Road Dahod,"decorators near Jhalod Road, decorators Jhalod Road Dahod, best decorators near Jhalod Road",Transactional (Hyper-local),Medium
Vendor + City Area,"Mehndi Artists in Jhalod Road, Dahod | VenueConnect",/dahod/jhalod-road/vendors/mehndi-artists/,"Top Mehndi Artists in Jhalod Road, Dahod | Hire Near You - VenueConnect","Find the best mehndi artists in Jhalod Road, Dahod for your event. Browse verified profiles, compare pricing & get WhatsApp leads instantly on VenueConnect.","Top Mehndi Artists in Jhalod Road, Dahod",mehndi artists in Jhalod Road Dahod,"mehndi artists near Jhalod Road, mehndi artists Jhalod Road Dahod, best mehndi artists near Jhalod Road",Transactional (Hyper-local),Medium
Vendor + City Area,"Photographers in Kadana Road, Dahod | VenueConnect",/dahod/kadana-road/vendors/photographers/,"Top Photographers in Kadana Road, Dahod | Hire Near You - VenueConnect","Find the best photographers in Kadana Road, Dahod for your event. Browse verified profiles, compare pricing & get WhatsApp leads instantly on VenueConnect.","Top Photographers in Kadana Road, Dahod",photographers in Kadana Road Dahod,"photographers near Kadana Road, photographers Kadana Road Dahod, best photographers near Kadana Road",Transactional (Hyper-local),Medium
Vendor + City Area,"Caterers in Kadana Road, Dahod | VenueConnect",/dahod/kadana-road/vendors/caterers/,"Top Caterers in Kadana Road, Dahod | Hire Near You - VenueConnect","Find the best caterers in Kadana Road, Dahod for your event. Browse verified profiles, compare pricing & get WhatsApp leads instantly on VenueConnect.","Top Caterers in Kadana Road, Dahod",caterers in Kadana Road Dahod,"caterers near Kadana Road, caterers Kadana Road Dahod, best caterers near Kadana Road",Transactional (Hyper-local),Medium
Vendor + City Area,"Decorators in Kadana Road, Dahod | VenueConnect",/dahod/kadana-road/vendors/decorators/,"Top Decorators in Kadana Road, Dahod | Hire Near You - VenueConnect","Find the best decorators in Kadana Road, Dahod for your event. Browse verified profiles, compare pricing & get WhatsApp leads instantly on VenueConnect.","Top Decorators in Kadana Road, Dahod",decorators in Kadana Road Dahod,"decorators near Kadana Road, decorators Kadana Road Dahod, best decorators near Kadana Road",Transactional (Hyper-local),Medium
Vendor + City Area,"Mehndi Artists in Kadana Road, Dahod | VenueConnect",/dahod/kadana-road/vendors/mehndi-artists/,"Top Mehndi Artists in Kadana Road, Dahod | Hire Near You - VenueConnect","Find the best mehndi artists in Kadana Road, Dahod for your event. Browse verified profiles, compare pricing & get WhatsApp leads instantly on VenueConnect.","Top Mehndi Artists in Kadana Road, Dahod",mehndi artists in Kadana Road Dahod,"mehndi artists near Kadana Road, mehndi artists Kadana Road Dahod, best mehndi artists near Kadana Road",Transactional (Hyper-local),Medium
Vendor + City Area,"Photographers in Khanpur, Dahod | VenueConnect",/dahod/khanpur/vendors/photographers/,"Top Photographers in Khanpur, Dahod | Hire Near You - VenueConnect","Find the best photographers in Khanpur, Dahod for your event. Browse verified profiles, compare pricing & get WhatsApp leads instantly on VenueConnect.","Top Photographers in Khanpur, Dahod",photographers in Khanpur Dahod,"photographers near Khanpur, photographers Khanpur Dahod, best photographers near Khanpur",Transactional (Hyper-local),Medium
Vendor + City Area,"Caterers in Khanpur, Dahod | VenueConnect",/dahod/khanpur/vendors/caterers/,"Top Caterers in Khanpur, Dahod | Hire Near You - VenueConnect","Find the best caterers in Khanpur, Dahod for your event. Browse verified profiles, compare pricing & get WhatsApp leads instantly on VenueConnect.","Top Caterers in Khanpur, Dahod",caterers in Khanpur Dahod,"caterers near Khanpur, caterers Khanpur Dahod, best caterers near Khanpur",Transactional (Hyper-local),Medium
Vendor + City Area,"Decorators in Khanpur, Dahod | VenueConnect",/dahod/khanpur/vendors/decorators/,"Top Decorators in Khanpur, Dahod | Hire Near You - VenueConnect","Find the best decorators in Khanpur, Dahod for your event. Browse verified profiles, compare pricing & get WhatsApp leads instantly on VenueConnect.","Top Decorators in Khanpur, Dahod",decorators in Khanpur Dahod,"decorators near Khanpur, decorators Khanpur Dahod, best decorators near Khanpur",Transactional (Hyper-local),Medium
Vendor + City Area,"Mehndi Artists in Khanpur, Dahod | VenueConnect",/dahod/khanpur/vendors/mehndi-artists/,"Top Mehndi Artists in Khanpur, Dahod | Hire Near You - VenueConnect","Find the best mehndi artists in Khanpur, Dahod for your event. Browse verified profiles, compare pricing & get WhatsApp leads instantly on VenueConnect.","Top Mehndi Artists in Khanpur, Dahod",mehndi artists in Khanpur Dahod,"mehndi artists near Khanpur, mehndi artists Khanpur Dahod, best mehndi artists near Khanpur",Transactional (Hyper-local),Medium
Vendor + City Area,"Photographers in Lunawada Road, Dahod | VenueConnect",/dahod/lunawada-road/vendors/photographers/,"Top Photographers in Lunawada Road, Dahod | Hire Near You - VenueConnect","Find the best photographers in Lunawada Road, Dahod for your event. Browse verified profiles, compare pricing & get WhatsApp leads instantly on VenueConnect.","Top Photographers in Lunawada Road, Dahod",photographers in Lunawada Road Dahod,"photographers near Lunawada Road, photographers Lunawada Road Dahod, best photographers near Lunawada Road",Transactional (Hyper-local),Medium
Vendor + City Area,"Caterers in Lunawada Road, Dahod | VenueConnect",/dahod/lunawada-road/vendors/caterers/,"Top Caterers in Lunawada Road, Dahod | Hire Near You - VenueConnect","Find the best caterers in Lunawada Road, Dahod for your event. Browse verified profiles, compare pricing & get WhatsApp leads instantly on VenueConnect.","Top Caterers in Lunawada Road, Dahod",caterers in Lunawada Road Dahod,"caterers near Lunawada Road, caterers Lunawada Road Dahod, best caterers near Lunawada Road",Transactional (Hyper-local),Medium
Vendor + City Area,"Decorators in Lunawada Road, Dahod | VenueConnect",/dahod/lunawada-road/vendors/decorators/,"Top Decorators in Lunawada Road, Dahod | Hire Near You - VenueConnect","Find the best decorators in Lunawada Road, Dahod for your event. Browse verified profiles, compare pricing & get WhatsApp leads instantly on VenueConnect.","Top Decorators in Lunawada Road, Dahod",decorators in Lunawada Road Dahod,"decorators near Lunawada Road, decorators Lunawada Road Dahod, best decorators near Lunawada Road",Transactional (Hyper-local),Medium
Vendor + City Area,"Mehndi Artists in Lunawada Road, Dahod | VenueConnect",/dahod/lunawada-road/vendors/mehndi-artists/,"Top Mehndi Artists in Lunawada Road, Dahod | Hire Near You - VenueConnect","Find the best mehndi artists in Lunawada Road, Dahod for your event. Browse verified profiles, compare pricing & get WhatsApp leads instantly on VenueConnect.","Top Mehndi Artists in Lunawada Road, Dahod",mehndi artists in Lunawada Road Dahod,"mehndi artists near Lunawada Road, mehndi artists Lunawada Road Dahod, best mehndi artists near Lunawada Road",Transactional (Hyper-local),Medium
Vendor + City Area,"Photographers in Nandod Road, Dahod | VenueConnect",/dahod/nandod-road/vendors/photographers/,"Top Photographers in Nandod Road, Dahod | Hire Near You - VenueConnect","Find the best photographers in Nandod Road, Dahod for your event. Browse verified profiles, compare pricing & get WhatsApp leads instantly on VenueConnect.","Top Photographers in Nandod Road, Dahod",photographers in Nandod Road Dahod,"photographers near Nandod Road, photographers Nandod Road Dahod, best photographers near Nandod Road",Transactional (Hyper-local),Medium
Vendor + City Area,"Caterers in Nandod Road, Dahod | VenueConnect",/dahod/nandod-road/vendors/caterers/,"Top Caterers in Nandod Road, Dahod | Hire Near You - VenueConnect","Find the best caterers in Nandod Road, Dahod for your event. Browse verified profiles, compare pricing & get WhatsApp leads instantly on VenueConnect.","Top Caterers in Nandod Road, Dahod",caterers in Nandod Road Dahod,"caterers near Nandod Road, caterers Nandod Road Dahod, best caterers near Nandod Road",Transactional (Hyper-local),Medium
Vendor + City Area,"Decorators in Nandod Road, Dahod | VenueConnect",/dahod/nandod-road/vendors/decorators/,"Top Decorators in Nandod Road, Dahod | Hire Near You - VenueConnect","Find the best decorators in Nandod Road, Dahod for your event. Browse verified profiles, compare pricing & get WhatsApp leads instantly on VenueConnect.","Top Decorators in Nandod Road, Dahod",decorators in Nandod Road Dahod,"decorators near Nandod Road, decorators Nandod Road Dahod, best decorators near Nandod Road",Transactional (Hyper-local),Medium
Vendor + City Area,"Mehndi Artists in Nandod Road, Dahod | VenueConnect",/dahod/nandod-road/vendors/mehndi-artists/,"Top Mehndi Artists in Nandod Road, Dahod | Hire Near You - VenueConnect","Find the best mehndi artists in Nandod Road, Dahod for your event. Browse verified profiles, compare pricing & get WhatsApp leads instantly on VenueConnect.","Top Mehndi Artists in Nandod Road, Dahod",mehndi artists in Nandod Road Dahod,"mehndi artists near Nandod Road, mehndi artists Nandod Road Dahod, best mehndi artists near Nandod Road",Transactional (Hyper-local),Medium
Vendor + City Area,"Photographers in Piplod, Dahod | VenueConnect",/dahod/piplod/vendors/photographers/,"Top Photographers in Piplod, Dahod | Hire Near You - VenueConnect","Find the best photographers in Piplod, Dahod for your event. Browse verified profiles, compare pricing & get WhatsApp leads instantly on VenueConnect.","Top Photographers in Piplod, Dahod",photographers in Piplod Dahod,"photographers near Piplod, photographers Piplod Dahod, best photographers near Piplod",Transactional (Hyper-local),Medium
Vendor + City Area,"Caterers in Piplod, Dahod | VenueConnect",/dahod/piplod/vendors/caterers/,"Top Caterers in Piplod, Dahod | Hire Near You - VenueConnect","Find the best caterers in Piplod, Dahod for your event. Browse verified profiles, compare pricing & get WhatsApp leads instantly on VenueConnect.","Top Caterers in Piplod, Dahod",caterers in Piplod Dahod,"caterers near Piplod, caterers Piplod Dahod, best caterers near Piplod",Transactional (Hyper-local),Medium
Vendor + City Area,"Decorators in Piplod, Dahod | VenueConnect",/dahod/piplod/vendors/decorators/,"Top Decorators in Piplod, Dahod | Hire Near You - VenueConnect","Find the best decorators in Piplod, Dahod for your event. Browse verified profiles, compare pricing & get WhatsApp leads instantly on VenueConnect.","Top Decorators in Piplod, Dahod",decorators in Piplod Dahod,"decorators near Piplod, decorators Piplod Dahod, best decorators near Piplod",Transactional (Hyper-local),Medium
Vendor + City Area,"Mehndi Artists in Piplod, Dahod | VenueConnect",/dahod/piplod/vendors/mehndi-artists/,"Top Mehndi Artists in Piplod, Dahod | Hire Near You - VenueConnect","Find the best mehndi artists in Piplod, Dahod for your event. Browse verified profiles, compare pricing & get WhatsApp leads instantly on VenueConnect.","Top Mehndi Artists in Piplod, Dahod",mehndi artists in Piplod Dahod,"mehndi artists near Piplod, mehndi artists Piplod Dahod, best mehndi artists near Piplod",Transactional (Hyper-local),Medium
Vendor + City Area,"Photographers in Rampura, Dahod | VenueConnect",/dahod/rampura/vendors/photographers/,"Top Photographers in Rampura, Dahod | Hire Near You - VenueConnect","Find the best photographers in Rampura, Dahod for your event. Browse verified profiles, compare pricing & get WhatsApp leads instantly on VenueConnect.","Top Photographers in Rampura, Dahod",photographers in Rampura Dahod,"photographers near Rampura, photographers Rampura Dahod, best photographers near Rampura",Transactional (Hyper-local),Medium
Vendor + City Area,"Caterers in Rampura, Dahod | VenueConnect",/dahod/rampura/vendors/caterers/,"Top Caterers in Rampura, Dahod | Hire Near You - VenueConnect","Find the best caterers in Rampura, Dahod for your event. Browse verified profiles, compare pricing & get WhatsApp leads instantly on VenueConnect.","Top Caterers in Rampura, Dahod",caterers in Rampura Dahod,"caterers near Rampura, caterers Rampura Dahod, best caterers near Rampura",Transactional (Hyper-local),Medium
Vendor + City Area,"Decorators in Rampura, Dahod | VenueConnect",/dahod/rampura/vendors/decorators/,"Top Decorators in Rampura, Dahod | Hire Near You - VenueConnect","Find the best decorators in Rampura, Dahod for your event. Browse verified profiles, compare pricing & get WhatsApp leads instantly on VenueConnect.","Top Decorators in Rampura, Dahod",decorators in Rampura Dahod,"decorators near Rampura, decorators Rampura Dahod, best decorators near Rampura",Transactional (Hyper-local),Medium
Vendor + City Area,"Mehndi Artists in Rampura, Dahod | VenueConnect",/dahod/rampura/vendors/mehndi-artists/,"Top Mehndi Artists in Rampura, Dahod | Hire Near You - VenueConnect","Find the best mehndi artists in Rampura, Dahod for your event. Browse verified profiles, compare pricing & get WhatsApp leads instantly on VenueConnect.","Top Mehndi Artists in Rampura, Dahod",mehndi artists in Rampura Dahod,"mehndi artists near Rampura, mehndi artists Rampura Dahod, best mehndi artists near Rampura",Transactional (Hyper-local),Medium
Vendor + City Area,"Photographers in Santrampur Road, Dahod | VenueConnect",/dahod/santrampur-road/vendors/photographers/,"Top Photographers in Santrampur Road, Dahod | Hire Near You - VenueConnect","Find the best photographers in Santrampur Road, Dahod for your event. Browse verified profiles, compare pricing & get WhatsApp leads instantly on VenueConnect.","Top Photographers in Santrampur Road, Dahod",photographers in Santrampur Road Dahod,"photographers near Santrampur Road, photographers Santrampur Road Dahod, best photographers near Santrampur Road",Transactional (Hyper-local),Medium
Vendor + City Area,"Caterers in Santrampur Road, Dahod | VenueConnect",/dahod/santrampur-road/vendors/caterers/,"Top Caterers in Santrampur Road, Dahod | Hire Near You - VenueConnect","Find the best caterers in Santrampur Road, Dahod for your event. Browse verified profiles, compare pricing & get WhatsApp leads instantly on VenueConnect.","Top Caterers in Santrampur Road, Dahod",caterers in Santrampur Road Dahod,"caterers near Santrampur Road, caterers Santrampur Road Dahod, best caterers near Santrampur Road",Transactional (Hyper-local),Medium
Vendor + City Area,"Decorators in Santrampur Road, Dahod | VenueConnect",/dahod/santrampur-road/vendors/decorators/,"Top Decorators in Santrampur Road, Dahod | Hire Near You - VenueConnect","Find the best decorators in Santrampur Road, Dahod for your event. Browse verified profiles, compare pricing & get WhatsApp leads instantly on VenueConnect.","Top Decorators in Santrampur Road, Dahod",decorators in Santrampur Road Dahod,"decorators near Santrampur Road, decorators Santrampur Road Dahod, best decorators near Santrampur Road",Transactional (Hyper-local),Medium
Vendor + City Area,"Mehndi Artists in Santrampur Road, Dahod | VenueConnect",/dahod/santrampur-road/vendors/mehndi-artists/,"Top Mehndi Artists in Santrampur Road, Dahod | Hire Near You - VenueConnect","Find the best mehndi artists in Santrampur Road, Dahod for your event. Browse verified profiles, compare pricing & get WhatsApp leads instantly on VenueConnect.","Top Mehndi Artists in Santrampur Road, Dahod",mehndi artists in Santrampur Road Dahod,"mehndi artists near Santrampur Road, mehndi artists Santrampur Road Dahod, best mehndi artists near Santrampur Road",Transactional (Hyper-local),Medium
Vendor + City Area,"Photographers in Shehera Road, Dahod | VenueConnect",/dahod/shehera-road/vendors/photographers/,"Top Photographers in Shehera Road, Dahod | Hire Near You - VenueConnect","Find the best photographers in Shehera Road, Dahod for your event. Browse verified profiles, compare pricing & get WhatsApp leads instantly on VenueConnect.","Top Photographers in Shehera Road, Dahod",photographers in Shehera Road Dahod,"photographers near Shehera Road, photographers Shehera Road Dahod, best photographers near Shehera Road",Transactional (Hyper-local),Medium
Vendor + City Area,"Caterers in Shehera Road, Dahod | VenueConnect",/dahod/shehera-road/vendors/caterers/,"Top Caterers in Shehera Road, Dahod | Hire Near You - VenueConnect","Find the best caterers in Shehera Road, Dahod for your event. Browse verified profiles, compare pricing & get WhatsApp leads instantly on VenueConnect.","Top Caterers in Shehera Road, Dahod",caterers in Shehera Road Dahod,"caterers near Shehera Road, caterers Shehera Road Dahod, best caterers near Shehera Road",Transactional (Hyper-local),Medium
Vendor + City Area,"Decorators in Shehera Road, Dahod | VenueConnect",/dahod/shehera-road/vendors/decorators/,"Top Decorators in Shehera Road, Dahod | Hire Near You - VenueConnect","Find the best decorators in Shehera Road, Dahod for your event. Browse verified profiles, compare pricing & get WhatsApp leads instantly on VenueConnect.","Top Decorators in Shehera Road, Dahod",decorators in Shehera Road Dahod,"decorators near Shehera Road, decorators Shehera Road Dahod, best decorators near Shehera Road",Transactional (Hyper-local),Medium
Vendor + City Area,"Mehndi Artists in Shehera Road, Dahod | VenueConnect",/dahod/shehera-road/vendors/mehndi-artists/,"Top Mehndi Artists in Shehera Road, Dahod | Hire Near You - VenueConnect","Find the best mehndi artists in Shehera Road, Dahod for your event. Browse verified profiles, compare pricing & get WhatsApp leads instantly on VenueConnect.","Top Mehndi Artists in Shehera Road, Dahod",mehndi artists in Shehera Road Dahod,"mehndi artists near Shehera Road, mehndi artists Shehera Road Dahod, best mehndi artists near Shehera Road",Transactional (Hyper-local),Medium
Vendor + City Area,"Photographers in Singvad, Dahod | VenueConnect",/dahod/singvad/vendors/photographers/,"Top Photographers in Singvad, Dahod | Hire Near You - VenueConnect","Find the best photographers in Singvad, Dahod for your event. Browse verified profiles, compare pricing & get WhatsApp leads instantly on VenueConnect.","Top Photographers in Singvad, Dahod",photographers in Singvad Dahod,"photographers near Singvad, photographers Singvad Dahod, best photographers near Singvad",Transactional (Hyper-local),Medium
Vendor + City Area,"Caterers in Singvad, Dahod | VenueConnect",/dahod/singvad/vendors/caterers/,"Top Caterers in Singvad, Dahod | Hire Near You - VenueConnect","Find the best caterers in Singvad, Dahod for your event. Browse verified profiles, compare pricing & get WhatsApp leads instantly on VenueConnect.","Top Caterers in Singvad, Dahod",caterers in Singvad Dahod,"caterers near Singvad, caterers Singvad Dahod, best caterers near Singvad",Transactional (Hyper-local),Medium
Vendor + City Area,"Decorators in Singvad, Dahod | VenueConnect",/dahod/singvad/vendors/decorators/,"Top Decorators in Singvad, Dahod | Hire Near You - VenueConnect","Find the best decorators in Singvad, Dahod for your event. Browse verified profiles, compare pricing & get WhatsApp leads instantly on VenueConnect.","Top Decorators in Singvad, Dahod",decorators in Singvad Dahod,"decorators near Singvad, decorators Singvad Dahod, best decorators near Singvad",Transactional (Hyper-local),Medium
Vendor + City Area,"Mehndi Artists in Singvad, Dahod | VenueConnect",/dahod/singvad/vendors/mehndi-artists/,"Top Mehndi Artists in Singvad, Dahod | Hire Near You - VenueConnect","Find the best mehndi artists in Singvad, Dahod for your event. Browse verified profiles, compare pricing & get WhatsApp leads instantly on VenueConnect.","Top Mehndi Artists in Singvad, Dahod",mehndi artists in Singvad Dahod,"mehndi artists near Singvad, mehndi artists Singvad Dahod, best mehndi artists near Singvad",Transactional (Hyper-local),Medium
Vendor + City Area,"Photographers in Sanjeli Road, Dahod | VenueConnect",/dahod/sanjeli-road/vendors/photographers/,"Top Photographers in Sanjeli Road, Dahod | Hire Near You - VenueConnect","Find the best photographers in Sanjeli Road, Dahod for your event. Browse verified profiles, compare pricing & get WhatsApp leads instantly on VenueConnect.","Top Photographers in Sanjeli Road, Dahod",photographers in Sanjeli Road Dahod,"photographers near Sanjeli Road, photographers Sanjeli Road Dahod, best photographers near Sanjeli Road",Transactional (Hyper-local),Medium
Vendor + City Area,"Caterers in Sanjeli Road, Dahod | VenueConnect",/dahod/sanjeli-road/vendors/caterers/,"Top Caterers in Sanjeli Road, Dahod | Hire Near You - VenueConnect","Find the best caterers in Sanjeli Road, Dahod for your event. Browse verified profiles, compare pricing & get WhatsApp leads instantly on VenueConnect.","Top Caterers in Sanjeli Road, Dahod",caterers in Sanjeli Road Dahod,"caterers near Sanjeli Road, caterers Sanjeli Road Dahod, best caterers near Sanjeli Road",Transactional (Hyper-local),Medium
Vendor + City Area,"Decorators in Sanjeli Road, Dahod | VenueConnect",/dahod/sanjeli-road/vendors/decorators/,"Top Decorators in Sanjeli Road, Dahod | Hire Near You - VenueConnect","Find the best decorators in Sanjeli Road, Dahod for your event. Browse verified profiles, compare pricing & get WhatsApp leads instantly on VenueConnect.","Top Decorators in Sanjeli Road, Dahod",decorators in Sanjeli Road Dahod,"decorators near Sanjeli Road, decorators Sanjeli Road Dahod, best decorators near Sanjeli Road",Transactional (Hyper-local),Medium
Vendor + City Area,"Mehndi Artists in Sanjeli Road, Dahod | VenueConnect",/dahod/sanjeli-road/vendors/mehndi-artists/,"Top Mehndi Artists in Sanjeli Road, Dahod | Hire Near You - VenueConnect","Find the best mehndi artists in Sanjeli Road, Dahod for your event. Browse verified profiles, compare pricing & get WhatsApp leads instantly on VenueConnect.","Top Mehndi Artists in Sanjeli Road, Dahod",mehndi artists in Sanjeli Road Dahod,"mehndi artists near Sanjeli Road, mehndi artists Sanjeli Road Dahod, best mehndi artists near Sanjeli Road",Transactional (Hyper-local),Medium
  VENUE TYPE + CITY AREA PAGES (Hyper-local),,,,,,,,,
Page Type,Page Title,URL Slug,Meta Title,Meta Description,H1 Tag,Target Keyword,Secondary Keywords,Search Intent,Priority
Venue + City Area,"Banquet Halls in Station Road, Dahod | VenueConnect",/dahod/station-road/banquet-halls/,"Best Banquet Halls in Station Road, Dahod | Compare Near You - VenueConnect","Looking for banquet halls in Station Road, Dahod? Browse verified listings with pricing, capacity & photos. Book the perfect venue near Station Road on VenueConnect.","Best Banquet Halls in Station Road, Dahod",banquet halls in Station Road Dahod,"banquet halls near Station Road, banquet halls Station Road Dahod, affordable banquet halls near Station Road",Transactional (Hyper-local),High
Venue + City Area,"Farmhouses in Station Road, Dahod | VenueConnect",/dahod/station-road/farmhouses/,"Best Farmhouses in Station Road, Dahod | Compare Near You - VenueConnect","Looking for farmhouses in Station Road, Dahod? Browse verified listings with pricing, capacity & photos. Book the perfect venue near Station Road on VenueConnect.","Best Farmhouses in Station Road, Dahod",farmhouses in Station Road Dahod,"farmhouses near Station Road, farmhouses Station Road Dahod, affordable farmhouses near Station Road",Transactional (Hyper-local),High
Venue + City Area,"Party Plots in Station Road, Dahod | VenueConnect",/dahod/station-road/party-plots/,"Best Party Plots in Station Road, Dahod | Compare Near You - VenueConnect","Looking for party plots in Station Road, Dahod? Browse verified listings with pricing, capacity & photos. Book the perfect venue near Station Road on VenueConnect.","Best Party Plots in Station Road, Dahod",party plots in Station Road Dahod,"party plots near Station Road, party plots Station Road Dahod, affordable party plots near Station Road",Transactional (Hyper-local),High
Venue + City Area,"Banquet Halls in Godhra Road, Dahod | VenueConnect",/dahod/godhra-road/banquet-halls/,"Best Banquet Halls in Godhra Road, Dahod | Compare Near You - VenueConnect","Looking for banquet halls in Godhra Road, Dahod? Browse verified listings with pricing, capacity & photos. Book the perfect venue near Godhra Road on VenueConnect.","Best Banquet Halls in Godhra Road, Dahod",banquet halls in Godhra Road Dahod,"banquet halls near Godhra Road, banquet halls Godhra Road Dahod, affordable banquet halls near Godhra Road",Transactional (Hyper-local),High
Venue + City Area,"Farmhouses in Godhra Road, Dahod | VenueConnect",/dahod/godhra-road/farmhouses/,"Best Farmhouses in Godhra Road, Dahod | Compare Near You - VenueConnect","Looking for farmhouses in Godhra Road, Dahod? Browse verified listings with pricing, capacity & photos. Book the perfect venue near Godhra Road on VenueConnect.","Best Farmhouses in Godhra Road, Dahod",farmhouses in Godhra Road Dahod,"farmhouses near Godhra Road, farmhouses Godhra Road Dahod, affordable farmhouses near Godhra Road",Transactional (Hyper-local),High
Venue + City Area,"Party Plots in Godhra Road, Dahod | VenueConnect",/dahod/godhra-road/party-plots/,"Best Party Plots in Godhra Road, Dahod | Compare Near You - VenueConnect","Looking for party plots in Godhra Road, Dahod? Browse verified listings with pricing, capacity & photos. Book the perfect venue near Godhra Road on VenueConnect.","Best Party Plots in Godhra Road, Dahod",party plots in Godhra Road Dahod,"party plots near Godhra Road, party plots Godhra Road Dahod, affordable party plots near Godhra Road",Transactional (Hyper-local),High
Venue + City Area,"Banquet Halls in Zalod Road, Dahod | VenueConnect",/dahod/zalod-road/banquet-halls/,"Best Banquet Halls in Zalod Road, Dahod | Compare Near You - VenueConnect","Looking for banquet halls in Zalod Road, Dahod? Browse verified listings with pricing, capacity & photos. Book the perfect venue near Zalod Road on VenueConnect.","Best Banquet Halls in Zalod Road, Dahod",banquet halls in Zalod Road Dahod,"banquet halls near Zalod Road, banquet halls Zalod Road Dahod, affordable banquet halls near Zalod Road",Transactional (Hyper-local),High
Venue + City Area,"Farmhouses in Zalod Road, Dahod | VenueConnect",/dahod/zalod-road/farmhouses/,"Best Farmhouses in Zalod Road, Dahod | Compare Near You - VenueConnect","Looking for farmhouses in Zalod Road, Dahod? Browse verified listings with pricing, capacity & photos. Book the perfect venue near Zalod Road on VenueConnect.","Best Farmhouses in Zalod Road, Dahod",farmhouses in Zalod Road Dahod,"farmhouses near Zalod Road, farmhouses Zalod Road Dahod, affordable farmhouses near Zalod Road",Transactional (Hyper-local),High
Venue + City Area,"Party Plots in Zalod Road, Dahod | VenueConnect",/dahod/zalod-road/party-plots/,"Best Party Plots in Zalod Road, Dahod | Compare Near You - VenueConnect","Looking for party plots in Zalod Road, Dahod? Browse verified listings with pricing, capacity & photos. Book the perfect venue near Zalod Road on VenueConnect.","Best Party Plots in Zalod Road, Dahod",party plots in Zalod Road Dahod,"party plots near Zalod Road, party plots Zalod Road Dahod, affordable party plots near Zalod Road",Transactional (Hyper-local),High
Venue + City Area,"Banquet Halls in Limkheda Road, Dahod | VenueConnect",/dahod/limkheda-road/banquet-halls/,"Best Banquet Halls in Limkheda Road, Dahod | Compare Near You - VenueConnect","Looking for banquet halls in Limkheda Road, Dahod? Browse verified listings with pricing, capacity & photos. Book the perfect venue near Limkheda Road on VenueConnect.","Best Banquet Halls in Limkheda Road, Dahod",banquet halls in Limkheda Road Dahod,"banquet halls near Limkheda Road, banquet halls Limkheda Road Dahod, affordable banquet halls near Limkheda Road",Transactional (Hyper-local),High
Venue + City Area,"Farmhouses in Limkheda Road, Dahod | VenueConnect",/dahod/limkheda-road/farmhouses/,"Best Farmhouses in Limkheda Road, Dahod | Compare Near You - VenueConnect","Looking for farmhouses in Limkheda Road, Dahod? Browse verified listings with pricing, capacity & photos. Book the perfect venue near Limkheda Road on VenueConnect.","Best Farmhouses in Limkheda Road, Dahod",farmhouses in Limkheda Road Dahod,"farmhouses near Limkheda Road, farmhouses Limkheda Road Dahod, affordable farmhouses near Limkheda Road",Transactional (Hyper-local),High
Venue + City Area,"Party Plots in Limkheda Road, Dahod | VenueConnect",/dahod/limkheda-road/party-plots/,"Best Party Plots in Limkheda Road, Dahod | Compare Near You - VenueConnect","Looking for party plots in Limkheda Road, Dahod? Browse verified listings with pricing, capacity & photos. Book the perfect venue near Limkheda Road on VenueConnect.","Best Party Plots in Limkheda Road, Dahod",party plots in Limkheda Road Dahod,"party plots near Limkheda Road, party plots Limkheda Road Dahod, affordable party plots near Limkheda Road",Transactional (Hyper-local),High
Venue + City Area,"Banquet Halls in Devgadh Baria Road, Dahod | VenueConnect",/dahod/devgadh-baria-road/banquet-halls/,"Best Banquet Halls in Devgadh Baria Road, Dahod | Compare Near You - VenueConnect","Looking for banquet halls in Devgadh Baria Road, Dahod? Browse verified listings with pricing, capacity & photos. Book the perfect venue near Devgadh Baria Road on VenueConnect.","Best Banquet Halls in Devgadh Baria Road, Dahod",banquet halls in Devgadh Baria Road Dahod,"banquet halls near Devgadh Baria Road, banquet halls Devgadh Baria Road Dahod, affordable banquet halls near Devgadh Baria Road",Transactional (Hyper-local),High
Venue + City Area,"Farmhouses in Devgadh Baria Road, Dahod | VenueConnect",/dahod/devgadh-baria-road/farmhouses/,"Best Farmhouses in Devgadh Baria Road, Dahod | Compare Near You - VenueConnect","Looking for farmhouses in Devgadh Baria Road, Dahod? Browse verified listings with pricing, capacity & photos. Book the perfect venue near Devgadh Baria Road on VenueConnect.","Best Farmhouses in Devgadh Baria Road, Dahod",farmhouses in Devgadh Baria Road Dahod,"farmhouses near Devgadh Baria Road, farmhouses Devgadh Baria Road Dahod, affordable farmhouses near Devgadh Baria Road",Transactional (Hyper-local),High
Venue + City Area,"Party Plots in Devgadh Baria Road, Dahod | VenueConnect",/dahod/devgadh-baria-road/party-plots/,"Best Party Plots in Devgadh Baria Road, Dahod | Compare Near You - VenueConnect","Looking for party plots in Devgadh Baria Road, Dahod? Browse verified listings with pricing, capacity & photos. Book the perfect venue near Devgadh Baria Road on VenueConnect.","Best Party Plots in Devgadh Baria Road, Dahod",party plots in Devgadh Baria Road Dahod,"party plots near Devgadh Baria Road, party plots Devgadh Baria Road Dahod, affordable party plots near Devgadh Baria Road",Transactional (Hyper-local),High
Venue + City Area,"Banquet Halls in City Center, Dahod | VenueConnect",/dahod/city-center/banquet-halls/,"Best Banquet Halls in City Center, Dahod | Compare Near You - VenueConnect","Looking for banquet halls in City Center, Dahod? Browse verified listings with pricing, capacity & photos. Book the perfect venue near City Center on VenueConnect.","Best Banquet Halls in City Center, Dahod",banquet halls in City Center Dahod,"banquet halls near City Center, banquet halls City Center Dahod, affordable banquet halls near City Center",Transactional (Hyper-local),High
Venue + City Area,"Farmhouses in City Center, Dahod | VenueConnect",/dahod/city-center/farmhouses/,"Best Farmhouses in City Center, Dahod | Compare Near You - VenueConnect","Looking for farmhouses in City Center, Dahod? Browse verified listings with pricing, capacity & photos. Book the perfect venue near City Center on VenueConnect.","Best Farmhouses in City Center, Dahod",farmhouses in City Center Dahod,"farmhouses near City Center, farmhouses City Center Dahod, affordable farmhouses near City Center",Transactional (Hyper-local),High
Venue + City Area,"Party Plots in City Center, Dahod | VenueConnect",/dahod/city-center/party-plots/,"Best Party Plots in City Center, Dahod | Compare Near You - VenueConnect","Looking for party plots in City Center, Dahod? Browse verified listings with pricing, capacity & photos. Book the perfect venue near City Center on VenueConnect.","Best Party Plots in City Center, Dahod",party plots in City Center Dahod,"party plots near City Center, party plots City Center Dahod, affordable party plots near City Center",Transactional (Hyper-local),High
Venue + City Area,"Banquet Halls in Chhota Udaipur Road, Dahod | VenueConnect",/dahod/chhota-udaipur-road/banquet-halls/,"Best Banquet Halls in Chhota Udaipur Road, Dahod | Compare Near You - VenueConnect","Looking for banquet halls in Chhota Udaipur Road, Dahod? Browse verified listings with pricing, capacity & photos. Book the perfect venue near Chhota Udaipur Road on VenueConnect.","Best Banquet Halls in Chhota Udaipur Road, Dahod",banquet halls in Chhota Udaipur Road Dahod,"banquet halls near Chhota Udaipur Road, banquet halls Chhota Udaipur Road Dahod, affordable banquet halls near Chhota Udaipur Road",Transactional (Hyper-local),High
Venue + City Area,"Farmhouses in Chhota Udaipur Road, Dahod | VenueConnect",/dahod/chhota-udaipur-road/farmhouses/,"Best Farmhouses in Chhota Udaipur Road, Dahod | Compare Near You - VenueConnect","Looking for farmhouses in Chhota Udaipur Road, Dahod? Browse verified listings with pricing, capacity & photos. Book the perfect venue near Chhota Udaipur Road on VenueConnect.","Best Farmhouses in Chhota Udaipur Road, Dahod",farmhouses in Chhota Udaipur Road Dahod,"farmhouses near Chhota Udaipur Road, farmhouses Chhota Udaipur Road Dahod, affordable farmhouses near Chhota Udaipur Road",Transactional (Hyper-local),High
Venue + City Area,"Party Plots in Chhota Udaipur Road, Dahod | VenueConnect",/dahod/chhota-udaipur-road/party-plots/,"Best Party Plots in Chhota Udaipur Road, Dahod | Compare Near You - VenueConnect","Looking for party plots in Chhota Udaipur Road, Dahod? Browse verified listings with pricing, capacity & photos. Book the perfect venue near Chhota Udaipur Road on VenueConnect.","Best Party Plots in Chhota Udaipur Road, Dahod",party plots in Chhota Udaipur Road Dahod,"party plots near Chhota Udaipur Road, party plots Chhota Udaipur Road Dahod, affordable party plots near Chhota Udaipur Road",Transactional (Hyper-local),High
Venue + City Area,"Banquet Halls in Court Road, Dahod | VenueConnect",/dahod/court-road/banquet-halls/,"Best Banquet Halls in Court Road, Dahod | Compare Near You - VenueConnect","Looking for banquet halls in Court Road, Dahod? Browse verified listings with pricing, capacity & photos. Book the perfect venue near Court Road on VenueConnect.","Best Banquet Halls in Court Road, Dahod",banquet halls in Court Road Dahod,"banquet halls near Court Road, banquet halls Court Road Dahod, affordable banquet halls near Court Road",Transactional (Hyper-local),High
Venue + City Area,"Farmhouses in Court Road, Dahod | VenueConnect",/dahod/court-road/farmhouses/,"Best Farmhouses in Court Road, Dahod | Compare Near You - VenueConnect","Looking for farmhouses in Court Road, Dahod? Browse verified listings with pricing, capacity & photos. Book the perfect venue near Court Road on VenueConnect.","Best Farmhouses in Court Road, Dahod",farmhouses in Court Road Dahod,"farmhouses near Court Road, farmhouses Court Road Dahod, affordable farmhouses near Court Road",Transactional (Hyper-local),High
Venue + City Area,"Party Plots in Court Road, Dahod | VenueConnect",/dahod/court-road/party-plots/,"Best Party Plots in Court Road, Dahod | Compare Near You - VenueConnect","Looking for party plots in Court Road, Dahod? Browse verified listings with pricing, capacity & photos. Book the perfect venue near Court Road on VenueConnect.","Best Party Plots in Court Road, Dahod",party plots in Court Road Dahod,"party plots near Court Road, party plots Court Road Dahod, affordable party plots near Court Road",Transactional (Hyper-local),High
Venue + City Area,"Banquet Halls in Dohad GIDC, Dahod | VenueConnect",/dahod/dohad-gidc/banquet-halls/,"Best Banquet Halls in Dohad GIDC, Dahod | Compare Near You - VenueConnect","Looking for banquet halls in Dohad GIDC, Dahod? Browse verified listings with pricing, capacity & photos. Book the perfect venue near Dohad GIDC on VenueConnect.","Best Banquet Halls in Dohad GIDC, Dahod",banquet halls in Dohad GIDC Dahod,"banquet halls near Dohad GIDC, banquet halls Dohad GIDC Dahod, affordable banquet halls near Dohad GIDC",Transactional (Hyper-local),High
Venue + City Area,"Farmhouses in Dohad GIDC, Dahod | VenueConnect",/dahod/dohad-gidc/farmhouses/,"Best Farmhouses in Dohad GIDC, Dahod | Compare Near You - VenueConnect","Looking for farmhouses in Dohad GIDC, Dahod? Browse verified listings with pricing, capacity & photos. Book the perfect venue near Dohad GIDC on VenueConnect.","Best Farmhouses in Dohad GIDC, Dahod",farmhouses in Dohad GIDC Dahod,"farmhouses near Dohad GIDC, farmhouses Dohad GIDC Dahod, affordable farmhouses near Dohad GIDC",Transactional (Hyper-local),High
Venue + City Area,"Party Plots in Dohad GIDC, Dahod | VenueConnect",/dahod/dohad-gidc/party-plots/,"Best Party Plots in Dohad GIDC, Dahod | Compare Near You - VenueConnect","Looking for party plots in Dohad GIDC, Dahod? Browse verified listings with pricing, capacity & photos. Book the perfect venue near Dohad GIDC on VenueConnect.","Best Party Plots in Dohad GIDC, Dahod",party plots in Dohad GIDC Dahod,"party plots near Dohad GIDC, party plots Dohad GIDC Dahod, affordable party plots near Dohad GIDC",Transactional (Hyper-local),High
Venue + City Area,"Banquet Halls in Fatepura, Dahod | VenueConnect",/dahod/fatepura/banquet-halls/,"Best Banquet Halls in Fatepura, Dahod | Compare Near You - VenueConnect","Looking for banquet halls in Fatepura, Dahod? Browse verified listings with pricing, capacity & photos. Book the perfect venue near Fatepura on VenueConnect.","Best Banquet Halls in Fatepura, Dahod",banquet halls in Fatepura Dahod,"banquet halls near Fatepura, banquet halls Fatepura Dahod, affordable banquet halls near Fatepura",Transactional (Hyper-local),High
Venue + City Area,"Farmhouses in Fatepura, Dahod | VenueConnect",/dahod/fatepura/farmhouses/,"Best Farmhouses in Fatepura, Dahod | Compare Near You - VenueConnect","Looking for farmhouses in Fatepura, Dahod? Browse verified listings with pricing, capacity & photos. Book the perfect venue near Fatepura on VenueConnect.","Best Farmhouses in Fatepura, Dahod",farmhouses in Fatepura Dahod,"farmhouses near Fatepura, farmhouses Fatepura Dahod, affordable farmhouses near Fatepura",Transactional (Hyper-local),High
Venue + City Area,"Party Plots in Fatepura, Dahod | VenueConnect",/dahod/fatepura/party-plots/,"Best Party Plots in Fatepura, Dahod | Compare Near You - VenueConnect","Looking for party plots in Fatepura, Dahod? Browse verified listings with pricing, capacity & photos. Book the perfect venue near Fatepura on VenueConnect.","Best Party Plots in Fatepura, Dahod",party plots in Fatepura Dahod,"party plots near Fatepura, party plots Fatepura Dahod, affordable party plots near Fatepura",Transactional (Hyper-local),High
Venue + City Area,"Banquet Halls in Garbada Road, Dahod | VenueConnect",/dahod/garbada-road/banquet-halls/,"Best Banquet Halls in Garbada Road, Dahod | Compare Near You - VenueConnect","Looking for banquet halls in Garbada Road, Dahod? Browse verified listings with pricing, capacity & photos. Book the perfect venue near Garbada Road on VenueConnect.","Best Banquet Halls in Garbada Road, Dahod",banquet halls in Garbada Road Dahod,"banquet halls near Garbada Road, banquet halls Garbada Road Dahod, affordable banquet halls near Garbada Road",Transactional (Hyper-local),High
Venue + City Area,"Farmhouses in Garbada Road, Dahod | VenueConnect",/dahod/garbada-road/farmhouses/,"Best Farmhouses in Garbada Road, Dahod | Compare Near You - VenueConnect","Looking for farmhouses in Garbada Road, Dahod? Browse verified listings with pricing, capacity & photos. Book the perfect venue near Garbada Road on VenueConnect.","Best Farmhouses in Garbada Road, Dahod",farmhouses in Garbada Road Dahod,"farmhouses near Garbada Road, farmhouses Garbada Road Dahod, affordable farmhouses near Garbada Road",Transactional (Hyper-local),High
Venue + City Area,"Party Plots in Garbada Road, Dahod | VenueConnect",/dahod/garbada-road/party-plots/,"Best Party Plots in Garbada Road, Dahod | Compare Near You - VenueConnect","Looking for party plots in Garbada Road, Dahod? Browse verified listings with pricing, capacity & photos. Book the perfect venue near Garbada Road on VenueConnect.","Best Party Plots in Garbada Road, Dahod",party plots in Garbada Road Dahod,"party plots near Garbada Road, party plots Garbada Road Dahod, affordable party plots near Garbada Road",Transactional (Hyper-local),High
Venue + City Area,"Banquet Halls in Jhalod Road, Dahod | VenueConnect",/dahod/jhalod-road/banquet-halls/,"Best Banquet Halls in Jhalod Road, Dahod | Compare Near You - VenueConnect","Looking for banquet halls in Jhalod Road, Dahod? Browse verified listings with pricing, capacity & photos. Book the perfect venue near Jhalod Road on VenueConnect.","Best Banquet Halls in Jhalod Road, Dahod",banquet halls in Jhalod Road Dahod,"banquet halls near Jhalod Road, banquet halls Jhalod Road Dahod, affordable banquet halls near Jhalod Road",Transactional (Hyper-local),High
Venue + City Area,"Farmhouses in Jhalod Road, Dahod | VenueConnect",/dahod/jhalod-road/farmhouses/,"Best Farmhouses in Jhalod Road, Dahod | Compare Near You - VenueConnect","Looking for farmhouses in Jhalod Road, Dahod? Browse verified listings with pricing, capacity & photos. Book the perfect venue near Jhalod Road on VenueConnect.","Best Farmhouses in Jhalod Road, Dahod",farmhouses in Jhalod Road Dahod,"farmhouses near Jhalod Road, farmhouses Jhalod Road Dahod, affordable farmhouses near Jhalod Road",Transactional (Hyper-local),High
Venue + City Area,"Party Plots in Jhalod Road, Dahod | VenueConnect",/dahod/jhalod-road/party-plots/,"Best Party Plots in Jhalod Road, Dahod | Compare Near You - VenueConnect","Looking for party plots in Jhalod Road, Dahod? Browse verified listings with pricing, capacity & photos. Book the perfect venue near Jhalod Road on VenueConnect.","Best Party Plots in Jhalod Road, Dahod",party plots in Jhalod Road Dahod,"party plots near Jhalod Road, party plots Jhalod Road Dahod, affordable party plots near Jhalod Road",Transactional (Hyper-local),High
Venue + City Area,"Banquet Halls in Kadana Road, Dahod | VenueConnect",/dahod/kadana-road/banquet-halls/,"Best Banquet Halls in Kadana Road, Dahod | Compare Near You - VenueConnect","Looking for banquet halls in Kadana Road, Dahod? Browse verified listings with pricing, capacity & photos. Book the perfect venue near Kadana Road on VenueConnect.","Best Banquet Halls in Kadana Road, Dahod",banquet halls in Kadana Road Dahod,"banquet halls near Kadana Road, banquet halls Kadana Road Dahod, affordable banquet halls near Kadana Road",Transactional (Hyper-local),High
Venue + City Area,"Farmhouses in Kadana Road, Dahod | VenueConnect",/dahod/kadana-road/farmhouses/,"Best Farmhouses in Kadana Road, Dahod | Compare Near You - VenueConnect","Looking for farmhouses in Kadana Road, Dahod? Browse verified listings with pricing, capacity & photos. Book the perfect venue near Kadana Road on VenueConnect.","Best Farmhouses in Kadana Road, Dahod",farmhouses in Kadana Road Dahod,"farmhouses near Kadana Road, farmhouses Kadana Road Dahod, affordable farmhouses near Kadana Road",Transactional (Hyper-local),High
Venue + City Area,"Party Plots in Kadana Road, Dahod | VenueConnect",/dahod/kadana-road/party-plots/,"Best Party Plots in Kadana Road, Dahod | Compare Near You - VenueConnect","Looking for party plots in Kadana Road, Dahod? Browse verified listings with pricing, capacity & photos. Book the perfect venue near Kadana Road on VenueConnect.","Best Party Plots in Kadana Road, Dahod",party plots in Kadana Road Dahod,"party plots near Kadana Road, party plots Kadana Road Dahod, affordable party plots near Kadana Road",Transactional (Hyper-local),High
Venue + City Area,"Banquet Halls in Khanpur, Dahod | VenueConnect",/dahod/khanpur/banquet-halls/,"Best Banquet Halls in Khanpur, Dahod | Compare Near You - VenueConnect","Looking for banquet halls in Khanpur, Dahod? Browse verified listings with pricing, capacity & photos. Book the perfect venue near Khanpur on VenueConnect.","Best Banquet Halls in Khanpur, Dahod",banquet halls in Khanpur Dahod,"banquet halls near Khanpur, banquet halls Khanpur Dahod, affordable banquet halls near Khanpur",Transactional (Hyper-local),High
Venue + City Area,"Farmhouses in Khanpur, Dahod | VenueConnect",/dahod/khanpur/farmhouses/,"Best Farmhouses in Khanpur, Dahod | Compare Near You - VenueConnect","Looking for farmhouses in Khanpur, Dahod? Browse verified listings with pricing, capacity & photos. Book the perfect venue near Khanpur on VenueConnect.","Best Farmhouses in Khanpur, Dahod",farmhouses in Khanpur Dahod,"farmhouses near Khanpur, farmhouses Khanpur Dahod, affordable farmhouses near Khanpur",Transactional (Hyper-local),High
Venue + City Area,"Party Plots in Khanpur, Dahod | VenueConnect",/dahod/khanpur/party-plots/,"Best Party Plots in Khanpur, Dahod | Compare Near You - VenueConnect","Looking for party plots in Khanpur, Dahod? Browse verified listings with pricing, capacity & photos. Book the perfect venue near Khanpur on VenueConnect.","Best Party Plots in Khanpur, Dahod",party plots in Khanpur Dahod,"party plots near Khanpur, party plots Khanpur Dahod, affordable party plots near Khanpur",Transactional (Hyper-local),High
Venue + City Area,"Banquet Halls in Lunawada Road, Dahod | VenueConnect",/dahod/lunawada-road/banquet-halls/,"Best Banquet Halls in Lunawada Road, Dahod | Compare Near You - VenueConnect","Looking for banquet halls in Lunawada Road, Dahod? Browse verified listings with pricing, capacity & photos. Book the perfect venue near Lunawada Road on VenueConnect.","Best Banquet Halls in Lunawada Road, Dahod",banquet halls in Lunawada Road Dahod,"banquet halls near Lunawada Road, banquet halls Lunawada Road Dahod, affordable banquet halls near Lunawada Road",Transactional (Hyper-local),High
Venue + City Area,"Farmhouses in Lunawada Road, Dahod | VenueConnect",/dahod/lunawada-road/farmhouses/,"Best Farmhouses in Lunawada Road, Dahod | Compare Near You - VenueConnect","Looking for farmhouses in Lunawada Road, Dahod? Browse verified listings with pricing, capacity & photos. Book the perfect venue near Lunawada Road on VenueConnect.","Best Farmhouses in Lunawada Road, Dahod",farmhouses in Lunawada Road Dahod,"farmhouses near Lunawada Road, farmhouses Lunawada Road Dahod, affordable farmhouses near Lunawada Road",Transactional (Hyper-local),High
Venue + City Area,"Party Plots in Lunawada Road, Dahod | VenueConnect",/dahod/lunawada-road/party-plots/,"Best Party Plots in Lunawada Road, Dahod | Compare Near You - VenueConnect","Looking for party plots in Lunawada Road, Dahod? Browse verified listings with pricing, capacity & photos. Book the perfect venue near Lunawada Road on VenueConnect.","Best Party Plots in Lunawada Road, Dahod",party plots in Lunawada Road Dahod,"party plots near Lunawada Road, party plots Lunawada Road Dahod, affordable party plots near Lunawada Road",Transactional (Hyper-local),High
Venue + City Area,"Banquet Halls in Nandod Road, Dahod | VenueConnect",/dahod/nandod-road/banquet-halls/,"Best Banquet Halls in Nandod Road, Dahod | Compare Near You - VenueConnect","Looking for banquet halls in Nandod Road, Dahod? Browse verified listings with pricing, capacity & photos. Book the perfect venue near Nandod Road on VenueConnect.","Best Banquet Halls in Nandod Road, Dahod",banquet halls in Nandod Road Dahod,"banquet halls near Nandod Road, banquet halls Nandod Road Dahod, affordable banquet halls near Nandod Road",Transactional (Hyper-local),High
Venue + City Area,"Farmhouses in Nandod Road, Dahod | VenueConnect",/dahod/nandod-road/farmhouses/,"Best Farmhouses in Nandod Road, Dahod | Compare Near You - VenueConnect","Looking for farmhouses in Nandod Road, Dahod? Browse verified listings with pricing, capacity & photos. Book the perfect venue near Nandod Road on VenueConnect.","Best Farmhouses in Nandod Road, Dahod",farmhouses in Nandod Road Dahod,"farmhouses near Nandod Road, farmhouses Nandod Road Dahod, affordable farmhouses near Nandod Road",Transactional (Hyper-local),High
Venue + City Area,"Party Plots in Nandod Road, Dahod | VenueConnect",/dahod/nandod-road/party-plots/,"Best Party Plots in Nandod Road, Dahod | Compare Near You - VenueConnect","Looking for party plots in Nandod Road, Dahod? Browse verified listings with pricing, capacity & photos. Book the perfect venue near Nandod Road on VenueConnect.","Best Party Plots in Nandod Road, Dahod",party plots in Nandod Road Dahod,"party plots near Nandod Road, party plots Nandod Road Dahod, affordable party plots near Nandod Road",Transactional (Hyper-local),High
Venue + City Area,"Banquet Halls in Piplod, Dahod | VenueConnect",/dahod/piplod/banquet-halls/,"Best Banquet Halls in Piplod, Dahod | Compare Near You - VenueConnect","Looking for banquet halls in Piplod, Dahod? Browse verified listings with pricing, capacity & photos. Book the perfect venue near Piplod on VenueConnect.","Best Banquet Halls in Piplod, Dahod",banquet halls in Piplod Dahod,"banquet halls near Piplod, banquet halls Piplod Dahod, affordable banquet halls near Piplod",Transactional (Hyper-local),High
Venue + City Area,"Farmhouses in Piplod, Dahod | VenueConnect",/dahod/piplod/farmhouses/,"Best Farmhouses in Piplod, Dahod | Compare Near You - VenueConnect","Looking for farmhouses in Piplod, Dahod? Browse verified listings with pricing, capacity & photos. Book the perfect venue near Piplod on VenueConnect.","Best Farmhouses in Piplod, Dahod",farmhouses in Piplod Dahod,"farmhouses near Piplod, farmhouses Piplod Dahod, affordable farmhouses near Piplod",Transactional (Hyper-local),High
Venue + City Area,"Party Plots in Piplod, Dahod | VenueConnect",/dahod/piplod/party-plots/,"Best Party Plots in Piplod, Dahod | Compare Near You - VenueConnect","Looking for party plots in Piplod, Dahod? Browse verified listings with pricing, capacity & photos. Book the perfect venue near Piplod on VenueConnect.","Best Party Plots in Piplod, Dahod",party plots in Piplod Dahod,"party plots near Piplod, party plots Piplod Dahod, affordable party plots near Piplod",Transactional (Hyper-local),High
Venue + City Area,"Banquet Halls in Rampura, Dahod | VenueConnect",/dahod/rampura/banquet-halls/,"Best Banquet Halls in Rampura, Dahod | Compare Near You - VenueConnect","Looking for banquet halls in Rampura, Dahod? Browse verified listings with pricing, capacity & photos. Book the perfect venue near Rampura on VenueConnect.","Best Banquet Halls in Rampura, Dahod",banquet halls in Rampura Dahod,"banquet halls near Rampura, banquet halls Rampura Dahod, affordable banquet halls near Rampura",Transactional (Hyper-local),High
Venue + City Area,"Farmhouses in Rampura, Dahod | VenueConnect",/dahod/rampura/farmhouses/,"Best Farmhouses in Rampura, Dahod | Compare Near You - VenueConnect","Looking for farmhouses in Rampura, Dahod? Browse verified listings with pricing, capacity & photos. Book the perfect venue near Rampura on VenueConnect.","Best Farmhouses in Rampura, Dahod",farmhouses in Rampura Dahod,"farmhouses near Rampura, farmhouses Rampura Dahod, affordable farmhouses near Rampura",Transactional (Hyper-local),High
Venue + City Area,"Party Plots in Rampura, Dahod | VenueConnect",/dahod/rampura/party-plots/,"Best Party Plots in Rampura, Dahod | Compare Near You - VenueConnect","Looking for party plots in Rampura, Dahod? Browse verified listings with pricing, capacity & photos. Book the perfect venue near Rampura on VenueConnect.","Best Party Plots in Rampura, Dahod",party plots in Rampura Dahod,"party plots near Rampura, party plots Rampura Dahod, affordable party plots near Rampura",Transactional (Hyper-local),High
Venue + City Area,"Banquet Halls in Santrampur Road, Dahod | VenueConnect",/dahod/santrampur-road/banquet-halls/,"Best Banquet Halls in Santrampur Road, Dahod | Compare Near You - VenueConnect","Looking for banquet halls in Santrampur Road, Dahod? Browse verified listings with pricing, capacity & photos. Book the perfect venue near Santrampur Road on VenueConnect.","Best Banquet Halls in Santrampur Road, Dahod",banquet halls in Santrampur Road Dahod,"banquet halls near Santrampur Road, banquet halls Santrampur Road Dahod, affordable banquet halls near Santrampur Road",Transactional (Hyper-local),High
Venue + City Area,"Farmhouses in Santrampur Road, Dahod | VenueConnect",/dahod/santrampur-road/farmhouses/,"Best Farmhouses in Santrampur Road, Dahod | Compare Near You - VenueConnect","Looking for farmhouses in Santrampur Road, Dahod? Browse verified listings with pricing, capacity & photos. Book the perfect venue near Santrampur Road on VenueConnect.","Best Farmhouses in Santrampur Road, Dahod",farmhouses in Santrampur Road Dahod,"farmhouses near Santrampur Road, farmhouses Santrampur Road Dahod, affordable farmhouses near Santrampur Road",Transactional (Hyper-local),High
Venue + City Area,"Party Plots in Santrampur Road, Dahod | VenueConnect",/dahod/santrampur-road/party-plots/,"Best Party Plots in Santrampur Road, Dahod | Compare Near You - VenueConnect","Looking for party plots in Santrampur Road, Dahod? Browse verified listings with pricing, capacity & photos. Book the perfect venue near Santrampur Road on VenueConnect.","Best Party Plots in Santrampur Road, Dahod",party plots in Santrampur Road Dahod,"party plots near Santrampur Road, party plots Santrampur Road Dahod, affordable party plots near Santrampur Road",Transactional (Hyper-local),High
Venue + City Area,"Banquet Halls in Shehera Road, Dahod | VenueConnect",/dahod/shehera-road/banquet-halls/,"Best Banquet Halls in Shehera Road, Dahod | Compare Near You - VenueConnect","Looking for banquet halls in Shehera Road, Dahod? Browse verified listings with pricing, capacity & photos. Book the perfect venue near Shehera Road on VenueConnect.","Best Banquet Halls in Shehera Road, Dahod",banquet halls in Shehera Road Dahod,"banquet halls near Shehera Road, banquet halls Shehera Road Dahod, affordable banquet halls near Shehera Road",Transactional (Hyper-local),High
Venue + City Area,"Farmhouses in Shehera Road, Dahod | VenueConnect",/dahod/shehera-road/farmhouses/,"Best Farmhouses in Shehera Road, Dahod | Compare Near You - VenueConnect","Looking for farmhouses in Shehera Road, Dahod? Browse verified listings with pricing, capacity & photos. Book the perfect venue near Shehera Road on VenueConnect.","Best Farmhouses in Shehera Road, Dahod",farmhouses in Shehera Road Dahod,"farmhouses near Shehera Road, farmhouses Shehera Road Dahod, affordable farmhouses near Shehera Road",Transactional (Hyper-local),High
Venue + City Area,"Party Plots in Shehera Road, Dahod | VenueConnect",/dahod/shehera-road/party-plots/,"Best Party Plots in Shehera Road, Dahod | Compare Near You - VenueConnect","Looking for party plots in Shehera Road, Dahod? Browse verified listings with pricing, capacity & photos. Book the perfect venue near Shehera Road on VenueConnect.","Best Party Plots in Shehera Road, Dahod",party plots in Shehera Road Dahod,"party plots near Shehera Road, party plots Shehera Road Dahod, affordable party plots near Shehera Road",Transactional (Hyper-local),High
Venue + City Area,"Banquet Halls in Singvad, Dahod | VenueConnect",/dahod/singvad/banquet-halls/,"Best Banquet Halls in Singvad, Dahod | Compare Near You - VenueConnect","Looking for banquet halls in Singvad, Dahod? Browse verified listings with pricing, capacity & photos. Book the perfect venue near Singvad on VenueConnect.","Best Banquet Halls in Singvad, Dahod",banquet halls in Singvad Dahod,"banquet halls near Singvad, banquet halls Singvad Dahod, affordable banquet halls near Singvad",Transactional (Hyper-local),High
Venue + City Area,"Farmhouses in Singvad, Dahod | VenueConnect",/dahod/singvad/farmhouses/,"Best Farmhouses in Singvad, Dahod | Compare Near You - VenueConnect","Looking for farmhouses in Singvad, Dahod? Browse verified listings with pricing, capacity & photos. Book the perfect venue near Singvad on VenueConnect.","Best Farmhouses in Singvad, Dahod",farmhouses in Singvad Dahod,"farmhouses near Singvad, farmhouses Singvad Dahod, affordable farmhouses near Singvad",Transactional (Hyper-local),High
Venue + City Area,"Party Plots in Singvad, Dahod | VenueConnect",/dahod/singvad/party-plots/,"Best Party Plots in Singvad, Dahod | Compare Near You - VenueConnect","Looking for party plots in Singvad, Dahod? Browse verified listings with pricing, capacity & photos. Book the perfect venue near Singvad on VenueConnect.","Best Party Plots in Singvad, Dahod",party plots in Singvad Dahod,"party plots near Singvad, party plots Singvad Dahod, affordable party plots near Singvad",Transactional (Hyper-local),High
Venue + City Area,"Banquet Halls in Sanjeli Road, Dahod | VenueConnect",/dahod/sanjeli-road/banquet-halls/,"Best Banquet Halls in Sanjeli Road, Dahod | Compare Near You - VenueConnect","Looking for banquet halls in Sanjeli Road, Dahod? Browse verified listings with pricing, capacity & photos. Book the perfect venue near Sanjeli Road on VenueConnect.","Best Banquet Halls in Sanjeli Road, Dahod",banquet halls in Sanjeli Road Dahod,"banquet halls near Sanjeli Road, banquet halls Sanjeli Road Dahod, affordable banquet halls near Sanjeli Road",Transactional (Hyper-local),High
Venue + City Area,"Farmhouses in Sanjeli Road, Dahod | VenueConnect",/dahod/sanjeli-road/farmhouses/,"Best Farmhouses in Sanjeli Road, Dahod | Compare Near You - VenueConnect","Looking for farmhouses in Sanjeli Road, Dahod? Browse verified listings with pricing, capacity & photos. Book the perfect venue near Sanjeli Road on VenueConnect.","Best Farmhouses in Sanjeli Road, Dahod",farmhouses in Sanjeli Road Dahod,"farmhouses near Sanjeli Road, farmhouses Sanjeli Road Dahod, affordable farmhouses near Sanjeli Road",Transactional (Hyper-local),High
Venue + City Area,"Party Plots in Sanjeli Road, Dahod | VenueConnect",/dahod/sanjeli-road/party-plots/,"Best Party Plots in Sanjeli Road, Dahod | Compare Near You - VenueConnect","Looking for party plots in Sanjeli Road, Dahod? Browse verified listings with pricing, capacity & photos. Book the perfect venue near Sanjeli Road on VenueConnect.","Best Party Plots in Sanjeli Road, Dahod",party plots in Sanjeli Road Dahod,"party plots near Sanjeli Road, party plots Sanjeli Road Dahod, affordable party plots near Sanjeli Road",Transactional (Hyper-local),High
,,,,,,,,,
,,,,,,,,,
,,,,,,,,,
,,,,,,,,,
,,,,,,,,,
,,,,,,,,,
,,,,,,,,,
,,,,,,,,,
,,,,,,,,,
,,,,,,,,,
,,,,,,,,,
,,,,,,,,,
,,,,,,,,,
,,,,,,,,,
,,,,,,,,,
,,,,,,,,,
,,,,,,,,,
,,,,,,,,,
,,,,,,,,,
,,,,,,,,,
,,,,,,,,,
,,,,,,,,,
,,,,,,,,,
,,,,,,,,,
,,,,,,,,,
,,,,,,,,,
,,,,,,,,,
,,,,,,,,,
,,,,,,,,,
,,,,,,,,,
,,,,,,,,,
,,,,,,,,,
,,,,,,,,,
,,,,,,,,,
,,,,,,,,,
,,,,,,,,,
,,,,,,,,,
,,,,,,,,,
,,,,,,,,,
,,,,,,,,,
,,,,,,,,,
,,,,,,,,,
,,,,,,,,,
,,,,,,,,,
,,,,,,,,,
,,,,,,,,,
,,,,,,,,,
,,,,,,,,,
,,,,,,,,,
,,,,,,,,,
,,,,,,,,,
,,,,,,,,,
,,,,,,,,,
,,,,,,,,,
,,,,,,,,,
,,,,,,,,,
,,,,,,,,,
,,,,,,,,,
,,,,,,,,,
,,,,,,,,,
,,,,,,,,,
,,,,,,,,,
,,,,,,,,,
,,,,,,,,,
,,,,,,,,,
,,,,,,,,,
,,,,,,,,,
,,,,,,,,,
,,,,,,,,,
,,,,,,,,,
,,,,,,,,,
,,,,,,,,,
,,,,,,,,,
,,,,,,,,,
,,,,,,,,,
,,,,,,,,,
,,,,,,,,,
,,,,,,,,,
,,,,,,,,,
,,,,,,,,,
,,,,,,,,,
,,,,,,,,,
,,,,,,,,,
,,,,,,,,,
,,,,,,,,,
,,,,,,,,,
,,,,,,,,,
,,,,,,,,,
,,,,,,,,,
,,,,,,,,,
,,,,,,,,,
,,,,,,,,,
,,,,,,,,,
,,,,,,,,,
,,,,,,,,,
,,,,,,,,,
,,,,,,,,,
,,,,,,,,,
,,,,,,,,,
,,,,,,,,,
,,,,,,,,,
,,,,,,,,,
,,,,,,,,,
,,,,,,,,,
,,,,,,,,,
,,,,,,,,,
,,,,,,,,,
,,,,,,,,,
,,,,,,,,,
,,,,,,,,,
,,,,,,,,,
,,,,,,,,,
,,,,,,,,,
,,,,,,,,,
,,,,,,,,,
,,,,,,,,,
,,,,,,,,,
,,,,,,,,,
,,,,,,,,,
,,,,,,,,,
,,,,,,,,,
,,,,,,,,,
,,,,,,,,,
,,,,,,,,,
,,,,,,,,,
,,,,,,,,,
,,,,,,,,,
,,,,,,,,,
,,,,,,,,,
,,,,,,,,,
,,,,,,,,,
,,,,,,,,,
,,,,,,,,,
,,,,,,,,,
,,,,,,,,,
,,,,,,,,,
,,,,,,,,,
,,,,,,,,,
,,,,,,,,,
,,,,,,,,,
,,,,,,,,,
,,,,,,,,,
,,,,,,,,,
,,,,,,,,,
,,,,,,,,,
,,,,,,,,,
,,,,,,,,,
,,,,,,,,,
,,,,,,,,,
,,,,,,,,,
,,,,,,,,,
,,,,,,,,,
,,,,,,,,,
,,,,,,,,,
,,,,,,,,,
,,,,,,,,,
,,,,,,,,,
,,,,,,,,,
,,,,,,,,,
,,,,,,,,,
,,,,,,,,,
,,,,,,,,,
,,,,,,,,,
,,,,,,,,,
,,,,,,,,,
,,,,,,,,,
,,,,,,,,,
,,,,,,,,,
,,,,,,,,,
,,,,,,,,,
,,,,,,,,,
,,,,,,,,,
,,,,,,,,,
,,,,,,,,,
,,,,,,,,,
,,,,,,,,,
,,,,,,,,,
,,,,,,,,,
,,,,,,,,,
,,,,,,,,,
,,,,,,,,,
,,,,,,,,,
,,,,,,,,,
,,,,,,,,,
,,,,,,,,,
,,,,,,,,,
,,,,,,,,,
,,,,,,,,,
,,,,,,,,,
,,,,,,,,,
,,,,,,,,,
,,,,,,,,,
,,,,,,,,,
,,,,,,,,,
,,,,,,,,,
,,,,,,,,,
,,,,,,,,,
,,,,,,,,,
,,,,,,,,,
,,,,,,,,,
,,,,,,,,,
,,,,,,,,,
,,,,,,,,,
,,,,,,,,,
,,,,,,,,,
,,,,,,,,,
,,,,,,,,,
,,,,,,,,,
,,,,,,,,,
,,,,,,,,,
,,,,,,,,,
,,,,,,,,,
,,,,,,,,,
,,,,,,,,,
,,,,,,,,,
,,,,,,,,,
,,,,,,,,,
,,,,,,,,,
,,,,,,,,,
,,,,,,,,,
,,,,,,,,,
,,,,,,,,,
,,,,,,,,,
,,,,,,,,,
,,,,,,,,,
,,,,,,,,,
,,,,,,,,,
,,,,,,,,,
,,,,,,,,,
,,,,,,,,,
,,,,,,,,,
,,,,,,,,,
,,,,,,,,,
,,,,,,,,,
,,,,,,,,,
,,,,,,,,,
,,,,,,,,,
,,,,,,,,,
,,,,,,,,,
,,,,,,,,,
,,,,,,,,,
,,,,,,,,,
,,,,,,,,,
,,,,,,,,,
,,,,,,,,,
,,,,,,,,,
,,,,,,,,,
,,,,,,,,,
,,,,,,,,,
,,,,,,,,,
,,,,,,,,,
,,,,,,,,,
,,,,,,,,,
,,,,,,,,,
,,,,,,,,,
,,,,,,,,,
,,,,,,,,,
,,,,,,,,,
,,,,,,,,,
,,,,,,,,,
,,,,,,,,,
,,,,,,,,,
,,,,,,,,,
,,,,,,,,,
,,,,,,,,,
,,,,,,,,,
,,,,,,,,,
,,,,,,,,,
,,,,,,,,,
,,,,,,,,,
,,,,,,,,,
,,,,,,,,,
,,,,,,,,,
,,,,,,,,,
,,,,,,,,,
,,,,,,,,,
,,,,,,,,,
,,,,,,,,,
,,,,,,,,,
,,,,,,,,,
,,,,,,,,,
,,,,,,,,,
,,,,,,,,,
,,,,,,,,,
,,,,,,,,,
,,,,,,,,,
,,,,,,,,,
,,,,,,,,,
,,,,,,,,,
,,,,,,,,,
,,,,,,,,,
,,,,,,,,,
,,,,,,,,,
,,,,,,,,,
,,,,,,,,,
,,,,,,,,,
,,,,,,,,,
,,,,,,,,,
,,,,,,,,,
,,,,,,,,,
,,,,,,,,,
,,,,,,,,,
,,,,,,,,,
,,,,,,,,,
,,,,,,,,,
,,,,,,,,,
,,,,,,,,,
,,,,,,,,,
,,,,,,,,,
,,,,,,,,,
,,,,,,,,,
,,,,,,,,,
,,,,,,,,,
,,,,,,,,,
,,,,,,,,,
,,,,,,,,,
,,,,,,,,,
,,,,,,,,,
,,,,,,,,,
,,,,,,,,,
,,,,,,,,,
,,,,,,,,,
,,,,,,,,,
,,,,,,,,,
,,,,,,,,,
,,,,,,,,,
,,,,,,,,,
,,,,,,,,,
,,,,,,,,,
,,,,,,,,,
,,,,,,,,,
,,,,,,,,,
,,,,,,,,,
,,,,,,,,,
,,,,,,,,,
,,,,,,,,,
,,,,,,,,,
,,,,,,,,,
,,,,,,,,,
,,,,,,,,,
,,,,,,,,,
,,,,,,,,,
,,,,,,,,,
,,,,,,,,,
,,,,,,,,,
,,,,,,,,,
,,,,,,,,,
,,,,,,,,,
,,,,,,,,,
,,,,,,,,,
,,,,,,,,,
,,,,,,,,,
,,,,,,,,,
,,,,,,,,,
,,,,,,,,,
,,,,,,,,,
,,,,,,,,,
,,,,,,,,,
,,,,,,,,,
,,,,,,,,,
,,,,,,,,,
,,,,,,,,,
,,,,,,,,,
,,,,,,,,,
,,,,,,,,,
,,,,,,,,,
,,,,,,,,,
,,,,,,,,,
,,,,,,,,,
,,,,,,,,,
,,,,,,,,,
,,,,,,,,,
,,,,,,,,,
,,,,,,,,,
,,,,,,,,,
,,,,,,,,,
,,,,,,,,,
,,,,,,,,,
,,,,,,,,,
,,,,,,,,,
,,,,,,,,,
,,,,,,,,,
,,,,,,,,,
,,,,,,,,,
,,,,,,,,,
,,,,,,,,,
,,,,,,,,,
,,,,,,,,,
,,,,,,,,,
,,,,,,,,,
,,,,,,,,,
,,,,,,,,,
,,,,,,,,,
,,,,,,,,,
,,,,,,,,,
,,,,,,,,,
,,,,,,,,,
,,,,,,,,,
,,,,,,,,,
,,,,,,,,,
,,,,,,,,,
,,,,,,,,,
,,,,,,,,,
,,,,,,,,,
,,,,,,,,,
,,,,,,,,,
,,,,,,,,,
,,,,,,,,,
,,,,,,,,,
,,,,,,,,,
,,,,,,,,,
,,,,,,,,,
,,,,,,,,,
,,,,,,,,,
,,,,,,,,,
,,,,,,,,,
,,,,,,,,,
,,,,,,,,,
,,,,,,,,,
,,,,,,,,,
,,,,,,,,,
,,,,,,,,,
,,,,,,,,,
,,,,,,,,,
,,,,,,,,,
,,,,,,,,,
,,,,,,,,,
,,,,,,,,,
,,,,,,,,,
,,,,,,,,,
,,,,,,,,,
,,,,,,,,,
,,,,,,,,,
,,,,,,,,,
,,,,,,,,,
,,,,,,,,,
,,,,,,,,,
,,,,,,,,,
,,,,,,,,,
,,,,,,,,,
,,,,,,,,,
,,,,,,,,,
,,,,,,,,,
,,,,,,,,,
,,,,,,,,,
,,,,,,,,,
,,,,,,,,,
,,,,,,,,,
,,,,,,,,,
,,,,,,,,,
,,,,,,,,,
,,,,,,,,,
,,,,,,,,,
,,,,,,,,,
,,,,,,,,,
,,,,,,,,,
,,,,,,,,,
,,,,,,,,,
,,,,,,,,,
,,,,,,,,,
,,,,,,,,,
,,,,,,,,,
,,,,,,,,,
,,,,,,,,,
,,,,,,,,,
,,,,,,,,,
,,,,,,,,,
,,,,,,,,,
,,,,,,,,,
,,,,,,,,,
,,,,,,,,,
,,,,,,,,,
,,,,,,,,,
,,,,,,,,,
,,,,,,,,,
,,,,,,,,,
,,,,,,,,,
,,,,,,,,,
,,,,,,,,,
,,,,,,,,,
,,,,,,,,,
,,,,,,,,,
,,,,,,,,,
,,,,,,,,,
,,,,,,,,,
,,,,,,,,,
,,,,,,,,,
,,,,,,,,,
,,,,,,,,,
,,,,,,,,,
,,,,,,,,,
,,,,,,,,,
,,,,,,,,,
,,,,,,,,,
,,,,,,,,,
,,,,,,,,,
,,,,,,,,,
,,,,,,,,,
,,,,,,,,,
,,,,,,,,,
,,,,,,,,,
,,,,,,,,,
,,,,,,,,,
,,,,,,,,,
,,,,,,,,,
,,,,,,,,,
,,,,,,,,,
,,,,,,,,,
,,,,,,,,,
,,,,,,,,,
,,,,,,,,,
,,,,,,,,,
,,,,,,,,,
,,,,,,,,,
,,,,,,,,,
,,,,,,,,,
,,,,,,,,,
,,,,,,,,,
,,,,,,,,,
,,,,,,,,,
,,,,,,,,,
,,,,,,,,,
,,,,,,,,,
,,,,,,,,,
,,,,,,,,,
,,,,,,,,,
,,,,,,,,,
,,,,,,,,,
,,,,,,,,,
,,,,,,,,,
,,,,,,,,,
,,,,,,,,,
,,,,,,,,,
,,,,,,,,,
,,,,,,,,,
,,,,,,,,,
,,,,,,,,,
,,,,,,,,,
,,,,,,,,,
,,,,,,,,,
,,,,,,,,,
,,,,,,,,,
,,,,,,,,,
,,,,,,,,,
,,,,,,,,,
,,,,,,,,,
,,,,,,,,,
,,,,,,,,,
,,,,,,,,,
,,,,,,,,,
,,,,,,,,,
,,,,,,,,,
,,,,,,,,,
,,,,,,,,,
,,,,,,,,,
,,,,,,,,,
,,,,,,,,,
,,,,,,,,,
,,,,,,,,,
,,,,,,,,,
,,,,,,,,,
,,,,,,,,,
,,,,,,,,,
,,,,,,,,,
,,,,,,,,,
,,,,,,,,,
,,,,,,,,,
,,,,,,,,,
,,,,,,,,,
,,,,,,,,,
,,,,,,,,,
,,,,,,,,,
,,,,,,,,,
,,,,,,,,,
,,,,,,,,,
,,,,,,,,,
,,,,,,,,,
,,,,,,,,,
,,,,,,,,,
,,,,,,,,,
,,,,,,,,,
,,,,,,,,,
,,,,,,,,,
,,,,,,,,,
,,,,,,,,,
,,,,,,,,,
,,,,,,,,,
,,,,,,,,,
,,,,,,,,,
,,,,,,,,,
,,,,,,,,,
,,,,,,,,,
,,,,,,,,,
,,,,,,,,,
,,,,,,,,,
,,,,,,,,,
,,,,,,,,,
,,,,,,,,,
,,,,,,,,,
,,,,,,,,,
,,,,,,,,,
,,,,,,,,,
,,,,,,,,,
,,,,,,,,,
,,,,,,,,,
,,,,,,,,,
,,,,,,,,,
,,,,,,,,,
,,,,,,,,,
,,,,,,,,,
,,,,,,,,,
,,,,,,,,,
,,,,,,,,,
,,,,,,,,,
,,,,,,,,,
,,,,,,,,,
,,,,,,,,,
,,,,,,,,,
,,,,,,,,,
,,,,,,,,,
,,,,,,,,,
,,,,,,,,,
,,,,,,,,,
,,,,,,,,,
,,,,,,,,,
,,,,,,,,,
,,,,,,,,,
,,,,,,,,,
,,,,,,,,,
,,,,,,,,,
,,,,,,,,,
,,,,,,,,,
,,,,,,,,,
,,,,,,,,,
