VenueConnect — SEO Pages: Gandhinagar,,,,,,,,,
  EVENT + CITY PAGES,,,,,,,,,
Page Type,Page Title,URL Slug,Meta Title,Meta Description,H1 Tag,Target Keyword,Secondary Keywords,Search Intent,Priority
Event + City,Wedding Venues in Gandhinagar | VenueConnect,/gandhinagar/wedding-venues/,Best Wedding Venues in Gandhinagar | Book & Compare Prices - VenueConnect,"Find the best wedding venues in Gandhinagar. Compare wedding halls, banquet spaces & party plots. Get free quotes & instant leads. Browse 100+ options on VenueConnect.",Best Wedding Venues in Gandhinagar,wedding venues in Gandhinagar,"wedding hall Gandhinagar, wedding venue booking Gandhinagar, best wedding venue Gandhinagar, wedding party venue Gandhinagar",Navigational / Transactional,High
Event + City,Birthday Party Venues in Gandhinagar | VenueConnect,/gandhinagar/birthday-party-venues/,Best Birthday Party Venues in Gandhinagar | Book & Compare Prices - VenueConnect,"Find the best birthday party venues in Gandhinagar. Compare birthday party halls, banquet spaces & party plots. Get free quotes & instant leads. Browse 100+ options on VenueConnect.",Best Birthday Party Venues in Gandhinagar,birthday party venues in Gandhinagar,"birthday party hall Gandhinagar, birthday party venue booking Gandhinagar, best birthday party venue Gandhinagar, birthday party party venue Gandhinagar",Navigational / Transactional,High
Event + City,Engagement Venues in Gandhinagar | VenueConnect,/gandhinagar/engagement-venues/,Best Engagement Venues in Gandhinagar | Book & Compare Prices - VenueConnect,"Find the best engagement venues in Gandhinagar. Compare engagement halls, banquet spaces & party plots. Get free quotes & instant leads. Browse 100+ options on VenueConnect.",Best Engagement Venues in Gandhinagar,engagement venues in Gandhinagar,"engagement hall Gandhinagar, engagement venue booking Gandhinagar, best engagement venue Gandhinagar, engagement party venue Gandhinagar",Navigational / Transactional,High
Event + City,Corporate Event Venues in Gandhinagar | VenueConnect,/gandhinagar/corporate-event-venues/,Best Corporate Event Venues in Gandhinagar | Book & Compare Prices - VenueConnect,"Find the best corporate event venues in Gandhinagar. Compare corporate event halls, banquet spaces & party plots. Get free quotes & instant leads. Browse 100+ options on VenueConnect.",Best Corporate Event Venues in Gandhinagar,corporate event venues in Gandhinagar,"corporate event hall Gandhinagar, corporate event venue booking Gandhinagar, best corporate event venue Gandhinagar, corporate event party venue Gandhinagar",Navigational / Transactional,High
Event + City,Reception Venues in Gandhinagar | VenueConnect,/gandhinagar/reception-venues/,Best Reception Venues in Gandhinagar | Book & Compare Prices - VenueConnect,"Find the best reception venues in Gandhinagar. Compare reception halls, banquet spaces & party plots. Get free quotes & instant leads. Browse 100+ options on VenueConnect.",Best Reception Venues in Gandhinagar,reception venues in Gandhinagar,"reception hall Gandhinagar, reception venue booking Gandhinagar, best reception venue Gandhinagar, reception party venue Gandhinagar",Navigational / Transactional,High
Event + City,Sangeet Ceremony Venues in Gandhinagar | VenueConnect,/gandhinagar/sangeet-ceremony-venues/,Best Sangeet Ceremony Venues in Gandhinagar | Book & Compare Prices - VenueConnect,"Find the best sangeet ceremony venues in Gandhinagar. Compare sangeet ceremony halls, banquet spaces & party plots. Get free quotes & instant leads. Browse 100+ options on VenueConnect.",Best Sangeet Ceremony Venues in Gandhinagar,sangeet ceremony venues in Gandhinagar,"sangeet ceremony hall Gandhinagar, sangeet ceremony venue booking Gandhinagar, best sangeet ceremony venue Gandhinagar, sangeet ceremony party venue Gandhinagar",Navigational / Transactional,High
Event + City,Garba Night Venues in Gandhinagar | VenueConnect,/gandhinagar/garba-night-venues/,Best Garba Night Venues in Gandhinagar | Book & Compare Prices - VenueConnect,"Find the best garba night venues in Gandhinagar. Compare garba night halls, banquet spaces & party plots. Get free quotes & instant leads. Browse 100+ options on VenueConnect.",Best Garba Night Venues in Gandhinagar,garba night venues in Gandhinagar,"garba night hall Gandhinagar, garba night venue booking Gandhinagar, best garba night venue Gandhinagar, garba night party venue Gandhinagar",Navigational / Transactional,High
Event + City,Pool Party Venues in Gandhinagar | VenueConnect,/gandhinagar/pool-party-venues/,Best Pool Party Venues in Gandhinagar | Book & Compare Prices - VenueConnect,"Find the best pool party venues in Gandhinagar. Compare pool party halls, banquet spaces & party plots. Get free quotes & instant leads. Browse 100+ options on VenueConnect.",Best Pool Party Venues in Gandhinagar,pool party venues in Gandhinagar,"pool party hall Gandhinagar, pool party venue booking Gandhinagar, best pool party venue Gandhinagar, pool party party venue Gandhinagar",Navigational / Transactional,High
Event + City,Kitty Party Venues in Gandhinagar | VenueConnect,/gandhinagar/kitty-party-venues/,Best Kitty Party Venues in Gandhinagar | Book & Compare Prices - VenueConnect,"Find the best kitty party venues in Gandhinagar. Compare kitty party halls, banquet spaces & party plots. Get free quotes & instant leads. Browse 100+ options on VenueConnect.",Best Kitty Party Venues in Gandhinagar,kitty party venues in Gandhinagar,"kitty party hall Gandhinagar, kitty party venue booking Gandhinagar, best kitty party venue Gandhinagar, kitty party party venue Gandhinagar",Navigational / Transactional,High
Event + City,Cocktail Party Venues in Gandhinagar | VenueConnect,/gandhinagar/cocktail-party-venues/,Best Cocktail Party Venues in Gandhinagar | Book & Compare Prices - VenueConnect,"Find the best cocktail party venues in Gandhinagar. Compare cocktail party halls, banquet spaces & party plots. Get free quotes & instant leads. Browse 100+ options on VenueConnect.",Best Cocktail Party Venues in Gandhinagar,cocktail party venues in Gandhinagar,"cocktail party hall Gandhinagar, cocktail party venue booking Gandhinagar, best cocktail party venue Gandhinagar, cocktail party party venue Gandhinagar",Navigational / Transactional,High
Event + City,Baby Shower Venues in Gandhinagar | VenueConnect,/gandhinagar/baby-shower-venues/,Best Baby Shower Venues in Gandhinagar | Book & Compare Prices - VenueConnect,"Find the best baby shower venues in Gandhinagar. Compare baby shower halls, banquet spaces & party plots. Get free quotes & instant leads. Browse 100+ options on VenueConnect.",Best Baby Shower Venues in Gandhinagar,baby shower venues in Gandhinagar,"baby shower hall Gandhinagar, baby shower venue booking Gandhinagar, best baby shower venue Gandhinagar, baby shower party venue Gandhinagar",Navigational / Transactional,High
Event + City,Anniversary Party Venues in Gandhinagar | VenueConnect,/gandhinagar/anniversary-party-venues/,Best Anniversary Party Venues in Gandhinagar | Book & Compare Prices - VenueConnect,"Find the best anniversary party venues in Gandhinagar. Compare anniversary party halls, banquet spaces & party plots. Get free quotes & instant leads. Browse 100+ options on VenueConnect.",Best Anniversary Party Venues in Gandhinagar,anniversary party venues in Gandhinagar,"anniversary party hall Gandhinagar, anniversary party venue booking Gandhinagar, best anniversary party venue Gandhinagar, anniversary party party venue Gandhinagar",Navigational / Transactional,High
Event + City,Farewell Party Venues in Gandhinagar | VenueConnect,/gandhinagar/farewell-party-venues/,Best Farewell Party Venues in Gandhinagar | Book & Compare Prices - VenueConnect,"Find the best farewell party venues in Gandhinagar. Compare farewell party halls, banquet spaces & party plots. Get free quotes & instant leads. Browse 100+ options on VenueConnect.",Best Farewell Party Venues in Gandhinagar,farewell party venues in Gandhinagar,"farewell party hall Gandhinagar, farewell party venue booking Gandhinagar, best farewell party venue Gandhinagar, farewell party party venue Gandhinagar",Navigational / Transactional,High
Event + City,Reunion Party Venues in Gandhinagar | VenueConnect,/gandhinagar/reunion-party-venues/,Best Reunion Party Venues in Gandhinagar | Book & Compare Prices - VenueConnect,"Find the best reunion party venues in Gandhinagar. Compare reunion party halls, banquet spaces & party plots. Get free quotes & instant leads. Browse 100+ options on VenueConnect.",Best Reunion Party Venues in Gandhinagar,reunion party venues in Gandhinagar,"reunion party hall Gandhinagar, reunion party venue booking Gandhinagar, best reunion party venue Gandhinagar, reunion party party venue Gandhinagar",Navigational / Transactional,High
Event + City,Product Launch Venues in Gandhinagar | VenueConnect,/gandhinagar/product-launch-venues/,Best Product Launch Venues in Gandhinagar | Book & Compare Prices - VenueConnect,"Find the best product launch venues in Gandhinagar. Compare product launch halls, banquet spaces & party plots. Get free quotes & instant leads. Browse 100+ options on VenueConnect.",Best Product Launch Venues in Gandhinagar,product launch venues in Gandhinagar,"product launch hall Gandhinagar, product launch venue booking Gandhinagar, best product launch venue Gandhinagar, product launch party venue Gandhinagar",Navigational / Transactional,High
Event + City,Conference Venues in Gandhinagar | VenueConnect,/gandhinagar/conference-venues/,Best Conference Venues in Gandhinagar | Book & Compare Prices - VenueConnect,"Find the best conference venues in Gandhinagar. Compare conference halls, banquet spaces & party plots. Get free quotes & instant leads. Browse 100+ options on VenueConnect.",Best Conference Venues in Gandhinagar,conference venues in Gandhinagar,"conference hall Gandhinagar, conference venue booking Gandhinagar, best conference venue Gandhinagar, conference party venue Gandhinagar",Navigational / Transactional,High
Event + City,Seminar Venues in Gandhinagar | VenueConnect,/gandhinagar/seminar-venues/,Best Seminar Venues in Gandhinagar | Book & Compare Prices - VenueConnect,"Find the best seminar venues in Gandhinagar. Compare seminar halls, banquet spaces & party plots. Get free quotes & instant leads. Browse 100+ options on VenueConnect.",Best Seminar Venues in Gandhinagar,seminar venues in Gandhinagar,"seminar hall Gandhinagar, seminar venue booking Gandhinagar, best seminar venue Gandhinagar, seminar party venue Gandhinagar",Navigational / Transactional,High
Event + City,Award Ceremony Venues in Gandhinagar | VenueConnect,/gandhinagar/award-ceremony-venues/,Best Award Ceremony Venues in Gandhinagar | Book & Compare Prices - VenueConnect,"Find the best award ceremony venues in Gandhinagar. Compare award ceremony halls, banquet spaces & party plots. Get free quotes & instant leads. Browse 100+ options on VenueConnect.",Best Award Ceremony Venues in Gandhinagar,award ceremony venues in Gandhinagar,"award ceremony hall Gandhinagar, award ceremony venue booking Gandhinagar, best award ceremony venue Gandhinagar, award ceremony party venue Gandhinagar",Navigational / Transactional,High
Event + City,Walkin Interview Venues in Gandhinagar | VenueConnect,/gandhinagar/walkin-interview-venues/,Best Walkin Interview Venues in Gandhinagar | Book & Compare Prices - VenueConnect,"Find the best walkin interview venues in Gandhinagar. Compare walkin interview halls, banquet spaces & party plots. Get free quotes & instant leads. Browse 100+ options on VenueConnect.",Best Walkin Interview Venues in Gandhinagar,walkin interview venues in Gandhinagar,"walkin interview hall Gandhinagar, walkin interview venue booking Gandhinagar, best walkin interview venue Gandhinagar, walkin interview party venue Gandhinagar",Navigational / Transactional,High
Event + City,Training Venues in Gandhinagar | VenueConnect,/gandhinagar/training-venues/,Best Training Venues in Gandhinagar | Book & Compare Prices - VenueConnect,"Find the best training venues in Gandhinagar. Compare training halls, banquet spaces & party plots. Get free quotes & instant leads. Browse 100+ options on VenueConnect.",Best Training Venues in Gandhinagar,training venues in Gandhinagar,"training hall Gandhinagar, training venue booking Gandhinagar, best training venue Gandhinagar, training party venue Gandhinagar",Navigational / Transactional,High
Event + City,Team Outing Venues in Gandhinagar | VenueConnect,/gandhinagar/team-outing-venues/,Best Team Outing Venues in Gandhinagar | Book & Compare Prices - VenueConnect,"Find the best team outing venues in Gandhinagar. Compare team outing halls, banquet spaces & party plots. Get free quotes & instant leads. Browse 100+ options on VenueConnect.",Best Team Outing Venues in Gandhinagar,team outing venues in Gandhinagar,"team outing hall Gandhinagar, team outing venue booking Gandhinagar, best team outing venue Gandhinagar, team outing party venue Gandhinagar",Navigational / Transactional,High
Event + City,Stage Event Venues in Gandhinagar | VenueConnect,/gandhinagar/stage-event-venues/,Best Stage Event Venues in Gandhinagar | Book & Compare Prices - VenueConnect,"Find the best stage event venues in Gandhinagar. Compare stage event halls, banquet spaces & party plots. Get free quotes & instant leads. Browse 100+ options on VenueConnect.",Best Stage Event Venues in Gandhinagar,stage event venues in Gandhinagar,"stage event hall Gandhinagar, stage event venue booking Gandhinagar, best stage event venue Gandhinagar, stage event party venue Gandhinagar",Navigational / Transactional,High
Event + City,Ring Ceremony Venues in Gandhinagar | VenueConnect,/gandhinagar/ring-ceremony-venues/,Best Ring Ceremony Venues in Gandhinagar | Book & Compare Prices - VenueConnect,"Find the best ring ceremony venues in Gandhinagar. Compare ring ceremony halls, banquet spaces & party plots. Get free quotes & instant leads. Browse 100+ options on VenueConnect.",Best Ring Ceremony Venues in Gandhinagar,ring ceremony venues in Gandhinagar,"ring ceremony hall Gandhinagar, ring ceremony venue booking Gandhinagar, best ring ceremony venue Gandhinagar, ring ceremony party venue Gandhinagar",Navigational / Transactional,High
Event + City,Residential Conference Venues in Gandhinagar | VenueConnect,/gandhinagar/residential-conference-venues/,Best Residential Conference Venues in Gandhinagar | Book & Compare Prices - VenueConnect,"Find the best residential conference venues in Gandhinagar. Compare residential conference halls, banquet spaces & party plots. Get free quotes & instant leads. Browse 100+ options on VenueConnect.",Best Residential Conference Venues in Gandhinagar,residential conference venues in Gandhinagar,"residential conference hall Gandhinagar, residential conference venue booking Gandhinagar, best residential conference venue Gandhinagar, residential conference party venue Gandhinagar",Navigational / Transactional,High
Event + City,Pre Wedding Mehendi Party Venues in Gandhinagar | VenueConnect,/gandhinagar/pre-wedding-mehendi-party-venues/,Best Pre Wedding Mehendi Party Venues in Gandhinagar | Book & Compare Prices - VenueConnect,"Find the best pre wedding mehendi party venues in Gandhinagar. Compare pre wedding mehendi party halls, banquet spaces & party plots. Get free quotes & instant leads. Browse 100+ options on VenueConnect.",Best Pre Wedding Mehendi Party Venues in Gandhinagar,pre wedding mehendi party venues in Gandhinagar,"pre wedding mehendi party hall Gandhinagar, pre wedding mehendi party venue booking Gandhinagar, best pre wedding mehendi party venue Gandhinagar, pre wedding mehendi party party venue Gandhinagar",Navigational / Transactional,High
Event + City,Photo Shoots Venues in Gandhinagar | VenueConnect,/gandhinagar/photo-shoots-venues/,Best Photo Shoots Venues in Gandhinagar | Book & Compare Prices - VenueConnect,"Find the best photo shoots venues in Gandhinagar. Compare photo shoots halls, banquet spaces & party plots. Get free quotes & instant leads. Browse 100+ options on VenueConnect.",Best Photo Shoots Venues in Gandhinagar,photo shoots venues in Gandhinagar,"photo shoots hall Gandhinagar, photo shoots venue booking Gandhinagar, best photo shoots venue Gandhinagar, photo shoots party venue Gandhinagar",Navigational / Transactional,High
Event + City,Naming Ceremony Venues in Gandhinagar | VenueConnect,/gandhinagar/naming-ceremony-venues/,Best Naming Ceremony Venues in Gandhinagar | Book & Compare Prices - VenueConnect,"Find the best naming ceremony venues in Gandhinagar. Compare naming ceremony halls, banquet spaces & party plots. Get free quotes & instant leads. Browse 100+ options on VenueConnect.",Best Naming Ceremony Venues in Gandhinagar,naming ceremony venues in Gandhinagar,"naming ceremony hall Gandhinagar, naming ceremony venue booking Gandhinagar, best naming ceremony venue Gandhinagar, naming ceremony party venue Gandhinagar",Navigational / Transactional,High
Event + City,Musical Concert Venues in Gandhinagar | VenueConnect,/gandhinagar/musical-concert-venues/,Best Musical Concert Venues in Gandhinagar | Book & Compare Prices - VenueConnect,"Find the best musical concert venues in Gandhinagar. Compare musical concert halls, banquet spaces & party plots. Get free quotes & instant leads. Browse 100+ options on VenueConnect.",Best Musical Concert Venues in Gandhinagar,musical concert venues in Gandhinagar,"musical concert hall Gandhinagar, musical concert venue booking Gandhinagar, best musical concert venue Gandhinagar, musical concert party venue Gandhinagar",Navigational / Transactional,High
Event + City,MICE Venues in Gandhinagar | VenueConnect,/gandhinagar/mice-venues/,Best MICE Venues in Gandhinagar | Book & Compare Prices - VenueConnect,"Find the best mice venues in Gandhinagar. Compare mice halls, banquet spaces & party plots. Get free quotes & instant leads. Browse 100+ options on VenueConnect.",Best MICE Venues in Gandhinagar,mice venues in Gandhinagar,"mice hall Gandhinagar, mice venue booking Gandhinagar, best mice venue Gandhinagar, mice party venue Gandhinagar",Navigational / Transactional,High
Event + City,Meeting Venues in Gandhinagar | VenueConnect,/gandhinagar/meeting-venues/,Best Meeting Venues in Gandhinagar | Book & Compare Prices - VenueConnect,"Find the best meeting venues in Gandhinagar. Compare meeting halls, banquet spaces & party plots. Get free quotes & instant leads. Browse 100+ options on VenueConnect.",Best Meeting Venues in Gandhinagar,meeting venues in Gandhinagar,"meeting hall Gandhinagar, meeting venue booking Gandhinagar, best meeting venue Gandhinagar, meeting party venue Gandhinagar",Navigational / Transactional,High
Event + City,Kids Birthday Party Venues in Gandhinagar | VenueConnect,/gandhinagar/kids-birthday-party-venues/,Best Kids Birthday Party Venues in Gandhinagar | Book & Compare Prices - VenueConnect,"Find the best kids birthday party venues in Gandhinagar. Compare kids birthday party halls, banquet spaces & party plots. Get free quotes & instant leads. Browse 100+ options on VenueConnect.",Best Kids Birthday Party Venues in Gandhinagar,kids birthday party venues in Gandhinagar,"kids birthday party hall Gandhinagar, kids birthday party venue booking Gandhinagar, best kids birthday party venue Gandhinagar, kids birthday party party venue Gandhinagar",Navigational / Transactional,High
Event + City,Holi Party Venues in Gandhinagar | VenueConnect,/gandhinagar/holi-party-venues/,Best Holi Party Venues in Gandhinagar | Book & Compare Prices - VenueConnect,"Find the best holi party venues in Gandhinagar. Compare holi party halls, banquet spaces & party plots. Get free quotes & instant leads. Browse 100+ options on VenueConnect.",Best Holi Party Venues in Gandhinagar,holi party venues in Gandhinagar,"holi party hall Gandhinagar, holi party venue booking Gandhinagar, best holi party venue Gandhinagar, holi party party venue Gandhinagar",Navigational / Transactional,High
Event + City,Group Dining Venues in Gandhinagar | VenueConnect,/gandhinagar/group-dining-venues/,Best Group Dining Venues in Gandhinagar | Book & Compare Prices - VenueConnect,"Find the best group dining venues in Gandhinagar. Compare group dining halls, banquet spaces & party plots. Get free quotes & instant leads. Browse 100+ options on VenueConnect.",Best Group Dining Venues in Gandhinagar,group dining venues in Gandhinagar,"group dining hall Gandhinagar, group dining venue booking Gandhinagar, best group dining venue Gandhinagar, group dining party venue Gandhinagar",Navigational / Transactional,High
Event + City,Get Together Venues in Gandhinagar | VenueConnect,/gandhinagar/get-together-venues/,Best Get Together Venues in Gandhinagar | Book & Compare Prices - VenueConnect,"Find the best get together venues in Gandhinagar. Compare get together halls, banquet spaces & party plots. Get free quotes & instant leads. Browse 100+ options on VenueConnect.",Best Get Together Venues in Gandhinagar,get together venues in Gandhinagar,"get together hall Gandhinagar, get together venue booking Gandhinagar, best get together venue Gandhinagar, get together party venue Gandhinagar",Navigational / Transactional,High
Event + City,Game Watch Venues in Gandhinagar | VenueConnect,/gandhinagar/game-watch-venues/,Best Game Watch Venues in Gandhinagar | Book & Compare Prices - VenueConnect,"Find the best game watch venues in Gandhinagar. Compare game watch halls, banquet spaces & party plots. Get free quotes & instant leads. Browse 100+ options on VenueConnect.",Best Game Watch Venues in Gandhinagar,game watch venues in Gandhinagar,"game watch hall Gandhinagar, game watch venue booking Gandhinagar, best game watch venue Gandhinagar, game watch party venue Gandhinagar",Navigational / Transactional,High
Event + City,Freshers Party Venues in Gandhinagar | VenueConnect,/gandhinagar/freshers-party-venues/,Best Freshers Party Venues in Gandhinagar | Book & Compare Prices - VenueConnect,"Find the best freshers party venues in Gandhinagar. Compare freshers party halls, banquet spaces & party plots. Get free quotes & instant leads. Browse 100+ options on VenueConnect.",Best Freshers Party Venues in Gandhinagar,freshers party venues in Gandhinagar,"freshers party hall Gandhinagar, freshers party venue booking Gandhinagar, best freshers party venue Gandhinagar, freshers party party venue Gandhinagar",Navigational / Transactional,High
Event + City,First Birthday Party Venues in Gandhinagar | VenueConnect,/gandhinagar/first-birthday-party-venues/,Best First Birthday Party Venues in Gandhinagar | Book & Compare Prices - VenueConnect,"Find the best first birthday party venues in Gandhinagar. Compare first birthday party halls, banquet spaces & party plots. Get free quotes & instant leads. Browse 100+ options on VenueConnect.",Best First Birthday Party Venues in Gandhinagar,first birthday party venues in Gandhinagar,"first birthday party hall Gandhinagar, first birthday party venue booking Gandhinagar, best first birthday party venue Gandhinagar, first birthday party party venue Gandhinagar",Navigational / Transactional,High
Event + City,Fashion Show Venues in Gandhinagar | VenueConnect,/gandhinagar/fashion-show-venues/,Best Fashion Show Venues in Gandhinagar | Book & Compare Prices - VenueConnect,"Find the best fashion show venues in Gandhinagar. Compare fashion show halls, banquet spaces & party plots. Get free quotes & instant leads. Browse 100+ options on VenueConnect.",Best Fashion Show Venues in Gandhinagar,fashion show venues in Gandhinagar,"fashion show hall Gandhinagar, fashion show venue booking Gandhinagar, best fashion show venue Gandhinagar, fashion show party venue Gandhinagar",Navigational / Transactional,High
Event + City,Family Function Venues in Gandhinagar | VenueConnect,/gandhinagar/family-function-venues/,Best Family Function Venues in Gandhinagar | Book & Compare Prices - VenueConnect,"Find the best family function venues in Gandhinagar. Compare family function halls, banquet spaces & party plots. Get free quotes & instant leads. Browse 100+ options on VenueConnect.",Best Family Function Venues in Gandhinagar,family function venues in Gandhinagar,"family function hall Gandhinagar, family function venue booking Gandhinagar, best family function venue Gandhinagar, family function party venue Gandhinagar",Navigational / Transactional,High
Event + City,Exhibition Venues in Gandhinagar | VenueConnect,/gandhinagar/exhibition-venues/,Best Exhibition Venues in Gandhinagar | Book & Compare Prices - VenueConnect,"Find the best exhibition venues in Gandhinagar. Compare exhibition halls, banquet spaces & party plots. Get free quotes & instant leads. Browse 100+ options on VenueConnect.",Best Exhibition Venues in Gandhinagar,exhibition venues in Gandhinagar,"exhibition hall Gandhinagar, exhibition venue booking Gandhinagar, best exhibition venue Gandhinagar, exhibition party venue Gandhinagar",Navigational / Transactional,High
Event + City,Corporate Training Venues in Gandhinagar | VenueConnect,/gandhinagar/corporate-training-venues/,Best Corporate Training Venues in Gandhinagar | Book & Compare Prices - VenueConnect,"Find the best corporate training venues in Gandhinagar. Compare corporate training halls, banquet spaces & party plots. Get free quotes & instant leads. Browse 100+ options on VenueConnect.",Best Corporate Training Venues in Gandhinagar,corporate training venues in Gandhinagar,"corporate training hall Gandhinagar, corporate training venue booking Gandhinagar, best corporate training venue Gandhinagar, corporate training party venue Gandhinagar",Navigational / Transactional,High
Event + City,Corporate Party Venues in Gandhinagar | VenueConnect,/gandhinagar/corporate-party-venues/,Best Corporate Party Venues in Gandhinagar | Book & Compare Prices - VenueConnect,"Find the best corporate party venues in Gandhinagar. Compare corporate party halls, banquet spaces & party plots. Get free quotes & instant leads. Browse 100+ options on VenueConnect.",Best Corporate Party Venues in Gandhinagar,corporate party venues in Gandhinagar,"corporate party hall Gandhinagar, corporate party venue booking Gandhinagar, best corporate party venue Gandhinagar, corporate party party venue Gandhinagar",Navigational / Transactional,High
Event + City,Corporate Offsite Venues in Gandhinagar | VenueConnect,/gandhinagar/corporate-offsite-venues/,Best Corporate Offsite Venues in Gandhinagar | Book & Compare Prices - VenueConnect,"Find the best corporate offsite venues in Gandhinagar. Compare corporate offsite halls, banquet spaces & party plots. Get free quotes & instant leads. Browse 100+ options on VenueConnect.",Best Corporate Offsite Venues in Gandhinagar,corporate offsite venues in Gandhinagar,"corporate offsite hall Gandhinagar, corporate offsite venue booking Gandhinagar, best corporate offsite venue Gandhinagar, corporate offsite party venue Gandhinagar",Navigational / Transactional,High
Event + City,Cocktail Dinner Venues in Gandhinagar | VenueConnect,/gandhinagar/cocktail-dinner-venues/,Best Cocktail Dinner Venues in Gandhinagar | Book & Compare Prices - VenueConnect,"Find the best cocktail dinner venues in Gandhinagar. Compare cocktail dinner halls, banquet spaces & party plots. Get free quotes & instant leads. Browse 100+ options on VenueConnect.",Best Cocktail Dinner Venues in Gandhinagar,cocktail dinner venues in Gandhinagar,"cocktail dinner hall Gandhinagar, cocktail dinner venue booking Gandhinagar, best cocktail dinner venue Gandhinagar, cocktail dinner party venue Gandhinagar",Navigational / Transactional,High
Event + City,Class Reunion Venues in Gandhinagar | VenueConnect,/gandhinagar/class-reunion-venues/,Best Class Reunion Venues in Gandhinagar | Book & Compare Prices - VenueConnect,"Find the best class reunion venues in Gandhinagar. Compare class reunion halls, banquet spaces & party plots. Get free quotes & instant leads. Browse 100+ options on VenueConnect.",Best Class Reunion Venues in Gandhinagar,class reunion venues in Gandhinagar,"class reunion hall Gandhinagar, class reunion venue booking Gandhinagar, best class reunion venue Gandhinagar, class reunion party venue Gandhinagar",Navigational / Transactional,High
Event + City,Christian Communion Venues in Gandhinagar | VenueConnect,/gandhinagar/christian-communion-venues/,Best Christian Communion Venues in Gandhinagar | Book & Compare Prices - VenueConnect,"Find the best christian communion venues in Gandhinagar. Compare christian communion halls, banquet spaces & party plots. Get free quotes & instant leads. Browse 100+ options on VenueConnect.",Best Christian Communion Venues in Gandhinagar,christian communion venues in Gandhinagar,"christian communion hall Gandhinagar, christian communion venue booking Gandhinagar, best christian communion venue Gandhinagar, christian communion party venue Gandhinagar",Navigational / Transactional,High
Event + City,Childrens Party Venues in Gandhinagar | VenueConnect,/gandhinagar/childrens-party-venues/,Best Childrens Party Venues in Gandhinagar | Book & Compare Prices - VenueConnect,"Find the best childrens party venues in Gandhinagar. Compare childrens party halls, banquet spaces & party plots. Get free quotes & instant leads. Browse 100+ options on VenueConnect.",Best Childrens Party Venues in Gandhinagar,childrens party venues in Gandhinagar,"childrens party hall Gandhinagar, childrens party venue booking Gandhinagar, best childrens party venue Gandhinagar, childrens party party venue Gandhinagar",Navigational / Transactional,High
Event + City,Business Dinner Venues in Gandhinagar | VenueConnect,/gandhinagar/business-dinner-venues/,Best Business Dinner Venues in Gandhinagar | Book & Compare Prices - VenueConnect,"Find the best business dinner venues in Gandhinagar. Compare business dinner halls, banquet spaces & party plots. Get free quotes & instant leads. Browse 100+ options on VenueConnect.",Best Business Dinner Venues in Gandhinagar,business dinner venues in Gandhinagar,"business dinner hall Gandhinagar, business dinner venue booking Gandhinagar, best business dinner venue Gandhinagar, business dinner party venue Gandhinagar",Navigational / Transactional,High
Event + City,Bridal Shower Venues in Gandhinagar | VenueConnect,/gandhinagar/bridal-shower-venues/,Best Bridal Shower Venues in Gandhinagar | Book & Compare Prices - VenueConnect,"Find the best bridal shower venues in Gandhinagar. Compare bridal shower halls, banquet spaces & party plots. Get free quotes & instant leads. Browse 100+ options on VenueConnect.",Best Bridal Shower Venues in Gandhinagar,bridal shower venues in Gandhinagar,"bridal shower hall Gandhinagar, bridal shower venue booking Gandhinagar, best bridal shower venue Gandhinagar, bridal shower party venue Gandhinagar",Navigational / Transactional,High
Event + City,Brand Promotion Venues in Gandhinagar | VenueConnect,/gandhinagar/brand-promotion-venues/,Best Brand Promotion Venues in Gandhinagar | Book & Compare Prices - VenueConnect,"Find the best brand promotion venues in Gandhinagar. Compare brand promotion halls, banquet spaces & party plots. Get free quotes & instant leads. Browse 100+ options on VenueConnect.",Best Brand Promotion Venues in Gandhinagar,brand promotion venues in Gandhinagar,"brand promotion hall Gandhinagar, brand promotion venue booking Gandhinagar, best brand promotion venue Gandhinagar, brand promotion party venue Gandhinagar",Navigational / Transactional,High
Event + City,Bachelor Party Venues in Gandhinagar | VenueConnect,/gandhinagar/bachelor-party-venues/,Best Bachelor Party Venues in Gandhinagar | Book & Compare Prices - VenueConnect,"Find the best bachelor party venues in Gandhinagar. Compare bachelor party halls, banquet spaces & party plots. Get free quotes & instant leads. Browse 100+ options on VenueConnect.",Best Bachelor Party Venues in Gandhinagar,bachelor party venues in Gandhinagar,"bachelor party hall Gandhinagar, bachelor party venue booking Gandhinagar, best bachelor party venue Gandhinagar, bachelor party party venue Gandhinagar",Navigational / Transactional,High
Event + City,Aqueeqa Ceremony Venues in Gandhinagar | VenueConnect,/gandhinagar/aqueeqa-ceremony-venues/,Best Aqueeqa Ceremony Venues in Gandhinagar | Book & Compare Prices - VenueConnect,"Find the best aqueeqa ceremony venues in Gandhinagar. Compare aqueeqa ceremony halls, banquet spaces & party plots. Get free quotes & instant leads. Browse 100+ options on VenueConnect.",Best Aqueeqa Ceremony Venues in Gandhinagar,aqueeqa ceremony venues in Gandhinagar,"aqueeqa ceremony hall Gandhinagar, aqueeqa ceremony venue booking Gandhinagar, best aqueeqa ceremony venue Gandhinagar, aqueeqa ceremony party venue Gandhinagar",Navigational / Transactional,High
Event + City,Annual Fest Venues in Gandhinagar | VenueConnect,/gandhinagar/annual-fest-venues/,Best Annual Fest Venues in Gandhinagar | Book & Compare Prices - VenueConnect,"Find the best annual fest venues in Gandhinagar. Compare annual fest halls, banquet spaces & party plots. Get free quotes & instant leads. Browse 100+ options on VenueConnect.",Best Annual Fest Venues in Gandhinagar,annual fest venues in Gandhinagar,"annual fest hall Gandhinagar, annual fest venue booking Gandhinagar, best annual fest venue Gandhinagar, annual fest party venue Gandhinagar",Navigational / Transactional,High
Event + City,Adventure Party Venues in Gandhinagar | VenueConnect,/gandhinagar/adventure-party-venues/,Best Adventure Party Venues in Gandhinagar | Book & Compare Prices - VenueConnect,"Find the best adventure party venues in Gandhinagar. Compare adventure party halls, banquet spaces & party plots. Get free quotes & instant leads. Browse 100+ options on VenueConnect.",Best Adventure Party Venues in Gandhinagar,adventure party venues in Gandhinagar,"adventure party hall Gandhinagar, adventure party venue booking Gandhinagar, best adventure party venue Gandhinagar, adventure party party venue Gandhinagar",Navigational / Transactional,High
Event + City,Haldi Ceremony Venues in Gandhinagar | VenueConnect,/gandhinagar/haldi-ceremony-venues/,Best Haldi Ceremony Venues in Gandhinagar | Book & Compare Prices - VenueConnect,"Find the best haldi ceremony venues in Gandhinagar. Compare haldi ceremony halls, banquet spaces & party plots. Get free quotes & instant leads. Browse 100+ options on VenueConnect.",Best Haldi Ceremony Venues in Gandhinagar,haldi ceremony venues in Gandhinagar,"haldi ceremony hall Gandhinagar, haldi ceremony venue booking Gandhinagar, best haldi ceremony venue Gandhinagar, haldi ceremony party venue Gandhinagar",Navigational / Transactional,High
  VENDOR + CITY PAGES,,,,,,,,,
Page Type,Page Title,URL Slug,Meta Title,Meta Description,H1 Tag,Target Keyword,Secondary Keywords,Search Intent,Priority
Vendor + City,Photographers in Gandhinagar | VenueConnect,/gandhinagar/vendors/photographers/,Top Photographers in Gandhinagar | Compare & Hire - VenueConnect,"Hire top photographers in Gandhinagar for weddings, birthdays & all events. Compare portfolios, pricing & reviews. Get direct leads via WhatsApp. Book on VenueConnect.",Top Photographers in Gandhinagar,photographers in Gandhinagar,"photographers for wedding Gandhinagar, best photographers Gandhinagar, affordable photographers Gandhinagar, photographers contact Gandhinagar",Transactional,High
Vendor + City,Caterers in Gandhinagar | VenueConnect,/gandhinagar/vendors/caterers/,Top Caterers in Gandhinagar | Compare & Hire - VenueConnect,"Hire top caterers in Gandhinagar for weddings, birthdays & all events. Compare portfolios, pricing & reviews. Get direct leads via WhatsApp. Book on VenueConnect.",Top Caterers in Gandhinagar,caterers in Gandhinagar,"caterers for wedding Gandhinagar, best caterers Gandhinagar, affordable caterers Gandhinagar, caterers contact Gandhinagar",Transactional,High
Vendor + City,Decorators in Gandhinagar | VenueConnect,/gandhinagar/vendors/decorators/,Top Decorators in Gandhinagar | Compare & Hire - VenueConnect,"Hire top decorators in Gandhinagar for weddings, birthdays & all events. Compare portfolios, pricing & reviews. Get direct leads via WhatsApp. Book on VenueConnect.",Top Decorators in Gandhinagar,decorators in Gandhinagar,"decorators for wedding Gandhinagar, best decorators Gandhinagar, affordable decorators Gandhinagar, decorators contact Gandhinagar",Transactional,High
Vendor + City,Mehndi Artists in Gandhinagar | VenueConnect,/gandhinagar/vendors/mehndi-artists/,Top Mehndi Artists in Gandhinagar | Compare & Hire - VenueConnect,"Hire top mehndi artists in Gandhinagar for weddings, birthdays & all events. Compare portfolios, pricing & reviews. Get direct leads via WhatsApp. Book on VenueConnect.",Top Mehndi Artists in Gandhinagar,mehndi artists in Gandhinagar,"mehndi artists for wedding Gandhinagar, best mehndi artists Gandhinagar, affordable mehndi artists Gandhinagar, mehndi artists contact Gandhinagar",Transactional,High
Vendor + City,DJs in Gandhinagar | VenueConnect,/gandhinagar/vendors/djs/,Top DJs in Gandhinagar | Compare & Hire - VenueConnect,"Hire top djs in Gandhinagar for weddings, birthdays & all events. Compare portfolios, pricing & reviews. Get direct leads via WhatsApp. Book on VenueConnect.",Top DJs in Gandhinagar,djs in Gandhinagar,"djs for wedding Gandhinagar, best djs Gandhinagar, affordable djs Gandhinagar, djs contact Gandhinagar",Transactional,High
Vendor + City,Bands in Gandhinagar | VenueConnect,/gandhinagar/vendors/bands/,Top Bands in Gandhinagar | Compare & Hire - VenueConnect,"Hire top bands in Gandhinagar for weddings, birthdays & all events. Compare portfolios, pricing & reviews. Get direct leads via WhatsApp. Book on VenueConnect.",Top Bands in Gandhinagar,bands in Gandhinagar,"bands for wedding Gandhinagar, best bands Gandhinagar, affordable bands Gandhinagar, bands contact Gandhinagar",Transactional,High
Vendor + City,Event Planners in Gandhinagar | VenueConnect,/gandhinagar/vendors/event-planners/,Top Event Planners in Gandhinagar | Compare & Hire - VenueConnect,"Hire top event planners in Gandhinagar for weddings, birthdays & all events. Compare portfolios, pricing & reviews. Get direct leads via WhatsApp. Book on VenueConnect.",Top Event Planners in Gandhinagar,event planners in Gandhinagar,"event planners for wedding Gandhinagar, best event planners Gandhinagar, affordable event planners Gandhinagar, event planners contact Gandhinagar",Transactional,High
Vendor + City,Bridal Wear in Gandhinagar | VenueConnect,/gandhinagar/vendors/bridal-wear/,Top Bridal Wear in Gandhinagar | Compare & Hire - VenueConnect,"Hire top bridal wear in Gandhinagar for weddings, birthdays & all events. Compare portfolios, pricing & reviews. Get direct leads via WhatsApp. Book on VenueConnect.",Top Bridal Wear in Gandhinagar,bridal wear in Gandhinagar,"bridal wear for wedding Gandhinagar, best bridal wear Gandhinagar, affordable bridal wear Gandhinagar, bridal wear contact Gandhinagar",Transactional,High
Vendor + City,Makeup Artists in Gandhinagar | VenueConnect,/gandhinagar/vendors/makeup-artists/,Top Makeup Artists in Gandhinagar | Compare & Hire - VenueConnect,"Hire top makeup artists in Gandhinagar for weddings, birthdays & all events. Compare portfolios, pricing & reviews. Get direct leads via WhatsApp. Book on VenueConnect.",Top Makeup Artists in Gandhinagar,makeup artists in Gandhinagar,"makeup artists for wedding Gandhinagar, best makeup artists Gandhinagar, affordable makeup artists Gandhinagar, makeup artists contact Gandhinagar",Transactional,High
Vendor + City,Florists in Gandhinagar | VenueConnect,/gandhinagar/vendors/florists/,Top Florists in Gandhinagar | Compare & Hire - VenueConnect,"Hire top florists in Gandhinagar for weddings, birthdays & all events. Compare portfolios, pricing & reviews. Get direct leads via WhatsApp. Book on VenueConnect.",Top Florists in Gandhinagar,florists in Gandhinagar,"florists for wedding Gandhinagar, best florists Gandhinagar, affordable florists Gandhinagar, florists contact Gandhinagar",Transactional,High
Vendor + City,Videographers in Gandhinagar | VenueConnect,/gandhinagar/vendors/videographers/,Top Videographers in Gandhinagar | Compare & Hire - VenueConnect,"Hire top videographers in Gandhinagar for weddings, birthdays & all events. Compare portfolios, pricing & reviews. Get direct leads via WhatsApp. Book on VenueConnect.",Top Videographers in Gandhinagar,videographers in Gandhinagar,"videographers for wedding Gandhinagar, best videographers Gandhinagar, affordable videographers Gandhinagar, videographers contact Gandhinagar",Transactional,High
Vendor + City,Wedding Planners in Gandhinagar | VenueConnect,/gandhinagar/vendors/wedding-planners/,Top Wedding Planners in Gandhinagar | Compare & Hire - VenueConnect,"Hire top wedding planners in Gandhinagar for weddings, birthdays & all events. Compare portfolios, pricing & reviews. Get direct leads via WhatsApp. Book on VenueConnect.",Top Wedding Planners in Gandhinagar,wedding planners in Gandhinagar,"wedding planners for wedding Gandhinagar, best wedding planners Gandhinagar, affordable wedding planners Gandhinagar, wedding planners contact Gandhinagar",Transactional,High
Vendor + City,Tent Houses in Gandhinagar | VenueConnect,/gandhinagar/vendors/tent-houses/,Top Tent Houses in Gandhinagar | Compare & Hire - VenueConnect,"Hire top tent houses in Gandhinagar for weddings, birthdays & all events. Compare portfolios, pricing & reviews. Get direct leads via WhatsApp. Book on VenueConnect.",Top Tent Houses in Gandhinagar,tent houses in Gandhinagar,"tent houses for wedding Gandhinagar, best tent houses Gandhinagar, affordable tent houses Gandhinagar, tent houses contact Gandhinagar",Transactional,High
Vendor + City,Choreographers in Gandhinagar | VenueConnect,/gandhinagar/vendors/choreographers/,Top Choreographers in Gandhinagar | Compare & Hire - VenueConnect,"Hire top choreographers in Gandhinagar for weddings, birthdays & all events. Compare portfolios, pricing & reviews. Get direct leads via WhatsApp. Book on VenueConnect.",Top Choreographers in Gandhinagar,choreographers in Gandhinagar,"choreographers for wedding Gandhinagar, best choreographers Gandhinagar, affordable choreographers Gandhinagar, choreographers contact Gandhinagar",Transactional,High
Vendor + City,Invitation Cards in Gandhinagar | VenueConnect,/gandhinagar/vendors/invitation-cards/,Top Invitation Cards in Gandhinagar | Compare & Hire - VenueConnect,"Hire top invitation cards in Gandhinagar for weddings, birthdays & all events. Compare portfolios, pricing & reviews. Get direct leads via WhatsApp. Book on VenueConnect.",Top Invitation Cards in Gandhinagar,invitation cards in Gandhinagar,"invitation cards for wedding Gandhinagar, best invitation cards Gandhinagar, affordable invitation cards Gandhinagar, invitation cards contact Gandhinagar",Transactional,High
Vendor + City,Cake Shops in Gandhinagar | VenueConnect,/gandhinagar/vendors/cake-shops/,Top Cake Shops in Gandhinagar | Compare & Hire - VenueConnect,"Hire top cake shops in Gandhinagar for weddings, birthdays & all events. Compare portfolios, pricing & reviews. Get direct leads via WhatsApp. Book on VenueConnect.",Top Cake Shops in Gandhinagar,cake shops in Gandhinagar,"cake shops for wedding Gandhinagar, best cake shops Gandhinagar, affordable cake shops Gandhinagar, cake shops contact Gandhinagar",Transactional,High
Vendor + City,Jewellers in Gandhinagar | VenueConnect,/gandhinagar/vendors/jewellers/,Top Jewellers in Gandhinagar | Compare & Hire - VenueConnect,"Hire top jewellers in Gandhinagar for weddings, birthdays & all events. Compare portfolios, pricing & reviews. Get direct leads via WhatsApp. Book on VenueConnect.",Top Jewellers in Gandhinagar,jewellers in Gandhinagar,"jewellers for wedding Gandhinagar, best jewellers Gandhinagar, affordable jewellers Gandhinagar, jewellers contact Gandhinagar",Transactional,High
Vendor + City,Astrologers in Gandhinagar | VenueConnect,/gandhinagar/vendors/astrologers/,Top Astrologers in Gandhinagar | Compare & Hire - VenueConnect,"Hire top astrologers in Gandhinagar for weddings, birthdays & all events. Compare portfolios, pricing & reviews. Get direct leads via WhatsApp. Book on VenueConnect.",Top Astrologers in Gandhinagar,astrologers in Gandhinagar,"astrologers for wedding Gandhinagar, best astrologers Gandhinagar, affordable astrologers Gandhinagar, astrologers contact Gandhinagar",Transactional,High
Vendor + City,Magicians in Gandhinagar | VenueConnect,/gandhinagar/vendors/magicians/,Top Magicians in Gandhinagar | Compare & Hire - VenueConnect,"Hire top magicians in Gandhinagar for weddings, birthdays & all events. Compare portfolios, pricing & reviews. Get direct leads via WhatsApp. Book on VenueConnect.",Top Magicians in Gandhinagar,magicians in Gandhinagar,"magicians for wedding Gandhinagar, best magicians Gandhinagar, affordable magicians Gandhinagar, magicians contact Gandhinagar",Transactional,High
Vendor + City,Entertainers in Gandhinagar | VenueConnect,/gandhinagar/vendors/entertainers/,Top Entertainers in Gandhinagar | Compare & Hire - VenueConnect,"Hire top entertainers in Gandhinagar for weddings, birthdays & all events. Compare portfolios, pricing & reviews. Get direct leads via WhatsApp. Book on VenueConnect.",Top Entertainers in Gandhinagar,entertainers in Gandhinagar,"entertainers for wedding Gandhinagar, best entertainers Gandhinagar, affordable entertainers Gandhinagar, entertainers contact Gandhinagar",Transactional,High
Vendor + City,Groom Wear in Gandhinagar | VenueConnect,/gandhinagar/vendors/groom-wear/,Top Groom Wear in Gandhinagar | Compare & Hire - VenueConnect,"Hire top groom wear in Gandhinagar for weddings, birthdays & all events. Compare portfolios, pricing & reviews. Get direct leads via WhatsApp. Book on VenueConnect.",Top Groom Wear in Gandhinagar,groom wear in Gandhinagar,"groom wear for wedding Gandhinagar, best groom wear Gandhinagar, affordable groom wear Gandhinagar, groom wear contact Gandhinagar",Transactional,High
Vendor + City,Wedding Photographers in Gandhinagar | VenueConnect,/gandhinagar/vendors/wedding-photographers/,Top Wedding Photographers in Gandhinagar | Compare & Hire - VenueConnect,"Hire top wedding photographers in Gandhinagar for weddings, birthdays & all events. Compare portfolios, pricing & reviews. Get direct leads via WhatsApp. Book on VenueConnect.",Top Wedding Photographers in Gandhinagar,wedding photographers in Gandhinagar,"wedding photographers for wedding Gandhinagar, best wedding photographers Gandhinagar, affordable wedding photographers Gandhinagar, wedding photographers contact Gandhinagar",Transactional,High
  VENUE TYPE + CITY PAGES,,,,,,,,,
Page Type,Page Title,URL Slug,Meta Title,Meta Description,H1 Tag,Target Keyword,Secondary Keywords,Search Intent,Priority
Venue + City,Banquet Halls in Gandhinagar | VenueConnect,/gandhinagar/banquet-halls/,Best Banquet Halls in Gandhinagar | Compare Prices & Book - VenueConnect,"Find top banquet halls in Gandhinagar for any occasion. Compare capacity, pricing & amenities. 100+ verified listings. Get free quotes on VenueConnect Gujarat.",Best Banquet Halls in Gandhinagar,banquet halls in Gandhinagar,"banquet halls for rent Gandhinagar, banquet halls booking Gandhinagar, best banquet halls Gandhinagar, affordable banquet halls Gandhinagar",Transactional,High
Venue + City,Farmhouses in Gandhinagar | VenueConnect,/gandhinagar/farmhouses/,Best Farmhouses in Gandhinagar | Compare Prices & Book - VenueConnect,"Find top farmhouses in Gandhinagar for any occasion. Compare capacity, pricing & amenities. 100+ verified listings. Get free quotes on VenueConnect Gujarat.",Best Farmhouses in Gandhinagar,farmhouses in Gandhinagar,"farmhouses for rent Gandhinagar, farmhouses booking Gandhinagar, best farmhouses Gandhinagar, affordable farmhouses Gandhinagar",Transactional,High
Venue + City,Party Plots in Gandhinagar | VenueConnect,/gandhinagar/party-plots/,Best Party Plots in Gandhinagar | Compare Prices & Book - VenueConnect,"Find top party plots in Gandhinagar for any occasion. Compare capacity, pricing & amenities. 100+ verified listings. Get free quotes on VenueConnect Gujarat.",Best Party Plots in Gandhinagar,party plots in Gandhinagar,"party plots for rent Gandhinagar, party plots booking Gandhinagar, best party plots Gandhinagar, affordable party plots Gandhinagar",Transactional,High
Venue + City,Hotels in Gandhinagar | VenueConnect,/gandhinagar/hotels/,Best Hotels in Gandhinagar | Compare Prices & Book - VenueConnect,"Find top hotels in Gandhinagar for any occasion. Compare capacity, pricing & amenities. 100+ verified listings. Get free quotes on VenueConnect Gujarat.",Best Hotels in Gandhinagar,hotels in Gandhinagar,"hotels for rent Gandhinagar, hotels booking Gandhinagar, best hotels Gandhinagar, affordable hotels Gandhinagar",Transactional,High
Venue + City,Resorts in Gandhinagar | VenueConnect,/gandhinagar/resorts/,Best Resorts in Gandhinagar | Compare Prices & Book - VenueConnect,"Find top resorts in Gandhinagar for any occasion. Compare capacity, pricing & amenities. 100+ verified listings. Get free quotes on VenueConnect Gujarat.",Best Resorts in Gandhinagar,resorts in Gandhinagar,"resorts for rent Gandhinagar, resorts booking Gandhinagar, best resorts Gandhinagar, affordable resorts Gandhinagar",Transactional,High
Venue + City,Restaurants in Gandhinagar | VenueConnect,/gandhinagar/restaurants/,Best Restaurants in Gandhinagar | Compare Prices & Book - VenueConnect,"Find top restaurants in Gandhinagar for any occasion. Compare capacity, pricing & amenities. 100+ verified listings. Get free quotes on VenueConnect Gujarat.",Best Restaurants in Gandhinagar,restaurants in Gandhinagar,"restaurants for rent Gandhinagar, restaurants booking Gandhinagar, best restaurants Gandhinagar, affordable restaurants Gandhinagar",Transactional,High
Venue + City,Convention Centers in Gandhinagar | VenueConnect,/gandhinagar/convention-centers/,Best Convention Centers in Gandhinagar | Compare Prices & Book - VenueConnect,"Find top convention centers in Gandhinagar for any occasion. Compare capacity, pricing & amenities. 100+ verified listings. Get free quotes on VenueConnect Gujarat.",Best Convention Centers in Gandhinagar,convention centers in Gandhinagar,"convention centers for rent Gandhinagar, convention centers booking Gandhinagar, best convention centers Gandhinagar, affordable convention centers Gandhinagar",Transactional,High
Venue + City,Clubs in Gandhinagar | VenueConnect,/gandhinagar/clubs/,Best Clubs in Gandhinagar | Compare Prices & Book - VenueConnect,"Find top clubs in Gandhinagar for any occasion. Compare capacity, pricing & amenities. 100+ verified listings. Get free quotes on VenueConnect Gujarat.",Best Clubs in Gandhinagar,clubs in Gandhinagar,"clubs for rent Gandhinagar, clubs booking Gandhinagar, best clubs Gandhinagar, affordable clubs Gandhinagar",Transactional,High
Venue + City,Rooftop Venues in Gandhinagar | VenueConnect,/gandhinagar/rooftop-venues/,Best Rooftop Venues in Gandhinagar | Compare Prices & Book - VenueConnect,"Find top rooftop venues in Gandhinagar for any occasion. Compare capacity, pricing & amenities. 100+ verified listings. Get free quotes on VenueConnect Gujarat.",Best Rooftop Venues in Gandhinagar,rooftop venues in Gandhinagar,"rooftop venues for rent Gandhinagar, rooftop venues booking Gandhinagar, best rooftop venues Gandhinagar, affordable rooftop venues Gandhinagar",Transactional,High
Venue + City,Garden Venues in Gandhinagar | VenueConnect,/gandhinagar/garden-venues/,Best Garden Venues in Gandhinagar | Compare Prices & Book - VenueConnect,"Find top garden venues in Gandhinagar for any occasion. Compare capacity, pricing & amenities. 100+ verified listings. Get free quotes on VenueConnect Gujarat.",Best Garden Venues in Gandhinagar,garden venues in Gandhinagar,"garden venues for rent Gandhinagar, garden venues booking Gandhinagar, best garden venues Gandhinagar, affordable garden venues Gandhinagar",Transactional,High
Venue + City,Heritage Venues in Gandhinagar | VenueConnect,/gandhinagar/heritage-venues/,Best Heritage Venues in Gandhinagar | Compare Prices & Book - VenueConnect,"Find top heritage venues in Gandhinagar for any occasion. Compare capacity, pricing & amenities. 100+ verified listings. Get free quotes on VenueConnect Gujarat.",Best Heritage Venues in Gandhinagar,heritage venues in Gandhinagar,"heritage venues for rent Gandhinagar, heritage venues booking Gandhinagar, best heritage venues Gandhinagar, affordable heritage venues Gandhinagar",Transactional,High
Venue + City,Luxury Venues in Gandhinagar | VenueConnect,/gandhinagar/luxury-venues/,Best Luxury Venues in Gandhinagar | Compare Prices & Book - VenueConnect,"Find top luxury venues in Gandhinagar for any occasion. Compare capacity, pricing & amenities. 100+ verified listings. Get free quotes on VenueConnect Gujarat.",Best Luxury Venues in Gandhinagar,luxury venues in Gandhinagar,"luxury venues for rent Gandhinagar, luxury venues booking Gandhinagar, best luxury venues Gandhinagar, affordable luxury venues Gandhinagar",Transactional,High
  EVENT + CITY AREA PAGES (Hyper-local),,,,,,,,,
Page Type,Page Title,URL Slug,Meta Title,Meta Description,H1 Tag,Target Keyword,Secondary Keywords,Search Intent,Priority
Event + City Area,"Wedding Venues in Sector 1, Gandhinagar | VenueConnect",/gandhinagar/sector-1/wedding-venues/,"Best Wedding Venues in Sector 1, Gandhinagar | Book Near You - VenueConnect","Find the perfect wedding venue in Sector 1, Gandhinagar. Compare halls, farmhouses & party plots near Sector 1. Get instant leads & free quotes on VenueConnect.","Best Wedding Venues in Sector 1, Gandhinagar",wedding venues in Sector 1 Gandhinagar,"wedding venue Sector 1, wedding hall near Sector 1 Gandhinagar, wedding venue near Sector 1",Transactional (Hyper-local),High
Event + City Area,"Birthday Party Venues in Sector 1, Gandhinagar | VenueConnect",/gandhinagar/sector-1/birthday-party-venues/,"Best Birthday Party Venues in Sector 1, Gandhinagar | Book Near You - VenueConnect","Find the perfect birthday party venue in Sector 1, Gandhinagar. Compare halls, farmhouses & party plots near Sector 1. Get instant leads & free quotes on VenueConnect.","Best Birthday Party Venues in Sector 1, Gandhinagar",birthday party venues in Sector 1 Gandhinagar,"birthday party venue Sector 1, birthday party hall near Sector 1 Gandhinagar, birthday party venue near Sector 1",Transactional (Hyper-local),High
Event + City Area,"Engagement Venues in Sector 1, Gandhinagar | VenueConnect",/gandhinagar/sector-1/engagement-venues/,"Best Engagement Venues in Sector 1, Gandhinagar | Book Near You - VenueConnect","Find the perfect engagement venue in Sector 1, Gandhinagar. Compare halls, farmhouses & party plots near Sector 1. Get instant leads & free quotes on VenueConnect.","Best Engagement Venues in Sector 1, Gandhinagar",engagement venues in Sector 1 Gandhinagar,"engagement venue Sector 1, engagement hall near Sector 1 Gandhinagar, engagement venue near Sector 1",Transactional (Hyper-local),High
Event + City Area,"Corporate Event Venues in Sector 1, Gandhinagar | VenueConnect",/gandhinagar/sector-1/corporate-event-venues/,"Best Corporate Event Venues in Sector 1, Gandhinagar | Book Near You - VenueConnect","Find the perfect corporate event venue in Sector 1, Gandhinagar. Compare halls, farmhouses & party plots near Sector 1. Get instant leads & free quotes on VenueConnect.","Best Corporate Event Venues in Sector 1, Gandhinagar",corporate event venues in Sector 1 Gandhinagar,"corporate event venue Sector 1, corporate event hall near Sector 1 Gandhinagar, corporate event venue near Sector 1",Transactional (Hyper-local),High
Event + City Area,"Reception Venues in Sector 1, Gandhinagar | VenueConnect",/gandhinagar/sector-1/reception-venues/,"Best Reception Venues in Sector 1, Gandhinagar | Book Near You - VenueConnect","Find the perfect reception venue in Sector 1, Gandhinagar. Compare halls, farmhouses & party plots near Sector 1. Get instant leads & free quotes on VenueConnect.","Best Reception Venues in Sector 1, Gandhinagar",reception venues in Sector 1 Gandhinagar,"reception venue Sector 1, reception hall near Sector 1 Gandhinagar, reception venue near Sector 1",Transactional (Hyper-local),High
Event + City Area,"Wedding Venues in Sector 2, Gandhinagar | VenueConnect",/gandhinagar/sector-2/wedding-venues/,"Best Wedding Venues in Sector 2, Gandhinagar | Book Near You - VenueConnect","Find the perfect wedding venue in Sector 2, Gandhinagar. Compare halls, farmhouses & party plots near Sector 2. Get instant leads & free quotes on VenueConnect.","Best Wedding Venues in Sector 2, Gandhinagar",wedding venues in Sector 2 Gandhinagar,"wedding venue Sector 2, wedding hall near Sector 2 Gandhinagar, wedding venue near Sector 2",Transactional (Hyper-local),High
Event + City Area,"Birthday Party Venues in Sector 2, Gandhinagar | VenueConnect",/gandhinagar/sector-2/birthday-party-venues/,"Best Birthday Party Venues in Sector 2, Gandhinagar | Book Near You - VenueConnect","Find the perfect birthday party venue in Sector 2, Gandhinagar. Compare halls, farmhouses & party plots near Sector 2. Get instant leads & free quotes on VenueConnect.","Best Birthday Party Venues in Sector 2, Gandhinagar",birthday party venues in Sector 2 Gandhinagar,"birthday party venue Sector 2, birthday party hall near Sector 2 Gandhinagar, birthday party venue near Sector 2",Transactional (Hyper-local),High
Event + City Area,"Engagement Venues in Sector 2, Gandhinagar | VenueConnect",/gandhinagar/sector-2/engagement-venues/,"Best Engagement Venues in Sector 2, Gandhinagar | Book Near You - VenueConnect","Find the perfect engagement venue in Sector 2, Gandhinagar. Compare halls, farmhouses & party plots near Sector 2. Get instant leads & free quotes on VenueConnect.","Best Engagement Venues in Sector 2, Gandhinagar",engagement venues in Sector 2 Gandhinagar,"engagement venue Sector 2, engagement hall near Sector 2 Gandhinagar, engagement venue near Sector 2",Transactional (Hyper-local),High
Event + City Area,"Corporate Event Venues in Sector 2, Gandhinagar | VenueConnect",/gandhinagar/sector-2/corporate-event-venues/,"Best Corporate Event Venues in Sector 2, Gandhinagar | Book Near You - VenueConnect","Find the perfect corporate event venue in Sector 2, Gandhinagar. Compare halls, farmhouses & party plots near Sector 2. Get instant leads & free quotes on VenueConnect.","Best Corporate Event Venues in Sector 2, Gandhinagar",corporate event venues in Sector 2 Gandhinagar,"corporate event venue Sector 2, corporate event hall near Sector 2 Gandhinagar, corporate event venue near Sector 2",Transactional (Hyper-local),High
Event + City Area,"Reception Venues in Sector 2, Gandhinagar | VenueConnect",/gandhinagar/sector-2/reception-venues/,"Best Reception Venues in Sector 2, Gandhinagar | Book Near You - VenueConnect","Find the perfect reception venue in Sector 2, Gandhinagar. Compare halls, farmhouses & party plots near Sector 2. Get instant leads & free quotes on VenueConnect.","Best Reception Venues in Sector 2, Gandhinagar",reception venues in Sector 2 Gandhinagar,"reception venue Sector 2, reception hall near Sector 2 Gandhinagar, reception venue near Sector 2",Transactional (Hyper-local),High
Event + City Area,"Wedding Venues in Sector 3, Gandhinagar | VenueConnect",/gandhinagar/sector-3/wedding-venues/,"Best Wedding Venues in Sector 3, Gandhinagar | Book Near You - VenueConnect","Find the perfect wedding venue in Sector 3, Gandhinagar. Compare halls, farmhouses & party plots near Sector 3. Get instant leads & free quotes on VenueConnect.","Best Wedding Venues in Sector 3, Gandhinagar",wedding venues in Sector 3 Gandhinagar,"wedding venue Sector 3, wedding hall near Sector 3 Gandhinagar, wedding venue near Sector 3",Transactional (Hyper-local),High
Event + City Area,"Birthday Party Venues in Sector 3, Gandhinagar | VenueConnect",/gandhinagar/sector-3/birthday-party-venues/,"Best Birthday Party Venues in Sector 3, Gandhinagar | Book Near You - VenueConnect","Find the perfect birthday party venue in Sector 3, Gandhinagar. Compare halls, farmhouses & party plots near Sector 3. Get instant leads & free quotes on VenueConnect.","Best Birthday Party Venues in Sector 3, Gandhinagar",birthday party venues in Sector 3 Gandhinagar,"birthday party venue Sector 3, birthday party hall near Sector 3 Gandhinagar, birthday party venue near Sector 3",Transactional (Hyper-local),High
Event + City Area,"Engagement Venues in Sector 3, Gandhinagar | VenueConnect",/gandhinagar/sector-3/engagement-venues/,"Best Engagement Venues in Sector 3, Gandhinagar | Book Near You - VenueConnect","Find the perfect engagement venue in Sector 3, Gandhinagar. Compare halls, farmhouses & party plots near Sector 3. Get instant leads & free quotes on VenueConnect.","Best Engagement Venues in Sector 3, Gandhinagar",engagement venues in Sector 3 Gandhinagar,"engagement venue Sector 3, engagement hall near Sector 3 Gandhinagar, engagement venue near Sector 3",Transactional (Hyper-local),High
Event + City Area,"Corporate Event Venues in Sector 3, Gandhinagar | VenueConnect",/gandhinagar/sector-3/corporate-event-venues/,"Best Corporate Event Venues in Sector 3, Gandhinagar | Book Near You - VenueConnect","Find the perfect corporate event venue in Sector 3, Gandhinagar. Compare halls, farmhouses & party plots near Sector 3. Get instant leads & free quotes on VenueConnect.","Best Corporate Event Venues in Sector 3, Gandhinagar",corporate event venues in Sector 3 Gandhinagar,"corporate event venue Sector 3, corporate event hall near Sector 3 Gandhinagar, corporate event venue near Sector 3",Transactional (Hyper-local),High
Event + City Area,"Reception Venues in Sector 3, Gandhinagar | VenueConnect",/gandhinagar/sector-3/reception-venues/,"Best Reception Venues in Sector 3, Gandhinagar | Book Near You - VenueConnect","Find the perfect reception venue in Sector 3, Gandhinagar. Compare halls, farmhouses & party plots near Sector 3. Get instant leads & free quotes on VenueConnect.","Best Reception Venues in Sector 3, Gandhinagar",reception venues in Sector 3 Gandhinagar,"reception venue Sector 3, reception hall near Sector 3 Gandhinagar, reception venue near Sector 3",Transactional (Hyper-local),High
Event + City Area,"Wedding Venues in Sector 4, Gandhinagar | VenueConnect",/gandhinagar/sector-4/wedding-venues/,"Best Wedding Venues in Sector 4, Gandhinagar | Book Near You - VenueConnect","Find the perfect wedding venue in Sector 4, Gandhinagar. Compare halls, farmhouses & party plots near Sector 4. Get instant leads & free quotes on VenueConnect.","Best Wedding Venues in Sector 4, Gandhinagar",wedding venues in Sector 4 Gandhinagar,"wedding venue Sector 4, wedding hall near Sector 4 Gandhinagar, wedding venue near Sector 4",Transactional (Hyper-local),High
Event + City Area,"Birthday Party Venues in Sector 4, Gandhinagar | VenueConnect",/gandhinagar/sector-4/birthday-party-venues/,"Best Birthday Party Venues in Sector 4, Gandhinagar | Book Near You - VenueConnect","Find the perfect birthday party venue in Sector 4, Gandhinagar. Compare halls, farmhouses & party plots near Sector 4. Get instant leads & free quotes on VenueConnect.","Best Birthday Party Venues in Sector 4, Gandhinagar",birthday party venues in Sector 4 Gandhinagar,"birthday party venue Sector 4, birthday party hall near Sector 4 Gandhinagar, birthday party venue near Sector 4",Transactional (Hyper-local),High
Event + City Area,"Engagement Venues in Sector 4, Gandhinagar | VenueConnect",/gandhinagar/sector-4/engagement-venues/,"Best Engagement Venues in Sector 4, Gandhinagar | Book Near You - VenueConnect","Find the perfect engagement venue in Sector 4, Gandhinagar. Compare halls, farmhouses & party plots near Sector 4. Get instant leads & free quotes on VenueConnect.","Best Engagement Venues in Sector 4, Gandhinagar",engagement venues in Sector 4 Gandhinagar,"engagement venue Sector 4, engagement hall near Sector 4 Gandhinagar, engagement venue near Sector 4",Transactional (Hyper-local),High
Event + City Area,"Corporate Event Venues in Sector 4, Gandhinagar | VenueConnect",/gandhinagar/sector-4/corporate-event-venues/,"Best Corporate Event Venues in Sector 4, Gandhinagar | Book Near You - VenueConnect","Find the perfect corporate event venue in Sector 4, Gandhinagar. Compare halls, farmhouses & party plots near Sector 4. Get instant leads & free quotes on VenueConnect.","Best Corporate Event Venues in Sector 4, Gandhinagar",corporate event venues in Sector 4 Gandhinagar,"corporate event venue Sector 4, corporate event hall near Sector 4 Gandhinagar, corporate event venue near Sector 4",Transactional (Hyper-local),High
Event + City Area,"Reception Venues in Sector 4, Gandhinagar | VenueConnect",/gandhinagar/sector-4/reception-venues/,"Best Reception Venues in Sector 4, Gandhinagar | Book Near You - VenueConnect","Find the perfect reception venue in Sector 4, Gandhinagar. Compare halls, farmhouses & party plots near Sector 4. Get instant leads & free quotes on VenueConnect.","Best Reception Venues in Sector 4, Gandhinagar",reception venues in Sector 4 Gandhinagar,"reception venue Sector 4, reception hall near Sector 4 Gandhinagar, reception venue near Sector 4",Transactional (Hyper-local),High
Event + City Area,"Wedding Venues in Sector 5, Gandhinagar | VenueConnect",/gandhinagar/sector-5/wedding-venues/,"Best Wedding Venues in Sector 5, Gandhinagar | Book Near You - VenueConnect","Find the perfect wedding venue in Sector 5, Gandhinagar. Compare halls, farmhouses & party plots near Sector 5. Get instant leads & free quotes on VenueConnect.","Best Wedding Venues in Sector 5, Gandhinagar",wedding venues in Sector 5 Gandhinagar,"wedding venue Sector 5, wedding hall near Sector 5 Gandhinagar, wedding venue near Sector 5",Transactional (Hyper-local),High
Event + City Area,"Birthday Party Venues in Sector 5, Gandhinagar | VenueConnect",/gandhinagar/sector-5/birthday-party-venues/,"Best Birthday Party Venues in Sector 5, Gandhinagar | Book Near You - VenueConnect","Find the perfect birthday party venue in Sector 5, Gandhinagar. Compare halls, farmhouses & party plots near Sector 5. Get instant leads & free quotes on VenueConnect.","Best Birthday Party Venues in Sector 5, Gandhinagar",birthday party venues in Sector 5 Gandhinagar,"birthday party venue Sector 5, birthday party hall near Sector 5 Gandhinagar, birthday party venue near Sector 5",Transactional (Hyper-local),High
Event + City Area,"Engagement Venues in Sector 5, Gandhinagar | VenueConnect",/gandhinagar/sector-5/engagement-venues/,"Best Engagement Venues in Sector 5, Gandhinagar | Book Near You - VenueConnect","Find the perfect engagement venue in Sector 5, Gandhinagar. Compare halls, farmhouses & party plots near Sector 5. Get instant leads & free quotes on VenueConnect.","Best Engagement Venues in Sector 5, Gandhinagar",engagement venues in Sector 5 Gandhinagar,"engagement venue Sector 5, engagement hall near Sector 5 Gandhinagar, engagement venue near Sector 5",Transactional (Hyper-local),High
Event + City Area,"Corporate Event Venues in Sector 5, Gandhinagar | VenueConnect",/gandhinagar/sector-5/corporate-event-venues/,"Best Corporate Event Venues in Sector 5, Gandhinagar | Book Near You - VenueConnect","Find the perfect corporate event venue in Sector 5, Gandhinagar. Compare halls, farmhouses & party plots near Sector 5. Get instant leads & free quotes on VenueConnect.","Best Corporate Event Venues in Sector 5, Gandhinagar",corporate event venues in Sector 5 Gandhinagar,"corporate event venue Sector 5, corporate event hall near Sector 5 Gandhinagar, corporate event venue near Sector 5",Transactional (Hyper-local),High
Event + City Area,"Reception Venues in Sector 5, Gandhinagar | VenueConnect",/gandhinagar/sector-5/reception-venues/,"Best Reception Venues in Sector 5, Gandhinagar | Book Near You - VenueConnect","Find the perfect reception venue in Sector 5, Gandhinagar. Compare halls, farmhouses & party plots near Sector 5. Get instant leads & free quotes on VenueConnect.","Best Reception Venues in Sector 5, Gandhinagar",reception venues in Sector 5 Gandhinagar,"reception venue Sector 5, reception hall near Sector 5 Gandhinagar, reception venue near Sector 5",Transactional (Hyper-local),High
Event + City Area,"Wedding Venues in Sector 6, Gandhinagar | VenueConnect",/gandhinagar/sector-6/wedding-venues/,"Best Wedding Venues in Sector 6, Gandhinagar | Book Near You - VenueConnect","Find the perfect wedding venue in Sector 6, Gandhinagar. Compare halls, farmhouses & party plots near Sector 6. Get instant leads & free quotes on VenueConnect.","Best Wedding Venues in Sector 6, Gandhinagar",wedding venues in Sector 6 Gandhinagar,"wedding venue Sector 6, wedding hall near Sector 6 Gandhinagar, wedding venue near Sector 6",Transactional (Hyper-local),High
Event + City Area,"Birthday Party Venues in Sector 6, Gandhinagar | VenueConnect",/gandhinagar/sector-6/birthday-party-venues/,"Best Birthday Party Venues in Sector 6, Gandhinagar | Book Near You - VenueConnect","Find the perfect birthday party venue in Sector 6, Gandhinagar. Compare halls, farmhouses & party plots near Sector 6. Get instant leads & free quotes on VenueConnect.","Best Birthday Party Venues in Sector 6, Gandhinagar",birthday party venues in Sector 6 Gandhinagar,"birthday party venue Sector 6, birthday party hall near Sector 6 Gandhinagar, birthday party venue near Sector 6",Transactional (Hyper-local),High
Event + City Area,"Engagement Venues in Sector 6, Gandhinagar | VenueConnect",/gandhinagar/sector-6/engagement-venues/,"Best Engagement Venues in Sector 6, Gandhinagar | Book Near You - VenueConnect","Find the perfect engagement venue in Sector 6, Gandhinagar. Compare halls, farmhouses & party plots near Sector 6. Get instant leads & free quotes on VenueConnect.","Best Engagement Venues in Sector 6, Gandhinagar",engagement venues in Sector 6 Gandhinagar,"engagement venue Sector 6, engagement hall near Sector 6 Gandhinagar, engagement venue near Sector 6",Transactional (Hyper-local),High
Event + City Area,"Corporate Event Venues in Sector 6, Gandhinagar | VenueConnect",/gandhinagar/sector-6/corporate-event-venues/,"Best Corporate Event Venues in Sector 6, Gandhinagar | Book Near You - VenueConnect","Find the perfect corporate event venue in Sector 6, Gandhinagar. Compare halls, farmhouses & party plots near Sector 6. Get instant leads & free quotes on VenueConnect.","Best Corporate Event Venues in Sector 6, Gandhinagar",corporate event venues in Sector 6 Gandhinagar,"corporate event venue Sector 6, corporate event hall near Sector 6 Gandhinagar, corporate event venue near Sector 6",Transactional (Hyper-local),High
Event + City Area,"Reception Venues in Sector 6, Gandhinagar | VenueConnect",/gandhinagar/sector-6/reception-venues/,"Best Reception Venues in Sector 6, Gandhinagar | Book Near You - VenueConnect","Find the perfect reception venue in Sector 6, Gandhinagar. Compare halls, farmhouses & party plots near Sector 6. Get instant leads & free quotes on VenueConnect.","Best Reception Venues in Sector 6, Gandhinagar",reception venues in Sector 6 Gandhinagar,"reception venue Sector 6, reception hall near Sector 6 Gandhinagar, reception venue near Sector 6",Transactional (Hyper-local),High
Event + City Area,"Wedding Venues in Sector 7, Gandhinagar | VenueConnect",/gandhinagar/sector-7/wedding-venues/,"Best Wedding Venues in Sector 7, Gandhinagar | Book Near You - VenueConnect","Find the perfect wedding venue in Sector 7, Gandhinagar. Compare halls, farmhouses & party plots near Sector 7. Get instant leads & free quotes on VenueConnect.","Best Wedding Venues in Sector 7, Gandhinagar",wedding venues in Sector 7 Gandhinagar,"wedding venue Sector 7, wedding hall near Sector 7 Gandhinagar, wedding venue near Sector 7",Transactional (Hyper-local),High
Event + City Area,"Birthday Party Venues in Sector 7, Gandhinagar | VenueConnect",/gandhinagar/sector-7/birthday-party-venues/,"Best Birthday Party Venues in Sector 7, Gandhinagar | Book Near You - VenueConnect","Find the perfect birthday party venue in Sector 7, Gandhinagar. Compare halls, farmhouses & party plots near Sector 7. Get instant leads & free quotes on VenueConnect.","Best Birthday Party Venues in Sector 7, Gandhinagar",birthday party venues in Sector 7 Gandhinagar,"birthday party venue Sector 7, birthday party hall near Sector 7 Gandhinagar, birthday party venue near Sector 7",Transactional (Hyper-local),High
Event + City Area,"Engagement Venues in Sector 7, Gandhinagar | VenueConnect",/gandhinagar/sector-7/engagement-venues/,"Best Engagement Venues in Sector 7, Gandhinagar | Book Near You - VenueConnect","Find the perfect engagement venue in Sector 7, Gandhinagar. Compare halls, farmhouses & party plots near Sector 7. Get instant leads & free quotes on VenueConnect.","Best Engagement Venues in Sector 7, Gandhinagar",engagement venues in Sector 7 Gandhinagar,"engagement venue Sector 7, engagement hall near Sector 7 Gandhinagar, engagement venue near Sector 7",Transactional (Hyper-local),High
Event + City Area,"Corporate Event Venues in Sector 7, Gandhinagar | VenueConnect",/gandhinagar/sector-7/corporate-event-venues/,"Best Corporate Event Venues in Sector 7, Gandhinagar | Book Near You - VenueConnect","Find the perfect corporate event venue in Sector 7, Gandhinagar. Compare halls, farmhouses & party plots near Sector 7. Get instant leads & free quotes on VenueConnect.","Best Corporate Event Venues in Sector 7, Gandhinagar",corporate event venues in Sector 7 Gandhinagar,"corporate event venue Sector 7, corporate event hall near Sector 7 Gandhinagar, corporate event venue near Sector 7",Transactional (Hyper-local),High
Event + City Area,"Reception Venues in Sector 7, Gandhinagar | VenueConnect",/gandhinagar/sector-7/reception-venues/,"Best Reception Venues in Sector 7, Gandhinagar | Book Near You - VenueConnect","Find the perfect reception venue in Sector 7, Gandhinagar. Compare halls, farmhouses & party plots near Sector 7. Get instant leads & free quotes on VenueConnect.","Best Reception Venues in Sector 7, Gandhinagar",reception venues in Sector 7 Gandhinagar,"reception venue Sector 7, reception hall near Sector 7 Gandhinagar, reception venue near Sector 7",Transactional (Hyper-local),High
Event + City Area,"Wedding Venues in Sector 8, Gandhinagar | VenueConnect",/gandhinagar/sector-8/wedding-venues/,"Best Wedding Venues in Sector 8, Gandhinagar | Book Near You - VenueConnect","Find the perfect wedding venue in Sector 8, Gandhinagar. Compare halls, farmhouses & party plots near Sector 8. Get instant leads & free quotes on VenueConnect.","Best Wedding Venues in Sector 8, Gandhinagar",wedding venues in Sector 8 Gandhinagar,"wedding venue Sector 8, wedding hall near Sector 8 Gandhinagar, wedding venue near Sector 8",Transactional (Hyper-local),High
Event + City Area,"Birthday Party Venues in Sector 8, Gandhinagar | VenueConnect",/gandhinagar/sector-8/birthday-party-venues/,"Best Birthday Party Venues in Sector 8, Gandhinagar | Book Near You - VenueConnect","Find the perfect birthday party venue in Sector 8, Gandhinagar. Compare halls, farmhouses & party plots near Sector 8. Get instant leads & free quotes on VenueConnect.","Best Birthday Party Venues in Sector 8, Gandhinagar",birthday party venues in Sector 8 Gandhinagar,"birthday party venue Sector 8, birthday party hall near Sector 8 Gandhinagar, birthday party venue near Sector 8",Transactional (Hyper-local),High
Event + City Area,"Engagement Venues in Sector 8, Gandhinagar | VenueConnect",/gandhinagar/sector-8/engagement-venues/,"Best Engagement Venues in Sector 8, Gandhinagar | Book Near You - VenueConnect","Find the perfect engagement venue in Sector 8, Gandhinagar. Compare halls, farmhouses & party plots near Sector 8. Get instant leads & free quotes on VenueConnect.","Best Engagement Venues in Sector 8, Gandhinagar",engagement venues in Sector 8 Gandhinagar,"engagement venue Sector 8, engagement hall near Sector 8 Gandhinagar, engagement venue near Sector 8",Transactional (Hyper-local),High
Event + City Area,"Corporate Event Venues in Sector 8, Gandhinagar | VenueConnect",/gandhinagar/sector-8/corporate-event-venues/,"Best Corporate Event Venues in Sector 8, Gandhinagar | Book Near You - VenueConnect","Find the perfect corporate event venue in Sector 8, Gandhinagar. Compare halls, farmhouses & party plots near Sector 8. Get instant leads & free quotes on VenueConnect.","Best Corporate Event Venues in Sector 8, Gandhinagar",corporate event venues in Sector 8 Gandhinagar,"corporate event venue Sector 8, corporate event hall near Sector 8 Gandhinagar, corporate event venue near Sector 8",Transactional (Hyper-local),High
Event + City Area,"Reception Venues in Sector 8, Gandhinagar | VenueConnect",/gandhinagar/sector-8/reception-venues/,"Best Reception Venues in Sector 8, Gandhinagar | Book Near You - VenueConnect","Find the perfect reception venue in Sector 8, Gandhinagar. Compare halls, farmhouses & party plots near Sector 8. Get instant leads & free quotes on VenueConnect.","Best Reception Venues in Sector 8, Gandhinagar",reception venues in Sector 8 Gandhinagar,"reception venue Sector 8, reception hall near Sector 8 Gandhinagar, reception venue near Sector 8",Transactional (Hyper-local),High
Event + City Area,"Wedding Venues in Sector 9, Gandhinagar | VenueConnect",/gandhinagar/sector-9/wedding-venues/,"Best Wedding Venues in Sector 9, Gandhinagar | Book Near You - VenueConnect","Find the perfect wedding venue in Sector 9, Gandhinagar. Compare halls, farmhouses & party plots near Sector 9. Get instant leads & free quotes on VenueConnect.","Best Wedding Venues in Sector 9, Gandhinagar",wedding venues in Sector 9 Gandhinagar,"wedding venue Sector 9, wedding hall near Sector 9 Gandhinagar, wedding venue near Sector 9",Transactional (Hyper-local),High
Event + City Area,"Birthday Party Venues in Sector 9, Gandhinagar | VenueConnect",/gandhinagar/sector-9/birthday-party-venues/,"Best Birthday Party Venues in Sector 9, Gandhinagar | Book Near You - VenueConnect","Find the perfect birthday party venue in Sector 9, Gandhinagar. Compare halls, farmhouses & party plots near Sector 9. Get instant leads & free quotes on VenueConnect.","Best Birthday Party Venues in Sector 9, Gandhinagar",birthday party venues in Sector 9 Gandhinagar,"birthday party venue Sector 9, birthday party hall near Sector 9 Gandhinagar, birthday party venue near Sector 9",Transactional (Hyper-local),High
Event + City Area,"Engagement Venues in Sector 9, Gandhinagar | VenueConnect",/gandhinagar/sector-9/engagement-venues/,"Best Engagement Venues in Sector 9, Gandhinagar | Book Near You - VenueConnect","Find the perfect engagement venue in Sector 9, Gandhinagar. Compare halls, farmhouses & party plots near Sector 9. Get instant leads & free quotes on VenueConnect.","Best Engagement Venues in Sector 9, Gandhinagar",engagement venues in Sector 9 Gandhinagar,"engagement venue Sector 9, engagement hall near Sector 9 Gandhinagar, engagement venue near Sector 9",Transactional (Hyper-local),High
Event + City Area,"Corporate Event Venues in Sector 9, Gandhinagar | VenueConnect",/gandhinagar/sector-9/corporate-event-venues/,"Best Corporate Event Venues in Sector 9, Gandhinagar | Book Near You - VenueConnect","Find the perfect corporate event venue in Sector 9, Gandhinagar. Compare halls, farmhouses & party plots near Sector 9. Get instant leads & free quotes on VenueConnect.","Best Corporate Event Venues in Sector 9, Gandhinagar",corporate event venues in Sector 9 Gandhinagar,"corporate event venue Sector 9, corporate event hall near Sector 9 Gandhinagar, corporate event venue near Sector 9",Transactional (Hyper-local),High
Event + City Area,"Reception Venues in Sector 9, Gandhinagar | VenueConnect",/gandhinagar/sector-9/reception-venues/,"Best Reception Venues in Sector 9, Gandhinagar | Book Near You - VenueConnect","Find the perfect reception venue in Sector 9, Gandhinagar. Compare halls, farmhouses & party plots near Sector 9. Get instant leads & free quotes on VenueConnect.","Best Reception Venues in Sector 9, Gandhinagar",reception venues in Sector 9 Gandhinagar,"reception venue Sector 9, reception hall near Sector 9 Gandhinagar, reception venue near Sector 9",Transactional (Hyper-local),High
Event + City Area,"Wedding Venues in Sector 10, Gandhinagar | VenueConnect",/gandhinagar/sector-10/wedding-venues/,"Best Wedding Venues in Sector 10, Gandhinagar | Book Near You - VenueConnect","Find the perfect wedding venue in Sector 10, Gandhinagar. Compare halls, farmhouses & party plots near Sector 10. Get instant leads & free quotes on VenueConnect.","Best Wedding Venues in Sector 10, Gandhinagar",wedding venues in Sector 10 Gandhinagar,"wedding venue Sector 10, wedding hall near Sector 10 Gandhinagar, wedding venue near Sector 10",Transactional (Hyper-local),High
Event + City Area,"Birthday Party Venues in Sector 10, Gandhinagar | VenueConnect",/gandhinagar/sector-10/birthday-party-venues/,"Best Birthday Party Venues in Sector 10, Gandhinagar | Book Near You - VenueConnect","Find the perfect birthday party venue in Sector 10, Gandhinagar. Compare halls, farmhouses & party plots near Sector 10. Get instant leads & free quotes on VenueConnect.","Best Birthday Party Venues in Sector 10, Gandhinagar",birthday party venues in Sector 10 Gandhinagar,"birthday party venue Sector 10, birthday party hall near Sector 10 Gandhinagar, birthday party venue near Sector 10",Transactional (Hyper-local),High
Event + City Area,"Engagement Venues in Sector 10, Gandhinagar | VenueConnect",/gandhinagar/sector-10/engagement-venues/,"Best Engagement Venues in Sector 10, Gandhinagar | Book Near You - VenueConnect","Find the perfect engagement venue in Sector 10, Gandhinagar. Compare halls, farmhouses & party plots near Sector 10. Get instant leads & free quotes on VenueConnect.","Best Engagement Venues in Sector 10, Gandhinagar",engagement venues in Sector 10 Gandhinagar,"engagement venue Sector 10, engagement hall near Sector 10 Gandhinagar, engagement venue near Sector 10",Transactional (Hyper-local),High
Event + City Area,"Corporate Event Venues in Sector 10, Gandhinagar | VenueConnect",/gandhinagar/sector-10/corporate-event-venues/,"Best Corporate Event Venues in Sector 10, Gandhinagar | Book Near You - VenueConnect","Find the perfect corporate event venue in Sector 10, Gandhinagar. Compare halls, farmhouses & party plots near Sector 10. Get instant leads & free quotes on VenueConnect.","Best Corporate Event Venues in Sector 10, Gandhinagar",corporate event venues in Sector 10 Gandhinagar,"corporate event venue Sector 10, corporate event hall near Sector 10 Gandhinagar, corporate event venue near Sector 10",Transactional (Hyper-local),High
Event + City Area,"Reception Venues in Sector 10, Gandhinagar | VenueConnect",/gandhinagar/sector-10/reception-venues/,"Best Reception Venues in Sector 10, Gandhinagar | Book Near You - VenueConnect","Find the perfect reception venue in Sector 10, Gandhinagar. Compare halls, farmhouses & party plots near Sector 10. Get instant leads & free quotes on VenueConnect.","Best Reception Venues in Sector 10, Gandhinagar",reception venues in Sector 10 Gandhinagar,"reception venue Sector 10, reception hall near Sector 10 Gandhinagar, reception venue near Sector 10",Transactional (Hyper-local),High
Event + City Area,"Wedding Venues in Sector 11, Gandhinagar | VenueConnect",/gandhinagar/sector-11/wedding-venues/,"Best Wedding Venues in Sector 11, Gandhinagar | Book Near You - VenueConnect","Find the perfect wedding venue in Sector 11, Gandhinagar. Compare halls, farmhouses & party plots near Sector 11. Get instant leads & free quotes on VenueConnect.","Best Wedding Venues in Sector 11, Gandhinagar",wedding venues in Sector 11 Gandhinagar,"wedding venue Sector 11, wedding hall near Sector 11 Gandhinagar, wedding venue near Sector 11",Transactional (Hyper-local),High
Event + City Area,"Birthday Party Venues in Sector 11, Gandhinagar | VenueConnect",/gandhinagar/sector-11/birthday-party-venues/,"Best Birthday Party Venues in Sector 11, Gandhinagar | Book Near You - VenueConnect","Find the perfect birthday party venue in Sector 11, Gandhinagar. Compare halls, farmhouses & party plots near Sector 11. Get instant leads & free quotes on VenueConnect.","Best Birthday Party Venues in Sector 11, Gandhinagar",birthday party venues in Sector 11 Gandhinagar,"birthday party venue Sector 11, birthday party hall near Sector 11 Gandhinagar, birthday party venue near Sector 11",Transactional (Hyper-local),High
Event + City Area,"Engagement Venues in Sector 11, Gandhinagar | VenueConnect",/gandhinagar/sector-11/engagement-venues/,"Best Engagement Venues in Sector 11, Gandhinagar | Book Near You - VenueConnect","Find the perfect engagement venue in Sector 11, Gandhinagar. Compare halls, farmhouses & party plots near Sector 11. Get instant leads & free quotes on VenueConnect.","Best Engagement Venues in Sector 11, Gandhinagar",engagement venues in Sector 11 Gandhinagar,"engagement venue Sector 11, engagement hall near Sector 11 Gandhinagar, engagement venue near Sector 11",Transactional (Hyper-local),High
Event + City Area,"Corporate Event Venues in Sector 11, Gandhinagar | VenueConnect",/gandhinagar/sector-11/corporate-event-venues/,"Best Corporate Event Venues in Sector 11, Gandhinagar | Book Near You - VenueConnect","Find the perfect corporate event venue in Sector 11, Gandhinagar. Compare halls, farmhouses & party plots near Sector 11. Get instant leads & free quotes on VenueConnect.","Best Corporate Event Venues in Sector 11, Gandhinagar",corporate event venues in Sector 11 Gandhinagar,"corporate event venue Sector 11, corporate event hall near Sector 11 Gandhinagar, corporate event venue near Sector 11",Transactional (Hyper-local),High
Event + City Area,"Reception Venues in Sector 11, Gandhinagar | VenueConnect",/gandhinagar/sector-11/reception-venues/,"Best Reception Venues in Sector 11, Gandhinagar | Book Near You - VenueConnect","Find the perfect reception venue in Sector 11, Gandhinagar. Compare halls, farmhouses & party plots near Sector 11. Get instant leads & free quotes on VenueConnect.","Best Reception Venues in Sector 11, Gandhinagar",reception venues in Sector 11 Gandhinagar,"reception venue Sector 11, reception hall near Sector 11 Gandhinagar, reception venue near Sector 11",Transactional (Hyper-local),High
Event + City Area,"Wedding Venues in Sector 12, Gandhinagar | VenueConnect",/gandhinagar/sector-12/wedding-venues/,"Best Wedding Venues in Sector 12, Gandhinagar | Book Near You - VenueConnect","Find the perfect wedding venue in Sector 12, Gandhinagar. Compare halls, farmhouses & party plots near Sector 12. Get instant leads & free quotes on VenueConnect.","Best Wedding Venues in Sector 12, Gandhinagar",wedding venues in Sector 12 Gandhinagar,"wedding venue Sector 12, wedding hall near Sector 12 Gandhinagar, wedding venue near Sector 12",Transactional (Hyper-local),High
Event + City Area,"Birthday Party Venues in Sector 12, Gandhinagar | VenueConnect",/gandhinagar/sector-12/birthday-party-venues/,"Best Birthday Party Venues in Sector 12, Gandhinagar | Book Near You - VenueConnect","Find the perfect birthday party venue in Sector 12, Gandhinagar. Compare halls, farmhouses & party plots near Sector 12. Get instant leads & free quotes on VenueConnect.","Best Birthday Party Venues in Sector 12, Gandhinagar",birthday party venues in Sector 12 Gandhinagar,"birthday party venue Sector 12, birthday party hall near Sector 12 Gandhinagar, birthday party venue near Sector 12",Transactional (Hyper-local),High
Event + City Area,"Engagement Venues in Sector 12, Gandhinagar | VenueConnect",/gandhinagar/sector-12/engagement-venues/,"Best Engagement Venues in Sector 12, Gandhinagar | Book Near You - VenueConnect","Find the perfect engagement venue in Sector 12, Gandhinagar. Compare halls, farmhouses & party plots near Sector 12. Get instant leads & free quotes on VenueConnect.","Best Engagement Venues in Sector 12, Gandhinagar",engagement venues in Sector 12 Gandhinagar,"engagement venue Sector 12, engagement hall near Sector 12 Gandhinagar, engagement venue near Sector 12",Transactional (Hyper-local),High
Event + City Area,"Corporate Event Venues in Sector 12, Gandhinagar | VenueConnect",/gandhinagar/sector-12/corporate-event-venues/,"Best Corporate Event Venues in Sector 12, Gandhinagar | Book Near You - VenueConnect","Find the perfect corporate event venue in Sector 12, Gandhinagar. Compare halls, farmhouses & party plots near Sector 12. Get instant leads & free quotes on VenueConnect.","Best Corporate Event Venues in Sector 12, Gandhinagar",corporate event venues in Sector 12 Gandhinagar,"corporate event venue Sector 12, corporate event hall near Sector 12 Gandhinagar, corporate event venue near Sector 12",Transactional (Hyper-local),High
Event + City Area,"Reception Venues in Sector 12, Gandhinagar | VenueConnect",/gandhinagar/sector-12/reception-venues/,"Best Reception Venues in Sector 12, Gandhinagar | Book Near You - VenueConnect","Find the perfect reception venue in Sector 12, Gandhinagar. Compare halls, farmhouses & party plots near Sector 12. Get instant leads & free quotes on VenueConnect.","Best Reception Venues in Sector 12, Gandhinagar",reception venues in Sector 12 Gandhinagar,"reception venue Sector 12, reception hall near Sector 12 Gandhinagar, reception venue near Sector 12",Transactional (Hyper-local),High
Event + City Area,"Wedding Venues in Sector 13, Gandhinagar | VenueConnect",/gandhinagar/sector-13/wedding-venues/,"Best Wedding Venues in Sector 13, Gandhinagar | Book Near You - VenueConnect","Find the perfect wedding venue in Sector 13, Gandhinagar. Compare halls, farmhouses & party plots near Sector 13. Get instant leads & free quotes on VenueConnect.","Best Wedding Venues in Sector 13, Gandhinagar",wedding venues in Sector 13 Gandhinagar,"wedding venue Sector 13, wedding hall near Sector 13 Gandhinagar, wedding venue near Sector 13",Transactional (Hyper-local),High
Event + City Area,"Birthday Party Venues in Sector 13, Gandhinagar | VenueConnect",/gandhinagar/sector-13/birthday-party-venues/,"Best Birthday Party Venues in Sector 13, Gandhinagar | Book Near You - VenueConnect","Find the perfect birthday party venue in Sector 13, Gandhinagar. Compare halls, farmhouses & party plots near Sector 13. Get instant leads & free quotes on VenueConnect.","Best Birthday Party Venues in Sector 13, Gandhinagar",birthday party venues in Sector 13 Gandhinagar,"birthday party venue Sector 13, birthday party hall near Sector 13 Gandhinagar, birthday party venue near Sector 13",Transactional (Hyper-local),High
Event + City Area,"Engagement Venues in Sector 13, Gandhinagar | VenueConnect",/gandhinagar/sector-13/engagement-venues/,"Best Engagement Venues in Sector 13, Gandhinagar | Book Near You - VenueConnect","Find the perfect engagement venue in Sector 13, Gandhinagar. Compare halls, farmhouses & party plots near Sector 13. Get instant leads & free quotes on VenueConnect.","Best Engagement Venues in Sector 13, Gandhinagar",engagement venues in Sector 13 Gandhinagar,"engagement venue Sector 13, engagement hall near Sector 13 Gandhinagar, engagement venue near Sector 13",Transactional (Hyper-local),High
Event + City Area,"Corporate Event Venues in Sector 13, Gandhinagar | VenueConnect",/gandhinagar/sector-13/corporate-event-venues/,"Best Corporate Event Venues in Sector 13, Gandhinagar | Book Near You - VenueConnect","Find the perfect corporate event venue in Sector 13, Gandhinagar. Compare halls, farmhouses & party plots near Sector 13. Get instant leads & free quotes on VenueConnect.","Best Corporate Event Venues in Sector 13, Gandhinagar",corporate event venues in Sector 13 Gandhinagar,"corporate event venue Sector 13, corporate event hall near Sector 13 Gandhinagar, corporate event venue near Sector 13",Transactional (Hyper-local),High
Event + City Area,"Reception Venues in Sector 13, Gandhinagar | VenueConnect",/gandhinagar/sector-13/reception-venues/,"Best Reception Venues in Sector 13, Gandhinagar | Book Near You - VenueConnect","Find the perfect reception venue in Sector 13, Gandhinagar. Compare halls, farmhouses & party plots near Sector 13. Get instant leads & free quotes on VenueConnect.","Best Reception Venues in Sector 13, Gandhinagar",reception venues in Sector 13 Gandhinagar,"reception venue Sector 13, reception hall near Sector 13 Gandhinagar, reception venue near Sector 13",Transactional (Hyper-local),High
Event + City Area,"Wedding Venues in Sector 14, Gandhinagar | VenueConnect",/gandhinagar/sector-14/wedding-venues/,"Best Wedding Venues in Sector 14, Gandhinagar | Book Near You - VenueConnect","Find the perfect wedding venue in Sector 14, Gandhinagar. Compare halls, farmhouses & party plots near Sector 14. Get instant leads & free quotes on VenueConnect.","Best Wedding Venues in Sector 14, Gandhinagar",wedding venues in Sector 14 Gandhinagar,"wedding venue Sector 14, wedding hall near Sector 14 Gandhinagar, wedding venue near Sector 14",Transactional (Hyper-local),High
Event + City Area,"Birthday Party Venues in Sector 14, Gandhinagar | VenueConnect",/gandhinagar/sector-14/birthday-party-venues/,"Best Birthday Party Venues in Sector 14, Gandhinagar | Book Near You - VenueConnect","Find the perfect birthday party venue in Sector 14, Gandhinagar. Compare halls, farmhouses & party plots near Sector 14. Get instant leads & free quotes on VenueConnect.","Best Birthday Party Venues in Sector 14, Gandhinagar",birthday party venues in Sector 14 Gandhinagar,"birthday party venue Sector 14, birthday party hall near Sector 14 Gandhinagar, birthday party venue near Sector 14",Transactional (Hyper-local),High
Event + City Area,"Engagement Venues in Sector 14, Gandhinagar | VenueConnect",/gandhinagar/sector-14/engagement-venues/,"Best Engagement Venues in Sector 14, Gandhinagar | Book Near You - VenueConnect","Find the perfect engagement venue in Sector 14, Gandhinagar. Compare halls, farmhouses & party plots near Sector 14. Get instant leads & free quotes on VenueConnect.","Best Engagement Venues in Sector 14, Gandhinagar",engagement venues in Sector 14 Gandhinagar,"engagement venue Sector 14, engagement hall near Sector 14 Gandhinagar, engagement venue near Sector 14",Transactional (Hyper-local),High
Event + City Area,"Corporate Event Venues in Sector 14, Gandhinagar | VenueConnect",/gandhinagar/sector-14/corporate-event-venues/,"Best Corporate Event Venues in Sector 14, Gandhinagar | Book Near You - VenueConnect","Find the perfect corporate event venue in Sector 14, Gandhinagar. Compare halls, farmhouses & party plots near Sector 14. Get instant leads & free quotes on VenueConnect.","Best Corporate Event Venues in Sector 14, Gandhinagar",corporate event venues in Sector 14 Gandhinagar,"corporate event venue Sector 14, corporate event hall near Sector 14 Gandhinagar, corporate event venue near Sector 14",Transactional (Hyper-local),High
Event + City Area,"Reception Venues in Sector 14, Gandhinagar | VenueConnect",/gandhinagar/sector-14/reception-venues/,"Best Reception Venues in Sector 14, Gandhinagar | Book Near You - VenueConnect","Find the perfect reception venue in Sector 14, Gandhinagar. Compare halls, farmhouses & party plots near Sector 14. Get instant leads & free quotes on VenueConnect.","Best Reception Venues in Sector 14, Gandhinagar",reception venues in Sector 14 Gandhinagar,"reception venue Sector 14, reception hall near Sector 14 Gandhinagar, reception venue near Sector 14",Transactional (Hyper-local),High
Event + City Area,"Wedding Venues in Sector 15, Gandhinagar | VenueConnect",/gandhinagar/sector-15/wedding-venues/,"Best Wedding Venues in Sector 15, Gandhinagar | Book Near You - VenueConnect","Find the perfect wedding venue in Sector 15, Gandhinagar. Compare halls, farmhouses & party plots near Sector 15. Get instant leads & free quotes on VenueConnect.","Best Wedding Venues in Sector 15, Gandhinagar",wedding venues in Sector 15 Gandhinagar,"wedding venue Sector 15, wedding hall near Sector 15 Gandhinagar, wedding venue near Sector 15",Transactional (Hyper-local),High
Event + City Area,"Birthday Party Venues in Sector 15, Gandhinagar | VenueConnect",/gandhinagar/sector-15/birthday-party-venues/,"Best Birthday Party Venues in Sector 15, Gandhinagar | Book Near You - VenueConnect","Find the perfect birthday party venue in Sector 15, Gandhinagar. Compare halls, farmhouses & party plots near Sector 15. Get instant leads & free quotes on VenueConnect.","Best Birthday Party Venues in Sector 15, Gandhinagar",birthday party venues in Sector 15 Gandhinagar,"birthday party venue Sector 15, birthday party hall near Sector 15 Gandhinagar, birthday party venue near Sector 15",Transactional (Hyper-local),High
Event + City Area,"Engagement Venues in Sector 15, Gandhinagar | VenueConnect",/gandhinagar/sector-15/engagement-venues/,"Best Engagement Venues in Sector 15, Gandhinagar | Book Near You - VenueConnect","Find the perfect engagement venue in Sector 15, Gandhinagar. Compare halls, farmhouses & party plots near Sector 15. Get instant leads & free quotes on VenueConnect.","Best Engagement Venues in Sector 15, Gandhinagar",engagement venues in Sector 15 Gandhinagar,"engagement venue Sector 15, engagement hall near Sector 15 Gandhinagar, engagement venue near Sector 15",Transactional (Hyper-local),High
Event + City Area,"Corporate Event Venues in Sector 15, Gandhinagar | VenueConnect",/gandhinagar/sector-15/corporate-event-venues/,"Best Corporate Event Venues in Sector 15, Gandhinagar | Book Near You - VenueConnect","Find the perfect corporate event venue in Sector 15, Gandhinagar. Compare halls, farmhouses & party plots near Sector 15. Get instant leads & free quotes on VenueConnect.","Best Corporate Event Venues in Sector 15, Gandhinagar",corporate event venues in Sector 15 Gandhinagar,"corporate event venue Sector 15, corporate event hall near Sector 15 Gandhinagar, corporate event venue near Sector 15",Transactional (Hyper-local),High
Event + City Area,"Reception Venues in Sector 15, Gandhinagar | VenueConnect",/gandhinagar/sector-15/reception-venues/,"Best Reception Venues in Sector 15, Gandhinagar | Book Near You - VenueConnect","Find the perfect reception venue in Sector 15, Gandhinagar. Compare halls, farmhouses & party plots near Sector 15. Get instant leads & free quotes on VenueConnect.","Best Reception Venues in Sector 15, Gandhinagar",reception venues in Sector 15 Gandhinagar,"reception venue Sector 15, reception hall near Sector 15 Gandhinagar, reception venue near Sector 15",Transactional (Hyper-local),High
Event + City Area,"Wedding Venues in Sector 16, Gandhinagar | VenueConnect",/gandhinagar/sector-16/wedding-venues/,"Best Wedding Venues in Sector 16, Gandhinagar | Book Near You - VenueConnect","Find the perfect wedding venue in Sector 16, Gandhinagar. Compare halls, farmhouses & party plots near Sector 16. Get instant leads & free quotes on VenueConnect.","Best Wedding Venues in Sector 16, Gandhinagar",wedding venues in Sector 16 Gandhinagar,"wedding venue Sector 16, wedding hall near Sector 16 Gandhinagar, wedding venue near Sector 16",Transactional (Hyper-local),High
Event + City Area,"Birthday Party Venues in Sector 16, Gandhinagar | VenueConnect",/gandhinagar/sector-16/birthday-party-venues/,"Best Birthday Party Venues in Sector 16, Gandhinagar | Book Near You - VenueConnect","Find the perfect birthday party venue in Sector 16, Gandhinagar. Compare halls, farmhouses & party plots near Sector 16. Get instant leads & free quotes on VenueConnect.","Best Birthday Party Venues in Sector 16, Gandhinagar",birthday party venues in Sector 16 Gandhinagar,"birthday party venue Sector 16, birthday party hall near Sector 16 Gandhinagar, birthday party venue near Sector 16",Transactional (Hyper-local),High
Event + City Area,"Engagement Venues in Sector 16, Gandhinagar | VenueConnect",/gandhinagar/sector-16/engagement-venues/,"Best Engagement Venues in Sector 16, Gandhinagar | Book Near You - VenueConnect","Find the perfect engagement venue in Sector 16, Gandhinagar. Compare halls, farmhouses & party plots near Sector 16. Get instant leads & free quotes on VenueConnect.","Best Engagement Venues in Sector 16, Gandhinagar",engagement venues in Sector 16 Gandhinagar,"engagement venue Sector 16, engagement hall near Sector 16 Gandhinagar, engagement venue near Sector 16",Transactional (Hyper-local),High
Event + City Area,"Corporate Event Venues in Sector 16, Gandhinagar | VenueConnect",/gandhinagar/sector-16/corporate-event-venues/,"Best Corporate Event Venues in Sector 16, Gandhinagar | Book Near You - VenueConnect","Find the perfect corporate event venue in Sector 16, Gandhinagar. Compare halls, farmhouses & party plots near Sector 16. Get instant leads & free quotes on VenueConnect.","Best Corporate Event Venues in Sector 16, Gandhinagar",corporate event venues in Sector 16 Gandhinagar,"corporate event venue Sector 16, corporate event hall near Sector 16 Gandhinagar, corporate event venue near Sector 16",Transactional (Hyper-local),High
Event + City Area,"Reception Venues in Sector 16, Gandhinagar | VenueConnect",/gandhinagar/sector-16/reception-venues/,"Best Reception Venues in Sector 16, Gandhinagar | Book Near You - VenueConnect","Find the perfect reception venue in Sector 16, Gandhinagar. Compare halls, farmhouses & party plots near Sector 16. Get instant leads & free quotes on VenueConnect.","Best Reception Venues in Sector 16, Gandhinagar",reception venues in Sector 16 Gandhinagar,"reception venue Sector 16, reception hall near Sector 16 Gandhinagar, reception venue near Sector 16",Transactional (Hyper-local),High
Event + City Area,"Wedding Venues in Sector 17, Gandhinagar | VenueConnect",/gandhinagar/sector-17/wedding-venues/,"Best Wedding Venues in Sector 17, Gandhinagar | Book Near You - VenueConnect","Find the perfect wedding venue in Sector 17, Gandhinagar. Compare halls, farmhouses & party plots near Sector 17. Get instant leads & free quotes on VenueConnect.","Best Wedding Venues in Sector 17, Gandhinagar",wedding venues in Sector 17 Gandhinagar,"wedding venue Sector 17, wedding hall near Sector 17 Gandhinagar, wedding venue near Sector 17",Transactional (Hyper-local),High
Event + City Area,"Birthday Party Venues in Sector 17, Gandhinagar | VenueConnect",/gandhinagar/sector-17/birthday-party-venues/,"Best Birthday Party Venues in Sector 17, Gandhinagar | Book Near You - VenueConnect","Find the perfect birthday party venue in Sector 17, Gandhinagar. Compare halls, farmhouses & party plots near Sector 17. Get instant leads & free quotes on VenueConnect.","Best Birthday Party Venues in Sector 17, Gandhinagar",birthday party venues in Sector 17 Gandhinagar,"birthday party venue Sector 17, birthday party hall near Sector 17 Gandhinagar, birthday party venue near Sector 17",Transactional (Hyper-local),High
Event + City Area,"Engagement Venues in Sector 17, Gandhinagar | VenueConnect",/gandhinagar/sector-17/engagement-venues/,"Best Engagement Venues in Sector 17, Gandhinagar | Book Near You - VenueConnect","Find the perfect engagement venue in Sector 17, Gandhinagar. Compare halls, farmhouses & party plots near Sector 17. Get instant leads & free quotes on VenueConnect.","Best Engagement Venues in Sector 17, Gandhinagar",engagement venues in Sector 17 Gandhinagar,"engagement venue Sector 17, engagement hall near Sector 17 Gandhinagar, engagement venue near Sector 17",Transactional (Hyper-local),High
Event + City Area,"Corporate Event Venues in Sector 17, Gandhinagar | VenueConnect",/gandhinagar/sector-17/corporate-event-venues/,"Best Corporate Event Venues in Sector 17, Gandhinagar | Book Near You - VenueConnect","Find the perfect corporate event venue in Sector 17, Gandhinagar. Compare halls, farmhouses & party plots near Sector 17. Get instant leads & free quotes on VenueConnect.","Best Corporate Event Venues in Sector 17, Gandhinagar",corporate event venues in Sector 17 Gandhinagar,"corporate event venue Sector 17, corporate event hall near Sector 17 Gandhinagar, corporate event venue near Sector 17",Transactional (Hyper-local),High
Event + City Area,"Reception Venues in Sector 17, Gandhinagar | VenueConnect",/gandhinagar/sector-17/reception-venues/,"Best Reception Venues in Sector 17, Gandhinagar | Book Near You - VenueConnect","Find the perfect reception venue in Sector 17, Gandhinagar. Compare halls, farmhouses & party plots near Sector 17. Get instant leads & free quotes on VenueConnect.","Best Reception Venues in Sector 17, Gandhinagar",reception venues in Sector 17 Gandhinagar,"reception venue Sector 17, reception hall near Sector 17 Gandhinagar, reception venue near Sector 17",Transactional (Hyper-local),High
Event + City Area,"Wedding Venues in Sector 18, Gandhinagar | VenueConnect",/gandhinagar/sector-18/wedding-venues/,"Best Wedding Venues in Sector 18, Gandhinagar | Book Near You - VenueConnect","Find the perfect wedding venue in Sector 18, Gandhinagar. Compare halls, farmhouses & party plots near Sector 18. Get instant leads & free quotes on VenueConnect.","Best Wedding Venues in Sector 18, Gandhinagar",wedding venues in Sector 18 Gandhinagar,"wedding venue Sector 18, wedding hall near Sector 18 Gandhinagar, wedding venue near Sector 18",Transactional (Hyper-local),High
Event + City Area,"Birthday Party Venues in Sector 18, Gandhinagar | VenueConnect",/gandhinagar/sector-18/birthday-party-venues/,"Best Birthday Party Venues in Sector 18, Gandhinagar | Book Near You - VenueConnect","Find the perfect birthday party venue in Sector 18, Gandhinagar. Compare halls, farmhouses & party plots near Sector 18. Get instant leads & free quotes on VenueConnect.","Best Birthday Party Venues in Sector 18, Gandhinagar",birthday party venues in Sector 18 Gandhinagar,"birthday party venue Sector 18, birthday party hall near Sector 18 Gandhinagar, birthday party venue near Sector 18",Transactional (Hyper-local),High
Event + City Area,"Engagement Venues in Sector 18, Gandhinagar | VenueConnect",/gandhinagar/sector-18/engagement-venues/,"Best Engagement Venues in Sector 18, Gandhinagar | Book Near You - VenueConnect","Find the perfect engagement venue in Sector 18, Gandhinagar. Compare halls, farmhouses & party plots near Sector 18. Get instant leads & free quotes on VenueConnect.","Best Engagement Venues in Sector 18, Gandhinagar",engagement venues in Sector 18 Gandhinagar,"engagement venue Sector 18, engagement hall near Sector 18 Gandhinagar, engagement venue near Sector 18",Transactional (Hyper-local),High
Event + City Area,"Corporate Event Venues in Sector 18, Gandhinagar | VenueConnect",/gandhinagar/sector-18/corporate-event-venues/,"Best Corporate Event Venues in Sector 18, Gandhinagar | Book Near You - VenueConnect","Find the perfect corporate event venue in Sector 18, Gandhinagar. Compare halls, farmhouses & party plots near Sector 18. Get instant leads & free quotes on VenueConnect.","Best Corporate Event Venues in Sector 18, Gandhinagar",corporate event venues in Sector 18 Gandhinagar,"corporate event venue Sector 18, corporate event hall near Sector 18 Gandhinagar, corporate event venue near Sector 18",Transactional (Hyper-local),High
Event + City Area,"Reception Venues in Sector 18, Gandhinagar | VenueConnect",/gandhinagar/sector-18/reception-venues/,"Best Reception Venues in Sector 18, Gandhinagar | Book Near You - VenueConnect","Find the perfect reception venue in Sector 18, Gandhinagar. Compare halls, farmhouses & party plots near Sector 18. Get instant leads & free quotes on VenueConnect.","Best Reception Venues in Sector 18, Gandhinagar",reception venues in Sector 18 Gandhinagar,"reception venue Sector 18, reception hall near Sector 18 Gandhinagar, reception venue near Sector 18",Transactional (Hyper-local),High
Event + City Area,"Wedding Venues in Sector 19, Gandhinagar | VenueConnect",/gandhinagar/sector-19/wedding-venues/,"Best Wedding Venues in Sector 19, Gandhinagar | Book Near You - VenueConnect","Find the perfect wedding venue in Sector 19, Gandhinagar. Compare halls, farmhouses & party plots near Sector 19. Get instant leads & free quotes on VenueConnect.","Best Wedding Venues in Sector 19, Gandhinagar",wedding venues in Sector 19 Gandhinagar,"wedding venue Sector 19, wedding hall near Sector 19 Gandhinagar, wedding venue near Sector 19",Transactional (Hyper-local),High
Event + City Area,"Birthday Party Venues in Sector 19, Gandhinagar | VenueConnect",/gandhinagar/sector-19/birthday-party-venues/,"Best Birthday Party Venues in Sector 19, Gandhinagar | Book Near You - VenueConnect","Find the perfect birthday party venue in Sector 19, Gandhinagar. Compare halls, farmhouses & party plots near Sector 19. Get instant leads & free quotes on VenueConnect.","Best Birthday Party Venues in Sector 19, Gandhinagar",birthday party venues in Sector 19 Gandhinagar,"birthday party venue Sector 19, birthday party hall near Sector 19 Gandhinagar, birthday party venue near Sector 19",Transactional (Hyper-local),High
Event + City Area,"Engagement Venues in Sector 19, Gandhinagar | VenueConnect",/gandhinagar/sector-19/engagement-venues/,"Best Engagement Venues in Sector 19, Gandhinagar | Book Near You - VenueConnect","Find the perfect engagement venue in Sector 19, Gandhinagar. Compare halls, farmhouses & party plots near Sector 19. Get instant leads & free quotes on VenueConnect.","Best Engagement Venues in Sector 19, Gandhinagar",engagement venues in Sector 19 Gandhinagar,"engagement venue Sector 19, engagement hall near Sector 19 Gandhinagar, engagement venue near Sector 19",Transactional (Hyper-local),High
Event + City Area,"Corporate Event Venues in Sector 19, Gandhinagar | VenueConnect",/gandhinagar/sector-19/corporate-event-venues/,"Best Corporate Event Venues in Sector 19, Gandhinagar | Book Near You - VenueConnect","Find the perfect corporate event venue in Sector 19, Gandhinagar. Compare halls, farmhouses & party plots near Sector 19. Get instant leads & free quotes on VenueConnect.","Best Corporate Event Venues in Sector 19, Gandhinagar",corporate event venues in Sector 19 Gandhinagar,"corporate event venue Sector 19, corporate event hall near Sector 19 Gandhinagar, corporate event venue near Sector 19",Transactional (Hyper-local),High
Event + City Area,"Reception Venues in Sector 19, Gandhinagar | VenueConnect",/gandhinagar/sector-19/reception-venues/,"Best Reception Venues in Sector 19, Gandhinagar | Book Near You - VenueConnect","Find the perfect reception venue in Sector 19, Gandhinagar. Compare halls, farmhouses & party plots near Sector 19. Get instant leads & free quotes on VenueConnect.","Best Reception Venues in Sector 19, Gandhinagar",reception venues in Sector 19 Gandhinagar,"reception venue Sector 19, reception hall near Sector 19 Gandhinagar, reception venue near Sector 19",Transactional (Hyper-local),High
Event + City Area,"Wedding Venues in Sector 20, Gandhinagar | VenueConnect",/gandhinagar/sector-20/wedding-venues/,"Best Wedding Venues in Sector 20, Gandhinagar | Book Near You - VenueConnect","Find the perfect wedding venue in Sector 20, Gandhinagar. Compare halls, farmhouses & party plots near Sector 20. Get instant leads & free quotes on VenueConnect.","Best Wedding Venues in Sector 20, Gandhinagar",wedding venues in Sector 20 Gandhinagar,"wedding venue Sector 20, wedding hall near Sector 20 Gandhinagar, wedding venue near Sector 20",Transactional (Hyper-local),High
Event + City Area,"Birthday Party Venues in Sector 20, Gandhinagar | VenueConnect",/gandhinagar/sector-20/birthday-party-venues/,"Best Birthday Party Venues in Sector 20, Gandhinagar | Book Near You - VenueConnect","Find the perfect birthday party venue in Sector 20, Gandhinagar. Compare halls, farmhouses & party plots near Sector 20. Get instant leads & free quotes on VenueConnect.","Best Birthday Party Venues in Sector 20, Gandhinagar",birthday party venues in Sector 20 Gandhinagar,"birthday party venue Sector 20, birthday party hall near Sector 20 Gandhinagar, birthday party venue near Sector 20",Transactional (Hyper-local),High
Event + City Area,"Engagement Venues in Sector 20, Gandhinagar | VenueConnect",/gandhinagar/sector-20/engagement-venues/,"Best Engagement Venues in Sector 20, Gandhinagar | Book Near You - VenueConnect","Find the perfect engagement venue in Sector 20, Gandhinagar. Compare halls, farmhouses & party plots near Sector 20. Get instant leads & free quotes on VenueConnect.","Best Engagement Venues in Sector 20, Gandhinagar",engagement venues in Sector 20 Gandhinagar,"engagement venue Sector 20, engagement hall near Sector 20 Gandhinagar, engagement venue near Sector 20",Transactional (Hyper-local),High
Event + City Area,"Corporate Event Venues in Sector 20, Gandhinagar | VenueConnect",/gandhinagar/sector-20/corporate-event-venues/,"Best Corporate Event Venues in Sector 20, Gandhinagar | Book Near You - VenueConnect","Find the perfect corporate event venue in Sector 20, Gandhinagar. Compare halls, farmhouses & party plots near Sector 20. Get instant leads & free quotes on VenueConnect.","Best Corporate Event Venues in Sector 20, Gandhinagar",corporate event venues in Sector 20 Gandhinagar,"corporate event venue Sector 20, corporate event hall near Sector 20 Gandhinagar, corporate event venue near Sector 20",Transactional (Hyper-local),High
Event + City Area,"Reception Venues in Sector 20, Gandhinagar | VenueConnect",/gandhinagar/sector-20/reception-venues/,"Best Reception Venues in Sector 20, Gandhinagar | Book Near You - VenueConnect","Find the perfect reception venue in Sector 20, Gandhinagar. Compare halls, farmhouses & party plots near Sector 20. Get instant leads & free quotes on VenueConnect.","Best Reception Venues in Sector 20, Gandhinagar",reception venues in Sector 20 Gandhinagar,"reception venue Sector 20, reception hall near Sector 20 Gandhinagar, reception venue near Sector 20",Transactional (Hyper-local),High
Event + City Area,"Wedding Venues in Sector 21, Gandhinagar | VenueConnect",/gandhinagar/sector-21/wedding-venues/,"Best Wedding Venues in Sector 21, Gandhinagar | Book Near You - VenueConnect","Find the perfect wedding venue in Sector 21, Gandhinagar. Compare halls, farmhouses & party plots near Sector 21. Get instant leads & free quotes on VenueConnect.","Best Wedding Venues in Sector 21, Gandhinagar",wedding venues in Sector 21 Gandhinagar,"wedding venue Sector 21, wedding hall near Sector 21 Gandhinagar, wedding venue near Sector 21",Transactional (Hyper-local),High
Event + City Area,"Birthday Party Venues in Sector 21, Gandhinagar | VenueConnect",/gandhinagar/sector-21/birthday-party-venues/,"Best Birthday Party Venues in Sector 21, Gandhinagar | Book Near You - VenueConnect","Find the perfect birthday party venue in Sector 21, Gandhinagar. Compare halls, farmhouses & party plots near Sector 21. Get instant leads & free quotes on VenueConnect.","Best Birthday Party Venues in Sector 21, Gandhinagar",birthday party venues in Sector 21 Gandhinagar,"birthday party venue Sector 21, birthday party hall near Sector 21 Gandhinagar, birthday party venue near Sector 21",Transactional (Hyper-local),High
Event + City Area,"Engagement Venues in Sector 21, Gandhinagar | VenueConnect",/gandhinagar/sector-21/engagement-venues/,"Best Engagement Venues in Sector 21, Gandhinagar | Book Near You - VenueConnect","Find the perfect engagement venue in Sector 21, Gandhinagar. Compare halls, farmhouses & party plots near Sector 21. Get instant leads & free quotes on VenueConnect.","Best Engagement Venues in Sector 21, Gandhinagar",engagement venues in Sector 21 Gandhinagar,"engagement venue Sector 21, engagement hall near Sector 21 Gandhinagar, engagement venue near Sector 21",Transactional (Hyper-local),High
Event + City Area,"Corporate Event Venues in Sector 21, Gandhinagar | VenueConnect",/gandhinagar/sector-21/corporate-event-venues/,"Best Corporate Event Venues in Sector 21, Gandhinagar | Book Near You - VenueConnect","Find the perfect corporate event venue in Sector 21, Gandhinagar. Compare halls, farmhouses & party plots near Sector 21. Get instant leads & free quotes on VenueConnect.","Best Corporate Event Venues in Sector 21, Gandhinagar",corporate event venues in Sector 21 Gandhinagar,"corporate event venue Sector 21, corporate event hall near Sector 21 Gandhinagar, corporate event venue near Sector 21",Transactional (Hyper-local),High
Event + City Area,"Reception Venues in Sector 21, Gandhinagar | VenueConnect",/gandhinagar/sector-21/reception-venues/,"Best Reception Venues in Sector 21, Gandhinagar | Book Near You - VenueConnect","Find the perfect reception venue in Sector 21, Gandhinagar. Compare halls, farmhouses & party plots near Sector 21. Get instant leads & free quotes on VenueConnect.","Best Reception Venues in Sector 21, Gandhinagar",reception venues in Sector 21 Gandhinagar,"reception venue Sector 21, reception hall near Sector 21 Gandhinagar, reception venue near Sector 21",Transactional (Hyper-local),High
Event + City Area,"Wedding Venues in Sector 22, Gandhinagar | VenueConnect",/gandhinagar/sector-22/wedding-venues/,"Best Wedding Venues in Sector 22, Gandhinagar | Book Near You - VenueConnect","Find the perfect wedding venue in Sector 22, Gandhinagar. Compare halls, farmhouses & party plots near Sector 22. Get instant leads & free quotes on VenueConnect.","Best Wedding Venues in Sector 22, Gandhinagar",wedding venues in Sector 22 Gandhinagar,"wedding venue Sector 22, wedding hall near Sector 22 Gandhinagar, wedding venue near Sector 22",Transactional (Hyper-local),High
Event + City Area,"Birthday Party Venues in Sector 22, Gandhinagar | VenueConnect",/gandhinagar/sector-22/birthday-party-venues/,"Best Birthday Party Venues in Sector 22, Gandhinagar | Book Near You - VenueConnect","Find the perfect birthday party venue in Sector 22, Gandhinagar. Compare halls, farmhouses & party plots near Sector 22. Get instant leads & free quotes on VenueConnect.","Best Birthday Party Venues in Sector 22, Gandhinagar",birthday party venues in Sector 22 Gandhinagar,"birthday party venue Sector 22, birthday party hall near Sector 22 Gandhinagar, birthday party venue near Sector 22",Transactional (Hyper-local),High
Event + City Area,"Engagement Venues in Sector 22, Gandhinagar | VenueConnect",/gandhinagar/sector-22/engagement-venues/,"Best Engagement Venues in Sector 22, Gandhinagar | Book Near You - VenueConnect","Find the perfect engagement venue in Sector 22, Gandhinagar. Compare halls, farmhouses & party plots near Sector 22. Get instant leads & free quotes on VenueConnect.","Best Engagement Venues in Sector 22, Gandhinagar",engagement venues in Sector 22 Gandhinagar,"engagement venue Sector 22, engagement hall near Sector 22 Gandhinagar, engagement venue near Sector 22",Transactional (Hyper-local),High
Event + City Area,"Corporate Event Venues in Sector 22, Gandhinagar | VenueConnect",/gandhinagar/sector-22/corporate-event-venues/,"Best Corporate Event Venues in Sector 22, Gandhinagar | Book Near You - VenueConnect","Find the perfect corporate event venue in Sector 22, Gandhinagar. Compare halls, farmhouses & party plots near Sector 22. Get instant leads & free quotes on VenueConnect.","Best Corporate Event Venues in Sector 22, Gandhinagar",corporate event venues in Sector 22 Gandhinagar,"corporate event venue Sector 22, corporate event hall near Sector 22 Gandhinagar, corporate event venue near Sector 22",Transactional (Hyper-local),High
Event + City Area,"Reception Venues in Sector 22, Gandhinagar | VenueConnect",/gandhinagar/sector-22/reception-venues/,"Best Reception Venues in Sector 22, Gandhinagar | Book Near You - VenueConnect","Find the perfect reception venue in Sector 22, Gandhinagar. Compare halls, farmhouses & party plots near Sector 22. Get instant leads & free quotes on VenueConnect.","Best Reception Venues in Sector 22, Gandhinagar",reception venues in Sector 22 Gandhinagar,"reception venue Sector 22, reception hall near Sector 22 Gandhinagar, reception venue near Sector 22",Transactional (Hyper-local),High
Event + City Area,"Wedding Venues in Sector 23, Gandhinagar | VenueConnect",/gandhinagar/sector-23/wedding-venues/,"Best Wedding Venues in Sector 23, Gandhinagar | Book Near You - VenueConnect","Find the perfect wedding venue in Sector 23, Gandhinagar. Compare halls, farmhouses & party plots near Sector 23. Get instant leads & free quotes on VenueConnect.","Best Wedding Venues in Sector 23, Gandhinagar",wedding venues in Sector 23 Gandhinagar,"wedding venue Sector 23, wedding hall near Sector 23 Gandhinagar, wedding venue near Sector 23",Transactional (Hyper-local),High
Event + City Area,"Birthday Party Venues in Sector 23, Gandhinagar | VenueConnect",/gandhinagar/sector-23/birthday-party-venues/,"Best Birthday Party Venues in Sector 23, Gandhinagar | Book Near You - VenueConnect","Find the perfect birthday party venue in Sector 23, Gandhinagar. Compare halls, farmhouses & party plots near Sector 23. Get instant leads & free quotes on VenueConnect.","Best Birthday Party Venues in Sector 23, Gandhinagar",birthday party venues in Sector 23 Gandhinagar,"birthday party venue Sector 23, birthday party hall near Sector 23 Gandhinagar, birthday party venue near Sector 23",Transactional (Hyper-local),High
Event + City Area,"Engagement Venues in Sector 23, Gandhinagar | VenueConnect",/gandhinagar/sector-23/engagement-venues/,"Best Engagement Venues in Sector 23, Gandhinagar | Book Near You - VenueConnect","Find the perfect engagement venue in Sector 23, Gandhinagar. Compare halls, farmhouses & party plots near Sector 23. Get instant leads & free quotes on VenueConnect.","Best Engagement Venues in Sector 23, Gandhinagar",engagement venues in Sector 23 Gandhinagar,"engagement venue Sector 23, engagement hall near Sector 23 Gandhinagar, engagement venue near Sector 23",Transactional (Hyper-local),High
Event + City Area,"Corporate Event Venues in Sector 23, Gandhinagar | VenueConnect",/gandhinagar/sector-23/corporate-event-venues/,"Best Corporate Event Venues in Sector 23, Gandhinagar | Book Near You - VenueConnect","Find the perfect corporate event venue in Sector 23, Gandhinagar. Compare halls, farmhouses & party plots near Sector 23. Get instant leads & free quotes on VenueConnect.","Best Corporate Event Venues in Sector 23, Gandhinagar",corporate event venues in Sector 23 Gandhinagar,"corporate event venue Sector 23, corporate event hall near Sector 23 Gandhinagar, corporate event venue near Sector 23",Transactional (Hyper-local),High
Event + City Area,"Reception Venues in Sector 23, Gandhinagar | VenueConnect",/gandhinagar/sector-23/reception-venues/,"Best Reception Venues in Sector 23, Gandhinagar | Book Near You - VenueConnect","Find the perfect reception venue in Sector 23, Gandhinagar. Compare halls, farmhouses & party plots near Sector 23. Get instant leads & free quotes on VenueConnect.","Best Reception Venues in Sector 23, Gandhinagar",reception venues in Sector 23 Gandhinagar,"reception venue Sector 23, reception hall near Sector 23 Gandhinagar, reception venue near Sector 23",Transactional (Hyper-local),High
Event + City Area,"Wedding Venues in Sector 24, Gandhinagar | VenueConnect",/gandhinagar/sector-24/wedding-venues/,"Best Wedding Venues in Sector 24, Gandhinagar | Book Near You - VenueConnect","Find the perfect wedding venue in Sector 24, Gandhinagar. Compare halls, farmhouses & party plots near Sector 24. Get instant leads & free quotes on VenueConnect.","Best Wedding Venues in Sector 24, Gandhinagar",wedding venues in Sector 24 Gandhinagar,"wedding venue Sector 24, wedding hall near Sector 24 Gandhinagar, wedding venue near Sector 24",Transactional (Hyper-local),High
Event + City Area,"Birthday Party Venues in Sector 24, Gandhinagar | VenueConnect",/gandhinagar/sector-24/birthday-party-venues/,"Best Birthday Party Venues in Sector 24, Gandhinagar | Book Near You - VenueConnect","Find the perfect birthday party venue in Sector 24, Gandhinagar. Compare halls, farmhouses & party plots near Sector 24. Get instant leads & free quotes on VenueConnect.","Best Birthday Party Venues in Sector 24, Gandhinagar",birthday party venues in Sector 24 Gandhinagar,"birthday party venue Sector 24, birthday party hall near Sector 24 Gandhinagar, birthday party venue near Sector 24",Transactional (Hyper-local),High
Event + City Area,"Engagement Venues in Sector 24, Gandhinagar | VenueConnect",/gandhinagar/sector-24/engagement-venues/,"Best Engagement Venues in Sector 24, Gandhinagar | Book Near You - VenueConnect","Find the perfect engagement venue in Sector 24, Gandhinagar. Compare halls, farmhouses & party plots near Sector 24. Get instant leads & free quotes on VenueConnect.","Best Engagement Venues in Sector 24, Gandhinagar",engagement venues in Sector 24 Gandhinagar,"engagement venue Sector 24, engagement hall near Sector 24 Gandhinagar, engagement venue near Sector 24",Transactional (Hyper-local),High
Event + City Area,"Corporate Event Venues in Sector 24, Gandhinagar | VenueConnect",/gandhinagar/sector-24/corporate-event-venues/,"Best Corporate Event Venues in Sector 24, Gandhinagar | Book Near You - VenueConnect","Find the perfect corporate event venue in Sector 24, Gandhinagar. Compare halls, farmhouses & party plots near Sector 24. Get instant leads & free quotes on VenueConnect.","Best Corporate Event Venues in Sector 24, Gandhinagar",corporate event venues in Sector 24 Gandhinagar,"corporate event venue Sector 24, corporate event hall near Sector 24 Gandhinagar, corporate event venue near Sector 24",Transactional (Hyper-local),High
Event + City Area,"Reception Venues in Sector 24, Gandhinagar | VenueConnect",/gandhinagar/sector-24/reception-venues/,"Best Reception Venues in Sector 24, Gandhinagar | Book Near You - VenueConnect","Find the perfect reception venue in Sector 24, Gandhinagar. Compare halls, farmhouses & party plots near Sector 24. Get instant leads & free quotes on VenueConnect.","Best Reception Venues in Sector 24, Gandhinagar",reception venues in Sector 24 Gandhinagar,"reception venue Sector 24, reception hall near Sector 24 Gandhinagar, reception venue near Sector 24",Transactional (Hyper-local),High
Event + City Area,"Wedding Venues in Sector 25, Gandhinagar | VenueConnect",/gandhinagar/sector-25/wedding-venues/,"Best Wedding Venues in Sector 25, Gandhinagar | Book Near You - VenueConnect","Find the perfect wedding venue in Sector 25, Gandhinagar. Compare halls, farmhouses & party plots near Sector 25. Get instant leads & free quotes on VenueConnect.","Best Wedding Venues in Sector 25, Gandhinagar",wedding venues in Sector 25 Gandhinagar,"wedding venue Sector 25, wedding hall near Sector 25 Gandhinagar, wedding venue near Sector 25",Transactional (Hyper-local),High
Event + City Area,"Birthday Party Venues in Sector 25, Gandhinagar | VenueConnect",/gandhinagar/sector-25/birthday-party-venues/,"Best Birthday Party Venues in Sector 25, Gandhinagar | Book Near You - VenueConnect","Find the perfect birthday party venue in Sector 25, Gandhinagar. Compare halls, farmhouses & party plots near Sector 25. Get instant leads & free quotes on VenueConnect.","Best Birthday Party Venues in Sector 25, Gandhinagar",birthday party venues in Sector 25 Gandhinagar,"birthday party venue Sector 25, birthday party hall near Sector 25 Gandhinagar, birthday party venue near Sector 25",Transactional (Hyper-local),High
Event + City Area,"Engagement Venues in Sector 25, Gandhinagar | VenueConnect",/gandhinagar/sector-25/engagement-venues/,"Best Engagement Venues in Sector 25, Gandhinagar | Book Near You - VenueConnect","Find the perfect engagement venue in Sector 25, Gandhinagar. Compare halls, farmhouses & party plots near Sector 25. Get instant leads & free quotes on VenueConnect.","Best Engagement Venues in Sector 25, Gandhinagar",engagement venues in Sector 25 Gandhinagar,"engagement venue Sector 25, engagement hall near Sector 25 Gandhinagar, engagement venue near Sector 25",Transactional (Hyper-local),High
Event + City Area,"Corporate Event Venues in Sector 25, Gandhinagar | VenueConnect",/gandhinagar/sector-25/corporate-event-venues/,"Best Corporate Event Venues in Sector 25, Gandhinagar | Book Near You - VenueConnect","Find the perfect corporate event venue in Sector 25, Gandhinagar. Compare halls, farmhouses & party plots near Sector 25. Get instant leads & free quotes on VenueConnect.","Best Corporate Event Venues in Sector 25, Gandhinagar",corporate event venues in Sector 25 Gandhinagar,"corporate event venue Sector 25, corporate event hall near Sector 25 Gandhinagar, corporate event venue near Sector 25",Transactional (Hyper-local),High
Event + City Area,"Reception Venues in Sector 25, Gandhinagar | VenueConnect",/gandhinagar/sector-25/reception-venues/,"Best Reception Venues in Sector 25, Gandhinagar | Book Near You - VenueConnect","Find the perfect reception venue in Sector 25, Gandhinagar. Compare halls, farmhouses & party plots near Sector 25. Get instant leads & free quotes on VenueConnect.","Best Reception Venues in Sector 25, Gandhinagar",reception venues in Sector 25 Gandhinagar,"reception venue Sector 25, reception hall near Sector 25 Gandhinagar, reception venue near Sector 25",Transactional (Hyper-local),High
Event + City Area,"Wedding Venues in Sector 26, Gandhinagar | VenueConnect",/gandhinagar/sector-26/wedding-venues/,"Best Wedding Venues in Sector 26, Gandhinagar | Book Near You - VenueConnect","Find the perfect wedding venue in Sector 26, Gandhinagar. Compare halls, farmhouses & party plots near Sector 26. Get instant leads & free quotes on VenueConnect.","Best Wedding Venues in Sector 26, Gandhinagar",wedding venues in Sector 26 Gandhinagar,"wedding venue Sector 26, wedding hall near Sector 26 Gandhinagar, wedding venue near Sector 26",Transactional (Hyper-local),High
Event + City Area,"Birthday Party Venues in Sector 26, Gandhinagar | VenueConnect",/gandhinagar/sector-26/birthday-party-venues/,"Best Birthday Party Venues in Sector 26, Gandhinagar | Book Near You - VenueConnect","Find the perfect birthday party venue in Sector 26, Gandhinagar. Compare halls, farmhouses & party plots near Sector 26. Get instant leads & free quotes on VenueConnect.","Best Birthday Party Venues in Sector 26, Gandhinagar",birthday party venues in Sector 26 Gandhinagar,"birthday party venue Sector 26, birthday party hall near Sector 26 Gandhinagar, birthday party venue near Sector 26",Transactional (Hyper-local),High
Event + City Area,"Engagement Venues in Sector 26, Gandhinagar | VenueConnect",/gandhinagar/sector-26/engagement-venues/,"Best Engagement Venues in Sector 26, Gandhinagar | Book Near You - VenueConnect","Find the perfect engagement venue in Sector 26, Gandhinagar. Compare halls, farmhouses & party plots near Sector 26. Get instant leads & free quotes on VenueConnect.","Best Engagement Venues in Sector 26, Gandhinagar",engagement venues in Sector 26 Gandhinagar,"engagement venue Sector 26, engagement hall near Sector 26 Gandhinagar, engagement venue near Sector 26",Transactional (Hyper-local),High
Event + City Area,"Corporate Event Venues in Sector 26, Gandhinagar | VenueConnect",/gandhinagar/sector-26/corporate-event-venues/,"Best Corporate Event Venues in Sector 26, Gandhinagar | Book Near You - VenueConnect","Find the perfect corporate event venue in Sector 26, Gandhinagar. Compare halls, farmhouses & party plots near Sector 26. Get instant leads & free quotes on VenueConnect.","Best Corporate Event Venues in Sector 26, Gandhinagar",corporate event venues in Sector 26 Gandhinagar,"corporate event venue Sector 26, corporate event hall near Sector 26 Gandhinagar, corporate event venue near Sector 26",Transactional (Hyper-local),High
Event + City Area,"Reception Venues in Sector 26, Gandhinagar | VenueConnect",/gandhinagar/sector-26/reception-venues/,"Best Reception Venues in Sector 26, Gandhinagar | Book Near You - VenueConnect","Find the perfect reception venue in Sector 26, Gandhinagar. Compare halls, farmhouses & party plots near Sector 26. Get instant leads & free quotes on VenueConnect.","Best Reception Venues in Sector 26, Gandhinagar",reception venues in Sector 26 Gandhinagar,"reception venue Sector 26, reception hall near Sector 26 Gandhinagar, reception venue near Sector 26",Transactional (Hyper-local),High
Event + City Area,"Wedding Venues in Sector 27, Gandhinagar | VenueConnect",/gandhinagar/sector-27/wedding-venues/,"Best Wedding Venues in Sector 27, Gandhinagar | Book Near You - VenueConnect","Find the perfect wedding venue in Sector 27, Gandhinagar. Compare halls, farmhouses & party plots near Sector 27. Get instant leads & free quotes on VenueConnect.","Best Wedding Venues in Sector 27, Gandhinagar",wedding venues in Sector 27 Gandhinagar,"wedding venue Sector 27, wedding hall near Sector 27 Gandhinagar, wedding venue near Sector 27",Transactional (Hyper-local),High
Event + City Area,"Birthday Party Venues in Sector 27, Gandhinagar | VenueConnect",/gandhinagar/sector-27/birthday-party-venues/,"Best Birthday Party Venues in Sector 27, Gandhinagar | Book Near You - VenueConnect","Find the perfect birthday party venue in Sector 27, Gandhinagar. Compare halls, farmhouses & party plots near Sector 27. Get instant leads & free quotes on VenueConnect.","Best Birthday Party Venues in Sector 27, Gandhinagar",birthday party venues in Sector 27 Gandhinagar,"birthday party venue Sector 27, birthday party hall near Sector 27 Gandhinagar, birthday party venue near Sector 27",Transactional (Hyper-local),High
Event + City Area,"Engagement Venues in Sector 27, Gandhinagar | VenueConnect",/gandhinagar/sector-27/engagement-venues/,"Best Engagement Venues in Sector 27, Gandhinagar | Book Near You - VenueConnect","Find the perfect engagement venue in Sector 27, Gandhinagar. Compare halls, farmhouses & party plots near Sector 27. Get instant leads & free quotes on VenueConnect.","Best Engagement Venues in Sector 27, Gandhinagar",engagement venues in Sector 27 Gandhinagar,"engagement venue Sector 27, engagement hall near Sector 27 Gandhinagar, engagement venue near Sector 27",Transactional (Hyper-local),High
Event + City Area,"Corporate Event Venues in Sector 27, Gandhinagar | VenueConnect",/gandhinagar/sector-27/corporate-event-venues/,"Best Corporate Event Venues in Sector 27, Gandhinagar | Book Near You - VenueConnect","Find the perfect corporate event venue in Sector 27, Gandhinagar. Compare halls, farmhouses & party plots near Sector 27. Get instant leads & free quotes on VenueConnect.","Best Corporate Event Venues in Sector 27, Gandhinagar",corporate event venues in Sector 27 Gandhinagar,"corporate event venue Sector 27, corporate event hall near Sector 27 Gandhinagar, corporate event venue near Sector 27",Transactional (Hyper-local),High
Event + City Area,"Reception Venues in Sector 27, Gandhinagar | VenueConnect",/gandhinagar/sector-27/reception-venues/,"Best Reception Venues in Sector 27, Gandhinagar | Book Near You - VenueConnect","Find the perfect reception venue in Sector 27, Gandhinagar. Compare halls, farmhouses & party plots near Sector 27. Get instant leads & free quotes on VenueConnect.","Best Reception Venues in Sector 27, Gandhinagar",reception venues in Sector 27 Gandhinagar,"reception venue Sector 27, reception hall near Sector 27 Gandhinagar, reception venue near Sector 27",Transactional (Hyper-local),High
Event + City Area,"Wedding Venues in Sector 28, Gandhinagar | VenueConnect",/gandhinagar/sector-28/wedding-venues/,"Best Wedding Venues in Sector 28, Gandhinagar | Book Near You - VenueConnect","Find the perfect wedding venue in Sector 28, Gandhinagar. Compare halls, farmhouses & party plots near Sector 28. Get instant leads & free quotes on VenueConnect.","Best Wedding Venues in Sector 28, Gandhinagar",wedding venues in Sector 28 Gandhinagar,"wedding venue Sector 28, wedding hall near Sector 28 Gandhinagar, wedding venue near Sector 28",Transactional (Hyper-local),High
Event + City Area,"Birthday Party Venues in Sector 28, Gandhinagar | VenueConnect",/gandhinagar/sector-28/birthday-party-venues/,"Best Birthday Party Venues in Sector 28, Gandhinagar | Book Near You - VenueConnect","Find the perfect birthday party venue in Sector 28, Gandhinagar. Compare halls, farmhouses & party plots near Sector 28. Get instant leads & free quotes on VenueConnect.","Best Birthday Party Venues in Sector 28, Gandhinagar",birthday party venues in Sector 28 Gandhinagar,"birthday party venue Sector 28, birthday party hall near Sector 28 Gandhinagar, birthday party venue near Sector 28",Transactional (Hyper-local),High
Event + City Area,"Engagement Venues in Sector 28, Gandhinagar | VenueConnect",/gandhinagar/sector-28/engagement-venues/,"Best Engagement Venues in Sector 28, Gandhinagar | Book Near You - VenueConnect","Find the perfect engagement venue in Sector 28, Gandhinagar. Compare halls, farmhouses & party plots near Sector 28. Get instant leads & free quotes on VenueConnect.","Best Engagement Venues in Sector 28, Gandhinagar",engagement venues in Sector 28 Gandhinagar,"engagement venue Sector 28, engagement hall near Sector 28 Gandhinagar, engagement venue near Sector 28",Transactional (Hyper-local),High
Event + City Area,"Corporate Event Venues in Sector 28, Gandhinagar | VenueConnect",/gandhinagar/sector-28/corporate-event-venues/,"Best Corporate Event Venues in Sector 28, Gandhinagar | Book Near You - VenueConnect","Find the perfect corporate event venue in Sector 28, Gandhinagar. Compare halls, farmhouses & party plots near Sector 28. Get instant leads & free quotes on VenueConnect.","Best Corporate Event Venues in Sector 28, Gandhinagar",corporate event venues in Sector 28 Gandhinagar,"corporate event venue Sector 28, corporate event hall near Sector 28 Gandhinagar, corporate event venue near Sector 28",Transactional (Hyper-local),High
Event + City Area,"Reception Venues in Sector 28, Gandhinagar | VenueConnect",/gandhinagar/sector-28/reception-venues/,"Best Reception Venues in Sector 28, Gandhinagar | Book Near You - VenueConnect","Find the perfect reception venue in Sector 28, Gandhinagar. Compare halls, farmhouses & party plots near Sector 28. Get instant leads & free quotes on VenueConnect.","Best Reception Venues in Sector 28, Gandhinagar",reception venues in Sector 28 Gandhinagar,"reception venue Sector 28, reception hall near Sector 28 Gandhinagar, reception venue near Sector 28",Transactional (Hyper-local),High
Event + City Area,"Wedding Venues in Sector 29, Gandhinagar | VenueConnect",/gandhinagar/sector-29/wedding-venues/,"Best Wedding Venues in Sector 29, Gandhinagar | Book Near You - VenueConnect","Find the perfect wedding venue in Sector 29, Gandhinagar. Compare halls, farmhouses & party plots near Sector 29. Get instant leads & free quotes on VenueConnect.","Best Wedding Venues in Sector 29, Gandhinagar",wedding venues in Sector 29 Gandhinagar,"wedding venue Sector 29, wedding hall near Sector 29 Gandhinagar, wedding venue near Sector 29",Transactional (Hyper-local),High
Event + City Area,"Birthday Party Venues in Sector 29, Gandhinagar | VenueConnect",/gandhinagar/sector-29/birthday-party-venues/,"Best Birthday Party Venues in Sector 29, Gandhinagar | Book Near You - VenueConnect","Find the perfect birthday party venue in Sector 29, Gandhinagar. Compare halls, farmhouses & party plots near Sector 29. Get instant leads & free quotes on VenueConnect.","Best Birthday Party Venues in Sector 29, Gandhinagar",birthday party venues in Sector 29 Gandhinagar,"birthday party venue Sector 29, birthday party hall near Sector 29 Gandhinagar, birthday party venue near Sector 29",Transactional (Hyper-local),High
Event + City Area,"Engagement Venues in Sector 29, Gandhinagar | VenueConnect",/gandhinagar/sector-29/engagement-venues/,"Best Engagement Venues in Sector 29, Gandhinagar | Book Near You - VenueConnect","Find the perfect engagement venue in Sector 29, Gandhinagar. Compare halls, farmhouses & party plots near Sector 29. Get instant leads & free quotes on VenueConnect.","Best Engagement Venues in Sector 29, Gandhinagar",engagement venues in Sector 29 Gandhinagar,"engagement venue Sector 29, engagement hall near Sector 29 Gandhinagar, engagement venue near Sector 29",Transactional (Hyper-local),High
Event + City Area,"Corporate Event Venues in Sector 29, Gandhinagar | VenueConnect",/gandhinagar/sector-29/corporate-event-venues/,"Best Corporate Event Venues in Sector 29, Gandhinagar | Book Near You - VenueConnect","Find the perfect corporate event venue in Sector 29, Gandhinagar. Compare halls, farmhouses & party plots near Sector 29. Get instant leads & free quotes on VenueConnect.","Best Corporate Event Venues in Sector 29, Gandhinagar",corporate event venues in Sector 29 Gandhinagar,"corporate event venue Sector 29, corporate event hall near Sector 29 Gandhinagar, corporate event venue near Sector 29",Transactional (Hyper-local),High
Event + City Area,"Reception Venues in Sector 29, Gandhinagar | VenueConnect",/gandhinagar/sector-29/reception-venues/,"Best Reception Venues in Sector 29, Gandhinagar | Book Near You - VenueConnect","Find the perfect reception venue in Sector 29, Gandhinagar. Compare halls, farmhouses & party plots near Sector 29. Get instant leads & free quotes on VenueConnect.","Best Reception Venues in Sector 29, Gandhinagar",reception venues in Sector 29 Gandhinagar,"reception venue Sector 29, reception hall near Sector 29 Gandhinagar, reception venue near Sector 29",Transactional (Hyper-local),High
Event + City Area,"Wedding Venues in Sector 30, Gandhinagar | VenueConnect",/gandhinagar/sector-30/wedding-venues/,"Best Wedding Venues in Sector 30, Gandhinagar | Book Near You - VenueConnect","Find the perfect wedding venue in Sector 30, Gandhinagar. Compare halls, farmhouses & party plots near Sector 30. Get instant leads & free quotes on VenueConnect.","Best Wedding Venues in Sector 30, Gandhinagar",wedding venues in Sector 30 Gandhinagar,"wedding venue Sector 30, wedding hall near Sector 30 Gandhinagar, wedding venue near Sector 30",Transactional (Hyper-local),High
Event + City Area,"Birthday Party Venues in Sector 30, Gandhinagar | VenueConnect",/gandhinagar/sector-30/birthday-party-venues/,"Best Birthday Party Venues in Sector 30, Gandhinagar | Book Near You - VenueConnect","Find the perfect birthday party venue in Sector 30, Gandhinagar. Compare halls, farmhouses & party plots near Sector 30. Get instant leads & free quotes on VenueConnect.","Best Birthday Party Venues in Sector 30, Gandhinagar",birthday party venues in Sector 30 Gandhinagar,"birthday party venue Sector 30, birthday party hall near Sector 30 Gandhinagar, birthday party venue near Sector 30",Transactional (Hyper-local),High
Event + City Area,"Engagement Venues in Sector 30, Gandhinagar | VenueConnect",/gandhinagar/sector-30/engagement-venues/,"Best Engagement Venues in Sector 30, Gandhinagar | Book Near You - VenueConnect","Find the perfect engagement venue in Sector 30, Gandhinagar. Compare halls, farmhouses & party plots near Sector 30. Get instant leads & free quotes on VenueConnect.","Best Engagement Venues in Sector 30, Gandhinagar",engagement venues in Sector 30 Gandhinagar,"engagement venue Sector 30, engagement hall near Sector 30 Gandhinagar, engagement venue near Sector 30",Transactional (Hyper-local),High
Event + City Area,"Corporate Event Venues in Sector 30, Gandhinagar | VenueConnect",/gandhinagar/sector-30/corporate-event-venues/,"Best Corporate Event Venues in Sector 30, Gandhinagar | Book Near You - VenueConnect","Find the perfect corporate event venue in Sector 30, Gandhinagar. Compare halls, farmhouses & party plots near Sector 30. Get instant leads & free quotes on VenueConnect.","Best Corporate Event Venues in Sector 30, Gandhinagar",corporate event venues in Sector 30 Gandhinagar,"corporate event venue Sector 30, corporate event hall near Sector 30 Gandhinagar, corporate event venue near Sector 30",Transactional (Hyper-local),High
Event + City Area,"Reception Venues in Sector 30, Gandhinagar | VenueConnect",/gandhinagar/sector-30/reception-venues/,"Best Reception Venues in Sector 30, Gandhinagar | Book Near You - VenueConnect","Find the perfect reception venue in Sector 30, Gandhinagar. Compare halls, farmhouses & party plots near Sector 30. Get instant leads & free quotes on VenueConnect.","Best Reception Venues in Sector 30, Gandhinagar",reception venues in Sector 30 Gandhinagar,"reception venue Sector 30, reception hall near Sector 30 Gandhinagar, reception venue near Sector 30",Transactional (Hyper-local),High
Event + City Area,"Wedding Venues in Infocity, Gandhinagar | VenueConnect",/gandhinagar/infocity/wedding-venues/,"Best Wedding Venues in Infocity, Gandhinagar | Book Near You - VenueConnect","Find the perfect wedding venue in Infocity, Gandhinagar. Compare halls, farmhouses & party plots near Infocity. Get instant leads & free quotes on VenueConnect.","Best Wedding Venues in Infocity, Gandhinagar",wedding venues in Infocity Gandhinagar,"wedding venue Infocity, wedding hall near Infocity Gandhinagar, wedding venue near Infocity",Transactional (Hyper-local),High
Event + City Area,"Birthday Party Venues in Infocity, Gandhinagar | VenueConnect",/gandhinagar/infocity/birthday-party-venues/,"Best Birthday Party Venues in Infocity, Gandhinagar | Book Near You - VenueConnect","Find the perfect birthday party venue in Infocity, Gandhinagar. Compare halls, farmhouses & party plots near Infocity. Get instant leads & free quotes on VenueConnect.","Best Birthday Party Venues in Infocity, Gandhinagar",birthday party venues in Infocity Gandhinagar,"birthday party venue Infocity, birthday party hall near Infocity Gandhinagar, birthday party venue near Infocity",Transactional (Hyper-local),High
Event + City Area,"Engagement Venues in Infocity, Gandhinagar | VenueConnect",/gandhinagar/infocity/engagement-venues/,"Best Engagement Venues in Infocity, Gandhinagar | Book Near You - VenueConnect","Find the perfect engagement venue in Infocity, Gandhinagar. Compare halls, farmhouses & party plots near Infocity. Get instant leads & free quotes on VenueConnect.","Best Engagement Venues in Infocity, Gandhinagar",engagement venues in Infocity Gandhinagar,"engagement venue Infocity, engagement hall near Infocity Gandhinagar, engagement venue near Infocity",Transactional (Hyper-local),High
Event + City Area,"Corporate Event Venues in Infocity, Gandhinagar | VenueConnect",/gandhinagar/infocity/corporate-event-venues/,"Best Corporate Event Venues in Infocity, Gandhinagar | Book Near You - VenueConnect","Find the perfect corporate event venue in Infocity, Gandhinagar. Compare halls, farmhouses & party plots near Infocity. Get instant leads & free quotes on VenueConnect.","Best Corporate Event Venues in Infocity, Gandhinagar",corporate event venues in Infocity Gandhinagar,"corporate event venue Infocity, corporate event hall near Infocity Gandhinagar, corporate event venue near Infocity",Transactional (Hyper-local),High
Event + City Area,"Reception Venues in Infocity, Gandhinagar | VenueConnect",/gandhinagar/infocity/reception-venues/,"Best Reception Venues in Infocity, Gandhinagar | Book Near You - VenueConnect","Find the perfect reception venue in Infocity, Gandhinagar. Compare halls, farmhouses & party plots near Infocity. Get instant leads & free quotes on VenueConnect.","Best Reception Venues in Infocity, Gandhinagar",reception venues in Infocity Gandhinagar,"reception venue Infocity, reception hall near Infocity Gandhinagar, reception venue near Infocity",Transactional (Hyper-local),High
Event + City Area,"Wedding Venues in Kudasan, Gandhinagar | VenueConnect",/gandhinagar/kudasan/wedding-venues/,"Best Wedding Venues in Kudasan, Gandhinagar | Book Near You - VenueConnect","Find the perfect wedding venue in Kudasan, Gandhinagar. Compare halls, farmhouses & party plots near Kudasan. Get instant leads & free quotes on VenueConnect.","Best Wedding Venues in Kudasan, Gandhinagar",wedding venues in Kudasan Gandhinagar,"wedding venue Kudasan, wedding hall near Kudasan Gandhinagar, wedding venue near Kudasan",Transactional (Hyper-local),High
Event + City Area,"Birthday Party Venues in Kudasan, Gandhinagar | VenueConnect",/gandhinagar/kudasan/birthday-party-venues/,"Best Birthday Party Venues in Kudasan, Gandhinagar | Book Near You - VenueConnect","Find the perfect birthday party venue in Kudasan, Gandhinagar. Compare halls, farmhouses & party plots near Kudasan. Get instant leads & free quotes on VenueConnect.","Best Birthday Party Venues in Kudasan, Gandhinagar",birthday party venues in Kudasan Gandhinagar,"birthday party venue Kudasan, birthday party hall near Kudasan Gandhinagar, birthday party venue near Kudasan",Transactional (Hyper-local),High
Event + City Area,"Engagement Venues in Kudasan, Gandhinagar | VenueConnect",/gandhinagar/kudasan/engagement-venues/,"Best Engagement Venues in Kudasan, Gandhinagar | Book Near You - VenueConnect","Find the perfect engagement venue in Kudasan, Gandhinagar. Compare halls, farmhouses & party plots near Kudasan. Get instant leads & free quotes on VenueConnect.","Best Engagement Venues in Kudasan, Gandhinagar",engagement venues in Kudasan Gandhinagar,"engagement venue Kudasan, engagement hall near Kudasan Gandhinagar, engagement venue near Kudasan",Transactional (Hyper-local),High
Event + City Area,"Corporate Event Venues in Kudasan, Gandhinagar | VenueConnect",/gandhinagar/kudasan/corporate-event-venues/,"Best Corporate Event Venues in Kudasan, Gandhinagar | Book Near You - VenueConnect","Find the perfect corporate event venue in Kudasan, Gandhinagar. Compare halls, farmhouses & party plots near Kudasan. Get instant leads & free quotes on VenueConnect.","Best Corporate Event Venues in Kudasan, Gandhinagar",corporate event venues in Kudasan Gandhinagar,"corporate event venue Kudasan, corporate event hall near Kudasan Gandhinagar, corporate event venue near Kudasan",Transactional (Hyper-local),High
Event + City Area,"Reception Venues in Kudasan, Gandhinagar | VenueConnect",/gandhinagar/kudasan/reception-venues/,"Best Reception Venues in Kudasan, Gandhinagar | Book Near You - VenueConnect","Find the perfect reception venue in Kudasan, Gandhinagar. Compare halls, farmhouses & party plots near Kudasan. Get instant leads & free quotes on VenueConnect.","Best Reception Venues in Kudasan, Gandhinagar",reception venues in Kudasan Gandhinagar,"reception venue Kudasan, reception hall near Kudasan Gandhinagar, reception venue near Kudasan",Transactional (Hyper-local),High
Event + City Area,"Wedding Venues in Sargasan, Gandhinagar | VenueConnect",/gandhinagar/sargasan/wedding-venues/,"Best Wedding Venues in Sargasan, Gandhinagar | Book Near You - VenueConnect","Find the perfect wedding venue in Sargasan, Gandhinagar. Compare halls, farmhouses & party plots near Sargasan. Get instant leads & free quotes on VenueConnect.","Best Wedding Venues in Sargasan, Gandhinagar",wedding venues in Sargasan Gandhinagar,"wedding venue Sargasan, wedding hall near Sargasan Gandhinagar, wedding venue near Sargasan",Transactional (Hyper-local),High
Event + City Area,"Birthday Party Venues in Sargasan, Gandhinagar | VenueConnect",/gandhinagar/sargasan/birthday-party-venues/,"Best Birthday Party Venues in Sargasan, Gandhinagar | Book Near You - VenueConnect","Find the perfect birthday party venue in Sargasan, Gandhinagar. Compare halls, farmhouses & party plots near Sargasan. Get instant leads & free quotes on VenueConnect.","Best Birthday Party Venues in Sargasan, Gandhinagar",birthday party venues in Sargasan Gandhinagar,"birthday party venue Sargasan, birthday party hall near Sargasan Gandhinagar, birthday party venue near Sargasan",Transactional (Hyper-local),High
Event + City Area,"Engagement Venues in Sargasan, Gandhinagar | VenueConnect",/gandhinagar/sargasan/engagement-venues/,"Best Engagement Venues in Sargasan, Gandhinagar | Book Near You - VenueConnect","Find the perfect engagement venue in Sargasan, Gandhinagar. Compare halls, farmhouses & party plots near Sargasan. Get instant leads & free quotes on VenueConnect.","Best Engagement Venues in Sargasan, Gandhinagar",engagement venues in Sargasan Gandhinagar,"engagement venue Sargasan, engagement hall near Sargasan Gandhinagar, engagement venue near Sargasan",Transactional (Hyper-local),High
Event + City Area,"Corporate Event Venues in Sargasan, Gandhinagar | VenueConnect",/gandhinagar/sargasan/corporate-event-venues/,"Best Corporate Event Venues in Sargasan, Gandhinagar | Book Near You - VenueConnect","Find the perfect corporate event venue in Sargasan, Gandhinagar. Compare halls, farmhouses & party plots near Sargasan. Get instant leads & free quotes on VenueConnect.","Best Corporate Event Venues in Sargasan, Gandhinagar",corporate event venues in Sargasan Gandhinagar,"corporate event venue Sargasan, corporate event hall near Sargasan Gandhinagar, corporate event venue near Sargasan",Transactional (Hyper-local),High
Event + City Area,"Reception Venues in Sargasan, Gandhinagar | VenueConnect",/gandhinagar/sargasan/reception-venues/,"Best Reception Venues in Sargasan, Gandhinagar | Book Near You - VenueConnect","Find the perfect reception venue in Sargasan, Gandhinagar. Compare halls, farmhouses & party plots near Sargasan. Get instant leads & free quotes on VenueConnect.","Best Reception Venues in Sargasan, Gandhinagar",reception venues in Sargasan Gandhinagar,"reception venue Sargasan, reception hall near Sargasan Gandhinagar, reception venue near Sargasan",Transactional (Hyper-local),High
Event + City Area,"Wedding Venues in Randesan, Gandhinagar | VenueConnect",/gandhinagar/randesan/wedding-venues/,"Best Wedding Venues in Randesan, Gandhinagar | Book Near You - VenueConnect","Find the perfect wedding venue in Randesan, Gandhinagar. Compare halls, farmhouses & party plots near Randesan. Get instant leads & free quotes on VenueConnect.","Best Wedding Venues in Randesan, Gandhinagar",wedding venues in Randesan Gandhinagar,"wedding venue Randesan, wedding hall near Randesan Gandhinagar, wedding venue near Randesan",Transactional (Hyper-local),High
Event + City Area,"Birthday Party Venues in Randesan, Gandhinagar | VenueConnect",/gandhinagar/randesan/birthday-party-venues/,"Best Birthday Party Venues in Randesan, Gandhinagar | Book Near You - VenueConnect","Find the perfect birthday party venue in Randesan, Gandhinagar. Compare halls, farmhouses & party plots near Randesan. Get instant leads & free quotes on VenueConnect.","Best Birthday Party Venues in Randesan, Gandhinagar",birthday party venues in Randesan Gandhinagar,"birthday party venue Randesan, birthday party hall near Randesan Gandhinagar, birthday party venue near Randesan",Transactional (Hyper-local),High
Event + City Area,"Engagement Venues in Randesan, Gandhinagar | VenueConnect",/gandhinagar/randesan/engagement-venues/,"Best Engagement Venues in Randesan, Gandhinagar | Book Near You - VenueConnect","Find the perfect engagement venue in Randesan, Gandhinagar. Compare halls, farmhouses & party plots near Randesan. Get instant leads & free quotes on VenueConnect.","Best Engagement Venues in Randesan, Gandhinagar",engagement venues in Randesan Gandhinagar,"engagement venue Randesan, engagement hall near Randesan Gandhinagar, engagement venue near Randesan",Transactional (Hyper-local),High
Event + City Area,"Corporate Event Venues in Randesan, Gandhinagar | VenueConnect",/gandhinagar/randesan/corporate-event-venues/,"Best Corporate Event Venues in Randesan, Gandhinagar | Book Near You - VenueConnect","Find the perfect corporate event venue in Randesan, Gandhinagar. Compare halls, farmhouses & party plots near Randesan. Get instant leads & free quotes on VenueConnect.","Best Corporate Event Venues in Randesan, Gandhinagar",corporate event venues in Randesan Gandhinagar,"corporate event venue Randesan, corporate event hall near Randesan Gandhinagar, corporate event venue near Randesan",Transactional (Hyper-local),High
Event + City Area,"Reception Venues in Randesan, Gandhinagar | VenueConnect",/gandhinagar/randesan/reception-venues/,"Best Reception Venues in Randesan, Gandhinagar | Book Near You - VenueConnect","Find the perfect reception venue in Randesan, Gandhinagar. Compare halls, farmhouses & party plots near Randesan. Get instant leads & free quotes on VenueConnect.","Best Reception Venues in Randesan, Gandhinagar",reception venues in Randesan Gandhinagar,"reception venue Randesan, reception hall near Randesan Gandhinagar, reception venue near Randesan",Transactional (Hyper-local),High
Event + City Area,"Wedding Venues in Uvarsad, Gandhinagar | VenueConnect",/gandhinagar/uvarsad/wedding-venues/,"Best Wedding Venues in Uvarsad, Gandhinagar | Book Near You - VenueConnect","Find the perfect wedding venue in Uvarsad, Gandhinagar. Compare halls, farmhouses & party plots near Uvarsad. Get instant leads & free quotes on VenueConnect.","Best Wedding Venues in Uvarsad, Gandhinagar",wedding venues in Uvarsad Gandhinagar,"wedding venue Uvarsad, wedding hall near Uvarsad Gandhinagar, wedding venue near Uvarsad",Transactional (Hyper-local),High
Event + City Area,"Birthday Party Venues in Uvarsad, Gandhinagar | VenueConnect",/gandhinagar/uvarsad/birthday-party-venues/,"Best Birthday Party Venues in Uvarsad, Gandhinagar | Book Near You - VenueConnect","Find the perfect birthday party venue in Uvarsad, Gandhinagar. Compare halls, farmhouses & party plots near Uvarsad. Get instant leads & free quotes on VenueConnect.","Best Birthday Party Venues in Uvarsad, Gandhinagar",birthday party venues in Uvarsad Gandhinagar,"birthday party venue Uvarsad, birthday party hall near Uvarsad Gandhinagar, birthday party venue near Uvarsad",Transactional (Hyper-local),High
Event + City Area,"Engagement Venues in Uvarsad, Gandhinagar | VenueConnect",/gandhinagar/uvarsad/engagement-venues/,"Best Engagement Venues in Uvarsad, Gandhinagar | Book Near You - VenueConnect","Find the perfect engagement venue in Uvarsad, Gandhinagar. Compare halls, farmhouses & party plots near Uvarsad. Get instant leads & free quotes on VenueConnect.","Best Engagement Venues in Uvarsad, Gandhinagar",engagement venues in Uvarsad Gandhinagar,"engagement venue Uvarsad, engagement hall near Uvarsad Gandhinagar, engagement venue near Uvarsad",Transactional (Hyper-local),High
Event + City Area,"Corporate Event Venues in Uvarsad, Gandhinagar | VenueConnect",/gandhinagar/uvarsad/corporate-event-venues/,"Best Corporate Event Venues in Uvarsad, Gandhinagar | Book Near You - VenueConnect","Find the perfect corporate event venue in Uvarsad, Gandhinagar. Compare halls, farmhouses & party plots near Uvarsad. Get instant leads & free quotes on VenueConnect.","Best Corporate Event Venues in Uvarsad, Gandhinagar",corporate event venues in Uvarsad Gandhinagar,"corporate event venue Uvarsad, corporate event hall near Uvarsad Gandhinagar, corporate event venue near Uvarsad",Transactional (Hyper-local),High
Event + City Area,"Reception Venues in Uvarsad, Gandhinagar | VenueConnect",/gandhinagar/uvarsad/reception-venues/,"Best Reception Venues in Uvarsad, Gandhinagar | Book Near You - VenueConnect","Find the perfect reception venue in Uvarsad, Gandhinagar. Compare halls, farmhouses & party plots near Uvarsad. Get instant leads & free quotes on VenueConnect.","Best Reception Venues in Uvarsad, Gandhinagar",reception venues in Uvarsad Gandhinagar,"reception venue Uvarsad, reception hall near Uvarsad Gandhinagar, reception venue near Uvarsad",Transactional (Hyper-local),High
Event + City Area,"Wedding Venues in Pethapur, Gandhinagar | VenueConnect",/gandhinagar/pethapur/wedding-venues/,"Best Wedding Venues in Pethapur, Gandhinagar | Book Near You - VenueConnect","Find the perfect wedding venue in Pethapur, Gandhinagar. Compare halls, farmhouses & party plots near Pethapur. Get instant leads & free quotes on VenueConnect.","Best Wedding Venues in Pethapur, Gandhinagar",wedding venues in Pethapur Gandhinagar,"wedding venue Pethapur, wedding hall near Pethapur Gandhinagar, wedding venue near Pethapur",Transactional (Hyper-local),High
Event + City Area,"Birthday Party Venues in Pethapur, Gandhinagar | VenueConnect",/gandhinagar/pethapur/birthday-party-venues/,"Best Birthday Party Venues in Pethapur, Gandhinagar | Book Near You - VenueConnect","Find the perfect birthday party venue in Pethapur, Gandhinagar. Compare halls, farmhouses & party plots near Pethapur. Get instant leads & free quotes on VenueConnect.","Best Birthday Party Venues in Pethapur, Gandhinagar",birthday party venues in Pethapur Gandhinagar,"birthday party venue Pethapur, birthday party hall near Pethapur Gandhinagar, birthday party venue near Pethapur",Transactional (Hyper-local),High
Event + City Area,"Engagement Venues in Pethapur, Gandhinagar | VenueConnect",/gandhinagar/pethapur/engagement-venues/,"Best Engagement Venues in Pethapur, Gandhinagar | Book Near You - VenueConnect","Find the perfect engagement venue in Pethapur, Gandhinagar. Compare halls, farmhouses & party plots near Pethapur. Get instant leads & free quotes on VenueConnect.","Best Engagement Venues in Pethapur, Gandhinagar",engagement venues in Pethapur Gandhinagar,"engagement venue Pethapur, engagement hall near Pethapur Gandhinagar, engagement venue near Pethapur",Transactional (Hyper-local),High
Event + City Area,"Corporate Event Venues in Pethapur, Gandhinagar | VenueConnect",/gandhinagar/pethapur/corporate-event-venues/,"Best Corporate Event Venues in Pethapur, Gandhinagar | Book Near You - VenueConnect","Find the perfect corporate event venue in Pethapur, Gandhinagar. Compare halls, farmhouses & party plots near Pethapur. Get instant leads & free quotes on VenueConnect.","Best Corporate Event Venues in Pethapur, Gandhinagar",corporate event venues in Pethapur Gandhinagar,"corporate event venue Pethapur, corporate event hall near Pethapur Gandhinagar, corporate event venue near Pethapur",Transactional (Hyper-local),High
Event + City Area,"Reception Venues in Pethapur, Gandhinagar | VenueConnect",/gandhinagar/pethapur/reception-venues/,"Best Reception Venues in Pethapur, Gandhinagar | Book Near You - VenueConnect","Find the perfect reception venue in Pethapur, Gandhinagar. Compare halls, farmhouses & party plots near Pethapur. Get instant leads & free quotes on VenueConnect.","Best Reception Venues in Pethapur, Gandhinagar",reception venues in Pethapur Gandhinagar,"reception venue Pethapur, reception hall near Pethapur Gandhinagar, reception venue near Pethapur",Transactional (Hyper-local),High
Event + City Area,"Wedding Venues in Koba, Gandhinagar | VenueConnect",/gandhinagar/koba/wedding-venues/,"Best Wedding Venues in Koba, Gandhinagar | Book Near You - VenueConnect","Find the perfect wedding venue in Koba, Gandhinagar. Compare halls, farmhouses & party plots near Koba. Get instant leads & free quotes on VenueConnect.","Best Wedding Venues in Koba, Gandhinagar",wedding venues in Koba Gandhinagar,"wedding venue Koba, wedding hall near Koba Gandhinagar, wedding venue near Koba",Transactional (Hyper-local),High
Event + City Area,"Birthday Party Venues in Koba, Gandhinagar | VenueConnect",/gandhinagar/koba/birthday-party-venues/,"Best Birthday Party Venues in Koba, Gandhinagar | Book Near You - VenueConnect","Find the perfect birthday party venue in Koba, Gandhinagar. Compare halls, farmhouses & party plots near Koba. Get instant leads & free quotes on VenueConnect.","Best Birthday Party Venues in Koba, Gandhinagar",birthday party venues in Koba Gandhinagar,"birthday party venue Koba, birthday party hall near Koba Gandhinagar, birthday party venue near Koba",Transactional (Hyper-local),High
Event + City Area,"Engagement Venues in Koba, Gandhinagar | VenueConnect",/gandhinagar/koba/engagement-venues/,"Best Engagement Venues in Koba, Gandhinagar | Book Near You - VenueConnect","Find the perfect engagement venue in Koba, Gandhinagar. Compare halls, farmhouses & party plots near Koba. Get instant leads & free quotes on VenueConnect.","Best Engagement Venues in Koba, Gandhinagar",engagement venues in Koba Gandhinagar,"engagement venue Koba, engagement hall near Koba Gandhinagar, engagement venue near Koba",Transactional (Hyper-local),High
Event + City Area,"Corporate Event Venues in Koba, Gandhinagar | VenueConnect",/gandhinagar/koba/corporate-event-venues/,"Best Corporate Event Venues in Koba, Gandhinagar | Book Near You - VenueConnect","Find the perfect corporate event venue in Koba, Gandhinagar. Compare halls, farmhouses & party plots near Koba. Get instant leads & free quotes on VenueConnect.","Best Corporate Event Venues in Koba, Gandhinagar",corporate event venues in Koba Gandhinagar,"corporate event venue Koba, corporate event hall near Koba Gandhinagar, corporate event venue near Koba",Transactional (Hyper-local),High
Event + City Area,"Reception Venues in Koba, Gandhinagar | VenueConnect",/gandhinagar/koba/reception-venues/,"Best Reception Venues in Koba, Gandhinagar | Book Near You - VenueConnect","Find the perfect reception venue in Koba, Gandhinagar. Compare halls, farmhouses & party plots near Koba. Get instant leads & free quotes on VenueConnect.","Best Reception Venues in Koba, Gandhinagar",reception venues in Koba Gandhinagar,"reception venue Koba, reception hall near Koba Gandhinagar, reception venue near Koba",Transactional (Hyper-local),High
Event + City Area,"Wedding Venues in Adalaj, Gandhinagar | VenueConnect",/gandhinagar/adalaj/wedding-venues/,"Best Wedding Venues in Adalaj, Gandhinagar | Book Near You - VenueConnect","Find the perfect wedding venue in Adalaj, Gandhinagar. Compare halls, farmhouses & party plots near Adalaj. Get instant leads & free quotes on VenueConnect.","Best Wedding Venues in Adalaj, Gandhinagar",wedding venues in Adalaj Gandhinagar,"wedding venue Adalaj, wedding hall near Adalaj Gandhinagar, wedding venue near Adalaj",Transactional (Hyper-local),High
Event + City Area,"Birthday Party Venues in Adalaj, Gandhinagar | VenueConnect",/gandhinagar/adalaj/birthday-party-venues/,"Best Birthday Party Venues in Adalaj, Gandhinagar | Book Near You - VenueConnect","Find the perfect birthday party venue in Adalaj, Gandhinagar. Compare halls, farmhouses & party plots near Adalaj. Get instant leads & free quotes on VenueConnect.","Best Birthday Party Venues in Adalaj, Gandhinagar",birthday party venues in Adalaj Gandhinagar,"birthday party venue Adalaj, birthday party hall near Adalaj Gandhinagar, birthday party venue near Adalaj",Transactional (Hyper-local),High
Event + City Area,"Engagement Venues in Adalaj, Gandhinagar | VenueConnect",/gandhinagar/adalaj/engagement-venues/,"Best Engagement Venues in Adalaj, Gandhinagar | Book Near You - VenueConnect","Find the perfect engagement venue in Adalaj, Gandhinagar. Compare halls, farmhouses & party plots near Adalaj. Get instant leads & free quotes on VenueConnect.","Best Engagement Venues in Adalaj, Gandhinagar",engagement venues in Adalaj Gandhinagar,"engagement venue Adalaj, engagement hall near Adalaj Gandhinagar, engagement venue near Adalaj",Transactional (Hyper-local),High
Event + City Area,"Corporate Event Venues in Adalaj, Gandhinagar | VenueConnect",/gandhinagar/adalaj/corporate-event-venues/,"Best Corporate Event Venues in Adalaj, Gandhinagar | Book Near You - VenueConnect","Find the perfect corporate event venue in Adalaj, Gandhinagar. Compare halls, farmhouses & party plots near Adalaj. Get instant leads & free quotes on VenueConnect.","Best Corporate Event Venues in Adalaj, Gandhinagar",corporate event venues in Adalaj Gandhinagar,"corporate event venue Adalaj, corporate event hall near Adalaj Gandhinagar, corporate event venue near Adalaj",Transactional (Hyper-local),High
Event + City Area,"Reception Venues in Adalaj, Gandhinagar | VenueConnect",/gandhinagar/adalaj/reception-venues/,"Best Reception Venues in Adalaj, Gandhinagar | Book Near You - VenueConnect","Find the perfect reception venue in Adalaj, Gandhinagar. Compare halls, farmhouses & party plots near Adalaj. Get instant leads & free quotes on VenueConnect.","Best Reception Venues in Adalaj, Gandhinagar",reception venues in Adalaj Gandhinagar,"reception venue Adalaj, reception hall near Adalaj Gandhinagar, reception venue near Adalaj",Transactional (Hyper-local),High
Event + City Area,"Wedding Venues in Vavol, Gandhinagar | VenueConnect",/gandhinagar/vavol/wedding-venues/,"Best Wedding Venues in Vavol, Gandhinagar | Book Near You - VenueConnect","Find the perfect wedding venue in Vavol, Gandhinagar. Compare halls, farmhouses & party plots near Vavol. Get instant leads & free quotes on VenueConnect.","Best Wedding Venues in Vavol, Gandhinagar",wedding venues in Vavol Gandhinagar,"wedding venue Vavol, wedding hall near Vavol Gandhinagar, wedding venue near Vavol",Transactional (Hyper-local),High
Event + City Area,"Birthday Party Venues in Vavol, Gandhinagar | VenueConnect",/gandhinagar/vavol/birthday-party-venues/,"Best Birthday Party Venues in Vavol, Gandhinagar | Book Near You - VenueConnect","Find the perfect birthday party venue in Vavol, Gandhinagar. Compare halls, farmhouses & party plots near Vavol. Get instant leads & free quotes on VenueConnect.","Best Birthday Party Venues in Vavol, Gandhinagar",birthday party venues in Vavol Gandhinagar,"birthday party venue Vavol, birthday party hall near Vavol Gandhinagar, birthday party venue near Vavol",Transactional (Hyper-local),High
Event + City Area,"Engagement Venues in Vavol, Gandhinagar | VenueConnect",/gandhinagar/vavol/engagement-venues/,"Best Engagement Venues in Vavol, Gandhinagar | Book Near You - VenueConnect","Find the perfect engagement venue in Vavol, Gandhinagar. Compare halls, farmhouses & party plots near Vavol. Get instant leads & free quotes on VenueConnect.","Best Engagement Venues in Vavol, Gandhinagar",engagement venues in Vavol Gandhinagar,"engagement venue Vavol, engagement hall near Vavol Gandhinagar, engagement venue near Vavol",Transactional (Hyper-local),High
Event + City Area,"Corporate Event Venues in Vavol, Gandhinagar | VenueConnect",/gandhinagar/vavol/corporate-event-venues/,"Best Corporate Event Venues in Vavol, Gandhinagar | Book Near You - VenueConnect","Find the perfect corporate event venue in Vavol, Gandhinagar. Compare halls, farmhouses & party plots near Vavol. Get instant leads & free quotes on VenueConnect.","Best Corporate Event Venues in Vavol, Gandhinagar",corporate event venues in Vavol Gandhinagar,"corporate event venue Vavol, corporate event hall near Vavol Gandhinagar, corporate event venue near Vavol",Transactional (Hyper-local),High
Event + City Area,"Reception Venues in Vavol, Gandhinagar | VenueConnect",/gandhinagar/vavol/reception-venues/,"Best Reception Venues in Vavol, Gandhinagar | Book Near You - VenueConnect","Find the perfect reception venue in Vavol, Gandhinagar. Compare halls, farmhouses & party plots near Vavol. Get instant leads & free quotes on VenueConnect.","Best Reception Venues in Vavol, Gandhinagar",reception venues in Vavol Gandhinagar,"reception venue Vavol, reception hall near Vavol Gandhinagar, reception venue near Vavol",Transactional (Hyper-local),High
Event + City Area,"Wedding Venues in Bhat, Gandhinagar | VenueConnect",/gandhinagar/bhat/wedding-venues/,"Best Wedding Venues in Bhat, Gandhinagar | Book Near You - VenueConnect","Find the perfect wedding venue in Bhat, Gandhinagar. Compare halls, farmhouses & party plots near Bhat. Get instant leads & free quotes on VenueConnect.","Best Wedding Venues in Bhat, Gandhinagar",wedding venues in Bhat Gandhinagar,"wedding venue Bhat, wedding hall near Bhat Gandhinagar, wedding venue near Bhat",Transactional (Hyper-local),High
Event + City Area,"Birthday Party Venues in Bhat, Gandhinagar | VenueConnect",/gandhinagar/bhat/birthday-party-venues/,"Best Birthday Party Venues in Bhat, Gandhinagar | Book Near You - VenueConnect","Find the perfect birthday party venue in Bhat, Gandhinagar. Compare halls, farmhouses & party plots near Bhat. Get instant leads & free quotes on VenueConnect.","Best Birthday Party Venues in Bhat, Gandhinagar",birthday party venues in Bhat Gandhinagar,"birthday party venue Bhat, birthday party hall near Bhat Gandhinagar, birthday party venue near Bhat",Transactional (Hyper-local),High
Event + City Area,"Engagement Venues in Bhat, Gandhinagar | VenueConnect",/gandhinagar/bhat/engagement-venues/,"Best Engagement Venues in Bhat, Gandhinagar | Book Near You - VenueConnect","Find the perfect engagement venue in Bhat, Gandhinagar. Compare halls, farmhouses & party plots near Bhat. Get instant leads & free quotes on VenueConnect.","Best Engagement Venues in Bhat, Gandhinagar",engagement venues in Bhat Gandhinagar,"engagement venue Bhat, engagement hall near Bhat Gandhinagar, engagement venue near Bhat",Transactional (Hyper-local),High
Event + City Area,"Corporate Event Venues in Bhat, Gandhinagar | VenueConnect",/gandhinagar/bhat/corporate-event-venues/,"Best Corporate Event Venues in Bhat, Gandhinagar | Book Near You - VenueConnect","Find the perfect corporate event venue in Bhat, Gandhinagar. Compare halls, farmhouses & party plots near Bhat. Get instant leads & free quotes on VenueConnect.","Best Corporate Event Venues in Bhat, Gandhinagar",corporate event venues in Bhat Gandhinagar,"corporate event venue Bhat, corporate event hall near Bhat Gandhinagar, corporate event venue near Bhat",Transactional (Hyper-local),High
Event + City Area,"Reception Venues in Bhat, Gandhinagar | VenueConnect",/gandhinagar/bhat/reception-venues/,"Best Reception Venues in Bhat, Gandhinagar | Book Near You - VenueConnect","Find the perfect reception venue in Bhat, Gandhinagar. Compare halls, farmhouses & party plots near Bhat. Get instant leads & free quotes on VenueConnect.","Best Reception Venues in Bhat, Gandhinagar",reception venues in Bhat Gandhinagar,"reception venue Bhat, reception hall near Bhat Gandhinagar, reception venue near Bhat",Transactional (Hyper-local),High
Event + City Area,"Wedding Venues in Chandkheda, Gandhinagar | VenueConnect",/gandhinagar/chandkheda/wedding-venues/,"Best Wedding Venues in Chandkheda, Gandhinagar | Book Near You - VenueConnect","Find the perfect wedding venue in Chandkheda, Gandhinagar. Compare halls, farmhouses & party plots near Chandkheda. Get instant leads & free quotes on VenueConnect.","Best Wedding Venues in Chandkheda, Gandhinagar",wedding venues in Chandkheda Gandhinagar,"wedding venue Chandkheda, wedding hall near Chandkheda Gandhinagar, wedding venue near Chandkheda",Transactional (Hyper-local),High
Event + City Area,"Birthday Party Venues in Chandkheda, Gandhinagar | VenueConnect",/gandhinagar/chandkheda/birthday-party-venues/,"Best Birthday Party Venues in Chandkheda, Gandhinagar | Book Near You - VenueConnect","Find the perfect birthday party venue in Chandkheda, Gandhinagar. Compare halls, farmhouses & party plots near Chandkheda. Get instant leads & free quotes on VenueConnect.","Best Birthday Party Venues in Chandkheda, Gandhinagar",birthday party venues in Chandkheda Gandhinagar,"birthday party venue Chandkheda, birthday party hall near Chandkheda Gandhinagar, birthday party venue near Chandkheda",Transactional (Hyper-local),High
Event + City Area,"Engagement Venues in Chandkheda, Gandhinagar | VenueConnect",/gandhinagar/chandkheda/engagement-venues/,"Best Engagement Venues in Chandkheda, Gandhinagar | Book Near You - VenueConnect","Find the perfect engagement venue in Chandkheda, Gandhinagar. Compare halls, farmhouses & party plots near Chandkheda. Get instant leads & free quotes on VenueConnect.","Best Engagement Venues in Chandkheda, Gandhinagar",engagement venues in Chandkheda Gandhinagar,"engagement venue Chandkheda, engagement hall near Chandkheda Gandhinagar, engagement venue near Chandkheda",Transactional (Hyper-local),High
Event + City Area,"Corporate Event Venues in Chandkheda, Gandhinagar | VenueConnect",/gandhinagar/chandkheda/corporate-event-venues/,"Best Corporate Event Venues in Chandkheda, Gandhinagar | Book Near You - VenueConnect","Find the perfect corporate event venue in Chandkheda, Gandhinagar. Compare halls, farmhouses & party plots near Chandkheda. Get instant leads & free quotes on VenueConnect.","Best Corporate Event Venues in Chandkheda, Gandhinagar",corporate event venues in Chandkheda Gandhinagar,"corporate event venue Chandkheda, corporate event hall near Chandkheda Gandhinagar, corporate event venue near Chandkheda",Transactional (Hyper-local),High
Event + City Area,"Reception Venues in Chandkheda, Gandhinagar | VenueConnect",/gandhinagar/chandkheda/reception-venues/,"Best Reception Venues in Chandkheda, Gandhinagar | Book Near You - VenueConnect","Find the perfect reception venue in Chandkheda, Gandhinagar. Compare halls, farmhouses & party plots near Chandkheda. Get instant leads & free quotes on VenueConnect.","Best Reception Venues in Chandkheda, Gandhinagar",reception venues in Chandkheda Gandhinagar,"reception venue Chandkheda, reception hall near Chandkheda Gandhinagar, reception venue near Chandkheda",Transactional (Hyper-local),High
Event + City Area,"Wedding Venues in Motera, Gandhinagar | VenueConnect",/gandhinagar/motera/wedding-venues/,"Best Wedding Venues in Motera, Gandhinagar | Book Near You - VenueConnect","Find the perfect wedding venue in Motera, Gandhinagar. Compare halls, farmhouses & party plots near Motera. Get instant leads & free quotes on VenueConnect.","Best Wedding Venues in Motera, Gandhinagar",wedding venues in Motera Gandhinagar,"wedding venue Motera, wedding hall near Motera Gandhinagar, wedding venue near Motera",Transactional (Hyper-local),High
Event + City Area,"Birthday Party Venues in Motera, Gandhinagar | VenueConnect",/gandhinagar/motera/birthday-party-venues/,"Best Birthday Party Venues in Motera, Gandhinagar | Book Near You - VenueConnect","Find the perfect birthday party venue in Motera, Gandhinagar. Compare halls, farmhouses & party plots near Motera. Get instant leads & free quotes on VenueConnect.","Best Birthday Party Venues in Motera, Gandhinagar",birthday party venues in Motera Gandhinagar,"birthday party venue Motera, birthday party hall near Motera Gandhinagar, birthday party venue near Motera",Transactional (Hyper-local),High
Event + City Area,"Engagement Venues in Motera, Gandhinagar | VenueConnect",/gandhinagar/motera/engagement-venues/,"Best Engagement Venues in Motera, Gandhinagar | Book Near You - VenueConnect","Find the perfect engagement venue in Motera, Gandhinagar. Compare halls, farmhouses & party plots near Motera. Get instant leads & free quotes on VenueConnect.","Best Engagement Venues in Motera, Gandhinagar",engagement venues in Motera Gandhinagar,"engagement venue Motera, engagement hall near Motera Gandhinagar, engagement venue near Motera",Transactional (Hyper-local),High
Event + City Area,"Corporate Event Venues in Motera, Gandhinagar | VenueConnect",/gandhinagar/motera/corporate-event-venues/,"Best Corporate Event Venues in Motera, Gandhinagar | Book Near You - VenueConnect","Find the perfect corporate event venue in Motera, Gandhinagar. Compare halls, farmhouses & party plots near Motera. Get instant leads & free quotes on VenueConnect.","Best Corporate Event Venues in Motera, Gandhinagar",corporate event venues in Motera Gandhinagar,"corporate event venue Motera, corporate event hall near Motera Gandhinagar, corporate event venue near Motera",Transactional (Hyper-local),High
Event + City Area,"Reception Venues in Motera, Gandhinagar | VenueConnect",/gandhinagar/motera/reception-venues/,"Best Reception Venues in Motera, Gandhinagar | Book Near You - VenueConnect","Find the perfect reception venue in Motera, Gandhinagar. Compare halls, farmhouses & party plots near Motera. Get instant leads & free quotes on VenueConnect.","Best Reception Venues in Motera, Gandhinagar",reception venues in Motera Gandhinagar,"reception venue Motera, reception hall near Motera Gandhinagar, reception venue near Motera",Transactional (Hyper-local),High
Event + City Area,"Wedding Venues in Ghuma, Gandhinagar | VenueConnect",/gandhinagar/ghuma/wedding-venues/,"Best Wedding Venues in Ghuma, Gandhinagar | Book Near You - VenueConnect","Find the perfect wedding venue in Ghuma, Gandhinagar. Compare halls, farmhouses & party plots near Ghuma. Get instant leads & free quotes on VenueConnect.","Best Wedding Venues in Ghuma, Gandhinagar",wedding venues in Ghuma Gandhinagar,"wedding venue Ghuma, wedding hall near Ghuma Gandhinagar, wedding venue near Ghuma",Transactional (Hyper-local),High
Event + City Area,"Birthday Party Venues in Ghuma, Gandhinagar | VenueConnect",/gandhinagar/ghuma/birthday-party-venues/,"Best Birthday Party Venues in Ghuma, Gandhinagar | Book Near You - VenueConnect","Find the perfect birthday party venue in Ghuma, Gandhinagar. Compare halls, farmhouses & party plots near Ghuma. Get instant leads & free quotes on VenueConnect.","Best Birthday Party Venues in Ghuma, Gandhinagar",birthday party venues in Ghuma Gandhinagar,"birthday party venue Ghuma, birthday party hall near Ghuma Gandhinagar, birthday party venue near Ghuma",Transactional (Hyper-local),High
Event + City Area,"Engagement Venues in Ghuma, Gandhinagar | VenueConnect",/gandhinagar/ghuma/engagement-venues/,"Best Engagement Venues in Ghuma, Gandhinagar | Book Near You - VenueConnect","Find the perfect engagement venue in Ghuma, Gandhinagar. Compare halls, farmhouses & party plots near Ghuma. Get instant leads & free quotes on VenueConnect.","Best Engagement Venues in Ghuma, Gandhinagar",engagement venues in Ghuma Gandhinagar,"engagement venue Ghuma, engagement hall near Ghuma Gandhinagar, engagement venue near Ghuma",Transactional (Hyper-local),High
Event + City Area,"Corporate Event Venues in Ghuma, Gandhinagar | VenueConnect",/gandhinagar/ghuma/corporate-event-venues/,"Best Corporate Event Venues in Ghuma, Gandhinagar | Book Near You - VenueConnect","Find the perfect corporate event venue in Ghuma, Gandhinagar. Compare halls, farmhouses & party plots near Ghuma. Get instant leads & free quotes on VenueConnect.","Best Corporate Event Venues in Ghuma, Gandhinagar",corporate event venues in Ghuma Gandhinagar,"corporate event venue Ghuma, corporate event hall near Ghuma Gandhinagar, corporate event venue near Ghuma",Transactional (Hyper-local),High
Event + City Area,"Reception Venues in Ghuma, Gandhinagar | VenueConnect",/gandhinagar/ghuma/reception-venues/,"Best Reception Venues in Ghuma, Gandhinagar | Book Near You - VenueConnect","Find the perfect reception venue in Ghuma, Gandhinagar. Compare halls, farmhouses & party plots near Ghuma. Get instant leads & free quotes on VenueConnect.","Best Reception Venues in Ghuma, Gandhinagar",reception venues in Ghuma Gandhinagar,"reception venue Ghuma, reception hall near Ghuma Gandhinagar, reception venue near Ghuma",Transactional (Hyper-local),High
Event + City Area,"Wedding Venues in Zundal, Gandhinagar | VenueConnect",/gandhinagar/zundal/wedding-venues/,"Best Wedding Venues in Zundal, Gandhinagar | Book Near You - VenueConnect","Find the perfect wedding venue in Zundal, Gandhinagar. Compare halls, farmhouses & party plots near Zundal. Get instant leads & free quotes on VenueConnect.","Best Wedding Venues in Zundal, Gandhinagar",wedding venues in Zundal Gandhinagar,"wedding venue Zundal, wedding hall near Zundal Gandhinagar, wedding venue near Zundal",Transactional (Hyper-local),High
Event + City Area,"Birthday Party Venues in Zundal, Gandhinagar | VenueConnect",/gandhinagar/zundal/birthday-party-venues/,"Best Birthday Party Venues in Zundal, Gandhinagar | Book Near You - VenueConnect","Find the perfect birthday party venue in Zundal, Gandhinagar. Compare halls, farmhouses & party plots near Zundal. Get instant leads & free quotes on VenueConnect.","Best Birthday Party Venues in Zundal, Gandhinagar",birthday party venues in Zundal Gandhinagar,"birthday party venue Zundal, birthday party hall near Zundal Gandhinagar, birthday party venue near Zundal",Transactional (Hyper-local),High
Event + City Area,"Engagement Venues in Zundal, Gandhinagar | VenueConnect",/gandhinagar/zundal/engagement-venues/,"Best Engagement Venues in Zundal, Gandhinagar | Book Near You - VenueConnect","Find the perfect engagement venue in Zundal, Gandhinagar. Compare halls, farmhouses & party plots near Zundal. Get instant leads & free quotes on VenueConnect.","Best Engagement Venues in Zundal, Gandhinagar",engagement venues in Zundal Gandhinagar,"engagement venue Zundal, engagement hall near Zundal Gandhinagar, engagement venue near Zundal",Transactional (Hyper-local),High
Event + City Area,"Corporate Event Venues in Zundal, Gandhinagar | VenueConnect",/gandhinagar/zundal/corporate-event-venues/,"Best Corporate Event Venues in Zundal, Gandhinagar | Book Near You - VenueConnect","Find the perfect corporate event venue in Zundal, Gandhinagar. Compare halls, farmhouses & party plots near Zundal. Get instant leads & free quotes on VenueConnect.","Best Corporate Event Venues in Zundal, Gandhinagar",corporate event venues in Zundal Gandhinagar,"corporate event venue Zundal, corporate event hall near Zundal Gandhinagar, corporate event venue near Zundal",Transactional (Hyper-local),High
Event + City Area,"Reception Venues in Zundal, Gandhinagar | VenueConnect",/gandhinagar/zundal/reception-venues/,"Best Reception Venues in Zundal, Gandhinagar | Book Near You - VenueConnect","Find the perfect reception venue in Zundal, Gandhinagar. Compare halls, farmhouses & party plots near Zundal. Get instant leads & free quotes on VenueConnect.","Best Reception Venues in Zundal, Gandhinagar",reception venues in Zundal Gandhinagar,"reception venue Zundal, reception hall near Zundal Gandhinagar, reception venue near Zundal",Transactional (Hyper-local),High
Event + City Area,"Wedding Venues in Tragad, Gandhinagar | VenueConnect",/gandhinagar/tragad/wedding-venues/,"Best Wedding Venues in Tragad, Gandhinagar | Book Near You - VenueConnect","Find the perfect wedding venue in Tragad, Gandhinagar. Compare halls, farmhouses & party plots near Tragad. Get instant leads & free quotes on VenueConnect.","Best Wedding Venues in Tragad, Gandhinagar",wedding venues in Tragad Gandhinagar,"wedding venue Tragad, wedding hall near Tragad Gandhinagar, wedding venue near Tragad",Transactional (Hyper-local),High
Event + City Area,"Birthday Party Venues in Tragad, Gandhinagar | VenueConnect",/gandhinagar/tragad/birthday-party-venues/,"Best Birthday Party Venues in Tragad, Gandhinagar | Book Near You - VenueConnect","Find the perfect birthday party venue in Tragad, Gandhinagar. Compare halls, farmhouses & party plots near Tragad. Get instant leads & free quotes on VenueConnect.","Best Birthday Party Venues in Tragad, Gandhinagar",birthday party venues in Tragad Gandhinagar,"birthday party venue Tragad, birthday party hall near Tragad Gandhinagar, birthday party venue near Tragad",Transactional (Hyper-local),High
Event + City Area,"Engagement Venues in Tragad, Gandhinagar | VenueConnect",/gandhinagar/tragad/engagement-venues/,"Best Engagement Venues in Tragad, Gandhinagar | Book Near You - VenueConnect","Find the perfect engagement venue in Tragad, Gandhinagar. Compare halls, farmhouses & party plots near Tragad. Get instant leads & free quotes on VenueConnect.","Best Engagement Venues in Tragad, Gandhinagar",engagement venues in Tragad Gandhinagar,"engagement venue Tragad, engagement hall near Tragad Gandhinagar, engagement venue near Tragad",Transactional (Hyper-local),High
Event + City Area,"Corporate Event Venues in Tragad, Gandhinagar | VenueConnect",/gandhinagar/tragad/corporate-event-venues/,"Best Corporate Event Venues in Tragad, Gandhinagar | Book Near You - VenueConnect","Find the perfect corporate event venue in Tragad, Gandhinagar. Compare halls, farmhouses & party plots near Tragad. Get instant leads & free quotes on VenueConnect.","Best Corporate Event Venues in Tragad, Gandhinagar",corporate event venues in Tragad Gandhinagar,"corporate event venue Tragad, corporate event hall near Tragad Gandhinagar, corporate event venue near Tragad",Transactional (Hyper-local),High
Event + City Area,"Reception Venues in Tragad, Gandhinagar | VenueConnect",/gandhinagar/tragad/reception-venues/,"Best Reception Venues in Tragad, Gandhinagar | Book Near You - VenueConnect","Find the perfect reception venue in Tragad, Gandhinagar. Compare halls, farmhouses & party plots near Tragad. Get instant leads & free quotes on VenueConnect.","Best Reception Venues in Tragad, Gandhinagar",reception venues in Tragad Gandhinagar,"reception venue Tragad, reception hall near Tragad Gandhinagar, reception venue near Tragad",Transactional (Hyper-local),High
  VENDOR + CITY AREA PAGES (Hyper-local),,,,,,,,,
Page Type,Page Title,URL Slug,Meta Title,Meta Description,H1 Tag,Target Keyword,Secondary Keywords,Search Intent,Priority
Vendor + City Area,"Photographers in Sector 1, Gandhinagar | VenueConnect",/gandhinagar/sector-1/vendors/photographers/,"Top Photographers in Sector 1, Gandhinagar | Hire Near You - VenueConnect","Find the best photographers in Sector 1, Gandhinagar for your event. Browse verified profiles, compare pricing & get WhatsApp leads instantly on VenueConnect.","Top Photographers in Sector 1, Gandhinagar",photographers in Sector 1 Gandhinagar,"photographers near Sector 1, photographers Sector 1 Gandhinagar, best photographers near Sector 1",Transactional (Hyper-local),Medium
Vendor + City Area,"Caterers in Sector 1, Gandhinagar | VenueConnect",/gandhinagar/sector-1/vendors/caterers/,"Top Caterers in Sector 1, Gandhinagar | Hire Near You - VenueConnect","Find the best caterers in Sector 1, Gandhinagar for your event. Browse verified profiles, compare pricing & get WhatsApp leads instantly on VenueConnect.","Top Caterers in Sector 1, Gandhinagar",caterers in Sector 1 Gandhinagar,"caterers near Sector 1, caterers Sector 1 Gandhinagar, best caterers near Sector 1",Transactional (Hyper-local),Medium
Vendor + City Area,"Decorators in Sector 1, Gandhinagar | VenueConnect",/gandhinagar/sector-1/vendors/decorators/,"Top Decorators in Sector 1, Gandhinagar | Hire Near You - VenueConnect","Find the best decorators in Sector 1, Gandhinagar for your event. Browse verified profiles, compare pricing & get WhatsApp leads instantly on VenueConnect.","Top Decorators in Sector 1, Gandhinagar",decorators in Sector 1 Gandhinagar,"decorators near Sector 1, decorators Sector 1 Gandhinagar, best decorators near Sector 1",Transactional (Hyper-local),Medium
Vendor + City Area,"Mehndi Artists in Sector 1, Gandhinagar | VenueConnect",/gandhinagar/sector-1/vendors/mehndi-artists/,"Top Mehndi Artists in Sector 1, Gandhinagar | Hire Near You - VenueConnect","Find the best mehndi artists in Sector 1, Gandhinagar for your event. Browse verified profiles, compare pricing & get WhatsApp leads instantly on VenueConnect.","Top Mehndi Artists in Sector 1, Gandhinagar",mehndi artists in Sector 1 Gandhinagar,"mehndi artists near Sector 1, mehndi artists Sector 1 Gandhinagar, best mehndi artists near Sector 1",Transactional (Hyper-local),Medium
Vendor + City Area,"Photographers in Sector 2, Gandhinagar | VenueConnect",/gandhinagar/sector-2/vendors/photographers/,"Top Photographers in Sector 2, Gandhinagar | Hire Near You - VenueConnect","Find the best photographers in Sector 2, Gandhinagar for your event. Browse verified profiles, compare pricing & get WhatsApp leads instantly on VenueConnect.","Top Photographers in Sector 2, Gandhinagar",photographers in Sector 2 Gandhinagar,"photographers near Sector 2, photographers Sector 2 Gandhinagar, best photographers near Sector 2",Transactional (Hyper-local),Medium
Vendor + City Area,"Caterers in Sector 2, Gandhinagar | VenueConnect",/gandhinagar/sector-2/vendors/caterers/,"Top Caterers in Sector 2, Gandhinagar | Hire Near You - VenueConnect","Find the best caterers in Sector 2, Gandhinagar for your event. Browse verified profiles, compare pricing & get WhatsApp leads instantly on VenueConnect.","Top Caterers in Sector 2, Gandhinagar",caterers in Sector 2 Gandhinagar,"caterers near Sector 2, caterers Sector 2 Gandhinagar, best caterers near Sector 2",Transactional (Hyper-local),Medium
Vendor + City Area,"Decorators in Sector 2, Gandhinagar | VenueConnect",/gandhinagar/sector-2/vendors/decorators/,"Top Decorators in Sector 2, Gandhinagar | Hire Near You - VenueConnect","Find the best decorators in Sector 2, Gandhinagar for your event. Browse verified profiles, compare pricing & get WhatsApp leads instantly on VenueConnect.","Top Decorators in Sector 2, Gandhinagar",decorators in Sector 2 Gandhinagar,"decorators near Sector 2, decorators Sector 2 Gandhinagar, best decorators near Sector 2",Transactional (Hyper-local),Medium
Vendor + City Area,"Mehndi Artists in Sector 2, Gandhinagar | VenueConnect",/gandhinagar/sector-2/vendors/mehndi-artists/,"Top Mehndi Artists in Sector 2, Gandhinagar | Hire Near You - VenueConnect","Find the best mehndi artists in Sector 2, Gandhinagar for your event. Browse verified profiles, compare pricing & get WhatsApp leads instantly on VenueConnect.","Top Mehndi Artists in Sector 2, Gandhinagar",mehndi artists in Sector 2 Gandhinagar,"mehndi artists near Sector 2, mehndi artists Sector 2 Gandhinagar, best mehndi artists near Sector 2",Transactional (Hyper-local),Medium
Vendor + City Area,"Photographers in Sector 3, Gandhinagar | VenueConnect",/gandhinagar/sector-3/vendors/photographers/,"Top Photographers in Sector 3, Gandhinagar | Hire Near You - VenueConnect","Find the best photographers in Sector 3, Gandhinagar for your event. Browse verified profiles, compare pricing & get WhatsApp leads instantly on VenueConnect.","Top Photographers in Sector 3, Gandhinagar",photographers in Sector 3 Gandhinagar,"photographers near Sector 3, photographers Sector 3 Gandhinagar, best photographers near Sector 3",Transactional (Hyper-local),Medium
Vendor + City Area,"Caterers in Sector 3, Gandhinagar | VenueConnect",/gandhinagar/sector-3/vendors/caterers/,"Top Caterers in Sector 3, Gandhinagar | Hire Near You - VenueConnect","Find the best caterers in Sector 3, Gandhinagar for your event. Browse verified profiles, compare pricing & get WhatsApp leads instantly on VenueConnect.","Top Caterers in Sector 3, Gandhinagar",caterers in Sector 3 Gandhinagar,"caterers near Sector 3, caterers Sector 3 Gandhinagar, best caterers near Sector 3",Transactional (Hyper-local),Medium
Vendor + City Area,"Decorators in Sector 3, Gandhinagar | VenueConnect",/gandhinagar/sector-3/vendors/decorators/,"Top Decorators in Sector 3, Gandhinagar | Hire Near You - VenueConnect","Find the best decorators in Sector 3, Gandhinagar for your event. Browse verified profiles, compare pricing & get WhatsApp leads instantly on VenueConnect.","Top Decorators in Sector 3, Gandhinagar",decorators in Sector 3 Gandhinagar,"decorators near Sector 3, decorators Sector 3 Gandhinagar, best decorators near Sector 3",Transactional (Hyper-local),Medium
Vendor + City Area,"Mehndi Artists in Sector 3, Gandhinagar | VenueConnect",/gandhinagar/sector-3/vendors/mehndi-artists/,"Top Mehndi Artists in Sector 3, Gandhinagar | Hire Near You - VenueConnect","Find the best mehndi artists in Sector 3, Gandhinagar for your event. Browse verified profiles, compare pricing & get WhatsApp leads instantly on VenueConnect.","Top Mehndi Artists in Sector 3, Gandhinagar",mehndi artists in Sector 3 Gandhinagar,"mehndi artists near Sector 3, mehndi artists Sector 3 Gandhinagar, best mehndi artists near Sector 3",Transactional (Hyper-local),Medium
Vendor + City Area,"Photographers in Sector 4, Gandhinagar | VenueConnect",/gandhinagar/sector-4/vendors/photographers/,"Top Photographers in Sector 4, Gandhinagar | Hire Near You - VenueConnect","Find the best photographers in Sector 4, Gandhinagar for your event. Browse verified profiles, compare pricing & get WhatsApp leads instantly on VenueConnect.","Top Photographers in Sector 4, Gandhinagar",photographers in Sector 4 Gandhinagar,"photographers near Sector 4, photographers Sector 4 Gandhinagar, best photographers near Sector 4",Transactional (Hyper-local),Medium
Vendor + City Area,"Caterers in Sector 4, Gandhinagar | VenueConnect",/gandhinagar/sector-4/vendors/caterers/,"Top Caterers in Sector 4, Gandhinagar | Hire Near You - VenueConnect","Find the best caterers in Sector 4, Gandhinagar for your event. Browse verified profiles, compare pricing & get WhatsApp leads instantly on VenueConnect.","Top Caterers in Sector 4, Gandhinagar",caterers in Sector 4 Gandhinagar,"caterers near Sector 4, caterers Sector 4 Gandhinagar, best caterers near Sector 4",Transactional (Hyper-local),Medium
Vendor + City Area,"Decorators in Sector 4, Gandhinagar | VenueConnect",/gandhinagar/sector-4/vendors/decorators/,"Top Decorators in Sector 4, Gandhinagar | Hire Near You - VenueConnect","Find the best decorators in Sector 4, Gandhinagar for your event. Browse verified profiles, compare pricing & get WhatsApp leads instantly on VenueConnect.","Top Decorators in Sector 4, Gandhinagar",decorators in Sector 4 Gandhinagar,"decorators near Sector 4, decorators Sector 4 Gandhinagar, best decorators near Sector 4",Transactional (Hyper-local),Medium
Vendor + City Area,"Mehndi Artists in Sector 4, Gandhinagar | VenueConnect",/gandhinagar/sector-4/vendors/mehndi-artists/,"Top Mehndi Artists in Sector 4, Gandhinagar | Hire Near You - VenueConnect","Find the best mehndi artists in Sector 4, Gandhinagar for your event. Browse verified profiles, compare pricing & get WhatsApp leads instantly on VenueConnect.","Top Mehndi Artists in Sector 4, Gandhinagar",mehndi artists in Sector 4 Gandhinagar,"mehndi artists near Sector 4, mehndi artists Sector 4 Gandhinagar, best mehndi artists near Sector 4",Transactional (Hyper-local),Medium
Vendor + City Area,"Photographers in Sector 5, Gandhinagar | VenueConnect",/gandhinagar/sector-5/vendors/photographers/,"Top Photographers in Sector 5, Gandhinagar | Hire Near You - VenueConnect","Find the best photographers in Sector 5, Gandhinagar for your event. Browse verified profiles, compare pricing & get WhatsApp leads instantly on VenueConnect.","Top Photographers in Sector 5, Gandhinagar",photographers in Sector 5 Gandhinagar,"photographers near Sector 5, photographers Sector 5 Gandhinagar, best photographers near Sector 5",Transactional (Hyper-local),Medium
Vendor + City Area,"Caterers in Sector 5, Gandhinagar | VenueConnect",/gandhinagar/sector-5/vendors/caterers/,"Top Caterers in Sector 5, Gandhinagar | Hire Near You - VenueConnect","Find the best caterers in Sector 5, Gandhinagar for your event. Browse verified profiles, compare pricing & get WhatsApp leads instantly on VenueConnect.","Top Caterers in Sector 5, Gandhinagar",caterers in Sector 5 Gandhinagar,"caterers near Sector 5, caterers Sector 5 Gandhinagar, best caterers near Sector 5",Transactional (Hyper-local),Medium
Vendor + City Area,"Decorators in Sector 5, Gandhinagar | VenueConnect",/gandhinagar/sector-5/vendors/decorators/,"Top Decorators in Sector 5, Gandhinagar | Hire Near You - VenueConnect","Find the best decorators in Sector 5, Gandhinagar for your event. Browse verified profiles, compare pricing & get WhatsApp leads instantly on VenueConnect.","Top Decorators in Sector 5, Gandhinagar",decorators in Sector 5 Gandhinagar,"decorators near Sector 5, decorators Sector 5 Gandhinagar, best decorators near Sector 5",Transactional (Hyper-local),Medium
Vendor + City Area,"Mehndi Artists in Sector 5, Gandhinagar | VenueConnect",/gandhinagar/sector-5/vendors/mehndi-artists/,"Top Mehndi Artists in Sector 5, Gandhinagar | Hire Near You - VenueConnect","Find the best mehndi artists in Sector 5, Gandhinagar for your event. Browse verified profiles, compare pricing & get WhatsApp leads instantly on VenueConnect.","Top Mehndi Artists in Sector 5, Gandhinagar",mehndi artists in Sector 5 Gandhinagar,"mehndi artists near Sector 5, mehndi artists Sector 5 Gandhinagar, best mehndi artists near Sector 5",Transactional (Hyper-local),Medium
Vendor + City Area,"Photographers in Sector 6, Gandhinagar | VenueConnect",/gandhinagar/sector-6/vendors/photographers/,"Top Photographers in Sector 6, Gandhinagar | Hire Near You - VenueConnect","Find the best photographers in Sector 6, Gandhinagar for your event. Browse verified profiles, compare pricing & get WhatsApp leads instantly on VenueConnect.","Top Photographers in Sector 6, Gandhinagar",photographers in Sector 6 Gandhinagar,"photographers near Sector 6, photographers Sector 6 Gandhinagar, best photographers near Sector 6",Transactional (Hyper-local),Medium
Vendor + City Area,"Caterers in Sector 6, Gandhinagar | VenueConnect",/gandhinagar/sector-6/vendors/caterers/,"Top Caterers in Sector 6, Gandhinagar | Hire Near You - VenueConnect","Find the best caterers in Sector 6, Gandhinagar for your event. Browse verified profiles, compare pricing & get WhatsApp leads instantly on VenueConnect.","Top Caterers in Sector 6, Gandhinagar",caterers in Sector 6 Gandhinagar,"caterers near Sector 6, caterers Sector 6 Gandhinagar, best caterers near Sector 6",Transactional (Hyper-local),Medium
Vendor + City Area,"Decorators in Sector 6, Gandhinagar | VenueConnect",/gandhinagar/sector-6/vendors/decorators/,"Top Decorators in Sector 6, Gandhinagar | Hire Near You - VenueConnect","Find the best decorators in Sector 6, Gandhinagar for your event. Browse verified profiles, compare pricing & get WhatsApp leads instantly on VenueConnect.","Top Decorators in Sector 6, Gandhinagar",decorators in Sector 6 Gandhinagar,"decorators near Sector 6, decorators Sector 6 Gandhinagar, best decorators near Sector 6",Transactional (Hyper-local),Medium
Vendor + City Area,"Mehndi Artists in Sector 6, Gandhinagar | VenueConnect",/gandhinagar/sector-6/vendors/mehndi-artists/,"Top Mehndi Artists in Sector 6, Gandhinagar | Hire Near You - VenueConnect","Find the best mehndi artists in Sector 6, Gandhinagar for your event. Browse verified profiles, compare pricing & get WhatsApp leads instantly on VenueConnect.","Top Mehndi Artists in Sector 6, Gandhinagar",mehndi artists in Sector 6 Gandhinagar,"mehndi artists near Sector 6, mehndi artists Sector 6 Gandhinagar, best mehndi artists near Sector 6",Transactional (Hyper-local),Medium
Vendor + City Area,"Photographers in Sector 7, Gandhinagar | VenueConnect",/gandhinagar/sector-7/vendors/photographers/,"Top Photographers in Sector 7, Gandhinagar | Hire Near You - VenueConnect","Find the best photographers in Sector 7, Gandhinagar for your event. Browse verified profiles, compare pricing & get WhatsApp leads instantly on VenueConnect.","Top Photographers in Sector 7, Gandhinagar",photographers in Sector 7 Gandhinagar,"photographers near Sector 7, photographers Sector 7 Gandhinagar, best photographers near Sector 7",Transactional (Hyper-local),Medium
Vendor + City Area,"Caterers in Sector 7, Gandhinagar | VenueConnect",/gandhinagar/sector-7/vendors/caterers/,"Top Caterers in Sector 7, Gandhinagar | Hire Near You - VenueConnect","Find the best caterers in Sector 7, Gandhinagar for your event. Browse verified profiles, compare pricing & get WhatsApp leads instantly on VenueConnect.","Top Caterers in Sector 7, Gandhinagar",caterers in Sector 7 Gandhinagar,"caterers near Sector 7, caterers Sector 7 Gandhinagar, best caterers near Sector 7",Transactional (Hyper-local),Medium
Vendor + City Area,"Decorators in Sector 7, Gandhinagar | VenueConnect",/gandhinagar/sector-7/vendors/decorators/,"Top Decorators in Sector 7, Gandhinagar | Hire Near You - VenueConnect","Find the best decorators in Sector 7, Gandhinagar for your event. Browse verified profiles, compare pricing & get WhatsApp leads instantly on VenueConnect.","Top Decorators in Sector 7, Gandhinagar",decorators in Sector 7 Gandhinagar,"decorators near Sector 7, decorators Sector 7 Gandhinagar, best decorators near Sector 7",Transactional (Hyper-local),Medium
Vendor + City Area,"Mehndi Artists in Sector 7, Gandhinagar | VenueConnect",/gandhinagar/sector-7/vendors/mehndi-artists/,"Top Mehndi Artists in Sector 7, Gandhinagar | Hire Near You - VenueConnect","Find the best mehndi artists in Sector 7, Gandhinagar for your event. Browse verified profiles, compare pricing & get WhatsApp leads instantly on VenueConnect.","Top Mehndi Artists in Sector 7, Gandhinagar",mehndi artists in Sector 7 Gandhinagar,"mehndi artists near Sector 7, mehndi artists Sector 7 Gandhinagar, best mehndi artists near Sector 7",Transactional (Hyper-local),Medium
Vendor + City Area,"Photographers in Sector 8, Gandhinagar | VenueConnect",/gandhinagar/sector-8/vendors/photographers/,"Top Photographers in Sector 8, Gandhinagar | Hire Near You - VenueConnect","Find the best photographers in Sector 8, Gandhinagar for your event. Browse verified profiles, compare pricing & get WhatsApp leads instantly on VenueConnect.","Top Photographers in Sector 8, Gandhinagar",photographers in Sector 8 Gandhinagar,"photographers near Sector 8, photographers Sector 8 Gandhinagar, best photographers near Sector 8",Transactional (Hyper-local),Medium
Vendor + City Area,"Caterers in Sector 8, Gandhinagar | VenueConnect",/gandhinagar/sector-8/vendors/caterers/,"Top Caterers in Sector 8, Gandhinagar | Hire Near You - VenueConnect","Find the best caterers in Sector 8, Gandhinagar for your event. Browse verified profiles, compare pricing & get WhatsApp leads instantly on VenueConnect.","Top Caterers in Sector 8, Gandhinagar",caterers in Sector 8 Gandhinagar,"caterers near Sector 8, caterers Sector 8 Gandhinagar, best caterers near Sector 8",Transactional (Hyper-local),Medium
Vendor + City Area,"Decorators in Sector 8, Gandhinagar | VenueConnect",/gandhinagar/sector-8/vendors/decorators/,"Top Decorators in Sector 8, Gandhinagar | Hire Near You - VenueConnect","Find the best decorators in Sector 8, Gandhinagar for your event. Browse verified profiles, compare pricing & get WhatsApp leads instantly on VenueConnect.","Top Decorators in Sector 8, Gandhinagar",decorators in Sector 8 Gandhinagar,"decorators near Sector 8, decorators Sector 8 Gandhinagar, best decorators near Sector 8",Transactional (Hyper-local),Medium
Vendor + City Area,"Mehndi Artists in Sector 8, Gandhinagar | VenueConnect",/gandhinagar/sector-8/vendors/mehndi-artists/,"Top Mehndi Artists in Sector 8, Gandhinagar | Hire Near You - VenueConnect","Find the best mehndi artists in Sector 8, Gandhinagar for your event. Browse verified profiles, compare pricing & get WhatsApp leads instantly on VenueConnect.","Top Mehndi Artists in Sector 8, Gandhinagar",mehndi artists in Sector 8 Gandhinagar,"mehndi artists near Sector 8, mehndi artists Sector 8 Gandhinagar, best mehndi artists near Sector 8",Transactional (Hyper-local),Medium
Vendor + City Area,"Photographers in Sector 9, Gandhinagar | VenueConnect",/gandhinagar/sector-9/vendors/photographers/,"Top Photographers in Sector 9, Gandhinagar | Hire Near You - VenueConnect","Find the best photographers in Sector 9, Gandhinagar for your event. Browse verified profiles, compare pricing & get WhatsApp leads instantly on VenueConnect.","Top Photographers in Sector 9, Gandhinagar",photographers in Sector 9 Gandhinagar,"photographers near Sector 9, photographers Sector 9 Gandhinagar, best photographers near Sector 9",Transactional (Hyper-local),Medium
Vendor + City Area,"Caterers in Sector 9, Gandhinagar | VenueConnect",/gandhinagar/sector-9/vendors/caterers/,"Top Caterers in Sector 9, Gandhinagar | Hire Near You - VenueConnect","Find the best caterers in Sector 9, Gandhinagar for your event. Browse verified profiles, compare pricing & get WhatsApp leads instantly on VenueConnect.","Top Caterers in Sector 9, Gandhinagar",caterers in Sector 9 Gandhinagar,"caterers near Sector 9, caterers Sector 9 Gandhinagar, best caterers near Sector 9",Transactional (Hyper-local),Medium
Vendor + City Area,"Decorators in Sector 9, Gandhinagar | VenueConnect",/gandhinagar/sector-9/vendors/decorators/,"Top Decorators in Sector 9, Gandhinagar | Hire Near You - VenueConnect","Find the best decorators in Sector 9, Gandhinagar for your event. Browse verified profiles, compare pricing & get WhatsApp leads instantly on VenueConnect.","Top Decorators in Sector 9, Gandhinagar",decorators in Sector 9 Gandhinagar,"decorators near Sector 9, decorators Sector 9 Gandhinagar, best decorators near Sector 9",Transactional (Hyper-local),Medium
Vendor + City Area,"Mehndi Artists in Sector 9, Gandhinagar | VenueConnect",/gandhinagar/sector-9/vendors/mehndi-artists/,"Top Mehndi Artists in Sector 9, Gandhinagar | Hire Near You - VenueConnect","Find the best mehndi artists in Sector 9, Gandhinagar for your event. Browse verified profiles, compare pricing & get WhatsApp leads instantly on VenueConnect.","Top Mehndi Artists in Sector 9, Gandhinagar",mehndi artists in Sector 9 Gandhinagar,"mehndi artists near Sector 9, mehndi artists Sector 9 Gandhinagar, best mehndi artists near Sector 9",Transactional (Hyper-local),Medium
Vendor + City Area,"Photographers in Sector 10, Gandhinagar | VenueConnect",/gandhinagar/sector-10/vendors/photographers/,"Top Photographers in Sector 10, Gandhinagar | Hire Near You - VenueConnect","Find the best photographers in Sector 10, Gandhinagar for your event. Browse verified profiles, compare pricing & get WhatsApp leads instantly on VenueConnect.","Top Photographers in Sector 10, Gandhinagar",photographers in Sector 10 Gandhinagar,"photographers near Sector 10, photographers Sector 10 Gandhinagar, best photographers near Sector 10",Transactional (Hyper-local),Medium
Vendor + City Area,"Caterers in Sector 10, Gandhinagar | VenueConnect",/gandhinagar/sector-10/vendors/caterers/,"Top Caterers in Sector 10, Gandhinagar | Hire Near You - VenueConnect","Find the best caterers in Sector 10, Gandhinagar for your event. Browse verified profiles, compare pricing & get WhatsApp leads instantly on VenueConnect.","Top Caterers in Sector 10, Gandhinagar",caterers in Sector 10 Gandhinagar,"caterers near Sector 10, caterers Sector 10 Gandhinagar, best caterers near Sector 10",Transactional (Hyper-local),Medium
Vendor + City Area,"Decorators in Sector 10, Gandhinagar | VenueConnect",/gandhinagar/sector-10/vendors/decorators/,"Top Decorators in Sector 10, Gandhinagar | Hire Near You - VenueConnect","Find the best decorators in Sector 10, Gandhinagar for your event. Browse verified profiles, compare pricing & get WhatsApp leads instantly on VenueConnect.","Top Decorators in Sector 10, Gandhinagar",decorators in Sector 10 Gandhinagar,"decorators near Sector 10, decorators Sector 10 Gandhinagar, best decorators near Sector 10",Transactional (Hyper-local),Medium
Vendor + City Area,"Mehndi Artists in Sector 10, Gandhinagar | VenueConnect",/gandhinagar/sector-10/vendors/mehndi-artists/,"Top Mehndi Artists in Sector 10, Gandhinagar | Hire Near You - VenueConnect","Find the best mehndi artists in Sector 10, Gandhinagar for your event. Browse verified profiles, compare pricing & get WhatsApp leads instantly on VenueConnect.","Top Mehndi Artists in Sector 10, Gandhinagar",mehndi artists in Sector 10 Gandhinagar,"mehndi artists near Sector 10, mehndi artists Sector 10 Gandhinagar, best mehndi artists near Sector 10",Transactional (Hyper-local),Medium
Vendor + City Area,"Photographers in Sector 11, Gandhinagar | VenueConnect",/gandhinagar/sector-11/vendors/photographers/,"Top Photographers in Sector 11, Gandhinagar | Hire Near You - VenueConnect","Find the best photographers in Sector 11, Gandhinagar for your event. Browse verified profiles, compare pricing & get WhatsApp leads instantly on VenueConnect.","Top Photographers in Sector 11, Gandhinagar",photographers in Sector 11 Gandhinagar,"photographers near Sector 11, photographers Sector 11 Gandhinagar, best photographers near Sector 11",Transactional (Hyper-local),Medium
Vendor + City Area,"Caterers in Sector 11, Gandhinagar | VenueConnect",/gandhinagar/sector-11/vendors/caterers/,"Top Caterers in Sector 11, Gandhinagar | Hire Near You - VenueConnect","Find the best caterers in Sector 11, Gandhinagar for your event. Browse verified profiles, compare pricing & get WhatsApp leads instantly on VenueConnect.","Top Caterers in Sector 11, Gandhinagar",caterers in Sector 11 Gandhinagar,"caterers near Sector 11, caterers Sector 11 Gandhinagar, best caterers near Sector 11",Transactional (Hyper-local),Medium
Vendor + City Area,"Decorators in Sector 11, Gandhinagar | VenueConnect",/gandhinagar/sector-11/vendors/decorators/,"Top Decorators in Sector 11, Gandhinagar | Hire Near You - VenueConnect","Find the best decorators in Sector 11, Gandhinagar for your event. Browse verified profiles, compare pricing & get WhatsApp leads instantly on VenueConnect.","Top Decorators in Sector 11, Gandhinagar",decorators in Sector 11 Gandhinagar,"decorators near Sector 11, decorators Sector 11 Gandhinagar, best decorators near Sector 11",Transactional (Hyper-local),Medium
Vendor + City Area,"Mehndi Artists in Sector 11, Gandhinagar | VenueConnect",/gandhinagar/sector-11/vendors/mehndi-artists/,"Top Mehndi Artists in Sector 11, Gandhinagar | Hire Near You - VenueConnect","Find the best mehndi artists in Sector 11, Gandhinagar for your event. Browse verified profiles, compare pricing & get WhatsApp leads instantly on VenueConnect.","Top Mehndi Artists in Sector 11, Gandhinagar",mehndi artists in Sector 11 Gandhinagar,"mehndi artists near Sector 11, mehndi artists Sector 11 Gandhinagar, best mehndi artists near Sector 11",Transactional (Hyper-local),Medium
Vendor + City Area,"Photographers in Sector 12, Gandhinagar | VenueConnect",/gandhinagar/sector-12/vendors/photographers/,"Top Photographers in Sector 12, Gandhinagar | Hire Near You - VenueConnect","Find the best photographers in Sector 12, Gandhinagar for your event. Browse verified profiles, compare pricing & get WhatsApp leads instantly on VenueConnect.","Top Photographers in Sector 12, Gandhinagar",photographers in Sector 12 Gandhinagar,"photographers near Sector 12, photographers Sector 12 Gandhinagar, best photographers near Sector 12",Transactional (Hyper-local),Medium
Vendor + City Area,"Caterers in Sector 12, Gandhinagar | VenueConnect",/gandhinagar/sector-12/vendors/caterers/,"Top Caterers in Sector 12, Gandhinagar | Hire Near You - VenueConnect","Find the best caterers in Sector 12, Gandhinagar for your event. Browse verified profiles, compare pricing & get WhatsApp leads instantly on VenueConnect.","Top Caterers in Sector 12, Gandhinagar",caterers in Sector 12 Gandhinagar,"caterers near Sector 12, caterers Sector 12 Gandhinagar, best caterers near Sector 12",Transactional (Hyper-local),Medium
Vendor + City Area,"Decorators in Sector 12, Gandhinagar | VenueConnect",/gandhinagar/sector-12/vendors/decorators/,"Top Decorators in Sector 12, Gandhinagar | Hire Near You - VenueConnect","Find the best decorators in Sector 12, Gandhinagar for your event. Browse verified profiles, compare pricing & get WhatsApp leads instantly on VenueConnect.","Top Decorators in Sector 12, Gandhinagar",decorators in Sector 12 Gandhinagar,"decorators near Sector 12, decorators Sector 12 Gandhinagar, best decorators near Sector 12",Transactional (Hyper-local),Medium
Vendor + City Area,"Mehndi Artists in Sector 12, Gandhinagar | VenueConnect",/gandhinagar/sector-12/vendors/mehndi-artists/,"Top Mehndi Artists in Sector 12, Gandhinagar | Hire Near You - VenueConnect","Find the best mehndi artists in Sector 12, Gandhinagar for your event. Browse verified profiles, compare pricing & get WhatsApp leads instantly on VenueConnect.","Top Mehndi Artists in Sector 12, Gandhinagar",mehndi artists in Sector 12 Gandhinagar,"mehndi artists near Sector 12, mehndi artists Sector 12 Gandhinagar, best mehndi artists near Sector 12",Transactional (Hyper-local),Medium
Vendor + City Area,"Photographers in Sector 13, Gandhinagar | VenueConnect",/gandhinagar/sector-13/vendors/photographers/,"Top Photographers in Sector 13, Gandhinagar | Hire Near You - VenueConnect","Find the best photographers in Sector 13, Gandhinagar for your event. Browse verified profiles, compare pricing & get WhatsApp leads instantly on VenueConnect.","Top Photographers in Sector 13, Gandhinagar",photographers in Sector 13 Gandhinagar,"photographers near Sector 13, photographers Sector 13 Gandhinagar, best photographers near Sector 13",Transactional (Hyper-local),Medium
Vendor + City Area,"Caterers in Sector 13, Gandhinagar | VenueConnect",/gandhinagar/sector-13/vendors/caterers/,"Top Caterers in Sector 13, Gandhinagar | Hire Near You - VenueConnect","Find the best caterers in Sector 13, Gandhinagar for your event. Browse verified profiles, compare pricing & get WhatsApp leads instantly on VenueConnect.","Top Caterers in Sector 13, Gandhinagar",caterers in Sector 13 Gandhinagar,"caterers near Sector 13, caterers Sector 13 Gandhinagar, best caterers near Sector 13",Transactional (Hyper-local),Medium
Vendor + City Area,"Decorators in Sector 13, Gandhinagar | VenueConnect",/gandhinagar/sector-13/vendors/decorators/,"Top Decorators in Sector 13, Gandhinagar | Hire Near You - VenueConnect","Find the best decorators in Sector 13, Gandhinagar for your event. Browse verified profiles, compare pricing & get WhatsApp leads instantly on VenueConnect.","Top Decorators in Sector 13, Gandhinagar",decorators in Sector 13 Gandhinagar,"decorators near Sector 13, decorators Sector 13 Gandhinagar, best decorators near Sector 13",Transactional (Hyper-local),Medium
Vendor + City Area,"Mehndi Artists in Sector 13, Gandhinagar | VenueConnect",/gandhinagar/sector-13/vendors/mehndi-artists/,"Top Mehndi Artists in Sector 13, Gandhinagar | Hire Near You - VenueConnect","Find the best mehndi artists in Sector 13, Gandhinagar for your event. Browse verified profiles, compare pricing & get WhatsApp leads instantly on VenueConnect.","Top Mehndi Artists in Sector 13, Gandhinagar",mehndi artists in Sector 13 Gandhinagar,"mehndi artists near Sector 13, mehndi artists Sector 13 Gandhinagar, best mehndi artists near Sector 13",Transactional (Hyper-local),Medium
Vendor + City Area,"Photographers in Sector 14, Gandhinagar | VenueConnect",/gandhinagar/sector-14/vendors/photographers/,"Top Photographers in Sector 14, Gandhinagar | Hire Near You - VenueConnect","Find the best photographers in Sector 14, Gandhinagar for your event. Browse verified profiles, compare pricing & get WhatsApp leads instantly on VenueConnect.","Top Photographers in Sector 14, Gandhinagar",photographers in Sector 14 Gandhinagar,"photographers near Sector 14, photographers Sector 14 Gandhinagar, best photographers near Sector 14",Transactional (Hyper-local),Medium
Vendor + City Area,"Caterers in Sector 14, Gandhinagar | VenueConnect",/gandhinagar/sector-14/vendors/caterers/,"Top Caterers in Sector 14, Gandhinagar | Hire Near You - VenueConnect","Find the best caterers in Sector 14, Gandhinagar for your event. Browse verified profiles, compare pricing & get WhatsApp leads instantly on VenueConnect.","Top Caterers in Sector 14, Gandhinagar",caterers in Sector 14 Gandhinagar,"caterers near Sector 14, caterers Sector 14 Gandhinagar, best caterers near Sector 14",Transactional (Hyper-local),Medium
Vendor + City Area,"Decorators in Sector 14, Gandhinagar | VenueConnect",/gandhinagar/sector-14/vendors/decorators/,"Top Decorators in Sector 14, Gandhinagar | Hire Near You - VenueConnect","Find the best decorators in Sector 14, Gandhinagar for your event. Browse verified profiles, compare pricing & get WhatsApp leads instantly on VenueConnect.","Top Decorators in Sector 14, Gandhinagar",decorators in Sector 14 Gandhinagar,"decorators near Sector 14, decorators Sector 14 Gandhinagar, best decorators near Sector 14",Transactional (Hyper-local),Medium
Vendor + City Area,"Mehndi Artists in Sector 14, Gandhinagar | VenueConnect",/gandhinagar/sector-14/vendors/mehndi-artists/,"Top Mehndi Artists in Sector 14, Gandhinagar | Hire Near You - VenueConnect","Find the best mehndi artists in Sector 14, Gandhinagar for your event. Browse verified profiles, compare pricing & get WhatsApp leads instantly on VenueConnect.","Top Mehndi Artists in Sector 14, Gandhinagar",mehndi artists in Sector 14 Gandhinagar,"mehndi artists near Sector 14, mehndi artists Sector 14 Gandhinagar, best mehndi artists near Sector 14",Transactional (Hyper-local),Medium
Vendor + City Area,"Photographers in Sector 15, Gandhinagar | VenueConnect",/gandhinagar/sector-15/vendors/photographers/,"Top Photographers in Sector 15, Gandhinagar | Hire Near You - VenueConnect","Find the best photographers in Sector 15, Gandhinagar for your event. Browse verified profiles, compare pricing & get WhatsApp leads instantly on VenueConnect.","Top Photographers in Sector 15, Gandhinagar",photographers in Sector 15 Gandhinagar,"photographers near Sector 15, photographers Sector 15 Gandhinagar, best photographers near Sector 15",Transactional (Hyper-local),Medium
Vendor + City Area,"Caterers in Sector 15, Gandhinagar | VenueConnect",/gandhinagar/sector-15/vendors/caterers/,"Top Caterers in Sector 15, Gandhinagar | Hire Near You - VenueConnect","Find the best caterers in Sector 15, Gandhinagar for your event. Browse verified profiles, compare pricing & get WhatsApp leads instantly on VenueConnect.","Top Caterers in Sector 15, Gandhinagar",caterers in Sector 15 Gandhinagar,"caterers near Sector 15, caterers Sector 15 Gandhinagar, best caterers near Sector 15",Transactional (Hyper-local),Medium
Vendor + City Area,"Decorators in Sector 15, Gandhinagar | VenueConnect",/gandhinagar/sector-15/vendors/decorators/,"Top Decorators in Sector 15, Gandhinagar | Hire Near You - VenueConnect","Find the best decorators in Sector 15, Gandhinagar for your event. Browse verified profiles, compare pricing & get WhatsApp leads instantly on VenueConnect.","Top Decorators in Sector 15, Gandhinagar",decorators in Sector 15 Gandhinagar,"decorators near Sector 15, decorators Sector 15 Gandhinagar, best decorators near Sector 15",Transactional (Hyper-local),Medium
Vendor + City Area,"Mehndi Artists in Sector 15, Gandhinagar | VenueConnect",/gandhinagar/sector-15/vendors/mehndi-artists/,"Top Mehndi Artists in Sector 15, Gandhinagar | Hire Near You - VenueConnect","Find the best mehndi artists in Sector 15, Gandhinagar for your event. Browse verified profiles, compare pricing & get WhatsApp leads instantly on VenueConnect.","Top Mehndi Artists in Sector 15, Gandhinagar",mehndi artists in Sector 15 Gandhinagar,"mehndi artists near Sector 15, mehndi artists Sector 15 Gandhinagar, best mehndi artists near Sector 15",Transactional (Hyper-local),Medium
Vendor + City Area,"Photographers in Sector 16, Gandhinagar | VenueConnect",/gandhinagar/sector-16/vendors/photographers/,"Top Photographers in Sector 16, Gandhinagar | Hire Near You - VenueConnect","Find the best photographers in Sector 16, Gandhinagar for your event. Browse verified profiles, compare pricing & get WhatsApp leads instantly on VenueConnect.","Top Photographers in Sector 16, Gandhinagar",photographers in Sector 16 Gandhinagar,"photographers near Sector 16, photographers Sector 16 Gandhinagar, best photographers near Sector 16",Transactional (Hyper-local),Medium
Vendor + City Area,"Caterers in Sector 16, Gandhinagar | VenueConnect",/gandhinagar/sector-16/vendors/caterers/,"Top Caterers in Sector 16, Gandhinagar | Hire Near You - VenueConnect","Find the best caterers in Sector 16, Gandhinagar for your event. Browse verified profiles, compare pricing & get WhatsApp leads instantly on VenueConnect.","Top Caterers in Sector 16, Gandhinagar",caterers in Sector 16 Gandhinagar,"caterers near Sector 16, caterers Sector 16 Gandhinagar, best caterers near Sector 16",Transactional (Hyper-local),Medium
Vendor + City Area,"Decorators in Sector 16, Gandhinagar | VenueConnect",/gandhinagar/sector-16/vendors/decorators/,"Top Decorators in Sector 16, Gandhinagar | Hire Near You - VenueConnect","Find the best decorators in Sector 16, Gandhinagar for your event. Browse verified profiles, compare pricing & get WhatsApp leads instantly on VenueConnect.","Top Decorators in Sector 16, Gandhinagar",decorators in Sector 16 Gandhinagar,"decorators near Sector 16, decorators Sector 16 Gandhinagar, best decorators near Sector 16",Transactional (Hyper-local),Medium
Vendor + City Area,"Mehndi Artists in Sector 16, Gandhinagar | VenueConnect",/gandhinagar/sector-16/vendors/mehndi-artists/,"Top Mehndi Artists in Sector 16, Gandhinagar | Hire Near You - VenueConnect","Find the best mehndi artists in Sector 16, Gandhinagar for your event. Browse verified profiles, compare pricing & get WhatsApp leads instantly on VenueConnect.","Top Mehndi Artists in Sector 16, Gandhinagar",mehndi artists in Sector 16 Gandhinagar,"mehndi artists near Sector 16, mehndi artists Sector 16 Gandhinagar, best mehndi artists near Sector 16",Transactional (Hyper-local),Medium
Vendor + City Area,"Photographers in Sector 17, Gandhinagar | VenueConnect",/gandhinagar/sector-17/vendors/photographers/,"Top Photographers in Sector 17, Gandhinagar | Hire Near You - VenueConnect","Find the best photographers in Sector 17, Gandhinagar for your event. Browse verified profiles, compare pricing & get WhatsApp leads instantly on VenueConnect.","Top Photographers in Sector 17, Gandhinagar",photographers in Sector 17 Gandhinagar,"photographers near Sector 17, photographers Sector 17 Gandhinagar, best photographers near Sector 17",Transactional (Hyper-local),Medium
Vendor + City Area,"Caterers in Sector 17, Gandhinagar | VenueConnect",/gandhinagar/sector-17/vendors/caterers/,"Top Caterers in Sector 17, Gandhinagar | Hire Near You - VenueConnect","Find the best caterers in Sector 17, Gandhinagar for your event. Browse verified profiles, compare pricing & get WhatsApp leads instantly on VenueConnect.","Top Caterers in Sector 17, Gandhinagar",caterers in Sector 17 Gandhinagar,"caterers near Sector 17, caterers Sector 17 Gandhinagar, best caterers near Sector 17",Transactional (Hyper-local),Medium
Vendor + City Area,"Decorators in Sector 17, Gandhinagar | VenueConnect",/gandhinagar/sector-17/vendors/decorators/,"Top Decorators in Sector 17, Gandhinagar | Hire Near You - VenueConnect","Find the best decorators in Sector 17, Gandhinagar for your event. Browse verified profiles, compare pricing & get WhatsApp leads instantly on VenueConnect.","Top Decorators in Sector 17, Gandhinagar",decorators in Sector 17 Gandhinagar,"decorators near Sector 17, decorators Sector 17 Gandhinagar, best decorators near Sector 17",Transactional (Hyper-local),Medium
Vendor + City Area,"Mehndi Artists in Sector 17, Gandhinagar | VenueConnect",/gandhinagar/sector-17/vendors/mehndi-artists/,"Top Mehndi Artists in Sector 17, Gandhinagar | Hire Near You - VenueConnect","Find the best mehndi artists in Sector 17, Gandhinagar for your event. Browse verified profiles, compare pricing & get WhatsApp leads instantly on VenueConnect.","Top Mehndi Artists in Sector 17, Gandhinagar",mehndi artists in Sector 17 Gandhinagar,"mehndi artists near Sector 17, mehndi artists Sector 17 Gandhinagar, best mehndi artists near Sector 17",Transactional (Hyper-local),Medium
Vendor + City Area,"Photographers in Sector 18, Gandhinagar | VenueConnect",/gandhinagar/sector-18/vendors/photographers/,"Top Photographers in Sector 18, Gandhinagar | Hire Near You - VenueConnect","Find the best photographers in Sector 18, Gandhinagar for your event. Browse verified profiles, compare pricing & get WhatsApp leads instantly on VenueConnect.","Top Photographers in Sector 18, Gandhinagar",photographers in Sector 18 Gandhinagar,"photographers near Sector 18, photographers Sector 18 Gandhinagar, best photographers near Sector 18",Transactional (Hyper-local),Medium
Vendor + City Area,"Caterers in Sector 18, Gandhinagar | VenueConnect",/gandhinagar/sector-18/vendors/caterers/,"Top Caterers in Sector 18, Gandhinagar | Hire Near You - VenueConnect","Find the best caterers in Sector 18, Gandhinagar for your event. Browse verified profiles, compare pricing & get WhatsApp leads instantly on VenueConnect.","Top Caterers in Sector 18, Gandhinagar",caterers in Sector 18 Gandhinagar,"caterers near Sector 18, caterers Sector 18 Gandhinagar, best caterers near Sector 18",Transactional (Hyper-local),Medium
Vendor + City Area,"Decorators in Sector 18, Gandhinagar | VenueConnect",/gandhinagar/sector-18/vendors/decorators/,"Top Decorators in Sector 18, Gandhinagar | Hire Near You - VenueConnect","Find the best decorators in Sector 18, Gandhinagar for your event. Browse verified profiles, compare pricing & get WhatsApp leads instantly on VenueConnect.","Top Decorators in Sector 18, Gandhinagar",decorators in Sector 18 Gandhinagar,"decorators near Sector 18, decorators Sector 18 Gandhinagar, best decorators near Sector 18",Transactional (Hyper-local),Medium
Vendor + City Area,"Mehndi Artists in Sector 18, Gandhinagar | VenueConnect",/gandhinagar/sector-18/vendors/mehndi-artists/,"Top Mehndi Artists in Sector 18, Gandhinagar | Hire Near You - VenueConnect","Find the best mehndi artists in Sector 18, Gandhinagar for your event. Browse verified profiles, compare pricing & get WhatsApp leads instantly on VenueConnect.","Top Mehndi Artists in Sector 18, Gandhinagar",mehndi artists in Sector 18 Gandhinagar,"mehndi artists near Sector 18, mehndi artists Sector 18 Gandhinagar, best mehndi artists near Sector 18",Transactional (Hyper-local),Medium
Vendor + City Area,"Photographers in Sector 19, Gandhinagar | VenueConnect",/gandhinagar/sector-19/vendors/photographers/,"Top Photographers in Sector 19, Gandhinagar | Hire Near You - VenueConnect","Find the best photographers in Sector 19, Gandhinagar for your event. Browse verified profiles, compare pricing & get WhatsApp leads instantly on VenueConnect.","Top Photographers in Sector 19, Gandhinagar",photographers in Sector 19 Gandhinagar,"photographers near Sector 19, photographers Sector 19 Gandhinagar, best photographers near Sector 19",Transactional (Hyper-local),Medium
Vendor + City Area,"Caterers in Sector 19, Gandhinagar | VenueConnect",/gandhinagar/sector-19/vendors/caterers/,"Top Caterers in Sector 19, Gandhinagar | Hire Near You - VenueConnect","Find the best caterers in Sector 19, Gandhinagar for your event. Browse verified profiles, compare pricing & get WhatsApp leads instantly on VenueConnect.","Top Caterers in Sector 19, Gandhinagar",caterers in Sector 19 Gandhinagar,"caterers near Sector 19, caterers Sector 19 Gandhinagar, best caterers near Sector 19",Transactional (Hyper-local),Medium
Vendor + City Area,"Decorators in Sector 19, Gandhinagar | VenueConnect",/gandhinagar/sector-19/vendors/decorators/,"Top Decorators in Sector 19, Gandhinagar | Hire Near You - VenueConnect","Find the best decorators in Sector 19, Gandhinagar for your event. Browse verified profiles, compare pricing & get WhatsApp leads instantly on VenueConnect.","Top Decorators in Sector 19, Gandhinagar",decorators in Sector 19 Gandhinagar,"decorators near Sector 19, decorators Sector 19 Gandhinagar, best decorators near Sector 19",Transactional (Hyper-local),Medium
Vendor + City Area,"Mehndi Artists in Sector 19, Gandhinagar | VenueConnect",/gandhinagar/sector-19/vendors/mehndi-artists/,"Top Mehndi Artists in Sector 19, Gandhinagar | Hire Near You - VenueConnect","Find the best mehndi artists in Sector 19, Gandhinagar for your event. Browse verified profiles, compare pricing & get WhatsApp leads instantly on VenueConnect.","Top Mehndi Artists in Sector 19, Gandhinagar",mehndi artists in Sector 19 Gandhinagar,"mehndi artists near Sector 19, mehndi artists Sector 19 Gandhinagar, best mehndi artists near Sector 19",Transactional (Hyper-local),Medium
Vendor + City Area,"Photographers in Sector 20, Gandhinagar | VenueConnect",/gandhinagar/sector-20/vendors/photographers/,"Top Photographers in Sector 20, Gandhinagar | Hire Near You - VenueConnect","Find the best photographers in Sector 20, Gandhinagar for your event. Browse verified profiles, compare pricing & get WhatsApp leads instantly on VenueConnect.","Top Photographers in Sector 20, Gandhinagar",photographers in Sector 20 Gandhinagar,"photographers near Sector 20, photographers Sector 20 Gandhinagar, best photographers near Sector 20",Transactional (Hyper-local),Medium
Vendor + City Area,"Caterers in Sector 20, Gandhinagar | VenueConnect",/gandhinagar/sector-20/vendors/caterers/,"Top Caterers in Sector 20, Gandhinagar | Hire Near You - VenueConnect","Find the best caterers in Sector 20, Gandhinagar for your event. Browse verified profiles, compare pricing & get WhatsApp leads instantly on VenueConnect.","Top Caterers in Sector 20, Gandhinagar",caterers in Sector 20 Gandhinagar,"caterers near Sector 20, caterers Sector 20 Gandhinagar, best caterers near Sector 20",Transactional (Hyper-local),Medium
Vendor + City Area,"Decorators in Sector 20, Gandhinagar | VenueConnect",/gandhinagar/sector-20/vendors/decorators/,"Top Decorators in Sector 20, Gandhinagar | Hire Near You - VenueConnect","Find the best decorators in Sector 20, Gandhinagar for your event. Browse verified profiles, compare pricing & get WhatsApp leads instantly on VenueConnect.","Top Decorators in Sector 20, Gandhinagar",decorators in Sector 20 Gandhinagar,"decorators near Sector 20, decorators Sector 20 Gandhinagar, best decorators near Sector 20",Transactional (Hyper-local),Medium
Vendor + City Area,"Mehndi Artists in Sector 20, Gandhinagar | VenueConnect",/gandhinagar/sector-20/vendors/mehndi-artists/,"Top Mehndi Artists in Sector 20, Gandhinagar | Hire Near You - VenueConnect","Find the best mehndi artists in Sector 20, Gandhinagar for your event. Browse verified profiles, compare pricing & get WhatsApp leads instantly on VenueConnect.","Top Mehndi Artists in Sector 20, Gandhinagar",mehndi artists in Sector 20 Gandhinagar,"mehndi artists near Sector 20, mehndi artists Sector 20 Gandhinagar, best mehndi artists near Sector 20",Transactional (Hyper-local),Medium
Vendor + City Area,"Photographers in Sector 21, Gandhinagar | VenueConnect",/gandhinagar/sector-21/vendors/photographers/,"Top Photographers in Sector 21, Gandhinagar | Hire Near You - VenueConnect","Find the best photographers in Sector 21, Gandhinagar for your event. Browse verified profiles, compare pricing & get WhatsApp leads instantly on VenueConnect.","Top Photographers in Sector 21, Gandhinagar",photographers in Sector 21 Gandhinagar,"photographers near Sector 21, photographers Sector 21 Gandhinagar, best photographers near Sector 21",Transactional (Hyper-local),Medium
Vendor + City Area,"Caterers in Sector 21, Gandhinagar | VenueConnect",/gandhinagar/sector-21/vendors/caterers/,"Top Caterers in Sector 21, Gandhinagar | Hire Near You - VenueConnect","Find the best caterers in Sector 21, Gandhinagar for your event. Browse verified profiles, compare pricing & get WhatsApp leads instantly on VenueConnect.","Top Caterers in Sector 21, Gandhinagar",caterers in Sector 21 Gandhinagar,"caterers near Sector 21, caterers Sector 21 Gandhinagar, best caterers near Sector 21",Transactional (Hyper-local),Medium
Vendor + City Area,"Decorators in Sector 21, Gandhinagar | VenueConnect",/gandhinagar/sector-21/vendors/decorators/,"Top Decorators in Sector 21, Gandhinagar | Hire Near You - VenueConnect","Find the best decorators in Sector 21, Gandhinagar for your event. Browse verified profiles, compare pricing & get WhatsApp leads instantly on VenueConnect.","Top Decorators in Sector 21, Gandhinagar",decorators in Sector 21 Gandhinagar,"decorators near Sector 21, decorators Sector 21 Gandhinagar, best decorators near Sector 21",Transactional (Hyper-local),Medium
Vendor + City Area,"Mehndi Artists in Sector 21, Gandhinagar | VenueConnect",/gandhinagar/sector-21/vendors/mehndi-artists/,"Top Mehndi Artists in Sector 21, Gandhinagar | Hire Near You - VenueConnect","Find the best mehndi artists in Sector 21, Gandhinagar for your event. Browse verified profiles, compare pricing & get WhatsApp leads instantly on VenueConnect.","Top Mehndi Artists in Sector 21, Gandhinagar",mehndi artists in Sector 21 Gandhinagar,"mehndi artists near Sector 21, mehndi artists Sector 21 Gandhinagar, best mehndi artists near Sector 21",Transactional (Hyper-local),Medium
Vendor + City Area,"Photographers in Sector 22, Gandhinagar | VenueConnect",/gandhinagar/sector-22/vendors/photographers/,"Top Photographers in Sector 22, Gandhinagar | Hire Near You - VenueConnect","Find the best photographers in Sector 22, Gandhinagar for your event. Browse verified profiles, compare pricing & get WhatsApp leads instantly on VenueConnect.","Top Photographers in Sector 22, Gandhinagar",photographers in Sector 22 Gandhinagar,"photographers near Sector 22, photographers Sector 22 Gandhinagar, best photographers near Sector 22",Transactional (Hyper-local),Medium
Vendor + City Area,"Caterers in Sector 22, Gandhinagar | VenueConnect",/gandhinagar/sector-22/vendors/caterers/,"Top Caterers in Sector 22, Gandhinagar | Hire Near You - VenueConnect","Find the best caterers in Sector 22, Gandhinagar for your event. Browse verified profiles, compare pricing & get WhatsApp leads instantly on VenueConnect.","Top Caterers in Sector 22, Gandhinagar",caterers in Sector 22 Gandhinagar,"caterers near Sector 22, caterers Sector 22 Gandhinagar, best caterers near Sector 22",Transactional (Hyper-local),Medium
Vendor + City Area,"Decorators in Sector 22, Gandhinagar | VenueConnect",/gandhinagar/sector-22/vendors/decorators/,"Top Decorators in Sector 22, Gandhinagar | Hire Near You - VenueConnect","Find the best decorators in Sector 22, Gandhinagar for your event. Browse verified profiles, compare pricing & get WhatsApp leads instantly on VenueConnect.","Top Decorators in Sector 22, Gandhinagar",decorators in Sector 22 Gandhinagar,"decorators near Sector 22, decorators Sector 22 Gandhinagar, best decorators near Sector 22",Transactional (Hyper-local),Medium
Vendor + City Area,"Mehndi Artists in Sector 22, Gandhinagar | VenueConnect",/gandhinagar/sector-22/vendors/mehndi-artists/,"Top Mehndi Artists in Sector 22, Gandhinagar | Hire Near You - VenueConnect","Find the best mehndi artists in Sector 22, Gandhinagar for your event. Browse verified profiles, compare pricing & get WhatsApp leads instantly on VenueConnect.","Top Mehndi Artists in Sector 22, Gandhinagar",mehndi artists in Sector 22 Gandhinagar,"mehndi artists near Sector 22, mehndi artists Sector 22 Gandhinagar, best mehndi artists near Sector 22",Transactional (Hyper-local),Medium
Vendor + City Area,"Photographers in Sector 23, Gandhinagar | VenueConnect",/gandhinagar/sector-23/vendors/photographers/,"Top Photographers in Sector 23, Gandhinagar | Hire Near You - VenueConnect","Find the best photographers in Sector 23, Gandhinagar for your event. Browse verified profiles, compare pricing & get WhatsApp leads instantly on VenueConnect.","Top Photographers in Sector 23, Gandhinagar",photographers in Sector 23 Gandhinagar,"photographers near Sector 23, photographers Sector 23 Gandhinagar, best photographers near Sector 23",Transactional (Hyper-local),Medium
Vendor + City Area,"Caterers in Sector 23, Gandhinagar | VenueConnect",/gandhinagar/sector-23/vendors/caterers/,"Top Caterers in Sector 23, Gandhinagar | Hire Near You - VenueConnect","Find the best caterers in Sector 23, Gandhinagar for your event. Browse verified profiles, compare pricing & get WhatsApp leads instantly on VenueConnect.","Top Caterers in Sector 23, Gandhinagar",caterers in Sector 23 Gandhinagar,"caterers near Sector 23, caterers Sector 23 Gandhinagar, best caterers near Sector 23",Transactional (Hyper-local),Medium
Vendor + City Area,"Decorators in Sector 23, Gandhinagar | VenueConnect",/gandhinagar/sector-23/vendors/decorators/,"Top Decorators in Sector 23, Gandhinagar | Hire Near You - VenueConnect","Find the best decorators in Sector 23, Gandhinagar for your event. Browse verified profiles, compare pricing & get WhatsApp leads instantly on VenueConnect.","Top Decorators in Sector 23, Gandhinagar",decorators in Sector 23 Gandhinagar,"decorators near Sector 23, decorators Sector 23 Gandhinagar, best decorators near Sector 23",Transactional (Hyper-local),Medium
Vendor + City Area,"Mehndi Artists in Sector 23, Gandhinagar | VenueConnect",/gandhinagar/sector-23/vendors/mehndi-artists/,"Top Mehndi Artists in Sector 23, Gandhinagar | Hire Near You - VenueConnect","Find the best mehndi artists in Sector 23, Gandhinagar for your event. Browse verified profiles, compare pricing & get WhatsApp leads instantly on VenueConnect.","Top Mehndi Artists in Sector 23, Gandhinagar",mehndi artists in Sector 23 Gandhinagar,"mehndi artists near Sector 23, mehndi artists Sector 23 Gandhinagar, best mehndi artists near Sector 23",Transactional (Hyper-local),Medium
Vendor + City Area,"Photographers in Sector 24, Gandhinagar | VenueConnect",/gandhinagar/sector-24/vendors/photographers/,"Top Photographers in Sector 24, Gandhinagar | Hire Near You - VenueConnect","Find the best photographers in Sector 24, Gandhinagar for your event. Browse verified profiles, compare pricing & get WhatsApp leads instantly on VenueConnect.","Top Photographers in Sector 24, Gandhinagar",photographers in Sector 24 Gandhinagar,"photographers near Sector 24, photographers Sector 24 Gandhinagar, best photographers near Sector 24",Transactional (Hyper-local),Medium
Vendor + City Area,"Caterers in Sector 24, Gandhinagar | VenueConnect",/gandhinagar/sector-24/vendors/caterers/,"Top Caterers in Sector 24, Gandhinagar | Hire Near You - VenueConnect","Find the best caterers in Sector 24, Gandhinagar for your event. Browse verified profiles, compare pricing & get WhatsApp leads instantly on VenueConnect.","Top Caterers in Sector 24, Gandhinagar",caterers in Sector 24 Gandhinagar,"caterers near Sector 24, caterers Sector 24 Gandhinagar, best caterers near Sector 24",Transactional (Hyper-local),Medium
Vendor + City Area,"Decorators in Sector 24, Gandhinagar | VenueConnect",/gandhinagar/sector-24/vendors/decorators/,"Top Decorators in Sector 24, Gandhinagar | Hire Near You - VenueConnect","Find the best decorators in Sector 24, Gandhinagar for your event. Browse verified profiles, compare pricing & get WhatsApp leads instantly on VenueConnect.","Top Decorators in Sector 24, Gandhinagar",decorators in Sector 24 Gandhinagar,"decorators near Sector 24, decorators Sector 24 Gandhinagar, best decorators near Sector 24",Transactional (Hyper-local),Medium
Vendor + City Area,"Mehndi Artists in Sector 24, Gandhinagar | VenueConnect",/gandhinagar/sector-24/vendors/mehndi-artists/,"Top Mehndi Artists in Sector 24, Gandhinagar | Hire Near You - VenueConnect","Find the best mehndi artists in Sector 24, Gandhinagar for your event. Browse verified profiles, compare pricing & get WhatsApp leads instantly on VenueConnect.","Top Mehndi Artists in Sector 24, Gandhinagar",mehndi artists in Sector 24 Gandhinagar,"mehndi artists near Sector 24, mehndi artists Sector 24 Gandhinagar, best mehndi artists near Sector 24",Transactional (Hyper-local),Medium
Vendor + City Area,"Photographers in Sector 25, Gandhinagar | VenueConnect",/gandhinagar/sector-25/vendors/photographers/,"Top Photographers in Sector 25, Gandhinagar | Hire Near You - VenueConnect","Find the best photographers in Sector 25, Gandhinagar for your event. Browse verified profiles, compare pricing & get WhatsApp leads instantly on VenueConnect.","Top Photographers in Sector 25, Gandhinagar",photographers in Sector 25 Gandhinagar,"photographers near Sector 25, photographers Sector 25 Gandhinagar, best photographers near Sector 25",Transactional (Hyper-local),Medium
Vendor + City Area,"Caterers in Sector 25, Gandhinagar | VenueConnect",/gandhinagar/sector-25/vendors/caterers/,"Top Caterers in Sector 25, Gandhinagar | Hire Near You - VenueConnect","Find the best caterers in Sector 25, Gandhinagar for your event. Browse verified profiles, compare pricing & get WhatsApp leads instantly on VenueConnect.","Top Caterers in Sector 25, Gandhinagar",caterers in Sector 25 Gandhinagar,"caterers near Sector 25, caterers Sector 25 Gandhinagar, best caterers near Sector 25",Transactional (Hyper-local),Medium
Vendor + City Area,"Decorators in Sector 25, Gandhinagar | VenueConnect",/gandhinagar/sector-25/vendors/decorators/,"Top Decorators in Sector 25, Gandhinagar | Hire Near You - VenueConnect","Find the best decorators in Sector 25, Gandhinagar for your event. Browse verified profiles, compare pricing & get WhatsApp leads instantly on VenueConnect.","Top Decorators in Sector 25, Gandhinagar",decorators in Sector 25 Gandhinagar,"decorators near Sector 25, decorators Sector 25 Gandhinagar, best decorators near Sector 25",Transactional (Hyper-local),Medium
Vendor + City Area,"Mehndi Artists in Sector 25, Gandhinagar | VenueConnect",/gandhinagar/sector-25/vendors/mehndi-artists/,"Top Mehndi Artists in Sector 25, Gandhinagar | Hire Near You - VenueConnect","Find the best mehndi artists in Sector 25, Gandhinagar for your event. Browse verified profiles, compare pricing & get WhatsApp leads instantly on VenueConnect.","Top Mehndi Artists in Sector 25, Gandhinagar",mehndi artists in Sector 25 Gandhinagar,"mehndi artists near Sector 25, mehndi artists Sector 25 Gandhinagar, best mehndi artists near Sector 25",Transactional (Hyper-local),Medium
Vendor + City Area,"Photographers in Sector 26, Gandhinagar | VenueConnect",/gandhinagar/sector-26/vendors/photographers/,"Top Photographers in Sector 26, Gandhinagar | Hire Near You - VenueConnect","Find the best photographers in Sector 26, Gandhinagar for your event. Browse verified profiles, compare pricing & get WhatsApp leads instantly on VenueConnect.","Top Photographers in Sector 26, Gandhinagar",photographers in Sector 26 Gandhinagar,"photographers near Sector 26, photographers Sector 26 Gandhinagar, best photographers near Sector 26",Transactional (Hyper-local),Medium
Vendor + City Area,"Caterers in Sector 26, Gandhinagar | VenueConnect",/gandhinagar/sector-26/vendors/caterers/,"Top Caterers in Sector 26, Gandhinagar | Hire Near You - VenueConnect","Find the best caterers in Sector 26, Gandhinagar for your event. Browse verified profiles, compare pricing & get WhatsApp leads instantly on VenueConnect.","Top Caterers in Sector 26, Gandhinagar",caterers in Sector 26 Gandhinagar,"caterers near Sector 26, caterers Sector 26 Gandhinagar, best caterers near Sector 26",Transactional (Hyper-local),Medium
Vendor + City Area,"Decorators in Sector 26, Gandhinagar | VenueConnect",/gandhinagar/sector-26/vendors/decorators/,"Top Decorators in Sector 26, Gandhinagar | Hire Near You - VenueConnect","Find the best decorators in Sector 26, Gandhinagar for your event. Browse verified profiles, compare pricing & get WhatsApp leads instantly on VenueConnect.","Top Decorators in Sector 26, Gandhinagar",decorators in Sector 26 Gandhinagar,"decorators near Sector 26, decorators Sector 26 Gandhinagar, best decorators near Sector 26",Transactional (Hyper-local),Medium
Vendor + City Area,"Mehndi Artists in Sector 26, Gandhinagar | VenueConnect",/gandhinagar/sector-26/vendors/mehndi-artists/,"Top Mehndi Artists in Sector 26, Gandhinagar | Hire Near You - VenueConnect","Find the best mehndi artists in Sector 26, Gandhinagar for your event. Browse verified profiles, compare pricing & get WhatsApp leads instantly on VenueConnect.","Top Mehndi Artists in Sector 26, Gandhinagar",mehndi artists in Sector 26 Gandhinagar,"mehndi artists near Sector 26, mehndi artists Sector 26 Gandhinagar, best mehndi artists near Sector 26",Transactional (Hyper-local),Medium
Vendor + City Area,"Photographers in Sector 27, Gandhinagar | VenueConnect",/gandhinagar/sector-27/vendors/photographers/,"Top Photographers in Sector 27, Gandhinagar | Hire Near You - VenueConnect","Find the best photographers in Sector 27, Gandhinagar for your event. Browse verified profiles, compare pricing & get WhatsApp leads instantly on VenueConnect.","Top Photographers in Sector 27, Gandhinagar",photographers in Sector 27 Gandhinagar,"photographers near Sector 27, photographers Sector 27 Gandhinagar, best photographers near Sector 27",Transactional (Hyper-local),Medium
Vendor + City Area,"Caterers in Sector 27, Gandhinagar | VenueConnect",/gandhinagar/sector-27/vendors/caterers/,"Top Caterers in Sector 27, Gandhinagar | Hire Near You - VenueConnect","Find the best caterers in Sector 27, Gandhinagar for your event. Browse verified profiles, compare pricing & get WhatsApp leads instantly on VenueConnect.","Top Caterers in Sector 27, Gandhinagar",caterers in Sector 27 Gandhinagar,"caterers near Sector 27, caterers Sector 27 Gandhinagar, best caterers near Sector 27",Transactional (Hyper-local),Medium
Vendor + City Area,"Decorators in Sector 27, Gandhinagar | VenueConnect",/gandhinagar/sector-27/vendors/decorators/,"Top Decorators in Sector 27, Gandhinagar | Hire Near You - VenueConnect","Find the best decorators in Sector 27, Gandhinagar for your event. Browse verified profiles, compare pricing & get WhatsApp leads instantly on VenueConnect.","Top Decorators in Sector 27, Gandhinagar",decorators in Sector 27 Gandhinagar,"decorators near Sector 27, decorators Sector 27 Gandhinagar, best decorators near Sector 27",Transactional (Hyper-local),Medium
Vendor + City Area,"Mehndi Artists in Sector 27, Gandhinagar | VenueConnect",/gandhinagar/sector-27/vendors/mehndi-artists/,"Top Mehndi Artists in Sector 27, Gandhinagar | Hire Near You - VenueConnect","Find the best mehndi artists in Sector 27, Gandhinagar for your event. Browse verified profiles, compare pricing & get WhatsApp leads instantly on VenueConnect.","Top Mehndi Artists in Sector 27, Gandhinagar",mehndi artists in Sector 27 Gandhinagar,"mehndi artists near Sector 27, mehndi artists Sector 27 Gandhinagar, best mehndi artists near Sector 27",Transactional (Hyper-local),Medium
Vendor + City Area,"Photographers in Sector 28, Gandhinagar | VenueConnect",/gandhinagar/sector-28/vendors/photographers/,"Top Photographers in Sector 28, Gandhinagar | Hire Near You - VenueConnect","Find the best photographers in Sector 28, Gandhinagar for your event. Browse verified profiles, compare pricing & get WhatsApp leads instantly on VenueConnect.","Top Photographers in Sector 28, Gandhinagar",photographers in Sector 28 Gandhinagar,"photographers near Sector 28, photographers Sector 28 Gandhinagar, best photographers near Sector 28",Transactional (Hyper-local),Medium
Vendor + City Area,"Caterers in Sector 28, Gandhinagar | VenueConnect",/gandhinagar/sector-28/vendors/caterers/,"Top Caterers in Sector 28, Gandhinagar | Hire Near You - VenueConnect","Find the best caterers in Sector 28, Gandhinagar for your event. Browse verified profiles, compare pricing & get WhatsApp leads instantly on VenueConnect.","Top Caterers in Sector 28, Gandhinagar",caterers in Sector 28 Gandhinagar,"caterers near Sector 28, caterers Sector 28 Gandhinagar, best caterers near Sector 28",Transactional (Hyper-local),Medium
Vendor + City Area,"Decorators in Sector 28, Gandhinagar | VenueConnect",/gandhinagar/sector-28/vendors/decorators/,"Top Decorators in Sector 28, Gandhinagar | Hire Near You - VenueConnect","Find the best decorators in Sector 28, Gandhinagar for your event. Browse verified profiles, compare pricing & get WhatsApp leads instantly on VenueConnect.","Top Decorators in Sector 28, Gandhinagar",decorators in Sector 28 Gandhinagar,"decorators near Sector 28, decorators Sector 28 Gandhinagar, best decorators near Sector 28",Transactional (Hyper-local),Medium
Vendor + City Area,"Mehndi Artists in Sector 28, Gandhinagar | VenueConnect",/gandhinagar/sector-28/vendors/mehndi-artists/,"Top Mehndi Artists in Sector 28, Gandhinagar | Hire Near You - VenueConnect","Find the best mehndi artists in Sector 28, Gandhinagar for your event. Browse verified profiles, compare pricing & get WhatsApp leads instantly on VenueConnect.","Top Mehndi Artists in Sector 28, Gandhinagar",mehndi artists in Sector 28 Gandhinagar,"mehndi artists near Sector 28, mehndi artists Sector 28 Gandhinagar, best mehndi artists near Sector 28",Transactional (Hyper-local),Medium
Vendor + City Area,"Photographers in Sector 29, Gandhinagar | VenueConnect",/gandhinagar/sector-29/vendors/photographers/,"Top Photographers in Sector 29, Gandhinagar | Hire Near You - VenueConnect","Find the best photographers in Sector 29, Gandhinagar for your event. Browse verified profiles, compare pricing & get WhatsApp leads instantly on VenueConnect.","Top Photographers in Sector 29, Gandhinagar",photographers in Sector 29 Gandhinagar,"photographers near Sector 29, photographers Sector 29 Gandhinagar, best photographers near Sector 29",Transactional (Hyper-local),Medium
Vendor + City Area,"Caterers in Sector 29, Gandhinagar | VenueConnect",/gandhinagar/sector-29/vendors/caterers/,"Top Caterers in Sector 29, Gandhinagar | Hire Near You - VenueConnect","Find the best caterers in Sector 29, Gandhinagar for your event. Browse verified profiles, compare pricing & get WhatsApp leads instantly on VenueConnect.","Top Caterers in Sector 29, Gandhinagar",caterers in Sector 29 Gandhinagar,"caterers near Sector 29, caterers Sector 29 Gandhinagar, best caterers near Sector 29",Transactional (Hyper-local),Medium
Vendor + City Area,"Decorators in Sector 29, Gandhinagar | VenueConnect",/gandhinagar/sector-29/vendors/decorators/,"Top Decorators in Sector 29, Gandhinagar | Hire Near You - VenueConnect","Find the best decorators in Sector 29, Gandhinagar for your event. Browse verified profiles, compare pricing & get WhatsApp leads instantly on VenueConnect.","Top Decorators in Sector 29, Gandhinagar",decorators in Sector 29 Gandhinagar,"decorators near Sector 29, decorators Sector 29 Gandhinagar, best decorators near Sector 29",Transactional (Hyper-local),Medium
Vendor + City Area,"Mehndi Artists in Sector 29, Gandhinagar | VenueConnect",/gandhinagar/sector-29/vendors/mehndi-artists/,"Top Mehndi Artists in Sector 29, Gandhinagar | Hire Near You - VenueConnect","Find the best mehndi artists in Sector 29, Gandhinagar for your event. Browse verified profiles, compare pricing & get WhatsApp leads instantly on VenueConnect.","Top Mehndi Artists in Sector 29, Gandhinagar",mehndi artists in Sector 29 Gandhinagar,"mehndi artists near Sector 29, mehndi artists Sector 29 Gandhinagar, best mehndi artists near Sector 29",Transactional (Hyper-local),Medium
Vendor + City Area,"Photographers in Sector 30, Gandhinagar | VenueConnect",/gandhinagar/sector-30/vendors/photographers/,"Top Photographers in Sector 30, Gandhinagar | Hire Near You - VenueConnect","Find the best photographers in Sector 30, Gandhinagar for your event. Browse verified profiles, compare pricing & get WhatsApp leads instantly on VenueConnect.","Top Photographers in Sector 30, Gandhinagar",photographers in Sector 30 Gandhinagar,"photographers near Sector 30, photographers Sector 30 Gandhinagar, best photographers near Sector 30",Transactional (Hyper-local),Medium
Vendor + City Area,"Caterers in Sector 30, Gandhinagar | VenueConnect",/gandhinagar/sector-30/vendors/caterers/,"Top Caterers in Sector 30, Gandhinagar | Hire Near You - VenueConnect","Find the best caterers in Sector 30, Gandhinagar for your event. Browse verified profiles, compare pricing & get WhatsApp leads instantly on VenueConnect.","Top Caterers in Sector 30, Gandhinagar",caterers in Sector 30 Gandhinagar,"caterers near Sector 30, caterers Sector 30 Gandhinagar, best caterers near Sector 30",Transactional (Hyper-local),Medium
Vendor + City Area,"Decorators in Sector 30, Gandhinagar | VenueConnect",/gandhinagar/sector-30/vendors/decorators/,"Top Decorators in Sector 30, Gandhinagar | Hire Near You - VenueConnect","Find the best decorators in Sector 30, Gandhinagar for your event. Browse verified profiles, compare pricing & get WhatsApp leads instantly on VenueConnect.","Top Decorators in Sector 30, Gandhinagar",decorators in Sector 30 Gandhinagar,"decorators near Sector 30, decorators Sector 30 Gandhinagar, best decorators near Sector 30",Transactional (Hyper-local),Medium
Vendor + City Area,"Mehndi Artists in Sector 30, Gandhinagar | VenueConnect",/gandhinagar/sector-30/vendors/mehndi-artists/,"Top Mehndi Artists in Sector 30, Gandhinagar | Hire Near You - VenueConnect","Find the best mehndi artists in Sector 30, Gandhinagar for your event. Browse verified profiles, compare pricing & get WhatsApp leads instantly on VenueConnect.","Top Mehndi Artists in Sector 30, Gandhinagar",mehndi artists in Sector 30 Gandhinagar,"mehndi artists near Sector 30, mehndi artists Sector 30 Gandhinagar, best mehndi artists near Sector 30",Transactional (Hyper-local),Medium
Vendor + City Area,"Photographers in Infocity, Gandhinagar | VenueConnect",/gandhinagar/infocity/vendors/photographers/,"Top Photographers in Infocity, Gandhinagar | Hire Near You - VenueConnect","Find the best photographers in Infocity, Gandhinagar for your event. Browse verified profiles, compare pricing & get WhatsApp leads instantly on VenueConnect.","Top Photographers in Infocity, Gandhinagar",photographers in Infocity Gandhinagar,"photographers near Infocity, photographers Infocity Gandhinagar, best photographers near Infocity",Transactional (Hyper-local),Medium
Vendor + City Area,"Caterers in Infocity, Gandhinagar | VenueConnect",/gandhinagar/infocity/vendors/caterers/,"Top Caterers in Infocity, Gandhinagar | Hire Near You - VenueConnect","Find the best caterers in Infocity, Gandhinagar for your event. Browse verified profiles, compare pricing & get WhatsApp leads instantly on VenueConnect.","Top Caterers in Infocity, Gandhinagar",caterers in Infocity Gandhinagar,"caterers near Infocity, caterers Infocity Gandhinagar, best caterers near Infocity",Transactional (Hyper-local),Medium
Vendor + City Area,"Decorators in Infocity, Gandhinagar | VenueConnect",/gandhinagar/infocity/vendors/decorators/,"Top Decorators in Infocity, Gandhinagar | Hire Near You - VenueConnect","Find the best decorators in Infocity, Gandhinagar for your event. Browse verified profiles, compare pricing & get WhatsApp leads instantly on VenueConnect.","Top Decorators in Infocity, Gandhinagar",decorators in Infocity Gandhinagar,"decorators near Infocity, decorators Infocity Gandhinagar, best decorators near Infocity",Transactional (Hyper-local),Medium
Vendor + City Area,"Mehndi Artists in Infocity, Gandhinagar | VenueConnect",/gandhinagar/infocity/vendors/mehndi-artists/,"Top Mehndi Artists in Infocity, Gandhinagar | Hire Near You - VenueConnect","Find the best mehndi artists in Infocity, Gandhinagar for your event. Browse verified profiles, compare pricing & get WhatsApp leads instantly on VenueConnect.","Top Mehndi Artists in Infocity, Gandhinagar",mehndi artists in Infocity Gandhinagar,"mehndi artists near Infocity, mehndi artists Infocity Gandhinagar, best mehndi artists near Infocity",Transactional (Hyper-local),Medium
Vendor + City Area,"Photographers in Kudasan, Gandhinagar | VenueConnect",/gandhinagar/kudasan/vendors/photographers/,"Top Photographers in Kudasan, Gandhinagar | Hire Near You - VenueConnect","Find the best photographers in Kudasan, Gandhinagar for your event. Browse verified profiles, compare pricing & get WhatsApp leads instantly on VenueConnect.","Top Photographers in Kudasan, Gandhinagar",photographers in Kudasan Gandhinagar,"photographers near Kudasan, photographers Kudasan Gandhinagar, best photographers near Kudasan",Transactional (Hyper-local),Medium
Vendor + City Area,"Caterers in Kudasan, Gandhinagar | VenueConnect",/gandhinagar/kudasan/vendors/caterers/,"Top Caterers in Kudasan, Gandhinagar | Hire Near You - VenueConnect","Find the best caterers in Kudasan, Gandhinagar for your event. Browse verified profiles, compare pricing & get WhatsApp leads instantly on VenueConnect.","Top Caterers in Kudasan, Gandhinagar",caterers in Kudasan Gandhinagar,"caterers near Kudasan, caterers Kudasan Gandhinagar, best caterers near Kudasan",Transactional (Hyper-local),Medium
Vendor + City Area,"Decorators in Kudasan, Gandhinagar | VenueConnect",/gandhinagar/kudasan/vendors/decorators/,"Top Decorators in Kudasan, Gandhinagar | Hire Near You - VenueConnect","Find the best decorators in Kudasan, Gandhinagar for your event. Browse verified profiles, compare pricing & get WhatsApp leads instantly on VenueConnect.","Top Decorators in Kudasan, Gandhinagar",decorators in Kudasan Gandhinagar,"decorators near Kudasan, decorators Kudasan Gandhinagar, best decorators near Kudasan",Transactional (Hyper-local),Medium
Vendor + City Area,"Mehndi Artists in Kudasan, Gandhinagar | VenueConnect",/gandhinagar/kudasan/vendors/mehndi-artists/,"Top Mehndi Artists in Kudasan, Gandhinagar | Hire Near You - VenueConnect","Find the best mehndi artists in Kudasan, Gandhinagar for your event. Browse verified profiles, compare pricing & get WhatsApp leads instantly on VenueConnect.","Top Mehndi Artists in Kudasan, Gandhinagar",mehndi artists in Kudasan Gandhinagar,"mehndi artists near Kudasan, mehndi artists Kudasan Gandhinagar, best mehndi artists near Kudasan",Transactional (Hyper-local),Medium
Vendor + City Area,"Photographers in Sargasan, Gandhinagar | VenueConnect",/gandhinagar/sargasan/vendors/photographers/,"Top Photographers in Sargasan, Gandhinagar | Hire Near You - VenueConnect","Find the best photographers in Sargasan, Gandhinagar for your event. Browse verified profiles, compare pricing & get WhatsApp leads instantly on VenueConnect.","Top Photographers in Sargasan, Gandhinagar",photographers in Sargasan Gandhinagar,"photographers near Sargasan, photographers Sargasan Gandhinagar, best photographers near Sargasan",Transactional (Hyper-local),Medium
Vendor + City Area,"Caterers in Sargasan, Gandhinagar | VenueConnect",/gandhinagar/sargasan/vendors/caterers/,"Top Caterers in Sargasan, Gandhinagar | Hire Near You - VenueConnect","Find the best caterers in Sargasan, Gandhinagar for your event. Browse verified profiles, compare pricing & get WhatsApp leads instantly on VenueConnect.","Top Caterers in Sargasan, Gandhinagar",caterers in Sargasan Gandhinagar,"caterers near Sargasan, caterers Sargasan Gandhinagar, best caterers near Sargasan",Transactional (Hyper-local),Medium
Vendor + City Area,"Decorators in Sargasan, Gandhinagar | VenueConnect",/gandhinagar/sargasan/vendors/decorators/,"Top Decorators in Sargasan, Gandhinagar | Hire Near You - VenueConnect","Find the best decorators in Sargasan, Gandhinagar for your event. Browse verified profiles, compare pricing & get WhatsApp leads instantly on VenueConnect.","Top Decorators in Sargasan, Gandhinagar",decorators in Sargasan Gandhinagar,"decorators near Sargasan, decorators Sargasan Gandhinagar, best decorators near Sargasan",Transactional (Hyper-local),Medium
Vendor + City Area,"Mehndi Artists in Sargasan, Gandhinagar | VenueConnect",/gandhinagar/sargasan/vendors/mehndi-artists/,"Top Mehndi Artists in Sargasan, Gandhinagar | Hire Near You - VenueConnect","Find the best mehndi artists in Sargasan, Gandhinagar for your event. Browse verified profiles, compare pricing & get WhatsApp leads instantly on VenueConnect.","Top Mehndi Artists in Sargasan, Gandhinagar",mehndi artists in Sargasan Gandhinagar,"mehndi artists near Sargasan, mehndi artists Sargasan Gandhinagar, best mehndi artists near Sargasan",Transactional (Hyper-local),Medium
Vendor + City Area,"Photographers in Randesan, Gandhinagar | VenueConnect",/gandhinagar/randesan/vendors/photographers/,"Top Photographers in Randesan, Gandhinagar | Hire Near You - VenueConnect","Find the best photographers in Randesan, Gandhinagar for your event. Browse verified profiles, compare pricing & get WhatsApp leads instantly on VenueConnect.","Top Photographers in Randesan, Gandhinagar",photographers in Randesan Gandhinagar,"photographers near Randesan, photographers Randesan Gandhinagar, best photographers near Randesan",Transactional (Hyper-local),Medium
Vendor + City Area,"Caterers in Randesan, Gandhinagar | VenueConnect",/gandhinagar/randesan/vendors/caterers/,"Top Caterers in Randesan, Gandhinagar | Hire Near You - VenueConnect","Find the best caterers in Randesan, Gandhinagar for your event. Browse verified profiles, compare pricing & get WhatsApp leads instantly on VenueConnect.","Top Caterers in Randesan, Gandhinagar",caterers in Randesan Gandhinagar,"caterers near Randesan, caterers Randesan Gandhinagar, best caterers near Randesan",Transactional (Hyper-local),Medium
Vendor + City Area,"Decorators in Randesan, Gandhinagar | VenueConnect",/gandhinagar/randesan/vendors/decorators/,"Top Decorators in Randesan, Gandhinagar | Hire Near You - VenueConnect","Find the best decorators in Randesan, Gandhinagar for your event. Browse verified profiles, compare pricing & get WhatsApp leads instantly on VenueConnect.","Top Decorators in Randesan, Gandhinagar",decorators in Randesan Gandhinagar,"decorators near Randesan, decorators Randesan Gandhinagar, best decorators near Randesan",Transactional (Hyper-local),Medium
Vendor + City Area,"Mehndi Artists in Randesan, Gandhinagar | VenueConnect",/gandhinagar/randesan/vendors/mehndi-artists/,"Top Mehndi Artists in Randesan, Gandhinagar | Hire Near You - VenueConnect","Find the best mehndi artists in Randesan, Gandhinagar for your event. Browse verified profiles, compare pricing & get WhatsApp leads instantly on VenueConnect.","Top Mehndi Artists in Randesan, Gandhinagar",mehndi artists in Randesan Gandhinagar,"mehndi artists near Randesan, mehndi artists Randesan Gandhinagar, best mehndi artists near Randesan",Transactional (Hyper-local),Medium
Vendor + City Area,"Photographers in Uvarsad, Gandhinagar | VenueConnect",/gandhinagar/uvarsad/vendors/photographers/,"Top Photographers in Uvarsad, Gandhinagar | Hire Near You - VenueConnect","Find the best photographers in Uvarsad, Gandhinagar for your event. Browse verified profiles, compare pricing & get WhatsApp leads instantly on VenueConnect.","Top Photographers in Uvarsad, Gandhinagar",photographers in Uvarsad Gandhinagar,"photographers near Uvarsad, photographers Uvarsad Gandhinagar, best photographers near Uvarsad",Transactional (Hyper-local),Medium
Vendor + City Area,"Caterers in Uvarsad, Gandhinagar | VenueConnect",/gandhinagar/uvarsad/vendors/caterers/,"Top Caterers in Uvarsad, Gandhinagar | Hire Near You - VenueConnect","Find the best caterers in Uvarsad, Gandhinagar for your event. Browse verified profiles, compare pricing & get WhatsApp leads instantly on VenueConnect.","Top Caterers in Uvarsad, Gandhinagar",caterers in Uvarsad Gandhinagar,"caterers near Uvarsad, caterers Uvarsad Gandhinagar, best caterers near Uvarsad",Transactional (Hyper-local),Medium
Vendor + City Area,"Decorators in Uvarsad, Gandhinagar | VenueConnect",/gandhinagar/uvarsad/vendors/decorators/,"Top Decorators in Uvarsad, Gandhinagar | Hire Near You - VenueConnect","Find the best decorators in Uvarsad, Gandhinagar for your event. Browse verified profiles, compare pricing & get WhatsApp leads instantly on VenueConnect.","Top Decorators in Uvarsad, Gandhinagar",decorators in Uvarsad Gandhinagar,"decorators near Uvarsad, decorators Uvarsad Gandhinagar, best decorators near Uvarsad",Transactional (Hyper-local),Medium
Vendor + City Area,"Mehndi Artists in Uvarsad, Gandhinagar | VenueConnect",/gandhinagar/uvarsad/vendors/mehndi-artists/,"Top Mehndi Artists in Uvarsad, Gandhinagar | Hire Near You - VenueConnect","Find the best mehndi artists in Uvarsad, Gandhinagar for your event. Browse verified profiles, compare pricing & get WhatsApp leads instantly on VenueConnect.","Top Mehndi Artists in Uvarsad, Gandhinagar",mehndi artists in Uvarsad Gandhinagar,"mehndi artists near Uvarsad, mehndi artists Uvarsad Gandhinagar, best mehndi artists near Uvarsad",Transactional (Hyper-local),Medium
Vendor + City Area,"Photographers in Pethapur, Gandhinagar | VenueConnect",/gandhinagar/pethapur/vendors/photographers/,"Top Photographers in Pethapur, Gandhinagar | Hire Near You - VenueConnect","Find the best photographers in Pethapur, Gandhinagar for your event. Browse verified profiles, compare pricing & get WhatsApp leads instantly on VenueConnect.","Top Photographers in Pethapur, Gandhinagar",photographers in Pethapur Gandhinagar,"photographers near Pethapur, photographers Pethapur Gandhinagar, best photographers near Pethapur",Transactional (Hyper-local),Medium
Vendor + City Area,"Caterers in Pethapur, Gandhinagar | VenueConnect",/gandhinagar/pethapur/vendors/caterers/,"Top Caterers in Pethapur, Gandhinagar | Hire Near You - VenueConnect","Find the best caterers in Pethapur, Gandhinagar for your event. Browse verified profiles, compare pricing & get WhatsApp leads instantly on VenueConnect.","Top Caterers in Pethapur, Gandhinagar",caterers in Pethapur Gandhinagar,"caterers near Pethapur, caterers Pethapur Gandhinagar, best caterers near Pethapur",Transactional (Hyper-local),Medium
Vendor + City Area,"Decorators in Pethapur, Gandhinagar | VenueConnect",/gandhinagar/pethapur/vendors/decorators/,"Top Decorators in Pethapur, Gandhinagar | Hire Near You - VenueConnect","Find the best decorators in Pethapur, Gandhinagar for your event. Browse verified profiles, compare pricing & get WhatsApp leads instantly on VenueConnect.","Top Decorators in Pethapur, Gandhinagar",decorators in Pethapur Gandhinagar,"decorators near Pethapur, decorators Pethapur Gandhinagar, best decorators near Pethapur",Transactional (Hyper-local),Medium
Vendor + City Area,"Mehndi Artists in Pethapur, Gandhinagar | VenueConnect",/gandhinagar/pethapur/vendors/mehndi-artists/,"Top Mehndi Artists in Pethapur, Gandhinagar | Hire Near You - VenueConnect","Find the best mehndi artists in Pethapur, Gandhinagar for your event. Browse verified profiles, compare pricing & get WhatsApp leads instantly on VenueConnect.","Top Mehndi Artists in Pethapur, Gandhinagar",mehndi artists in Pethapur Gandhinagar,"mehndi artists near Pethapur, mehndi artists Pethapur Gandhinagar, best mehndi artists near Pethapur",Transactional (Hyper-local),Medium
Vendor + City Area,"Photographers in Koba, Gandhinagar | VenueConnect",/gandhinagar/koba/vendors/photographers/,"Top Photographers in Koba, Gandhinagar | Hire Near You - VenueConnect","Find the best photographers in Koba, Gandhinagar for your event. Browse verified profiles, compare pricing & get WhatsApp leads instantly on VenueConnect.","Top Photographers in Koba, Gandhinagar",photographers in Koba Gandhinagar,"photographers near Koba, photographers Koba Gandhinagar, best photographers near Koba",Transactional (Hyper-local),Medium
Vendor + City Area,"Caterers in Koba, Gandhinagar | VenueConnect",/gandhinagar/koba/vendors/caterers/,"Top Caterers in Koba, Gandhinagar | Hire Near You - VenueConnect","Find the best caterers in Koba, Gandhinagar for your event. Browse verified profiles, compare pricing & get WhatsApp leads instantly on VenueConnect.","Top Caterers in Koba, Gandhinagar",caterers in Koba Gandhinagar,"caterers near Koba, caterers Koba Gandhinagar, best caterers near Koba",Transactional (Hyper-local),Medium
Vendor + City Area,"Decorators in Koba, Gandhinagar | VenueConnect",/gandhinagar/koba/vendors/decorators/,"Top Decorators in Koba, Gandhinagar | Hire Near You - VenueConnect","Find the best decorators in Koba, Gandhinagar for your event. Browse verified profiles, compare pricing & get WhatsApp leads instantly on VenueConnect.","Top Decorators in Koba, Gandhinagar",decorators in Koba Gandhinagar,"decorators near Koba, decorators Koba Gandhinagar, best decorators near Koba",Transactional (Hyper-local),Medium
Vendor + City Area,"Mehndi Artists in Koba, Gandhinagar | VenueConnect",/gandhinagar/koba/vendors/mehndi-artists/,"Top Mehndi Artists in Koba, Gandhinagar | Hire Near You - VenueConnect","Find the best mehndi artists in Koba, Gandhinagar for your event. Browse verified profiles, compare pricing & get WhatsApp leads instantly on VenueConnect.","Top Mehndi Artists in Koba, Gandhinagar",mehndi artists in Koba Gandhinagar,"mehndi artists near Koba, mehndi artists Koba Gandhinagar, best mehndi artists near Koba",Transactional (Hyper-local),Medium
Vendor + City Area,"Photographers in Adalaj, Gandhinagar | VenueConnect",/gandhinagar/adalaj/vendors/photographers/,"Top Photographers in Adalaj, Gandhinagar | Hire Near You - VenueConnect","Find the best photographers in Adalaj, Gandhinagar for your event. Browse verified profiles, compare pricing & get WhatsApp leads instantly on VenueConnect.","Top Photographers in Adalaj, Gandhinagar",photographers in Adalaj Gandhinagar,"photographers near Adalaj, photographers Adalaj Gandhinagar, best photographers near Adalaj",Transactional (Hyper-local),Medium
Vendor + City Area,"Caterers in Adalaj, Gandhinagar | VenueConnect",/gandhinagar/adalaj/vendors/caterers/,"Top Caterers in Adalaj, Gandhinagar | Hire Near You - VenueConnect","Find the best caterers in Adalaj, Gandhinagar for your event. Browse verified profiles, compare pricing & get WhatsApp leads instantly on VenueConnect.","Top Caterers in Adalaj, Gandhinagar",caterers in Adalaj Gandhinagar,"caterers near Adalaj, caterers Adalaj Gandhinagar, best caterers near Adalaj",Transactional (Hyper-local),Medium
Vendor + City Area,"Decorators in Adalaj, Gandhinagar | VenueConnect",/gandhinagar/adalaj/vendors/decorators/,"Top Decorators in Adalaj, Gandhinagar | Hire Near You - VenueConnect","Find the best decorators in Adalaj, Gandhinagar for your event. Browse verified profiles, compare pricing & get WhatsApp leads instantly on VenueConnect.","Top Decorators in Adalaj, Gandhinagar",decorators in Adalaj Gandhinagar,"decorators near Adalaj, decorators Adalaj Gandhinagar, best decorators near Adalaj",Transactional (Hyper-local),Medium
Vendor + City Area,"Mehndi Artists in Adalaj, Gandhinagar | VenueConnect",/gandhinagar/adalaj/vendors/mehndi-artists/,"Top Mehndi Artists in Adalaj, Gandhinagar | Hire Near You - VenueConnect","Find the best mehndi artists in Adalaj, Gandhinagar for your event. Browse verified profiles, compare pricing & get WhatsApp leads instantly on VenueConnect.","Top Mehndi Artists in Adalaj, Gandhinagar",mehndi artists in Adalaj Gandhinagar,"mehndi artists near Adalaj, mehndi artists Adalaj Gandhinagar, best mehndi artists near Adalaj",Transactional (Hyper-local),Medium
Vendor + City Area,"Photographers in Vavol, Gandhinagar | VenueConnect",/gandhinagar/vavol/vendors/photographers/,"Top Photographers in Vavol, Gandhinagar | Hire Near You - VenueConnect","Find the best photographers in Vavol, Gandhinagar for your event. Browse verified profiles, compare pricing & get WhatsApp leads instantly on VenueConnect.","Top Photographers in Vavol, Gandhinagar",photographers in Vavol Gandhinagar,"photographers near Vavol, photographers Vavol Gandhinagar, best photographers near Vavol",Transactional (Hyper-local),Medium
Vendor + City Area,"Caterers in Vavol, Gandhinagar | VenueConnect",/gandhinagar/vavol/vendors/caterers/,"Top Caterers in Vavol, Gandhinagar | Hire Near You - VenueConnect","Find the best caterers in Vavol, Gandhinagar for your event. Browse verified profiles, compare pricing & get WhatsApp leads instantly on VenueConnect.","Top Caterers in Vavol, Gandhinagar",caterers in Vavol Gandhinagar,"caterers near Vavol, caterers Vavol Gandhinagar, best caterers near Vavol",Transactional (Hyper-local),Medium
Vendor + City Area,"Decorators in Vavol, Gandhinagar | VenueConnect",/gandhinagar/vavol/vendors/decorators/,"Top Decorators in Vavol, Gandhinagar | Hire Near You - VenueConnect","Find the best decorators in Vavol, Gandhinagar for your event. Browse verified profiles, compare pricing & get WhatsApp leads instantly on VenueConnect.","Top Decorators in Vavol, Gandhinagar",decorators in Vavol Gandhinagar,"decorators near Vavol, decorators Vavol Gandhinagar, best decorators near Vavol",Transactional (Hyper-local),Medium
Vendor + City Area,"Mehndi Artists in Vavol, Gandhinagar | VenueConnect",/gandhinagar/vavol/vendors/mehndi-artists/,"Top Mehndi Artists in Vavol, Gandhinagar | Hire Near You - VenueConnect","Find the best mehndi artists in Vavol, Gandhinagar for your event. Browse verified profiles, compare pricing & get WhatsApp leads instantly on VenueConnect.","Top Mehndi Artists in Vavol, Gandhinagar",mehndi artists in Vavol Gandhinagar,"mehndi artists near Vavol, mehndi artists Vavol Gandhinagar, best mehndi artists near Vavol",Transactional (Hyper-local),Medium
Vendor + City Area,"Photographers in Bhat, Gandhinagar | VenueConnect",/gandhinagar/bhat/vendors/photographers/,"Top Photographers in Bhat, Gandhinagar | Hire Near You - VenueConnect","Find the best photographers in Bhat, Gandhinagar for your event. Browse verified profiles, compare pricing & get WhatsApp leads instantly on VenueConnect.","Top Photographers in Bhat, Gandhinagar",photographers in Bhat Gandhinagar,"photographers near Bhat, photographers Bhat Gandhinagar, best photographers near Bhat",Transactional (Hyper-local),Medium
Vendor + City Area,"Caterers in Bhat, Gandhinagar | VenueConnect",/gandhinagar/bhat/vendors/caterers/,"Top Caterers in Bhat, Gandhinagar | Hire Near You - VenueConnect","Find the best caterers in Bhat, Gandhinagar for your event. Browse verified profiles, compare pricing & get WhatsApp leads instantly on VenueConnect.","Top Caterers in Bhat, Gandhinagar",caterers in Bhat Gandhinagar,"caterers near Bhat, caterers Bhat Gandhinagar, best caterers near Bhat",Transactional (Hyper-local),Medium
Vendor + City Area,"Decorators in Bhat, Gandhinagar | VenueConnect",/gandhinagar/bhat/vendors/decorators/,"Top Decorators in Bhat, Gandhinagar | Hire Near You - VenueConnect","Find the best decorators in Bhat, Gandhinagar for your event. Browse verified profiles, compare pricing & get WhatsApp leads instantly on VenueConnect.","Top Decorators in Bhat, Gandhinagar",decorators in Bhat Gandhinagar,"decorators near Bhat, decorators Bhat Gandhinagar, best decorators near Bhat",Transactional (Hyper-local),Medium
Vendor + City Area,"Mehndi Artists in Bhat, Gandhinagar | VenueConnect",/gandhinagar/bhat/vendors/mehndi-artists/,"Top Mehndi Artists in Bhat, Gandhinagar | Hire Near You - VenueConnect","Find the best mehndi artists in Bhat, Gandhinagar for your event. Browse verified profiles, compare pricing & get WhatsApp leads instantly on VenueConnect.","Top Mehndi Artists in Bhat, Gandhinagar",mehndi artists in Bhat Gandhinagar,"mehndi artists near Bhat, mehndi artists Bhat Gandhinagar, best mehndi artists near Bhat",Transactional (Hyper-local),Medium
Vendor + City Area,"Photographers in Chandkheda, Gandhinagar | VenueConnect",/gandhinagar/chandkheda/vendors/photographers/,"Top Photographers in Chandkheda, Gandhinagar | Hire Near You - VenueConnect","Find the best photographers in Chandkheda, Gandhinagar for your event. Browse verified profiles, compare pricing & get WhatsApp leads instantly on VenueConnect.","Top Photographers in Chandkheda, Gandhinagar",photographers in Chandkheda Gandhinagar,"photographers near Chandkheda, photographers Chandkheda Gandhinagar, best photographers near Chandkheda",Transactional (Hyper-local),Medium
Vendor + City Area,"Caterers in Chandkheda, Gandhinagar | VenueConnect",/gandhinagar/chandkheda/vendors/caterers/,"Top Caterers in Chandkheda, Gandhinagar | Hire Near You - VenueConnect","Find the best caterers in Chandkheda, Gandhinagar for your event. Browse verified profiles, compare pricing & get WhatsApp leads instantly on VenueConnect.","Top Caterers in Chandkheda, Gandhinagar",caterers in Chandkheda Gandhinagar,"caterers near Chandkheda, caterers Chandkheda Gandhinagar, best caterers near Chandkheda",Transactional (Hyper-local),Medium
Vendor + City Area,"Decorators in Chandkheda, Gandhinagar | VenueConnect",/gandhinagar/chandkheda/vendors/decorators/,"Top Decorators in Chandkheda, Gandhinagar | Hire Near You - VenueConnect","Find the best decorators in Chandkheda, Gandhinagar for your event. Browse verified profiles, compare pricing & get WhatsApp leads instantly on VenueConnect.","Top Decorators in Chandkheda, Gandhinagar",decorators in Chandkheda Gandhinagar,"decorators near Chandkheda, decorators Chandkheda Gandhinagar, best decorators near Chandkheda",Transactional (Hyper-local),Medium
Vendor + City Area,"Mehndi Artists in Chandkheda, Gandhinagar | VenueConnect",/gandhinagar/chandkheda/vendors/mehndi-artists/,"Top Mehndi Artists in Chandkheda, Gandhinagar | Hire Near You - VenueConnect","Find the best mehndi artists in Chandkheda, Gandhinagar for your event. Browse verified profiles, compare pricing & get WhatsApp leads instantly on VenueConnect.","Top Mehndi Artists in Chandkheda, Gandhinagar",mehndi artists in Chandkheda Gandhinagar,"mehndi artists near Chandkheda, mehndi artists Chandkheda Gandhinagar, best mehndi artists near Chandkheda",Transactional (Hyper-local),Medium
Vendor + City Area,"Photographers in Motera, Gandhinagar | VenueConnect",/gandhinagar/motera/vendors/photographers/,"Top Photographers in Motera, Gandhinagar | Hire Near You - VenueConnect","Find the best photographers in Motera, Gandhinagar for your event. Browse verified profiles, compare pricing & get WhatsApp leads instantly on VenueConnect.","Top Photographers in Motera, Gandhinagar",photographers in Motera Gandhinagar,"photographers near Motera, photographers Motera Gandhinagar, best photographers near Motera",Transactional (Hyper-local),Medium
Vendor + City Area,"Caterers in Motera, Gandhinagar | VenueConnect",/gandhinagar/motera/vendors/caterers/,"Top Caterers in Motera, Gandhinagar | Hire Near You - VenueConnect","Find the best caterers in Motera, Gandhinagar for your event. Browse verified profiles, compare pricing & get WhatsApp leads instantly on VenueConnect.","Top Caterers in Motera, Gandhinagar",caterers in Motera Gandhinagar,"caterers near Motera, caterers Motera Gandhinagar, best caterers near Motera",Transactional (Hyper-local),Medium
Vendor + City Area,"Decorators in Motera, Gandhinagar | VenueConnect",/gandhinagar/motera/vendors/decorators/,"Top Decorators in Motera, Gandhinagar | Hire Near You - VenueConnect","Find the best decorators in Motera, Gandhinagar for your event. Browse verified profiles, compare pricing & get WhatsApp leads instantly on VenueConnect.","Top Decorators in Motera, Gandhinagar",decorators in Motera Gandhinagar,"decorators near Motera, decorators Motera Gandhinagar, best decorators near Motera",Transactional (Hyper-local),Medium
Vendor + City Area,"Mehndi Artists in Motera, Gandhinagar | VenueConnect",/gandhinagar/motera/vendors/mehndi-artists/,"Top Mehndi Artists in Motera, Gandhinagar | Hire Near You - VenueConnect","Find the best mehndi artists in Motera, Gandhinagar for your event. Browse verified profiles, compare pricing & get WhatsApp leads instantly on VenueConnect.","Top Mehndi Artists in Motera, Gandhinagar",mehndi artists in Motera Gandhinagar,"mehndi artists near Motera, mehndi artists Motera Gandhinagar, best mehndi artists near Motera",Transactional (Hyper-local),Medium
Vendor + City Area,"Photographers in Ghuma, Gandhinagar | VenueConnect",/gandhinagar/ghuma/vendors/photographers/,"Top Photographers in Ghuma, Gandhinagar | Hire Near You - VenueConnect","Find the best photographers in Ghuma, Gandhinagar for your event. Browse verified profiles, compare pricing & get WhatsApp leads instantly on VenueConnect.","Top Photographers in Ghuma, Gandhinagar",photographers in Ghuma Gandhinagar,"photographers near Ghuma, photographers Ghuma Gandhinagar, best photographers near Ghuma",Transactional (Hyper-local),Medium
Vendor + City Area,"Caterers in Ghuma, Gandhinagar | VenueConnect",/gandhinagar/ghuma/vendors/caterers/,"Top Caterers in Ghuma, Gandhinagar | Hire Near You - VenueConnect","Find the best caterers in Ghuma, Gandhinagar for your event. Browse verified profiles, compare pricing & get WhatsApp leads instantly on VenueConnect.","Top Caterers in Ghuma, Gandhinagar",caterers in Ghuma Gandhinagar,"caterers near Ghuma, caterers Ghuma Gandhinagar, best caterers near Ghuma",Transactional (Hyper-local),Medium
Vendor + City Area,"Decorators in Ghuma, Gandhinagar | VenueConnect",/gandhinagar/ghuma/vendors/decorators/,"Top Decorators in Ghuma, Gandhinagar | Hire Near You - VenueConnect","Find the best decorators in Ghuma, Gandhinagar for your event. Browse verified profiles, compare pricing & get WhatsApp leads instantly on VenueConnect.","Top Decorators in Ghuma, Gandhinagar",decorators in Ghuma Gandhinagar,"decorators near Ghuma, decorators Ghuma Gandhinagar, best decorators near Ghuma",Transactional (Hyper-local),Medium
Vendor + City Area,"Mehndi Artists in Ghuma, Gandhinagar | VenueConnect",/gandhinagar/ghuma/vendors/mehndi-artists/,"Top Mehndi Artists in Ghuma, Gandhinagar | Hire Near You - VenueConnect","Find the best mehndi artists in Ghuma, Gandhinagar for your event. Browse verified profiles, compare pricing & get WhatsApp leads instantly on VenueConnect.","Top Mehndi Artists in Ghuma, Gandhinagar",mehndi artists in Ghuma Gandhinagar,"mehndi artists near Ghuma, mehndi artists Ghuma Gandhinagar, best mehndi artists near Ghuma",Transactional (Hyper-local),Medium
Vendor + City Area,"Photographers in Zundal, Gandhinagar | VenueConnect",/gandhinagar/zundal/vendors/photographers/,"Top Photographers in Zundal, Gandhinagar | Hire Near You - VenueConnect","Find the best photographers in Zundal, Gandhinagar for your event. Browse verified profiles, compare pricing & get WhatsApp leads instantly on VenueConnect.","Top Photographers in Zundal, Gandhinagar",photographers in Zundal Gandhinagar,"photographers near Zundal, photographers Zundal Gandhinagar, best photographers near Zundal",Transactional (Hyper-local),Medium
Vendor + City Area,"Caterers in Zundal, Gandhinagar | VenueConnect",/gandhinagar/zundal/vendors/caterers/,"Top Caterers in Zundal, Gandhinagar | Hire Near You - VenueConnect","Find the best caterers in Zundal, Gandhinagar for your event. Browse verified profiles, compare pricing & get WhatsApp leads instantly on VenueConnect.","Top Caterers in Zundal, Gandhinagar",caterers in Zundal Gandhinagar,"caterers near Zundal, caterers Zundal Gandhinagar, best caterers near Zundal",Transactional (Hyper-local),Medium
Vendor + City Area,"Decorators in Zundal, Gandhinagar | VenueConnect",/gandhinagar/zundal/vendors/decorators/,"Top Decorators in Zundal, Gandhinagar | Hire Near You - VenueConnect","Find the best decorators in Zundal, Gandhinagar for your event. Browse verified profiles, compare pricing & get WhatsApp leads instantly on VenueConnect.","Top Decorators in Zundal, Gandhinagar",decorators in Zundal Gandhinagar,"decorators near Zundal, decorators Zundal Gandhinagar, best decorators near Zundal",Transactional (Hyper-local),Medium
Vendor + City Area,"Mehndi Artists in Zundal, Gandhinagar | VenueConnect",/gandhinagar/zundal/vendors/mehndi-artists/,"Top Mehndi Artists in Zundal, Gandhinagar | Hire Near You - VenueConnect","Find the best mehndi artists in Zundal, Gandhinagar for your event. Browse verified profiles, compare pricing & get WhatsApp leads instantly on VenueConnect.","Top Mehndi Artists in Zundal, Gandhinagar",mehndi artists in Zundal Gandhinagar,"mehndi artists near Zundal, mehndi artists Zundal Gandhinagar, best mehndi artists near Zundal",Transactional (Hyper-local),Medium
Vendor + City Area,"Photographers in Tragad, Gandhinagar | VenueConnect",/gandhinagar/tragad/vendors/photographers/,"Top Photographers in Tragad, Gandhinagar | Hire Near You - VenueConnect","Find the best photographers in Tragad, Gandhinagar for your event. Browse verified profiles, compare pricing & get WhatsApp leads instantly on VenueConnect.","Top Photographers in Tragad, Gandhinagar",photographers in Tragad Gandhinagar,"photographers near Tragad, photographers Tragad Gandhinagar, best photographers near Tragad",Transactional (Hyper-local),Medium
Vendor + City Area,"Caterers in Tragad, Gandhinagar | VenueConnect",/gandhinagar/tragad/vendors/caterers/,"Top Caterers in Tragad, Gandhinagar | Hire Near You - VenueConnect","Find the best caterers in Tragad, Gandhinagar for your event. Browse verified profiles, compare pricing & get WhatsApp leads instantly on VenueConnect.","Top Caterers in Tragad, Gandhinagar",caterers in Tragad Gandhinagar,"caterers near Tragad, caterers Tragad Gandhinagar, best caterers near Tragad",Transactional (Hyper-local),Medium
Vendor + City Area,"Decorators in Tragad, Gandhinagar | VenueConnect",/gandhinagar/tragad/vendors/decorators/,"Top Decorators in Tragad, Gandhinagar | Hire Near You - VenueConnect","Find the best decorators in Tragad, Gandhinagar for your event. Browse verified profiles, compare pricing & get WhatsApp leads instantly on VenueConnect.","Top Decorators in Tragad, Gandhinagar",decorators in Tragad Gandhinagar,"decorators near Tragad, decorators Tragad Gandhinagar, best decorators near Tragad",Transactional (Hyper-local),Medium
Vendor + City Area,"Mehndi Artists in Tragad, Gandhinagar | VenueConnect",/gandhinagar/tragad/vendors/mehndi-artists/,"Top Mehndi Artists in Tragad, Gandhinagar | Hire Near You - VenueConnect","Find the best mehndi artists in Tragad, Gandhinagar for your event. Browse verified profiles, compare pricing & get WhatsApp leads instantly on VenueConnect.","Top Mehndi Artists in Tragad, Gandhinagar",mehndi artists in Tragad Gandhinagar,"mehndi artists near Tragad, mehndi artists Tragad Gandhinagar, best mehndi artists near Tragad",Transactional (Hyper-local),Medium
  VENUE TYPE + CITY AREA PAGES (Hyper-local),,,,,,,,,
Page Type,Page Title,URL Slug,Meta Title,Meta Description,H1 Tag,Target Keyword,Secondary Keywords,Search Intent,Priority
Venue + City Area,"Banquet Halls in Sector 1, Gandhinagar | VenueConnect",/gandhinagar/sector-1/banquet-halls/,"Best Banquet Halls in Sector 1, Gandhinagar | Compare Near You - VenueConnect","Looking for banquet halls in Sector 1, Gandhinagar? Browse verified listings with pricing, capacity & photos. Book the perfect venue near Sector 1 on VenueConnect.","Best Banquet Halls in Sector 1, Gandhinagar",banquet halls in Sector 1 Gandhinagar,"banquet halls near Sector 1, banquet halls Sector 1 Gandhinagar, affordable banquet halls near Sector 1",Transactional (Hyper-local),High
Venue + City Area,"Farmhouses in Sector 1, Gandhinagar | VenueConnect",/gandhinagar/sector-1/farmhouses/,"Best Farmhouses in Sector 1, Gandhinagar | Compare Near You - VenueConnect","Looking for farmhouses in Sector 1, Gandhinagar? Browse verified listings with pricing, capacity & photos. Book the perfect venue near Sector 1 on VenueConnect.","Best Farmhouses in Sector 1, Gandhinagar",farmhouses in Sector 1 Gandhinagar,"farmhouses near Sector 1, farmhouses Sector 1 Gandhinagar, affordable farmhouses near Sector 1",Transactional (Hyper-local),High
Venue + City Area,"Party Plots in Sector 1, Gandhinagar | VenueConnect",/gandhinagar/sector-1/party-plots/,"Best Party Plots in Sector 1, Gandhinagar | Compare Near You - VenueConnect","Looking for party plots in Sector 1, Gandhinagar? Browse verified listings with pricing, capacity & photos. Book the perfect venue near Sector 1 on VenueConnect.","Best Party Plots in Sector 1, Gandhinagar",party plots in Sector 1 Gandhinagar,"party plots near Sector 1, party plots Sector 1 Gandhinagar, affordable party plots near Sector 1",Transactional (Hyper-local),High
Venue + City Area,"Banquet Halls in Sector 2, Gandhinagar | VenueConnect",/gandhinagar/sector-2/banquet-halls/,"Best Banquet Halls in Sector 2, Gandhinagar | Compare Near You - VenueConnect","Looking for banquet halls in Sector 2, Gandhinagar? Browse verified listings with pricing, capacity & photos. Book the perfect venue near Sector 2 on VenueConnect.","Best Banquet Halls in Sector 2, Gandhinagar",banquet halls in Sector 2 Gandhinagar,"banquet halls near Sector 2, banquet halls Sector 2 Gandhinagar, affordable banquet halls near Sector 2",Transactional (Hyper-local),High
Venue + City Area,"Farmhouses in Sector 2, Gandhinagar | VenueConnect",/gandhinagar/sector-2/farmhouses/,"Best Farmhouses in Sector 2, Gandhinagar | Compare Near You - VenueConnect","Looking for farmhouses in Sector 2, Gandhinagar? Browse verified listings with pricing, capacity & photos. Book the perfect venue near Sector 2 on VenueConnect.","Best Farmhouses in Sector 2, Gandhinagar",farmhouses in Sector 2 Gandhinagar,"farmhouses near Sector 2, farmhouses Sector 2 Gandhinagar, affordable farmhouses near Sector 2",Transactional (Hyper-local),High
Venue + City Area,"Party Plots in Sector 2, Gandhinagar | VenueConnect",/gandhinagar/sector-2/party-plots/,"Best Party Plots in Sector 2, Gandhinagar | Compare Near You - VenueConnect","Looking for party plots in Sector 2, Gandhinagar? Browse verified listings with pricing, capacity & photos. Book the perfect venue near Sector 2 on VenueConnect.","Best Party Plots in Sector 2, Gandhinagar",party plots in Sector 2 Gandhinagar,"party plots near Sector 2, party plots Sector 2 Gandhinagar, affordable party plots near Sector 2",Transactional (Hyper-local),High
Venue + City Area,"Banquet Halls in Sector 3, Gandhinagar | VenueConnect",/gandhinagar/sector-3/banquet-halls/,"Best Banquet Halls in Sector 3, Gandhinagar | Compare Near You - VenueConnect","Looking for banquet halls in Sector 3, Gandhinagar? Browse verified listings with pricing, capacity & photos. Book the perfect venue near Sector 3 on VenueConnect.","Best Banquet Halls in Sector 3, Gandhinagar",banquet halls in Sector 3 Gandhinagar,"banquet halls near Sector 3, banquet halls Sector 3 Gandhinagar, affordable banquet halls near Sector 3",Transactional (Hyper-local),High
Venue + City Area,"Farmhouses in Sector 3, Gandhinagar | VenueConnect",/gandhinagar/sector-3/farmhouses/,"Best Farmhouses in Sector 3, Gandhinagar | Compare Near You - VenueConnect","Looking for farmhouses in Sector 3, Gandhinagar? Browse verified listings with pricing, capacity & photos. Book the perfect venue near Sector 3 on VenueConnect.","Best Farmhouses in Sector 3, Gandhinagar",farmhouses in Sector 3 Gandhinagar,"farmhouses near Sector 3, farmhouses Sector 3 Gandhinagar, affordable farmhouses near Sector 3",Transactional (Hyper-local),High
Venue + City Area,"Party Plots in Sector 3, Gandhinagar | VenueConnect",/gandhinagar/sector-3/party-plots/,"Best Party Plots in Sector 3, Gandhinagar | Compare Near You - VenueConnect","Looking for party plots in Sector 3, Gandhinagar? Browse verified listings with pricing, capacity & photos. Book the perfect venue near Sector 3 on VenueConnect.","Best Party Plots in Sector 3, Gandhinagar",party plots in Sector 3 Gandhinagar,"party plots near Sector 3, party plots Sector 3 Gandhinagar, affordable party plots near Sector 3",Transactional (Hyper-local),High
Venue + City Area,"Banquet Halls in Sector 4, Gandhinagar | VenueConnect",/gandhinagar/sector-4/banquet-halls/,"Best Banquet Halls in Sector 4, Gandhinagar | Compare Near You - VenueConnect","Looking for banquet halls in Sector 4, Gandhinagar? Browse verified listings with pricing, capacity & photos. Book the perfect venue near Sector 4 on VenueConnect.","Best Banquet Halls in Sector 4, Gandhinagar",banquet halls in Sector 4 Gandhinagar,"banquet halls near Sector 4, banquet halls Sector 4 Gandhinagar, affordable banquet halls near Sector 4",Transactional (Hyper-local),High
Venue + City Area,"Farmhouses in Sector 4, Gandhinagar | VenueConnect",/gandhinagar/sector-4/farmhouses/,"Best Farmhouses in Sector 4, Gandhinagar | Compare Near You - VenueConnect","Looking for farmhouses in Sector 4, Gandhinagar? Browse verified listings with pricing, capacity & photos. Book the perfect venue near Sector 4 on VenueConnect.","Best Farmhouses in Sector 4, Gandhinagar",farmhouses in Sector 4 Gandhinagar,"farmhouses near Sector 4, farmhouses Sector 4 Gandhinagar, affordable farmhouses near Sector 4",Transactional (Hyper-local),High
Venue + City Area,"Party Plots in Sector 4, Gandhinagar | VenueConnect",/gandhinagar/sector-4/party-plots/,"Best Party Plots in Sector 4, Gandhinagar | Compare Near You - VenueConnect","Looking for party plots in Sector 4, Gandhinagar? Browse verified listings with pricing, capacity & photos. Book the perfect venue near Sector 4 on VenueConnect.","Best Party Plots in Sector 4, Gandhinagar",party plots in Sector 4 Gandhinagar,"party plots near Sector 4, party plots Sector 4 Gandhinagar, affordable party plots near Sector 4",Transactional (Hyper-local),High
Venue + City Area,"Banquet Halls in Sector 5, Gandhinagar | VenueConnect",/gandhinagar/sector-5/banquet-halls/,"Best Banquet Halls in Sector 5, Gandhinagar | Compare Near You - VenueConnect","Looking for banquet halls in Sector 5, Gandhinagar? Browse verified listings with pricing, capacity & photos. Book the perfect venue near Sector 5 on VenueConnect.","Best Banquet Halls in Sector 5, Gandhinagar",banquet halls in Sector 5 Gandhinagar,"banquet halls near Sector 5, banquet halls Sector 5 Gandhinagar, affordable banquet halls near Sector 5",Transactional (Hyper-local),High
Venue + City Area,"Farmhouses in Sector 5, Gandhinagar | VenueConnect",/gandhinagar/sector-5/farmhouses/,"Best Farmhouses in Sector 5, Gandhinagar | Compare Near You - VenueConnect","Looking for farmhouses in Sector 5, Gandhinagar? Browse verified listings with pricing, capacity & photos. Book the perfect venue near Sector 5 on VenueConnect.","Best Farmhouses in Sector 5, Gandhinagar",farmhouses in Sector 5 Gandhinagar,"farmhouses near Sector 5, farmhouses Sector 5 Gandhinagar, affordable farmhouses near Sector 5",Transactional (Hyper-local),High
Venue + City Area,"Party Plots in Sector 5, Gandhinagar | VenueConnect",/gandhinagar/sector-5/party-plots/,"Best Party Plots in Sector 5, Gandhinagar | Compare Near You - VenueConnect","Looking for party plots in Sector 5, Gandhinagar? Browse verified listings with pricing, capacity & photos. Book the perfect venue near Sector 5 on VenueConnect.","Best Party Plots in Sector 5, Gandhinagar",party plots in Sector 5 Gandhinagar,"party plots near Sector 5, party plots Sector 5 Gandhinagar, affordable party plots near Sector 5",Transactional (Hyper-local),High
Venue + City Area,"Banquet Halls in Sector 6, Gandhinagar | VenueConnect",/gandhinagar/sector-6/banquet-halls/,"Best Banquet Halls in Sector 6, Gandhinagar | Compare Near You - VenueConnect","Looking for banquet halls in Sector 6, Gandhinagar? Browse verified listings with pricing, capacity & photos. Book the perfect venue near Sector 6 on VenueConnect.","Best Banquet Halls in Sector 6, Gandhinagar",banquet halls in Sector 6 Gandhinagar,"banquet halls near Sector 6, banquet halls Sector 6 Gandhinagar, affordable banquet halls near Sector 6",Transactional (Hyper-local),High
Venue + City Area,"Farmhouses in Sector 6, Gandhinagar | VenueConnect",/gandhinagar/sector-6/farmhouses/,"Best Farmhouses in Sector 6, Gandhinagar | Compare Near You - VenueConnect","Looking for farmhouses in Sector 6, Gandhinagar? Browse verified listings with pricing, capacity & photos. Book the perfect venue near Sector 6 on VenueConnect.","Best Farmhouses in Sector 6, Gandhinagar",farmhouses in Sector 6 Gandhinagar,"farmhouses near Sector 6, farmhouses Sector 6 Gandhinagar, affordable farmhouses near Sector 6",Transactional (Hyper-local),High
Venue + City Area,"Party Plots in Sector 6, Gandhinagar | VenueConnect",/gandhinagar/sector-6/party-plots/,"Best Party Plots in Sector 6, Gandhinagar | Compare Near You - VenueConnect","Looking for party plots in Sector 6, Gandhinagar? Browse verified listings with pricing, capacity & photos. Book the perfect venue near Sector 6 on VenueConnect.","Best Party Plots in Sector 6, Gandhinagar",party plots in Sector 6 Gandhinagar,"party plots near Sector 6, party plots Sector 6 Gandhinagar, affordable party plots near Sector 6",Transactional (Hyper-local),High
Venue + City Area,"Banquet Halls in Sector 7, Gandhinagar | VenueConnect",/gandhinagar/sector-7/banquet-halls/,"Best Banquet Halls in Sector 7, Gandhinagar | Compare Near You - VenueConnect","Looking for banquet halls in Sector 7, Gandhinagar? Browse verified listings with pricing, capacity & photos. Book the perfect venue near Sector 7 on VenueConnect.","Best Banquet Halls in Sector 7, Gandhinagar",banquet halls in Sector 7 Gandhinagar,"banquet halls near Sector 7, banquet halls Sector 7 Gandhinagar, affordable banquet halls near Sector 7",Transactional (Hyper-local),High
Venue + City Area,"Farmhouses in Sector 7, Gandhinagar | VenueConnect",/gandhinagar/sector-7/farmhouses/,"Best Farmhouses in Sector 7, Gandhinagar | Compare Near You - VenueConnect","Looking for farmhouses in Sector 7, Gandhinagar? Browse verified listings with pricing, capacity & photos. Book the perfect venue near Sector 7 on VenueConnect.","Best Farmhouses in Sector 7, Gandhinagar",farmhouses in Sector 7 Gandhinagar,"farmhouses near Sector 7, farmhouses Sector 7 Gandhinagar, affordable farmhouses near Sector 7",Transactional (Hyper-local),High
Venue + City Area,"Party Plots in Sector 7, Gandhinagar | VenueConnect",/gandhinagar/sector-7/party-plots/,"Best Party Plots in Sector 7, Gandhinagar | Compare Near You - VenueConnect","Looking for party plots in Sector 7, Gandhinagar? Browse verified listings with pricing, capacity & photos. Book the perfect venue near Sector 7 on VenueConnect.","Best Party Plots in Sector 7, Gandhinagar",party plots in Sector 7 Gandhinagar,"party plots near Sector 7, party plots Sector 7 Gandhinagar, affordable party plots near Sector 7",Transactional (Hyper-local),High
Venue + City Area,"Banquet Halls in Sector 8, Gandhinagar | VenueConnect",/gandhinagar/sector-8/banquet-halls/,"Best Banquet Halls in Sector 8, Gandhinagar | Compare Near You - VenueConnect","Looking for banquet halls in Sector 8, Gandhinagar? Browse verified listings with pricing, capacity & photos. Book the perfect venue near Sector 8 on VenueConnect.","Best Banquet Halls in Sector 8, Gandhinagar",banquet halls in Sector 8 Gandhinagar,"banquet halls near Sector 8, banquet halls Sector 8 Gandhinagar, affordable banquet halls near Sector 8",Transactional (Hyper-local),High
Venue + City Area,"Farmhouses in Sector 8, Gandhinagar | VenueConnect",/gandhinagar/sector-8/farmhouses/,"Best Farmhouses in Sector 8, Gandhinagar | Compare Near You - VenueConnect","Looking for farmhouses in Sector 8, Gandhinagar? Browse verified listings with pricing, capacity & photos. Book the perfect venue near Sector 8 on VenueConnect.","Best Farmhouses in Sector 8, Gandhinagar",farmhouses in Sector 8 Gandhinagar,"farmhouses near Sector 8, farmhouses Sector 8 Gandhinagar, affordable farmhouses near Sector 8",Transactional (Hyper-local),High
Venue + City Area,"Party Plots in Sector 8, Gandhinagar | VenueConnect",/gandhinagar/sector-8/party-plots/,"Best Party Plots in Sector 8, Gandhinagar | Compare Near You - VenueConnect","Looking for party plots in Sector 8, Gandhinagar? Browse verified listings with pricing, capacity & photos. Book the perfect venue near Sector 8 on VenueConnect.","Best Party Plots in Sector 8, Gandhinagar",party plots in Sector 8 Gandhinagar,"party plots near Sector 8, party plots Sector 8 Gandhinagar, affordable party plots near Sector 8",Transactional (Hyper-local),High
Venue + City Area,"Banquet Halls in Sector 9, Gandhinagar | VenueConnect",/gandhinagar/sector-9/banquet-halls/,"Best Banquet Halls in Sector 9, Gandhinagar | Compare Near You - VenueConnect","Looking for banquet halls in Sector 9, Gandhinagar? Browse verified listings with pricing, capacity & photos. Book the perfect venue near Sector 9 on VenueConnect.","Best Banquet Halls in Sector 9, Gandhinagar",banquet halls in Sector 9 Gandhinagar,"banquet halls near Sector 9, banquet halls Sector 9 Gandhinagar, affordable banquet halls near Sector 9",Transactional (Hyper-local),High
Venue + City Area,"Farmhouses in Sector 9, Gandhinagar | VenueConnect",/gandhinagar/sector-9/farmhouses/,"Best Farmhouses in Sector 9, Gandhinagar | Compare Near You - VenueConnect","Looking for farmhouses in Sector 9, Gandhinagar? Browse verified listings with pricing, capacity & photos. Book the perfect venue near Sector 9 on VenueConnect.","Best Farmhouses in Sector 9, Gandhinagar",farmhouses in Sector 9 Gandhinagar,"farmhouses near Sector 9, farmhouses Sector 9 Gandhinagar, affordable farmhouses near Sector 9",Transactional (Hyper-local),High
Venue + City Area,"Party Plots in Sector 9, Gandhinagar | VenueConnect",/gandhinagar/sector-9/party-plots/,"Best Party Plots in Sector 9, Gandhinagar | Compare Near You - VenueConnect","Looking for party plots in Sector 9, Gandhinagar? Browse verified listings with pricing, capacity & photos. Book the perfect venue near Sector 9 on VenueConnect.","Best Party Plots in Sector 9, Gandhinagar",party plots in Sector 9 Gandhinagar,"party plots near Sector 9, party plots Sector 9 Gandhinagar, affordable party plots near Sector 9",Transactional (Hyper-local),High
Venue + City Area,"Banquet Halls in Sector 10, Gandhinagar | VenueConnect",/gandhinagar/sector-10/banquet-halls/,"Best Banquet Halls in Sector 10, Gandhinagar | Compare Near You - VenueConnect","Looking for banquet halls in Sector 10, Gandhinagar? Browse verified listings with pricing, capacity & photos. Book the perfect venue near Sector 10 on VenueConnect.","Best Banquet Halls in Sector 10, Gandhinagar",banquet halls in Sector 10 Gandhinagar,"banquet halls near Sector 10, banquet halls Sector 10 Gandhinagar, affordable banquet halls near Sector 10",Transactional (Hyper-local),High
Venue + City Area,"Farmhouses in Sector 10, Gandhinagar | VenueConnect",/gandhinagar/sector-10/farmhouses/,"Best Farmhouses in Sector 10, Gandhinagar | Compare Near You - VenueConnect","Looking for farmhouses in Sector 10, Gandhinagar? Browse verified listings with pricing, capacity & photos. Book the perfect venue near Sector 10 on VenueConnect.","Best Farmhouses in Sector 10, Gandhinagar",farmhouses in Sector 10 Gandhinagar,"farmhouses near Sector 10, farmhouses Sector 10 Gandhinagar, affordable farmhouses near Sector 10",Transactional (Hyper-local),High
Venue + City Area,"Party Plots in Sector 10, Gandhinagar | VenueConnect",/gandhinagar/sector-10/party-plots/,"Best Party Plots in Sector 10, Gandhinagar | Compare Near You - VenueConnect","Looking for party plots in Sector 10, Gandhinagar? Browse verified listings with pricing, capacity & photos. Book the perfect venue near Sector 10 on VenueConnect.","Best Party Plots in Sector 10, Gandhinagar",party plots in Sector 10 Gandhinagar,"party plots near Sector 10, party plots Sector 10 Gandhinagar, affordable party plots near Sector 10",Transactional (Hyper-local),High
Venue + City Area,"Banquet Halls in Sector 11, Gandhinagar | VenueConnect",/gandhinagar/sector-11/banquet-halls/,"Best Banquet Halls in Sector 11, Gandhinagar | Compare Near You - VenueConnect","Looking for banquet halls in Sector 11, Gandhinagar? Browse verified listings with pricing, capacity & photos. Book the perfect venue near Sector 11 on VenueConnect.","Best Banquet Halls in Sector 11, Gandhinagar",banquet halls in Sector 11 Gandhinagar,"banquet halls near Sector 11, banquet halls Sector 11 Gandhinagar, affordable banquet halls near Sector 11",Transactional (Hyper-local),High
Venue + City Area,"Farmhouses in Sector 11, Gandhinagar | VenueConnect",/gandhinagar/sector-11/farmhouses/,"Best Farmhouses in Sector 11, Gandhinagar | Compare Near You - VenueConnect","Looking for farmhouses in Sector 11, Gandhinagar? Browse verified listings with pricing, capacity & photos. Book the perfect venue near Sector 11 on VenueConnect.","Best Farmhouses in Sector 11, Gandhinagar",farmhouses in Sector 11 Gandhinagar,"farmhouses near Sector 11, farmhouses Sector 11 Gandhinagar, affordable farmhouses near Sector 11",Transactional (Hyper-local),High
Venue + City Area,"Party Plots in Sector 11, Gandhinagar | VenueConnect",/gandhinagar/sector-11/party-plots/,"Best Party Plots in Sector 11, Gandhinagar | Compare Near You - VenueConnect","Looking for party plots in Sector 11, Gandhinagar? Browse verified listings with pricing, capacity & photos. Book the perfect venue near Sector 11 on VenueConnect.","Best Party Plots in Sector 11, Gandhinagar",party plots in Sector 11 Gandhinagar,"party plots near Sector 11, party plots Sector 11 Gandhinagar, affordable party plots near Sector 11",Transactional (Hyper-local),High
Venue + City Area,"Banquet Halls in Sector 12, Gandhinagar | VenueConnect",/gandhinagar/sector-12/banquet-halls/,"Best Banquet Halls in Sector 12, Gandhinagar | Compare Near You - VenueConnect","Looking for banquet halls in Sector 12, Gandhinagar? Browse verified listings with pricing, capacity & photos. Book the perfect venue near Sector 12 on VenueConnect.","Best Banquet Halls in Sector 12, Gandhinagar",banquet halls in Sector 12 Gandhinagar,"banquet halls near Sector 12, banquet halls Sector 12 Gandhinagar, affordable banquet halls near Sector 12",Transactional (Hyper-local),High
Venue + City Area,"Farmhouses in Sector 12, Gandhinagar | VenueConnect",/gandhinagar/sector-12/farmhouses/,"Best Farmhouses in Sector 12, Gandhinagar | Compare Near You - VenueConnect","Looking for farmhouses in Sector 12, Gandhinagar? Browse verified listings with pricing, capacity & photos. Book the perfect venue near Sector 12 on VenueConnect.","Best Farmhouses in Sector 12, Gandhinagar",farmhouses in Sector 12 Gandhinagar,"farmhouses near Sector 12, farmhouses Sector 12 Gandhinagar, affordable farmhouses near Sector 12",Transactional (Hyper-local),High
Venue + City Area,"Party Plots in Sector 12, Gandhinagar | VenueConnect",/gandhinagar/sector-12/party-plots/,"Best Party Plots in Sector 12, Gandhinagar | Compare Near You - VenueConnect","Looking for party plots in Sector 12, Gandhinagar? Browse verified listings with pricing, capacity & photos. Book the perfect venue near Sector 12 on VenueConnect.","Best Party Plots in Sector 12, Gandhinagar",party plots in Sector 12 Gandhinagar,"party plots near Sector 12, party plots Sector 12 Gandhinagar, affordable party plots near Sector 12",Transactional (Hyper-local),High
Venue + City Area,"Banquet Halls in Sector 13, Gandhinagar | VenueConnect",/gandhinagar/sector-13/banquet-halls/,"Best Banquet Halls in Sector 13, Gandhinagar | Compare Near You - VenueConnect","Looking for banquet halls in Sector 13, Gandhinagar? Browse verified listings with pricing, capacity & photos. Book the perfect venue near Sector 13 on VenueConnect.","Best Banquet Halls in Sector 13, Gandhinagar",banquet halls in Sector 13 Gandhinagar,"banquet halls near Sector 13, banquet halls Sector 13 Gandhinagar, affordable banquet halls near Sector 13",Transactional (Hyper-local),High
Venue + City Area,"Farmhouses in Sector 13, Gandhinagar | VenueConnect",/gandhinagar/sector-13/farmhouses/,"Best Farmhouses in Sector 13, Gandhinagar | Compare Near You - VenueConnect","Looking for farmhouses in Sector 13, Gandhinagar? Browse verified listings with pricing, capacity & photos. Book the perfect venue near Sector 13 on VenueConnect.","Best Farmhouses in Sector 13, Gandhinagar",farmhouses in Sector 13 Gandhinagar,"farmhouses near Sector 13, farmhouses Sector 13 Gandhinagar, affordable farmhouses near Sector 13",Transactional (Hyper-local),High
Venue + City Area,"Party Plots in Sector 13, Gandhinagar | VenueConnect",/gandhinagar/sector-13/party-plots/,"Best Party Plots in Sector 13, Gandhinagar | Compare Near You - VenueConnect","Looking for party plots in Sector 13, Gandhinagar? Browse verified listings with pricing, capacity & photos. Book the perfect venue near Sector 13 on VenueConnect.","Best Party Plots in Sector 13, Gandhinagar",party plots in Sector 13 Gandhinagar,"party plots near Sector 13, party plots Sector 13 Gandhinagar, affordable party plots near Sector 13",Transactional (Hyper-local),High
Venue + City Area,"Banquet Halls in Sector 14, Gandhinagar | VenueConnect",/gandhinagar/sector-14/banquet-halls/,"Best Banquet Halls in Sector 14, Gandhinagar | Compare Near You - VenueConnect","Looking for banquet halls in Sector 14, Gandhinagar? Browse verified listings with pricing, capacity & photos. Book the perfect venue near Sector 14 on VenueConnect.","Best Banquet Halls in Sector 14, Gandhinagar",banquet halls in Sector 14 Gandhinagar,"banquet halls near Sector 14, banquet halls Sector 14 Gandhinagar, affordable banquet halls near Sector 14",Transactional (Hyper-local),High
Venue + City Area,"Farmhouses in Sector 14, Gandhinagar | VenueConnect",/gandhinagar/sector-14/farmhouses/,"Best Farmhouses in Sector 14, Gandhinagar | Compare Near You - VenueConnect","Looking for farmhouses in Sector 14, Gandhinagar? Browse verified listings with pricing, capacity & photos. Book the perfect venue near Sector 14 on VenueConnect.","Best Farmhouses in Sector 14, Gandhinagar",farmhouses in Sector 14 Gandhinagar,"farmhouses near Sector 14, farmhouses Sector 14 Gandhinagar, affordable farmhouses near Sector 14",Transactional (Hyper-local),High
Venue + City Area,"Party Plots in Sector 14, Gandhinagar | VenueConnect",/gandhinagar/sector-14/party-plots/,"Best Party Plots in Sector 14, Gandhinagar | Compare Near You - VenueConnect","Looking for party plots in Sector 14, Gandhinagar? Browse verified listings with pricing, capacity & photos. Book the perfect venue near Sector 14 on VenueConnect.","Best Party Plots in Sector 14, Gandhinagar",party plots in Sector 14 Gandhinagar,"party plots near Sector 14, party plots Sector 14 Gandhinagar, affordable party plots near Sector 14",Transactional (Hyper-local),High
Venue + City Area,"Banquet Halls in Sector 15, Gandhinagar | VenueConnect",/gandhinagar/sector-15/banquet-halls/,"Best Banquet Halls in Sector 15, Gandhinagar | Compare Near You - VenueConnect","Looking for banquet halls in Sector 15, Gandhinagar? Browse verified listings with pricing, capacity & photos. Book the perfect venue near Sector 15 on VenueConnect.","Best Banquet Halls in Sector 15, Gandhinagar",banquet halls in Sector 15 Gandhinagar,"banquet halls near Sector 15, banquet halls Sector 15 Gandhinagar, affordable banquet halls near Sector 15",Transactional (Hyper-local),High
Venue + City Area,"Farmhouses in Sector 15, Gandhinagar | VenueConnect",/gandhinagar/sector-15/farmhouses/,"Best Farmhouses in Sector 15, Gandhinagar | Compare Near You - VenueConnect","Looking for farmhouses in Sector 15, Gandhinagar? Browse verified listings with pricing, capacity & photos. Book the perfect venue near Sector 15 on VenueConnect.","Best Farmhouses in Sector 15, Gandhinagar",farmhouses in Sector 15 Gandhinagar,"farmhouses near Sector 15, farmhouses Sector 15 Gandhinagar, affordable farmhouses near Sector 15",Transactional (Hyper-local),High
Venue + City Area,"Party Plots in Sector 15, Gandhinagar | VenueConnect",/gandhinagar/sector-15/party-plots/,"Best Party Plots in Sector 15, Gandhinagar | Compare Near You - VenueConnect","Looking for party plots in Sector 15, Gandhinagar? Browse verified listings with pricing, capacity & photos. Book the perfect venue near Sector 15 on VenueConnect.","Best Party Plots in Sector 15, Gandhinagar",party plots in Sector 15 Gandhinagar,"party plots near Sector 15, party plots Sector 15 Gandhinagar, affordable party plots near Sector 15",Transactional (Hyper-local),High
Venue + City Area,"Banquet Halls in Sector 16, Gandhinagar | VenueConnect",/gandhinagar/sector-16/banquet-halls/,"Best Banquet Halls in Sector 16, Gandhinagar | Compare Near You - VenueConnect","Looking for banquet halls in Sector 16, Gandhinagar? Browse verified listings with pricing, capacity & photos. Book the perfect venue near Sector 16 on VenueConnect.","Best Banquet Halls in Sector 16, Gandhinagar",banquet halls in Sector 16 Gandhinagar,"banquet halls near Sector 16, banquet halls Sector 16 Gandhinagar, affordable banquet halls near Sector 16",Transactional (Hyper-local),High
Venue + City Area,"Farmhouses in Sector 16, Gandhinagar | VenueConnect",/gandhinagar/sector-16/farmhouses/,"Best Farmhouses in Sector 16, Gandhinagar | Compare Near You - VenueConnect","Looking for farmhouses in Sector 16, Gandhinagar? Browse verified listings with pricing, capacity & photos. Book the perfect venue near Sector 16 on VenueConnect.","Best Farmhouses in Sector 16, Gandhinagar",farmhouses in Sector 16 Gandhinagar,"farmhouses near Sector 16, farmhouses Sector 16 Gandhinagar, affordable farmhouses near Sector 16",Transactional (Hyper-local),High
Venue + City Area,"Party Plots in Sector 16, Gandhinagar | VenueConnect",/gandhinagar/sector-16/party-plots/,"Best Party Plots in Sector 16, Gandhinagar | Compare Near You - VenueConnect","Looking for party plots in Sector 16, Gandhinagar? Browse verified listings with pricing, capacity & photos. Book the perfect venue near Sector 16 on VenueConnect.","Best Party Plots in Sector 16, Gandhinagar",party plots in Sector 16 Gandhinagar,"party plots near Sector 16, party plots Sector 16 Gandhinagar, affordable party plots near Sector 16",Transactional (Hyper-local),High
Venue + City Area,"Banquet Halls in Sector 17, Gandhinagar | VenueConnect",/gandhinagar/sector-17/banquet-halls/,"Best Banquet Halls in Sector 17, Gandhinagar | Compare Near You - VenueConnect","Looking for banquet halls in Sector 17, Gandhinagar? Browse verified listings with pricing, capacity & photos. Book the perfect venue near Sector 17 on VenueConnect.","Best Banquet Halls in Sector 17, Gandhinagar",banquet halls in Sector 17 Gandhinagar,"banquet halls near Sector 17, banquet halls Sector 17 Gandhinagar, affordable banquet halls near Sector 17",Transactional (Hyper-local),High
Venue + City Area,"Farmhouses in Sector 17, Gandhinagar | VenueConnect",/gandhinagar/sector-17/farmhouses/,"Best Farmhouses in Sector 17, Gandhinagar | Compare Near You - VenueConnect","Looking for farmhouses in Sector 17, Gandhinagar? Browse verified listings with pricing, capacity & photos. Book the perfect venue near Sector 17 on VenueConnect.","Best Farmhouses in Sector 17, Gandhinagar",farmhouses in Sector 17 Gandhinagar,"farmhouses near Sector 17, farmhouses Sector 17 Gandhinagar, affordable farmhouses near Sector 17",Transactional (Hyper-local),High
Venue + City Area,"Party Plots in Sector 17, Gandhinagar | VenueConnect",/gandhinagar/sector-17/party-plots/,"Best Party Plots in Sector 17, Gandhinagar | Compare Near You - VenueConnect","Looking for party plots in Sector 17, Gandhinagar? Browse verified listings with pricing, capacity & photos. Book the perfect venue near Sector 17 on VenueConnect.","Best Party Plots in Sector 17, Gandhinagar",party plots in Sector 17 Gandhinagar,"party plots near Sector 17, party plots Sector 17 Gandhinagar, affordable party plots near Sector 17",Transactional (Hyper-local),High
Venue + City Area,"Banquet Halls in Sector 18, Gandhinagar | VenueConnect",/gandhinagar/sector-18/banquet-halls/,"Best Banquet Halls in Sector 18, Gandhinagar | Compare Near You - VenueConnect","Looking for banquet halls in Sector 18, Gandhinagar? Browse verified listings with pricing, capacity & photos. Book the perfect venue near Sector 18 on VenueConnect.","Best Banquet Halls in Sector 18, Gandhinagar",banquet halls in Sector 18 Gandhinagar,"banquet halls near Sector 18, banquet halls Sector 18 Gandhinagar, affordable banquet halls near Sector 18",Transactional (Hyper-local),High
Venue + City Area,"Farmhouses in Sector 18, Gandhinagar | VenueConnect",/gandhinagar/sector-18/farmhouses/,"Best Farmhouses in Sector 18, Gandhinagar | Compare Near You - VenueConnect","Looking for farmhouses in Sector 18, Gandhinagar? Browse verified listings with pricing, capacity & photos. Book the perfect venue near Sector 18 on VenueConnect.","Best Farmhouses in Sector 18, Gandhinagar",farmhouses in Sector 18 Gandhinagar,"farmhouses near Sector 18, farmhouses Sector 18 Gandhinagar, affordable farmhouses near Sector 18",Transactional (Hyper-local),High
Venue + City Area,"Party Plots in Sector 18, Gandhinagar | VenueConnect",/gandhinagar/sector-18/party-plots/,"Best Party Plots in Sector 18, Gandhinagar | Compare Near You - VenueConnect","Looking for party plots in Sector 18, Gandhinagar? Browse verified listings with pricing, capacity & photos. Book the perfect venue near Sector 18 on VenueConnect.","Best Party Plots in Sector 18, Gandhinagar",party plots in Sector 18 Gandhinagar,"party plots near Sector 18, party plots Sector 18 Gandhinagar, affordable party plots near Sector 18",Transactional (Hyper-local),High
Venue + City Area,"Banquet Halls in Sector 19, Gandhinagar | VenueConnect",/gandhinagar/sector-19/banquet-halls/,"Best Banquet Halls in Sector 19, Gandhinagar | Compare Near You - VenueConnect","Looking for banquet halls in Sector 19, Gandhinagar? Browse verified listings with pricing, capacity & photos. Book the perfect venue near Sector 19 on VenueConnect.","Best Banquet Halls in Sector 19, Gandhinagar",banquet halls in Sector 19 Gandhinagar,"banquet halls near Sector 19, banquet halls Sector 19 Gandhinagar, affordable banquet halls near Sector 19",Transactional (Hyper-local),High
Venue + City Area,"Farmhouses in Sector 19, Gandhinagar | VenueConnect",/gandhinagar/sector-19/farmhouses/,"Best Farmhouses in Sector 19, Gandhinagar | Compare Near You - VenueConnect","Looking for farmhouses in Sector 19, Gandhinagar? Browse verified listings with pricing, capacity & photos. Book the perfect venue near Sector 19 on VenueConnect.","Best Farmhouses in Sector 19, Gandhinagar",farmhouses in Sector 19 Gandhinagar,"farmhouses near Sector 19, farmhouses Sector 19 Gandhinagar, affordable farmhouses near Sector 19",Transactional (Hyper-local),High
Venue + City Area,"Party Plots in Sector 19, Gandhinagar | VenueConnect",/gandhinagar/sector-19/party-plots/,"Best Party Plots in Sector 19, Gandhinagar | Compare Near You - VenueConnect","Looking for party plots in Sector 19, Gandhinagar? Browse verified listings with pricing, capacity & photos. Book the perfect venue near Sector 19 on VenueConnect.","Best Party Plots in Sector 19, Gandhinagar",party plots in Sector 19 Gandhinagar,"party plots near Sector 19, party plots Sector 19 Gandhinagar, affordable party plots near Sector 19",Transactional (Hyper-local),High
Venue + City Area,"Banquet Halls in Sector 20, Gandhinagar | VenueConnect",/gandhinagar/sector-20/banquet-halls/,"Best Banquet Halls in Sector 20, Gandhinagar | Compare Near You - VenueConnect","Looking for banquet halls in Sector 20, Gandhinagar? Browse verified listings with pricing, capacity & photos. Book the perfect venue near Sector 20 on VenueConnect.","Best Banquet Halls in Sector 20, Gandhinagar",banquet halls in Sector 20 Gandhinagar,"banquet halls near Sector 20, banquet halls Sector 20 Gandhinagar, affordable banquet halls near Sector 20",Transactional (Hyper-local),High
Venue + City Area,"Farmhouses in Sector 20, Gandhinagar | VenueConnect",/gandhinagar/sector-20/farmhouses/,"Best Farmhouses in Sector 20, Gandhinagar | Compare Near You - VenueConnect","Looking for farmhouses in Sector 20, Gandhinagar? Browse verified listings with pricing, capacity & photos. Book the perfect venue near Sector 20 on VenueConnect.","Best Farmhouses in Sector 20, Gandhinagar",farmhouses in Sector 20 Gandhinagar,"farmhouses near Sector 20, farmhouses Sector 20 Gandhinagar, affordable farmhouses near Sector 20",Transactional (Hyper-local),High
Venue + City Area,"Party Plots in Sector 20, Gandhinagar | VenueConnect",/gandhinagar/sector-20/party-plots/,"Best Party Plots in Sector 20, Gandhinagar | Compare Near You - VenueConnect","Looking for party plots in Sector 20, Gandhinagar? Browse verified listings with pricing, capacity & photos. Book the perfect venue near Sector 20 on VenueConnect.","Best Party Plots in Sector 20, Gandhinagar",party plots in Sector 20 Gandhinagar,"party plots near Sector 20, party plots Sector 20 Gandhinagar, affordable party plots near Sector 20",Transactional (Hyper-local),High
Venue + City Area,"Banquet Halls in Sector 21, Gandhinagar | VenueConnect",/gandhinagar/sector-21/banquet-halls/,"Best Banquet Halls in Sector 21, Gandhinagar | Compare Near You - VenueConnect","Looking for banquet halls in Sector 21, Gandhinagar? Browse verified listings with pricing, capacity & photos. Book the perfect venue near Sector 21 on VenueConnect.","Best Banquet Halls in Sector 21, Gandhinagar",banquet halls in Sector 21 Gandhinagar,"banquet halls near Sector 21, banquet halls Sector 21 Gandhinagar, affordable banquet halls near Sector 21",Transactional (Hyper-local),High
Venue + City Area,"Farmhouses in Sector 21, Gandhinagar | VenueConnect",/gandhinagar/sector-21/farmhouses/,"Best Farmhouses in Sector 21, Gandhinagar | Compare Near You - VenueConnect","Looking for farmhouses in Sector 21, Gandhinagar? Browse verified listings with pricing, capacity & photos. Book the perfect venue near Sector 21 on VenueConnect.","Best Farmhouses in Sector 21, Gandhinagar",farmhouses in Sector 21 Gandhinagar,"farmhouses near Sector 21, farmhouses Sector 21 Gandhinagar, affordable farmhouses near Sector 21",Transactional (Hyper-local),High
Venue + City Area,"Party Plots in Sector 21, Gandhinagar | VenueConnect",/gandhinagar/sector-21/party-plots/,"Best Party Plots in Sector 21, Gandhinagar | Compare Near You - VenueConnect","Looking for party plots in Sector 21, Gandhinagar? Browse verified listings with pricing, capacity & photos. Book the perfect venue near Sector 21 on VenueConnect.","Best Party Plots in Sector 21, Gandhinagar",party plots in Sector 21 Gandhinagar,"party plots near Sector 21, party plots Sector 21 Gandhinagar, affordable party plots near Sector 21",Transactional (Hyper-local),High
Venue + City Area,"Banquet Halls in Sector 22, Gandhinagar | VenueConnect",/gandhinagar/sector-22/banquet-halls/,"Best Banquet Halls in Sector 22, Gandhinagar | Compare Near You - VenueConnect","Looking for banquet halls in Sector 22, Gandhinagar? Browse verified listings with pricing, capacity & photos. Book the perfect venue near Sector 22 on VenueConnect.","Best Banquet Halls in Sector 22, Gandhinagar",banquet halls in Sector 22 Gandhinagar,"banquet halls near Sector 22, banquet halls Sector 22 Gandhinagar, affordable banquet halls near Sector 22",Transactional (Hyper-local),High
Venue + City Area,"Farmhouses in Sector 22, Gandhinagar | VenueConnect",/gandhinagar/sector-22/farmhouses/,"Best Farmhouses in Sector 22, Gandhinagar | Compare Near You - VenueConnect","Looking for farmhouses in Sector 22, Gandhinagar? Browse verified listings with pricing, capacity & photos. Book the perfect venue near Sector 22 on VenueConnect.","Best Farmhouses in Sector 22, Gandhinagar",farmhouses in Sector 22 Gandhinagar,"farmhouses near Sector 22, farmhouses Sector 22 Gandhinagar, affordable farmhouses near Sector 22",Transactional (Hyper-local),High
Venue + City Area,"Party Plots in Sector 22, Gandhinagar | VenueConnect",/gandhinagar/sector-22/party-plots/,"Best Party Plots in Sector 22, Gandhinagar | Compare Near You - VenueConnect","Looking for party plots in Sector 22, Gandhinagar? Browse verified listings with pricing, capacity & photos. Book the perfect venue near Sector 22 on VenueConnect.","Best Party Plots in Sector 22, Gandhinagar",party plots in Sector 22 Gandhinagar,"party plots near Sector 22, party plots Sector 22 Gandhinagar, affordable party plots near Sector 22",Transactional (Hyper-local),High
Venue + City Area,"Banquet Halls in Sector 23, Gandhinagar | VenueConnect",/gandhinagar/sector-23/banquet-halls/,"Best Banquet Halls in Sector 23, Gandhinagar | Compare Near You - VenueConnect","Looking for banquet halls in Sector 23, Gandhinagar? Browse verified listings with pricing, capacity & photos. Book the perfect venue near Sector 23 on VenueConnect.","Best Banquet Halls in Sector 23, Gandhinagar",banquet halls in Sector 23 Gandhinagar,"banquet halls near Sector 23, banquet halls Sector 23 Gandhinagar, affordable banquet halls near Sector 23",Transactional (Hyper-local),High
Venue + City Area,"Farmhouses in Sector 23, Gandhinagar | VenueConnect",/gandhinagar/sector-23/farmhouses/,"Best Farmhouses in Sector 23, Gandhinagar | Compare Near You - VenueConnect","Looking for farmhouses in Sector 23, Gandhinagar? Browse verified listings with pricing, capacity & photos. Book the perfect venue near Sector 23 on VenueConnect.","Best Farmhouses in Sector 23, Gandhinagar",farmhouses in Sector 23 Gandhinagar,"farmhouses near Sector 23, farmhouses Sector 23 Gandhinagar, affordable farmhouses near Sector 23",Transactional (Hyper-local),High
Venue + City Area,"Party Plots in Sector 23, Gandhinagar | VenueConnect",/gandhinagar/sector-23/party-plots/,"Best Party Plots in Sector 23, Gandhinagar | Compare Near You - VenueConnect","Looking for party plots in Sector 23, Gandhinagar? Browse verified listings with pricing, capacity & photos. Book the perfect venue near Sector 23 on VenueConnect.","Best Party Plots in Sector 23, Gandhinagar",party plots in Sector 23 Gandhinagar,"party plots near Sector 23, party plots Sector 23 Gandhinagar, affordable party plots near Sector 23",Transactional (Hyper-local),High
Venue + City Area,"Banquet Halls in Sector 24, Gandhinagar | VenueConnect",/gandhinagar/sector-24/banquet-halls/,"Best Banquet Halls in Sector 24, Gandhinagar | Compare Near You - VenueConnect","Looking for banquet halls in Sector 24, Gandhinagar? Browse verified listings with pricing, capacity & photos. Book the perfect venue near Sector 24 on VenueConnect.","Best Banquet Halls in Sector 24, Gandhinagar",banquet halls in Sector 24 Gandhinagar,"banquet halls near Sector 24, banquet halls Sector 24 Gandhinagar, affordable banquet halls near Sector 24",Transactional (Hyper-local),High
Venue + City Area,"Farmhouses in Sector 24, Gandhinagar | VenueConnect",/gandhinagar/sector-24/farmhouses/,"Best Farmhouses in Sector 24, Gandhinagar | Compare Near You - VenueConnect","Looking for farmhouses in Sector 24, Gandhinagar? Browse verified listings with pricing, capacity & photos. Book the perfect venue near Sector 24 on VenueConnect.","Best Farmhouses in Sector 24, Gandhinagar",farmhouses in Sector 24 Gandhinagar,"farmhouses near Sector 24, farmhouses Sector 24 Gandhinagar, affordable farmhouses near Sector 24",Transactional (Hyper-local),High
Venue + City Area,"Party Plots in Sector 24, Gandhinagar | VenueConnect",/gandhinagar/sector-24/party-plots/,"Best Party Plots in Sector 24, Gandhinagar | Compare Near You - VenueConnect","Looking for party plots in Sector 24, Gandhinagar? Browse verified listings with pricing, capacity & photos. Book the perfect venue near Sector 24 on VenueConnect.","Best Party Plots in Sector 24, Gandhinagar",party plots in Sector 24 Gandhinagar,"party plots near Sector 24, party plots Sector 24 Gandhinagar, affordable party plots near Sector 24",Transactional (Hyper-local),High
Venue + City Area,"Banquet Halls in Sector 25, Gandhinagar | VenueConnect",/gandhinagar/sector-25/banquet-halls/,"Best Banquet Halls in Sector 25, Gandhinagar | Compare Near You - VenueConnect","Looking for banquet halls in Sector 25, Gandhinagar? Browse verified listings with pricing, capacity & photos. Book the perfect venue near Sector 25 on VenueConnect.","Best Banquet Halls in Sector 25, Gandhinagar",banquet halls in Sector 25 Gandhinagar,"banquet halls near Sector 25, banquet halls Sector 25 Gandhinagar, affordable banquet halls near Sector 25",Transactional (Hyper-local),High
Venue + City Area,"Farmhouses in Sector 25, Gandhinagar | VenueConnect",/gandhinagar/sector-25/farmhouses/,"Best Farmhouses in Sector 25, Gandhinagar | Compare Near You - VenueConnect","Looking for farmhouses in Sector 25, Gandhinagar? Browse verified listings with pricing, capacity & photos. Book the perfect venue near Sector 25 on VenueConnect.","Best Farmhouses in Sector 25, Gandhinagar",farmhouses in Sector 25 Gandhinagar,"farmhouses near Sector 25, farmhouses Sector 25 Gandhinagar, affordable farmhouses near Sector 25",Transactional (Hyper-local),High
Venue + City Area,"Party Plots in Sector 25, Gandhinagar | VenueConnect",/gandhinagar/sector-25/party-plots/,"Best Party Plots in Sector 25, Gandhinagar | Compare Near You - VenueConnect","Looking for party plots in Sector 25, Gandhinagar? Browse verified listings with pricing, capacity & photos. Book the perfect venue near Sector 25 on VenueConnect.","Best Party Plots in Sector 25, Gandhinagar",party plots in Sector 25 Gandhinagar,"party plots near Sector 25, party plots Sector 25 Gandhinagar, affordable party plots near Sector 25",Transactional (Hyper-local),High
Venue + City Area,"Banquet Halls in Sector 26, Gandhinagar | VenueConnect",/gandhinagar/sector-26/banquet-halls/,"Best Banquet Halls in Sector 26, Gandhinagar | Compare Near You - VenueConnect","Looking for banquet halls in Sector 26, Gandhinagar? Browse verified listings with pricing, capacity & photos. Book the perfect venue near Sector 26 on VenueConnect.","Best Banquet Halls in Sector 26, Gandhinagar",banquet halls in Sector 26 Gandhinagar,"banquet halls near Sector 26, banquet halls Sector 26 Gandhinagar, affordable banquet halls near Sector 26",Transactional (Hyper-local),High
Venue + City Area,"Farmhouses in Sector 26, Gandhinagar | VenueConnect",/gandhinagar/sector-26/farmhouses/,"Best Farmhouses in Sector 26, Gandhinagar | Compare Near You - VenueConnect","Looking for farmhouses in Sector 26, Gandhinagar? Browse verified listings with pricing, capacity & photos. Book the perfect venue near Sector 26 on VenueConnect.","Best Farmhouses in Sector 26, Gandhinagar",farmhouses in Sector 26 Gandhinagar,"farmhouses near Sector 26, farmhouses Sector 26 Gandhinagar, affordable farmhouses near Sector 26",Transactional (Hyper-local),High
Venue + City Area,"Party Plots in Sector 26, Gandhinagar | VenueConnect",/gandhinagar/sector-26/party-plots/,"Best Party Plots in Sector 26, Gandhinagar | Compare Near You - VenueConnect","Looking for party plots in Sector 26, Gandhinagar? Browse verified listings with pricing, capacity & photos. Book the perfect venue near Sector 26 on VenueConnect.","Best Party Plots in Sector 26, Gandhinagar",party plots in Sector 26 Gandhinagar,"party plots near Sector 26, party plots Sector 26 Gandhinagar, affordable party plots near Sector 26",Transactional (Hyper-local),High
Venue + City Area,"Banquet Halls in Sector 27, Gandhinagar | VenueConnect",/gandhinagar/sector-27/banquet-halls/,"Best Banquet Halls in Sector 27, Gandhinagar | Compare Near You - VenueConnect","Looking for banquet halls in Sector 27, Gandhinagar? Browse verified listings with pricing, capacity & photos. Book the perfect venue near Sector 27 on VenueConnect.","Best Banquet Halls in Sector 27, Gandhinagar",banquet halls in Sector 27 Gandhinagar,"banquet halls near Sector 27, banquet halls Sector 27 Gandhinagar, affordable banquet halls near Sector 27",Transactional (Hyper-local),High
Venue + City Area,"Farmhouses in Sector 27, Gandhinagar | VenueConnect",/gandhinagar/sector-27/farmhouses/,"Best Farmhouses in Sector 27, Gandhinagar | Compare Near You - VenueConnect","Looking for farmhouses in Sector 27, Gandhinagar? Browse verified listings with pricing, capacity & photos. Book the perfect venue near Sector 27 on VenueConnect.","Best Farmhouses in Sector 27, Gandhinagar",farmhouses in Sector 27 Gandhinagar,"farmhouses near Sector 27, farmhouses Sector 27 Gandhinagar, affordable farmhouses near Sector 27",Transactional (Hyper-local),High
Venue + City Area,"Party Plots in Sector 27, Gandhinagar | VenueConnect",/gandhinagar/sector-27/party-plots/,"Best Party Plots in Sector 27, Gandhinagar | Compare Near You - VenueConnect","Looking for party plots in Sector 27, Gandhinagar? Browse verified listings with pricing, capacity & photos. Book the perfect venue near Sector 27 on VenueConnect.","Best Party Plots in Sector 27, Gandhinagar",party plots in Sector 27 Gandhinagar,"party plots near Sector 27, party plots Sector 27 Gandhinagar, affordable party plots near Sector 27",Transactional (Hyper-local),High
Venue + City Area,"Banquet Halls in Sector 28, Gandhinagar | VenueConnect",/gandhinagar/sector-28/banquet-halls/,"Best Banquet Halls in Sector 28, Gandhinagar | Compare Near You - VenueConnect","Looking for banquet halls in Sector 28, Gandhinagar? Browse verified listings with pricing, capacity & photos. Book the perfect venue near Sector 28 on VenueConnect.","Best Banquet Halls in Sector 28, Gandhinagar",banquet halls in Sector 28 Gandhinagar,"banquet halls near Sector 28, banquet halls Sector 28 Gandhinagar, affordable banquet halls near Sector 28",Transactional (Hyper-local),High
Venue + City Area,"Farmhouses in Sector 28, Gandhinagar | VenueConnect",/gandhinagar/sector-28/farmhouses/,"Best Farmhouses in Sector 28, Gandhinagar | Compare Near You - VenueConnect","Looking for farmhouses in Sector 28, Gandhinagar? Browse verified listings with pricing, capacity & photos. Book the perfect venue near Sector 28 on VenueConnect.","Best Farmhouses in Sector 28, Gandhinagar",farmhouses in Sector 28 Gandhinagar,"farmhouses near Sector 28, farmhouses Sector 28 Gandhinagar, affordable farmhouses near Sector 28",Transactional (Hyper-local),High
Venue + City Area,"Party Plots in Sector 28, Gandhinagar | VenueConnect",/gandhinagar/sector-28/party-plots/,"Best Party Plots in Sector 28, Gandhinagar | Compare Near You - VenueConnect","Looking for party plots in Sector 28, Gandhinagar? Browse verified listings with pricing, capacity & photos. Book the perfect venue near Sector 28 on VenueConnect.","Best Party Plots in Sector 28, Gandhinagar",party plots in Sector 28 Gandhinagar,"party plots near Sector 28, party plots Sector 28 Gandhinagar, affordable party plots near Sector 28",Transactional (Hyper-local),High
Venue + City Area,"Banquet Halls in Sector 29, Gandhinagar | VenueConnect",/gandhinagar/sector-29/banquet-halls/,"Best Banquet Halls in Sector 29, Gandhinagar | Compare Near You - VenueConnect","Looking for banquet halls in Sector 29, Gandhinagar? Browse verified listings with pricing, capacity & photos. Book the perfect venue near Sector 29 on VenueConnect.","Best Banquet Halls in Sector 29, Gandhinagar",banquet halls in Sector 29 Gandhinagar,"banquet halls near Sector 29, banquet halls Sector 29 Gandhinagar, affordable banquet halls near Sector 29",Transactional (Hyper-local),High
Venue + City Area,"Farmhouses in Sector 29, Gandhinagar | VenueConnect",/gandhinagar/sector-29/farmhouses/,"Best Farmhouses in Sector 29, Gandhinagar | Compare Near You - VenueConnect","Looking for farmhouses in Sector 29, Gandhinagar? Browse verified listings with pricing, capacity & photos. Book the perfect venue near Sector 29 on VenueConnect.","Best Farmhouses in Sector 29, Gandhinagar",farmhouses in Sector 29 Gandhinagar,"farmhouses near Sector 29, farmhouses Sector 29 Gandhinagar, affordable farmhouses near Sector 29",Transactional (Hyper-local),High
Venue + City Area,"Party Plots in Sector 29, Gandhinagar | VenueConnect",/gandhinagar/sector-29/party-plots/,"Best Party Plots in Sector 29, Gandhinagar | Compare Near You - VenueConnect","Looking for party plots in Sector 29, Gandhinagar? Browse verified listings with pricing, capacity & photos. Book the perfect venue near Sector 29 on VenueConnect.","Best Party Plots in Sector 29, Gandhinagar",party plots in Sector 29 Gandhinagar,"party plots near Sector 29, party plots Sector 29 Gandhinagar, affordable party plots near Sector 29",Transactional (Hyper-local),High
Venue + City Area,"Banquet Halls in Sector 30, Gandhinagar | VenueConnect",/gandhinagar/sector-30/banquet-halls/,"Best Banquet Halls in Sector 30, Gandhinagar | Compare Near You - VenueConnect","Looking for banquet halls in Sector 30, Gandhinagar? Browse verified listings with pricing, capacity & photos. Book the perfect venue near Sector 30 on VenueConnect.","Best Banquet Halls in Sector 30, Gandhinagar",banquet halls in Sector 30 Gandhinagar,"banquet halls near Sector 30, banquet halls Sector 30 Gandhinagar, affordable banquet halls near Sector 30",Transactional (Hyper-local),High
Venue + City Area,"Farmhouses in Sector 30, Gandhinagar | VenueConnect",/gandhinagar/sector-30/farmhouses/,"Best Farmhouses in Sector 30, Gandhinagar | Compare Near You - VenueConnect","Looking for farmhouses in Sector 30, Gandhinagar? Browse verified listings with pricing, capacity & photos. Book the perfect venue near Sector 30 on VenueConnect.","Best Farmhouses in Sector 30, Gandhinagar",farmhouses in Sector 30 Gandhinagar,"farmhouses near Sector 30, farmhouses Sector 30 Gandhinagar, affordable farmhouses near Sector 30",Transactional (Hyper-local),High
Venue + City Area,"Party Plots in Sector 30, Gandhinagar | VenueConnect",/gandhinagar/sector-30/party-plots/,"Best Party Plots in Sector 30, Gandhinagar | Compare Near You - VenueConnect","Looking for party plots in Sector 30, Gandhinagar? Browse verified listings with pricing, capacity & photos. Book the perfect venue near Sector 30 on VenueConnect.","Best Party Plots in Sector 30, Gandhinagar",party plots in Sector 30 Gandhinagar,"party plots near Sector 30, party plots Sector 30 Gandhinagar, affordable party plots near Sector 30",Transactional (Hyper-local),High
Venue + City Area,"Banquet Halls in Infocity, Gandhinagar | VenueConnect",/gandhinagar/infocity/banquet-halls/,"Best Banquet Halls in Infocity, Gandhinagar | Compare Near You - VenueConnect","Looking for banquet halls in Infocity, Gandhinagar? Browse verified listings with pricing, capacity & photos. Book the perfect venue near Infocity on VenueConnect.","Best Banquet Halls in Infocity, Gandhinagar",banquet halls in Infocity Gandhinagar,"banquet halls near Infocity, banquet halls Infocity Gandhinagar, affordable banquet halls near Infocity",Transactional (Hyper-local),High
Venue + City Area,"Farmhouses in Infocity, Gandhinagar | VenueConnect",/gandhinagar/infocity/farmhouses/,"Best Farmhouses in Infocity, Gandhinagar | Compare Near You - VenueConnect","Looking for farmhouses in Infocity, Gandhinagar? Browse verified listings with pricing, capacity & photos. Book the perfect venue near Infocity on VenueConnect.","Best Farmhouses in Infocity, Gandhinagar",farmhouses in Infocity Gandhinagar,"farmhouses near Infocity, farmhouses Infocity Gandhinagar, affordable farmhouses near Infocity",Transactional (Hyper-local),High
Venue + City Area,"Party Plots in Infocity, Gandhinagar | VenueConnect",/gandhinagar/infocity/party-plots/,"Best Party Plots in Infocity, Gandhinagar | Compare Near You - VenueConnect","Looking for party plots in Infocity, Gandhinagar? Browse verified listings with pricing, capacity & photos. Book the perfect venue near Infocity on VenueConnect.","Best Party Plots in Infocity, Gandhinagar",party plots in Infocity Gandhinagar,"party plots near Infocity, party plots Infocity Gandhinagar, affordable party plots near Infocity",Transactional (Hyper-local),High
Venue + City Area,"Banquet Halls in Kudasan, Gandhinagar | VenueConnect",/gandhinagar/kudasan/banquet-halls/,"Best Banquet Halls in Kudasan, Gandhinagar | Compare Near You - VenueConnect","Looking for banquet halls in Kudasan, Gandhinagar? Browse verified listings with pricing, capacity & photos. Book the perfect venue near Kudasan on VenueConnect.","Best Banquet Halls in Kudasan, Gandhinagar",banquet halls in Kudasan Gandhinagar,"banquet halls near Kudasan, banquet halls Kudasan Gandhinagar, affordable banquet halls near Kudasan",Transactional (Hyper-local),High
Venue + City Area,"Farmhouses in Kudasan, Gandhinagar | VenueConnect",/gandhinagar/kudasan/farmhouses/,"Best Farmhouses in Kudasan, Gandhinagar | Compare Near You - VenueConnect","Looking for farmhouses in Kudasan, Gandhinagar? Browse verified listings with pricing, capacity & photos. Book the perfect venue near Kudasan on VenueConnect.","Best Farmhouses in Kudasan, Gandhinagar",farmhouses in Kudasan Gandhinagar,"farmhouses near Kudasan, farmhouses Kudasan Gandhinagar, affordable farmhouses near Kudasan",Transactional (Hyper-local),High
Venue + City Area,"Party Plots in Kudasan, Gandhinagar | VenueConnect",/gandhinagar/kudasan/party-plots/,"Best Party Plots in Kudasan, Gandhinagar | Compare Near You - VenueConnect","Looking for party plots in Kudasan, Gandhinagar? Browse verified listings with pricing, capacity & photos. Book the perfect venue near Kudasan on VenueConnect.","Best Party Plots in Kudasan, Gandhinagar",party plots in Kudasan Gandhinagar,"party plots near Kudasan, party plots Kudasan Gandhinagar, affordable party plots near Kudasan",Transactional (Hyper-local),High
Venue + City Area,"Banquet Halls in Sargasan, Gandhinagar | VenueConnect",/gandhinagar/sargasan/banquet-halls/,"Best Banquet Halls in Sargasan, Gandhinagar | Compare Near You - VenueConnect","Looking for banquet halls in Sargasan, Gandhinagar? Browse verified listings with pricing, capacity & photos. Book the perfect venue near Sargasan on VenueConnect.","Best Banquet Halls in Sargasan, Gandhinagar",banquet halls in Sargasan Gandhinagar,"banquet halls near Sargasan, banquet halls Sargasan Gandhinagar, affordable banquet halls near Sargasan",Transactional (Hyper-local),High
Venue + City Area,"Farmhouses in Sargasan, Gandhinagar | VenueConnect",/gandhinagar/sargasan/farmhouses/,"Best Farmhouses in Sargasan, Gandhinagar | Compare Near You - VenueConnect","Looking for farmhouses in Sargasan, Gandhinagar? Browse verified listings with pricing, capacity & photos. Book the perfect venue near Sargasan on VenueConnect.","Best Farmhouses in Sargasan, Gandhinagar",farmhouses in Sargasan Gandhinagar,"farmhouses near Sargasan, farmhouses Sargasan Gandhinagar, affordable farmhouses near Sargasan",Transactional (Hyper-local),High
Venue + City Area,"Party Plots in Sargasan, Gandhinagar | VenueConnect",/gandhinagar/sargasan/party-plots/,"Best Party Plots in Sargasan, Gandhinagar | Compare Near You - VenueConnect","Looking for party plots in Sargasan, Gandhinagar? Browse verified listings with pricing, capacity & photos. Book the perfect venue near Sargasan on VenueConnect.","Best Party Plots in Sargasan, Gandhinagar",party plots in Sargasan Gandhinagar,"party plots near Sargasan, party plots Sargasan Gandhinagar, affordable party plots near Sargasan",Transactional (Hyper-local),High
Venue + City Area,"Banquet Halls in Randesan, Gandhinagar | VenueConnect",/gandhinagar/randesan/banquet-halls/,"Best Banquet Halls in Randesan, Gandhinagar | Compare Near You - VenueConnect","Looking for banquet halls in Randesan, Gandhinagar? Browse verified listings with pricing, capacity & photos. Book the perfect venue near Randesan on VenueConnect.","Best Banquet Halls in Randesan, Gandhinagar",banquet halls in Randesan Gandhinagar,"banquet halls near Randesan, banquet halls Randesan Gandhinagar, affordable banquet halls near Randesan",Transactional (Hyper-local),High
Venue + City Area,"Farmhouses in Randesan, Gandhinagar | VenueConnect",/gandhinagar/randesan/farmhouses/,"Best Farmhouses in Randesan, Gandhinagar | Compare Near You - VenueConnect","Looking for farmhouses in Randesan, Gandhinagar? Browse verified listings with pricing, capacity & photos. Book the perfect venue near Randesan on VenueConnect.","Best Farmhouses in Randesan, Gandhinagar",farmhouses in Randesan Gandhinagar,"farmhouses near Randesan, farmhouses Randesan Gandhinagar, affordable farmhouses near Randesan",Transactional (Hyper-local),High
Venue + City Area,"Party Plots in Randesan, Gandhinagar | VenueConnect",/gandhinagar/randesan/party-plots/,"Best Party Plots in Randesan, Gandhinagar | Compare Near You - VenueConnect","Looking for party plots in Randesan, Gandhinagar? Browse verified listings with pricing, capacity & photos. Book the perfect venue near Randesan on VenueConnect.","Best Party Plots in Randesan, Gandhinagar",party plots in Randesan Gandhinagar,"party plots near Randesan, party plots Randesan Gandhinagar, affordable party plots near Randesan",Transactional (Hyper-local),High
Venue + City Area,"Banquet Halls in Uvarsad, Gandhinagar | VenueConnect",/gandhinagar/uvarsad/banquet-halls/,"Best Banquet Halls in Uvarsad, Gandhinagar | Compare Near You - VenueConnect","Looking for banquet halls in Uvarsad, Gandhinagar? Browse verified listings with pricing, capacity & photos. Book the perfect venue near Uvarsad on VenueConnect.","Best Banquet Halls in Uvarsad, Gandhinagar",banquet halls in Uvarsad Gandhinagar,"banquet halls near Uvarsad, banquet halls Uvarsad Gandhinagar, affordable banquet halls near Uvarsad",Transactional (Hyper-local),High
Venue + City Area,"Farmhouses in Uvarsad, Gandhinagar | VenueConnect",/gandhinagar/uvarsad/farmhouses/,"Best Farmhouses in Uvarsad, Gandhinagar | Compare Near You - VenueConnect","Looking for farmhouses in Uvarsad, Gandhinagar? Browse verified listings with pricing, capacity & photos. Book the perfect venue near Uvarsad on VenueConnect.","Best Farmhouses in Uvarsad, Gandhinagar",farmhouses in Uvarsad Gandhinagar,"farmhouses near Uvarsad, farmhouses Uvarsad Gandhinagar, affordable farmhouses near Uvarsad",Transactional (Hyper-local),High
Venue + City Area,"Party Plots in Uvarsad, Gandhinagar | VenueConnect",/gandhinagar/uvarsad/party-plots/,"Best Party Plots in Uvarsad, Gandhinagar | Compare Near You - VenueConnect","Looking for party plots in Uvarsad, Gandhinagar? Browse verified listings with pricing, capacity & photos. Book the perfect venue near Uvarsad on VenueConnect.","Best Party Plots in Uvarsad, Gandhinagar",party plots in Uvarsad Gandhinagar,"party plots near Uvarsad, party plots Uvarsad Gandhinagar, affordable party plots near Uvarsad",Transactional (Hyper-local),High
Venue + City Area,"Banquet Halls in Pethapur, Gandhinagar | VenueConnect",/gandhinagar/pethapur/banquet-halls/,"Best Banquet Halls in Pethapur, Gandhinagar | Compare Near You - VenueConnect","Looking for banquet halls in Pethapur, Gandhinagar? Browse verified listings with pricing, capacity & photos. Book the perfect venue near Pethapur on VenueConnect.","Best Banquet Halls in Pethapur, Gandhinagar",banquet halls in Pethapur Gandhinagar,"banquet halls near Pethapur, banquet halls Pethapur Gandhinagar, affordable banquet halls near Pethapur",Transactional (Hyper-local),High
Venue + City Area,"Farmhouses in Pethapur, Gandhinagar | VenueConnect",/gandhinagar/pethapur/farmhouses/,"Best Farmhouses in Pethapur, Gandhinagar | Compare Near You - VenueConnect","Looking for farmhouses in Pethapur, Gandhinagar? Browse verified listings with pricing, capacity & photos. Book the perfect venue near Pethapur on VenueConnect.","Best Farmhouses in Pethapur, Gandhinagar",farmhouses in Pethapur Gandhinagar,"farmhouses near Pethapur, farmhouses Pethapur Gandhinagar, affordable farmhouses near Pethapur",Transactional (Hyper-local),High
Venue + City Area,"Party Plots in Pethapur, Gandhinagar | VenueConnect",/gandhinagar/pethapur/party-plots/,"Best Party Plots in Pethapur, Gandhinagar | Compare Near You - VenueConnect","Looking for party plots in Pethapur, Gandhinagar? Browse verified listings with pricing, capacity & photos. Book the perfect venue near Pethapur on VenueConnect.","Best Party Plots in Pethapur, Gandhinagar",party plots in Pethapur Gandhinagar,"party plots near Pethapur, party plots Pethapur Gandhinagar, affordable party plots near Pethapur",Transactional (Hyper-local),High
Venue + City Area,"Banquet Halls in Koba, Gandhinagar | VenueConnect",/gandhinagar/koba/banquet-halls/,"Best Banquet Halls in Koba, Gandhinagar | Compare Near You - VenueConnect","Looking for banquet halls in Koba, Gandhinagar? Browse verified listings with pricing, capacity & photos. Book the perfect venue near Koba on VenueConnect.","Best Banquet Halls in Koba, Gandhinagar",banquet halls in Koba Gandhinagar,"banquet halls near Koba, banquet halls Koba Gandhinagar, affordable banquet halls near Koba",Transactional (Hyper-local),High
Venue + City Area,"Farmhouses in Koba, Gandhinagar | VenueConnect",/gandhinagar/koba/farmhouses/,"Best Farmhouses in Koba, Gandhinagar | Compare Near You - VenueConnect","Looking for farmhouses in Koba, Gandhinagar? Browse verified listings with pricing, capacity & photos. Book the perfect venue near Koba on VenueConnect.","Best Farmhouses in Koba, Gandhinagar",farmhouses in Koba Gandhinagar,"farmhouses near Koba, farmhouses Koba Gandhinagar, affordable farmhouses near Koba",Transactional (Hyper-local),High
Venue + City Area,"Party Plots in Koba, Gandhinagar | VenueConnect",/gandhinagar/koba/party-plots/,"Best Party Plots in Koba, Gandhinagar | Compare Near You - VenueConnect","Looking for party plots in Koba, Gandhinagar? Browse verified listings with pricing, capacity & photos. Book the perfect venue near Koba on VenueConnect.","Best Party Plots in Koba, Gandhinagar",party plots in Koba Gandhinagar,"party plots near Koba, party plots Koba Gandhinagar, affordable party plots near Koba",Transactional (Hyper-local),High
Venue + City Area,"Banquet Halls in Adalaj, Gandhinagar | VenueConnect",/gandhinagar/adalaj/banquet-halls/,"Best Banquet Halls in Adalaj, Gandhinagar | Compare Near You - VenueConnect","Looking for banquet halls in Adalaj, Gandhinagar? Browse verified listings with pricing, capacity & photos. Book the perfect venue near Adalaj on VenueConnect.","Best Banquet Halls in Adalaj, Gandhinagar",banquet halls in Adalaj Gandhinagar,"banquet halls near Adalaj, banquet halls Adalaj Gandhinagar, affordable banquet halls near Adalaj",Transactional (Hyper-local),High
Venue + City Area,"Farmhouses in Adalaj, Gandhinagar | VenueConnect",/gandhinagar/adalaj/farmhouses/,"Best Farmhouses in Adalaj, Gandhinagar | Compare Near You - VenueConnect","Looking for farmhouses in Adalaj, Gandhinagar? Browse verified listings with pricing, capacity & photos. Book the perfect venue near Adalaj on VenueConnect.","Best Farmhouses in Adalaj, Gandhinagar",farmhouses in Adalaj Gandhinagar,"farmhouses near Adalaj, farmhouses Adalaj Gandhinagar, affordable farmhouses near Adalaj",Transactional (Hyper-local),High
Venue + City Area,"Party Plots in Adalaj, Gandhinagar | VenueConnect",/gandhinagar/adalaj/party-plots/,"Best Party Plots in Adalaj, Gandhinagar | Compare Near You - VenueConnect","Looking for party plots in Adalaj, Gandhinagar? Browse verified listings with pricing, capacity & photos. Book the perfect venue near Adalaj on VenueConnect.","Best Party Plots in Adalaj, Gandhinagar",party plots in Adalaj Gandhinagar,"party plots near Adalaj, party plots Adalaj Gandhinagar, affordable party plots near Adalaj",Transactional (Hyper-local),High
Venue + City Area,"Banquet Halls in Vavol, Gandhinagar | VenueConnect",/gandhinagar/vavol/banquet-halls/,"Best Banquet Halls in Vavol, Gandhinagar | Compare Near You - VenueConnect","Looking for banquet halls in Vavol, Gandhinagar? Browse verified listings with pricing, capacity & photos. Book the perfect venue near Vavol on VenueConnect.","Best Banquet Halls in Vavol, Gandhinagar",banquet halls in Vavol Gandhinagar,"banquet halls near Vavol, banquet halls Vavol Gandhinagar, affordable banquet halls near Vavol",Transactional (Hyper-local),High
Venue + City Area,"Farmhouses in Vavol, Gandhinagar | VenueConnect",/gandhinagar/vavol/farmhouses/,"Best Farmhouses in Vavol, Gandhinagar | Compare Near You - VenueConnect","Looking for farmhouses in Vavol, Gandhinagar? Browse verified listings with pricing, capacity & photos. Book the perfect venue near Vavol on VenueConnect.","Best Farmhouses in Vavol, Gandhinagar",farmhouses in Vavol Gandhinagar,"farmhouses near Vavol, farmhouses Vavol Gandhinagar, affordable farmhouses near Vavol",Transactional (Hyper-local),High
Venue + City Area,"Party Plots in Vavol, Gandhinagar | VenueConnect",/gandhinagar/vavol/party-plots/,"Best Party Plots in Vavol, Gandhinagar | Compare Near You - VenueConnect","Looking for party plots in Vavol, Gandhinagar? Browse verified listings with pricing, capacity & photos. Book the perfect venue near Vavol on VenueConnect.","Best Party Plots in Vavol, Gandhinagar",party plots in Vavol Gandhinagar,"party plots near Vavol, party plots Vavol Gandhinagar, affordable party plots near Vavol",Transactional (Hyper-local),High
Venue + City Area,"Banquet Halls in Bhat, Gandhinagar | VenueConnect",/gandhinagar/bhat/banquet-halls/,"Best Banquet Halls in Bhat, Gandhinagar | Compare Near You - VenueConnect","Looking for banquet halls in Bhat, Gandhinagar? Browse verified listings with pricing, capacity & photos. Book the perfect venue near Bhat on VenueConnect.","Best Banquet Halls in Bhat, Gandhinagar",banquet halls in Bhat Gandhinagar,"banquet halls near Bhat, banquet halls Bhat Gandhinagar, affordable banquet halls near Bhat",Transactional (Hyper-local),High
Venue + City Area,"Farmhouses in Bhat, Gandhinagar | VenueConnect",/gandhinagar/bhat/farmhouses/,"Best Farmhouses in Bhat, Gandhinagar | Compare Near You - VenueConnect","Looking for farmhouses in Bhat, Gandhinagar? Browse verified listings with pricing, capacity & photos. Book the perfect venue near Bhat on VenueConnect.","Best Farmhouses in Bhat, Gandhinagar",farmhouses in Bhat Gandhinagar,"farmhouses near Bhat, farmhouses Bhat Gandhinagar, affordable farmhouses near Bhat",Transactional (Hyper-local),High
Venue + City Area,"Party Plots in Bhat, Gandhinagar | VenueConnect",/gandhinagar/bhat/party-plots/,"Best Party Plots in Bhat, Gandhinagar | Compare Near You - VenueConnect","Looking for party plots in Bhat, Gandhinagar? Browse verified listings with pricing, capacity & photos. Book the perfect venue near Bhat on VenueConnect.","Best Party Plots in Bhat, Gandhinagar",party plots in Bhat Gandhinagar,"party plots near Bhat, party plots Bhat Gandhinagar, affordable party plots near Bhat",Transactional (Hyper-local),High
Venue + City Area,"Banquet Halls in Chandkheda, Gandhinagar | VenueConnect",/gandhinagar/chandkheda/banquet-halls/,"Best Banquet Halls in Chandkheda, Gandhinagar | Compare Near You - VenueConnect","Looking for banquet halls in Chandkheda, Gandhinagar? Browse verified listings with pricing, capacity & photos. Book the perfect venue near Chandkheda on VenueConnect.","Best Banquet Halls in Chandkheda, Gandhinagar",banquet halls in Chandkheda Gandhinagar,"banquet halls near Chandkheda, banquet halls Chandkheda Gandhinagar, affordable banquet halls near Chandkheda",Transactional (Hyper-local),High
Venue + City Area,"Farmhouses in Chandkheda, Gandhinagar | VenueConnect",/gandhinagar/chandkheda/farmhouses/,"Best Farmhouses in Chandkheda, Gandhinagar | Compare Near You - VenueConnect","Looking for farmhouses in Chandkheda, Gandhinagar? Browse verified listings with pricing, capacity & photos. Book the perfect venue near Chandkheda on VenueConnect.","Best Farmhouses in Chandkheda, Gandhinagar",farmhouses in Chandkheda Gandhinagar,"farmhouses near Chandkheda, farmhouses Chandkheda Gandhinagar, affordable farmhouses near Chandkheda",Transactional (Hyper-local),High
Venue + City Area,"Party Plots in Chandkheda, Gandhinagar | VenueConnect",/gandhinagar/chandkheda/party-plots/,"Best Party Plots in Chandkheda, Gandhinagar | Compare Near You - VenueConnect","Looking for party plots in Chandkheda, Gandhinagar? Browse verified listings with pricing, capacity & photos. Book the perfect venue near Chandkheda on VenueConnect.","Best Party Plots in Chandkheda, Gandhinagar",party plots in Chandkheda Gandhinagar,"party plots near Chandkheda, party plots Chandkheda Gandhinagar, affordable party plots near Chandkheda",Transactional (Hyper-local),High
Venue + City Area,"Banquet Halls in Motera, Gandhinagar | VenueConnect",/gandhinagar/motera/banquet-halls/,"Best Banquet Halls in Motera, Gandhinagar | Compare Near You - VenueConnect","Looking for banquet halls in Motera, Gandhinagar? Browse verified listings with pricing, capacity & photos. Book the perfect venue near Motera on VenueConnect.","Best Banquet Halls in Motera, Gandhinagar",banquet halls in Motera Gandhinagar,"banquet halls near Motera, banquet halls Motera Gandhinagar, affordable banquet halls near Motera",Transactional (Hyper-local),High
Venue + City Area,"Farmhouses in Motera, Gandhinagar | VenueConnect",/gandhinagar/motera/farmhouses/,"Best Farmhouses in Motera, Gandhinagar | Compare Near You - VenueConnect","Looking for farmhouses in Motera, Gandhinagar? Browse verified listings with pricing, capacity & photos. Book the perfect venue near Motera on VenueConnect.","Best Farmhouses in Motera, Gandhinagar",farmhouses in Motera Gandhinagar,"farmhouses near Motera, farmhouses Motera Gandhinagar, affordable farmhouses near Motera",Transactional (Hyper-local),High
Venue + City Area,"Party Plots in Motera, Gandhinagar | VenueConnect",/gandhinagar/motera/party-plots/,"Best Party Plots in Motera, Gandhinagar | Compare Near You - VenueConnect","Looking for party plots in Motera, Gandhinagar? Browse verified listings with pricing, capacity & photos. Book the perfect venue near Motera on VenueConnect.","Best Party Plots in Motera, Gandhinagar",party plots in Motera Gandhinagar,"party plots near Motera, party plots Motera Gandhinagar, affordable party plots near Motera",Transactional (Hyper-local),High
Venue + City Area,"Banquet Halls in Ghuma, Gandhinagar | VenueConnect",/gandhinagar/ghuma/banquet-halls/,"Best Banquet Halls in Ghuma, Gandhinagar | Compare Near You - VenueConnect","Looking for banquet halls in Ghuma, Gandhinagar? Browse verified listings with pricing, capacity & photos. Book the perfect venue near Ghuma on VenueConnect.","Best Banquet Halls in Ghuma, Gandhinagar",banquet halls in Ghuma Gandhinagar,"banquet halls near Ghuma, banquet halls Ghuma Gandhinagar, affordable banquet halls near Ghuma",Transactional (Hyper-local),High
Venue + City Area,"Farmhouses in Ghuma, Gandhinagar | VenueConnect",/gandhinagar/ghuma/farmhouses/,"Best Farmhouses in Ghuma, Gandhinagar | Compare Near You - VenueConnect","Looking for farmhouses in Ghuma, Gandhinagar? Browse verified listings with pricing, capacity & photos. Book the perfect venue near Ghuma on VenueConnect.","Best Farmhouses in Ghuma, Gandhinagar",farmhouses in Ghuma Gandhinagar,"farmhouses near Ghuma, farmhouses Ghuma Gandhinagar, affordable farmhouses near Ghuma",Transactional (Hyper-local),High
Venue + City Area,"Party Plots in Ghuma, Gandhinagar | VenueConnect",/gandhinagar/ghuma/party-plots/,"Best Party Plots in Ghuma, Gandhinagar | Compare Near You - VenueConnect","Looking for party plots in Ghuma, Gandhinagar? Browse verified listings with pricing, capacity & photos. Book the perfect venue near Ghuma on VenueConnect.","Best Party Plots in Ghuma, Gandhinagar",party plots in Ghuma Gandhinagar,"party plots near Ghuma, party plots Ghuma Gandhinagar, affordable party plots near Ghuma",Transactional (Hyper-local),High
Venue + City Area,"Banquet Halls in Zundal, Gandhinagar | VenueConnect",/gandhinagar/zundal/banquet-halls/,"Best Banquet Halls in Zundal, Gandhinagar | Compare Near You - VenueConnect","Looking for banquet halls in Zundal, Gandhinagar? Browse verified listings with pricing, capacity & photos. Book the perfect venue near Zundal on VenueConnect.","Best Banquet Halls in Zundal, Gandhinagar",banquet halls in Zundal Gandhinagar,"banquet halls near Zundal, banquet halls Zundal Gandhinagar, affordable banquet halls near Zundal",Transactional (Hyper-local),High
Venue + City Area,"Farmhouses in Zundal, Gandhinagar | VenueConnect",/gandhinagar/zundal/farmhouses/,"Best Farmhouses in Zundal, Gandhinagar | Compare Near You - VenueConnect","Looking for farmhouses in Zundal, Gandhinagar? Browse verified listings with pricing, capacity & photos. Book the perfect venue near Zundal on VenueConnect.","Best Farmhouses in Zundal, Gandhinagar",farmhouses in Zundal Gandhinagar,"farmhouses near Zundal, farmhouses Zundal Gandhinagar, affordable farmhouses near Zundal",Transactional (Hyper-local),High
Venue + City Area,"Party Plots in Zundal, Gandhinagar | VenueConnect",/gandhinagar/zundal/party-plots/,"Best Party Plots in Zundal, Gandhinagar | Compare Near You - VenueConnect","Looking for party plots in Zundal, Gandhinagar? Browse verified listings with pricing, capacity & photos. Book the perfect venue near Zundal on VenueConnect.","Best Party Plots in Zundal, Gandhinagar",party plots in Zundal Gandhinagar,"party plots near Zundal, party plots Zundal Gandhinagar, affordable party plots near Zundal",Transactional (Hyper-local),High
Venue + City Area,"Banquet Halls in Tragad, Gandhinagar | VenueConnect",/gandhinagar/tragad/banquet-halls/,"Best Banquet Halls in Tragad, Gandhinagar | Compare Near You - VenueConnect","Looking for banquet halls in Tragad, Gandhinagar? Browse verified listings with pricing, capacity & photos. Book the perfect venue near Tragad on VenueConnect.","Best Banquet Halls in Tragad, Gandhinagar",banquet halls in Tragad Gandhinagar,"banquet halls near Tragad, banquet halls Tragad Gandhinagar, affordable banquet halls near Tragad",Transactional (Hyper-local),High
Venue + City Area,"Farmhouses in Tragad, Gandhinagar | VenueConnect",/gandhinagar/tragad/farmhouses/,"Best Farmhouses in Tragad, Gandhinagar | Compare Near You - VenueConnect","Looking for farmhouses in Tragad, Gandhinagar? Browse verified listings with pricing, capacity & photos. Book the perfect venue near Tragad on VenueConnect.","Best Farmhouses in Tragad, Gandhinagar",farmhouses in Tragad Gandhinagar,"farmhouses near Tragad, farmhouses Tragad Gandhinagar, affordable farmhouses near Tragad",Transactional (Hyper-local),High
Venue + City Area,"Party Plots in Tragad, Gandhinagar | VenueConnect",/gandhinagar/tragad/party-plots/,"Best Party Plots in Tragad, Gandhinagar | Compare Near You - VenueConnect","Looking for party plots in Tragad, Gandhinagar? Browse verified listings with pricing, capacity & photos. Book the perfect venue near Tragad on VenueConnect.","Best Party Plots in Tragad, Gandhinagar",party plots in Tragad Gandhinagar,"party plots near Tragad, party plots Tragad Gandhinagar, affordable party plots near Tragad",Transactional (Hyper-local),High
,,,,,,,,,
,,,,,,,,,
,,,,,,,,,
,,,,,,,,,
,,,,,,,,,
,,,,,,,,,
,,,,,,,,,
,,,,,,,,,
,,,,,,,,,
,,,,,,,,,
,,,,,,,,,
,,,,,,,,,
,,,,,,,,,
,,,,,,,,,
,,,,,,,,,
,,,,,,,,,
,,,,,,,,,
,,,,,,,,,
,,,,,,,,,
,,,,,,,,,
,,,,,,,,,
,,,,,,,,,
,,,,,,,,,
,,,,,,,,,
,,,,,,,,,
,,,,,,,,,
,,,,,,,,,
,,,,,,,,,
,,,,,,,,,
,,,,,,,,,
,,,,,,,,,
,,,,,,,,,
,,,,,,,,,
,,,,,,,,,
,,,,,,,,,
,,,,,,,,,
,,,,,,,,,
,,,,,,,,,
,,,,,,,,,
,,,,,,,,,
,,,,,,,,,
,,,,,,,,,
,,,,,,,,,
,,,,,,,,,
,,,,,,,,,
,,,,,,,,,
,,,,,,,,,
,,,,,,,,,
,,,,,,,,,
,,,,,,,,,
,,,,,,,,,
,,,,,,,,,
,,,,,,,,,
,,,,,,,,,
,,,,,,,,,
,,,,,,,,,
,,,,,,,,,
,,,,,,,,,
,,,,,,,,,
,,,,,,,,,
,,,,,,,,,
,,,,,,,,,
,,,,,,,,,
,,,,,,,,,
,,,,,,,,,
,,,,,,,,,
,,,,,,,,,
,,,,,,,,,
,,,,,,,,,
,,,,,,,,,
,,,,,,,,,
,,,,,,,,,
,,,,,,,,,
,,,,,,,,,
,,,,,,,,,
,,,,,,,,,
,,,,,,,,,
,,,,,,,,,
,,,,,,,,,
,,,,,,,,,
,,,,,,,,,
,,,,,,,,,
,,,,,,,,,
,,,,,,,,,
,,,,,,,,,
,,,,,,,,,
,,,,,,,,,
,,,,,,,,,
,,,,,,,,,
,,,,,,,,,
,,,,,,,,,
,,,,,,,,,
,,,,,,,,,
,,,,,,,,,
,,,,,,,,,
,,,,,,,,,
,,,,,,,,,
,,,,,,,,,
,,,,,,,,,
,,,,,,,,,
,,,,,,,,,
,,,,,,,,,
,,,,,,,,,
,,,,,,,,,
,,,,,,,,,
,,,,,,,,,
,,,,,,,,,
,,,,,,,,,
,,,,,,,,,
,,,,,,,,,
,,,,,,,,,
,,,,,,,,,
,,,,,,,,,
,,,,,,,,,
,,,,,,,,,
,,,,,,,,,
,,,,,,,,,
,,,,,,,,,
,,,,,,,,,
,,,,,,,,,
,,,,,,,,,
,,,,,,,,,
,,,,,,,,,
,,,,,,,,,
,,,,,,,,,
,,,,,,,,,
,,,,,,,,,
,,,,,,,,,
,,,,,,,,,
,,,,,,,,,
,,,,,,,,,
,,,,,,,,,
,,,,,,,,,
,,,,,,,,,
,,,,,,,,,
,,,,,,,,,
,,,,,,,,,
,,,,,,,,,
,,,,,,,,,
,,,,,,,,,
,,,,,,,,,
,,,,,,,,,
,,,,,,,,,
,,,,,,,,,
,,,,,,,,,
,,,,,,,,,
,,,,,,,,,
,,,,,,,,,
,,,,,,,,,
,,,,,,,,,
,,,,,,,,,
,,,,,,,,,
,,,,,,,,,
,,,,,,,,,
,,,,,,,,,
,,,,,,,,,
,,,,,,,,,
,,,,,,,,,
,,,,,,,,,
,,,,,,,,,
,,,,,,,,,
,,,,,,,,,
,,,,,,,,,
,,,,,,,,,
,,,,,,,,,
,,,,,,,,,
,,,,,,,,,
,,,,,,,,,
,,,,,,,,,
,,,,,,,,,
,,,,,,,,,
,,,,,,,,,
,,,,,,,,,
,,,,,,,,,
,,,,,,,,,
,,,,,,,,,
,,,,,,,,,
,,,,,,,,,
,,,,,,,,,
,,,,,,,,,
,,,,,,,,,
,,,,,,,,,
,,,,,,,,,
,,,,,,,,,
,,,,,,,,,
,,,,,,,,,
,,,,,,,,,
,,,,,,,,,
,,,,,,,,,
,,,,,,,,,
,,,,,,,,,
,,,,,,,,,
,,,,,,,,,
,,,,,,,,,
,,,,,,,,,
,,,,,,,,,
,,,,,,,,,
,,,,,,,,,
,,,,,,,,,
,,,,,,,,,
,,,,,,,,,
,,,,,,,,,
,,,,,,,,,
,,,,,,,,,
,,,,,,,,,
,,,,,,,,,
,,,,,,,,,
,,,,,,,,,
,,,,,,,,,
,,,,,,,,,
,,,,,,,,,
,,,,,,,,,
,,,,,,,,,
,,,,,,,,,
,,,,,,,,,
,,,,,,,,,
,,,,,,,,,
,,,,,,,,,
,,,,,,,,,
,,,,,,,,,
,,,,,,,,,
,,,,,,,,,
,,,,,,,,,
,,,,,,,,,
,,,,,,,,,
,,,,,,,,,
,,,,,,,,,
,,,,,,,,,
,,,,,,,,,
,,,,,,,,,
,,,,,,,,,
,,,,,,,,,
,,,,,,,,,
,,,,,,,,,
,,,,,,,,,
,,,,,,,,,
,,,,,,,,,
,,,,,,,,,
,,,,,,,,,
,,,,,,,,,
,,,,,,,,,
,,,,,,,,,
,,,,,,,,,
,,,,,,,,,
,,,,,,,,,
,,,,,,,,,
,,,,,,,,,
,,,,,,,,,
,,,,,,,,,
,,,,,,,,,
,,,,,,,,,
,,,,,,,,,
,,,,,,,,,
,,,,,,,,,
,,,,,,,,,
,,,,,,,,,
,,,,,,,,,
,,,,,,,,,
,,,,,,,,,
,,,,,,,,,
,,,,,,,,,
,,,,,,,,,
,,,,,,,,,
,,,,,,,,,
,,,,,,,,,
,,,,,,,,,
,,,,,,,,,
,,,,,,,,,
,,,,,,,,,
,,,,,,,,,
,,,,,,,,,
,,,,,,,,,
,,,,,,,,,
,,,,,,,,,
,,,,,,,,,
,,,,,,,,,
,,,,,,,,,
,,,,,,,,,
,,,,,,,,,
,,,,,,,,,
,,,,,,,,,
,,,,,,,,,
,,,,,,,,,
,,,,,,,,,
,,,,,,,,,
,,,,,,,,,
,,,,,,,,,
,,,,,,,,,
,,,,,,,,,
,,,,,,,,,
,,,,,,,,,
,,,,,,,,,
,,,,,,,,,
,,,,,,,,,
,,,,,,,,,
,,,,,,,,,
,,,,,,,,,
,,,,,,,,,
,,,,,,,,,
,,,,,,,,,
,,,,,,,,,
,,,,,,,,,
,,,,,,,,,
,,,,,,,,,
,,,,,,,,,
,,,,,,,,,
,,,,,,,,,
,,,,,,,,,
,,,,,,,,,
,,,,,,,,,
,,,,,,,,,
,,,,,,,,,
,,,,,,,,,
,,,,,,,,,
,,,,,,,,,
,,,,,,,,,
,,,,,,,,,
,,,,,,,,,
,,,,,,,,,
,,,,,,,,,
,,,,,,,,,
,,,,,,,,,
,,,,,,,,,
,,,,,,,,,
,,,,,,,,,
,,,,,,,,,
,,,,,,,,,
,,,,,,,,,
,,,,,,,,,
,,,,,,,,,
,,,,,,,,,
,,,,,,,,,
,,,,,,,,,
,,,,,,,,,
,,,,,,,,,
,,,,,,,,,
,,,,,,,,,
,,,,,,,,,
,,,,,,,,,
,,,,,,,,,
,,,,,,,,,
,,,,,,,,,
,,,,,,,,,
,,,,,,,,,
,,,,,,,,,
,,,,,,,,,
,,,,,,,,,
,,,,,,,,,
,,,,,,,,,
,,,,,,,,,
,,,,,,,,,
,,,,,,,,,
,,,,,,,,,
,,,,,,,,,
,,,,,,,,,
,,,,,,,,,
,,,,,,,,,
,,,,,,,,,
