VenueConnect — SEO Pages: Gandhidham,,,,,,,,,
  EVENT + CITY PAGES,,,,,,,,,
Page Type,Page Title,URL Slug,Meta Title,Meta Description,H1 Tag,Target Keyword,Secondary Keywords,Search Intent,Priority
Event + City,Wedding Venues in Gandhidham | VenueConnect,/gandhidham/wedding-venues/,Best Wedding Venues in Gandhidham | Book & Compare Prices - VenueConnect,"Find the best wedding venues in Gandhidham. Compare wedding halls, banquet spaces & party plots. Get free quotes & instant leads. Browse 100+ options on VenueConnect.",Best Wedding Venues in Gandhidham,wedding venues in Gandhidham,"wedding hall Gandhidham, wedding venue booking Gandhidham, best wedding venue Gandhidham, wedding party venue Gandhidham",Navigational / Transactional,High
Event + City,Birthday Party Venues in Gandhidham | VenueConnect,/gandhidham/birthday-party-venues/,Best Birthday Party Venues in Gandhidham | Book & Compare Prices - VenueConnect,"Find the best birthday party venues in Gandhidham. Compare birthday party halls, banquet spaces & party plots. Get free quotes & instant leads. Browse 100+ options on VenueConnect.",Best Birthday Party Venues in Gandhidham,birthday party venues in Gandhidham,"birthday party hall Gandhidham, birthday party venue booking Gandhidham, best birthday party venue Gandhidham, birthday party party venue Gandhidham",Navigational / Transactional,High
Event + City,Engagement Venues in Gandhidham | VenueConnect,/gandhidham/engagement-venues/,Best Engagement Venues in Gandhidham | Book & Compare Prices - VenueConnect,"Find the best engagement venues in Gandhidham. Compare engagement halls, banquet spaces & party plots. Get free quotes & instant leads. Browse 100+ options on VenueConnect.",Best Engagement Venues in Gandhidham,engagement venues in Gandhidham,"engagement hall Gandhidham, engagement venue booking Gandhidham, best engagement venue Gandhidham, engagement party venue Gandhidham",Navigational / Transactional,High
Event + City,Corporate Event Venues in Gandhidham | VenueConnect,/gandhidham/corporate-event-venues/,Best Corporate Event Venues in Gandhidham | Book & Compare Prices - VenueConnect,"Find the best corporate event venues in Gandhidham. Compare corporate event halls, banquet spaces & party plots. Get free quotes & instant leads. Browse 100+ options on VenueConnect.",Best Corporate Event Venues in Gandhidham,corporate event venues in Gandhidham,"corporate event hall Gandhidham, corporate event venue booking Gandhidham, best corporate event venue Gandhidham, corporate event party venue Gandhidham",Navigational / Transactional,High
Event + City,Reception Venues in Gandhidham | VenueConnect,/gandhidham/reception-venues/,Best Reception Venues in Gandhidham | Book & Compare Prices - VenueConnect,"Find the best reception venues in Gandhidham. Compare reception halls, banquet spaces & party plots. Get free quotes & instant leads. Browse 100+ options on VenueConnect.",Best Reception Venues in Gandhidham,reception venues in Gandhidham,"reception hall Gandhidham, reception venue booking Gandhidham, best reception venue Gandhidham, reception party venue Gandhidham",Navigational / Transactional,High
Event + City,Sangeet Ceremony Venues in Gandhidham | VenueConnect,/gandhidham/sangeet-ceremony-venues/,Best Sangeet Ceremony Venues in Gandhidham | Book & Compare Prices - VenueConnect,"Find the best sangeet ceremony venues in Gandhidham. Compare sangeet ceremony halls, banquet spaces & party plots. Get free quotes & instant leads. Browse 100+ options on VenueConnect.",Best Sangeet Ceremony Venues in Gandhidham,sangeet ceremony venues in Gandhidham,"sangeet ceremony hall Gandhidham, sangeet ceremony venue booking Gandhidham, best sangeet ceremony venue Gandhidham, sangeet ceremony party venue Gandhidham",Navigational / Transactional,High
Event + City,Garba Night Venues in Gandhidham | VenueConnect,/gandhidham/garba-night-venues/,Best Garba Night Venues in Gandhidham | Book & Compare Prices - VenueConnect,"Find the best garba night venues in Gandhidham. Compare garba night halls, banquet spaces & party plots. Get free quotes & instant leads. Browse 100+ options on VenueConnect.",Best Garba Night Venues in Gandhidham,garba night venues in Gandhidham,"garba night hall Gandhidham, garba night venue booking Gandhidham, best garba night venue Gandhidham, garba night party venue Gandhidham",Navigational / Transactional,High
Event + City,Pool Party Venues in Gandhidham | VenueConnect,/gandhidham/pool-party-venues/,Best Pool Party Venues in Gandhidham | Book & Compare Prices - VenueConnect,"Find the best pool party venues in Gandhidham. Compare pool party halls, banquet spaces & party plots. Get free quotes & instant leads. Browse 100+ options on VenueConnect.",Best Pool Party Venues in Gandhidham,pool party venues in Gandhidham,"pool party hall Gandhidham, pool party venue booking Gandhidham, best pool party venue Gandhidham, pool party party venue Gandhidham",Navigational / Transactional,High
Event + City,Kitty Party Venues in Gandhidham | VenueConnect,/gandhidham/kitty-party-venues/,Best Kitty Party Venues in Gandhidham | Book & Compare Prices - VenueConnect,"Find the best kitty party venues in Gandhidham. Compare kitty party halls, banquet spaces & party plots. Get free quotes & instant leads. Browse 100+ options on VenueConnect.",Best Kitty Party Venues in Gandhidham,kitty party venues in Gandhidham,"kitty party hall Gandhidham, kitty party venue booking Gandhidham, best kitty party venue Gandhidham, kitty party party venue Gandhidham",Navigational / Transactional,High
Event + City,Cocktail Party Venues in Gandhidham | VenueConnect,/gandhidham/cocktail-party-venues/,Best Cocktail Party Venues in Gandhidham | Book & Compare Prices - VenueConnect,"Find the best cocktail party venues in Gandhidham. Compare cocktail party halls, banquet spaces & party plots. Get free quotes & instant leads. Browse 100+ options on VenueConnect.",Best Cocktail Party Venues in Gandhidham,cocktail party venues in Gandhidham,"cocktail party hall Gandhidham, cocktail party venue booking Gandhidham, best cocktail party venue Gandhidham, cocktail party party venue Gandhidham",Navigational / Transactional,High
Event + City,Baby Shower Venues in Gandhidham | VenueConnect,/gandhidham/baby-shower-venues/,Best Baby Shower Venues in Gandhidham | Book & Compare Prices - VenueConnect,"Find the best baby shower venues in Gandhidham. Compare baby shower halls, banquet spaces & party plots. Get free quotes & instant leads. Browse 100+ options on VenueConnect.",Best Baby Shower Venues in Gandhidham,baby shower venues in Gandhidham,"baby shower hall Gandhidham, baby shower venue booking Gandhidham, best baby shower venue Gandhidham, baby shower party venue Gandhidham",Navigational / Transactional,High
Event + City,Anniversary Party Venues in Gandhidham | VenueConnect,/gandhidham/anniversary-party-venues/,Best Anniversary Party Venues in Gandhidham | Book & Compare Prices - VenueConnect,"Find the best anniversary party venues in Gandhidham. Compare anniversary party halls, banquet spaces & party plots. Get free quotes & instant leads. Browse 100+ options on VenueConnect.",Best Anniversary Party Venues in Gandhidham,anniversary party venues in Gandhidham,"anniversary party hall Gandhidham, anniversary party venue booking Gandhidham, best anniversary party venue Gandhidham, anniversary party party venue Gandhidham",Navigational / Transactional,High
Event + City,Farewell Party Venues in Gandhidham | VenueConnect,/gandhidham/farewell-party-venues/,Best Farewell Party Venues in Gandhidham | Book & Compare Prices - VenueConnect,"Find the best farewell party venues in Gandhidham. Compare farewell party halls, banquet spaces & party plots. Get free quotes & instant leads. Browse 100+ options on VenueConnect.",Best Farewell Party Venues in Gandhidham,farewell party venues in Gandhidham,"farewell party hall Gandhidham, farewell party venue booking Gandhidham, best farewell party venue Gandhidham, farewell party party venue Gandhidham",Navigational / Transactional,High
Event + City,Reunion Party Venues in Gandhidham | VenueConnect,/gandhidham/reunion-party-venues/,Best Reunion Party Venues in Gandhidham | Book & Compare Prices - VenueConnect,"Find the best reunion party venues in Gandhidham. Compare reunion party halls, banquet spaces & party plots. Get free quotes & instant leads. Browse 100+ options on VenueConnect.",Best Reunion Party Venues in Gandhidham,reunion party venues in Gandhidham,"reunion party hall Gandhidham, reunion party venue booking Gandhidham, best reunion party venue Gandhidham, reunion party party venue Gandhidham",Navigational / Transactional,High
Event + City,Product Launch Venues in Gandhidham | VenueConnect,/gandhidham/product-launch-venues/,Best Product Launch Venues in Gandhidham | Book & Compare Prices - VenueConnect,"Find the best product launch venues in Gandhidham. Compare product launch halls, banquet spaces & party plots. Get free quotes & instant leads. Browse 100+ options on VenueConnect.",Best Product Launch Venues in Gandhidham,product launch venues in Gandhidham,"product launch hall Gandhidham, product launch venue booking Gandhidham, best product launch venue Gandhidham, product launch party venue Gandhidham",Navigational / Transactional,High
Event + City,Conference Venues in Gandhidham | VenueConnect,/gandhidham/conference-venues/,Best Conference Venues in Gandhidham | Book & Compare Prices - VenueConnect,"Find the best conference venues in Gandhidham. Compare conference halls, banquet spaces & party plots. Get free quotes & instant leads. Browse 100+ options on VenueConnect.",Best Conference Venues in Gandhidham,conference venues in Gandhidham,"conference hall Gandhidham, conference venue booking Gandhidham, best conference venue Gandhidham, conference party venue Gandhidham",Navigational / Transactional,High
Event + City,Seminar Venues in Gandhidham | VenueConnect,/gandhidham/seminar-venues/,Best Seminar Venues in Gandhidham | Book & Compare Prices - VenueConnect,"Find the best seminar venues in Gandhidham. Compare seminar halls, banquet spaces & party plots. Get free quotes & instant leads. Browse 100+ options on VenueConnect.",Best Seminar Venues in Gandhidham,seminar venues in Gandhidham,"seminar hall Gandhidham, seminar venue booking Gandhidham, best seminar venue Gandhidham, seminar party venue Gandhidham",Navigational / Transactional,High
Event + City,Award Ceremony Venues in Gandhidham | VenueConnect,/gandhidham/award-ceremony-venues/,Best Award Ceremony Venues in Gandhidham | Book & Compare Prices - VenueConnect,"Find the best award ceremony venues in Gandhidham. Compare award ceremony halls, banquet spaces & party plots. Get free quotes & instant leads. Browse 100+ options on VenueConnect.",Best Award Ceremony Venues in Gandhidham,award ceremony venues in Gandhidham,"award ceremony hall Gandhidham, award ceremony venue booking Gandhidham, best award ceremony venue Gandhidham, award ceremony party venue Gandhidham",Navigational / Transactional,High
Event + City,Walkin Interview Venues in Gandhidham | VenueConnect,/gandhidham/walkin-interview-venues/,Best Walkin Interview Venues in Gandhidham | Book & Compare Prices - VenueConnect,"Find the best walkin interview venues in Gandhidham. Compare walkin interview halls, banquet spaces & party plots. Get free quotes & instant leads. Browse 100+ options on VenueConnect.",Best Walkin Interview Venues in Gandhidham,walkin interview venues in Gandhidham,"walkin interview hall Gandhidham, walkin interview venue booking Gandhidham, best walkin interview venue Gandhidham, walkin interview party venue Gandhidham",Navigational / Transactional,High
Event + City,Training Venues in Gandhidham | VenueConnect,/gandhidham/training-venues/,Best Training Venues in Gandhidham | Book & Compare Prices - VenueConnect,"Find the best training venues in Gandhidham. Compare training halls, banquet spaces & party plots. Get free quotes & instant leads. Browse 100+ options on VenueConnect.",Best Training Venues in Gandhidham,training venues in Gandhidham,"training hall Gandhidham, training venue booking Gandhidham, best training venue Gandhidham, training party venue Gandhidham",Navigational / Transactional,High
Event + City,Team Outing Venues in Gandhidham | VenueConnect,/gandhidham/team-outing-venues/,Best Team Outing Venues in Gandhidham | Book & Compare Prices - VenueConnect,"Find the best team outing venues in Gandhidham. Compare team outing halls, banquet spaces & party plots. Get free quotes & instant leads. Browse 100+ options on VenueConnect.",Best Team Outing Venues in Gandhidham,team outing venues in Gandhidham,"team outing hall Gandhidham, team outing venue booking Gandhidham, best team outing venue Gandhidham, team outing party venue Gandhidham",Navigational / Transactional,High
Event + City,Stage Event Venues in Gandhidham | VenueConnect,/gandhidham/stage-event-venues/,Best Stage Event Venues in Gandhidham | Book & Compare Prices - VenueConnect,"Find the best stage event venues in Gandhidham. Compare stage event halls, banquet spaces & party plots. Get free quotes & instant leads. Browse 100+ options on VenueConnect.",Best Stage Event Venues in Gandhidham,stage event venues in Gandhidham,"stage event hall Gandhidham, stage event venue booking Gandhidham, best stage event venue Gandhidham, stage event party venue Gandhidham",Navigational / Transactional,High
Event + City,Ring Ceremony Venues in Gandhidham | VenueConnect,/gandhidham/ring-ceremony-venues/,Best Ring Ceremony Venues in Gandhidham | Book & Compare Prices - VenueConnect,"Find the best ring ceremony venues in Gandhidham. Compare ring ceremony halls, banquet spaces & party plots. Get free quotes & instant leads. Browse 100+ options on VenueConnect.",Best Ring Ceremony Venues in Gandhidham,ring ceremony venues in Gandhidham,"ring ceremony hall Gandhidham, ring ceremony venue booking Gandhidham, best ring ceremony venue Gandhidham, ring ceremony party venue Gandhidham",Navigational / Transactional,High
Event + City,Residential Conference Venues in Gandhidham | VenueConnect,/gandhidham/residential-conference-venues/,Best Residential Conference Venues in Gandhidham | Book & Compare Prices - VenueConnect,"Find the best residential conference venues in Gandhidham. Compare residential conference halls, banquet spaces & party plots. Get free quotes & instant leads. Browse 100+ options on VenueConnect.",Best Residential Conference Venues in Gandhidham,residential conference venues in Gandhidham,"residential conference hall Gandhidham, residential conference venue booking Gandhidham, best residential conference venue Gandhidham, residential conference party venue Gandhidham",Navigational / Transactional,High
Event + City,Pre Wedding Mehendi Party Venues in Gandhidham | VenueConnect,/gandhidham/pre-wedding-mehendi-party-venues/,Best Pre Wedding Mehendi Party Venues in Gandhidham | Book & Compare Prices - VenueConnect,"Find the best pre wedding mehendi party venues in Gandhidham. Compare pre wedding mehendi party halls, banquet spaces & party plots. Get free quotes & instant leads. Browse 100+ options on VenueConnect.",Best Pre Wedding Mehendi Party Venues in Gandhidham,pre wedding mehendi party venues in Gandhidham,"pre wedding mehendi party hall Gandhidham, pre wedding mehendi party venue booking Gandhidham, best pre wedding mehendi party venue Gandhidham, pre wedding mehendi party party venue Gandhidham",Navigational / Transactional,High
Event + City,Photo Shoots Venues in Gandhidham | VenueConnect,/gandhidham/photo-shoots-venues/,Best Photo Shoots Venues in Gandhidham | Book & Compare Prices - VenueConnect,"Find the best photo shoots venues in Gandhidham. Compare photo shoots halls, banquet spaces & party plots. Get free quotes & instant leads. Browse 100+ options on VenueConnect.",Best Photo Shoots Venues in Gandhidham,photo shoots venues in Gandhidham,"photo shoots hall Gandhidham, photo shoots venue booking Gandhidham, best photo shoots venue Gandhidham, photo shoots party venue Gandhidham",Navigational / Transactional,High
Event + City,Naming Ceremony Venues in Gandhidham | VenueConnect,/gandhidham/naming-ceremony-venues/,Best Naming Ceremony Venues in Gandhidham | Book & Compare Prices - VenueConnect,"Find the best naming ceremony venues in Gandhidham. Compare naming ceremony halls, banquet spaces & party plots. Get free quotes & instant leads. Browse 100+ options on VenueConnect.",Best Naming Ceremony Venues in Gandhidham,naming ceremony venues in Gandhidham,"naming ceremony hall Gandhidham, naming ceremony venue booking Gandhidham, best naming ceremony venue Gandhidham, naming ceremony party venue Gandhidham",Navigational / Transactional,High
Event + City,Musical Concert Venues in Gandhidham | VenueConnect,/gandhidham/musical-concert-venues/,Best Musical Concert Venues in Gandhidham | Book & Compare Prices - VenueConnect,"Find the best musical concert venues in Gandhidham. Compare musical concert halls, banquet spaces & party plots. Get free quotes & instant leads. Browse 100+ options on VenueConnect.",Best Musical Concert Venues in Gandhidham,musical concert venues in Gandhidham,"musical concert hall Gandhidham, musical concert venue booking Gandhidham, best musical concert venue Gandhidham, musical concert party venue Gandhidham",Navigational / Transactional,High
Event + City,MICE Venues in Gandhidham | VenueConnect,/gandhidham/mice-venues/,Best MICE Venues in Gandhidham | Book & Compare Prices - VenueConnect,"Find the best mice venues in Gandhidham. Compare mice halls, banquet spaces & party plots. Get free quotes & instant leads. Browse 100+ options on VenueConnect.",Best MICE Venues in Gandhidham,mice venues in Gandhidham,"mice hall Gandhidham, mice venue booking Gandhidham, best mice venue Gandhidham, mice party venue Gandhidham",Navigational / Transactional,High
Event + City,Meeting Venues in Gandhidham | VenueConnect,/gandhidham/meeting-venues/,Best Meeting Venues in Gandhidham | Book & Compare Prices - VenueConnect,"Find the best meeting venues in Gandhidham. Compare meeting halls, banquet spaces & party plots. Get free quotes & instant leads. Browse 100+ options on VenueConnect.",Best Meeting Venues in Gandhidham,meeting venues in Gandhidham,"meeting hall Gandhidham, meeting venue booking Gandhidham, best meeting venue Gandhidham, meeting party venue Gandhidham",Navigational / Transactional,High
Event + City,Kids Birthday Party Venues in Gandhidham | VenueConnect,/gandhidham/kids-birthday-party-venues/,Best Kids Birthday Party Venues in Gandhidham | Book & Compare Prices - VenueConnect,"Find the best kids birthday party venues in Gandhidham. Compare kids birthday party halls, banquet spaces & party plots. Get free quotes & instant leads. Browse 100+ options on VenueConnect.",Best Kids Birthday Party Venues in Gandhidham,kids birthday party venues in Gandhidham,"kids birthday party hall Gandhidham, kids birthday party venue booking Gandhidham, best kids birthday party venue Gandhidham, kids birthday party party venue Gandhidham",Navigational / Transactional,High
Event + City,Holi Party Venues in Gandhidham | VenueConnect,/gandhidham/holi-party-venues/,Best Holi Party Venues in Gandhidham | Book & Compare Prices - VenueConnect,"Find the best holi party venues in Gandhidham. Compare holi party halls, banquet spaces & party plots. Get free quotes & instant leads. Browse 100+ options on VenueConnect.",Best Holi Party Venues in Gandhidham,holi party venues in Gandhidham,"holi party hall Gandhidham, holi party venue booking Gandhidham, best holi party venue Gandhidham, holi party party venue Gandhidham",Navigational / Transactional,High
Event + City,Group Dining Venues in Gandhidham | VenueConnect,/gandhidham/group-dining-venues/,Best Group Dining Venues in Gandhidham | Book & Compare Prices - VenueConnect,"Find the best group dining venues in Gandhidham. Compare group dining halls, banquet spaces & party plots. Get free quotes & instant leads. Browse 100+ options on VenueConnect.",Best Group Dining Venues in Gandhidham,group dining venues in Gandhidham,"group dining hall Gandhidham, group dining venue booking Gandhidham, best group dining venue Gandhidham, group dining party venue Gandhidham",Navigational / Transactional,High
Event + City,Get Together Venues in Gandhidham | VenueConnect,/gandhidham/get-together-venues/,Best Get Together Venues in Gandhidham | Book & Compare Prices - VenueConnect,"Find the best get together venues in Gandhidham. Compare get together halls, banquet spaces & party plots. Get free quotes & instant leads. Browse 100+ options on VenueConnect.",Best Get Together Venues in Gandhidham,get together venues in Gandhidham,"get together hall Gandhidham, get together venue booking Gandhidham, best get together venue Gandhidham, get together party venue Gandhidham",Navigational / Transactional,High
Event + City,Game Watch Venues in Gandhidham | VenueConnect,/gandhidham/game-watch-venues/,Best Game Watch Venues in Gandhidham | Book & Compare Prices - VenueConnect,"Find the best game watch venues in Gandhidham. Compare game watch halls, banquet spaces & party plots. Get free quotes & instant leads. Browse 100+ options on VenueConnect.",Best Game Watch Venues in Gandhidham,game watch venues in Gandhidham,"game watch hall Gandhidham, game watch venue booking Gandhidham, best game watch venue Gandhidham, game watch party venue Gandhidham",Navigational / Transactional,High
Event + City,Freshers Party Venues in Gandhidham | VenueConnect,/gandhidham/freshers-party-venues/,Best Freshers Party Venues in Gandhidham | Book & Compare Prices - VenueConnect,"Find the best freshers party venues in Gandhidham. Compare freshers party halls, banquet spaces & party plots. Get free quotes & instant leads. Browse 100+ options on VenueConnect.",Best Freshers Party Venues in Gandhidham,freshers party venues in Gandhidham,"freshers party hall Gandhidham, freshers party venue booking Gandhidham, best freshers party venue Gandhidham, freshers party party venue Gandhidham",Navigational / Transactional,High
Event + City,First Birthday Party Venues in Gandhidham | VenueConnect,/gandhidham/first-birthday-party-venues/,Best First Birthday Party Venues in Gandhidham | Book & Compare Prices - VenueConnect,"Find the best first birthday party venues in Gandhidham. Compare first birthday party halls, banquet spaces & party plots. Get free quotes & instant leads. Browse 100+ options on VenueConnect.",Best First Birthday Party Venues in Gandhidham,first birthday party venues in Gandhidham,"first birthday party hall Gandhidham, first birthday party venue booking Gandhidham, best first birthday party venue Gandhidham, first birthday party party venue Gandhidham",Navigational / Transactional,High
Event + City,Fashion Show Venues in Gandhidham | VenueConnect,/gandhidham/fashion-show-venues/,Best Fashion Show Venues in Gandhidham | Book & Compare Prices - VenueConnect,"Find the best fashion show venues in Gandhidham. Compare fashion show halls, banquet spaces & party plots. Get free quotes & instant leads. Browse 100+ options on VenueConnect.",Best Fashion Show Venues in Gandhidham,fashion show venues in Gandhidham,"fashion show hall Gandhidham, fashion show venue booking Gandhidham, best fashion show venue Gandhidham, fashion show party venue Gandhidham",Navigational / Transactional,High
Event + City,Family Function Venues in Gandhidham | VenueConnect,/gandhidham/family-function-venues/,Best Family Function Venues in Gandhidham | Book & Compare Prices - VenueConnect,"Find the best family function venues in Gandhidham. Compare family function halls, banquet spaces & party plots. Get free quotes & instant leads. Browse 100+ options on VenueConnect.",Best Family Function Venues in Gandhidham,family function venues in Gandhidham,"family function hall Gandhidham, family function venue booking Gandhidham, best family function venue Gandhidham, family function party venue Gandhidham",Navigational / Transactional,High
Event + City,Exhibition Venues in Gandhidham | VenueConnect,/gandhidham/exhibition-venues/,Best Exhibition Venues in Gandhidham | Book & Compare Prices - VenueConnect,"Find the best exhibition venues in Gandhidham. Compare exhibition halls, banquet spaces & party plots. Get free quotes & instant leads. Browse 100+ options on VenueConnect.",Best Exhibition Venues in Gandhidham,exhibition venues in Gandhidham,"exhibition hall Gandhidham, exhibition venue booking Gandhidham, best exhibition venue Gandhidham, exhibition party venue Gandhidham",Navigational / Transactional,High
Event + City,Corporate Training Venues in Gandhidham | VenueConnect,/gandhidham/corporate-training-venues/,Best Corporate Training Venues in Gandhidham | Book & Compare Prices - VenueConnect,"Find the best corporate training venues in Gandhidham. Compare corporate training halls, banquet spaces & party plots. Get free quotes & instant leads. Browse 100+ options on VenueConnect.",Best Corporate Training Venues in Gandhidham,corporate training venues in Gandhidham,"corporate training hall Gandhidham, corporate training venue booking Gandhidham, best corporate training venue Gandhidham, corporate training party venue Gandhidham",Navigational / Transactional,High
Event + City,Corporate Party Venues in Gandhidham | VenueConnect,/gandhidham/corporate-party-venues/,Best Corporate Party Venues in Gandhidham | Book & Compare Prices - VenueConnect,"Find the best corporate party venues in Gandhidham. Compare corporate party halls, banquet spaces & party plots. Get free quotes & instant leads. Browse 100+ options on VenueConnect.",Best Corporate Party Venues in Gandhidham,corporate party venues in Gandhidham,"corporate party hall Gandhidham, corporate party venue booking Gandhidham, best corporate party venue Gandhidham, corporate party party venue Gandhidham",Navigational / Transactional,High
Event + City,Corporate Offsite Venues in Gandhidham | VenueConnect,/gandhidham/corporate-offsite-venues/,Best Corporate Offsite Venues in Gandhidham | Book & Compare Prices - VenueConnect,"Find the best corporate offsite venues in Gandhidham. Compare corporate offsite halls, banquet spaces & party plots. Get free quotes & instant leads. Browse 100+ options on VenueConnect.",Best Corporate Offsite Venues in Gandhidham,corporate offsite venues in Gandhidham,"corporate offsite hall Gandhidham, corporate offsite venue booking Gandhidham, best corporate offsite venue Gandhidham, corporate offsite party venue Gandhidham",Navigational / Transactional,High
Event + City,Cocktail Dinner Venues in Gandhidham | VenueConnect,/gandhidham/cocktail-dinner-venues/,Best Cocktail Dinner Venues in Gandhidham | Book & Compare Prices - VenueConnect,"Find the best cocktail dinner venues in Gandhidham. Compare cocktail dinner halls, banquet spaces & party plots. Get free quotes & instant leads. Browse 100+ options on VenueConnect.",Best Cocktail Dinner Venues in Gandhidham,cocktail dinner venues in Gandhidham,"cocktail dinner hall Gandhidham, cocktail dinner venue booking Gandhidham, best cocktail dinner venue Gandhidham, cocktail dinner party venue Gandhidham",Navigational / Transactional,High
Event + City,Class Reunion Venues in Gandhidham | VenueConnect,/gandhidham/class-reunion-venues/,Best Class Reunion Venues in Gandhidham | Book & Compare Prices - VenueConnect,"Find the best class reunion venues in Gandhidham. Compare class reunion halls, banquet spaces & party plots. Get free quotes & instant leads. Browse 100+ options on VenueConnect.",Best Class Reunion Venues in Gandhidham,class reunion venues in Gandhidham,"class reunion hall Gandhidham, class reunion venue booking Gandhidham, best class reunion venue Gandhidham, class reunion party venue Gandhidham",Navigational / Transactional,High
Event + City,Christian Communion Venues in Gandhidham | VenueConnect,/gandhidham/christian-communion-venues/,Best Christian Communion Venues in Gandhidham | Book & Compare Prices - VenueConnect,"Find the best christian communion venues in Gandhidham. Compare christian communion halls, banquet spaces & party plots. Get free quotes & instant leads. Browse 100+ options on VenueConnect.",Best Christian Communion Venues in Gandhidham,christian communion venues in Gandhidham,"christian communion hall Gandhidham, christian communion venue booking Gandhidham, best christian communion venue Gandhidham, christian communion party venue Gandhidham",Navigational / Transactional,High
Event + City,Childrens Party Venues in Gandhidham | VenueConnect,/gandhidham/childrens-party-venues/,Best Childrens Party Venues in Gandhidham | Book & Compare Prices - VenueConnect,"Find the best childrens party venues in Gandhidham. Compare childrens party halls, banquet spaces & party plots. Get free quotes & instant leads. Browse 100+ options on VenueConnect.",Best Childrens Party Venues in Gandhidham,childrens party venues in Gandhidham,"childrens party hall Gandhidham, childrens party venue booking Gandhidham, best childrens party venue Gandhidham, childrens party party venue Gandhidham",Navigational / Transactional,High
Event + City,Business Dinner Venues in Gandhidham | VenueConnect,/gandhidham/business-dinner-venues/,Best Business Dinner Venues in Gandhidham | Book & Compare Prices - VenueConnect,"Find the best business dinner venues in Gandhidham. Compare business dinner halls, banquet spaces & party plots. Get free quotes & instant leads. Browse 100+ options on VenueConnect.",Best Business Dinner Venues in Gandhidham,business dinner venues in Gandhidham,"business dinner hall Gandhidham, business dinner venue booking Gandhidham, best business dinner venue Gandhidham, business dinner party venue Gandhidham",Navigational / Transactional,High
Event + City,Bridal Shower Venues in Gandhidham | VenueConnect,/gandhidham/bridal-shower-venues/,Best Bridal Shower Venues in Gandhidham | Book & Compare Prices - VenueConnect,"Find the best bridal shower venues in Gandhidham. Compare bridal shower halls, banquet spaces & party plots. Get free quotes & instant leads. Browse 100+ options on VenueConnect.",Best Bridal Shower Venues in Gandhidham,bridal shower venues in Gandhidham,"bridal shower hall Gandhidham, bridal shower venue booking Gandhidham, best bridal shower venue Gandhidham, bridal shower party venue Gandhidham",Navigational / Transactional,High
Event + City,Brand Promotion Venues in Gandhidham | VenueConnect,/gandhidham/brand-promotion-venues/,Best Brand Promotion Venues in Gandhidham | Book & Compare Prices - VenueConnect,"Find the best brand promotion venues in Gandhidham. Compare brand promotion halls, banquet spaces & party plots. Get free quotes & instant leads. Browse 100+ options on VenueConnect.",Best Brand Promotion Venues in Gandhidham,brand promotion venues in Gandhidham,"brand promotion hall Gandhidham, brand promotion venue booking Gandhidham, best brand promotion venue Gandhidham, brand promotion party venue Gandhidham",Navigational / Transactional,High
Event + City,Bachelor Party Venues in Gandhidham | VenueConnect,/gandhidham/bachelor-party-venues/,Best Bachelor Party Venues in Gandhidham | Book & Compare Prices - VenueConnect,"Find the best bachelor party venues in Gandhidham. Compare bachelor party halls, banquet spaces & party plots. Get free quotes & instant leads. Browse 100+ options on VenueConnect.",Best Bachelor Party Venues in Gandhidham,bachelor party venues in Gandhidham,"bachelor party hall Gandhidham, bachelor party venue booking Gandhidham, best bachelor party venue Gandhidham, bachelor party party venue Gandhidham",Navigational / Transactional,High
Event + City,Aqueeqa Ceremony Venues in Gandhidham | VenueConnect,/gandhidham/aqueeqa-ceremony-venues/,Best Aqueeqa Ceremony Venues in Gandhidham | Book & Compare Prices - VenueConnect,"Find the best aqueeqa ceremony venues in Gandhidham. Compare aqueeqa ceremony halls, banquet spaces & party plots. Get free quotes & instant leads. Browse 100+ options on VenueConnect.",Best Aqueeqa Ceremony Venues in Gandhidham,aqueeqa ceremony venues in Gandhidham,"aqueeqa ceremony hall Gandhidham, aqueeqa ceremony venue booking Gandhidham, best aqueeqa ceremony venue Gandhidham, aqueeqa ceremony party venue Gandhidham",Navigational / Transactional,High
Event + City,Annual Fest Venues in Gandhidham | VenueConnect,/gandhidham/annual-fest-venues/,Best Annual Fest Venues in Gandhidham | Book & Compare Prices - VenueConnect,"Find the best annual fest venues in Gandhidham. Compare annual fest halls, banquet spaces & party plots. Get free quotes & instant leads. Browse 100+ options on VenueConnect.",Best Annual Fest Venues in Gandhidham,annual fest venues in Gandhidham,"annual fest hall Gandhidham, annual fest venue booking Gandhidham, best annual fest venue Gandhidham, annual fest party venue Gandhidham",Navigational / Transactional,High
Event + City,Adventure Party Venues in Gandhidham | VenueConnect,/gandhidham/adventure-party-venues/,Best Adventure Party Venues in Gandhidham | Book & Compare Prices - VenueConnect,"Find the best adventure party venues in Gandhidham. Compare adventure party halls, banquet spaces & party plots. Get free quotes & instant leads. Browse 100+ options on VenueConnect.",Best Adventure Party Venues in Gandhidham,adventure party venues in Gandhidham,"adventure party hall Gandhidham, adventure party venue booking Gandhidham, best adventure party venue Gandhidham, adventure party party venue Gandhidham",Navigational / Transactional,High
Event + City,Haldi Ceremony Venues in Gandhidham | VenueConnect,/gandhidham/haldi-ceremony-venues/,Best Haldi Ceremony Venues in Gandhidham | Book & Compare Prices - VenueConnect,"Find the best haldi ceremony venues in Gandhidham. Compare haldi ceremony halls, banquet spaces & party plots. Get free quotes & instant leads. Browse 100+ options on VenueConnect.",Best Haldi Ceremony Venues in Gandhidham,haldi ceremony venues in Gandhidham,"haldi ceremony hall Gandhidham, haldi ceremony venue booking Gandhidham, best haldi ceremony venue Gandhidham, haldi ceremony party venue Gandhidham",Navigational / Transactional,High
  VENDOR + CITY PAGES,,,,,,,,,
Page Type,Page Title,URL Slug,Meta Title,Meta Description,H1 Tag,Target Keyword,Secondary Keywords,Search Intent,Priority
Vendor + City,Photographers in Gandhidham | VenueConnect,/gandhidham/vendors/photographers/,Top Photographers in Gandhidham | Compare & Hire - VenueConnect,"Hire top photographers in Gandhidham for weddings, birthdays & all events. Compare portfolios, pricing & reviews. Get direct leads via WhatsApp. Book on VenueConnect.",Top Photographers in Gandhidham,photographers in Gandhidham,"photographers for wedding Gandhidham, best photographers Gandhidham, affordable photographers Gandhidham, photographers contact Gandhidham",Transactional,High
Vendor + City,Caterers in Gandhidham | VenueConnect,/gandhidham/vendors/caterers/,Top Caterers in Gandhidham | Compare & Hire - VenueConnect,"Hire top caterers in Gandhidham for weddings, birthdays & all events. Compare portfolios, pricing & reviews. Get direct leads via WhatsApp. Book on VenueConnect.",Top Caterers in Gandhidham,caterers in Gandhidham,"caterers for wedding Gandhidham, best caterers Gandhidham, affordable caterers Gandhidham, caterers contact Gandhidham",Transactional,High
Vendor + City,Decorators in Gandhidham | VenueConnect,/gandhidham/vendors/decorators/,Top Decorators in Gandhidham | Compare & Hire - VenueConnect,"Hire top decorators in Gandhidham for weddings, birthdays & all events. Compare portfolios, pricing & reviews. Get direct leads via WhatsApp. Book on VenueConnect.",Top Decorators in Gandhidham,decorators in Gandhidham,"decorators for wedding Gandhidham, best decorators Gandhidham, affordable decorators Gandhidham, decorators contact Gandhidham",Transactional,High
Vendor + City,Mehndi Artists in Gandhidham | VenueConnect,/gandhidham/vendors/mehndi-artists/,Top Mehndi Artists in Gandhidham | Compare & Hire - VenueConnect,"Hire top mehndi artists in Gandhidham for weddings, birthdays & all events. Compare portfolios, pricing & reviews. Get direct leads via WhatsApp. Book on VenueConnect.",Top Mehndi Artists in Gandhidham,mehndi artists in Gandhidham,"mehndi artists for wedding Gandhidham, best mehndi artists Gandhidham, affordable mehndi artists Gandhidham, mehndi artists contact Gandhidham",Transactional,High
Vendor + City,DJs in Gandhidham | VenueConnect,/gandhidham/vendors/djs/,Top DJs in Gandhidham | Compare & Hire - VenueConnect,"Hire top djs in Gandhidham for weddings, birthdays & all events. Compare portfolios, pricing & reviews. Get direct leads via WhatsApp. Book on VenueConnect.",Top DJs in Gandhidham,djs in Gandhidham,"djs for wedding Gandhidham, best djs Gandhidham, affordable djs Gandhidham, djs contact Gandhidham",Transactional,High
Vendor + City,Bands in Gandhidham | VenueConnect,/gandhidham/vendors/bands/,Top Bands in Gandhidham | Compare & Hire - VenueConnect,"Hire top bands in Gandhidham for weddings, birthdays & all events. Compare portfolios, pricing & reviews. Get direct leads via WhatsApp. Book on VenueConnect.",Top Bands in Gandhidham,bands in Gandhidham,"bands for wedding Gandhidham, best bands Gandhidham, affordable bands Gandhidham, bands contact Gandhidham",Transactional,High
Vendor + City,Event Planners in Gandhidham | VenueConnect,/gandhidham/vendors/event-planners/,Top Event Planners in Gandhidham | Compare & Hire - VenueConnect,"Hire top event planners in Gandhidham for weddings, birthdays & all events. Compare portfolios, pricing & reviews. Get direct leads via WhatsApp. Book on VenueConnect.",Top Event Planners in Gandhidham,event planners in Gandhidham,"event planners for wedding Gandhidham, best event planners Gandhidham, affordable event planners Gandhidham, event planners contact Gandhidham",Transactional,High
Vendor + City,Bridal Wear in Gandhidham | VenueConnect,/gandhidham/vendors/bridal-wear/,Top Bridal Wear in Gandhidham | Compare & Hire - VenueConnect,"Hire top bridal wear in Gandhidham for weddings, birthdays & all events. Compare portfolios, pricing & reviews. Get direct leads via WhatsApp. Book on VenueConnect.",Top Bridal Wear in Gandhidham,bridal wear in Gandhidham,"bridal wear for wedding Gandhidham, best bridal wear Gandhidham, affordable bridal wear Gandhidham, bridal wear contact Gandhidham",Transactional,High
Vendor + City,Makeup Artists in Gandhidham | VenueConnect,/gandhidham/vendors/makeup-artists/,Top Makeup Artists in Gandhidham | Compare & Hire - VenueConnect,"Hire top makeup artists in Gandhidham for weddings, birthdays & all events. Compare portfolios, pricing & reviews. Get direct leads via WhatsApp. Book on VenueConnect.",Top Makeup Artists in Gandhidham,makeup artists in Gandhidham,"makeup artists for wedding Gandhidham, best makeup artists Gandhidham, affordable makeup artists Gandhidham, makeup artists contact Gandhidham",Transactional,High
Vendor + City,Florists in Gandhidham | VenueConnect,/gandhidham/vendors/florists/,Top Florists in Gandhidham | Compare & Hire - VenueConnect,"Hire top florists in Gandhidham for weddings, birthdays & all events. Compare portfolios, pricing & reviews. Get direct leads via WhatsApp. Book on VenueConnect.",Top Florists in Gandhidham,florists in Gandhidham,"florists for wedding Gandhidham, best florists Gandhidham, affordable florists Gandhidham, florists contact Gandhidham",Transactional,High
Vendor + City,Videographers in Gandhidham | VenueConnect,/gandhidham/vendors/videographers/,Top Videographers in Gandhidham | Compare & Hire - VenueConnect,"Hire top videographers in Gandhidham for weddings, birthdays & all events. Compare portfolios, pricing & reviews. Get direct leads via WhatsApp. Book on VenueConnect.",Top Videographers in Gandhidham,videographers in Gandhidham,"videographers for wedding Gandhidham, best videographers Gandhidham, affordable videographers Gandhidham, videographers contact Gandhidham",Transactional,High
Vendor + City,Wedding Planners in Gandhidham | VenueConnect,/gandhidham/vendors/wedding-planners/,Top Wedding Planners in Gandhidham | Compare & Hire - VenueConnect,"Hire top wedding planners in Gandhidham for weddings, birthdays & all events. Compare portfolios, pricing & reviews. Get direct leads via WhatsApp. Book on VenueConnect.",Top Wedding Planners in Gandhidham,wedding planners in Gandhidham,"wedding planners for wedding Gandhidham, best wedding planners Gandhidham, affordable wedding planners Gandhidham, wedding planners contact Gandhidham",Transactional,High
Vendor + City,Tent Houses in Gandhidham | VenueConnect,/gandhidham/vendors/tent-houses/,Top Tent Houses in Gandhidham | Compare & Hire - VenueConnect,"Hire top tent houses in Gandhidham for weddings, birthdays & all events. Compare portfolios, pricing & reviews. Get direct leads via WhatsApp. Book on VenueConnect.",Top Tent Houses in Gandhidham,tent houses in Gandhidham,"tent houses for wedding Gandhidham, best tent houses Gandhidham, affordable tent houses Gandhidham, tent houses contact Gandhidham",Transactional,High
Vendor + City,Choreographers in Gandhidham | VenueConnect,/gandhidham/vendors/choreographers/,Top Choreographers in Gandhidham | Compare & Hire - VenueConnect,"Hire top choreographers in Gandhidham for weddings, birthdays & all events. Compare portfolios, pricing & reviews. Get direct leads via WhatsApp. Book on VenueConnect.",Top Choreographers in Gandhidham,choreographers in Gandhidham,"choreographers for wedding Gandhidham, best choreographers Gandhidham, affordable choreographers Gandhidham, choreographers contact Gandhidham",Transactional,High
Vendor + City,Invitation Cards in Gandhidham | VenueConnect,/gandhidham/vendors/invitation-cards/,Top Invitation Cards in Gandhidham | Compare & Hire - VenueConnect,"Hire top invitation cards in Gandhidham for weddings, birthdays & all events. Compare portfolios, pricing & reviews. Get direct leads via WhatsApp. Book on VenueConnect.",Top Invitation Cards in Gandhidham,invitation cards in Gandhidham,"invitation cards for wedding Gandhidham, best invitation cards Gandhidham, affordable invitation cards Gandhidham, invitation cards contact Gandhidham",Transactional,High
Vendor + City,Cake Shops in Gandhidham | VenueConnect,/gandhidham/vendors/cake-shops/,Top Cake Shops in Gandhidham | Compare & Hire - VenueConnect,"Hire top cake shops in Gandhidham for weddings, birthdays & all events. Compare portfolios, pricing & reviews. Get direct leads via WhatsApp. Book on VenueConnect.",Top Cake Shops in Gandhidham,cake shops in Gandhidham,"cake shops for wedding Gandhidham, best cake shops Gandhidham, affordable cake shops Gandhidham, cake shops contact Gandhidham",Transactional,High
Vendor + City,Jewellers in Gandhidham | VenueConnect,/gandhidham/vendors/jewellers/,Top Jewellers in Gandhidham | Compare & Hire - VenueConnect,"Hire top jewellers in Gandhidham for weddings, birthdays & all events. Compare portfolios, pricing & reviews. Get direct leads via WhatsApp. Book on VenueConnect.",Top Jewellers in Gandhidham,jewellers in Gandhidham,"jewellers for wedding Gandhidham, best jewellers Gandhidham, affordable jewellers Gandhidham, jewellers contact Gandhidham",Transactional,High
Vendor + City,Astrologers in Gandhidham | VenueConnect,/gandhidham/vendors/astrologers/,Top Astrologers in Gandhidham | Compare & Hire - VenueConnect,"Hire top astrologers in Gandhidham for weddings, birthdays & all events. Compare portfolios, pricing & reviews. Get direct leads via WhatsApp. Book on VenueConnect.",Top Astrologers in Gandhidham,astrologers in Gandhidham,"astrologers for wedding Gandhidham, best astrologers Gandhidham, affordable astrologers Gandhidham, astrologers contact Gandhidham",Transactional,High
Vendor + City,Magicians in Gandhidham | VenueConnect,/gandhidham/vendors/magicians/,Top Magicians in Gandhidham | Compare & Hire - VenueConnect,"Hire top magicians in Gandhidham for weddings, birthdays & all events. Compare portfolios, pricing & reviews. Get direct leads via WhatsApp. Book on VenueConnect.",Top Magicians in Gandhidham,magicians in Gandhidham,"magicians for wedding Gandhidham, best magicians Gandhidham, affordable magicians Gandhidham, magicians contact Gandhidham",Transactional,High
Vendor + City,Entertainers in Gandhidham | VenueConnect,/gandhidham/vendors/entertainers/,Top Entertainers in Gandhidham | Compare & Hire - VenueConnect,"Hire top entertainers in Gandhidham for weddings, birthdays & all events. Compare portfolios, pricing & reviews. Get direct leads via WhatsApp. Book on VenueConnect.",Top Entertainers in Gandhidham,entertainers in Gandhidham,"entertainers for wedding Gandhidham, best entertainers Gandhidham, affordable entertainers Gandhidham, entertainers contact Gandhidham",Transactional,High
Vendor + City,Groom Wear in Gandhidham | VenueConnect,/gandhidham/vendors/groom-wear/,Top Groom Wear in Gandhidham | Compare & Hire - VenueConnect,"Hire top groom wear in Gandhidham for weddings, birthdays & all events. Compare portfolios, pricing & reviews. Get direct leads via WhatsApp. Book on VenueConnect.",Top Groom Wear in Gandhidham,groom wear in Gandhidham,"groom wear for wedding Gandhidham, best groom wear Gandhidham, affordable groom wear Gandhidham, groom wear contact Gandhidham",Transactional,High
Vendor + City,Wedding Photographers in Gandhidham | VenueConnect,/gandhidham/vendors/wedding-photographers/,Top Wedding Photographers in Gandhidham | Compare & Hire - VenueConnect,"Hire top wedding photographers in Gandhidham for weddings, birthdays & all events. Compare portfolios, pricing & reviews. Get direct leads via WhatsApp. Book on VenueConnect.",Top Wedding Photographers in Gandhidham,wedding photographers in Gandhidham,"wedding photographers for wedding Gandhidham, best wedding photographers Gandhidham, affordable wedding photographers Gandhidham, wedding photographers contact Gandhidham",Transactional,High
  VENUE TYPE + CITY PAGES,,,,,,,,,
Page Type,Page Title,URL Slug,Meta Title,Meta Description,H1 Tag,Target Keyword,Secondary Keywords,Search Intent,Priority
Venue + City,Banquet Halls in Gandhidham | VenueConnect,/gandhidham/banquet-halls/,Best Banquet Halls in Gandhidham | Compare Prices & Book - VenueConnect,"Find top banquet halls in Gandhidham for any occasion. Compare capacity, pricing & amenities. 100+ verified listings. Get free quotes on VenueConnect Gujarat.",Best Banquet Halls in Gandhidham,banquet halls in Gandhidham,"banquet halls for rent Gandhidham, banquet halls booking Gandhidham, best banquet halls Gandhidham, affordable banquet halls Gandhidham",Transactional,High
Venue + City,Farmhouses in Gandhidham | VenueConnect,/gandhidham/farmhouses/,Best Farmhouses in Gandhidham | Compare Prices & Book - VenueConnect,"Find top farmhouses in Gandhidham for any occasion. Compare capacity, pricing & amenities. 100+ verified listings. Get free quotes on VenueConnect Gujarat.",Best Farmhouses in Gandhidham,farmhouses in Gandhidham,"farmhouses for rent Gandhidham, farmhouses booking Gandhidham, best farmhouses Gandhidham, affordable farmhouses Gandhidham",Transactional,High
Venue + City,Party Plots in Gandhidham | VenueConnect,/gandhidham/party-plots/,Best Party Plots in Gandhidham | Compare Prices & Book - VenueConnect,"Find top party plots in Gandhidham for any occasion. Compare capacity, pricing & amenities. 100+ verified listings. Get free quotes on VenueConnect Gujarat.",Best Party Plots in Gandhidham,party plots in Gandhidham,"party plots for rent Gandhidham, party plots booking Gandhidham, best party plots Gandhidham, affordable party plots Gandhidham",Transactional,High
Venue + City,Hotels in Gandhidham | VenueConnect,/gandhidham/hotels/,Best Hotels in Gandhidham | Compare Prices & Book - VenueConnect,"Find top hotels in Gandhidham for any occasion. Compare capacity, pricing & amenities. 100+ verified listings. Get free quotes on VenueConnect Gujarat.",Best Hotels in Gandhidham,hotels in Gandhidham,"hotels for rent Gandhidham, hotels booking Gandhidham, best hotels Gandhidham, affordable hotels Gandhidham",Transactional,High
Venue + City,Resorts in Gandhidham | VenueConnect,/gandhidham/resorts/,Best Resorts in Gandhidham | Compare Prices & Book - VenueConnect,"Find top resorts in Gandhidham for any occasion. Compare capacity, pricing & amenities. 100+ verified listings. Get free quotes on VenueConnect Gujarat.",Best Resorts in Gandhidham,resorts in Gandhidham,"resorts for rent Gandhidham, resorts booking Gandhidham, best resorts Gandhidham, affordable resorts Gandhidham",Transactional,High
Venue + City,Restaurants in Gandhidham | VenueConnect,/gandhidham/restaurants/,Best Restaurants in Gandhidham | Compare Prices & Book - VenueConnect,"Find top restaurants in Gandhidham for any occasion. Compare capacity, pricing & amenities. 100+ verified listings. Get free quotes on VenueConnect Gujarat.",Best Restaurants in Gandhidham,restaurants in Gandhidham,"restaurants for rent Gandhidham, restaurants booking Gandhidham, best restaurants Gandhidham, affordable restaurants Gandhidham",Transactional,High
Venue + City,Convention Centers in Gandhidham | VenueConnect,/gandhidham/convention-centers/,Best Convention Centers in Gandhidham | Compare Prices & Book - VenueConnect,"Find top convention centers in Gandhidham for any occasion. Compare capacity, pricing & amenities. 100+ verified listings. Get free quotes on VenueConnect Gujarat.",Best Convention Centers in Gandhidham,convention centers in Gandhidham,"convention centers for rent Gandhidham, convention centers booking Gandhidham, best convention centers Gandhidham, affordable convention centers Gandhidham",Transactional,High
Venue + City,Clubs in Gandhidham | VenueConnect,/gandhidham/clubs/,Best Clubs in Gandhidham | Compare Prices & Book - VenueConnect,"Find top clubs in Gandhidham for any occasion. Compare capacity, pricing & amenities. 100+ verified listings. Get free quotes on VenueConnect Gujarat.",Best Clubs in Gandhidham,clubs in Gandhidham,"clubs for rent Gandhidham, clubs booking Gandhidham, best clubs Gandhidham, affordable clubs Gandhidham",Transactional,High
Venue + City,Rooftop Venues in Gandhidham | VenueConnect,/gandhidham/rooftop-venues/,Best Rooftop Venues in Gandhidham | Compare Prices & Book - VenueConnect,"Find top rooftop venues in Gandhidham for any occasion. Compare capacity, pricing & amenities. 100+ verified listings. Get free quotes on VenueConnect Gujarat.",Best Rooftop Venues in Gandhidham,rooftop venues in Gandhidham,"rooftop venues for rent Gandhidham, rooftop venues booking Gandhidham, best rooftop venues Gandhidham, affordable rooftop venues Gandhidham",Transactional,High
Venue + City,Garden Venues in Gandhidham | VenueConnect,/gandhidham/garden-venues/,Best Garden Venues in Gandhidham | Compare Prices & Book - VenueConnect,"Find top garden venues in Gandhidham for any occasion. Compare capacity, pricing & amenities. 100+ verified listings. Get free quotes on VenueConnect Gujarat.",Best Garden Venues in Gandhidham,garden venues in Gandhidham,"garden venues for rent Gandhidham, garden venues booking Gandhidham, best garden venues Gandhidham, affordable garden venues Gandhidham",Transactional,High
Venue + City,Heritage Venues in Gandhidham | VenueConnect,/gandhidham/heritage-venues/,Best Heritage Venues in Gandhidham | Compare Prices & Book - VenueConnect,"Find top heritage venues in Gandhidham for any occasion. Compare capacity, pricing & amenities. 100+ verified listings. Get free quotes on VenueConnect Gujarat.",Best Heritage Venues in Gandhidham,heritage venues in Gandhidham,"heritage venues for rent Gandhidham, heritage venues booking Gandhidham, best heritage venues Gandhidham, affordable heritage venues Gandhidham",Transactional,High
Venue + City,Luxury Venues in Gandhidham | VenueConnect,/gandhidham/luxury-venues/,Best Luxury Venues in Gandhidham | Compare Prices & Book - VenueConnect,"Find top luxury venues in Gandhidham for any occasion. Compare capacity, pricing & amenities. 100+ verified listings. Get free quotes on VenueConnect Gujarat.",Best Luxury Venues in Gandhidham,luxury venues in Gandhidham,"luxury venues for rent Gandhidham, luxury venues booking Gandhidham, best luxury venues Gandhidham, affordable luxury venues Gandhidham",Transactional,High
  EVENT + CITY AREA PAGES (Hyper-local),,,,,,,,,
Page Type,Page Title,URL Slug,Meta Title,Meta Description,H1 Tag,Target Keyword,Secondary Keywords,Search Intent,Priority
Event + City Area,"Wedding Venues in Sector 1, Gandhidham | VenueConnect",/gandhidham/sector-1/wedding-venues/,"Best Wedding Venues in Sector 1, Gandhidham | Book Near You - VenueConnect","Find the perfect wedding venue in Sector 1, Gandhidham. Compare halls, farmhouses & party plots near Sector 1. Get instant leads & free quotes on VenueConnect.","Best Wedding Venues in Sector 1, Gandhidham",wedding venues in Sector 1 Gandhidham,"wedding venue Sector 1, wedding hall near Sector 1 Gandhidham, wedding venue near Sector 1",Transactional (Hyper-local),High
Event + City Area,"Birthday Party Venues in Sector 1, Gandhidham | VenueConnect",/gandhidham/sector-1/birthday-party-venues/,"Best Birthday Party Venues in Sector 1, Gandhidham | Book Near You - VenueConnect","Find the perfect birthday party venue in Sector 1, Gandhidham. Compare halls, farmhouses & party plots near Sector 1. Get instant leads & free quotes on VenueConnect.","Best Birthday Party Venues in Sector 1, Gandhidham",birthday party venues in Sector 1 Gandhidham,"birthday party venue Sector 1, birthday party hall near Sector 1 Gandhidham, birthday party venue near Sector 1",Transactional (Hyper-local),High
Event + City Area,"Engagement Venues in Sector 1, Gandhidham | VenueConnect",/gandhidham/sector-1/engagement-venues/,"Best Engagement Venues in Sector 1, Gandhidham | Book Near You - VenueConnect","Find the perfect engagement venue in Sector 1, Gandhidham. Compare halls, farmhouses & party plots near Sector 1. Get instant leads & free quotes on VenueConnect.","Best Engagement Venues in Sector 1, Gandhidham",engagement venues in Sector 1 Gandhidham,"engagement venue Sector 1, engagement hall near Sector 1 Gandhidham, engagement venue near Sector 1",Transactional (Hyper-local),High
Event + City Area,"Corporate Event Venues in Sector 1, Gandhidham | VenueConnect",/gandhidham/sector-1/corporate-event-venues/,"Best Corporate Event Venues in Sector 1, Gandhidham | Book Near You - VenueConnect","Find the perfect corporate event venue in Sector 1, Gandhidham. Compare halls, farmhouses & party plots near Sector 1. Get instant leads & free quotes on VenueConnect.","Best Corporate Event Venues in Sector 1, Gandhidham",corporate event venues in Sector 1 Gandhidham,"corporate event venue Sector 1, corporate event hall near Sector 1 Gandhidham, corporate event venue near Sector 1",Transactional (Hyper-local),High
Event + City Area,"Reception Venues in Sector 1, Gandhidham | VenueConnect",/gandhidham/sector-1/reception-venues/,"Best Reception Venues in Sector 1, Gandhidham | Book Near You - VenueConnect","Find the perfect reception venue in Sector 1, Gandhidham. Compare halls, farmhouses & party plots near Sector 1. Get instant leads & free quotes on VenueConnect.","Best Reception Venues in Sector 1, Gandhidham",reception venues in Sector 1 Gandhidham,"reception venue Sector 1, reception hall near Sector 1 Gandhidham, reception venue near Sector 1",Transactional (Hyper-local),High
Event + City Area,"Wedding Venues in Sector 2, Gandhidham | VenueConnect",/gandhidham/sector-2/wedding-venues/,"Best Wedding Venues in Sector 2, Gandhidham | Book Near You - VenueConnect","Find the perfect wedding venue in Sector 2, Gandhidham. Compare halls, farmhouses & party plots near Sector 2. Get instant leads & free quotes on VenueConnect.","Best Wedding Venues in Sector 2, Gandhidham",wedding venues in Sector 2 Gandhidham,"wedding venue Sector 2, wedding hall near Sector 2 Gandhidham, wedding venue near Sector 2",Transactional (Hyper-local),High
Event + City Area,"Birthday Party Venues in Sector 2, Gandhidham | VenueConnect",/gandhidham/sector-2/birthday-party-venues/,"Best Birthday Party Venues in Sector 2, Gandhidham | Book Near You - VenueConnect","Find the perfect birthday party venue in Sector 2, Gandhidham. Compare halls, farmhouses & party plots near Sector 2. Get instant leads & free quotes on VenueConnect.","Best Birthday Party Venues in Sector 2, Gandhidham",birthday party venues in Sector 2 Gandhidham,"birthday party venue Sector 2, birthday party hall near Sector 2 Gandhidham, birthday party venue near Sector 2",Transactional (Hyper-local),High
Event + City Area,"Engagement Venues in Sector 2, Gandhidham | VenueConnect",/gandhidham/sector-2/engagement-venues/,"Best Engagement Venues in Sector 2, Gandhidham | Book Near You - VenueConnect","Find the perfect engagement venue in Sector 2, Gandhidham. Compare halls, farmhouses & party plots near Sector 2. Get instant leads & free quotes on VenueConnect.","Best Engagement Venues in Sector 2, Gandhidham",engagement venues in Sector 2 Gandhidham,"engagement venue Sector 2, engagement hall near Sector 2 Gandhidham, engagement venue near Sector 2",Transactional (Hyper-local),High
Event + City Area,"Corporate Event Venues in Sector 2, Gandhidham | VenueConnect",/gandhidham/sector-2/corporate-event-venues/,"Best Corporate Event Venues in Sector 2, Gandhidham | Book Near You - VenueConnect","Find the perfect corporate event venue in Sector 2, Gandhidham. Compare halls, farmhouses & party plots near Sector 2. Get instant leads & free quotes on VenueConnect.","Best Corporate Event Venues in Sector 2, Gandhidham",corporate event venues in Sector 2 Gandhidham,"corporate event venue Sector 2, corporate event hall near Sector 2 Gandhidham, corporate event venue near Sector 2",Transactional (Hyper-local),High
Event + City Area,"Reception Venues in Sector 2, Gandhidham | VenueConnect",/gandhidham/sector-2/reception-venues/,"Best Reception Venues in Sector 2, Gandhidham | Book Near You - VenueConnect","Find the perfect reception venue in Sector 2, Gandhidham. Compare halls, farmhouses & party plots near Sector 2. Get instant leads & free quotes on VenueConnect.","Best Reception Venues in Sector 2, Gandhidham",reception venues in Sector 2 Gandhidham,"reception venue Sector 2, reception hall near Sector 2 Gandhidham, reception venue near Sector 2",Transactional (Hyper-local),High
Event + City Area,"Wedding Venues in Sector 3, Gandhidham | VenueConnect",/gandhidham/sector-3/wedding-venues/,"Best Wedding Venues in Sector 3, Gandhidham | Book Near You - VenueConnect","Find the perfect wedding venue in Sector 3, Gandhidham. Compare halls, farmhouses & party plots near Sector 3. Get instant leads & free quotes on VenueConnect.","Best Wedding Venues in Sector 3, Gandhidham",wedding venues in Sector 3 Gandhidham,"wedding venue Sector 3, wedding hall near Sector 3 Gandhidham, wedding venue near Sector 3",Transactional (Hyper-local),High
Event + City Area,"Birthday Party Venues in Sector 3, Gandhidham | VenueConnect",/gandhidham/sector-3/birthday-party-venues/,"Best Birthday Party Venues in Sector 3, Gandhidham | Book Near You - VenueConnect","Find the perfect birthday party venue in Sector 3, Gandhidham. Compare halls, farmhouses & party plots near Sector 3. Get instant leads & free quotes on VenueConnect.","Best Birthday Party Venues in Sector 3, Gandhidham",birthday party venues in Sector 3 Gandhidham,"birthday party venue Sector 3, birthday party hall near Sector 3 Gandhidham, birthday party venue near Sector 3",Transactional (Hyper-local),High
Event + City Area,"Engagement Venues in Sector 3, Gandhidham | VenueConnect",/gandhidham/sector-3/engagement-venues/,"Best Engagement Venues in Sector 3, Gandhidham | Book Near You - VenueConnect","Find the perfect engagement venue in Sector 3, Gandhidham. Compare halls, farmhouses & party plots near Sector 3. Get instant leads & free quotes on VenueConnect.","Best Engagement Venues in Sector 3, Gandhidham",engagement venues in Sector 3 Gandhidham,"engagement venue Sector 3, engagement hall near Sector 3 Gandhidham, engagement venue near Sector 3",Transactional (Hyper-local),High
Event + City Area,"Corporate Event Venues in Sector 3, Gandhidham | VenueConnect",/gandhidham/sector-3/corporate-event-venues/,"Best Corporate Event Venues in Sector 3, Gandhidham | Book Near You - VenueConnect","Find the perfect corporate event venue in Sector 3, Gandhidham. Compare halls, farmhouses & party plots near Sector 3. Get instant leads & free quotes on VenueConnect.","Best Corporate Event Venues in Sector 3, Gandhidham",corporate event venues in Sector 3 Gandhidham,"corporate event venue Sector 3, corporate event hall near Sector 3 Gandhidham, corporate event venue near Sector 3",Transactional (Hyper-local),High
Event + City Area,"Reception Venues in Sector 3, Gandhidham | VenueConnect",/gandhidham/sector-3/reception-venues/,"Best Reception Venues in Sector 3, Gandhidham | Book Near You - VenueConnect","Find the perfect reception venue in Sector 3, Gandhidham. Compare halls, farmhouses & party plots near Sector 3. Get instant leads & free quotes on VenueConnect.","Best Reception Venues in Sector 3, Gandhidham",reception venues in Sector 3 Gandhidham,"reception venue Sector 3, reception hall near Sector 3 Gandhidham, reception venue near Sector 3",Transactional (Hyper-local),High
Event + City Area,"Wedding Venues in Sector 4, Gandhidham | VenueConnect",/gandhidham/sector-4/wedding-venues/,"Best Wedding Venues in Sector 4, Gandhidham | Book Near You - VenueConnect","Find the perfect wedding venue in Sector 4, Gandhidham. Compare halls, farmhouses & party plots near Sector 4. Get instant leads & free quotes on VenueConnect.","Best Wedding Venues in Sector 4, Gandhidham",wedding venues in Sector 4 Gandhidham,"wedding venue Sector 4, wedding hall near Sector 4 Gandhidham, wedding venue near Sector 4",Transactional (Hyper-local),High
Event + City Area,"Birthday Party Venues in Sector 4, Gandhidham | VenueConnect",/gandhidham/sector-4/birthday-party-venues/,"Best Birthday Party Venues in Sector 4, Gandhidham | Book Near You - VenueConnect","Find the perfect birthday party venue in Sector 4, Gandhidham. Compare halls, farmhouses & party plots near Sector 4. Get instant leads & free quotes on VenueConnect.","Best Birthday Party Venues in Sector 4, Gandhidham",birthday party venues in Sector 4 Gandhidham,"birthday party venue Sector 4, birthday party hall near Sector 4 Gandhidham, birthday party venue near Sector 4",Transactional (Hyper-local),High
Event + City Area,"Engagement Venues in Sector 4, Gandhidham | VenueConnect",/gandhidham/sector-4/engagement-venues/,"Best Engagement Venues in Sector 4, Gandhidham | Book Near You - VenueConnect","Find the perfect engagement venue in Sector 4, Gandhidham. Compare halls, farmhouses & party plots near Sector 4. Get instant leads & free quotes on VenueConnect.","Best Engagement Venues in Sector 4, Gandhidham",engagement venues in Sector 4 Gandhidham,"engagement venue Sector 4, engagement hall near Sector 4 Gandhidham, engagement venue near Sector 4",Transactional (Hyper-local),High
Event + City Area,"Corporate Event Venues in Sector 4, Gandhidham | VenueConnect",/gandhidham/sector-4/corporate-event-venues/,"Best Corporate Event Venues in Sector 4, Gandhidham | Book Near You - VenueConnect","Find the perfect corporate event venue in Sector 4, Gandhidham. Compare halls, farmhouses & party plots near Sector 4. Get instant leads & free quotes on VenueConnect.","Best Corporate Event Venues in Sector 4, Gandhidham",corporate event venues in Sector 4 Gandhidham,"corporate event venue Sector 4, corporate event hall near Sector 4 Gandhidham, corporate event venue near Sector 4",Transactional (Hyper-local),High
Event + City Area,"Reception Venues in Sector 4, Gandhidham | VenueConnect",/gandhidham/sector-4/reception-venues/,"Best Reception Venues in Sector 4, Gandhidham | Book Near You - VenueConnect","Find the perfect reception venue in Sector 4, Gandhidham. Compare halls, farmhouses & party plots near Sector 4. Get instant leads & free quotes on VenueConnect.","Best Reception Venues in Sector 4, Gandhidham",reception venues in Sector 4 Gandhidham,"reception venue Sector 4, reception hall near Sector 4 Gandhidham, reception venue near Sector 4",Transactional (Hyper-local),High
Event + City Area,"Wedding Venues in Sector 5, Gandhidham | VenueConnect",/gandhidham/sector-5/wedding-venues/,"Best Wedding Venues in Sector 5, Gandhidham | Book Near You - VenueConnect","Find the perfect wedding venue in Sector 5, Gandhidham. Compare halls, farmhouses & party plots near Sector 5. Get instant leads & free quotes on VenueConnect.","Best Wedding Venues in Sector 5, Gandhidham",wedding venues in Sector 5 Gandhidham,"wedding venue Sector 5, wedding hall near Sector 5 Gandhidham, wedding venue near Sector 5",Transactional (Hyper-local),High
Event + City Area,"Birthday Party Venues in Sector 5, Gandhidham | VenueConnect",/gandhidham/sector-5/birthday-party-venues/,"Best Birthday Party Venues in Sector 5, Gandhidham | Book Near You - VenueConnect","Find the perfect birthday party venue in Sector 5, Gandhidham. Compare halls, farmhouses & party plots near Sector 5. Get instant leads & free quotes on VenueConnect.","Best Birthday Party Venues in Sector 5, Gandhidham",birthday party venues in Sector 5 Gandhidham,"birthday party venue Sector 5, birthday party hall near Sector 5 Gandhidham, birthday party venue near Sector 5",Transactional (Hyper-local),High
Event + City Area,"Engagement Venues in Sector 5, Gandhidham | VenueConnect",/gandhidham/sector-5/engagement-venues/,"Best Engagement Venues in Sector 5, Gandhidham | Book Near You - VenueConnect","Find the perfect engagement venue in Sector 5, Gandhidham. Compare halls, farmhouses & party plots near Sector 5. Get instant leads & free quotes on VenueConnect.","Best Engagement Venues in Sector 5, Gandhidham",engagement venues in Sector 5 Gandhidham,"engagement venue Sector 5, engagement hall near Sector 5 Gandhidham, engagement venue near Sector 5",Transactional (Hyper-local),High
Event + City Area,"Corporate Event Venues in Sector 5, Gandhidham | VenueConnect",/gandhidham/sector-5/corporate-event-venues/,"Best Corporate Event Venues in Sector 5, Gandhidham | Book Near You - VenueConnect","Find the perfect corporate event venue in Sector 5, Gandhidham. Compare halls, farmhouses & party plots near Sector 5. Get instant leads & free quotes on VenueConnect.","Best Corporate Event Venues in Sector 5, Gandhidham",corporate event venues in Sector 5 Gandhidham,"corporate event venue Sector 5, corporate event hall near Sector 5 Gandhidham, corporate event venue near Sector 5",Transactional (Hyper-local),High
Event + City Area,"Reception Venues in Sector 5, Gandhidham | VenueConnect",/gandhidham/sector-5/reception-venues/,"Best Reception Venues in Sector 5, Gandhidham | Book Near You - VenueConnect","Find the perfect reception venue in Sector 5, Gandhidham. Compare halls, farmhouses & party plots near Sector 5. Get instant leads & free quotes on VenueConnect.","Best Reception Venues in Sector 5, Gandhidham",reception venues in Sector 5 Gandhidham,"reception venue Sector 5, reception hall near Sector 5 Gandhidham, reception venue near Sector 5",Transactional (Hyper-local),High
Event + City Area,"Wedding Venues in Sector 6, Gandhidham | VenueConnect",/gandhidham/sector-6/wedding-venues/,"Best Wedding Venues in Sector 6, Gandhidham | Book Near You - VenueConnect","Find the perfect wedding venue in Sector 6, Gandhidham. Compare halls, farmhouses & party plots near Sector 6. Get instant leads & free quotes on VenueConnect.","Best Wedding Venues in Sector 6, Gandhidham",wedding venues in Sector 6 Gandhidham,"wedding venue Sector 6, wedding hall near Sector 6 Gandhidham, wedding venue near Sector 6",Transactional (Hyper-local),High
Event + City Area,"Birthday Party Venues in Sector 6, Gandhidham | VenueConnect",/gandhidham/sector-6/birthday-party-venues/,"Best Birthday Party Venues in Sector 6, Gandhidham | Book Near You - VenueConnect","Find the perfect birthday party venue in Sector 6, Gandhidham. Compare halls, farmhouses & party plots near Sector 6. Get instant leads & free quotes on VenueConnect.","Best Birthday Party Venues in Sector 6, Gandhidham",birthday party venues in Sector 6 Gandhidham,"birthday party venue Sector 6, birthday party hall near Sector 6 Gandhidham, birthday party venue near Sector 6",Transactional (Hyper-local),High
Event + City Area,"Engagement Venues in Sector 6, Gandhidham | VenueConnect",/gandhidham/sector-6/engagement-venues/,"Best Engagement Venues in Sector 6, Gandhidham | Book Near You - VenueConnect","Find the perfect engagement venue in Sector 6, Gandhidham. Compare halls, farmhouses & party plots near Sector 6. Get instant leads & free quotes on VenueConnect.","Best Engagement Venues in Sector 6, Gandhidham",engagement venues in Sector 6 Gandhidham,"engagement venue Sector 6, engagement hall near Sector 6 Gandhidham, engagement venue near Sector 6",Transactional (Hyper-local),High
Event + City Area,"Corporate Event Venues in Sector 6, Gandhidham | VenueConnect",/gandhidham/sector-6/corporate-event-venues/,"Best Corporate Event Venues in Sector 6, Gandhidham | Book Near You - VenueConnect","Find the perfect corporate event venue in Sector 6, Gandhidham. Compare halls, farmhouses & party plots near Sector 6. Get instant leads & free quotes on VenueConnect.","Best Corporate Event Venues in Sector 6, Gandhidham",corporate event venues in Sector 6 Gandhidham,"corporate event venue Sector 6, corporate event hall near Sector 6 Gandhidham, corporate event venue near Sector 6",Transactional (Hyper-local),High
Event + City Area,"Reception Venues in Sector 6, Gandhidham | VenueConnect",/gandhidham/sector-6/reception-venues/,"Best Reception Venues in Sector 6, Gandhidham | Book Near You - VenueConnect","Find the perfect reception venue in Sector 6, Gandhidham. Compare halls, farmhouses & party plots near Sector 6. Get instant leads & free quotes on VenueConnect.","Best Reception Venues in Sector 6, Gandhidham",reception venues in Sector 6 Gandhidham,"reception venue Sector 6, reception hall near Sector 6 Gandhidham, reception venue near Sector 6",Transactional (Hyper-local),High
Event + City Area,"Wedding Venues in Sector 7, Gandhidham | VenueConnect",/gandhidham/sector-7/wedding-venues/,"Best Wedding Venues in Sector 7, Gandhidham | Book Near You - VenueConnect","Find the perfect wedding venue in Sector 7, Gandhidham. Compare halls, farmhouses & party plots near Sector 7. Get instant leads & free quotes on VenueConnect.","Best Wedding Venues in Sector 7, Gandhidham",wedding venues in Sector 7 Gandhidham,"wedding venue Sector 7, wedding hall near Sector 7 Gandhidham, wedding venue near Sector 7",Transactional (Hyper-local),High
Event + City Area,"Birthday Party Venues in Sector 7, Gandhidham | VenueConnect",/gandhidham/sector-7/birthday-party-venues/,"Best Birthday Party Venues in Sector 7, Gandhidham | Book Near You - VenueConnect","Find the perfect birthday party venue in Sector 7, Gandhidham. Compare halls, farmhouses & party plots near Sector 7. Get instant leads & free quotes on VenueConnect.","Best Birthday Party Venues in Sector 7, Gandhidham",birthday party venues in Sector 7 Gandhidham,"birthday party venue Sector 7, birthday party hall near Sector 7 Gandhidham, birthday party venue near Sector 7",Transactional (Hyper-local),High
Event + City Area,"Engagement Venues in Sector 7, Gandhidham | VenueConnect",/gandhidham/sector-7/engagement-venues/,"Best Engagement Venues in Sector 7, Gandhidham | Book Near You - VenueConnect","Find the perfect engagement venue in Sector 7, Gandhidham. Compare halls, farmhouses & party plots near Sector 7. Get instant leads & free quotes on VenueConnect.","Best Engagement Venues in Sector 7, Gandhidham",engagement venues in Sector 7 Gandhidham,"engagement venue Sector 7, engagement hall near Sector 7 Gandhidham, engagement venue near Sector 7",Transactional (Hyper-local),High
Event + City Area,"Corporate Event Venues in Sector 7, Gandhidham | VenueConnect",/gandhidham/sector-7/corporate-event-venues/,"Best Corporate Event Venues in Sector 7, Gandhidham | Book Near You - VenueConnect","Find the perfect corporate event venue in Sector 7, Gandhidham. Compare halls, farmhouses & party plots near Sector 7. Get instant leads & free quotes on VenueConnect.","Best Corporate Event Venues in Sector 7, Gandhidham",corporate event venues in Sector 7 Gandhidham,"corporate event venue Sector 7, corporate event hall near Sector 7 Gandhidham, corporate event venue near Sector 7",Transactional (Hyper-local),High
Event + City Area,"Reception Venues in Sector 7, Gandhidham | VenueConnect",/gandhidham/sector-7/reception-venues/,"Best Reception Venues in Sector 7, Gandhidham | Book Near You - VenueConnect","Find the perfect reception venue in Sector 7, Gandhidham. Compare halls, farmhouses & party plots near Sector 7. Get instant leads & free quotes on VenueConnect.","Best Reception Venues in Sector 7, Gandhidham",reception venues in Sector 7 Gandhidham,"reception venue Sector 7, reception hall near Sector 7 Gandhidham, reception venue near Sector 7",Transactional (Hyper-local),High
Event + City Area,"Wedding Venues in Sector 8, Gandhidham | VenueConnect",/gandhidham/sector-8/wedding-venues/,"Best Wedding Venues in Sector 8, Gandhidham | Book Near You - VenueConnect","Find the perfect wedding venue in Sector 8, Gandhidham. Compare halls, farmhouses & party plots near Sector 8. Get instant leads & free quotes on VenueConnect.","Best Wedding Venues in Sector 8, Gandhidham",wedding venues in Sector 8 Gandhidham,"wedding venue Sector 8, wedding hall near Sector 8 Gandhidham, wedding venue near Sector 8",Transactional (Hyper-local),High
Event + City Area,"Birthday Party Venues in Sector 8, Gandhidham | VenueConnect",/gandhidham/sector-8/birthday-party-venues/,"Best Birthday Party Venues in Sector 8, Gandhidham | Book Near You - VenueConnect","Find the perfect birthday party venue in Sector 8, Gandhidham. Compare halls, farmhouses & party plots near Sector 8. Get instant leads & free quotes on VenueConnect.","Best Birthday Party Venues in Sector 8, Gandhidham",birthday party venues in Sector 8 Gandhidham,"birthday party venue Sector 8, birthday party hall near Sector 8 Gandhidham, birthday party venue near Sector 8",Transactional (Hyper-local),High
Event + City Area,"Engagement Venues in Sector 8, Gandhidham | VenueConnect",/gandhidham/sector-8/engagement-venues/,"Best Engagement Venues in Sector 8, Gandhidham | Book Near You - VenueConnect","Find the perfect engagement venue in Sector 8, Gandhidham. Compare halls, farmhouses & party plots near Sector 8. Get instant leads & free quotes on VenueConnect.","Best Engagement Venues in Sector 8, Gandhidham",engagement venues in Sector 8 Gandhidham,"engagement venue Sector 8, engagement hall near Sector 8 Gandhidham, engagement venue near Sector 8",Transactional (Hyper-local),High
Event + City Area,"Corporate Event Venues in Sector 8, Gandhidham | VenueConnect",/gandhidham/sector-8/corporate-event-venues/,"Best Corporate Event Venues in Sector 8, Gandhidham | Book Near You - VenueConnect","Find the perfect corporate event venue in Sector 8, Gandhidham. Compare halls, farmhouses & party plots near Sector 8. Get instant leads & free quotes on VenueConnect.","Best Corporate Event Venues in Sector 8, Gandhidham",corporate event venues in Sector 8 Gandhidham,"corporate event venue Sector 8, corporate event hall near Sector 8 Gandhidham, corporate event venue near Sector 8",Transactional (Hyper-local),High
Event + City Area,"Reception Venues in Sector 8, Gandhidham | VenueConnect",/gandhidham/sector-8/reception-venues/,"Best Reception Venues in Sector 8, Gandhidham | Book Near You - VenueConnect","Find the perfect reception venue in Sector 8, Gandhidham. Compare halls, farmhouses & party plots near Sector 8. Get instant leads & free quotes on VenueConnect.","Best Reception Venues in Sector 8, Gandhidham",reception venues in Sector 8 Gandhidham,"reception venue Sector 8, reception hall near Sector 8 Gandhidham, reception venue near Sector 8",Transactional (Hyper-local),High
Event + City Area,"Wedding Venues in Sector 9, Gandhidham | VenueConnect",/gandhidham/sector-9/wedding-venues/,"Best Wedding Venues in Sector 9, Gandhidham | Book Near You - VenueConnect","Find the perfect wedding venue in Sector 9, Gandhidham. Compare halls, farmhouses & party plots near Sector 9. Get instant leads & free quotes on VenueConnect.","Best Wedding Venues in Sector 9, Gandhidham",wedding venues in Sector 9 Gandhidham,"wedding venue Sector 9, wedding hall near Sector 9 Gandhidham, wedding venue near Sector 9",Transactional (Hyper-local),High
Event + City Area,"Birthday Party Venues in Sector 9, Gandhidham | VenueConnect",/gandhidham/sector-9/birthday-party-venues/,"Best Birthday Party Venues in Sector 9, Gandhidham | Book Near You - VenueConnect","Find the perfect birthday party venue in Sector 9, Gandhidham. Compare halls, farmhouses & party plots near Sector 9. Get instant leads & free quotes on VenueConnect.","Best Birthday Party Venues in Sector 9, Gandhidham",birthday party venues in Sector 9 Gandhidham,"birthday party venue Sector 9, birthday party hall near Sector 9 Gandhidham, birthday party venue near Sector 9",Transactional (Hyper-local),High
Event + City Area,"Engagement Venues in Sector 9, Gandhidham | VenueConnect",/gandhidham/sector-9/engagement-venues/,"Best Engagement Venues in Sector 9, Gandhidham | Book Near You - VenueConnect","Find the perfect engagement venue in Sector 9, Gandhidham. Compare halls, farmhouses & party plots near Sector 9. Get instant leads & free quotes on VenueConnect.","Best Engagement Venues in Sector 9, Gandhidham",engagement venues in Sector 9 Gandhidham,"engagement venue Sector 9, engagement hall near Sector 9 Gandhidham, engagement venue near Sector 9",Transactional (Hyper-local),High
Event + City Area,"Corporate Event Venues in Sector 9, Gandhidham | VenueConnect",/gandhidham/sector-9/corporate-event-venues/,"Best Corporate Event Venues in Sector 9, Gandhidham | Book Near You - VenueConnect","Find the perfect corporate event venue in Sector 9, Gandhidham. Compare halls, farmhouses & party plots near Sector 9. Get instant leads & free quotes on VenueConnect.","Best Corporate Event Venues in Sector 9, Gandhidham",corporate event venues in Sector 9 Gandhidham,"corporate event venue Sector 9, corporate event hall near Sector 9 Gandhidham, corporate event venue near Sector 9",Transactional (Hyper-local),High
Event + City Area,"Reception Venues in Sector 9, Gandhidham | VenueConnect",/gandhidham/sector-9/reception-venues/,"Best Reception Venues in Sector 9, Gandhidham | Book Near You - VenueConnect","Find the perfect reception venue in Sector 9, Gandhidham. Compare halls, farmhouses & party plots near Sector 9. Get instant leads & free quotes on VenueConnect.","Best Reception Venues in Sector 9, Gandhidham",reception venues in Sector 9 Gandhidham,"reception venue Sector 9, reception hall near Sector 9 Gandhidham, reception venue near Sector 9",Transactional (Hyper-local),High
Event + City Area,"Wedding Venues in Sector 10, Gandhidham | VenueConnect",/gandhidham/sector-10/wedding-venues/,"Best Wedding Venues in Sector 10, Gandhidham | Book Near You - VenueConnect","Find the perfect wedding venue in Sector 10, Gandhidham. Compare halls, farmhouses & party plots near Sector 10. Get instant leads & free quotes on VenueConnect.","Best Wedding Venues in Sector 10, Gandhidham",wedding venues in Sector 10 Gandhidham,"wedding venue Sector 10, wedding hall near Sector 10 Gandhidham, wedding venue near Sector 10",Transactional (Hyper-local),High
Event + City Area,"Birthday Party Venues in Sector 10, Gandhidham | VenueConnect",/gandhidham/sector-10/birthday-party-venues/,"Best Birthday Party Venues in Sector 10, Gandhidham | Book Near You - VenueConnect","Find the perfect birthday party venue in Sector 10, Gandhidham. Compare halls, farmhouses & party plots near Sector 10. Get instant leads & free quotes on VenueConnect.","Best Birthday Party Venues in Sector 10, Gandhidham",birthday party venues in Sector 10 Gandhidham,"birthday party venue Sector 10, birthday party hall near Sector 10 Gandhidham, birthday party venue near Sector 10",Transactional (Hyper-local),High
Event + City Area,"Engagement Venues in Sector 10, Gandhidham | VenueConnect",/gandhidham/sector-10/engagement-venues/,"Best Engagement Venues in Sector 10, Gandhidham | Book Near You - VenueConnect","Find the perfect engagement venue in Sector 10, Gandhidham. Compare halls, farmhouses & party plots near Sector 10. Get instant leads & free quotes on VenueConnect.","Best Engagement Venues in Sector 10, Gandhidham",engagement venues in Sector 10 Gandhidham,"engagement venue Sector 10, engagement hall near Sector 10 Gandhidham, engagement venue near Sector 10",Transactional (Hyper-local),High
Event + City Area,"Corporate Event Venues in Sector 10, Gandhidham | VenueConnect",/gandhidham/sector-10/corporate-event-venues/,"Best Corporate Event Venues in Sector 10, Gandhidham | Book Near You - VenueConnect","Find the perfect corporate event venue in Sector 10, Gandhidham. Compare halls, farmhouses & party plots near Sector 10. Get instant leads & free quotes on VenueConnect.","Best Corporate Event Venues in Sector 10, Gandhidham",corporate event venues in Sector 10 Gandhidham,"corporate event venue Sector 10, corporate event hall near Sector 10 Gandhidham, corporate event venue near Sector 10",Transactional (Hyper-local),High
Event + City Area,"Reception Venues in Sector 10, Gandhidham | VenueConnect",/gandhidham/sector-10/reception-venues/,"Best Reception Venues in Sector 10, Gandhidham | Book Near You - VenueConnect","Find the perfect reception venue in Sector 10, Gandhidham. Compare halls, farmhouses & party plots near Sector 10. Get instant leads & free quotes on VenueConnect.","Best Reception Venues in Sector 10, Gandhidham",reception venues in Sector 10 Gandhidham,"reception venue Sector 10, reception hall near Sector 10 Gandhidham, reception venue near Sector 10",Transactional (Hyper-local),High
Event + City Area,"Wedding Venues in Sector 11, Gandhidham | VenueConnect",/gandhidham/sector-11/wedding-venues/,"Best Wedding Venues in Sector 11, Gandhidham | Book Near You - VenueConnect","Find the perfect wedding venue in Sector 11, Gandhidham. Compare halls, farmhouses & party plots near Sector 11. Get instant leads & free quotes on VenueConnect.","Best Wedding Venues in Sector 11, Gandhidham",wedding venues in Sector 11 Gandhidham,"wedding venue Sector 11, wedding hall near Sector 11 Gandhidham, wedding venue near Sector 11",Transactional (Hyper-local),High
Event + City Area,"Birthday Party Venues in Sector 11, Gandhidham | VenueConnect",/gandhidham/sector-11/birthday-party-venues/,"Best Birthday Party Venues in Sector 11, Gandhidham | Book Near You - VenueConnect","Find the perfect birthday party venue in Sector 11, Gandhidham. Compare halls, farmhouses & party plots near Sector 11. Get instant leads & free quotes on VenueConnect.","Best Birthday Party Venues in Sector 11, Gandhidham",birthday party venues in Sector 11 Gandhidham,"birthday party venue Sector 11, birthday party hall near Sector 11 Gandhidham, birthday party venue near Sector 11",Transactional (Hyper-local),High
Event + City Area,"Engagement Venues in Sector 11, Gandhidham | VenueConnect",/gandhidham/sector-11/engagement-venues/,"Best Engagement Venues in Sector 11, Gandhidham | Book Near You - VenueConnect","Find the perfect engagement venue in Sector 11, Gandhidham. Compare halls, farmhouses & party plots near Sector 11. Get instant leads & free quotes on VenueConnect.","Best Engagement Venues in Sector 11, Gandhidham",engagement venues in Sector 11 Gandhidham,"engagement venue Sector 11, engagement hall near Sector 11 Gandhidham, engagement venue near Sector 11",Transactional (Hyper-local),High
Event + City Area,"Corporate Event Venues in Sector 11, Gandhidham | VenueConnect",/gandhidham/sector-11/corporate-event-venues/,"Best Corporate Event Venues in Sector 11, Gandhidham | Book Near You - VenueConnect","Find the perfect corporate event venue in Sector 11, Gandhidham. Compare halls, farmhouses & party plots near Sector 11. Get instant leads & free quotes on VenueConnect.","Best Corporate Event Venues in Sector 11, Gandhidham",corporate event venues in Sector 11 Gandhidham,"corporate event venue Sector 11, corporate event hall near Sector 11 Gandhidham, corporate event venue near Sector 11",Transactional (Hyper-local),High
Event + City Area,"Reception Venues in Sector 11, Gandhidham | VenueConnect",/gandhidham/sector-11/reception-venues/,"Best Reception Venues in Sector 11, Gandhidham | Book Near You - VenueConnect","Find the perfect reception venue in Sector 11, Gandhidham. Compare halls, farmhouses & party plots near Sector 11. Get instant leads & free quotes on VenueConnect.","Best Reception Venues in Sector 11, Gandhidham",reception venues in Sector 11 Gandhidham,"reception venue Sector 11, reception hall near Sector 11 Gandhidham, reception venue near Sector 11",Transactional (Hyper-local),High
Event + City Area,"Wedding Venues in Sector 12, Gandhidham | VenueConnect",/gandhidham/sector-12/wedding-venues/,"Best Wedding Venues in Sector 12, Gandhidham | Book Near You - VenueConnect","Find the perfect wedding venue in Sector 12, Gandhidham. Compare halls, farmhouses & party plots near Sector 12. Get instant leads & free quotes on VenueConnect.","Best Wedding Venues in Sector 12, Gandhidham",wedding venues in Sector 12 Gandhidham,"wedding venue Sector 12, wedding hall near Sector 12 Gandhidham, wedding venue near Sector 12",Transactional (Hyper-local),High
Event + City Area,"Birthday Party Venues in Sector 12, Gandhidham | VenueConnect",/gandhidham/sector-12/birthday-party-venues/,"Best Birthday Party Venues in Sector 12, Gandhidham | Book Near You - VenueConnect","Find the perfect birthday party venue in Sector 12, Gandhidham. Compare halls, farmhouses & party plots near Sector 12. Get instant leads & free quotes on VenueConnect.","Best Birthday Party Venues in Sector 12, Gandhidham",birthday party venues in Sector 12 Gandhidham,"birthday party venue Sector 12, birthday party hall near Sector 12 Gandhidham, birthday party venue near Sector 12",Transactional (Hyper-local),High
Event + City Area,"Engagement Venues in Sector 12, Gandhidham | VenueConnect",/gandhidham/sector-12/engagement-venues/,"Best Engagement Venues in Sector 12, Gandhidham | Book Near You - VenueConnect","Find the perfect engagement venue in Sector 12, Gandhidham. Compare halls, farmhouses & party plots near Sector 12. Get instant leads & free quotes on VenueConnect.","Best Engagement Venues in Sector 12, Gandhidham",engagement venues in Sector 12 Gandhidham,"engagement venue Sector 12, engagement hall near Sector 12 Gandhidham, engagement venue near Sector 12",Transactional (Hyper-local),High
Event + City Area,"Corporate Event Venues in Sector 12, Gandhidham | VenueConnect",/gandhidham/sector-12/corporate-event-venues/,"Best Corporate Event Venues in Sector 12, Gandhidham | Book Near You - VenueConnect","Find the perfect corporate event venue in Sector 12, Gandhidham. Compare halls, farmhouses & party plots near Sector 12. Get instant leads & free quotes on VenueConnect.","Best Corporate Event Venues in Sector 12, Gandhidham",corporate event venues in Sector 12 Gandhidham,"corporate event venue Sector 12, corporate event hall near Sector 12 Gandhidham, corporate event venue near Sector 12",Transactional (Hyper-local),High
Event + City Area,"Reception Venues in Sector 12, Gandhidham | VenueConnect",/gandhidham/sector-12/reception-venues/,"Best Reception Venues in Sector 12, Gandhidham | Book Near You - VenueConnect","Find the perfect reception venue in Sector 12, Gandhidham. Compare halls, farmhouses & party plots near Sector 12. Get instant leads & free quotes on VenueConnect.","Best Reception Venues in Sector 12, Gandhidham",reception venues in Sector 12 Gandhidham,"reception venue Sector 12, reception hall near Sector 12 Gandhidham, reception venue near Sector 12",Transactional (Hyper-local),High
Event + City Area,"Wedding Venues in Sector 13, Gandhidham | VenueConnect",/gandhidham/sector-13/wedding-venues/,"Best Wedding Venues in Sector 13, Gandhidham | Book Near You - VenueConnect","Find the perfect wedding venue in Sector 13, Gandhidham. Compare halls, farmhouses & party plots near Sector 13. Get instant leads & free quotes on VenueConnect.","Best Wedding Venues in Sector 13, Gandhidham",wedding venues in Sector 13 Gandhidham,"wedding venue Sector 13, wedding hall near Sector 13 Gandhidham, wedding venue near Sector 13",Transactional (Hyper-local),High
Event + City Area,"Birthday Party Venues in Sector 13, Gandhidham | VenueConnect",/gandhidham/sector-13/birthday-party-venues/,"Best Birthday Party Venues in Sector 13, Gandhidham | Book Near You - VenueConnect","Find the perfect birthday party venue in Sector 13, Gandhidham. Compare halls, farmhouses & party plots near Sector 13. Get instant leads & free quotes on VenueConnect.","Best Birthday Party Venues in Sector 13, Gandhidham",birthday party venues in Sector 13 Gandhidham,"birthday party venue Sector 13, birthday party hall near Sector 13 Gandhidham, birthday party venue near Sector 13",Transactional (Hyper-local),High
Event + City Area,"Engagement Venues in Sector 13, Gandhidham | VenueConnect",/gandhidham/sector-13/engagement-venues/,"Best Engagement Venues in Sector 13, Gandhidham | Book Near You - VenueConnect","Find the perfect engagement venue in Sector 13, Gandhidham. Compare halls, farmhouses & party plots near Sector 13. Get instant leads & free quotes on VenueConnect.","Best Engagement Venues in Sector 13, Gandhidham",engagement venues in Sector 13 Gandhidham,"engagement venue Sector 13, engagement hall near Sector 13 Gandhidham, engagement venue near Sector 13",Transactional (Hyper-local),High
Event + City Area,"Corporate Event Venues in Sector 13, Gandhidham | VenueConnect",/gandhidham/sector-13/corporate-event-venues/,"Best Corporate Event Venues in Sector 13, Gandhidham | Book Near You - VenueConnect","Find the perfect corporate event venue in Sector 13, Gandhidham. Compare halls, farmhouses & party plots near Sector 13. Get instant leads & free quotes on VenueConnect.","Best Corporate Event Venues in Sector 13, Gandhidham",corporate event venues in Sector 13 Gandhidham,"corporate event venue Sector 13, corporate event hall near Sector 13 Gandhidham, corporate event venue near Sector 13",Transactional (Hyper-local),High
Event + City Area,"Reception Venues in Sector 13, Gandhidham | VenueConnect",/gandhidham/sector-13/reception-venues/,"Best Reception Venues in Sector 13, Gandhidham | Book Near You - VenueConnect","Find the perfect reception venue in Sector 13, Gandhidham. Compare halls, farmhouses & party plots near Sector 13. Get instant leads & free quotes on VenueConnect.","Best Reception Venues in Sector 13, Gandhidham",reception venues in Sector 13 Gandhidham,"reception venue Sector 13, reception hall near Sector 13 Gandhidham, reception venue near Sector 13",Transactional (Hyper-local),High
Event + City Area,"Wedding Venues in Sector 14, Gandhidham | VenueConnect",/gandhidham/sector-14/wedding-venues/,"Best Wedding Venues in Sector 14, Gandhidham | Book Near You - VenueConnect","Find the perfect wedding venue in Sector 14, Gandhidham. Compare halls, farmhouses & party plots near Sector 14. Get instant leads & free quotes on VenueConnect.","Best Wedding Venues in Sector 14, Gandhidham",wedding venues in Sector 14 Gandhidham,"wedding venue Sector 14, wedding hall near Sector 14 Gandhidham, wedding venue near Sector 14",Transactional (Hyper-local),High
Event + City Area,"Birthday Party Venues in Sector 14, Gandhidham | VenueConnect",/gandhidham/sector-14/birthday-party-venues/,"Best Birthday Party Venues in Sector 14, Gandhidham | Book Near You - VenueConnect","Find the perfect birthday party venue in Sector 14, Gandhidham. Compare halls, farmhouses & party plots near Sector 14. Get instant leads & free quotes on VenueConnect.","Best Birthday Party Venues in Sector 14, Gandhidham",birthday party venues in Sector 14 Gandhidham,"birthday party venue Sector 14, birthday party hall near Sector 14 Gandhidham, birthday party venue near Sector 14",Transactional (Hyper-local),High
Event + City Area,"Engagement Venues in Sector 14, Gandhidham | VenueConnect",/gandhidham/sector-14/engagement-venues/,"Best Engagement Venues in Sector 14, Gandhidham | Book Near You - VenueConnect","Find the perfect engagement venue in Sector 14, Gandhidham. Compare halls, farmhouses & party plots near Sector 14. Get instant leads & free quotes on VenueConnect.","Best Engagement Venues in Sector 14, Gandhidham",engagement venues in Sector 14 Gandhidham,"engagement venue Sector 14, engagement hall near Sector 14 Gandhidham, engagement venue near Sector 14",Transactional (Hyper-local),High
Event + City Area,"Corporate Event Venues in Sector 14, Gandhidham | VenueConnect",/gandhidham/sector-14/corporate-event-venues/,"Best Corporate Event Venues in Sector 14, Gandhidham | Book Near You - VenueConnect","Find the perfect corporate event venue in Sector 14, Gandhidham. Compare halls, farmhouses & party plots near Sector 14. Get instant leads & free quotes on VenueConnect.","Best Corporate Event Venues in Sector 14, Gandhidham",corporate event venues in Sector 14 Gandhidham,"corporate event venue Sector 14, corporate event hall near Sector 14 Gandhidham, corporate event venue near Sector 14",Transactional (Hyper-local),High
Event + City Area,"Reception Venues in Sector 14, Gandhidham | VenueConnect",/gandhidham/sector-14/reception-venues/,"Best Reception Venues in Sector 14, Gandhidham | Book Near You - VenueConnect","Find the perfect reception venue in Sector 14, Gandhidham. Compare halls, farmhouses & party plots near Sector 14. Get instant leads & free quotes on VenueConnect.","Best Reception Venues in Sector 14, Gandhidham",reception venues in Sector 14 Gandhidham,"reception venue Sector 14, reception hall near Sector 14 Gandhidham, reception venue near Sector 14",Transactional (Hyper-local),High
Event + City Area,"Wedding Venues in Adipur, Gandhidham | VenueConnect",/gandhidham/adipur/wedding-venues/,"Best Wedding Venues in Adipur, Gandhidham | Book Near You - VenueConnect","Find the perfect wedding venue in Adipur, Gandhidham. Compare halls, farmhouses & party plots near Adipur. Get instant leads & free quotes on VenueConnect.","Best Wedding Venues in Adipur, Gandhidham",wedding venues in Adipur Gandhidham,"wedding venue Adipur, wedding hall near Adipur Gandhidham, wedding venue near Adipur",Transactional (Hyper-local),High
Event + City Area,"Birthday Party Venues in Adipur, Gandhidham | VenueConnect",/gandhidham/adipur/birthday-party-venues/,"Best Birthday Party Venues in Adipur, Gandhidham | Book Near You - VenueConnect","Find the perfect birthday party venue in Adipur, Gandhidham. Compare halls, farmhouses & party plots near Adipur. Get instant leads & free quotes on VenueConnect.","Best Birthday Party Venues in Adipur, Gandhidham",birthday party venues in Adipur Gandhidham,"birthday party venue Adipur, birthday party hall near Adipur Gandhidham, birthday party venue near Adipur",Transactional (Hyper-local),High
Event + City Area,"Engagement Venues in Adipur, Gandhidham | VenueConnect",/gandhidham/adipur/engagement-venues/,"Best Engagement Venues in Adipur, Gandhidham | Book Near You - VenueConnect","Find the perfect engagement venue in Adipur, Gandhidham. Compare halls, farmhouses & party plots near Adipur. Get instant leads & free quotes on VenueConnect.","Best Engagement Venues in Adipur, Gandhidham",engagement venues in Adipur Gandhidham,"engagement venue Adipur, engagement hall near Adipur Gandhidham, engagement venue near Adipur",Transactional (Hyper-local),High
Event + City Area,"Corporate Event Venues in Adipur, Gandhidham | VenueConnect",/gandhidham/adipur/corporate-event-venues/,"Best Corporate Event Venues in Adipur, Gandhidham | Book Near You - VenueConnect","Find the perfect corporate event venue in Adipur, Gandhidham. Compare halls, farmhouses & party plots near Adipur. Get instant leads & free quotes on VenueConnect.","Best Corporate Event Venues in Adipur, Gandhidham",corporate event venues in Adipur Gandhidham,"corporate event venue Adipur, corporate event hall near Adipur Gandhidham, corporate event venue near Adipur",Transactional (Hyper-local),High
Event + City Area,"Reception Venues in Adipur, Gandhidham | VenueConnect",/gandhidham/adipur/reception-venues/,"Best Reception Venues in Adipur, Gandhidham | Book Near You - VenueConnect","Find the perfect reception venue in Adipur, Gandhidham. Compare halls, farmhouses & party plots near Adipur. Get instant leads & free quotes on VenueConnect.","Best Reception Venues in Adipur, Gandhidham",reception venues in Adipur Gandhidham,"reception venue Adipur, reception hall near Adipur Gandhidham, reception venue near Adipur",Transactional (Hyper-local),High
Event + City Area,"Wedding Venues in Kandla Road, Gandhidham | VenueConnect",/gandhidham/kandla-road/wedding-venues/,"Best Wedding Venues in Kandla Road, Gandhidham | Book Near You - VenueConnect","Find the perfect wedding venue in Kandla Road, Gandhidham. Compare halls, farmhouses & party plots near Kandla Road. Get instant leads & free quotes on VenueConnect.","Best Wedding Venues in Kandla Road, Gandhidham",wedding venues in Kandla Road Gandhidham,"wedding venue Kandla Road, wedding hall near Kandla Road Gandhidham, wedding venue near Kandla Road",Transactional (Hyper-local),High
Event + City Area,"Birthday Party Venues in Kandla Road, Gandhidham | VenueConnect",/gandhidham/kandla-road/birthday-party-venues/,"Best Birthday Party Venues in Kandla Road, Gandhidham | Book Near You - VenueConnect","Find the perfect birthday party venue in Kandla Road, Gandhidham. Compare halls, farmhouses & party plots near Kandla Road. Get instant leads & free quotes on VenueConnect.","Best Birthday Party Venues in Kandla Road, Gandhidham",birthday party venues in Kandla Road Gandhidham,"birthday party venue Kandla Road, birthday party hall near Kandla Road Gandhidham, birthday party venue near Kandla Road",Transactional (Hyper-local),High
Event + City Area,"Engagement Venues in Kandla Road, Gandhidham | VenueConnect",/gandhidham/kandla-road/engagement-venues/,"Best Engagement Venues in Kandla Road, Gandhidham | Book Near You - VenueConnect","Find the perfect engagement venue in Kandla Road, Gandhidham. Compare halls, farmhouses & party plots near Kandla Road. Get instant leads & free quotes on VenueConnect.","Best Engagement Venues in Kandla Road, Gandhidham",engagement venues in Kandla Road Gandhidham,"engagement venue Kandla Road, engagement hall near Kandla Road Gandhidham, engagement venue near Kandla Road",Transactional (Hyper-local),High
Event + City Area,"Corporate Event Venues in Kandla Road, Gandhidham | VenueConnect",/gandhidham/kandla-road/corporate-event-venues/,"Best Corporate Event Venues in Kandla Road, Gandhidham | Book Near You - VenueConnect","Find the perfect corporate event venue in Kandla Road, Gandhidham. Compare halls, farmhouses & party plots near Kandla Road. Get instant leads & free quotes on VenueConnect.","Best Corporate Event Venues in Kandla Road, Gandhidham",corporate event venues in Kandla Road Gandhidham,"corporate event venue Kandla Road, corporate event hall near Kandla Road Gandhidham, corporate event venue near Kandla Road",Transactional (Hyper-local),High
Event + City Area,"Reception Venues in Kandla Road, Gandhidham | VenueConnect",/gandhidham/kandla-road/reception-venues/,"Best Reception Venues in Kandla Road, Gandhidham | Book Near You - VenueConnect","Find the perfect reception venue in Kandla Road, Gandhidham. Compare halls, farmhouses & party plots near Kandla Road. Get instant leads & free quotes on VenueConnect.","Best Reception Venues in Kandla Road, Gandhidham",reception venues in Kandla Road Gandhidham,"reception venue Kandla Road, reception hall near Kandla Road Gandhidham, reception venue near Kandla Road",Transactional (Hyper-local),High
Event + City Area,"Wedding Venues in Kutch Industrial Area, Gandhidham | VenueConnect",/gandhidham/kutch-industrial-area/wedding-venues/,"Best Wedding Venues in Kutch Industrial Area, Gandhidham | Book Near You - VenueConnect","Find the perfect wedding venue in Kutch Industrial Area, Gandhidham. Compare halls, farmhouses & party plots near Kutch Industrial Area. Get instant leads & free quotes on VenueConnect.","Best Wedding Venues in Kutch Industrial Area, Gandhidham",wedding venues in Kutch Industrial Area Gandhidham,"wedding venue Kutch Industrial Area, wedding hall near Kutch Industrial Area Gandhidham, wedding venue near Kutch Industrial Area",Transactional (Hyper-local),High
Event + City Area,"Birthday Party Venues in Kutch Industrial Area, Gandhidham | VenueConnect",/gandhidham/kutch-industrial-area/birthday-party-venues/,"Best Birthday Party Venues in Kutch Industrial Area, Gandhidham | Book Near You - VenueConnect","Find the perfect birthday party venue in Kutch Industrial Area, Gandhidham. Compare halls, farmhouses & party plots near Kutch Industrial Area. Get instant leads & free quotes on VenueConnect.","Best Birthday Party Venues in Kutch Industrial Area, Gandhidham",birthday party venues in Kutch Industrial Area Gandhidham,"birthday party venue Kutch Industrial Area, birthday party hall near Kutch Industrial Area Gandhidham, birthday party venue near Kutch Industrial Area",Transactional (Hyper-local),High
Event + City Area,"Engagement Venues in Kutch Industrial Area, Gandhidham | VenueConnect",/gandhidham/kutch-industrial-area/engagement-venues/,"Best Engagement Venues in Kutch Industrial Area, Gandhidham | Book Near You - VenueConnect","Find the perfect engagement venue in Kutch Industrial Area, Gandhidham. Compare halls, farmhouses & party plots near Kutch Industrial Area. Get instant leads & free quotes on VenueConnect.","Best Engagement Venues in Kutch Industrial Area, Gandhidham",engagement venues in Kutch Industrial Area Gandhidham,"engagement venue Kutch Industrial Area, engagement hall near Kutch Industrial Area Gandhidham, engagement venue near Kutch Industrial Area",Transactional (Hyper-local),High
Event + City Area,"Corporate Event Venues in Kutch Industrial Area, Gandhidham | VenueConnect",/gandhidham/kutch-industrial-area/corporate-event-venues/,"Best Corporate Event Venues in Kutch Industrial Area, Gandhidham | Book Near You - VenueConnect","Find the perfect corporate event venue in Kutch Industrial Area, Gandhidham. Compare halls, farmhouses & party plots near Kutch Industrial Area. Get instant leads & free quotes on VenueConnect.","Best Corporate Event Venues in Kutch Industrial Area, Gandhidham",corporate event venues in Kutch Industrial Area Gandhidham,"corporate event venue Kutch Industrial Area, corporate event hall near Kutch Industrial Area Gandhidham, corporate event venue near Kutch Industrial Area",Transactional (Hyper-local),High
Event + City Area,"Reception Venues in Kutch Industrial Area, Gandhidham | VenueConnect",/gandhidham/kutch-industrial-area/reception-venues/,"Best Reception Venues in Kutch Industrial Area, Gandhidham | Book Near You - VenueConnect","Find the perfect reception venue in Kutch Industrial Area, Gandhidham. Compare halls, farmhouses & party plots near Kutch Industrial Area. Get instant leads & free quotes on VenueConnect.","Best Reception Venues in Kutch Industrial Area, Gandhidham",reception venues in Kutch Industrial Area Gandhidham,"reception venue Kutch Industrial Area, reception hall near Kutch Industrial Area Gandhidham, reception venue near Kutch Industrial Area",Transactional (Hyper-local),High
Event + City Area,"Wedding Venues in Bhuj Road, Gandhidham | VenueConnect",/gandhidham/bhuj-road/wedding-venues/,"Best Wedding Venues in Bhuj Road, Gandhidham | Book Near You - VenueConnect","Find the perfect wedding venue in Bhuj Road, Gandhidham. Compare halls, farmhouses & party plots near Bhuj Road. Get instant leads & free quotes on VenueConnect.","Best Wedding Venues in Bhuj Road, Gandhidham",wedding venues in Bhuj Road Gandhidham,"wedding venue Bhuj Road, wedding hall near Bhuj Road Gandhidham, wedding venue near Bhuj Road",Transactional (Hyper-local),High
Event + City Area,"Birthday Party Venues in Bhuj Road, Gandhidham | VenueConnect",/gandhidham/bhuj-road/birthday-party-venues/,"Best Birthday Party Venues in Bhuj Road, Gandhidham | Book Near You - VenueConnect","Find the perfect birthday party venue in Bhuj Road, Gandhidham. Compare halls, farmhouses & party plots near Bhuj Road. Get instant leads & free quotes on VenueConnect.","Best Birthday Party Venues in Bhuj Road, Gandhidham",birthday party venues in Bhuj Road Gandhidham,"birthday party venue Bhuj Road, birthday party hall near Bhuj Road Gandhidham, birthday party venue near Bhuj Road",Transactional (Hyper-local),High
Event + City Area,"Engagement Venues in Bhuj Road, Gandhidham | VenueConnect",/gandhidham/bhuj-road/engagement-venues/,"Best Engagement Venues in Bhuj Road, Gandhidham | Book Near You - VenueConnect","Find the perfect engagement venue in Bhuj Road, Gandhidham. Compare halls, farmhouses & party plots near Bhuj Road. Get instant leads & free quotes on VenueConnect.","Best Engagement Venues in Bhuj Road, Gandhidham",engagement venues in Bhuj Road Gandhidham,"engagement venue Bhuj Road, engagement hall near Bhuj Road Gandhidham, engagement venue near Bhuj Road",Transactional (Hyper-local),High
Event + City Area,"Corporate Event Venues in Bhuj Road, Gandhidham | VenueConnect",/gandhidham/bhuj-road/corporate-event-venues/,"Best Corporate Event Venues in Bhuj Road, Gandhidham | Book Near You - VenueConnect","Find the perfect corporate event venue in Bhuj Road, Gandhidham. Compare halls, farmhouses & party plots near Bhuj Road. Get instant leads & free quotes on VenueConnect.","Best Corporate Event Venues in Bhuj Road, Gandhidham",corporate event venues in Bhuj Road Gandhidham,"corporate event venue Bhuj Road, corporate event hall near Bhuj Road Gandhidham, corporate event venue near Bhuj Road",Transactional (Hyper-local),High
Event + City Area,"Reception Venues in Bhuj Road, Gandhidham | VenueConnect",/gandhidham/bhuj-road/reception-venues/,"Best Reception Venues in Bhuj Road, Gandhidham | Book Near You - VenueConnect","Find the perfect reception venue in Bhuj Road, Gandhidham. Compare halls, farmhouses & party plots near Bhuj Road. Get instant leads & free quotes on VenueConnect.","Best Reception Venues in Bhuj Road, Gandhidham",reception venues in Bhuj Road Gandhidham,"reception venue Bhuj Road, reception hall near Bhuj Road Gandhidham, reception venue near Bhuj Road",Transactional (Hyper-local),High
Event + City Area,"Wedding Venues in Mundra Road, Gandhidham | VenueConnect",/gandhidham/mundra-road/wedding-venues/,"Best Wedding Venues in Mundra Road, Gandhidham | Book Near You - VenueConnect","Find the perfect wedding venue in Mundra Road, Gandhidham. Compare halls, farmhouses & party plots near Mundra Road. Get instant leads & free quotes on VenueConnect.","Best Wedding Venues in Mundra Road, Gandhidham",wedding venues in Mundra Road Gandhidham,"wedding venue Mundra Road, wedding hall near Mundra Road Gandhidham, wedding venue near Mundra Road",Transactional (Hyper-local),High
Event + City Area,"Birthday Party Venues in Mundra Road, Gandhidham | VenueConnect",/gandhidham/mundra-road/birthday-party-venues/,"Best Birthday Party Venues in Mundra Road, Gandhidham | Book Near You - VenueConnect","Find the perfect birthday party venue in Mundra Road, Gandhidham. Compare halls, farmhouses & party plots near Mundra Road. Get instant leads & free quotes on VenueConnect.","Best Birthday Party Venues in Mundra Road, Gandhidham",birthday party venues in Mundra Road Gandhidham,"birthday party venue Mundra Road, birthday party hall near Mundra Road Gandhidham, birthday party venue near Mundra Road",Transactional (Hyper-local),High
Event + City Area,"Engagement Venues in Mundra Road, Gandhidham | VenueConnect",/gandhidham/mundra-road/engagement-venues/,"Best Engagement Venues in Mundra Road, Gandhidham | Book Near You - VenueConnect","Find the perfect engagement venue in Mundra Road, Gandhidham. Compare halls, farmhouses & party plots near Mundra Road. Get instant leads & free quotes on VenueConnect.","Best Engagement Venues in Mundra Road, Gandhidham",engagement venues in Mundra Road Gandhidham,"engagement venue Mundra Road, engagement hall near Mundra Road Gandhidham, engagement venue near Mundra Road",Transactional (Hyper-local),High
Event + City Area,"Corporate Event Venues in Mundra Road, Gandhidham | VenueConnect",/gandhidham/mundra-road/corporate-event-venues/,"Best Corporate Event Venues in Mundra Road, Gandhidham | Book Near You - VenueConnect","Find the perfect corporate event venue in Mundra Road, Gandhidham. Compare halls, farmhouses & party plots near Mundra Road. Get instant leads & free quotes on VenueConnect.","Best Corporate Event Venues in Mundra Road, Gandhidham",corporate event venues in Mundra Road Gandhidham,"corporate event venue Mundra Road, corporate event hall near Mundra Road Gandhidham, corporate event venue near Mundra Road",Transactional (Hyper-local),High
Event + City Area,"Reception Venues in Mundra Road, Gandhidham | VenueConnect",/gandhidham/mundra-road/reception-venues/,"Best Reception Venues in Mundra Road, Gandhidham | Book Near You - VenueConnect","Find the perfect reception venue in Mundra Road, Gandhidham. Compare halls, farmhouses & party plots near Mundra Road. Get instant leads & free quotes on VenueConnect.","Best Reception Venues in Mundra Road, Gandhidham",reception venues in Mundra Road Gandhidham,"reception venue Mundra Road, reception hall near Mundra Road Gandhidham, reception venue near Mundra Road",Transactional (Hyper-local),High
Event + City Area,"Wedding Venues in Anjar Road, Gandhidham | VenueConnect",/gandhidham/anjar-road/wedding-venues/,"Best Wedding Venues in Anjar Road, Gandhidham | Book Near You - VenueConnect","Find the perfect wedding venue in Anjar Road, Gandhidham. Compare halls, farmhouses & party plots near Anjar Road. Get instant leads & free quotes on VenueConnect.","Best Wedding Venues in Anjar Road, Gandhidham",wedding venues in Anjar Road Gandhidham,"wedding venue Anjar Road, wedding hall near Anjar Road Gandhidham, wedding venue near Anjar Road",Transactional (Hyper-local),High
Event + City Area,"Birthday Party Venues in Anjar Road, Gandhidham | VenueConnect",/gandhidham/anjar-road/birthday-party-venues/,"Best Birthday Party Venues in Anjar Road, Gandhidham | Book Near You - VenueConnect","Find the perfect birthday party venue in Anjar Road, Gandhidham. Compare halls, farmhouses & party plots near Anjar Road. Get instant leads & free quotes on VenueConnect.","Best Birthday Party Venues in Anjar Road, Gandhidham",birthday party venues in Anjar Road Gandhidham,"birthday party venue Anjar Road, birthday party hall near Anjar Road Gandhidham, birthday party venue near Anjar Road",Transactional (Hyper-local),High
Event + City Area,"Engagement Venues in Anjar Road, Gandhidham | VenueConnect",/gandhidham/anjar-road/engagement-venues/,"Best Engagement Venues in Anjar Road, Gandhidham | Book Near You - VenueConnect","Find the perfect engagement venue in Anjar Road, Gandhidham. Compare halls, farmhouses & party plots near Anjar Road. Get instant leads & free quotes on VenueConnect.","Best Engagement Venues in Anjar Road, Gandhidham",engagement venues in Anjar Road Gandhidham,"engagement venue Anjar Road, engagement hall near Anjar Road Gandhidham, engagement venue near Anjar Road",Transactional (Hyper-local),High
Event + City Area,"Corporate Event Venues in Anjar Road, Gandhidham | VenueConnect",/gandhidham/anjar-road/corporate-event-venues/,"Best Corporate Event Venues in Anjar Road, Gandhidham | Book Near You - VenueConnect","Find the perfect corporate event venue in Anjar Road, Gandhidham. Compare halls, farmhouses & party plots near Anjar Road. Get instant leads & free quotes on VenueConnect.","Best Corporate Event Venues in Anjar Road, Gandhidham",corporate event venues in Anjar Road Gandhidham,"corporate event venue Anjar Road, corporate event hall near Anjar Road Gandhidham, corporate event venue near Anjar Road",Transactional (Hyper-local),High
Event + City Area,"Reception Venues in Anjar Road, Gandhidham | VenueConnect",/gandhidham/anjar-road/reception-venues/,"Best Reception Venues in Anjar Road, Gandhidham | Book Near You - VenueConnect","Find the perfect reception venue in Anjar Road, Gandhidham. Compare halls, farmhouses & party plots near Anjar Road. Get instant leads & free quotes on VenueConnect.","Best Reception Venues in Anjar Road, Gandhidham",reception venues in Anjar Road Gandhidham,"reception venue Anjar Road, reception hall near Anjar Road Gandhidham, reception venue near Anjar Road",Transactional (Hyper-local),High
Event + City Area,"Wedding Venues in Kandla Port, Gandhidham | VenueConnect",/gandhidham/kandla-port/wedding-venues/,"Best Wedding Venues in Kandla Port, Gandhidham | Book Near You - VenueConnect","Find the perfect wedding venue in Kandla Port, Gandhidham. Compare halls, farmhouses & party plots near Kandla Port. Get instant leads & free quotes on VenueConnect.","Best Wedding Venues in Kandla Port, Gandhidham",wedding venues in Kandla Port Gandhidham,"wedding venue Kandla Port, wedding hall near Kandla Port Gandhidham, wedding venue near Kandla Port",Transactional (Hyper-local),High
Event + City Area,"Birthday Party Venues in Kandla Port, Gandhidham | VenueConnect",/gandhidham/kandla-port/birthday-party-venues/,"Best Birthday Party Venues in Kandla Port, Gandhidham | Book Near You - VenueConnect","Find the perfect birthday party venue in Kandla Port, Gandhidham. Compare halls, farmhouses & party plots near Kandla Port. Get instant leads & free quotes on VenueConnect.","Best Birthday Party Venues in Kandla Port, Gandhidham",birthday party venues in Kandla Port Gandhidham,"birthday party venue Kandla Port, birthday party hall near Kandla Port Gandhidham, birthday party venue near Kandla Port",Transactional (Hyper-local),High
Event + City Area,"Engagement Venues in Kandla Port, Gandhidham | VenueConnect",/gandhidham/kandla-port/engagement-venues/,"Best Engagement Venues in Kandla Port, Gandhidham | Book Near You - VenueConnect","Find the perfect engagement venue in Kandla Port, Gandhidham. Compare halls, farmhouses & party plots near Kandla Port. Get instant leads & free quotes on VenueConnect.","Best Engagement Venues in Kandla Port, Gandhidham",engagement venues in Kandla Port Gandhidham,"engagement venue Kandla Port, engagement hall near Kandla Port Gandhidham, engagement venue near Kandla Port",Transactional (Hyper-local),High
Event + City Area,"Corporate Event Venues in Kandla Port, Gandhidham | VenueConnect",/gandhidham/kandla-port/corporate-event-venues/,"Best Corporate Event Venues in Kandla Port, Gandhidham | Book Near You - VenueConnect","Find the perfect corporate event venue in Kandla Port, Gandhidham. Compare halls, farmhouses & party plots near Kandla Port. Get instant leads & free quotes on VenueConnect.","Best Corporate Event Venues in Kandla Port, Gandhidham",corporate event venues in Kandla Port Gandhidham,"corporate event venue Kandla Port, corporate event hall near Kandla Port Gandhidham, corporate event venue near Kandla Port",Transactional (Hyper-local),High
Event + City Area,"Reception Venues in Kandla Port, Gandhidham | VenueConnect",/gandhidham/kandla-port/reception-venues/,"Best Reception Venues in Kandla Port, Gandhidham | Book Near You - VenueConnect","Find the perfect reception venue in Kandla Port, Gandhidham. Compare halls, farmhouses & party plots near Kandla Port. Get instant leads & free quotes on VenueConnect.","Best Reception Venues in Kandla Port, Gandhidham",reception venues in Kandla Port Gandhidham,"reception venue Kandla Port, reception hall near Kandla Port Gandhidham, reception venue near Kandla Port",Transactional (Hyper-local),High
Event + City Area,"Wedding Venues in Mundra Port Road, Gandhidham | VenueConnect",/gandhidham/mundra-port-road/wedding-venues/,"Best Wedding Venues in Mundra Port Road, Gandhidham | Book Near You - VenueConnect","Find the perfect wedding venue in Mundra Port Road, Gandhidham. Compare halls, farmhouses & party plots near Mundra Port Road. Get instant leads & free quotes on VenueConnect.","Best Wedding Venues in Mundra Port Road, Gandhidham",wedding venues in Mundra Port Road Gandhidham,"wedding venue Mundra Port Road, wedding hall near Mundra Port Road Gandhidham, wedding venue near Mundra Port Road",Transactional (Hyper-local),High
Event + City Area,"Birthday Party Venues in Mundra Port Road, Gandhidham | VenueConnect",/gandhidham/mundra-port-road/birthday-party-venues/,"Best Birthday Party Venues in Mundra Port Road, Gandhidham | Book Near You - VenueConnect","Find the perfect birthday party venue in Mundra Port Road, Gandhidham. Compare halls, farmhouses & party plots near Mundra Port Road. Get instant leads & free quotes on VenueConnect.","Best Birthday Party Venues in Mundra Port Road, Gandhidham",birthday party venues in Mundra Port Road Gandhidham,"birthday party venue Mundra Port Road, birthday party hall near Mundra Port Road Gandhidham, birthday party venue near Mundra Port Road",Transactional (Hyper-local),High
Event + City Area,"Engagement Venues in Mundra Port Road, Gandhidham | VenueConnect",/gandhidham/mundra-port-road/engagement-venues/,"Best Engagement Venues in Mundra Port Road, Gandhidham | Book Near You - VenueConnect","Find the perfect engagement venue in Mundra Port Road, Gandhidham. Compare halls, farmhouses & party plots near Mundra Port Road. Get instant leads & free quotes on VenueConnect.","Best Engagement Venues in Mundra Port Road, Gandhidham",engagement venues in Mundra Port Road Gandhidham,"engagement venue Mundra Port Road, engagement hall near Mundra Port Road Gandhidham, engagement venue near Mundra Port Road",Transactional (Hyper-local),High
Event + City Area,"Corporate Event Venues in Mundra Port Road, Gandhidham | VenueConnect",/gandhidham/mundra-port-road/corporate-event-venues/,"Best Corporate Event Venues in Mundra Port Road, Gandhidham | Book Near You - VenueConnect","Find the perfect corporate event venue in Mundra Port Road, Gandhidham. Compare halls, farmhouses & party plots near Mundra Port Road. Get instant leads & free quotes on VenueConnect.","Best Corporate Event Venues in Mundra Port Road, Gandhidham",corporate event venues in Mundra Port Road Gandhidham,"corporate event venue Mundra Port Road, corporate event hall near Mundra Port Road Gandhidham, corporate event venue near Mundra Port Road",Transactional (Hyper-local),High
Event + City Area,"Reception Venues in Mundra Port Road, Gandhidham | VenueConnect",/gandhidham/mundra-port-road/reception-venues/,"Best Reception Venues in Mundra Port Road, Gandhidham | Book Near You - VenueConnect","Find the perfect reception venue in Mundra Port Road, Gandhidham. Compare halls, farmhouses & party plots near Mundra Port Road. Get instant leads & free quotes on VenueConnect.","Best Reception Venues in Mundra Port Road, Gandhidham",reception venues in Mundra Port Road Gandhidham,"reception venue Mundra Port Road, reception hall near Mundra Port Road Gandhidham, reception venue near Mundra Port Road",Transactional (Hyper-local),High
Event + City Area,"Wedding Venues in Tuna Road, Gandhidham | VenueConnect",/gandhidham/tuna-road/wedding-venues/,"Best Wedding Venues in Tuna Road, Gandhidham | Book Near You - VenueConnect","Find the perfect wedding venue in Tuna Road, Gandhidham. Compare halls, farmhouses & party plots near Tuna Road. Get instant leads & free quotes on VenueConnect.","Best Wedding Venues in Tuna Road, Gandhidham",wedding venues in Tuna Road Gandhidham,"wedding venue Tuna Road, wedding hall near Tuna Road Gandhidham, wedding venue near Tuna Road",Transactional (Hyper-local),High
Event + City Area,"Birthday Party Venues in Tuna Road, Gandhidham | VenueConnect",/gandhidham/tuna-road/birthday-party-venues/,"Best Birthday Party Venues in Tuna Road, Gandhidham | Book Near You - VenueConnect","Find the perfect birthday party venue in Tuna Road, Gandhidham. Compare halls, farmhouses & party plots near Tuna Road. Get instant leads & free quotes on VenueConnect.","Best Birthday Party Venues in Tuna Road, Gandhidham",birthday party venues in Tuna Road Gandhidham,"birthday party venue Tuna Road, birthday party hall near Tuna Road Gandhidham, birthday party venue near Tuna Road",Transactional (Hyper-local),High
Event + City Area,"Engagement Venues in Tuna Road, Gandhidham | VenueConnect",/gandhidham/tuna-road/engagement-venues/,"Best Engagement Venues in Tuna Road, Gandhidham | Book Near You - VenueConnect","Find the perfect engagement venue in Tuna Road, Gandhidham. Compare halls, farmhouses & party plots near Tuna Road. Get instant leads & free quotes on VenueConnect.","Best Engagement Venues in Tuna Road, Gandhidham",engagement venues in Tuna Road Gandhidham,"engagement venue Tuna Road, engagement hall near Tuna Road Gandhidham, engagement venue near Tuna Road",Transactional (Hyper-local),High
Event + City Area,"Corporate Event Venues in Tuna Road, Gandhidham | VenueConnect",/gandhidham/tuna-road/corporate-event-venues/,"Best Corporate Event Venues in Tuna Road, Gandhidham | Book Near You - VenueConnect","Find the perfect corporate event venue in Tuna Road, Gandhidham. Compare halls, farmhouses & party plots near Tuna Road. Get instant leads & free quotes on VenueConnect.","Best Corporate Event Venues in Tuna Road, Gandhidham",corporate event venues in Tuna Road Gandhidham,"corporate event venue Tuna Road, corporate event hall near Tuna Road Gandhidham, corporate event venue near Tuna Road",Transactional (Hyper-local),High
Event + City Area,"Reception Venues in Tuna Road, Gandhidham | VenueConnect",/gandhidham/tuna-road/reception-venues/,"Best Reception Venues in Tuna Road, Gandhidham | Book Near You - VenueConnect","Find the perfect reception venue in Tuna Road, Gandhidham. Compare halls, farmhouses & party plots near Tuna Road. Get instant leads & free quotes on VenueConnect.","Best Reception Venues in Tuna Road, Gandhidham",reception venues in Tuna Road Gandhidham,"reception venue Tuna Road, reception hall near Tuna Road Gandhidham, reception venue near Tuna Road",Transactional (Hyper-local),High
Event + City Area,"Wedding Venues in Samakhiyali, Gandhidham | VenueConnect",/gandhidham/samakhiyali/wedding-venues/,"Best Wedding Venues in Samakhiyali, Gandhidham | Book Near You - VenueConnect","Find the perfect wedding venue in Samakhiyali, Gandhidham. Compare halls, farmhouses & party plots near Samakhiyali. Get instant leads & free quotes on VenueConnect.","Best Wedding Venues in Samakhiyali, Gandhidham",wedding venues in Samakhiyali Gandhidham,"wedding venue Samakhiyali, wedding hall near Samakhiyali Gandhidham, wedding venue near Samakhiyali",Transactional (Hyper-local),High
Event + City Area,"Birthday Party Venues in Samakhiyali, Gandhidham | VenueConnect",/gandhidham/samakhiyali/birthday-party-venues/,"Best Birthday Party Venues in Samakhiyali, Gandhidham | Book Near You - VenueConnect","Find the perfect birthday party venue in Samakhiyali, Gandhidham. Compare halls, farmhouses & party plots near Samakhiyali. Get instant leads & free quotes on VenueConnect.","Best Birthday Party Venues in Samakhiyali, Gandhidham",birthday party venues in Samakhiyali Gandhidham,"birthday party venue Samakhiyali, birthday party hall near Samakhiyali Gandhidham, birthday party venue near Samakhiyali",Transactional (Hyper-local),High
Event + City Area,"Engagement Venues in Samakhiyali, Gandhidham | VenueConnect",/gandhidham/samakhiyali/engagement-venues/,"Best Engagement Venues in Samakhiyali, Gandhidham | Book Near You - VenueConnect","Find the perfect engagement venue in Samakhiyali, Gandhidham. Compare halls, farmhouses & party plots near Samakhiyali. Get instant leads & free quotes on VenueConnect.","Best Engagement Venues in Samakhiyali, Gandhidham",engagement venues in Samakhiyali Gandhidham,"engagement venue Samakhiyali, engagement hall near Samakhiyali Gandhidham, engagement venue near Samakhiyali",Transactional (Hyper-local),High
Event + City Area,"Corporate Event Venues in Samakhiyali, Gandhidham | VenueConnect",/gandhidham/samakhiyali/corporate-event-venues/,"Best Corporate Event Venues in Samakhiyali, Gandhidham | Book Near You - VenueConnect","Find the perfect corporate event venue in Samakhiyali, Gandhidham. Compare halls, farmhouses & party plots near Samakhiyali. Get instant leads & free quotes on VenueConnect.","Best Corporate Event Venues in Samakhiyali, Gandhidham",corporate event venues in Samakhiyali Gandhidham,"corporate event venue Samakhiyali, corporate event hall near Samakhiyali Gandhidham, corporate event venue near Samakhiyali",Transactional (Hyper-local),High
Event + City Area,"Reception Venues in Samakhiyali, Gandhidham | VenueConnect",/gandhidham/samakhiyali/reception-venues/,"Best Reception Venues in Samakhiyali, Gandhidham | Book Near You - VenueConnect","Find the perfect reception venue in Samakhiyali, Gandhidham. Compare halls, farmhouses & party plots near Samakhiyali. Get instant leads & free quotes on VenueConnect.","Best Reception Venues in Samakhiyali, Gandhidham",reception venues in Samakhiyali Gandhidham,"reception venue Samakhiyali, reception hall near Samakhiyali Gandhidham, reception venue near Samakhiyali",Transactional (Hyper-local),High
Event + City Area,"Wedding Venues in Ratnal, Gandhidham | VenueConnect",/gandhidham/ratnal/wedding-venues/,"Best Wedding Venues in Ratnal, Gandhidham | Book Near You - VenueConnect","Find the perfect wedding venue in Ratnal, Gandhidham. Compare halls, farmhouses & party plots near Ratnal. Get instant leads & free quotes on VenueConnect.","Best Wedding Venues in Ratnal, Gandhidham",wedding venues in Ratnal Gandhidham,"wedding venue Ratnal, wedding hall near Ratnal Gandhidham, wedding venue near Ratnal",Transactional (Hyper-local),High
Event + City Area,"Birthday Party Venues in Ratnal, Gandhidham | VenueConnect",/gandhidham/ratnal/birthday-party-venues/,"Best Birthday Party Venues in Ratnal, Gandhidham | Book Near You - VenueConnect","Find the perfect birthday party venue in Ratnal, Gandhidham. Compare halls, farmhouses & party plots near Ratnal. Get instant leads & free quotes on VenueConnect.","Best Birthday Party Venues in Ratnal, Gandhidham",birthday party venues in Ratnal Gandhidham,"birthday party venue Ratnal, birthday party hall near Ratnal Gandhidham, birthday party venue near Ratnal",Transactional (Hyper-local),High
Event + City Area,"Engagement Venues in Ratnal, Gandhidham | VenueConnect",/gandhidham/ratnal/engagement-venues/,"Best Engagement Venues in Ratnal, Gandhidham | Book Near You - VenueConnect","Find the perfect engagement venue in Ratnal, Gandhidham. Compare halls, farmhouses & party plots near Ratnal. Get instant leads & free quotes on VenueConnect.","Best Engagement Venues in Ratnal, Gandhidham",engagement venues in Ratnal Gandhidham,"engagement venue Ratnal, engagement hall near Ratnal Gandhidham, engagement venue near Ratnal",Transactional (Hyper-local),High
Event + City Area,"Corporate Event Venues in Ratnal, Gandhidham | VenueConnect",/gandhidham/ratnal/corporate-event-venues/,"Best Corporate Event Venues in Ratnal, Gandhidham | Book Near You - VenueConnect","Find the perfect corporate event venue in Ratnal, Gandhidham. Compare halls, farmhouses & party plots near Ratnal. Get instant leads & free quotes on VenueConnect.","Best Corporate Event Venues in Ratnal, Gandhidham",corporate event venues in Ratnal Gandhidham,"corporate event venue Ratnal, corporate event hall near Ratnal Gandhidham, corporate event venue near Ratnal",Transactional (Hyper-local),High
Event + City Area,"Reception Venues in Ratnal, Gandhidham | VenueConnect",/gandhidham/ratnal/reception-venues/,"Best Reception Venues in Ratnal, Gandhidham | Book Near You - VenueConnect","Find the perfect reception venue in Ratnal, Gandhidham. Compare halls, farmhouses & party plots near Ratnal. Get instant leads & free quotes on VenueConnect.","Best Reception Venues in Ratnal, Gandhidham",reception venues in Ratnal Gandhidham,"reception venue Ratnal, reception hall near Ratnal Gandhidham, reception venue near Ratnal",Transactional (Hyper-local),High
Event + City Area,"Wedding Venues in Mirzapar, Gandhidham | VenueConnect",/gandhidham/mirzapar/wedding-venues/,"Best Wedding Venues in Mirzapar, Gandhidham | Book Near You - VenueConnect","Find the perfect wedding venue in Mirzapar, Gandhidham. Compare halls, farmhouses & party plots near Mirzapar. Get instant leads & free quotes on VenueConnect.","Best Wedding Venues in Mirzapar, Gandhidham",wedding venues in Mirzapar Gandhidham,"wedding venue Mirzapar, wedding hall near Mirzapar Gandhidham, wedding venue near Mirzapar",Transactional (Hyper-local),High
Event + City Area,"Birthday Party Venues in Mirzapar, Gandhidham | VenueConnect",/gandhidham/mirzapar/birthday-party-venues/,"Best Birthday Party Venues in Mirzapar, Gandhidham | Book Near You - VenueConnect","Find the perfect birthday party venue in Mirzapar, Gandhidham. Compare halls, farmhouses & party plots near Mirzapar. Get instant leads & free quotes on VenueConnect.","Best Birthday Party Venues in Mirzapar, Gandhidham",birthday party venues in Mirzapar Gandhidham,"birthday party venue Mirzapar, birthday party hall near Mirzapar Gandhidham, birthday party venue near Mirzapar",Transactional (Hyper-local),High
Event + City Area,"Engagement Venues in Mirzapar, Gandhidham | VenueConnect",/gandhidham/mirzapar/engagement-venues/,"Best Engagement Venues in Mirzapar, Gandhidham | Book Near You - VenueConnect","Find the perfect engagement venue in Mirzapar, Gandhidham. Compare halls, farmhouses & party plots near Mirzapar. Get instant leads & free quotes on VenueConnect.","Best Engagement Venues in Mirzapar, Gandhidham",engagement venues in Mirzapar Gandhidham,"engagement venue Mirzapar, engagement hall near Mirzapar Gandhidham, engagement venue near Mirzapar",Transactional (Hyper-local),High
Event + City Area,"Corporate Event Venues in Mirzapar, Gandhidham | VenueConnect",/gandhidham/mirzapar/corporate-event-venues/,"Best Corporate Event Venues in Mirzapar, Gandhidham | Book Near You - VenueConnect","Find the perfect corporate event venue in Mirzapar, Gandhidham. Compare halls, farmhouses & party plots near Mirzapar. Get instant leads & free quotes on VenueConnect.","Best Corporate Event Venues in Mirzapar, Gandhidham",corporate event venues in Mirzapar Gandhidham,"corporate event venue Mirzapar, corporate event hall near Mirzapar Gandhidham, corporate event venue near Mirzapar",Transactional (Hyper-local),High
Event + City Area,"Reception Venues in Mirzapar, Gandhidham | VenueConnect",/gandhidham/mirzapar/reception-venues/,"Best Reception Venues in Mirzapar, Gandhidham | Book Near You - VenueConnect","Find the perfect reception venue in Mirzapar, Gandhidham. Compare halls, farmhouses & party plots near Mirzapar. Get instant leads & free quotes on VenueConnect.","Best Reception Venues in Mirzapar, Gandhidham",reception venues in Mirzapar Gandhidham,"reception venue Mirzapar, reception hall near Mirzapar Gandhidham, reception venue near Mirzapar",Transactional (Hyper-local),High
  VENDOR + CITY AREA PAGES (Hyper-local),,,,,,,,,
Page Type,Page Title,URL Slug,Meta Title,Meta Description,H1 Tag,Target Keyword,Secondary Keywords,Search Intent,Priority
Vendor + City Area,"Photographers in Sector 1, Gandhidham | VenueConnect",/gandhidham/sector-1/vendors/photographers/,"Top Photographers in Sector 1, Gandhidham | Hire Near You - VenueConnect","Find the best photographers in Sector 1, Gandhidham for your event. Browse verified profiles, compare pricing & get WhatsApp leads instantly on VenueConnect.","Top Photographers in Sector 1, Gandhidham",photographers in Sector 1 Gandhidham,"photographers near Sector 1, photographers Sector 1 Gandhidham, best photographers near Sector 1",Transactional (Hyper-local),Medium
Vendor + City Area,"Caterers in Sector 1, Gandhidham | VenueConnect",/gandhidham/sector-1/vendors/caterers/,"Top Caterers in Sector 1, Gandhidham | Hire Near You - VenueConnect","Find the best caterers in Sector 1, Gandhidham for your event. Browse verified profiles, compare pricing & get WhatsApp leads instantly on VenueConnect.","Top Caterers in Sector 1, Gandhidham",caterers in Sector 1 Gandhidham,"caterers near Sector 1, caterers Sector 1 Gandhidham, best caterers near Sector 1",Transactional (Hyper-local),Medium
Vendor + City Area,"Decorators in Sector 1, Gandhidham | VenueConnect",/gandhidham/sector-1/vendors/decorators/,"Top Decorators in Sector 1, Gandhidham | Hire Near You - VenueConnect","Find the best decorators in Sector 1, Gandhidham for your event. Browse verified profiles, compare pricing & get WhatsApp leads instantly on VenueConnect.","Top Decorators in Sector 1, Gandhidham",decorators in Sector 1 Gandhidham,"decorators near Sector 1, decorators Sector 1 Gandhidham, best decorators near Sector 1",Transactional (Hyper-local),Medium
Vendor + City Area,"Mehndi Artists in Sector 1, Gandhidham | VenueConnect",/gandhidham/sector-1/vendors/mehndi-artists/,"Top Mehndi Artists in Sector 1, Gandhidham | Hire Near You - VenueConnect","Find the best mehndi artists in Sector 1, Gandhidham for your event. Browse verified profiles, compare pricing & get WhatsApp leads instantly on VenueConnect.","Top Mehndi Artists in Sector 1, Gandhidham",mehndi artists in Sector 1 Gandhidham,"mehndi artists near Sector 1, mehndi artists Sector 1 Gandhidham, best mehndi artists near Sector 1",Transactional (Hyper-local),Medium
Vendor + City Area,"Photographers in Sector 2, Gandhidham | VenueConnect",/gandhidham/sector-2/vendors/photographers/,"Top Photographers in Sector 2, Gandhidham | Hire Near You - VenueConnect","Find the best photographers in Sector 2, Gandhidham for your event. Browse verified profiles, compare pricing & get WhatsApp leads instantly on VenueConnect.","Top Photographers in Sector 2, Gandhidham",photographers in Sector 2 Gandhidham,"photographers near Sector 2, photographers Sector 2 Gandhidham, best photographers near Sector 2",Transactional (Hyper-local),Medium
Vendor + City Area,"Caterers in Sector 2, Gandhidham | VenueConnect",/gandhidham/sector-2/vendors/caterers/,"Top Caterers in Sector 2, Gandhidham | Hire Near You - VenueConnect","Find the best caterers in Sector 2, Gandhidham for your event. Browse verified profiles, compare pricing & get WhatsApp leads instantly on VenueConnect.","Top Caterers in Sector 2, Gandhidham",caterers in Sector 2 Gandhidham,"caterers near Sector 2, caterers Sector 2 Gandhidham, best caterers near Sector 2",Transactional (Hyper-local),Medium
Vendor + City Area,"Decorators in Sector 2, Gandhidham | VenueConnect",/gandhidham/sector-2/vendors/decorators/,"Top Decorators in Sector 2, Gandhidham | Hire Near You - VenueConnect","Find the best decorators in Sector 2, Gandhidham for your event. Browse verified profiles, compare pricing & get WhatsApp leads instantly on VenueConnect.","Top Decorators in Sector 2, Gandhidham",decorators in Sector 2 Gandhidham,"decorators near Sector 2, decorators Sector 2 Gandhidham, best decorators near Sector 2",Transactional (Hyper-local),Medium
Vendor + City Area,"Mehndi Artists in Sector 2, Gandhidham | VenueConnect",/gandhidham/sector-2/vendors/mehndi-artists/,"Top Mehndi Artists in Sector 2, Gandhidham | Hire Near You - VenueConnect","Find the best mehndi artists in Sector 2, Gandhidham for your event. Browse verified profiles, compare pricing & get WhatsApp leads instantly on VenueConnect.","Top Mehndi Artists in Sector 2, Gandhidham",mehndi artists in Sector 2 Gandhidham,"mehndi artists near Sector 2, mehndi artists Sector 2 Gandhidham, best mehndi artists near Sector 2",Transactional (Hyper-local),Medium
Vendor + City Area,"Photographers in Sector 3, Gandhidham | VenueConnect",/gandhidham/sector-3/vendors/photographers/,"Top Photographers in Sector 3, Gandhidham | Hire Near You - VenueConnect","Find the best photographers in Sector 3, Gandhidham for your event. Browse verified profiles, compare pricing & get WhatsApp leads instantly on VenueConnect.","Top Photographers in Sector 3, Gandhidham",photographers in Sector 3 Gandhidham,"photographers near Sector 3, photographers Sector 3 Gandhidham, best photographers near Sector 3",Transactional (Hyper-local),Medium
Vendor + City Area,"Caterers in Sector 3, Gandhidham | VenueConnect",/gandhidham/sector-3/vendors/caterers/,"Top Caterers in Sector 3, Gandhidham | Hire Near You - VenueConnect","Find the best caterers in Sector 3, Gandhidham for your event. Browse verified profiles, compare pricing & get WhatsApp leads instantly on VenueConnect.","Top Caterers in Sector 3, Gandhidham",caterers in Sector 3 Gandhidham,"caterers near Sector 3, caterers Sector 3 Gandhidham, best caterers near Sector 3",Transactional (Hyper-local),Medium
Vendor + City Area,"Decorators in Sector 3, Gandhidham | VenueConnect",/gandhidham/sector-3/vendors/decorators/,"Top Decorators in Sector 3, Gandhidham | Hire Near You - VenueConnect","Find the best decorators in Sector 3, Gandhidham for your event. Browse verified profiles, compare pricing & get WhatsApp leads instantly on VenueConnect.","Top Decorators in Sector 3, Gandhidham",decorators in Sector 3 Gandhidham,"decorators near Sector 3, decorators Sector 3 Gandhidham, best decorators near Sector 3",Transactional (Hyper-local),Medium
Vendor + City Area,"Mehndi Artists in Sector 3, Gandhidham | VenueConnect",/gandhidham/sector-3/vendors/mehndi-artists/,"Top Mehndi Artists in Sector 3, Gandhidham | Hire Near You - VenueConnect","Find the best mehndi artists in Sector 3, Gandhidham for your event. Browse verified profiles, compare pricing & get WhatsApp leads instantly on VenueConnect.","Top Mehndi Artists in Sector 3, Gandhidham",mehndi artists in Sector 3 Gandhidham,"mehndi artists near Sector 3, mehndi artists Sector 3 Gandhidham, best mehndi artists near Sector 3",Transactional (Hyper-local),Medium
Vendor + City Area,"Photographers in Sector 4, Gandhidham | VenueConnect",/gandhidham/sector-4/vendors/photographers/,"Top Photographers in Sector 4, Gandhidham | Hire Near You - VenueConnect","Find the best photographers in Sector 4, Gandhidham for your event. Browse verified profiles, compare pricing & get WhatsApp leads instantly on VenueConnect.","Top Photographers in Sector 4, Gandhidham",photographers in Sector 4 Gandhidham,"photographers near Sector 4, photographers Sector 4 Gandhidham, best photographers near Sector 4",Transactional (Hyper-local),Medium
Vendor + City Area,"Caterers in Sector 4, Gandhidham | VenueConnect",/gandhidham/sector-4/vendors/caterers/,"Top Caterers in Sector 4, Gandhidham | Hire Near You - VenueConnect","Find the best caterers in Sector 4, Gandhidham for your event. Browse verified profiles, compare pricing & get WhatsApp leads instantly on VenueConnect.","Top Caterers in Sector 4, Gandhidham",caterers in Sector 4 Gandhidham,"caterers near Sector 4, caterers Sector 4 Gandhidham, best caterers near Sector 4",Transactional (Hyper-local),Medium
Vendor + City Area,"Decorators in Sector 4, Gandhidham | VenueConnect",/gandhidham/sector-4/vendors/decorators/,"Top Decorators in Sector 4, Gandhidham | Hire Near You - VenueConnect","Find the best decorators in Sector 4, Gandhidham for your event. Browse verified profiles, compare pricing & get WhatsApp leads instantly on VenueConnect.","Top Decorators in Sector 4, Gandhidham",decorators in Sector 4 Gandhidham,"decorators near Sector 4, decorators Sector 4 Gandhidham, best decorators near Sector 4",Transactional (Hyper-local),Medium
Vendor + City Area,"Mehndi Artists in Sector 4, Gandhidham | VenueConnect",/gandhidham/sector-4/vendors/mehndi-artists/,"Top Mehndi Artists in Sector 4, Gandhidham | Hire Near You - VenueConnect","Find the best mehndi artists in Sector 4, Gandhidham for your event. Browse verified profiles, compare pricing & get WhatsApp leads instantly on VenueConnect.","Top Mehndi Artists in Sector 4, Gandhidham",mehndi artists in Sector 4 Gandhidham,"mehndi artists near Sector 4, mehndi artists Sector 4 Gandhidham, best mehndi artists near Sector 4",Transactional (Hyper-local),Medium
Vendor + City Area,"Photographers in Sector 5, Gandhidham | VenueConnect",/gandhidham/sector-5/vendors/photographers/,"Top Photographers in Sector 5, Gandhidham | Hire Near You - VenueConnect","Find the best photographers in Sector 5, Gandhidham for your event. Browse verified profiles, compare pricing & get WhatsApp leads instantly on VenueConnect.","Top Photographers in Sector 5, Gandhidham",photographers in Sector 5 Gandhidham,"photographers near Sector 5, photographers Sector 5 Gandhidham, best photographers near Sector 5",Transactional (Hyper-local),Medium
Vendor + City Area,"Caterers in Sector 5, Gandhidham | VenueConnect",/gandhidham/sector-5/vendors/caterers/,"Top Caterers in Sector 5, Gandhidham | Hire Near You - VenueConnect","Find the best caterers in Sector 5, Gandhidham for your event. Browse verified profiles, compare pricing & get WhatsApp leads instantly on VenueConnect.","Top Caterers in Sector 5, Gandhidham",caterers in Sector 5 Gandhidham,"caterers near Sector 5, caterers Sector 5 Gandhidham, best caterers near Sector 5",Transactional (Hyper-local),Medium
Vendor + City Area,"Decorators in Sector 5, Gandhidham | VenueConnect",/gandhidham/sector-5/vendors/decorators/,"Top Decorators in Sector 5, Gandhidham | Hire Near You - VenueConnect","Find the best decorators in Sector 5, Gandhidham for your event. Browse verified profiles, compare pricing & get WhatsApp leads instantly on VenueConnect.","Top Decorators in Sector 5, Gandhidham",decorators in Sector 5 Gandhidham,"decorators near Sector 5, decorators Sector 5 Gandhidham, best decorators near Sector 5",Transactional (Hyper-local),Medium
Vendor + City Area,"Mehndi Artists in Sector 5, Gandhidham | VenueConnect",/gandhidham/sector-5/vendors/mehndi-artists/,"Top Mehndi Artists in Sector 5, Gandhidham | Hire Near You - VenueConnect","Find the best mehndi artists in Sector 5, Gandhidham for your event. Browse verified profiles, compare pricing & get WhatsApp leads instantly on VenueConnect.","Top Mehndi Artists in Sector 5, Gandhidham",mehndi artists in Sector 5 Gandhidham,"mehndi artists near Sector 5, mehndi artists Sector 5 Gandhidham, best mehndi artists near Sector 5",Transactional (Hyper-local),Medium
Vendor + City Area,"Photographers in Sector 6, Gandhidham | VenueConnect",/gandhidham/sector-6/vendors/photographers/,"Top Photographers in Sector 6, Gandhidham | Hire Near You - VenueConnect","Find the best photographers in Sector 6, Gandhidham for your event. Browse verified profiles, compare pricing & get WhatsApp leads instantly on VenueConnect.","Top Photographers in Sector 6, Gandhidham",photographers in Sector 6 Gandhidham,"photographers near Sector 6, photographers Sector 6 Gandhidham, best photographers near Sector 6",Transactional (Hyper-local),Medium
Vendor + City Area,"Caterers in Sector 6, Gandhidham | VenueConnect",/gandhidham/sector-6/vendors/caterers/,"Top Caterers in Sector 6, Gandhidham | Hire Near You - VenueConnect","Find the best caterers in Sector 6, Gandhidham for your event. Browse verified profiles, compare pricing & get WhatsApp leads instantly on VenueConnect.","Top Caterers in Sector 6, Gandhidham",caterers in Sector 6 Gandhidham,"caterers near Sector 6, caterers Sector 6 Gandhidham, best caterers near Sector 6",Transactional (Hyper-local),Medium
Vendor + City Area,"Decorators in Sector 6, Gandhidham | VenueConnect",/gandhidham/sector-6/vendors/decorators/,"Top Decorators in Sector 6, Gandhidham | Hire Near You - VenueConnect","Find the best decorators in Sector 6, Gandhidham for your event. Browse verified profiles, compare pricing & get WhatsApp leads instantly on VenueConnect.","Top Decorators in Sector 6, Gandhidham",decorators in Sector 6 Gandhidham,"decorators near Sector 6, decorators Sector 6 Gandhidham, best decorators near Sector 6",Transactional (Hyper-local),Medium
Vendor + City Area,"Mehndi Artists in Sector 6, Gandhidham | VenueConnect",/gandhidham/sector-6/vendors/mehndi-artists/,"Top Mehndi Artists in Sector 6, Gandhidham | Hire Near You - VenueConnect","Find the best mehndi artists in Sector 6, Gandhidham for your event. Browse verified profiles, compare pricing & get WhatsApp leads instantly on VenueConnect.","Top Mehndi Artists in Sector 6, Gandhidham",mehndi artists in Sector 6 Gandhidham,"mehndi artists near Sector 6, mehndi artists Sector 6 Gandhidham, best mehndi artists near Sector 6",Transactional (Hyper-local),Medium
Vendor + City Area,"Photographers in Sector 7, Gandhidham | VenueConnect",/gandhidham/sector-7/vendors/photographers/,"Top Photographers in Sector 7, Gandhidham | Hire Near You - VenueConnect","Find the best photographers in Sector 7, Gandhidham for your event. Browse verified profiles, compare pricing & get WhatsApp leads instantly on VenueConnect.","Top Photographers in Sector 7, Gandhidham",photographers in Sector 7 Gandhidham,"photographers near Sector 7, photographers Sector 7 Gandhidham, best photographers near Sector 7",Transactional (Hyper-local),Medium
Vendor + City Area,"Caterers in Sector 7, Gandhidham | VenueConnect",/gandhidham/sector-7/vendors/caterers/,"Top Caterers in Sector 7, Gandhidham | Hire Near You - VenueConnect","Find the best caterers in Sector 7, Gandhidham for your event. Browse verified profiles, compare pricing & get WhatsApp leads instantly on VenueConnect.","Top Caterers in Sector 7, Gandhidham",caterers in Sector 7 Gandhidham,"caterers near Sector 7, caterers Sector 7 Gandhidham, best caterers near Sector 7",Transactional (Hyper-local),Medium
Vendor + City Area,"Decorators in Sector 7, Gandhidham | VenueConnect",/gandhidham/sector-7/vendors/decorators/,"Top Decorators in Sector 7, Gandhidham | Hire Near You - VenueConnect","Find the best decorators in Sector 7, Gandhidham for your event. Browse verified profiles, compare pricing & get WhatsApp leads instantly on VenueConnect.","Top Decorators in Sector 7, Gandhidham",decorators in Sector 7 Gandhidham,"decorators near Sector 7, decorators Sector 7 Gandhidham, best decorators near Sector 7",Transactional (Hyper-local),Medium
Vendor + City Area,"Mehndi Artists in Sector 7, Gandhidham | VenueConnect",/gandhidham/sector-7/vendors/mehndi-artists/,"Top Mehndi Artists in Sector 7, Gandhidham | Hire Near You - VenueConnect","Find the best mehndi artists in Sector 7, Gandhidham for your event. Browse verified profiles, compare pricing & get WhatsApp leads instantly on VenueConnect.","Top Mehndi Artists in Sector 7, Gandhidham",mehndi artists in Sector 7 Gandhidham,"mehndi artists near Sector 7, mehndi artists Sector 7 Gandhidham, best mehndi artists near Sector 7",Transactional (Hyper-local),Medium
Vendor + City Area,"Photographers in Sector 8, Gandhidham | VenueConnect",/gandhidham/sector-8/vendors/photographers/,"Top Photographers in Sector 8, Gandhidham | Hire Near You - VenueConnect","Find the best photographers in Sector 8, Gandhidham for your event. Browse verified profiles, compare pricing & get WhatsApp leads instantly on VenueConnect.","Top Photographers in Sector 8, Gandhidham",photographers in Sector 8 Gandhidham,"photographers near Sector 8, photographers Sector 8 Gandhidham, best photographers near Sector 8",Transactional (Hyper-local),Medium
Vendor + City Area,"Caterers in Sector 8, Gandhidham | VenueConnect",/gandhidham/sector-8/vendors/caterers/,"Top Caterers in Sector 8, Gandhidham | Hire Near You - VenueConnect","Find the best caterers in Sector 8, Gandhidham for your event. Browse verified profiles, compare pricing & get WhatsApp leads instantly on VenueConnect.","Top Caterers in Sector 8, Gandhidham",caterers in Sector 8 Gandhidham,"caterers near Sector 8, caterers Sector 8 Gandhidham, best caterers near Sector 8",Transactional (Hyper-local),Medium
Vendor + City Area,"Decorators in Sector 8, Gandhidham | VenueConnect",/gandhidham/sector-8/vendors/decorators/,"Top Decorators in Sector 8, Gandhidham | Hire Near You - VenueConnect","Find the best decorators in Sector 8, Gandhidham for your event. Browse verified profiles, compare pricing & get WhatsApp leads instantly on VenueConnect.","Top Decorators in Sector 8, Gandhidham",decorators in Sector 8 Gandhidham,"decorators near Sector 8, decorators Sector 8 Gandhidham, best decorators near Sector 8",Transactional (Hyper-local),Medium
Vendor + City Area,"Mehndi Artists in Sector 8, Gandhidham | VenueConnect",/gandhidham/sector-8/vendors/mehndi-artists/,"Top Mehndi Artists in Sector 8, Gandhidham | Hire Near You - VenueConnect","Find the best mehndi artists in Sector 8, Gandhidham for your event. Browse verified profiles, compare pricing & get WhatsApp leads instantly on VenueConnect.","Top Mehndi Artists in Sector 8, Gandhidham",mehndi artists in Sector 8 Gandhidham,"mehndi artists near Sector 8, mehndi artists Sector 8 Gandhidham, best mehndi artists near Sector 8",Transactional (Hyper-local),Medium
Vendor + City Area,"Photographers in Sector 9, Gandhidham | VenueConnect",/gandhidham/sector-9/vendors/photographers/,"Top Photographers in Sector 9, Gandhidham | Hire Near You - VenueConnect","Find the best photographers in Sector 9, Gandhidham for your event. Browse verified profiles, compare pricing & get WhatsApp leads instantly on VenueConnect.","Top Photographers in Sector 9, Gandhidham",photographers in Sector 9 Gandhidham,"photographers near Sector 9, photographers Sector 9 Gandhidham, best photographers near Sector 9",Transactional (Hyper-local),Medium
Vendor + City Area,"Caterers in Sector 9, Gandhidham | VenueConnect",/gandhidham/sector-9/vendors/caterers/,"Top Caterers in Sector 9, Gandhidham | Hire Near You - VenueConnect","Find the best caterers in Sector 9, Gandhidham for your event. Browse verified profiles, compare pricing & get WhatsApp leads instantly on VenueConnect.","Top Caterers in Sector 9, Gandhidham",caterers in Sector 9 Gandhidham,"caterers near Sector 9, caterers Sector 9 Gandhidham, best caterers near Sector 9",Transactional (Hyper-local),Medium
Vendor + City Area,"Decorators in Sector 9, Gandhidham | VenueConnect",/gandhidham/sector-9/vendors/decorators/,"Top Decorators in Sector 9, Gandhidham | Hire Near You - VenueConnect","Find the best decorators in Sector 9, Gandhidham for your event. Browse verified profiles, compare pricing & get WhatsApp leads instantly on VenueConnect.","Top Decorators in Sector 9, Gandhidham",decorators in Sector 9 Gandhidham,"decorators near Sector 9, decorators Sector 9 Gandhidham, best decorators near Sector 9",Transactional (Hyper-local),Medium
Vendor + City Area,"Mehndi Artists in Sector 9, Gandhidham | VenueConnect",/gandhidham/sector-9/vendors/mehndi-artists/,"Top Mehndi Artists in Sector 9, Gandhidham | Hire Near You - VenueConnect","Find the best mehndi artists in Sector 9, Gandhidham for your event. Browse verified profiles, compare pricing & get WhatsApp leads instantly on VenueConnect.","Top Mehndi Artists in Sector 9, Gandhidham",mehndi artists in Sector 9 Gandhidham,"mehndi artists near Sector 9, mehndi artists Sector 9 Gandhidham, best mehndi artists near Sector 9",Transactional (Hyper-local),Medium
Vendor + City Area,"Photographers in Sector 10, Gandhidham | VenueConnect",/gandhidham/sector-10/vendors/photographers/,"Top Photographers in Sector 10, Gandhidham | Hire Near You - VenueConnect","Find the best photographers in Sector 10, Gandhidham for your event. Browse verified profiles, compare pricing & get WhatsApp leads instantly on VenueConnect.","Top Photographers in Sector 10, Gandhidham",photographers in Sector 10 Gandhidham,"photographers near Sector 10, photographers Sector 10 Gandhidham, best photographers near Sector 10",Transactional (Hyper-local),Medium
Vendor + City Area,"Caterers in Sector 10, Gandhidham | VenueConnect",/gandhidham/sector-10/vendors/caterers/,"Top Caterers in Sector 10, Gandhidham | Hire Near You - VenueConnect","Find the best caterers in Sector 10, Gandhidham for your event. Browse verified profiles, compare pricing & get WhatsApp leads instantly on VenueConnect.","Top Caterers in Sector 10, Gandhidham",caterers in Sector 10 Gandhidham,"caterers near Sector 10, caterers Sector 10 Gandhidham, best caterers near Sector 10",Transactional (Hyper-local),Medium
Vendor + City Area,"Decorators in Sector 10, Gandhidham | VenueConnect",/gandhidham/sector-10/vendors/decorators/,"Top Decorators in Sector 10, Gandhidham | Hire Near You - VenueConnect","Find the best decorators in Sector 10, Gandhidham for your event. Browse verified profiles, compare pricing & get WhatsApp leads instantly on VenueConnect.","Top Decorators in Sector 10, Gandhidham",decorators in Sector 10 Gandhidham,"decorators near Sector 10, decorators Sector 10 Gandhidham, best decorators near Sector 10",Transactional (Hyper-local),Medium
Vendor + City Area,"Mehndi Artists in Sector 10, Gandhidham | VenueConnect",/gandhidham/sector-10/vendors/mehndi-artists/,"Top Mehndi Artists in Sector 10, Gandhidham | Hire Near You - VenueConnect","Find the best mehndi artists in Sector 10, Gandhidham for your event. Browse verified profiles, compare pricing & get WhatsApp leads instantly on VenueConnect.","Top Mehndi Artists in Sector 10, Gandhidham",mehndi artists in Sector 10 Gandhidham,"mehndi artists near Sector 10, mehndi artists Sector 10 Gandhidham, best mehndi artists near Sector 10",Transactional (Hyper-local),Medium
Vendor + City Area,"Photographers in Sector 11, Gandhidham | VenueConnect",/gandhidham/sector-11/vendors/photographers/,"Top Photographers in Sector 11, Gandhidham | Hire Near You - VenueConnect","Find the best photographers in Sector 11, Gandhidham for your event. Browse verified profiles, compare pricing & get WhatsApp leads instantly on VenueConnect.","Top Photographers in Sector 11, Gandhidham",photographers in Sector 11 Gandhidham,"photographers near Sector 11, photographers Sector 11 Gandhidham, best photographers near Sector 11",Transactional (Hyper-local),Medium
Vendor + City Area,"Caterers in Sector 11, Gandhidham | VenueConnect",/gandhidham/sector-11/vendors/caterers/,"Top Caterers in Sector 11, Gandhidham | Hire Near You - VenueConnect","Find the best caterers in Sector 11, Gandhidham for your event. Browse verified profiles, compare pricing & get WhatsApp leads instantly on VenueConnect.","Top Caterers in Sector 11, Gandhidham",caterers in Sector 11 Gandhidham,"caterers near Sector 11, caterers Sector 11 Gandhidham, best caterers near Sector 11",Transactional (Hyper-local),Medium
Vendor + City Area,"Decorators in Sector 11, Gandhidham | VenueConnect",/gandhidham/sector-11/vendors/decorators/,"Top Decorators in Sector 11, Gandhidham | Hire Near You - VenueConnect","Find the best decorators in Sector 11, Gandhidham for your event. Browse verified profiles, compare pricing & get WhatsApp leads instantly on VenueConnect.","Top Decorators in Sector 11, Gandhidham",decorators in Sector 11 Gandhidham,"decorators near Sector 11, decorators Sector 11 Gandhidham, best decorators near Sector 11",Transactional (Hyper-local),Medium
Vendor + City Area,"Mehndi Artists in Sector 11, Gandhidham | VenueConnect",/gandhidham/sector-11/vendors/mehndi-artists/,"Top Mehndi Artists in Sector 11, Gandhidham | Hire Near You - VenueConnect","Find the best mehndi artists in Sector 11, Gandhidham for your event. Browse verified profiles, compare pricing & get WhatsApp leads instantly on VenueConnect.","Top Mehndi Artists in Sector 11, Gandhidham",mehndi artists in Sector 11 Gandhidham,"mehndi artists near Sector 11, mehndi artists Sector 11 Gandhidham, best mehndi artists near Sector 11",Transactional (Hyper-local),Medium
Vendor + City Area,"Photographers in Sector 12, Gandhidham | VenueConnect",/gandhidham/sector-12/vendors/photographers/,"Top Photographers in Sector 12, Gandhidham | Hire Near You - VenueConnect","Find the best photographers in Sector 12, Gandhidham for your event. Browse verified profiles, compare pricing & get WhatsApp leads instantly on VenueConnect.","Top Photographers in Sector 12, Gandhidham",photographers in Sector 12 Gandhidham,"photographers near Sector 12, photographers Sector 12 Gandhidham, best photographers near Sector 12",Transactional (Hyper-local),Medium
Vendor + City Area,"Caterers in Sector 12, Gandhidham | VenueConnect",/gandhidham/sector-12/vendors/caterers/,"Top Caterers in Sector 12, Gandhidham | Hire Near You - VenueConnect","Find the best caterers in Sector 12, Gandhidham for your event. Browse verified profiles, compare pricing & get WhatsApp leads instantly on VenueConnect.","Top Caterers in Sector 12, Gandhidham",caterers in Sector 12 Gandhidham,"caterers near Sector 12, caterers Sector 12 Gandhidham, best caterers near Sector 12",Transactional (Hyper-local),Medium
Vendor + City Area,"Decorators in Sector 12, Gandhidham | VenueConnect",/gandhidham/sector-12/vendors/decorators/,"Top Decorators in Sector 12, Gandhidham | Hire Near You - VenueConnect","Find the best decorators in Sector 12, Gandhidham for your event. Browse verified profiles, compare pricing & get WhatsApp leads instantly on VenueConnect.","Top Decorators in Sector 12, Gandhidham",decorators in Sector 12 Gandhidham,"decorators near Sector 12, decorators Sector 12 Gandhidham, best decorators near Sector 12",Transactional (Hyper-local),Medium
Vendor + City Area,"Mehndi Artists in Sector 12, Gandhidham | VenueConnect",/gandhidham/sector-12/vendors/mehndi-artists/,"Top Mehndi Artists in Sector 12, Gandhidham | Hire Near You - VenueConnect","Find the best mehndi artists in Sector 12, Gandhidham for your event. Browse verified profiles, compare pricing & get WhatsApp leads instantly on VenueConnect.","Top Mehndi Artists in Sector 12, Gandhidham",mehndi artists in Sector 12 Gandhidham,"mehndi artists near Sector 12, mehndi artists Sector 12 Gandhidham, best mehndi artists near Sector 12",Transactional (Hyper-local),Medium
Vendor + City Area,"Photographers in Sector 13, Gandhidham | VenueConnect",/gandhidham/sector-13/vendors/photographers/,"Top Photographers in Sector 13, Gandhidham | Hire Near You - VenueConnect","Find the best photographers in Sector 13, Gandhidham for your event. Browse verified profiles, compare pricing & get WhatsApp leads instantly on VenueConnect.","Top Photographers in Sector 13, Gandhidham",photographers in Sector 13 Gandhidham,"photographers near Sector 13, photographers Sector 13 Gandhidham, best photographers near Sector 13",Transactional (Hyper-local),Medium
Vendor + City Area,"Caterers in Sector 13, Gandhidham | VenueConnect",/gandhidham/sector-13/vendors/caterers/,"Top Caterers in Sector 13, Gandhidham | Hire Near You - VenueConnect","Find the best caterers in Sector 13, Gandhidham for your event. Browse verified profiles, compare pricing & get WhatsApp leads instantly on VenueConnect.","Top Caterers in Sector 13, Gandhidham",caterers in Sector 13 Gandhidham,"caterers near Sector 13, caterers Sector 13 Gandhidham, best caterers near Sector 13",Transactional (Hyper-local),Medium
Vendor + City Area,"Decorators in Sector 13, Gandhidham | VenueConnect",/gandhidham/sector-13/vendors/decorators/,"Top Decorators in Sector 13, Gandhidham | Hire Near You - VenueConnect","Find the best decorators in Sector 13, Gandhidham for your event. Browse verified profiles, compare pricing & get WhatsApp leads instantly on VenueConnect.","Top Decorators in Sector 13, Gandhidham",decorators in Sector 13 Gandhidham,"decorators near Sector 13, decorators Sector 13 Gandhidham, best decorators near Sector 13",Transactional (Hyper-local),Medium
Vendor + City Area,"Mehndi Artists in Sector 13, Gandhidham | VenueConnect",/gandhidham/sector-13/vendors/mehndi-artists/,"Top Mehndi Artists in Sector 13, Gandhidham | Hire Near You - VenueConnect","Find the best mehndi artists in Sector 13, Gandhidham for your event. Browse verified profiles, compare pricing & get WhatsApp leads instantly on VenueConnect.","Top Mehndi Artists in Sector 13, Gandhidham",mehndi artists in Sector 13 Gandhidham,"mehndi artists near Sector 13, mehndi artists Sector 13 Gandhidham, best mehndi artists near Sector 13",Transactional (Hyper-local),Medium
Vendor + City Area,"Photographers in Sector 14, Gandhidham | VenueConnect",/gandhidham/sector-14/vendors/photographers/,"Top Photographers in Sector 14, Gandhidham | Hire Near You - VenueConnect","Find the best photographers in Sector 14, Gandhidham for your event. Browse verified profiles, compare pricing & get WhatsApp leads instantly on VenueConnect.","Top Photographers in Sector 14, Gandhidham",photographers in Sector 14 Gandhidham,"photographers near Sector 14, photographers Sector 14 Gandhidham, best photographers near Sector 14",Transactional (Hyper-local),Medium
Vendor + City Area,"Caterers in Sector 14, Gandhidham | VenueConnect",/gandhidham/sector-14/vendors/caterers/,"Top Caterers in Sector 14, Gandhidham | Hire Near You - VenueConnect","Find the best caterers in Sector 14, Gandhidham for your event. Browse verified profiles, compare pricing & get WhatsApp leads instantly on VenueConnect.","Top Caterers in Sector 14, Gandhidham",caterers in Sector 14 Gandhidham,"caterers near Sector 14, caterers Sector 14 Gandhidham, best caterers near Sector 14",Transactional (Hyper-local),Medium
Vendor + City Area,"Decorators in Sector 14, Gandhidham | VenueConnect",/gandhidham/sector-14/vendors/decorators/,"Top Decorators in Sector 14, Gandhidham | Hire Near You - VenueConnect","Find the best decorators in Sector 14, Gandhidham for your event. Browse verified profiles, compare pricing & get WhatsApp leads instantly on VenueConnect.","Top Decorators in Sector 14, Gandhidham",decorators in Sector 14 Gandhidham,"decorators near Sector 14, decorators Sector 14 Gandhidham, best decorators near Sector 14",Transactional (Hyper-local),Medium
Vendor + City Area,"Mehndi Artists in Sector 14, Gandhidham | VenueConnect",/gandhidham/sector-14/vendors/mehndi-artists/,"Top Mehndi Artists in Sector 14, Gandhidham | Hire Near You - VenueConnect","Find the best mehndi artists in Sector 14, Gandhidham for your event. Browse verified profiles, compare pricing & get WhatsApp leads instantly on VenueConnect.","Top Mehndi Artists in Sector 14, Gandhidham",mehndi artists in Sector 14 Gandhidham,"mehndi artists near Sector 14, mehndi artists Sector 14 Gandhidham, best mehndi artists near Sector 14",Transactional (Hyper-local),Medium
Vendor + City Area,"Photographers in Adipur, Gandhidham | VenueConnect",/gandhidham/adipur/vendors/photographers/,"Top Photographers in Adipur, Gandhidham | Hire Near You - VenueConnect","Find the best photographers in Adipur, Gandhidham for your event. Browse verified profiles, compare pricing & get WhatsApp leads instantly on VenueConnect.","Top Photographers in Adipur, Gandhidham",photographers in Adipur Gandhidham,"photographers near Adipur, photographers Adipur Gandhidham, best photographers near Adipur",Transactional (Hyper-local),Medium
Vendor + City Area,"Caterers in Adipur, Gandhidham | VenueConnect",/gandhidham/adipur/vendors/caterers/,"Top Caterers in Adipur, Gandhidham | Hire Near You - VenueConnect","Find the best caterers in Adipur, Gandhidham for your event. Browse verified profiles, compare pricing & get WhatsApp leads instantly on VenueConnect.","Top Caterers in Adipur, Gandhidham",caterers in Adipur Gandhidham,"caterers near Adipur, caterers Adipur Gandhidham, best caterers near Adipur",Transactional (Hyper-local),Medium
Vendor + City Area,"Decorators in Adipur, Gandhidham | VenueConnect",/gandhidham/adipur/vendors/decorators/,"Top Decorators in Adipur, Gandhidham | Hire Near You - VenueConnect","Find the best decorators in Adipur, Gandhidham for your event. Browse verified profiles, compare pricing & get WhatsApp leads instantly on VenueConnect.","Top Decorators in Adipur, Gandhidham",decorators in Adipur Gandhidham,"decorators near Adipur, decorators Adipur Gandhidham, best decorators near Adipur",Transactional (Hyper-local),Medium
Vendor + City Area,"Mehndi Artists in Adipur, Gandhidham | VenueConnect",/gandhidham/adipur/vendors/mehndi-artists/,"Top Mehndi Artists in Adipur, Gandhidham | Hire Near You - VenueConnect","Find the best mehndi artists in Adipur, Gandhidham for your event. Browse verified profiles, compare pricing & get WhatsApp leads instantly on VenueConnect.","Top Mehndi Artists in Adipur, Gandhidham",mehndi artists in Adipur Gandhidham,"mehndi artists near Adipur, mehndi artists Adipur Gandhidham, best mehndi artists near Adipur",Transactional (Hyper-local),Medium
Vendor + City Area,"Photographers in Kandla Road, Gandhidham | VenueConnect",/gandhidham/kandla-road/vendors/photographers/,"Top Photographers in Kandla Road, Gandhidham | Hire Near You - VenueConnect","Find the best photographers in Kandla Road, Gandhidham for your event. Browse verified profiles, compare pricing & get WhatsApp leads instantly on VenueConnect.","Top Photographers in Kandla Road, Gandhidham",photographers in Kandla Road Gandhidham,"photographers near Kandla Road, photographers Kandla Road Gandhidham, best photographers near Kandla Road",Transactional (Hyper-local),Medium
Vendor + City Area,"Caterers in Kandla Road, Gandhidham | VenueConnect",/gandhidham/kandla-road/vendors/caterers/,"Top Caterers in Kandla Road, Gandhidham | Hire Near You - VenueConnect","Find the best caterers in Kandla Road, Gandhidham for your event. Browse verified profiles, compare pricing & get WhatsApp leads instantly on VenueConnect.","Top Caterers in Kandla Road, Gandhidham",caterers in Kandla Road Gandhidham,"caterers near Kandla Road, caterers Kandla Road Gandhidham, best caterers near Kandla Road",Transactional (Hyper-local),Medium
Vendor + City Area,"Decorators in Kandla Road, Gandhidham | VenueConnect",/gandhidham/kandla-road/vendors/decorators/,"Top Decorators in Kandla Road, Gandhidham | Hire Near You - VenueConnect","Find the best decorators in Kandla Road, Gandhidham for your event. Browse verified profiles, compare pricing & get WhatsApp leads instantly on VenueConnect.","Top Decorators in Kandla Road, Gandhidham",decorators in Kandla Road Gandhidham,"decorators near Kandla Road, decorators Kandla Road Gandhidham, best decorators near Kandla Road",Transactional (Hyper-local),Medium
Vendor + City Area,"Mehndi Artists in Kandla Road, Gandhidham | VenueConnect",/gandhidham/kandla-road/vendors/mehndi-artists/,"Top Mehndi Artists in Kandla Road, Gandhidham | Hire Near You - VenueConnect","Find the best mehndi artists in Kandla Road, Gandhidham for your event. Browse verified profiles, compare pricing & get WhatsApp leads instantly on VenueConnect.","Top Mehndi Artists in Kandla Road, Gandhidham",mehndi artists in Kandla Road Gandhidham,"mehndi artists near Kandla Road, mehndi artists Kandla Road Gandhidham, best mehndi artists near Kandla Road",Transactional (Hyper-local),Medium
Vendor + City Area,"Photographers in Kutch Industrial Area, Gandhidham | VenueConnect",/gandhidham/kutch-industrial-area/vendors/photographers/,"Top Photographers in Kutch Industrial Area, Gandhidham | Hire Near You - VenueConnect","Find the best photographers in Kutch Industrial Area, Gandhidham for your event. Browse verified profiles, compare pricing & get WhatsApp leads instantly on VenueConnect.","Top Photographers in Kutch Industrial Area, Gandhidham",photographers in Kutch Industrial Area Gandhidham,"photographers near Kutch Industrial Area, photographers Kutch Industrial Area Gandhidham, best photographers near Kutch Industrial Area",Transactional (Hyper-local),Medium
Vendor + City Area,"Caterers in Kutch Industrial Area, Gandhidham | VenueConnect",/gandhidham/kutch-industrial-area/vendors/caterers/,"Top Caterers in Kutch Industrial Area, Gandhidham | Hire Near You - VenueConnect","Find the best caterers in Kutch Industrial Area, Gandhidham for your event. Browse verified profiles, compare pricing & get WhatsApp leads instantly on VenueConnect.","Top Caterers in Kutch Industrial Area, Gandhidham",caterers in Kutch Industrial Area Gandhidham,"caterers near Kutch Industrial Area, caterers Kutch Industrial Area Gandhidham, best caterers near Kutch Industrial Area",Transactional (Hyper-local),Medium
Vendor + City Area,"Decorators in Kutch Industrial Area, Gandhidham | VenueConnect",/gandhidham/kutch-industrial-area/vendors/decorators/,"Top Decorators in Kutch Industrial Area, Gandhidham | Hire Near You - VenueConnect","Find the best decorators in Kutch Industrial Area, Gandhidham for your event. Browse verified profiles, compare pricing & get WhatsApp leads instantly on VenueConnect.","Top Decorators in Kutch Industrial Area, Gandhidham",decorators in Kutch Industrial Area Gandhidham,"decorators near Kutch Industrial Area, decorators Kutch Industrial Area Gandhidham, best decorators near Kutch Industrial Area",Transactional (Hyper-local),Medium
Vendor + City Area,"Mehndi Artists in Kutch Industrial Area, Gandhidham | VenueConnect",/gandhidham/kutch-industrial-area/vendors/mehndi-artists/,"Top Mehndi Artists in Kutch Industrial Area, Gandhidham | Hire Near You - VenueConnect","Find the best mehndi artists in Kutch Industrial Area, Gandhidham for your event. Browse verified profiles, compare pricing & get WhatsApp leads instantly on VenueConnect.","Top Mehndi Artists in Kutch Industrial Area, Gandhidham",mehndi artists in Kutch Industrial Area Gandhidham,"mehndi artists near Kutch Industrial Area, mehndi artists Kutch Industrial Area Gandhidham, best mehndi artists near Kutch Industrial Area",Transactional (Hyper-local),Medium
Vendor + City Area,"Photographers in Bhuj Road, Gandhidham | VenueConnect",/gandhidham/bhuj-road/vendors/photographers/,"Top Photographers in Bhuj Road, Gandhidham | Hire Near You - VenueConnect","Find the best photographers in Bhuj Road, Gandhidham for your event. Browse verified profiles, compare pricing & get WhatsApp leads instantly on VenueConnect.","Top Photographers in Bhuj Road, Gandhidham",photographers in Bhuj Road Gandhidham,"photographers near Bhuj Road, photographers Bhuj Road Gandhidham, best photographers near Bhuj Road",Transactional (Hyper-local),Medium
Vendor + City Area,"Caterers in Bhuj Road, Gandhidham | VenueConnect",/gandhidham/bhuj-road/vendors/caterers/,"Top Caterers in Bhuj Road, Gandhidham | Hire Near You - VenueConnect","Find the best caterers in Bhuj Road, Gandhidham for your event. Browse verified profiles, compare pricing & get WhatsApp leads instantly on VenueConnect.","Top Caterers in Bhuj Road, Gandhidham",caterers in Bhuj Road Gandhidham,"caterers near Bhuj Road, caterers Bhuj Road Gandhidham, best caterers near Bhuj Road",Transactional (Hyper-local),Medium
Vendor + City Area,"Decorators in Bhuj Road, Gandhidham | VenueConnect",/gandhidham/bhuj-road/vendors/decorators/,"Top Decorators in Bhuj Road, Gandhidham | Hire Near You - VenueConnect","Find the best decorators in Bhuj Road, Gandhidham for your event. Browse verified profiles, compare pricing & get WhatsApp leads instantly on VenueConnect.","Top Decorators in Bhuj Road, Gandhidham",decorators in Bhuj Road Gandhidham,"decorators near Bhuj Road, decorators Bhuj Road Gandhidham, best decorators near Bhuj Road",Transactional (Hyper-local),Medium
Vendor + City Area,"Mehndi Artists in Bhuj Road, Gandhidham | VenueConnect",/gandhidham/bhuj-road/vendors/mehndi-artists/,"Top Mehndi Artists in Bhuj Road, Gandhidham | Hire Near You - VenueConnect","Find the best mehndi artists in Bhuj Road, Gandhidham for your event. Browse verified profiles, compare pricing & get WhatsApp leads instantly on VenueConnect.","Top Mehndi Artists in Bhuj Road, Gandhidham",mehndi artists in Bhuj Road Gandhidham,"mehndi artists near Bhuj Road, mehndi artists Bhuj Road Gandhidham, best mehndi artists near Bhuj Road",Transactional (Hyper-local),Medium
Vendor + City Area,"Photographers in Mundra Road, Gandhidham | VenueConnect",/gandhidham/mundra-road/vendors/photographers/,"Top Photographers in Mundra Road, Gandhidham | Hire Near You - VenueConnect","Find the best photographers in Mundra Road, Gandhidham for your event. Browse verified profiles, compare pricing & get WhatsApp leads instantly on VenueConnect.","Top Photographers in Mundra Road, Gandhidham",photographers in Mundra Road Gandhidham,"photographers near Mundra Road, photographers Mundra Road Gandhidham, best photographers near Mundra Road",Transactional (Hyper-local),Medium
Vendor + City Area,"Caterers in Mundra Road, Gandhidham | VenueConnect",/gandhidham/mundra-road/vendors/caterers/,"Top Caterers in Mundra Road, Gandhidham | Hire Near You - VenueConnect","Find the best caterers in Mundra Road, Gandhidham for your event. Browse verified profiles, compare pricing & get WhatsApp leads instantly on VenueConnect.","Top Caterers in Mundra Road, Gandhidham",caterers in Mundra Road Gandhidham,"caterers near Mundra Road, caterers Mundra Road Gandhidham, best caterers near Mundra Road",Transactional (Hyper-local),Medium
Vendor + City Area,"Decorators in Mundra Road, Gandhidham | VenueConnect",/gandhidham/mundra-road/vendors/decorators/,"Top Decorators in Mundra Road, Gandhidham | Hire Near You - VenueConnect","Find the best decorators in Mundra Road, Gandhidham for your event. Browse verified profiles, compare pricing & get WhatsApp leads instantly on VenueConnect.","Top Decorators in Mundra Road, Gandhidham",decorators in Mundra Road Gandhidham,"decorators near Mundra Road, decorators Mundra Road Gandhidham, best decorators near Mundra Road",Transactional (Hyper-local),Medium
Vendor + City Area,"Mehndi Artists in Mundra Road, Gandhidham | VenueConnect",/gandhidham/mundra-road/vendors/mehndi-artists/,"Top Mehndi Artists in Mundra Road, Gandhidham | Hire Near You - VenueConnect","Find the best mehndi artists in Mundra Road, Gandhidham for your event. Browse verified profiles, compare pricing & get WhatsApp leads instantly on VenueConnect.","Top Mehndi Artists in Mundra Road, Gandhidham",mehndi artists in Mundra Road Gandhidham,"mehndi artists near Mundra Road, mehndi artists Mundra Road Gandhidham, best mehndi artists near Mundra Road",Transactional (Hyper-local),Medium
Vendor + City Area,"Photographers in Anjar Road, Gandhidham | VenueConnect",/gandhidham/anjar-road/vendors/photographers/,"Top Photographers in Anjar Road, Gandhidham | Hire Near You - VenueConnect","Find the best photographers in Anjar Road, Gandhidham for your event. Browse verified profiles, compare pricing & get WhatsApp leads instantly on VenueConnect.","Top Photographers in Anjar Road, Gandhidham",photographers in Anjar Road Gandhidham,"photographers near Anjar Road, photographers Anjar Road Gandhidham, best photographers near Anjar Road",Transactional (Hyper-local),Medium
Vendor + City Area,"Caterers in Anjar Road, Gandhidham | VenueConnect",/gandhidham/anjar-road/vendors/caterers/,"Top Caterers in Anjar Road, Gandhidham | Hire Near You - VenueConnect","Find the best caterers in Anjar Road, Gandhidham for your event. Browse verified profiles, compare pricing & get WhatsApp leads instantly on VenueConnect.","Top Caterers in Anjar Road, Gandhidham",caterers in Anjar Road Gandhidham,"caterers near Anjar Road, caterers Anjar Road Gandhidham, best caterers near Anjar Road",Transactional (Hyper-local),Medium
Vendor + City Area,"Decorators in Anjar Road, Gandhidham | VenueConnect",/gandhidham/anjar-road/vendors/decorators/,"Top Decorators in Anjar Road, Gandhidham | Hire Near You - VenueConnect","Find the best decorators in Anjar Road, Gandhidham for your event. Browse verified profiles, compare pricing & get WhatsApp leads instantly on VenueConnect.","Top Decorators in Anjar Road, Gandhidham",decorators in Anjar Road Gandhidham,"decorators near Anjar Road, decorators Anjar Road Gandhidham, best decorators near Anjar Road",Transactional (Hyper-local),Medium
Vendor + City Area,"Mehndi Artists in Anjar Road, Gandhidham | VenueConnect",/gandhidham/anjar-road/vendors/mehndi-artists/,"Top Mehndi Artists in Anjar Road, Gandhidham | Hire Near You - VenueConnect","Find the best mehndi artists in Anjar Road, Gandhidham for your event. Browse verified profiles, compare pricing & get WhatsApp leads instantly on VenueConnect.","Top Mehndi Artists in Anjar Road, Gandhidham",mehndi artists in Anjar Road Gandhidham,"mehndi artists near Anjar Road, mehndi artists Anjar Road Gandhidham, best mehndi artists near Anjar Road",Transactional (Hyper-local),Medium
Vendor + City Area,"Photographers in Kandla Port, Gandhidham | VenueConnect",/gandhidham/kandla-port/vendors/photographers/,"Top Photographers in Kandla Port, Gandhidham | Hire Near You - VenueConnect","Find the best photographers in Kandla Port, Gandhidham for your event. Browse verified profiles, compare pricing & get WhatsApp leads instantly on VenueConnect.","Top Photographers in Kandla Port, Gandhidham",photographers in Kandla Port Gandhidham,"photographers near Kandla Port, photographers Kandla Port Gandhidham, best photographers near Kandla Port",Transactional (Hyper-local),Medium
Vendor + City Area,"Caterers in Kandla Port, Gandhidham | VenueConnect",/gandhidham/kandla-port/vendors/caterers/,"Top Caterers in Kandla Port, Gandhidham | Hire Near You - VenueConnect","Find the best caterers in Kandla Port, Gandhidham for your event. Browse verified profiles, compare pricing & get WhatsApp leads instantly on VenueConnect.","Top Caterers in Kandla Port, Gandhidham",caterers in Kandla Port Gandhidham,"caterers near Kandla Port, caterers Kandla Port Gandhidham, best caterers near Kandla Port",Transactional (Hyper-local),Medium
Vendor + City Area,"Decorators in Kandla Port, Gandhidham | VenueConnect",/gandhidham/kandla-port/vendors/decorators/,"Top Decorators in Kandla Port, Gandhidham | Hire Near You - VenueConnect","Find the best decorators in Kandla Port, Gandhidham for your event. Browse verified profiles, compare pricing & get WhatsApp leads instantly on VenueConnect.","Top Decorators in Kandla Port, Gandhidham",decorators in Kandla Port Gandhidham,"decorators near Kandla Port, decorators Kandla Port Gandhidham, best decorators near Kandla Port",Transactional (Hyper-local),Medium
Vendor + City Area,"Mehndi Artists in Kandla Port, Gandhidham | VenueConnect",/gandhidham/kandla-port/vendors/mehndi-artists/,"Top Mehndi Artists in Kandla Port, Gandhidham | Hire Near You - VenueConnect","Find the best mehndi artists in Kandla Port, Gandhidham for your event. Browse verified profiles, compare pricing & get WhatsApp leads instantly on VenueConnect.","Top Mehndi Artists in Kandla Port, Gandhidham",mehndi artists in Kandla Port Gandhidham,"mehndi artists near Kandla Port, mehndi artists Kandla Port Gandhidham, best mehndi artists near Kandla Port",Transactional (Hyper-local),Medium
Vendor + City Area,"Photographers in Mundra Port Road, Gandhidham | VenueConnect",/gandhidham/mundra-port-road/vendors/photographers/,"Top Photographers in Mundra Port Road, Gandhidham | Hire Near You - VenueConnect","Find the best photographers in Mundra Port Road, Gandhidham for your event. Browse verified profiles, compare pricing & get WhatsApp leads instantly on VenueConnect.","Top Photographers in Mundra Port Road, Gandhidham",photographers in Mundra Port Road Gandhidham,"photographers near Mundra Port Road, photographers Mundra Port Road Gandhidham, best photographers near Mundra Port Road",Transactional (Hyper-local),Medium
Vendor + City Area,"Caterers in Mundra Port Road, Gandhidham | VenueConnect",/gandhidham/mundra-port-road/vendors/caterers/,"Top Caterers in Mundra Port Road, Gandhidham | Hire Near You - VenueConnect","Find the best caterers in Mundra Port Road, Gandhidham for your event. Browse verified profiles, compare pricing & get WhatsApp leads instantly on VenueConnect.","Top Caterers in Mundra Port Road, Gandhidham",caterers in Mundra Port Road Gandhidham,"caterers near Mundra Port Road, caterers Mundra Port Road Gandhidham, best caterers near Mundra Port Road",Transactional (Hyper-local),Medium
Vendor + City Area,"Decorators in Mundra Port Road, Gandhidham | VenueConnect",/gandhidham/mundra-port-road/vendors/decorators/,"Top Decorators in Mundra Port Road, Gandhidham | Hire Near You - VenueConnect","Find the best decorators in Mundra Port Road, Gandhidham for your event. Browse verified profiles, compare pricing & get WhatsApp leads instantly on VenueConnect.","Top Decorators in Mundra Port Road, Gandhidham",decorators in Mundra Port Road Gandhidham,"decorators near Mundra Port Road, decorators Mundra Port Road Gandhidham, best decorators near Mundra Port Road",Transactional (Hyper-local),Medium
Vendor + City Area,"Mehndi Artists in Mundra Port Road, Gandhidham | VenueConnect",/gandhidham/mundra-port-road/vendors/mehndi-artists/,"Top Mehndi Artists in Mundra Port Road, Gandhidham | Hire Near You - VenueConnect","Find the best mehndi artists in Mundra Port Road, Gandhidham for your event. Browse verified profiles, compare pricing & get WhatsApp leads instantly on VenueConnect.","Top Mehndi Artists in Mundra Port Road, Gandhidham",mehndi artists in Mundra Port Road Gandhidham,"mehndi artists near Mundra Port Road, mehndi artists Mundra Port Road Gandhidham, best mehndi artists near Mundra Port Road",Transactional (Hyper-local),Medium
Vendor + City Area,"Photographers in Tuna Road, Gandhidham | VenueConnect",/gandhidham/tuna-road/vendors/photographers/,"Top Photographers in Tuna Road, Gandhidham | Hire Near You - VenueConnect","Find the best photographers in Tuna Road, Gandhidham for your event. Browse verified profiles, compare pricing & get WhatsApp leads instantly on VenueConnect.","Top Photographers in Tuna Road, Gandhidham",photographers in Tuna Road Gandhidham,"photographers near Tuna Road, photographers Tuna Road Gandhidham, best photographers near Tuna Road",Transactional (Hyper-local),Medium
Vendor + City Area,"Caterers in Tuna Road, Gandhidham | VenueConnect",/gandhidham/tuna-road/vendors/caterers/,"Top Caterers in Tuna Road, Gandhidham | Hire Near You - VenueConnect","Find the best caterers in Tuna Road, Gandhidham for your event. Browse verified profiles, compare pricing & get WhatsApp leads instantly on VenueConnect.","Top Caterers in Tuna Road, Gandhidham",caterers in Tuna Road Gandhidham,"caterers near Tuna Road, caterers Tuna Road Gandhidham, best caterers near Tuna Road",Transactional (Hyper-local),Medium
Vendor + City Area,"Decorators in Tuna Road, Gandhidham | VenueConnect",/gandhidham/tuna-road/vendors/decorators/,"Top Decorators in Tuna Road, Gandhidham | Hire Near You - VenueConnect","Find the best decorators in Tuna Road, Gandhidham for your event. Browse verified profiles, compare pricing & get WhatsApp leads instantly on VenueConnect.","Top Decorators in Tuna Road, Gandhidham",decorators in Tuna Road Gandhidham,"decorators near Tuna Road, decorators Tuna Road Gandhidham, best decorators near Tuna Road",Transactional (Hyper-local),Medium
Vendor + City Area,"Mehndi Artists in Tuna Road, Gandhidham | VenueConnect",/gandhidham/tuna-road/vendors/mehndi-artists/,"Top Mehndi Artists in Tuna Road, Gandhidham | Hire Near You - VenueConnect","Find the best mehndi artists in Tuna Road, Gandhidham for your event. Browse verified profiles, compare pricing & get WhatsApp leads instantly on VenueConnect.","Top Mehndi Artists in Tuna Road, Gandhidham",mehndi artists in Tuna Road Gandhidham,"mehndi artists near Tuna Road, mehndi artists Tuna Road Gandhidham, best mehndi artists near Tuna Road",Transactional (Hyper-local),Medium
Vendor + City Area,"Photographers in Samakhiyali, Gandhidham | VenueConnect",/gandhidham/samakhiyali/vendors/photographers/,"Top Photographers in Samakhiyali, Gandhidham | Hire Near You - VenueConnect","Find the best photographers in Samakhiyali, Gandhidham for your event. Browse verified profiles, compare pricing & get WhatsApp leads instantly on VenueConnect.","Top Photographers in Samakhiyali, Gandhidham",photographers in Samakhiyali Gandhidham,"photographers near Samakhiyali, photographers Samakhiyali Gandhidham, best photographers near Samakhiyali",Transactional (Hyper-local),Medium
Vendor + City Area,"Caterers in Samakhiyali, Gandhidham | VenueConnect",/gandhidham/samakhiyali/vendors/caterers/,"Top Caterers in Samakhiyali, Gandhidham | Hire Near You - VenueConnect","Find the best caterers in Samakhiyali, Gandhidham for your event. Browse verified profiles, compare pricing & get WhatsApp leads instantly on VenueConnect.","Top Caterers in Samakhiyali, Gandhidham",caterers in Samakhiyali Gandhidham,"caterers near Samakhiyali, caterers Samakhiyali Gandhidham, best caterers near Samakhiyali",Transactional (Hyper-local),Medium
Vendor + City Area,"Decorators in Samakhiyali, Gandhidham | VenueConnect",/gandhidham/samakhiyali/vendors/decorators/,"Top Decorators in Samakhiyali, Gandhidham | Hire Near You - VenueConnect","Find the best decorators in Samakhiyali, Gandhidham for your event. Browse verified profiles, compare pricing & get WhatsApp leads instantly on VenueConnect.","Top Decorators in Samakhiyali, Gandhidham",decorators in Samakhiyali Gandhidham,"decorators near Samakhiyali, decorators Samakhiyali Gandhidham, best decorators near Samakhiyali",Transactional (Hyper-local),Medium
Vendor + City Area,"Mehndi Artists in Samakhiyali, Gandhidham | VenueConnect",/gandhidham/samakhiyali/vendors/mehndi-artists/,"Top Mehndi Artists in Samakhiyali, Gandhidham | Hire Near You - VenueConnect","Find the best mehndi artists in Samakhiyali, Gandhidham for your event. Browse verified profiles, compare pricing & get WhatsApp leads instantly on VenueConnect.","Top Mehndi Artists in Samakhiyali, Gandhidham",mehndi artists in Samakhiyali Gandhidham,"mehndi artists near Samakhiyali, mehndi artists Samakhiyali Gandhidham, best mehndi artists near Samakhiyali",Transactional (Hyper-local),Medium
Vendor + City Area,"Photographers in Ratnal, Gandhidham | VenueConnect",/gandhidham/ratnal/vendors/photographers/,"Top Photographers in Ratnal, Gandhidham | Hire Near You - VenueConnect","Find the best photographers in Ratnal, Gandhidham for your event. Browse verified profiles, compare pricing & get WhatsApp leads instantly on VenueConnect.","Top Photographers in Ratnal, Gandhidham",photographers in Ratnal Gandhidham,"photographers near Ratnal, photographers Ratnal Gandhidham, best photographers near Ratnal",Transactional (Hyper-local),Medium
Vendor + City Area,"Caterers in Ratnal, Gandhidham | VenueConnect",/gandhidham/ratnal/vendors/caterers/,"Top Caterers in Ratnal, Gandhidham | Hire Near You - VenueConnect","Find the best caterers in Ratnal, Gandhidham for your event. Browse verified profiles, compare pricing & get WhatsApp leads instantly on VenueConnect.","Top Caterers in Ratnal, Gandhidham",caterers in Ratnal Gandhidham,"caterers near Ratnal, caterers Ratnal Gandhidham, best caterers near Ratnal",Transactional (Hyper-local),Medium
Vendor + City Area,"Decorators in Ratnal, Gandhidham | VenueConnect",/gandhidham/ratnal/vendors/decorators/,"Top Decorators in Ratnal, Gandhidham | Hire Near You - VenueConnect","Find the best decorators in Ratnal, Gandhidham for your event. Browse verified profiles, compare pricing & get WhatsApp leads instantly on VenueConnect.","Top Decorators in Ratnal, Gandhidham",decorators in Ratnal Gandhidham,"decorators near Ratnal, decorators Ratnal Gandhidham, best decorators near Ratnal",Transactional (Hyper-local),Medium
Vendor + City Area,"Mehndi Artists in Ratnal, Gandhidham | VenueConnect",/gandhidham/ratnal/vendors/mehndi-artists/,"Top Mehndi Artists in Ratnal, Gandhidham | Hire Near You - VenueConnect","Find the best mehndi artists in Ratnal, Gandhidham for your event. Browse verified profiles, compare pricing & get WhatsApp leads instantly on VenueConnect.","Top Mehndi Artists in Ratnal, Gandhidham",mehndi artists in Ratnal Gandhidham,"mehndi artists near Ratnal, mehndi artists Ratnal Gandhidham, best mehndi artists near Ratnal",Transactional (Hyper-local),Medium
Vendor + City Area,"Photographers in Mirzapar, Gandhidham | VenueConnect",/gandhidham/mirzapar/vendors/photographers/,"Top Photographers in Mirzapar, Gandhidham | Hire Near You - VenueConnect","Find the best photographers in Mirzapar, Gandhidham for your event. Browse verified profiles, compare pricing & get WhatsApp leads instantly on VenueConnect.","Top Photographers in Mirzapar, Gandhidham",photographers in Mirzapar Gandhidham,"photographers near Mirzapar, photographers Mirzapar Gandhidham, best photographers near Mirzapar",Transactional (Hyper-local),Medium
Vendor + City Area,"Caterers in Mirzapar, Gandhidham | VenueConnect",/gandhidham/mirzapar/vendors/caterers/,"Top Caterers in Mirzapar, Gandhidham | Hire Near You - VenueConnect","Find the best caterers in Mirzapar, Gandhidham for your event. Browse verified profiles, compare pricing & get WhatsApp leads instantly on VenueConnect.","Top Caterers in Mirzapar, Gandhidham",caterers in Mirzapar Gandhidham,"caterers near Mirzapar, caterers Mirzapar Gandhidham, best caterers near Mirzapar",Transactional (Hyper-local),Medium
Vendor + City Area,"Decorators in Mirzapar, Gandhidham | VenueConnect",/gandhidham/mirzapar/vendors/decorators/,"Top Decorators in Mirzapar, Gandhidham | Hire Near You - VenueConnect","Find the best decorators in Mirzapar, Gandhidham for your event. Browse verified profiles, compare pricing & get WhatsApp leads instantly on VenueConnect.","Top Decorators in Mirzapar, Gandhidham",decorators in Mirzapar Gandhidham,"decorators near Mirzapar, decorators Mirzapar Gandhidham, best decorators near Mirzapar",Transactional (Hyper-local),Medium
Vendor + City Area,"Mehndi Artists in Mirzapar, Gandhidham | VenueConnect",/gandhidham/mirzapar/vendors/mehndi-artists/,"Top Mehndi Artists in Mirzapar, Gandhidham | Hire Near You - VenueConnect","Find the best mehndi artists in Mirzapar, Gandhidham for your event. Browse verified profiles, compare pricing & get WhatsApp leads instantly on VenueConnect.","Top Mehndi Artists in Mirzapar, Gandhidham",mehndi artists in Mirzapar Gandhidham,"mehndi artists near Mirzapar, mehndi artists Mirzapar Gandhidham, best mehndi artists near Mirzapar",Transactional (Hyper-local),Medium
  VENUE TYPE + CITY AREA PAGES (Hyper-local),,,,,,,,,
Page Type,Page Title,URL Slug,Meta Title,Meta Description,H1 Tag,Target Keyword,Secondary Keywords,Search Intent,Priority
Venue + City Area,"Banquet Halls in Sector 1, Gandhidham | VenueConnect",/gandhidham/sector-1/banquet-halls/,"Best Banquet Halls in Sector 1, Gandhidham | Compare Near You - VenueConnect","Looking for banquet halls in Sector 1, Gandhidham? Browse verified listings with pricing, capacity & photos. Book the perfect venue near Sector 1 on VenueConnect.","Best Banquet Halls in Sector 1, Gandhidham",banquet halls in Sector 1 Gandhidham,"banquet halls near Sector 1, banquet halls Sector 1 Gandhidham, affordable banquet halls near Sector 1",Transactional (Hyper-local),High
Venue + City Area,"Farmhouses in Sector 1, Gandhidham | VenueConnect",/gandhidham/sector-1/farmhouses/,"Best Farmhouses in Sector 1, Gandhidham | Compare Near You - VenueConnect","Looking for farmhouses in Sector 1, Gandhidham? Browse verified listings with pricing, capacity & photos. Book the perfect venue near Sector 1 on VenueConnect.","Best Farmhouses in Sector 1, Gandhidham",farmhouses in Sector 1 Gandhidham,"farmhouses near Sector 1, farmhouses Sector 1 Gandhidham, affordable farmhouses near Sector 1",Transactional (Hyper-local),High
Venue + City Area,"Party Plots in Sector 1, Gandhidham | VenueConnect",/gandhidham/sector-1/party-plots/,"Best Party Plots in Sector 1, Gandhidham | Compare Near You - VenueConnect","Looking for party plots in Sector 1, Gandhidham? Browse verified listings with pricing, capacity & photos. Book the perfect venue near Sector 1 on VenueConnect.","Best Party Plots in Sector 1, Gandhidham",party plots in Sector 1 Gandhidham,"party plots near Sector 1, party plots Sector 1 Gandhidham, affordable party plots near Sector 1",Transactional (Hyper-local),High
Venue + City Area,"Banquet Halls in Sector 2, Gandhidham | VenueConnect",/gandhidham/sector-2/banquet-halls/,"Best Banquet Halls in Sector 2, Gandhidham | Compare Near You - VenueConnect","Looking for banquet halls in Sector 2, Gandhidham? Browse verified listings with pricing, capacity & photos. Book the perfect venue near Sector 2 on VenueConnect.","Best Banquet Halls in Sector 2, Gandhidham",banquet halls in Sector 2 Gandhidham,"banquet halls near Sector 2, banquet halls Sector 2 Gandhidham, affordable banquet halls near Sector 2",Transactional (Hyper-local),High
Venue + City Area,"Farmhouses in Sector 2, Gandhidham | VenueConnect",/gandhidham/sector-2/farmhouses/,"Best Farmhouses in Sector 2, Gandhidham | Compare Near You - VenueConnect","Looking for farmhouses in Sector 2, Gandhidham? Browse verified listings with pricing, capacity & photos. Book the perfect venue near Sector 2 on VenueConnect.","Best Farmhouses in Sector 2, Gandhidham",farmhouses in Sector 2 Gandhidham,"farmhouses near Sector 2, farmhouses Sector 2 Gandhidham, affordable farmhouses near Sector 2",Transactional (Hyper-local),High
Venue + City Area,"Party Plots in Sector 2, Gandhidham | VenueConnect",/gandhidham/sector-2/party-plots/,"Best Party Plots in Sector 2, Gandhidham | Compare Near You - VenueConnect","Looking for party plots in Sector 2, Gandhidham? Browse verified listings with pricing, capacity & photos. Book the perfect venue near Sector 2 on VenueConnect.","Best Party Plots in Sector 2, Gandhidham",party plots in Sector 2 Gandhidham,"party plots near Sector 2, party plots Sector 2 Gandhidham, affordable party plots near Sector 2",Transactional (Hyper-local),High
Venue + City Area,"Banquet Halls in Sector 3, Gandhidham | VenueConnect",/gandhidham/sector-3/banquet-halls/,"Best Banquet Halls in Sector 3, Gandhidham | Compare Near You - VenueConnect","Looking for banquet halls in Sector 3, Gandhidham? Browse verified listings with pricing, capacity & photos. Book the perfect venue near Sector 3 on VenueConnect.","Best Banquet Halls in Sector 3, Gandhidham",banquet halls in Sector 3 Gandhidham,"banquet halls near Sector 3, banquet halls Sector 3 Gandhidham, affordable banquet halls near Sector 3",Transactional (Hyper-local),High
Venue + City Area,"Farmhouses in Sector 3, Gandhidham | VenueConnect",/gandhidham/sector-3/farmhouses/,"Best Farmhouses in Sector 3, Gandhidham | Compare Near You - VenueConnect","Looking for farmhouses in Sector 3, Gandhidham? Browse verified listings with pricing, capacity & photos. Book the perfect venue near Sector 3 on VenueConnect.","Best Farmhouses in Sector 3, Gandhidham",farmhouses in Sector 3 Gandhidham,"farmhouses near Sector 3, farmhouses Sector 3 Gandhidham, affordable farmhouses near Sector 3",Transactional (Hyper-local),High
Venue + City Area,"Party Plots in Sector 3, Gandhidham | VenueConnect",/gandhidham/sector-3/party-plots/,"Best Party Plots in Sector 3, Gandhidham | Compare Near You - VenueConnect","Looking for party plots in Sector 3, Gandhidham? Browse verified listings with pricing, capacity & photos. Book the perfect venue near Sector 3 on VenueConnect.","Best Party Plots in Sector 3, Gandhidham",party plots in Sector 3 Gandhidham,"party plots near Sector 3, party plots Sector 3 Gandhidham, affordable party plots near Sector 3",Transactional (Hyper-local),High
Venue + City Area,"Banquet Halls in Sector 4, Gandhidham | VenueConnect",/gandhidham/sector-4/banquet-halls/,"Best Banquet Halls in Sector 4, Gandhidham | Compare Near You - VenueConnect","Looking for banquet halls in Sector 4, Gandhidham? Browse verified listings with pricing, capacity & photos. Book the perfect venue near Sector 4 on VenueConnect.","Best Banquet Halls in Sector 4, Gandhidham",banquet halls in Sector 4 Gandhidham,"banquet halls near Sector 4, banquet halls Sector 4 Gandhidham, affordable banquet halls near Sector 4",Transactional (Hyper-local),High
Venue + City Area,"Farmhouses in Sector 4, Gandhidham | VenueConnect",/gandhidham/sector-4/farmhouses/,"Best Farmhouses in Sector 4, Gandhidham | Compare Near You - VenueConnect","Looking for farmhouses in Sector 4, Gandhidham? Browse verified listings with pricing, capacity & photos. Book the perfect venue near Sector 4 on VenueConnect.","Best Farmhouses in Sector 4, Gandhidham",farmhouses in Sector 4 Gandhidham,"farmhouses near Sector 4, farmhouses Sector 4 Gandhidham, affordable farmhouses near Sector 4",Transactional (Hyper-local),High
Venue + City Area,"Party Plots in Sector 4, Gandhidham | VenueConnect",/gandhidham/sector-4/party-plots/,"Best Party Plots in Sector 4, Gandhidham | Compare Near You - VenueConnect","Looking for party plots in Sector 4, Gandhidham? Browse verified listings with pricing, capacity & photos. Book the perfect venue near Sector 4 on VenueConnect.","Best Party Plots in Sector 4, Gandhidham",party plots in Sector 4 Gandhidham,"party plots near Sector 4, party plots Sector 4 Gandhidham, affordable party plots near Sector 4",Transactional (Hyper-local),High
Venue + City Area,"Banquet Halls in Sector 5, Gandhidham | VenueConnect",/gandhidham/sector-5/banquet-halls/,"Best Banquet Halls in Sector 5, Gandhidham | Compare Near You - VenueConnect","Looking for banquet halls in Sector 5, Gandhidham? Browse verified listings with pricing, capacity & photos. Book the perfect venue near Sector 5 on VenueConnect.","Best Banquet Halls in Sector 5, Gandhidham",banquet halls in Sector 5 Gandhidham,"banquet halls near Sector 5, banquet halls Sector 5 Gandhidham, affordable banquet halls near Sector 5",Transactional (Hyper-local),High
Venue + City Area,"Farmhouses in Sector 5, Gandhidham | VenueConnect",/gandhidham/sector-5/farmhouses/,"Best Farmhouses in Sector 5, Gandhidham | Compare Near You - VenueConnect","Looking for farmhouses in Sector 5, Gandhidham? Browse verified listings with pricing, capacity & photos. Book the perfect venue near Sector 5 on VenueConnect.","Best Farmhouses in Sector 5, Gandhidham",farmhouses in Sector 5 Gandhidham,"farmhouses near Sector 5, farmhouses Sector 5 Gandhidham, affordable farmhouses near Sector 5",Transactional (Hyper-local),High
Venue + City Area,"Party Plots in Sector 5, Gandhidham | VenueConnect",/gandhidham/sector-5/party-plots/,"Best Party Plots in Sector 5, Gandhidham | Compare Near You - VenueConnect","Looking for party plots in Sector 5, Gandhidham? Browse verified listings with pricing, capacity & photos. Book the perfect venue near Sector 5 on VenueConnect.","Best Party Plots in Sector 5, Gandhidham",party plots in Sector 5 Gandhidham,"party plots near Sector 5, party plots Sector 5 Gandhidham, affordable party plots near Sector 5",Transactional (Hyper-local),High
Venue + City Area,"Banquet Halls in Sector 6, Gandhidham | VenueConnect",/gandhidham/sector-6/banquet-halls/,"Best Banquet Halls in Sector 6, Gandhidham | Compare Near You - VenueConnect","Looking for banquet halls in Sector 6, Gandhidham? Browse verified listings with pricing, capacity & photos. Book the perfect venue near Sector 6 on VenueConnect.","Best Banquet Halls in Sector 6, Gandhidham",banquet halls in Sector 6 Gandhidham,"banquet halls near Sector 6, banquet halls Sector 6 Gandhidham, affordable banquet halls near Sector 6",Transactional (Hyper-local),High
Venue + City Area,"Farmhouses in Sector 6, Gandhidham | VenueConnect",/gandhidham/sector-6/farmhouses/,"Best Farmhouses in Sector 6, Gandhidham | Compare Near You - VenueConnect","Looking for farmhouses in Sector 6, Gandhidham? Browse verified listings with pricing, capacity & photos. Book the perfect venue near Sector 6 on VenueConnect.","Best Farmhouses in Sector 6, Gandhidham",farmhouses in Sector 6 Gandhidham,"farmhouses near Sector 6, farmhouses Sector 6 Gandhidham, affordable farmhouses near Sector 6",Transactional (Hyper-local),High
Venue + City Area,"Party Plots in Sector 6, Gandhidham | VenueConnect",/gandhidham/sector-6/party-plots/,"Best Party Plots in Sector 6, Gandhidham | Compare Near You - VenueConnect","Looking for party plots in Sector 6, Gandhidham? Browse verified listings with pricing, capacity & photos. Book the perfect venue near Sector 6 on VenueConnect.","Best Party Plots in Sector 6, Gandhidham",party plots in Sector 6 Gandhidham,"party plots near Sector 6, party plots Sector 6 Gandhidham, affordable party plots near Sector 6",Transactional (Hyper-local),High
Venue + City Area,"Banquet Halls in Sector 7, Gandhidham | VenueConnect",/gandhidham/sector-7/banquet-halls/,"Best Banquet Halls in Sector 7, Gandhidham | Compare Near You - VenueConnect","Looking for banquet halls in Sector 7, Gandhidham? Browse verified listings with pricing, capacity & photos. Book the perfect venue near Sector 7 on VenueConnect.","Best Banquet Halls in Sector 7, Gandhidham",banquet halls in Sector 7 Gandhidham,"banquet halls near Sector 7, banquet halls Sector 7 Gandhidham, affordable banquet halls near Sector 7",Transactional (Hyper-local),High
Venue + City Area,"Farmhouses in Sector 7, Gandhidham | VenueConnect",/gandhidham/sector-7/farmhouses/,"Best Farmhouses in Sector 7, Gandhidham | Compare Near You - VenueConnect","Looking for farmhouses in Sector 7, Gandhidham? Browse verified listings with pricing, capacity & photos. Book the perfect venue near Sector 7 on VenueConnect.","Best Farmhouses in Sector 7, Gandhidham",farmhouses in Sector 7 Gandhidham,"farmhouses near Sector 7, farmhouses Sector 7 Gandhidham, affordable farmhouses near Sector 7",Transactional (Hyper-local),High
Venue + City Area,"Party Plots in Sector 7, Gandhidham | VenueConnect",/gandhidham/sector-7/party-plots/,"Best Party Plots in Sector 7, Gandhidham | Compare Near You - VenueConnect","Looking for party plots in Sector 7, Gandhidham? Browse verified listings with pricing, capacity & photos. Book the perfect venue near Sector 7 on VenueConnect.","Best Party Plots in Sector 7, Gandhidham",party plots in Sector 7 Gandhidham,"party plots near Sector 7, party plots Sector 7 Gandhidham, affordable party plots near Sector 7",Transactional (Hyper-local),High
Venue + City Area,"Banquet Halls in Sector 8, Gandhidham | VenueConnect",/gandhidham/sector-8/banquet-halls/,"Best Banquet Halls in Sector 8, Gandhidham | Compare Near You - VenueConnect","Looking for banquet halls in Sector 8, Gandhidham? Browse verified listings with pricing, capacity & photos. Book the perfect venue near Sector 8 on VenueConnect.","Best Banquet Halls in Sector 8, Gandhidham",banquet halls in Sector 8 Gandhidham,"banquet halls near Sector 8, banquet halls Sector 8 Gandhidham, affordable banquet halls near Sector 8",Transactional (Hyper-local),High
Venue + City Area,"Farmhouses in Sector 8, Gandhidham | VenueConnect",/gandhidham/sector-8/farmhouses/,"Best Farmhouses in Sector 8, Gandhidham | Compare Near You - VenueConnect","Looking for farmhouses in Sector 8, Gandhidham? Browse verified listings with pricing, capacity & photos. Book the perfect venue near Sector 8 on VenueConnect.","Best Farmhouses in Sector 8, Gandhidham",farmhouses in Sector 8 Gandhidham,"farmhouses near Sector 8, farmhouses Sector 8 Gandhidham, affordable farmhouses near Sector 8",Transactional (Hyper-local),High
Venue + City Area,"Party Plots in Sector 8, Gandhidham | VenueConnect",/gandhidham/sector-8/party-plots/,"Best Party Plots in Sector 8, Gandhidham | Compare Near You - VenueConnect","Looking for party plots in Sector 8, Gandhidham? Browse verified listings with pricing, capacity & photos. Book the perfect venue near Sector 8 on VenueConnect.","Best Party Plots in Sector 8, Gandhidham",party plots in Sector 8 Gandhidham,"party plots near Sector 8, party plots Sector 8 Gandhidham, affordable party plots near Sector 8",Transactional (Hyper-local),High
Venue + City Area,"Banquet Halls in Sector 9, Gandhidham | VenueConnect",/gandhidham/sector-9/banquet-halls/,"Best Banquet Halls in Sector 9, Gandhidham | Compare Near You - VenueConnect","Looking for banquet halls in Sector 9, Gandhidham? Browse verified listings with pricing, capacity & photos. Book the perfect venue near Sector 9 on VenueConnect.","Best Banquet Halls in Sector 9, Gandhidham",banquet halls in Sector 9 Gandhidham,"banquet halls near Sector 9, banquet halls Sector 9 Gandhidham, affordable banquet halls near Sector 9",Transactional (Hyper-local),High
Venue + City Area,"Farmhouses in Sector 9, Gandhidham | VenueConnect",/gandhidham/sector-9/farmhouses/,"Best Farmhouses in Sector 9, Gandhidham | Compare Near You - VenueConnect","Looking for farmhouses in Sector 9, Gandhidham? Browse verified listings with pricing, capacity & photos. Book the perfect venue near Sector 9 on VenueConnect.","Best Farmhouses in Sector 9, Gandhidham",farmhouses in Sector 9 Gandhidham,"farmhouses near Sector 9, farmhouses Sector 9 Gandhidham, affordable farmhouses near Sector 9",Transactional (Hyper-local),High
Venue + City Area,"Party Plots in Sector 9, Gandhidham | VenueConnect",/gandhidham/sector-9/party-plots/,"Best Party Plots in Sector 9, Gandhidham | Compare Near You - VenueConnect","Looking for party plots in Sector 9, Gandhidham? Browse verified listings with pricing, capacity & photos. Book the perfect venue near Sector 9 on VenueConnect.","Best Party Plots in Sector 9, Gandhidham",party plots in Sector 9 Gandhidham,"party plots near Sector 9, party plots Sector 9 Gandhidham, affordable party plots near Sector 9",Transactional (Hyper-local),High
Venue + City Area,"Banquet Halls in Sector 10, Gandhidham | VenueConnect",/gandhidham/sector-10/banquet-halls/,"Best Banquet Halls in Sector 10, Gandhidham | Compare Near You - VenueConnect","Looking for banquet halls in Sector 10, Gandhidham? Browse verified listings with pricing, capacity & photos. Book the perfect venue near Sector 10 on VenueConnect.","Best Banquet Halls in Sector 10, Gandhidham",banquet halls in Sector 10 Gandhidham,"banquet halls near Sector 10, banquet halls Sector 10 Gandhidham, affordable banquet halls near Sector 10",Transactional (Hyper-local),High
Venue + City Area,"Farmhouses in Sector 10, Gandhidham | VenueConnect",/gandhidham/sector-10/farmhouses/,"Best Farmhouses in Sector 10, Gandhidham | Compare Near You - VenueConnect","Looking for farmhouses in Sector 10, Gandhidham? Browse verified listings with pricing, capacity & photos. Book the perfect venue near Sector 10 on VenueConnect.","Best Farmhouses in Sector 10, Gandhidham",farmhouses in Sector 10 Gandhidham,"farmhouses near Sector 10, farmhouses Sector 10 Gandhidham, affordable farmhouses near Sector 10",Transactional (Hyper-local),High
Venue + City Area,"Party Plots in Sector 10, Gandhidham | VenueConnect",/gandhidham/sector-10/party-plots/,"Best Party Plots in Sector 10, Gandhidham | Compare Near You - VenueConnect","Looking for party plots in Sector 10, Gandhidham? Browse verified listings with pricing, capacity & photos. Book the perfect venue near Sector 10 on VenueConnect.","Best Party Plots in Sector 10, Gandhidham",party plots in Sector 10 Gandhidham,"party plots near Sector 10, party plots Sector 10 Gandhidham, affordable party plots near Sector 10",Transactional (Hyper-local),High
Venue + City Area,"Banquet Halls in Sector 11, Gandhidham | VenueConnect",/gandhidham/sector-11/banquet-halls/,"Best Banquet Halls in Sector 11, Gandhidham | Compare Near You - VenueConnect","Looking for banquet halls in Sector 11, Gandhidham? Browse verified listings with pricing, capacity & photos. Book the perfect venue near Sector 11 on VenueConnect.","Best Banquet Halls in Sector 11, Gandhidham",banquet halls in Sector 11 Gandhidham,"banquet halls near Sector 11, banquet halls Sector 11 Gandhidham, affordable banquet halls near Sector 11",Transactional (Hyper-local),High
Venue + City Area,"Farmhouses in Sector 11, Gandhidham | VenueConnect",/gandhidham/sector-11/farmhouses/,"Best Farmhouses in Sector 11, Gandhidham | Compare Near You - VenueConnect","Looking for farmhouses in Sector 11, Gandhidham? Browse verified listings with pricing, capacity & photos. Book the perfect venue near Sector 11 on VenueConnect.","Best Farmhouses in Sector 11, Gandhidham",farmhouses in Sector 11 Gandhidham,"farmhouses near Sector 11, farmhouses Sector 11 Gandhidham, affordable farmhouses near Sector 11",Transactional (Hyper-local),High
Venue + City Area,"Party Plots in Sector 11, Gandhidham | VenueConnect",/gandhidham/sector-11/party-plots/,"Best Party Plots in Sector 11, Gandhidham | Compare Near You - VenueConnect","Looking for party plots in Sector 11, Gandhidham? Browse verified listings with pricing, capacity & photos. Book the perfect venue near Sector 11 on VenueConnect.","Best Party Plots in Sector 11, Gandhidham",party plots in Sector 11 Gandhidham,"party plots near Sector 11, party plots Sector 11 Gandhidham, affordable party plots near Sector 11",Transactional (Hyper-local),High
Venue + City Area,"Banquet Halls in Sector 12, Gandhidham | VenueConnect",/gandhidham/sector-12/banquet-halls/,"Best Banquet Halls in Sector 12, Gandhidham | Compare Near You - VenueConnect","Looking for banquet halls in Sector 12, Gandhidham? Browse verified listings with pricing, capacity & photos. Book the perfect venue near Sector 12 on VenueConnect.","Best Banquet Halls in Sector 12, Gandhidham",banquet halls in Sector 12 Gandhidham,"banquet halls near Sector 12, banquet halls Sector 12 Gandhidham, affordable banquet halls near Sector 12",Transactional (Hyper-local),High
Venue + City Area,"Farmhouses in Sector 12, Gandhidham | VenueConnect",/gandhidham/sector-12/farmhouses/,"Best Farmhouses in Sector 12, Gandhidham | Compare Near You - VenueConnect","Looking for farmhouses in Sector 12, Gandhidham? Browse verified listings with pricing, capacity & photos. Book the perfect venue near Sector 12 on VenueConnect.","Best Farmhouses in Sector 12, Gandhidham",farmhouses in Sector 12 Gandhidham,"farmhouses near Sector 12, farmhouses Sector 12 Gandhidham, affordable farmhouses near Sector 12",Transactional (Hyper-local),High
Venue + City Area,"Party Plots in Sector 12, Gandhidham | VenueConnect",/gandhidham/sector-12/party-plots/,"Best Party Plots in Sector 12, Gandhidham | Compare Near You - VenueConnect","Looking for party plots in Sector 12, Gandhidham? Browse verified listings with pricing, capacity & photos. Book the perfect venue near Sector 12 on VenueConnect.","Best Party Plots in Sector 12, Gandhidham",party plots in Sector 12 Gandhidham,"party plots near Sector 12, party plots Sector 12 Gandhidham, affordable party plots near Sector 12",Transactional (Hyper-local),High
Venue + City Area,"Banquet Halls in Sector 13, Gandhidham | VenueConnect",/gandhidham/sector-13/banquet-halls/,"Best Banquet Halls in Sector 13, Gandhidham | Compare Near You - VenueConnect","Looking for banquet halls in Sector 13, Gandhidham? Browse verified listings with pricing, capacity & photos. Book the perfect venue near Sector 13 on VenueConnect.","Best Banquet Halls in Sector 13, Gandhidham",banquet halls in Sector 13 Gandhidham,"banquet halls near Sector 13, banquet halls Sector 13 Gandhidham, affordable banquet halls near Sector 13",Transactional (Hyper-local),High
Venue + City Area,"Farmhouses in Sector 13, Gandhidham | VenueConnect",/gandhidham/sector-13/farmhouses/,"Best Farmhouses in Sector 13, Gandhidham | Compare Near You - VenueConnect","Looking for farmhouses in Sector 13, Gandhidham? Browse verified listings with pricing, capacity & photos. Book the perfect venue near Sector 13 on VenueConnect.","Best Farmhouses in Sector 13, Gandhidham",farmhouses in Sector 13 Gandhidham,"farmhouses near Sector 13, farmhouses Sector 13 Gandhidham, affordable farmhouses near Sector 13",Transactional (Hyper-local),High
Venue + City Area,"Party Plots in Sector 13, Gandhidham | VenueConnect",/gandhidham/sector-13/party-plots/,"Best Party Plots in Sector 13, Gandhidham | Compare Near You - VenueConnect","Looking for party plots in Sector 13, Gandhidham? Browse verified listings with pricing, capacity & photos. Book the perfect venue near Sector 13 on VenueConnect.","Best Party Plots in Sector 13, Gandhidham",party plots in Sector 13 Gandhidham,"party plots near Sector 13, party plots Sector 13 Gandhidham, affordable party plots near Sector 13",Transactional (Hyper-local),High
Venue + City Area,"Banquet Halls in Sector 14, Gandhidham | VenueConnect",/gandhidham/sector-14/banquet-halls/,"Best Banquet Halls in Sector 14, Gandhidham | Compare Near You - VenueConnect","Looking for banquet halls in Sector 14, Gandhidham? Browse verified listings with pricing, capacity & photos. Book the perfect venue near Sector 14 on VenueConnect.","Best Banquet Halls in Sector 14, Gandhidham",banquet halls in Sector 14 Gandhidham,"banquet halls near Sector 14, banquet halls Sector 14 Gandhidham, affordable banquet halls near Sector 14",Transactional (Hyper-local),High
Venue + City Area,"Farmhouses in Sector 14, Gandhidham | VenueConnect",/gandhidham/sector-14/farmhouses/,"Best Farmhouses in Sector 14, Gandhidham | Compare Near You - VenueConnect","Looking for farmhouses in Sector 14, Gandhidham? Browse verified listings with pricing, capacity & photos. Book the perfect venue near Sector 14 on VenueConnect.","Best Farmhouses in Sector 14, Gandhidham",farmhouses in Sector 14 Gandhidham,"farmhouses near Sector 14, farmhouses Sector 14 Gandhidham, affordable farmhouses near Sector 14",Transactional (Hyper-local),High
Venue + City Area,"Party Plots in Sector 14, Gandhidham | VenueConnect",/gandhidham/sector-14/party-plots/,"Best Party Plots in Sector 14, Gandhidham | Compare Near You - VenueConnect","Looking for party plots in Sector 14, Gandhidham? Browse verified listings with pricing, capacity & photos. Book the perfect venue near Sector 14 on VenueConnect.","Best Party Plots in Sector 14, Gandhidham",party plots in Sector 14 Gandhidham,"party plots near Sector 14, party plots Sector 14 Gandhidham, affordable party plots near Sector 14",Transactional (Hyper-local),High
Venue + City Area,"Banquet Halls in Adipur, Gandhidham | VenueConnect",/gandhidham/adipur/banquet-halls/,"Best Banquet Halls in Adipur, Gandhidham | Compare Near You - VenueConnect","Looking for banquet halls in Adipur, Gandhidham? Browse verified listings with pricing, capacity & photos. Book the perfect venue near Adipur on VenueConnect.","Best Banquet Halls in Adipur, Gandhidham",banquet halls in Adipur Gandhidham,"banquet halls near Adipur, banquet halls Adipur Gandhidham, affordable banquet halls near Adipur",Transactional (Hyper-local),High
Venue + City Area,"Farmhouses in Adipur, Gandhidham | VenueConnect",/gandhidham/adipur/farmhouses/,"Best Farmhouses in Adipur, Gandhidham | Compare Near You - VenueConnect","Looking for farmhouses in Adipur, Gandhidham? Browse verified listings with pricing, capacity & photos. Book the perfect venue near Adipur on VenueConnect.","Best Farmhouses in Adipur, Gandhidham",farmhouses in Adipur Gandhidham,"farmhouses near Adipur, farmhouses Adipur Gandhidham, affordable farmhouses near Adipur",Transactional (Hyper-local),High
Venue + City Area,"Party Plots in Adipur, Gandhidham | VenueConnect",/gandhidham/adipur/party-plots/,"Best Party Plots in Adipur, Gandhidham | Compare Near You - VenueConnect","Looking for party plots in Adipur, Gandhidham? Browse verified listings with pricing, capacity & photos. Book the perfect venue near Adipur on VenueConnect.","Best Party Plots in Adipur, Gandhidham",party plots in Adipur Gandhidham,"party plots near Adipur, party plots Adipur Gandhidham, affordable party plots near Adipur",Transactional (Hyper-local),High
Venue + City Area,"Banquet Halls in Kandla Road, Gandhidham | VenueConnect",/gandhidham/kandla-road/banquet-halls/,"Best Banquet Halls in Kandla Road, Gandhidham | Compare Near You - VenueConnect","Looking for banquet halls in Kandla Road, Gandhidham? Browse verified listings with pricing, capacity & photos. Book the perfect venue near Kandla Road on VenueConnect.","Best Banquet Halls in Kandla Road, Gandhidham",banquet halls in Kandla Road Gandhidham,"banquet halls near Kandla Road, banquet halls Kandla Road Gandhidham, affordable banquet halls near Kandla Road",Transactional (Hyper-local),High
Venue + City Area,"Farmhouses in Kandla Road, Gandhidham | VenueConnect",/gandhidham/kandla-road/farmhouses/,"Best Farmhouses in Kandla Road, Gandhidham | Compare Near You - VenueConnect","Looking for farmhouses in Kandla Road, Gandhidham? Browse verified listings with pricing, capacity & photos. Book the perfect venue near Kandla Road on VenueConnect.","Best Farmhouses in Kandla Road, Gandhidham",farmhouses in Kandla Road Gandhidham,"farmhouses near Kandla Road, farmhouses Kandla Road Gandhidham, affordable farmhouses near Kandla Road",Transactional (Hyper-local),High
Venue + City Area,"Party Plots in Kandla Road, Gandhidham | VenueConnect",/gandhidham/kandla-road/party-plots/,"Best Party Plots in Kandla Road, Gandhidham | Compare Near You - VenueConnect","Looking for party plots in Kandla Road, Gandhidham? Browse verified listings with pricing, capacity & photos. Book the perfect venue near Kandla Road on VenueConnect.","Best Party Plots in Kandla Road, Gandhidham",party plots in Kandla Road Gandhidham,"party plots near Kandla Road, party plots Kandla Road Gandhidham, affordable party plots near Kandla Road",Transactional (Hyper-local),High
Venue + City Area,"Banquet Halls in Kutch Industrial Area, Gandhidham | VenueConnect",/gandhidham/kutch-industrial-area/banquet-halls/,"Best Banquet Halls in Kutch Industrial Area, Gandhidham | Compare Near You - VenueConnect","Looking for banquet halls in Kutch Industrial Area, Gandhidham? Browse verified listings with pricing, capacity & photos. Book the perfect venue near Kutch Industrial Area on VenueConnect.","Best Banquet Halls in Kutch Industrial Area, Gandhidham",banquet halls in Kutch Industrial Area Gandhidham,"banquet halls near Kutch Industrial Area, banquet halls Kutch Industrial Area Gandhidham, affordable banquet halls near Kutch Industrial Area",Transactional (Hyper-local),High
Venue + City Area,"Farmhouses in Kutch Industrial Area, Gandhidham | VenueConnect",/gandhidham/kutch-industrial-area/farmhouses/,"Best Farmhouses in Kutch Industrial Area, Gandhidham | Compare Near You - VenueConnect","Looking for farmhouses in Kutch Industrial Area, Gandhidham? Browse verified listings with pricing, capacity & photos. Book the perfect venue near Kutch Industrial Area on VenueConnect.","Best Farmhouses in Kutch Industrial Area, Gandhidham",farmhouses in Kutch Industrial Area Gandhidham,"farmhouses near Kutch Industrial Area, farmhouses Kutch Industrial Area Gandhidham, affordable farmhouses near Kutch Industrial Area",Transactional (Hyper-local),High
Venue + City Area,"Party Plots in Kutch Industrial Area, Gandhidham | VenueConnect",/gandhidham/kutch-industrial-area/party-plots/,"Best Party Plots in Kutch Industrial Area, Gandhidham | Compare Near You - VenueConnect","Looking for party plots in Kutch Industrial Area, Gandhidham? Browse verified listings with pricing, capacity & photos. Book the perfect venue near Kutch Industrial Area on VenueConnect.","Best Party Plots in Kutch Industrial Area, Gandhidham",party plots in Kutch Industrial Area Gandhidham,"party plots near Kutch Industrial Area, party plots Kutch Industrial Area Gandhidham, affordable party plots near Kutch Industrial Area",Transactional (Hyper-local),High
Venue + City Area,"Banquet Halls in Bhuj Road, Gandhidham | VenueConnect",/gandhidham/bhuj-road/banquet-halls/,"Best Banquet Halls in Bhuj Road, Gandhidham | Compare Near You - VenueConnect","Looking for banquet halls in Bhuj Road, Gandhidham? Browse verified listings with pricing, capacity & photos. Book the perfect venue near Bhuj Road on VenueConnect.","Best Banquet Halls in Bhuj Road, Gandhidham",banquet halls in Bhuj Road Gandhidham,"banquet halls near Bhuj Road, banquet halls Bhuj Road Gandhidham, affordable banquet halls near Bhuj Road",Transactional (Hyper-local),High
Venue + City Area,"Farmhouses in Bhuj Road, Gandhidham | VenueConnect",/gandhidham/bhuj-road/farmhouses/,"Best Farmhouses in Bhuj Road, Gandhidham | Compare Near You - VenueConnect","Looking for farmhouses in Bhuj Road, Gandhidham? Browse verified listings with pricing, capacity & photos. Book the perfect venue near Bhuj Road on VenueConnect.","Best Farmhouses in Bhuj Road, Gandhidham",farmhouses in Bhuj Road Gandhidham,"farmhouses near Bhuj Road, farmhouses Bhuj Road Gandhidham, affordable farmhouses near Bhuj Road",Transactional (Hyper-local),High
Venue + City Area,"Party Plots in Bhuj Road, Gandhidham | VenueConnect",/gandhidham/bhuj-road/party-plots/,"Best Party Plots in Bhuj Road, Gandhidham | Compare Near You - VenueConnect","Looking for party plots in Bhuj Road, Gandhidham? Browse verified listings with pricing, capacity & photos. Book the perfect venue near Bhuj Road on VenueConnect.","Best Party Plots in Bhuj Road, Gandhidham",party plots in Bhuj Road Gandhidham,"party plots near Bhuj Road, party plots Bhuj Road Gandhidham, affordable party plots near Bhuj Road",Transactional (Hyper-local),High
Venue + City Area,"Banquet Halls in Mundra Road, Gandhidham | VenueConnect",/gandhidham/mundra-road/banquet-halls/,"Best Banquet Halls in Mundra Road, Gandhidham | Compare Near You - VenueConnect","Looking for banquet halls in Mundra Road, Gandhidham? Browse verified listings with pricing, capacity & photos. Book the perfect venue near Mundra Road on VenueConnect.","Best Banquet Halls in Mundra Road, Gandhidham",banquet halls in Mundra Road Gandhidham,"banquet halls near Mundra Road, banquet halls Mundra Road Gandhidham, affordable banquet halls near Mundra Road",Transactional (Hyper-local),High
Venue + City Area,"Farmhouses in Mundra Road, Gandhidham | VenueConnect",/gandhidham/mundra-road/farmhouses/,"Best Farmhouses in Mundra Road, Gandhidham | Compare Near You - VenueConnect","Looking for farmhouses in Mundra Road, Gandhidham? Browse verified listings with pricing, capacity & photos. Book the perfect venue near Mundra Road on VenueConnect.","Best Farmhouses in Mundra Road, Gandhidham",farmhouses in Mundra Road Gandhidham,"farmhouses near Mundra Road, farmhouses Mundra Road Gandhidham, affordable farmhouses near Mundra Road",Transactional (Hyper-local),High
Venue + City Area,"Party Plots in Mundra Road, Gandhidham | VenueConnect",/gandhidham/mundra-road/party-plots/,"Best Party Plots in Mundra Road, Gandhidham | Compare Near You - VenueConnect","Looking for party plots in Mundra Road, Gandhidham? Browse verified listings with pricing, capacity & photos. Book the perfect venue near Mundra Road on VenueConnect.","Best Party Plots in Mundra Road, Gandhidham",party plots in Mundra Road Gandhidham,"party plots near Mundra Road, party plots Mundra Road Gandhidham, affordable party plots near Mundra Road",Transactional (Hyper-local),High
Venue + City Area,"Banquet Halls in Anjar Road, Gandhidham | VenueConnect",/gandhidham/anjar-road/banquet-halls/,"Best Banquet Halls in Anjar Road, Gandhidham | Compare Near You - VenueConnect","Looking for banquet halls in Anjar Road, Gandhidham? Browse verified listings with pricing, capacity & photos. Book the perfect venue near Anjar Road on VenueConnect.","Best Banquet Halls in Anjar Road, Gandhidham",banquet halls in Anjar Road Gandhidham,"banquet halls near Anjar Road, banquet halls Anjar Road Gandhidham, affordable banquet halls near Anjar Road",Transactional (Hyper-local),High
Venue + City Area,"Farmhouses in Anjar Road, Gandhidham | VenueConnect",/gandhidham/anjar-road/farmhouses/,"Best Farmhouses in Anjar Road, Gandhidham | Compare Near You - VenueConnect","Looking for farmhouses in Anjar Road, Gandhidham? Browse verified listings with pricing, capacity & photos. Book the perfect venue near Anjar Road on VenueConnect.","Best Farmhouses in Anjar Road, Gandhidham",farmhouses in Anjar Road Gandhidham,"farmhouses near Anjar Road, farmhouses Anjar Road Gandhidham, affordable farmhouses near Anjar Road",Transactional (Hyper-local),High
Venue + City Area,"Party Plots in Anjar Road, Gandhidham | VenueConnect",/gandhidham/anjar-road/party-plots/,"Best Party Plots in Anjar Road, Gandhidham | Compare Near You - VenueConnect","Looking for party plots in Anjar Road, Gandhidham? Browse verified listings with pricing, capacity & photos. Book the perfect venue near Anjar Road on VenueConnect.","Best Party Plots in Anjar Road, Gandhidham",party plots in Anjar Road Gandhidham,"party plots near Anjar Road, party plots Anjar Road Gandhidham, affordable party plots near Anjar Road",Transactional (Hyper-local),High
Venue + City Area,"Banquet Halls in Kandla Port, Gandhidham | VenueConnect",/gandhidham/kandla-port/banquet-halls/,"Best Banquet Halls in Kandla Port, Gandhidham | Compare Near You - VenueConnect","Looking for banquet halls in Kandla Port, Gandhidham? Browse verified listings with pricing, capacity & photos. Book the perfect venue near Kandla Port on VenueConnect.","Best Banquet Halls in Kandla Port, Gandhidham",banquet halls in Kandla Port Gandhidham,"banquet halls near Kandla Port, banquet halls Kandla Port Gandhidham, affordable banquet halls near Kandla Port",Transactional (Hyper-local),High
Venue + City Area,"Farmhouses in Kandla Port, Gandhidham | VenueConnect",/gandhidham/kandla-port/farmhouses/,"Best Farmhouses in Kandla Port, Gandhidham | Compare Near You - VenueConnect","Looking for farmhouses in Kandla Port, Gandhidham? Browse verified listings with pricing, capacity & photos. Book the perfect venue near Kandla Port on VenueConnect.","Best Farmhouses in Kandla Port, Gandhidham",farmhouses in Kandla Port Gandhidham,"farmhouses near Kandla Port, farmhouses Kandla Port Gandhidham, affordable farmhouses near Kandla Port",Transactional (Hyper-local),High
Venue + City Area,"Party Plots in Kandla Port, Gandhidham | VenueConnect",/gandhidham/kandla-port/party-plots/,"Best Party Plots in Kandla Port, Gandhidham | Compare Near You - VenueConnect","Looking for party plots in Kandla Port, Gandhidham? Browse verified listings with pricing, capacity & photos. Book the perfect venue near Kandla Port on VenueConnect.","Best Party Plots in Kandla Port, Gandhidham",party plots in Kandla Port Gandhidham,"party plots near Kandla Port, party plots Kandla Port Gandhidham, affordable party plots near Kandla Port",Transactional (Hyper-local),High
Venue + City Area,"Banquet Halls in Mundra Port Road, Gandhidham | VenueConnect",/gandhidham/mundra-port-road/banquet-halls/,"Best Banquet Halls in Mundra Port Road, Gandhidham | Compare Near You - VenueConnect","Looking for banquet halls in Mundra Port Road, Gandhidham? Browse verified listings with pricing, capacity & photos. Book the perfect venue near Mundra Port Road on VenueConnect.","Best Banquet Halls in Mundra Port Road, Gandhidham",banquet halls in Mundra Port Road Gandhidham,"banquet halls near Mundra Port Road, banquet halls Mundra Port Road Gandhidham, affordable banquet halls near Mundra Port Road",Transactional (Hyper-local),High
Venue + City Area,"Farmhouses in Mundra Port Road, Gandhidham | VenueConnect",/gandhidham/mundra-port-road/farmhouses/,"Best Farmhouses in Mundra Port Road, Gandhidham | Compare Near You - VenueConnect","Looking for farmhouses in Mundra Port Road, Gandhidham? Browse verified listings with pricing, capacity & photos. Book the perfect venue near Mundra Port Road on VenueConnect.","Best Farmhouses in Mundra Port Road, Gandhidham",farmhouses in Mundra Port Road Gandhidham,"farmhouses near Mundra Port Road, farmhouses Mundra Port Road Gandhidham, affordable farmhouses near Mundra Port Road",Transactional (Hyper-local),High
Venue + City Area,"Party Plots in Mundra Port Road, Gandhidham | VenueConnect",/gandhidham/mundra-port-road/party-plots/,"Best Party Plots in Mundra Port Road, Gandhidham | Compare Near You - VenueConnect","Looking for party plots in Mundra Port Road, Gandhidham? Browse verified listings with pricing, capacity & photos. Book the perfect venue near Mundra Port Road on VenueConnect.","Best Party Plots in Mundra Port Road, Gandhidham",party plots in Mundra Port Road Gandhidham,"party plots near Mundra Port Road, party plots Mundra Port Road Gandhidham, affordable party plots near Mundra Port Road",Transactional (Hyper-local),High
Venue + City Area,"Banquet Halls in Tuna Road, Gandhidham | VenueConnect",/gandhidham/tuna-road/banquet-halls/,"Best Banquet Halls in Tuna Road, Gandhidham | Compare Near You - VenueConnect","Looking for banquet halls in Tuna Road, Gandhidham? Browse verified listings with pricing, capacity & photos. Book the perfect venue near Tuna Road on VenueConnect.","Best Banquet Halls in Tuna Road, Gandhidham",banquet halls in Tuna Road Gandhidham,"banquet halls near Tuna Road, banquet halls Tuna Road Gandhidham, affordable banquet halls near Tuna Road",Transactional (Hyper-local),High
Venue + City Area,"Farmhouses in Tuna Road, Gandhidham | VenueConnect",/gandhidham/tuna-road/farmhouses/,"Best Farmhouses in Tuna Road, Gandhidham | Compare Near You - VenueConnect","Looking for farmhouses in Tuna Road, Gandhidham? Browse verified listings with pricing, capacity & photos. Book the perfect venue near Tuna Road on VenueConnect.","Best Farmhouses in Tuna Road, Gandhidham",farmhouses in Tuna Road Gandhidham,"farmhouses near Tuna Road, farmhouses Tuna Road Gandhidham, affordable farmhouses near Tuna Road",Transactional (Hyper-local),High
Venue + City Area,"Party Plots in Tuna Road, Gandhidham | VenueConnect",/gandhidham/tuna-road/party-plots/,"Best Party Plots in Tuna Road, Gandhidham | Compare Near You - VenueConnect","Looking for party plots in Tuna Road, Gandhidham? Browse verified listings with pricing, capacity & photos. Book the perfect venue near Tuna Road on VenueConnect.","Best Party Plots in Tuna Road, Gandhidham",party plots in Tuna Road Gandhidham,"party plots near Tuna Road, party plots Tuna Road Gandhidham, affordable party plots near Tuna Road",Transactional (Hyper-local),High
Venue + City Area,"Banquet Halls in Samakhiyali, Gandhidham | VenueConnect",/gandhidham/samakhiyali/banquet-halls/,"Best Banquet Halls in Samakhiyali, Gandhidham | Compare Near You - VenueConnect","Looking for banquet halls in Samakhiyali, Gandhidham? Browse verified listings with pricing, capacity & photos. Book the perfect venue near Samakhiyali on VenueConnect.","Best Banquet Halls in Samakhiyali, Gandhidham",banquet halls in Samakhiyali Gandhidham,"banquet halls near Samakhiyali, banquet halls Samakhiyali Gandhidham, affordable banquet halls near Samakhiyali",Transactional (Hyper-local),High
Venue + City Area,"Farmhouses in Samakhiyali, Gandhidham | VenueConnect",/gandhidham/samakhiyali/farmhouses/,"Best Farmhouses in Samakhiyali, Gandhidham | Compare Near You - VenueConnect","Looking for farmhouses in Samakhiyali, Gandhidham? Browse verified listings with pricing, capacity & photos. Book the perfect venue near Samakhiyali on VenueConnect.","Best Farmhouses in Samakhiyali, Gandhidham",farmhouses in Samakhiyali Gandhidham,"farmhouses near Samakhiyali, farmhouses Samakhiyali Gandhidham, affordable farmhouses near Samakhiyali",Transactional (Hyper-local),High
Venue + City Area,"Party Plots in Samakhiyali, Gandhidham | VenueConnect",/gandhidham/samakhiyali/party-plots/,"Best Party Plots in Samakhiyali, Gandhidham | Compare Near You - VenueConnect","Looking for party plots in Samakhiyali, Gandhidham? Browse verified listings with pricing, capacity & photos. Book the perfect venue near Samakhiyali on VenueConnect.","Best Party Plots in Samakhiyali, Gandhidham",party plots in Samakhiyali Gandhidham,"party plots near Samakhiyali, party plots Samakhiyali Gandhidham, affordable party plots near Samakhiyali",Transactional (Hyper-local),High
Venue + City Area,"Banquet Halls in Ratnal, Gandhidham | VenueConnect",/gandhidham/ratnal/banquet-halls/,"Best Banquet Halls in Ratnal, Gandhidham | Compare Near You - VenueConnect","Looking for banquet halls in Ratnal, Gandhidham? Browse verified listings with pricing, capacity & photos. Book the perfect venue near Ratnal on VenueConnect.","Best Banquet Halls in Ratnal, Gandhidham",banquet halls in Ratnal Gandhidham,"banquet halls near Ratnal, banquet halls Ratnal Gandhidham, affordable banquet halls near Ratnal",Transactional (Hyper-local),High
Venue + City Area,"Farmhouses in Ratnal, Gandhidham | VenueConnect",/gandhidham/ratnal/farmhouses/,"Best Farmhouses in Ratnal, Gandhidham | Compare Near You - VenueConnect","Looking for farmhouses in Ratnal, Gandhidham? Browse verified listings with pricing, capacity & photos. Book the perfect venue near Ratnal on VenueConnect.","Best Farmhouses in Ratnal, Gandhidham",farmhouses in Ratnal Gandhidham,"farmhouses near Ratnal, farmhouses Ratnal Gandhidham, affordable farmhouses near Ratnal",Transactional (Hyper-local),High
Venue + City Area,"Party Plots in Ratnal, Gandhidham | VenueConnect",/gandhidham/ratnal/party-plots/,"Best Party Plots in Ratnal, Gandhidham | Compare Near You - VenueConnect","Looking for party plots in Ratnal, Gandhidham? Browse verified listings with pricing, capacity & photos. Book the perfect venue near Ratnal on VenueConnect.","Best Party Plots in Ratnal, Gandhidham",party plots in Ratnal Gandhidham,"party plots near Ratnal, party plots Ratnal Gandhidham, affordable party plots near Ratnal",Transactional (Hyper-local),High
Venue + City Area,"Banquet Halls in Mirzapar, Gandhidham | VenueConnect",/gandhidham/mirzapar/banquet-halls/,"Best Banquet Halls in Mirzapar, Gandhidham | Compare Near You - VenueConnect","Looking for banquet halls in Mirzapar, Gandhidham? Browse verified listings with pricing, capacity & photos. Book the perfect venue near Mirzapar on VenueConnect.","Best Banquet Halls in Mirzapar, Gandhidham",banquet halls in Mirzapar Gandhidham,"banquet halls near Mirzapar, banquet halls Mirzapar Gandhidham, affordable banquet halls near Mirzapar",Transactional (Hyper-local),High
Venue + City Area,"Farmhouses in Mirzapar, Gandhidham | VenueConnect",/gandhidham/mirzapar/farmhouses/,"Best Farmhouses in Mirzapar, Gandhidham | Compare Near You - VenueConnect","Looking for farmhouses in Mirzapar, Gandhidham? Browse verified listings with pricing, capacity & photos. Book the perfect venue near Mirzapar on VenueConnect.","Best Farmhouses in Mirzapar, Gandhidham",farmhouses in Mirzapar Gandhidham,"farmhouses near Mirzapar, farmhouses Mirzapar Gandhidham, affordable farmhouses near Mirzapar",Transactional (Hyper-local),High
Venue + City Area,"Party Plots in Mirzapar, Gandhidham | VenueConnect",/gandhidham/mirzapar/party-plots/,"Best Party Plots in Mirzapar, Gandhidham | Compare Near You - VenueConnect","Looking for party plots in Mirzapar, Gandhidham? Browse verified listings with pricing, capacity & photos. Book the perfect venue near Mirzapar on VenueConnect.","Best Party Plots in Mirzapar, Gandhidham",party plots in Mirzapar Gandhidham,"party plots near Mirzapar, party plots Mirzapar Gandhidham, affordable party plots near Mirzapar",Transactional (Hyper-local),High
,,,,,,,,,
,,,,,,,,,
,,,,,,,,,
,,,,,,,,,
,,,,,,,,,
,,,,,,,,,
,,,,,,,,,
,,,,,,,,,
,,,,,,,,,
,,,,,,,,,
,,,,,,,,,
,,,,,,,,,
,,,,,,,,,
,,,,,,,,,
,,,,,,,,,
,,,,,,,,,
,,,,,,,,,
,,,,,,,,,
,,,,,,,,,
,,,,,,,,,
,,,,,,,,,
,,,,,,,,,
,,,,,,,,,
,,,,,,,,,
,,,,,,,,,
,,,,,,,,,
,,,,,,,,,
,,,,,,,,,
,,,,,,,,,
,,,,,,,,,
,,,,,,,,,
,,,,,,,,,
,,,,,,,,,
,,,,,,,,,
,,,,,,,,,
,,,,,,,,,
,,,,,,,,,
,,,,,,,,,
,,,,,,,,,
,,,,,,,,,
,,,,,,,,,
,,,,,,,,,
,,,,,,,,,
,,,,,,,,,
,,,,,,,,,
,,,,,,,,,
,,,,,,,,,
,,,,,,,,,
,,,,,,,,,
,,,,,,,,,
,,,,,,,,,
,,,,,,,,,
,,,,,,,,,
,,,,,,,,,
,,,,,,,,,
,,,,,,,,,
,,,,,,,,,
,,,,,,,,,
,,,,,,,,,
,,,,,,,,,
,,,,,,,,,
,,,,,,,,,
,,,,,,,,,
,,,,,,,,,
,,,,,,,,,
,,,,,,,,,
,,,,,,,,,
,,,,,,,,,
,,,,,,,,,
,,,,,,,,,
,,,,,,,,,
,,,,,,,,,
,,,,,,,,,
,,,,,,,,,
,,,,,,,,,
,,,,,,,,,
,,,,,,,,,
,,,,,,,,,
,,,,,,,,,
,,,,,,,,,
,,,,,,,,,
,,,,,,,,,
,,,,,,,,,
,,,,,,,,,
,,,,,,,,,
,,,,,,,,,
,,,,,,,,,
,,,,,,,,,
,,,,,,,,,
,,,,,,,,,
,,,,,,,,,
,,,,,,,,,
,,,,,,,,,
,,,,,,,,,
,,,,,,,,,
,,,,,,,,,
,,,,,,,,,
,,,,,,,,,
,,,,,,,,,
,,,,,,,,,
,,,,,,,,,
,,,,,,,,,
,,,,,,,,,
,,,,,,,,,
,,,,,,,,,
,,,,,,,,,
,,,,,,,,,
,,,,,,,,,
,,,,,,,,,
,,,,,,,,,
,,,,,,,,,
,,,,,,,,,
,,,,,,,,,
,,,,,,,,,
,,,,,,,,,
,,,,,,,,,
,,,,,,,,,
,,,,,,,,,
,,,,,,,,,
,,,,,,,,,
,,,,,,,,,
,,,,,,,,,
,,,,,,,,,
,,,,,,,,,
,,,,,,,,,
,,,,,,,,,
,,,,,,,,,
,,,,,,,,,
,,,,,,,,,
,,,,,,,,,
,,,,,,,,,
,,,,,,,,,
,,,,,,,,,
,,,,,,,,,
,,,,,,,,,
,,,,,,,,,
,,,,,,,,,
,,,,,,,,,
,,,,,,,,,
,,,,,,,,,
,,,,,,,,,
,,,,,,,,,
,,,,,,,,,
,,,,,,,,,
,,,,,,,,,
,,,,,,,,,
,,,,,,,,,
,,,,,,,,,
,,,,,,,,,
,,,,,,,,,
,,,,,,,,,
,,,,,,,,,
,,,,,,,,,
,,,,,,,,,
,,,,,,,,,
,,,,,,,,,
,,,,,,,,,
,,,,,,,,,
,,,,,,,,,
,,,,,,,,,
,,,,,,,,,
,,,,,,,,,
,,,,,,,,,
,,,,,,,,,
,,,,,,,,,
,,,,,,,,,
,,,,,,,,,
,,,,,,,,,
,,,,,,,,,
,,,,,,,,,
,,,,,,,,,
,,,,,,,,,
,,,,,,,,,
,,,,,,,,,
,,,,,,,,,
,,,,,,,,,
,,,,,,,,,
,,,,,,,,,
,,,,,,,,,
,,,,,,,,,
,,,,,,,,,
,,,,,,,,,
,,,,,,,,,
,,,,,,,,,
,,,,,,,,,
,,,,,,,,,
,,,,,,,,,
,,,,,,,,,
,,,,,,,,,
,,,,,,,,,
,,,,,,,,,
,,,,,,,,,
,,,,,,,,,
,,,,,,,,,
,,,,,,,,,
,,,,,,,,,
,,,,,,,,,
,,,,,,,,,
,,,,,,,,,
,,,,,,,,,
,,,,,,,,,
,,,,,,,,,
,,,,,,,,,
,,,,,,,,,
,,,,,,,,,
,,,,,,,,,
,,,,,,,,,
,,,,,,,,,
,,,,,,,,,
,,,,,,,,,
,,,,,,,,,
,,,,,,,,,
,,,,,,,,,
,,,,,,,,,
,,,,,,,,,
,,,,,,,,,
,,,,,,,,,
,,,,,,,,,
,,,,,,,,,
,,,,,,,,,
,,,,,,,,,
,,,,,,,,,
,,,,,,,,,
,,,,,,,,,
,,,,,,,,,
,,,,,,,,,
,,,,,,,,,
,,,,,,,,,
,,,,,,,,,
,,,,,,,,,
,,,,,,,,,
,,,,,,,,,
,,,,,,,,,
,,,,,,,,,
,,,,,,,,,
,,,,,,,,,
,,,,,,,,,
,,,,,,,,,
,,,,,,,,,
,,,,,,,,,
,,,,,,,,,
,,,,,,,,,
,,,,,,,,,
,,,,,,,,,
,,,,,,,,,
,,,,,,,,,
,,,,,,,,,
,,,,,,,,,
,,,,,,,,,
,,,,,,,,,
,,,,,,,,,
,,,,,,,,,
,,,,,,,,,
,,,,,,,,,
,,,,,,,,,
,,,,,,,,,
,,,,,,,,,
,,,,,,,,,
,,,,,,,,,
,,,,,,,,,
,,,,,,,,,
,,,,,,,,,
,,,,,,,,,
,,,,,,,,,
,,,,,,,,,
,,,,,,,,,
,,,,,,,,,
,,,,,,,,,
,,,,,,,,,
,,,,,,,,,
,,,,,,,,,
,,,,,,,,,
,,,,,,,,,
,,,,,,,,,
,,,,,,,,,
,,,,,,,,,
,,,,,,,,,
,,,,,,,,,
,,,,,,,,,
,,,,,,,,,
,,,,,,,,,
,,,,,,,,,
,,,,,,,,,
,,,,,,,,,
,,,,,,,,,
,,,,,,,,,
,,,,,,,,,
,,,,,,,,,
,,,,,,,,,
,,,,,,,,,
,,,,,,,,,
,,,,,,,,,
,,,,,,,,,
,,,,,,,,,
,,,,,,,,,
,,,,,,,,,
,,,,,,,,,
,,,,,,,,,
,,,,,,,,,
,,,,,,,,,
,,,,,,,,,
,,,,,,,,,
,,,,,,,,,
,,,,,,,,,
,,,,,,,,,
,,,,,,,,,
,,,,,,,,,
,,,,,,,,,
,,,,,,,,,
,,,,,,,,,
,,,,,,,,,
,,,,,,,,,
,,,,,,,,,
,,,,,,,,,
,,,,,,,,,
,,,,,,,,,
,,,,,,,,,
,,,,,,,,,
,,,,,,,,,
,,,,,,,,,
,,,,,,,,,
,,,,,,,,,
,,,,,,,,,
,,,,,,,,,
,,,,,,,,,
,,,,,,,,,
,,,,,,,,,
,,,,,,,,,
,,,,,,,,,
,,,,,,,,,
,,,,,,,,,
,,,,,,,,,
,,,,,,,,,
,,,,,,,,,
,,,,,,,,,
,,,,,,,,,
,,,,,,,,,
,,,,,,,,,
,,,,,,,,,
,,,,,,,,,
,,,,,,,,,
,,,,,,,,,
,,,,,,,,,
,,,,,,,,,
,,,,,,,,,
,,,,,,,,,
,,,,,,,,,
,,,,,,,,,
,,,,,,,,,
,,,,,,,,,
,,,,,,,,,
,,,,,,,,,
,,,,,,,,,
,,,,,,,,,
,,,,,,,,,
,,,,,,,,,
,,,,,,,,,
,,,,,,,,,
,,,,,,,,,
,,,,,,,,,
,,,,,,,,,
,,,,,,,,,
,,,,,,,,,
,,,,,,,,,
,,,,,,,,,
,,,,,,,,,
,,,,,,,,,
,,,,,,,,,
,,,,,,,,,
,,,,,,,,,
,,,,,,,,,
,,,,,,,,,
,,,,,,,,,
,,,,,,,,,
,,,,,,,,,
,,,,,,,,,
,,,,,,,,,
,,,,,,,,,
,,,,,,,,,
,,,,,,,,,
,,,,,,,,,
,,,,,,,,,
,,,,,,,,,
,,,,,,,,,
,,,,,,,,,
,,,,,,,,,
,,,,,,,,,
,,,,,,,,,
,,,,,,,,,
,,,,,,,,,
,,,,,,,,,
,,,,,,,,,
,,,,,,,,,
,,,,,,,,,
,,,,,,,,,
,,,,,,,,,
,,,,,,,,,
,,,,,,,,,
,,,,,,,,,
,,,,,,,,,
,,,,,,,,,
,,,,,,,,,
,,,,,,,,,
,,,,,,,,,
,,,,,,,,,
,,,,,,,,,
,,,,,,,,,
,,,,,,,,,
,,,,,,,,,
,,,,,,,,,
,,,,,,,,,
,,,,,,,,,
,,,,,,,,,
,,,,,,,,,
,,,,,,,,,
,,,,,,,,,
,,,,,,,,,
,,,,,,,,,
,,,,,,,,,
,,,,,,,,,
,,,,,,,,,
,,,,,,,,,
,,,,,,,,,
,,,,,,,,,
,,,,,,,,,
,,,,,,,,,
,,,,,,,,,
,,,,,,,,,
,,,,,,,,,
,,,,,,,,,
,,,,,,,,,
,,,,,,,,,
,,,,,,,,,
,,,,,,,,,
,,,,,,,,,
,,,,,,,,,
,,,,,,,,,
,,,,,,,,,
,,,,,,,,,
,,,,,,,,,
,,,,,,,,,
,,,,,,,,,
,,,,,,,,,
,,,,,,,,,
,,,,,,,,,
,,,,,,,,,
,,,,,,,,,
,,,,,,,,,
,,,,,,,,,
,,,,,,,,,
,,,,,,,,,
,,,,,,,,,
,,,,,,,,,
,,,,,,,,,
,,,,,,,,,
,,,,,,,,,
,,,,,,,,,
,,,,,,,,,
,,,,,,,,,
,,,,,,,,,
,,,,,,,,,
,,,,,,,,,
,,,,,,,,,
,,,,,,,,,
,,,,,,,,,
,,,,,,,,,
,,,,,,,,,
,,,,,,,,,
,,,,,,,,,
,,,,,,,,,
,,,,,,,,,
,,,,,,,,,
,,,,,,,,,
,,,,,,,,,
,,,,,,,,,
,,,,,,,,,
,,,,,,,,,
,,,,,,,,,
,,,,,,,,,
,,,,,,,,,
,,,,,,,,,
,,,,,,,,,
,,,,,,,,,
,,,,,,,,,
,,,,,,,,,
,,,,,,,,,
,,,,,,,,,
,,,,,,,,,
,,,,,,,,,
,,,,,,,,,
,,,,,,,,,
,,,,,,,,,
,,,,,,,,,
,,,,,,,,,
,,,,,,,,,
,,,,,,,,,
,,,,,,,,,
,,,,,,,,,
,,,,,,,,,
,,,,,,,,,
,,,,,,,,,
,,,,,,,,,
,,,,,,,,,
,,,,,,,,,
,,,,,,,,,
,,,,,,,,,
,,,,,,,,,
,,,,,,,,,
,,,,,,,,,
,,,,,,,,,
,,,,,,,,,
,,,,,,,,,
,,,,,,,,,
,,,,,,,,,
,,,,,,,,,
,,,,,,,,,
,,,,,,,,,
,,,,,,,,,
,,,,,,,,,
,,,,,,,,,
,,,,,,,,,
,,,,,,,,,
,,,,,,,,,
,,,,,,,,,
,,,,,,,,,
,,,,,,,,,
,,,,,,,,,
,,,,,,,,,
,,,,,,,,,
,,,,,,,,,
,,,,,,,,,
,,,,,,,,,
,,,,,,,,,
,,,,,,,,,
,,,,,,,,,
,,,,,,,,,
,,,,,,,,,
,,,,,,,,,
,,,,,,,,,
,,,,,,,,,
,,,,,,,,,
,,,,,,,,,
,,,,,,,,,
,,,,,,,,,
,,,,,,,,,
,,,,,,,,,
,,,,,,,,,
,,,,,,,,,
,,,,,,,,,
,,,,,,,,,
,,,,,,,,,
,,,,,,,,,
,,,,,,,,,
,,,,,,,,,
,,,,,,,,,
,,,,,,,,,
,,,,,,,,,
,,,,,,,,,
,,,,,,,,,
,,,,,,,,,
,,,,,,,,,
,,,,,,,,,
,,,,,,,,,
,,,,,,,,,
,,,,,,,,,
,,,,,,,,,
,,,,,,,,,
,,,,,,,,,
,,,,,,,,,
,,,,,,,,,
,,,,,,,,,
,,,,,,,,,
,,,,,,,,,
,,,,,,,,,
,,,,,,,,,
,,,,,,,,,
,,,,,,,,,
,,,,,,,,,
,,,,,,,,,
,,,,,,,,,
,,,,,,,,,
,,,,,,,,,
,,,,,,,,,
,,,,,,,,,
,,,,,,,,,
,,,,,,,,,
