VenueConnect — SEO Pages: Junagadh,,,,,,,,,
  EVENT + CITY PAGES,,,,,,,,,
Page Type,Page Title,URL Slug,Meta Title,Meta Description,H1 Tag,Target Keyword,Secondary Keywords,Search Intent,Priority
Event + City,Wedding Venues in Junagadh | VenueConnect,/junagadh/wedding-venues/,Best Wedding Venues in Junagadh | Book & Compare Prices - VenueConnect,"Find the best wedding venues in Junagadh. Compare wedding halls, banquet spaces & party plots. Get free quotes & instant leads. Browse 100+ options on VenueConnect.",Best Wedding Venues in Junagadh,wedding venues in Junagadh,"wedding hall Junagadh, wedding venue booking Junagadh, best wedding venue Junagadh, wedding party venue Junagadh",Navigational / Transactional,High
Event + City,Birthday Party Venues in Junagadh | VenueConnect,/junagadh/birthday-party-venues/,Best Birthday Party Venues in Junagadh | Book & Compare Prices - VenueConnect,"Find the best birthday party venues in Junagadh. Compare birthday party halls, banquet spaces & party plots. Get free quotes & instant leads. Browse 100+ options on VenueConnect.",Best Birthday Party Venues in Junagadh,birthday party venues in Junagadh,"birthday party hall Junagadh, birthday party venue booking Junagadh, best birthday party venue Junagadh, birthday party party venue Junagadh",Navigational / Transactional,High
Event + City,Engagement Venues in Junagadh | VenueConnect,/junagadh/engagement-venues/,Best Engagement Venues in Junagadh | Book & Compare Prices - VenueConnect,"Find the best engagement venues in Junagadh. Compare engagement halls, banquet spaces & party plots. Get free quotes & instant leads. Browse 100+ options on VenueConnect.",Best Engagement Venues in Junagadh,engagement venues in Junagadh,"engagement hall Junagadh, engagement venue booking Junagadh, best engagement venue Junagadh, engagement party venue Junagadh",Navigational / Transactional,High
Event + City,Corporate Event Venues in Junagadh | VenueConnect,/junagadh/corporate-event-venues/,Best Corporate Event Venues in Junagadh | Book & Compare Prices - VenueConnect,"Find the best corporate event venues in Junagadh. Compare corporate event halls, banquet spaces & party plots. Get free quotes & instant leads. Browse 100+ options on VenueConnect.",Best Corporate Event Venues in Junagadh,corporate event venues in Junagadh,"corporate event hall Junagadh, corporate event venue booking Junagadh, best corporate event venue Junagadh, corporate event party venue Junagadh",Navigational / Transactional,High
Event + City,Reception Venues in Junagadh | VenueConnect,/junagadh/reception-venues/,Best Reception Venues in Junagadh | Book & Compare Prices - VenueConnect,"Find the best reception venues in Junagadh. Compare reception halls, banquet spaces & party plots. Get free quotes & instant leads. Browse 100+ options on VenueConnect.",Best Reception Venues in Junagadh,reception venues in Junagadh,"reception hall Junagadh, reception venue booking Junagadh, best reception venue Junagadh, reception party venue Junagadh",Navigational / Transactional,High
Event + City,Sangeet Ceremony Venues in Junagadh | VenueConnect,/junagadh/sangeet-ceremony-venues/,Best Sangeet Ceremony Venues in Junagadh | Book & Compare Prices - VenueConnect,"Find the best sangeet ceremony venues in Junagadh. Compare sangeet ceremony halls, banquet spaces & party plots. Get free quotes & instant leads. Browse 100+ options on VenueConnect.",Best Sangeet Ceremony Venues in Junagadh,sangeet ceremony venues in Junagadh,"sangeet ceremony hall Junagadh, sangeet ceremony venue booking Junagadh, best sangeet ceremony venue Junagadh, sangeet ceremony party venue Junagadh",Navigational / Transactional,High
Event + City,Garba Night Venues in Junagadh | VenueConnect,/junagadh/garba-night-venues/,Best Garba Night Venues in Junagadh | Book & Compare Prices - VenueConnect,"Find the best garba night venues in Junagadh. Compare garba night halls, banquet spaces & party plots. Get free quotes & instant leads. Browse 100+ options on VenueConnect.",Best Garba Night Venues in Junagadh,garba night venues in Junagadh,"garba night hall Junagadh, garba night venue booking Junagadh, best garba night venue Junagadh, garba night party venue Junagadh",Navigational / Transactional,High
Event + City,Pool Party Venues in Junagadh | VenueConnect,/junagadh/pool-party-venues/,Best Pool Party Venues in Junagadh | Book & Compare Prices - VenueConnect,"Find the best pool party venues in Junagadh. Compare pool party halls, banquet spaces & party plots. Get free quotes & instant leads. Browse 100+ options on VenueConnect.",Best Pool Party Venues in Junagadh,pool party venues in Junagadh,"pool party hall Junagadh, pool party venue booking Junagadh, best pool party venue Junagadh, pool party party venue Junagadh",Navigational / Transactional,High
Event + City,Kitty Party Venues in Junagadh | VenueConnect,/junagadh/kitty-party-venues/,Best Kitty Party Venues in Junagadh | Book & Compare Prices - VenueConnect,"Find the best kitty party venues in Junagadh. Compare kitty party halls, banquet spaces & party plots. Get free quotes & instant leads. Browse 100+ options on VenueConnect.",Best Kitty Party Venues in Junagadh,kitty party venues in Junagadh,"kitty party hall Junagadh, kitty party venue booking Junagadh, best kitty party venue Junagadh, kitty party party venue Junagadh",Navigational / Transactional,High
Event + City,Cocktail Party Venues in Junagadh | VenueConnect,/junagadh/cocktail-party-venues/,Best Cocktail Party Venues in Junagadh | Book & Compare Prices - VenueConnect,"Find the best cocktail party venues in Junagadh. Compare cocktail party halls, banquet spaces & party plots. Get free quotes & instant leads. Browse 100+ options on VenueConnect.",Best Cocktail Party Venues in Junagadh,cocktail party venues in Junagadh,"cocktail party hall Junagadh, cocktail party venue booking Junagadh, best cocktail party venue Junagadh, cocktail party party venue Junagadh",Navigational / Transactional,High
Event + City,Baby Shower Venues in Junagadh | VenueConnect,/junagadh/baby-shower-venues/,Best Baby Shower Venues in Junagadh | Book & Compare Prices - VenueConnect,"Find the best baby shower venues in Junagadh. Compare baby shower halls, banquet spaces & party plots. Get free quotes & instant leads. Browse 100+ options on VenueConnect.",Best Baby Shower Venues in Junagadh,baby shower venues in Junagadh,"baby shower hall Junagadh, baby shower venue booking Junagadh, best baby shower venue Junagadh, baby shower party venue Junagadh",Navigational / Transactional,High
Event + City,Anniversary Party Venues in Junagadh | VenueConnect,/junagadh/anniversary-party-venues/,Best Anniversary Party Venues in Junagadh | Book & Compare Prices - VenueConnect,"Find the best anniversary party venues in Junagadh. Compare anniversary party halls, banquet spaces & party plots. Get free quotes & instant leads. Browse 100+ options on VenueConnect.",Best Anniversary Party Venues in Junagadh,anniversary party venues in Junagadh,"anniversary party hall Junagadh, anniversary party venue booking Junagadh, best anniversary party venue Junagadh, anniversary party party venue Junagadh",Navigational / Transactional,High
Event + City,Farewell Party Venues in Junagadh | VenueConnect,/junagadh/farewell-party-venues/,Best Farewell Party Venues in Junagadh | Book & Compare Prices - VenueConnect,"Find the best farewell party venues in Junagadh. Compare farewell party halls, banquet spaces & party plots. Get free quotes & instant leads. Browse 100+ options on VenueConnect.",Best Farewell Party Venues in Junagadh,farewell party venues in Junagadh,"farewell party hall Junagadh, farewell party venue booking Junagadh, best farewell party venue Junagadh, farewell party party venue Junagadh",Navigational / Transactional,High
Event + City,Reunion Party Venues in Junagadh | VenueConnect,/junagadh/reunion-party-venues/,Best Reunion Party Venues in Junagadh | Book & Compare Prices - VenueConnect,"Find the best reunion party venues in Junagadh. Compare reunion party halls, banquet spaces & party plots. Get free quotes & instant leads. Browse 100+ options on VenueConnect.",Best Reunion Party Venues in Junagadh,reunion party venues in Junagadh,"reunion party hall Junagadh, reunion party venue booking Junagadh, best reunion party venue Junagadh, reunion party party venue Junagadh",Navigational / Transactional,High
Event + City,Product Launch Venues in Junagadh | VenueConnect,/junagadh/product-launch-venues/,Best Product Launch Venues in Junagadh | Book & Compare Prices - VenueConnect,"Find the best product launch venues in Junagadh. Compare product launch halls, banquet spaces & party plots. Get free quotes & instant leads. Browse 100+ options on VenueConnect.",Best Product Launch Venues in Junagadh,product launch venues in Junagadh,"product launch hall Junagadh, product launch venue booking Junagadh, best product launch venue Junagadh, product launch party venue Junagadh",Navigational / Transactional,High
Event + City,Conference Venues in Junagadh | VenueConnect,/junagadh/conference-venues/,Best Conference Venues in Junagadh | Book & Compare Prices - VenueConnect,"Find the best conference venues in Junagadh. Compare conference halls, banquet spaces & party plots. Get free quotes & instant leads. Browse 100+ options on VenueConnect.",Best Conference Venues in Junagadh,conference venues in Junagadh,"conference hall Junagadh, conference venue booking Junagadh, best conference venue Junagadh, conference party venue Junagadh",Navigational / Transactional,High
Event + City,Seminar Venues in Junagadh | VenueConnect,/junagadh/seminar-venues/,Best Seminar Venues in Junagadh | Book & Compare Prices - VenueConnect,"Find the best seminar venues in Junagadh. Compare seminar halls, banquet spaces & party plots. Get free quotes & instant leads. Browse 100+ options on VenueConnect.",Best Seminar Venues in Junagadh,seminar venues in Junagadh,"seminar hall Junagadh, seminar venue booking Junagadh, best seminar venue Junagadh, seminar party venue Junagadh",Navigational / Transactional,High
Event + City,Award Ceremony Venues in Junagadh | VenueConnect,/junagadh/award-ceremony-venues/,Best Award Ceremony Venues in Junagadh | Book & Compare Prices - VenueConnect,"Find the best award ceremony venues in Junagadh. Compare award ceremony halls, banquet spaces & party plots. Get free quotes & instant leads. Browse 100+ options on VenueConnect.",Best Award Ceremony Venues in Junagadh,award ceremony venues in Junagadh,"award ceremony hall Junagadh, award ceremony venue booking Junagadh, best award ceremony venue Junagadh, award ceremony party venue Junagadh",Navigational / Transactional,High
Event + City,Walkin Interview Venues in Junagadh | VenueConnect,/junagadh/walkin-interview-venues/,Best Walkin Interview Venues in Junagadh | Book & Compare Prices - VenueConnect,"Find the best walkin interview venues in Junagadh. Compare walkin interview halls, banquet spaces & party plots. Get free quotes & instant leads. Browse 100+ options on VenueConnect.",Best Walkin Interview Venues in Junagadh,walkin interview venues in Junagadh,"walkin interview hall Junagadh, walkin interview venue booking Junagadh, best walkin interview venue Junagadh, walkin interview party venue Junagadh",Navigational / Transactional,High
Event + City,Training Venues in Junagadh | VenueConnect,/junagadh/training-venues/,Best Training Venues in Junagadh | Book & Compare Prices - VenueConnect,"Find the best training venues in Junagadh. Compare training halls, banquet spaces & party plots. Get free quotes & instant leads. Browse 100+ options on VenueConnect.",Best Training Venues in Junagadh,training venues in Junagadh,"training hall Junagadh, training venue booking Junagadh, best training venue Junagadh, training party venue Junagadh",Navigational / Transactional,High
Event + City,Team Outing Venues in Junagadh | VenueConnect,/junagadh/team-outing-venues/,Best Team Outing Venues in Junagadh | Book & Compare Prices - VenueConnect,"Find the best team outing venues in Junagadh. Compare team outing halls, banquet spaces & party plots. Get free quotes & instant leads. Browse 100+ options on VenueConnect.",Best Team Outing Venues in Junagadh,team outing venues in Junagadh,"team outing hall Junagadh, team outing venue booking Junagadh, best team outing venue Junagadh, team outing party venue Junagadh",Navigational / Transactional,High
Event + City,Stage Event Venues in Junagadh | VenueConnect,/junagadh/stage-event-venues/,Best Stage Event Venues in Junagadh | Book & Compare Prices - VenueConnect,"Find the best stage event venues in Junagadh. Compare stage event halls, banquet spaces & party plots. Get free quotes & instant leads. Browse 100+ options on VenueConnect.",Best Stage Event Venues in Junagadh,stage event venues in Junagadh,"stage event hall Junagadh, stage event venue booking Junagadh, best stage event venue Junagadh, stage event party venue Junagadh",Navigational / Transactional,High
Event + City,Ring Ceremony Venues in Junagadh | VenueConnect,/junagadh/ring-ceremony-venues/,Best Ring Ceremony Venues in Junagadh | Book & Compare Prices - VenueConnect,"Find the best ring ceremony venues in Junagadh. Compare ring ceremony halls, banquet spaces & party plots. Get free quotes & instant leads. Browse 100+ options on VenueConnect.",Best Ring Ceremony Venues in Junagadh,ring ceremony venues in Junagadh,"ring ceremony hall Junagadh, ring ceremony venue booking Junagadh, best ring ceremony venue Junagadh, ring ceremony party venue Junagadh",Navigational / Transactional,High
Event + City,Residential Conference Venues in Junagadh | VenueConnect,/junagadh/residential-conference-venues/,Best Residential Conference Venues in Junagadh | Book & Compare Prices - VenueConnect,"Find the best residential conference venues in Junagadh. Compare residential conference halls, banquet spaces & party plots. Get free quotes & instant leads. Browse 100+ options on VenueConnect.",Best Residential Conference Venues in Junagadh,residential conference venues in Junagadh,"residential conference hall Junagadh, residential conference venue booking Junagadh, best residential conference venue Junagadh, residential conference party venue Junagadh",Navigational / Transactional,High
Event + City,Pre Wedding Mehendi Party Venues in Junagadh | VenueConnect,/junagadh/pre-wedding-mehendi-party-venues/,Best Pre Wedding Mehendi Party Venues in Junagadh | Book & Compare Prices - VenueConnect,"Find the best pre wedding mehendi party venues in Junagadh. Compare pre wedding mehendi party halls, banquet spaces & party plots. Get free quotes & instant leads. Browse 100+ options on VenueConnect.",Best Pre Wedding Mehendi Party Venues in Junagadh,pre wedding mehendi party venues in Junagadh,"pre wedding mehendi party hall Junagadh, pre wedding mehendi party venue booking Junagadh, best pre wedding mehendi party venue Junagadh, pre wedding mehendi party party venue Junagadh",Navigational / Transactional,High
Event + City,Photo Shoots Venues in Junagadh | VenueConnect,/junagadh/photo-shoots-venues/,Best Photo Shoots Venues in Junagadh | Book & Compare Prices - VenueConnect,"Find the best photo shoots venues in Junagadh. Compare photo shoots halls, banquet spaces & party plots. Get free quotes & instant leads. Browse 100+ options on VenueConnect.",Best Photo Shoots Venues in Junagadh,photo shoots venues in Junagadh,"photo shoots hall Junagadh, photo shoots venue booking Junagadh, best photo shoots venue Junagadh, photo shoots party venue Junagadh",Navigational / Transactional,High
Event + City,Naming Ceremony Venues in Junagadh | VenueConnect,/junagadh/naming-ceremony-venues/,Best Naming Ceremony Venues in Junagadh | Book & Compare Prices - VenueConnect,"Find the best naming ceremony venues in Junagadh. Compare naming ceremony halls, banquet spaces & party plots. Get free quotes & instant leads. Browse 100+ options on VenueConnect.",Best Naming Ceremony Venues in Junagadh,naming ceremony venues in Junagadh,"naming ceremony hall Junagadh, naming ceremony venue booking Junagadh, best naming ceremony venue Junagadh, naming ceremony party venue Junagadh",Navigational / Transactional,High
Event + City,Musical Concert Venues in Junagadh | VenueConnect,/junagadh/musical-concert-venues/,Best Musical Concert Venues in Junagadh | Book & Compare Prices - VenueConnect,"Find the best musical concert venues in Junagadh. Compare musical concert halls, banquet spaces & party plots. Get free quotes & instant leads. Browse 100+ options on VenueConnect.",Best Musical Concert Venues in Junagadh,musical concert venues in Junagadh,"musical concert hall Junagadh, musical concert venue booking Junagadh, best musical concert venue Junagadh, musical concert party venue Junagadh",Navigational / Transactional,High
Event + City,MICE Venues in Junagadh | VenueConnect,/junagadh/mice-venues/,Best MICE Venues in Junagadh | Book & Compare Prices - VenueConnect,"Find the best mice venues in Junagadh. Compare mice halls, banquet spaces & party plots. Get free quotes & instant leads. Browse 100+ options on VenueConnect.",Best MICE Venues in Junagadh,mice venues in Junagadh,"mice hall Junagadh, mice venue booking Junagadh, best mice venue Junagadh, mice party venue Junagadh",Navigational / Transactional,High
Event + City,Meeting Venues in Junagadh | VenueConnect,/junagadh/meeting-venues/,Best Meeting Venues in Junagadh | Book & Compare Prices - VenueConnect,"Find the best meeting venues in Junagadh. Compare meeting halls, banquet spaces & party plots. Get free quotes & instant leads. Browse 100+ options on VenueConnect.",Best Meeting Venues in Junagadh,meeting venues in Junagadh,"meeting hall Junagadh, meeting venue booking Junagadh, best meeting venue Junagadh, meeting party venue Junagadh",Navigational / Transactional,High
Event + City,Kids Birthday Party Venues in Junagadh | VenueConnect,/junagadh/kids-birthday-party-venues/,Best Kids Birthday Party Venues in Junagadh | Book & Compare Prices - VenueConnect,"Find the best kids birthday party venues in Junagadh. Compare kids birthday party halls, banquet spaces & party plots. Get free quotes & instant leads. Browse 100+ options on VenueConnect.",Best Kids Birthday Party Venues in Junagadh,kids birthday party venues in Junagadh,"kids birthday party hall Junagadh, kids birthday party venue booking Junagadh, best kids birthday party venue Junagadh, kids birthday party party venue Junagadh",Navigational / Transactional,High
Event + City,Holi Party Venues in Junagadh | VenueConnect,/junagadh/holi-party-venues/,Best Holi Party Venues in Junagadh | Book & Compare Prices - VenueConnect,"Find the best holi party venues in Junagadh. Compare holi party halls, banquet spaces & party plots. Get free quotes & instant leads. Browse 100+ options on VenueConnect.",Best Holi Party Venues in Junagadh,holi party venues in Junagadh,"holi party hall Junagadh, holi party venue booking Junagadh, best holi party venue Junagadh, holi party party venue Junagadh",Navigational / Transactional,High
Event + City,Group Dining Venues in Junagadh | VenueConnect,/junagadh/group-dining-venues/,Best Group Dining Venues in Junagadh | Book & Compare Prices - VenueConnect,"Find the best group dining venues in Junagadh. Compare group dining halls, banquet spaces & party plots. Get free quotes & instant leads. Browse 100+ options on VenueConnect.",Best Group Dining Venues in Junagadh,group dining venues in Junagadh,"group dining hall Junagadh, group dining venue booking Junagadh, best group dining venue Junagadh, group dining party venue Junagadh",Navigational / Transactional,High
Event + City,Get Together Venues in Junagadh | VenueConnect,/junagadh/get-together-venues/,Best Get Together Venues in Junagadh | Book & Compare Prices - VenueConnect,"Find the best get together venues in Junagadh. Compare get together halls, banquet spaces & party plots. Get free quotes & instant leads. Browse 100+ options on VenueConnect.",Best Get Together Venues in Junagadh,get together venues in Junagadh,"get together hall Junagadh, get together venue booking Junagadh, best get together venue Junagadh, get together party venue Junagadh",Navigational / Transactional,High
Event + City,Game Watch Venues in Junagadh | VenueConnect,/junagadh/game-watch-venues/,Best Game Watch Venues in Junagadh | Book & Compare Prices - VenueConnect,"Find the best game watch venues in Junagadh. Compare game watch halls, banquet spaces & party plots. Get free quotes & instant leads. Browse 100+ options on VenueConnect.",Best Game Watch Venues in Junagadh,game watch venues in Junagadh,"game watch hall Junagadh, game watch venue booking Junagadh, best game watch venue Junagadh, game watch party venue Junagadh",Navigational / Transactional,High
Event + City,Freshers Party Venues in Junagadh | VenueConnect,/junagadh/freshers-party-venues/,Best Freshers Party Venues in Junagadh | Book & Compare Prices - VenueConnect,"Find the best freshers party venues in Junagadh. Compare freshers party halls, banquet spaces & party plots. Get free quotes & instant leads. Browse 100+ options on VenueConnect.",Best Freshers Party Venues in Junagadh,freshers party venues in Junagadh,"freshers party hall Junagadh, freshers party venue booking Junagadh, best freshers party venue Junagadh, freshers party party venue Junagadh",Navigational / Transactional,High
Event + City,First Birthday Party Venues in Junagadh | VenueConnect,/junagadh/first-birthday-party-venues/,Best First Birthday Party Venues in Junagadh | Book & Compare Prices - VenueConnect,"Find the best first birthday party venues in Junagadh. Compare first birthday party halls, banquet spaces & party plots. Get free quotes & instant leads. Browse 100+ options on VenueConnect.",Best First Birthday Party Venues in Junagadh,first birthday party venues in Junagadh,"first birthday party hall Junagadh, first birthday party venue booking Junagadh, best first birthday party venue Junagadh, first birthday party party venue Junagadh",Navigational / Transactional,High
Event + City,Fashion Show Venues in Junagadh | VenueConnect,/junagadh/fashion-show-venues/,Best Fashion Show Venues in Junagadh | Book & Compare Prices - VenueConnect,"Find the best fashion show venues in Junagadh. Compare fashion show halls, banquet spaces & party plots. Get free quotes & instant leads. Browse 100+ options on VenueConnect.",Best Fashion Show Venues in Junagadh,fashion show venues in Junagadh,"fashion show hall Junagadh, fashion show venue booking Junagadh, best fashion show venue Junagadh, fashion show party venue Junagadh",Navigational / Transactional,High
Event + City,Family Function Venues in Junagadh | VenueConnect,/junagadh/family-function-venues/,Best Family Function Venues in Junagadh | Book & Compare Prices - VenueConnect,"Find the best family function venues in Junagadh. Compare family function halls, banquet spaces & party plots. Get free quotes & instant leads. Browse 100+ options on VenueConnect.",Best Family Function Venues in Junagadh,family function venues in Junagadh,"family function hall Junagadh, family function venue booking Junagadh, best family function venue Junagadh, family function party venue Junagadh",Navigational / Transactional,High
Event + City,Exhibition Venues in Junagadh | VenueConnect,/junagadh/exhibition-venues/,Best Exhibition Venues in Junagadh | Book & Compare Prices - VenueConnect,"Find the best exhibition venues in Junagadh. Compare exhibition halls, banquet spaces & party plots. Get free quotes & instant leads. Browse 100+ options on VenueConnect.",Best Exhibition Venues in Junagadh,exhibition venues in Junagadh,"exhibition hall Junagadh, exhibition venue booking Junagadh, best exhibition venue Junagadh, exhibition party venue Junagadh",Navigational / Transactional,High
Event + City,Corporate Training Venues in Junagadh | VenueConnect,/junagadh/corporate-training-venues/,Best Corporate Training Venues in Junagadh | Book & Compare Prices - VenueConnect,"Find the best corporate training venues in Junagadh. Compare corporate training halls, banquet spaces & party plots. Get free quotes & instant leads. Browse 100+ options on VenueConnect.",Best Corporate Training Venues in Junagadh,corporate training venues in Junagadh,"corporate training hall Junagadh, corporate training venue booking Junagadh, best corporate training venue Junagadh, corporate training party venue Junagadh",Navigational / Transactional,High
Event + City,Corporate Party Venues in Junagadh | VenueConnect,/junagadh/corporate-party-venues/,Best Corporate Party Venues in Junagadh | Book & Compare Prices - VenueConnect,"Find the best corporate party venues in Junagadh. Compare corporate party halls, banquet spaces & party plots. Get free quotes & instant leads. Browse 100+ options on VenueConnect.",Best Corporate Party Venues in Junagadh,corporate party venues in Junagadh,"corporate party hall Junagadh, corporate party venue booking Junagadh, best corporate party venue Junagadh, corporate party party venue Junagadh",Navigational / Transactional,High
Event + City,Corporate Offsite Venues in Junagadh | VenueConnect,/junagadh/corporate-offsite-venues/,Best Corporate Offsite Venues in Junagadh | Book & Compare Prices - VenueConnect,"Find the best corporate offsite venues in Junagadh. Compare corporate offsite halls, banquet spaces & party plots. Get free quotes & instant leads. Browse 100+ options on VenueConnect.",Best Corporate Offsite Venues in Junagadh,corporate offsite venues in Junagadh,"corporate offsite hall Junagadh, corporate offsite venue booking Junagadh, best corporate offsite venue Junagadh, corporate offsite party venue Junagadh",Navigational / Transactional,High
Event + City,Cocktail Dinner Venues in Junagadh | VenueConnect,/junagadh/cocktail-dinner-venues/,Best Cocktail Dinner Venues in Junagadh | Book & Compare Prices - VenueConnect,"Find the best cocktail dinner venues in Junagadh. Compare cocktail dinner halls, banquet spaces & party plots. Get free quotes & instant leads. Browse 100+ options on VenueConnect.",Best Cocktail Dinner Venues in Junagadh,cocktail dinner venues in Junagadh,"cocktail dinner hall Junagadh, cocktail dinner venue booking Junagadh, best cocktail dinner venue Junagadh, cocktail dinner party venue Junagadh",Navigational / Transactional,High
Event + City,Class Reunion Venues in Junagadh | VenueConnect,/junagadh/class-reunion-venues/,Best Class Reunion Venues in Junagadh | Book & Compare Prices - VenueConnect,"Find the best class reunion venues in Junagadh. Compare class reunion halls, banquet spaces & party plots. Get free quotes & instant leads. Browse 100+ options on VenueConnect.",Best Class Reunion Venues in Junagadh,class reunion venues in Junagadh,"class reunion hall Junagadh, class reunion venue booking Junagadh, best class reunion venue Junagadh, class reunion party venue Junagadh",Navigational / Transactional,High
Event + City,Christian Communion Venues in Junagadh | VenueConnect,/junagadh/christian-communion-venues/,Best Christian Communion Venues in Junagadh | Book & Compare Prices - VenueConnect,"Find the best christian communion venues in Junagadh. Compare christian communion halls, banquet spaces & party plots. Get free quotes & instant leads. Browse 100+ options on VenueConnect.",Best Christian Communion Venues in Junagadh,christian communion venues in Junagadh,"christian communion hall Junagadh, christian communion venue booking Junagadh, best christian communion venue Junagadh, christian communion party venue Junagadh",Navigational / Transactional,High
Event + City,Childrens Party Venues in Junagadh | VenueConnect,/junagadh/childrens-party-venues/,Best Childrens Party Venues in Junagadh | Book & Compare Prices - VenueConnect,"Find the best childrens party venues in Junagadh. Compare childrens party halls, banquet spaces & party plots. Get free quotes & instant leads. Browse 100+ options on VenueConnect.",Best Childrens Party Venues in Junagadh,childrens party venues in Junagadh,"childrens party hall Junagadh, childrens party venue booking Junagadh, best childrens party venue Junagadh, childrens party party venue Junagadh",Navigational / Transactional,High
Event + City,Business Dinner Venues in Junagadh | VenueConnect,/junagadh/business-dinner-venues/,Best Business Dinner Venues in Junagadh | Book & Compare Prices - VenueConnect,"Find the best business dinner venues in Junagadh. Compare business dinner halls, banquet spaces & party plots. Get free quotes & instant leads. Browse 100+ options on VenueConnect.",Best Business Dinner Venues in Junagadh,business dinner venues in Junagadh,"business dinner hall Junagadh, business dinner venue booking Junagadh, best business dinner venue Junagadh, business dinner party venue Junagadh",Navigational / Transactional,High
Event + City,Bridal Shower Venues in Junagadh | VenueConnect,/junagadh/bridal-shower-venues/,Best Bridal Shower Venues in Junagadh | Book & Compare Prices - VenueConnect,"Find the best bridal shower venues in Junagadh. Compare bridal shower halls, banquet spaces & party plots. Get free quotes & instant leads. Browse 100+ options on VenueConnect.",Best Bridal Shower Venues in Junagadh,bridal shower venues in Junagadh,"bridal shower hall Junagadh, bridal shower venue booking Junagadh, best bridal shower venue Junagadh, bridal shower party venue Junagadh",Navigational / Transactional,High
Event + City,Brand Promotion Venues in Junagadh | VenueConnect,/junagadh/brand-promotion-venues/,Best Brand Promotion Venues in Junagadh | Book & Compare Prices - VenueConnect,"Find the best brand promotion venues in Junagadh. Compare brand promotion halls, banquet spaces & party plots. Get free quotes & instant leads. Browse 100+ options on VenueConnect.",Best Brand Promotion Venues in Junagadh,brand promotion venues in Junagadh,"brand promotion hall Junagadh, brand promotion venue booking Junagadh, best brand promotion venue Junagadh, brand promotion party venue Junagadh",Navigational / Transactional,High
Event + City,Bachelor Party Venues in Junagadh | VenueConnect,/junagadh/bachelor-party-venues/,Best Bachelor Party Venues in Junagadh | Book & Compare Prices - VenueConnect,"Find the best bachelor party venues in Junagadh. Compare bachelor party halls, banquet spaces & party plots. Get free quotes & instant leads. Browse 100+ options on VenueConnect.",Best Bachelor Party Venues in Junagadh,bachelor party venues in Junagadh,"bachelor party hall Junagadh, bachelor party venue booking Junagadh, best bachelor party venue Junagadh, bachelor party party venue Junagadh",Navigational / Transactional,High
Event + City,Aqueeqa Ceremony Venues in Junagadh | VenueConnect,/junagadh/aqueeqa-ceremony-venues/,Best Aqueeqa Ceremony Venues in Junagadh | Book & Compare Prices - VenueConnect,"Find the best aqueeqa ceremony venues in Junagadh. Compare aqueeqa ceremony halls, banquet spaces & party plots. Get free quotes & instant leads. Browse 100+ options on VenueConnect.",Best Aqueeqa Ceremony Venues in Junagadh,aqueeqa ceremony venues in Junagadh,"aqueeqa ceremony hall Junagadh, aqueeqa ceremony venue booking Junagadh, best aqueeqa ceremony venue Junagadh, aqueeqa ceremony party venue Junagadh",Navigational / Transactional,High
Event + City,Annual Fest Venues in Junagadh | VenueConnect,/junagadh/annual-fest-venues/,Best Annual Fest Venues in Junagadh | Book & Compare Prices - VenueConnect,"Find the best annual fest venues in Junagadh. Compare annual fest halls, banquet spaces & party plots. Get free quotes & instant leads. Browse 100+ options on VenueConnect.",Best Annual Fest Venues in Junagadh,annual fest venues in Junagadh,"annual fest hall Junagadh, annual fest venue booking Junagadh, best annual fest venue Junagadh, annual fest party venue Junagadh",Navigational / Transactional,High
Event + City,Adventure Party Venues in Junagadh | VenueConnect,/junagadh/adventure-party-venues/,Best Adventure Party Venues in Junagadh | Book & Compare Prices - VenueConnect,"Find the best adventure party venues in Junagadh. Compare adventure party halls, banquet spaces & party plots. Get free quotes & instant leads. Browse 100+ options on VenueConnect.",Best Adventure Party Venues in Junagadh,adventure party venues in Junagadh,"adventure party hall Junagadh, adventure party venue booking Junagadh, best adventure party venue Junagadh, adventure party party venue Junagadh",Navigational / Transactional,High
Event + City,Haldi Ceremony Venues in Junagadh | VenueConnect,/junagadh/haldi-ceremony-venues/,Best Haldi Ceremony Venues in Junagadh | Book & Compare Prices - VenueConnect,"Find the best haldi ceremony venues in Junagadh. Compare haldi ceremony halls, banquet spaces & party plots. Get free quotes & instant leads. Browse 100+ options on VenueConnect.",Best Haldi Ceremony Venues in Junagadh,haldi ceremony venues in Junagadh,"haldi ceremony hall Junagadh, haldi ceremony venue booking Junagadh, best haldi ceremony venue Junagadh, haldi ceremony party venue Junagadh",Navigational / Transactional,High
  VENDOR + CITY PAGES,,,,,,,,,
Page Type,Page Title,URL Slug,Meta Title,Meta Description,H1 Tag,Target Keyword,Secondary Keywords,Search Intent,Priority
Vendor + City,Photographers in Junagadh | VenueConnect,/junagadh/vendors/photographers/,Top Photographers in Junagadh | Compare & Hire - VenueConnect,"Hire top photographers in Junagadh for weddings, birthdays & all events. Compare portfolios, pricing & reviews. Get direct leads via WhatsApp. Book on VenueConnect.",Top Photographers in Junagadh,photographers in Junagadh,"photographers for wedding Junagadh, best photographers Junagadh, affordable photographers Junagadh, photographers contact Junagadh",Transactional,High
Vendor + City,Caterers in Junagadh | VenueConnect,/junagadh/vendors/caterers/,Top Caterers in Junagadh | Compare & Hire - VenueConnect,"Hire top caterers in Junagadh for weddings, birthdays & all events. Compare portfolios, pricing & reviews. Get direct leads via WhatsApp. Book on VenueConnect.",Top Caterers in Junagadh,caterers in Junagadh,"caterers for wedding Junagadh, best caterers Junagadh, affordable caterers Junagadh, caterers contact Junagadh",Transactional,High
Vendor + City,Decorators in Junagadh | VenueConnect,/junagadh/vendors/decorators/,Top Decorators in Junagadh | Compare & Hire - VenueConnect,"Hire top decorators in Junagadh for weddings, birthdays & all events. Compare portfolios, pricing & reviews. Get direct leads via WhatsApp. Book on VenueConnect.",Top Decorators in Junagadh,decorators in Junagadh,"decorators for wedding Junagadh, best decorators Junagadh, affordable decorators Junagadh, decorators contact Junagadh",Transactional,High
Vendor + City,Mehndi Artists in Junagadh | VenueConnect,/junagadh/vendors/mehndi-artists/,Top Mehndi Artists in Junagadh | Compare & Hire - VenueConnect,"Hire top mehndi artists in Junagadh for weddings, birthdays & all events. Compare portfolios, pricing & reviews. Get direct leads via WhatsApp. Book on VenueConnect.",Top Mehndi Artists in Junagadh,mehndi artists in Junagadh,"mehndi artists for wedding Junagadh, best mehndi artists Junagadh, affordable mehndi artists Junagadh, mehndi artists contact Junagadh",Transactional,High
Vendor + City,DJs in Junagadh | VenueConnect,/junagadh/vendors/djs/,Top DJs in Junagadh | Compare & Hire - VenueConnect,"Hire top djs in Junagadh for weddings, birthdays & all events. Compare portfolios, pricing & reviews. Get direct leads via WhatsApp. Book on VenueConnect.",Top DJs in Junagadh,djs in Junagadh,"djs for wedding Junagadh, best djs Junagadh, affordable djs Junagadh, djs contact Junagadh",Transactional,High
Vendor + City,Bands in Junagadh | VenueConnect,/junagadh/vendors/bands/,Top Bands in Junagadh | Compare & Hire - VenueConnect,"Hire top bands in Junagadh for weddings, birthdays & all events. Compare portfolios, pricing & reviews. Get direct leads via WhatsApp. Book on VenueConnect.",Top Bands in Junagadh,bands in Junagadh,"bands for wedding Junagadh, best bands Junagadh, affordable bands Junagadh, bands contact Junagadh",Transactional,High
Vendor + City,Event Planners in Junagadh | VenueConnect,/junagadh/vendors/event-planners/,Top Event Planners in Junagadh | Compare & Hire - VenueConnect,"Hire top event planners in Junagadh for weddings, birthdays & all events. Compare portfolios, pricing & reviews. Get direct leads via WhatsApp. Book on VenueConnect.",Top Event Planners in Junagadh,event planners in Junagadh,"event planners for wedding Junagadh, best event planners Junagadh, affordable event planners Junagadh, event planners contact Junagadh",Transactional,High
Vendor + City,Bridal Wear in Junagadh | VenueConnect,/junagadh/vendors/bridal-wear/,Top Bridal Wear in Junagadh | Compare & Hire - VenueConnect,"Hire top bridal wear in Junagadh for weddings, birthdays & all events. Compare portfolios, pricing & reviews. Get direct leads via WhatsApp. Book on VenueConnect.",Top Bridal Wear in Junagadh,bridal wear in Junagadh,"bridal wear for wedding Junagadh, best bridal wear Junagadh, affordable bridal wear Junagadh, bridal wear contact Junagadh",Transactional,High
Vendor + City,Makeup Artists in Junagadh | VenueConnect,/junagadh/vendors/makeup-artists/,Top Makeup Artists in Junagadh | Compare & Hire - VenueConnect,"Hire top makeup artists in Junagadh for weddings, birthdays & all events. Compare portfolios, pricing & reviews. Get direct leads via WhatsApp. Book on VenueConnect.",Top Makeup Artists in Junagadh,makeup artists in Junagadh,"makeup artists for wedding Junagadh, best makeup artists Junagadh, affordable makeup artists Junagadh, makeup artists contact Junagadh",Transactional,High
Vendor + City,Florists in Junagadh | VenueConnect,/junagadh/vendors/florists/,Top Florists in Junagadh | Compare & Hire - VenueConnect,"Hire top florists in Junagadh for weddings, birthdays & all events. Compare portfolios, pricing & reviews. Get direct leads via WhatsApp. Book on VenueConnect.",Top Florists in Junagadh,florists in Junagadh,"florists for wedding Junagadh, best florists Junagadh, affordable florists Junagadh, florists contact Junagadh",Transactional,High
Vendor + City,Videographers in Junagadh | VenueConnect,/junagadh/vendors/videographers/,Top Videographers in Junagadh | Compare & Hire - VenueConnect,"Hire top videographers in Junagadh for weddings, birthdays & all events. Compare portfolios, pricing & reviews. Get direct leads via WhatsApp. Book on VenueConnect.",Top Videographers in Junagadh,videographers in Junagadh,"videographers for wedding Junagadh, best videographers Junagadh, affordable videographers Junagadh, videographers contact Junagadh",Transactional,High
Vendor + City,Wedding Planners in Junagadh | VenueConnect,/junagadh/vendors/wedding-planners/,Top Wedding Planners in Junagadh | Compare & Hire - VenueConnect,"Hire top wedding planners in Junagadh for weddings, birthdays & all events. Compare portfolios, pricing & reviews. Get direct leads via WhatsApp. Book on VenueConnect.",Top Wedding Planners in Junagadh,wedding planners in Junagadh,"wedding planners for wedding Junagadh, best wedding planners Junagadh, affordable wedding planners Junagadh, wedding planners contact Junagadh",Transactional,High
Vendor + City,Tent Houses in Junagadh | VenueConnect,/junagadh/vendors/tent-houses/,Top Tent Houses in Junagadh | Compare & Hire - VenueConnect,"Hire top tent houses in Junagadh for weddings, birthdays & all events. Compare portfolios, pricing & reviews. Get direct leads via WhatsApp. Book on VenueConnect.",Top Tent Houses in Junagadh,tent houses in Junagadh,"tent houses for wedding Junagadh, best tent houses Junagadh, affordable tent houses Junagadh, tent houses contact Junagadh",Transactional,High
Vendor + City,Choreographers in Junagadh | VenueConnect,/junagadh/vendors/choreographers/,Top Choreographers in Junagadh | Compare & Hire - VenueConnect,"Hire top choreographers in Junagadh for weddings, birthdays & all events. Compare portfolios, pricing & reviews. Get direct leads via WhatsApp. Book on VenueConnect.",Top Choreographers in Junagadh,choreographers in Junagadh,"choreographers for wedding Junagadh, best choreographers Junagadh, affordable choreographers Junagadh, choreographers contact Junagadh",Transactional,High
Vendor + City,Invitation Cards in Junagadh | VenueConnect,/junagadh/vendors/invitation-cards/,Top Invitation Cards in Junagadh | Compare & Hire - VenueConnect,"Hire top invitation cards in Junagadh for weddings, birthdays & all events. Compare portfolios, pricing & reviews. Get direct leads via WhatsApp. Book on VenueConnect.",Top Invitation Cards in Junagadh,invitation cards in Junagadh,"invitation cards for wedding Junagadh, best invitation cards Junagadh, affordable invitation cards Junagadh, invitation cards contact Junagadh",Transactional,High
Vendor + City,Cake Shops in Junagadh | VenueConnect,/junagadh/vendors/cake-shops/,Top Cake Shops in Junagadh | Compare & Hire - VenueConnect,"Hire top cake shops in Junagadh for weddings, birthdays & all events. Compare portfolios, pricing & reviews. Get direct leads via WhatsApp. Book on VenueConnect.",Top Cake Shops in Junagadh,cake shops in Junagadh,"cake shops for wedding Junagadh, best cake shops Junagadh, affordable cake shops Junagadh, cake shops contact Junagadh",Transactional,High
Vendor + City,Jewellers in Junagadh | VenueConnect,/junagadh/vendors/jewellers/,Top Jewellers in Junagadh | Compare & Hire - VenueConnect,"Hire top jewellers in Junagadh for weddings, birthdays & all events. Compare portfolios, pricing & reviews. Get direct leads via WhatsApp. Book on VenueConnect.",Top Jewellers in Junagadh,jewellers in Junagadh,"jewellers for wedding Junagadh, best jewellers Junagadh, affordable jewellers Junagadh, jewellers contact Junagadh",Transactional,High
Vendor + City,Astrologers in Junagadh | VenueConnect,/junagadh/vendors/astrologers/,Top Astrologers in Junagadh | Compare & Hire - VenueConnect,"Hire top astrologers in Junagadh for weddings, birthdays & all events. Compare portfolios, pricing & reviews. Get direct leads via WhatsApp. Book on VenueConnect.",Top Astrologers in Junagadh,astrologers in Junagadh,"astrologers for wedding Junagadh, best astrologers Junagadh, affordable astrologers Junagadh, astrologers contact Junagadh",Transactional,High
Vendor + City,Magicians in Junagadh | VenueConnect,/junagadh/vendors/magicians/,Top Magicians in Junagadh | Compare & Hire - VenueConnect,"Hire top magicians in Junagadh for weddings, birthdays & all events. Compare portfolios, pricing & reviews. Get direct leads via WhatsApp. Book on VenueConnect.",Top Magicians in Junagadh,magicians in Junagadh,"magicians for wedding Junagadh, best magicians Junagadh, affordable magicians Junagadh, magicians contact Junagadh",Transactional,High
Vendor + City,Entertainers in Junagadh | VenueConnect,/junagadh/vendors/entertainers/,Top Entertainers in Junagadh | Compare & Hire - VenueConnect,"Hire top entertainers in Junagadh for weddings, birthdays & all events. Compare portfolios, pricing & reviews. Get direct leads via WhatsApp. Book on VenueConnect.",Top Entertainers in Junagadh,entertainers in Junagadh,"entertainers for wedding Junagadh, best entertainers Junagadh, affordable entertainers Junagadh, entertainers contact Junagadh",Transactional,High
Vendor + City,Groom Wear in Junagadh | VenueConnect,/junagadh/vendors/groom-wear/,Top Groom Wear in Junagadh | Compare & Hire - VenueConnect,"Hire top groom wear in Junagadh for weddings, birthdays & all events. Compare portfolios, pricing & reviews. Get direct leads via WhatsApp. Book on VenueConnect.",Top Groom Wear in Junagadh,groom wear in Junagadh,"groom wear for wedding Junagadh, best groom wear Junagadh, affordable groom wear Junagadh, groom wear contact Junagadh",Transactional,High
Vendor + City,Wedding Photographers in Junagadh | VenueConnect,/junagadh/vendors/wedding-photographers/,Top Wedding Photographers in Junagadh | Compare & Hire - VenueConnect,"Hire top wedding photographers in Junagadh for weddings, birthdays & all events. Compare portfolios, pricing & reviews. Get direct leads via WhatsApp. Book on VenueConnect.",Top Wedding Photographers in Junagadh,wedding photographers in Junagadh,"wedding photographers for wedding Junagadh, best wedding photographers Junagadh, affordable wedding photographers Junagadh, wedding photographers contact Junagadh",Transactional,High
  VENUE TYPE + CITY PAGES,,,,,,,,,
Page Type,Page Title,URL Slug,Meta Title,Meta Description,H1 Tag,Target Keyword,Secondary Keywords,Search Intent,Priority
Venue + City,Banquet Halls in Junagadh | VenueConnect,/junagadh/banquet-halls/,Best Banquet Halls in Junagadh | Compare Prices & Book - VenueConnect,"Find top banquet halls in Junagadh for any occasion. Compare capacity, pricing & amenities. 100+ verified listings. Get free quotes on VenueConnect Gujarat.",Best Banquet Halls in Junagadh,banquet halls in Junagadh,"banquet halls for rent Junagadh, banquet halls booking Junagadh, best banquet halls Junagadh, affordable banquet halls Junagadh",Transactional,High
Venue + City,Farmhouses in Junagadh | VenueConnect,/junagadh/farmhouses/,Best Farmhouses in Junagadh | Compare Prices & Book - VenueConnect,"Find top farmhouses in Junagadh for any occasion. Compare capacity, pricing & amenities. 100+ verified listings. Get free quotes on VenueConnect Gujarat.",Best Farmhouses in Junagadh,farmhouses in Junagadh,"farmhouses for rent Junagadh, farmhouses booking Junagadh, best farmhouses Junagadh, affordable farmhouses Junagadh",Transactional,High
Venue + City,Party Plots in Junagadh | VenueConnect,/junagadh/party-plots/,Best Party Plots in Junagadh | Compare Prices & Book - VenueConnect,"Find top party plots in Junagadh for any occasion. Compare capacity, pricing & amenities. 100+ verified listings. Get free quotes on VenueConnect Gujarat.",Best Party Plots in Junagadh,party plots in Junagadh,"party plots for rent Junagadh, party plots booking Junagadh, best party plots Junagadh, affordable party plots Junagadh",Transactional,High
Venue + City,Hotels in Junagadh | VenueConnect,/junagadh/hotels/,Best Hotels in Junagadh | Compare Prices & Book - VenueConnect,"Find top hotels in Junagadh for any occasion. Compare capacity, pricing & amenities. 100+ verified listings. Get free quotes on VenueConnect Gujarat.",Best Hotels in Junagadh,hotels in Junagadh,"hotels for rent Junagadh, hotels booking Junagadh, best hotels Junagadh, affordable hotels Junagadh",Transactional,High
Venue + City,Resorts in Junagadh | VenueConnect,/junagadh/resorts/,Best Resorts in Junagadh | Compare Prices & Book - VenueConnect,"Find top resorts in Junagadh for any occasion. Compare capacity, pricing & amenities. 100+ verified listings. Get free quotes on VenueConnect Gujarat.",Best Resorts in Junagadh,resorts in Junagadh,"resorts for rent Junagadh, resorts booking Junagadh, best resorts Junagadh, affordable resorts Junagadh",Transactional,High
Venue + City,Restaurants in Junagadh | VenueConnect,/junagadh/restaurants/,Best Restaurants in Junagadh | Compare Prices & Book - VenueConnect,"Find top restaurants in Junagadh for any occasion. Compare capacity, pricing & amenities. 100+ verified listings. Get free quotes on VenueConnect Gujarat.",Best Restaurants in Junagadh,restaurants in Junagadh,"restaurants for rent Junagadh, restaurants booking Junagadh, best restaurants Junagadh, affordable restaurants Junagadh",Transactional,High
Venue + City,Convention Centers in Junagadh | VenueConnect,/junagadh/convention-centers/,Best Convention Centers in Junagadh | Compare Prices & Book - VenueConnect,"Find top convention centers in Junagadh for any occasion. Compare capacity, pricing & amenities. 100+ verified listings. Get free quotes on VenueConnect Gujarat.",Best Convention Centers in Junagadh,convention centers in Junagadh,"convention centers for rent Junagadh, convention centers booking Junagadh, best convention centers Junagadh, affordable convention centers Junagadh",Transactional,High
Venue + City,Clubs in Junagadh | VenueConnect,/junagadh/clubs/,Best Clubs in Junagadh | Compare Prices & Book - VenueConnect,"Find top clubs in Junagadh for any occasion. Compare capacity, pricing & amenities. 100+ verified listings. Get free quotes on VenueConnect Gujarat.",Best Clubs in Junagadh,clubs in Junagadh,"clubs for rent Junagadh, clubs booking Junagadh, best clubs Junagadh, affordable clubs Junagadh",Transactional,High
Venue + City,Rooftop Venues in Junagadh | VenueConnect,/junagadh/rooftop-venues/,Best Rooftop Venues in Junagadh | Compare Prices & Book - VenueConnect,"Find top rooftop venues in Junagadh for any occasion. Compare capacity, pricing & amenities. 100+ verified listings. Get free quotes on VenueConnect Gujarat.",Best Rooftop Venues in Junagadh,rooftop venues in Junagadh,"rooftop venues for rent Junagadh, rooftop venues booking Junagadh, best rooftop venues Junagadh, affordable rooftop venues Junagadh",Transactional,High
Venue + City,Garden Venues in Junagadh | VenueConnect,/junagadh/garden-venues/,Best Garden Venues in Junagadh | Compare Prices & Book - VenueConnect,"Find top garden venues in Junagadh for any occasion. Compare capacity, pricing & amenities. 100+ verified listings. Get free quotes on VenueConnect Gujarat.",Best Garden Venues in Junagadh,garden venues in Junagadh,"garden venues for rent Junagadh, garden venues booking Junagadh, best garden venues Junagadh, affordable garden venues Junagadh",Transactional,High
Venue + City,Heritage Venues in Junagadh | VenueConnect,/junagadh/heritage-venues/,Best Heritage Venues in Junagadh | Compare Prices & Book - VenueConnect,"Find top heritage venues in Junagadh for any occasion. Compare capacity, pricing & amenities. 100+ verified listings. Get free quotes on VenueConnect Gujarat.",Best Heritage Venues in Junagadh,heritage venues in Junagadh,"heritage venues for rent Junagadh, heritage venues booking Junagadh, best heritage venues Junagadh, affordable heritage venues Junagadh",Transactional,High
Venue + City,Luxury Venues in Junagadh | VenueConnect,/junagadh/luxury-venues/,Best Luxury Venues in Junagadh | Compare Prices & Book - VenueConnect,"Find top luxury venues in Junagadh for any occasion. Compare capacity, pricing & amenities. 100+ verified listings. Get free quotes on VenueConnect Gujarat.",Best Luxury Venues in Junagadh,luxury venues in Junagadh,"luxury venues for rent Junagadh, luxury venues booking Junagadh, best luxury venues Junagadh, affordable luxury venues Junagadh",Transactional,High
  EVENT + CITY AREA PAGES (Hyper-local),,,,,,,,,
Page Type,Page Title,URL Slug,Meta Title,Meta Description,H1 Tag,Target Keyword,Secondary Keywords,Search Intent,Priority
Event + City Area,"Wedding Venues in Kalwa Chowk, Junagadh | VenueConnect",/junagadh/kalwa-chowk/wedding-venues/,"Best Wedding Venues in Kalwa Chowk, Junagadh | Book Near You - VenueConnect","Find the perfect wedding venue in Kalwa Chowk, Junagadh. Compare halls, farmhouses & party plots near Kalwa Chowk. Get instant leads & free quotes on VenueConnect.","Best Wedding Venues in Kalwa Chowk, Junagadh",wedding venues in Kalwa Chowk Junagadh,"wedding venue Kalwa Chowk, wedding hall near Kalwa Chowk Junagadh, wedding venue near Kalwa Chowk",Transactional (Hyper-local),High
Event + City Area,"Birthday Party Venues in Kalwa Chowk, Junagadh | VenueConnect",/junagadh/kalwa-chowk/birthday-party-venues/,"Best Birthday Party Venues in Kalwa Chowk, Junagadh | Book Near You - VenueConnect","Find the perfect birthday party venue in Kalwa Chowk, Junagadh. Compare halls, farmhouses & party plots near Kalwa Chowk. Get instant leads & free quotes on VenueConnect.","Best Birthday Party Venues in Kalwa Chowk, Junagadh",birthday party venues in Kalwa Chowk Junagadh,"birthday party venue Kalwa Chowk, birthday party hall near Kalwa Chowk Junagadh, birthday party venue near Kalwa Chowk",Transactional (Hyper-local),High
Event + City Area,"Engagement Venues in Kalwa Chowk, Junagadh | VenueConnect",/junagadh/kalwa-chowk/engagement-venues/,"Best Engagement Venues in Kalwa Chowk, Junagadh | Book Near You - VenueConnect","Find the perfect engagement venue in Kalwa Chowk, Junagadh. Compare halls, farmhouses & party plots near Kalwa Chowk. Get instant leads & free quotes on VenueConnect.","Best Engagement Venues in Kalwa Chowk, Junagadh",engagement venues in Kalwa Chowk Junagadh,"engagement venue Kalwa Chowk, engagement hall near Kalwa Chowk Junagadh, engagement venue near Kalwa Chowk",Transactional (Hyper-local),High
Event + City Area,"Corporate Event Venues in Kalwa Chowk, Junagadh | VenueConnect",/junagadh/kalwa-chowk/corporate-event-venues/,"Best Corporate Event Venues in Kalwa Chowk, Junagadh | Book Near You - VenueConnect","Find the perfect corporate event venue in Kalwa Chowk, Junagadh. Compare halls, farmhouses & party plots near Kalwa Chowk. Get instant leads & free quotes on VenueConnect.","Best Corporate Event Venues in Kalwa Chowk, Junagadh",corporate event venues in Kalwa Chowk Junagadh,"corporate event venue Kalwa Chowk, corporate event hall near Kalwa Chowk Junagadh, corporate event venue near Kalwa Chowk",Transactional (Hyper-local),High
Event + City Area,"Reception Venues in Kalwa Chowk, Junagadh | VenueConnect",/junagadh/kalwa-chowk/reception-venues/,"Best Reception Venues in Kalwa Chowk, Junagadh | Book Near You - VenueConnect","Find the perfect reception venue in Kalwa Chowk, Junagadh. Compare halls, farmhouses & party plots near Kalwa Chowk. Get instant leads & free quotes on VenueConnect.","Best Reception Venues in Kalwa Chowk, Junagadh",reception venues in Kalwa Chowk Junagadh,"reception venue Kalwa Chowk, reception hall near Kalwa Chowk Junagadh, reception venue near Kalwa Chowk",Transactional (Hyper-local),High
Event + City Area,"Wedding Venues in MG Road, Junagadh | VenueConnect",/junagadh/mg-road/wedding-venues/,"Best Wedding Venues in MG Road, Junagadh | Book Near You - VenueConnect","Find the perfect wedding venue in MG Road, Junagadh. Compare halls, farmhouses & party plots near MG Road. Get instant leads & free quotes on VenueConnect.","Best Wedding Venues in MG Road, Junagadh",wedding venues in MG Road Junagadh,"wedding venue MG Road, wedding hall near MG Road Junagadh, wedding venue near MG Road",Transactional (Hyper-local),High
Event + City Area,"Birthday Party Venues in MG Road, Junagadh | VenueConnect",/junagadh/mg-road/birthday-party-venues/,"Best Birthday Party Venues in MG Road, Junagadh | Book Near You - VenueConnect","Find the perfect birthday party venue in MG Road, Junagadh. Compare halls, farmhouses & party plots near MG Road. Get instant leads & free quotes on VenueConnect.","Best Birthday Party Venues in MG Road, Junagadh",birthday party venues in MG Road Junagadh,"birthday party venue MG Road, birthday party hall near MG Road Junagadh, birthday party venue near MG Road",Transactional (Hyper-local),High
Event + City Area,"Engagement Venues in MG Road, Junagadh | VenueConnect",/junagadh/mg-road/engagement-venues/,"Best Engagement Venues in MG Road, Junagadh | Book Near You - VenueConnect","Find the perfect engagement venue in MG Road, Junagadh. Compare halls, farmhouses & party plots near MG Road. Get instant leads & free quotes on VenueConnect.","Best Engagement Venues in MG Road, Junagadh",engagement venues in MG Road Junagadh,"engagement venue MG Road, engagement hall near MG Road Junagadh, engagement venue near MG Road",Transactional (Hyper-local),High
Event + City Area,"Corporate Event Venues in MG Road, Junagadh | VenueConnect",/junagadh/mg-road/corporate-event-venues/,"Best Corporate Event Venues in MG Road, Junagadh | Book Near You - VenueConnect","Find the perfect corporate event venue in MG Road, Junagadh. Compare halls, farmhouses & party plots near MG Road. Get instant leads & free quotes on VenueConnect.","Best Corporate Event Venues in MG Road, Junagadh",corporate event venues in MG Road Junagadh,"corporate event venue MG Road, corporate event hall near MG Road Junagadh, corporate event venue near MG Road",Transactional (Hyper-local),High
Event + City Area,"Reception Venues in MG Road, Junagadh | VenueConnect",/junagadh/mg-road/reception-venues/,"Best Reception Venues in MG Road, Junagadh | Book Near You - VenueConnect","Find the perfect reception venue in MG Road, Junagadh. Compare halls, farmhouses & party plots near MG Road. Get instant leads & free quotes on VenueConnect.","Best Reception Venues in MG Road, Junagadh",reception venues in MG Road Junagadh,"reception venue MG Road, reception hall near MG Road Junagadh, reception venue near MG Road",Transactional (Hyper-local),High
Event + City Area,"Wedding Venues in Ranavav Road, Junagadh | VenueConnect",/junagadh/ranavav-road/wedding-venues/,"Best Wedding Venues in Ranavav Road, Junagadh | Book Near You - VenueConnect","Find the perfect wedding venue in Ranavav Road, Junagadh. Compare halls, farmhouses & party plots near Ranavav Road. Get instant leads & free quotes on VenueConnect.","Best Wedding Venues in Ranavav Road, Junagadh",wedding venues in Ranavav Road Junagadh,"wedding venue Ranavav Road, wedding hall near Ranavav Road Junagadh, wedding venue near Ranavav Road",Transactional (Hyper-local),High
Event + City Area,"Birthday Party Venues in Ranavav Road, Junagadh | VenueConnect",/junagadh/ranavav-road/birthday-party-venues/,"Best Birthday Party Venues in Ranavav Road, Junagadh | Book Near You - VenueConnect","Find the perfect birthday party venue in Ranavav Road, Junagadh. Compare halls, farmhouses & party plots near Ranavav Road. Get instant leads & free quotes on VenueConnect.","Best Birthday Party Venues in Ranavav Road, Junagadh",birthday party venues in Ranavav Road Junagadh,"birthday party venue Ranavav Road, birthday party hall near Ranavav Road Junagadh, birthday party venue near Ranavav Road",Transactional (Hyper-local),High
Event + City Area,"Engagement Venues in Ranavav Road, Junagadh | VenueConnect",/junagadh/ranavav-road/engagement-venues/,"Best Engagement Venues in Ranavav Road, Junagadh | Book Near You - VenueConnect","Find the perfect engagement venue in Ranavav Road, Junagadh. Compare halls, farmhouses & party plots near Ranavav Road. Get instant leads & free quotes on VenueConnect.","Best Engagement Venues in Ranavav Road, Junagadh",engagement venues in Ranavav Road Junagadh,"engagement venue Ranavav Road, engagement hall near Ranavav Road Junagadh, engagement venue near Ranavav Road",Transactional (Hyper-local),High
Event + City Area,"Corporate Event Venues in Ranavav Road, Junagadh | VenueConnect",/junagadh/ranavav-road/corporate-event-venues/,"Best Corporate Event Venues in Ranavav Road, Junagadh | Book Near You - VenueConnect","Find the perfect corporate event venue in Ranavav Road, Junagadh. Compare halls, farmhouses & party plots near Ranavav Road. Get instant leads & free quotes on VenueConnect.","Best Corporate Event Venues in Ranavav Road, Junagadh",corporate event venues in Ranavav Road Junagadh,"corporate event venue Ranavav Road, corporate event hall near Ranavav Road Junagadh, corporate event venue near Ranavav Road",Transactional (Hyper-local),High
Event + City Area,"Reception Venues in Ranavav Road, Junagadh | VenueConnect",/junagadh/ranavav-road/reception-venues/,"Best Reception Venues in Ranavav Road, Junagadh | Book Near You - VenueConnect","Find the perfect reception venue in Ranavav Road, Junagadh. Compare halls, farmhouses & party plots near Ranavav Road. Get instant leads & free quotes on VenueConnect.","Best Reception Venues in Ranavav Road, Junagadh",reception venues in Ranavav Road Junagadh,"reception venue Ranavav Road, reception hall near Ranavav Road Junagadh, reception venue near Ranavav Road",Transactional (Hyper-local),High
Event + City Area,"Wedding Venues in Bhavnath, Junagadh | VenueConnect",/junagadh/bhavnath/wedding-venues/,"Best Wedding Venues in Bhavnath, Junagadh | Book Near You - VenueConnect","Find the perfect wedding venue in Bhavnath, Junagadh. Compare halls, farmhouses & party plots near Bhavnath. Get instant leads & free quotes on VenueConnect.","Best Wedding Venues in Bhavnath, Junagadh",wedding venues in Bhavnath Junagadh,"wedding venue Bhavnath, wedding hall near Bhavnath Junagadh, wedding venue near Bhavnath",Transactional (Hyper-local),High
Event + City Area,"Birthday Party Venues in Bhavnath, Junagadh | VenueConnect",/junagadh/bhavnath/birthday-party-venues/,"Best Birthday Party Venues in Bhavnath, Junagadh | Book Near You - VenueConnect","Find the perfect birthday party venue in Bhavnath, Junagadh. Compare halls, farmhouses & party plots near Bhavnath. Get instant leads & free quotes on VenueConnect.","Best Birthday Party Venues in Bhavnath, Junagadh",birthday party venues in Bhavnath Junagadh,"birthday party venue Bhavnath, birthday party hall near Bhavnath Junagadh, birthday party venue near Bhavnath",Transactional (Hyper-local),High
Event + City Area,"Engagement Venues in Bhavnath, Junagadh | VenueConnect",/junagadh/bhavnath/engagement-venues/,"Best Engagement Venues in Bhavnath, Junagadh | Book Near You - VenueConnect","Find the perfect engagement venue in Bhavnath, Junagadh. Compare halls, farmhouses & party plots near Bhavnath. Get instant leads & free quotes on VenueConnect.","Best Engagement Venues in Bhavnath, Junagadh",engagement venues in Bhavnath Junagadh,"engagement venue Bhavnath, engagement hall near Bhavnath Junagadh, engagement venue near Bhavnath",Transactional (Hyper-local),High
Event + City Area,"Corporate Event Venues in Bhavnath, Junagadh | VenueConnect",/junagadh/bhavnath/corporate-event-venues/,"Best Corporate Event Venues in Bhavnath, Junagadh | Book Near You - VenueConnect","Find the perfect corporate event venue in Bhavnath, Junagadh. Compare halls, farmhouses & party plots near Bhavnath. Get instant leads & free quotes on VenueConnect.","Best Corporate Event Venues in Bhavnath, Junagadh",corporate event venues in Bhavnath Junagadh,"corporate event venue Bhavnath, corporate event hall near Bhavnath Junagadh, corporate event venue near Bhavnath",Transactional (Hyper-local),High
Event + City Area,"Reception Venues in Bhavnath, Junagadh | VenueConnect",/junagadh/bhavnath/reception-venues/,"Best Reception Venues in Bhavnath, Junagadh | Book Near You - VenueConnect","Find the perfect reception venue in Bhavnath, Junagadh. Compare halls, farmhouses & party plots near Bhavnath. Get instant leads & free quotes on VenueConnect.","Best Reception Venues in Bhavnath, Junagadh",reception venues in Bhavnath Junagadh,"reception venue Bhavnath, reception hall near Bhavnath Junagadh, reception venue near Bhavnath",Transactional (Hyper-local),High
Event + City Area,"Wedding Venues in Shapur, Junagadh | VenueConnect",/junagadh/shapur/wedding-venues/,"Best Wedding Venues in Shapur, Junagadh | Book Near You - VenueConnect","Find the perfect wedding venue in Shapur, Junagadh. Compare halls, farmhouses & party plots near Shapur. Get instant leads & free quotes on VenueConnect.","Best Wedding Venues in Shapur, Junagadh",wedding venues in Shapur Junagadh,"wedding venue Shapur, wedding hall near Shapur Junagadh, wedding venue near Shapur",Transactional (Hyper-local),High
Event + City Area,"Birthday Party Venues in Shapur, Junagadh | VenueConnect",/junagadh/shapur/birthday-party-venues/,"Best Birthday Party Venues in Shapur, Junagadh | Book Near You - VenueConnect","Find the perfect birthday party venue in Shapur, Junagadh. Compare halls, farmhouses & party plots near Shapur. Get instant leads & free quotes on VenueConnect.","Best Birthday Party Venues in Shapur, Junagadh",birthday party venues in Shapur Junagadh,"birthday party venue Shapur, birthday party hall near Shapur Junagadh, birthday party venue near Shapur",Transactional (Hyper-local),High
Event + City Area,"Engagement Venues in Shapur, Junagadh | VenueConnect",/junagadh/shapur/engagement-venues/,"Best Engagement Venues in Shapur, Junagadh | Book Near You - VenueConnect","Find the perfect engagement venue in Shapur, Junagadh. Compare halls, farmhouses & party plots near Shapur. Get instant leads & free quotes on VenueConnect.","Best Engagement Venues in Shapur, Junagadh",engagement venues in Shapur Junagadh,"engagement venue Shapur, engagement hall near Shapur Junagadh, engagement venue near Shapur",Transactional (Hyper-local),High
Event + City Area,"Corporate Event Venues in Shapur, Junagadh | VenueConnect",/junagadh/shapur/corporate-event-venues/,"Best Corporate Event Venues in Shapur, Junagadh | Book Near You - VenueConnect","Find the perfect corporate event venue in Shapur, Junagadh. Compare halls, farmhouses & party plots near Shapur. Get instant leads & free quotes on VenueConnect.","Best Corporate Event Venues in Shapur, Junagadh",corporate event venues in Shapur Junagadh,"corporate event venue Shapur, corporate event hall near Shapur Junagadh, corporate event venue near Shapur",Transactional (Hyper-local),High
Event + City Area,"Reception Venues in Shapur, Junagadh | VenueConnect",/junagadh/shapur/reception-venues/,"Best Reception Venues in Shapur, Junagadh | Book Near You - VenueConnect","Find the perfect reception venue in Shapur, Junagadh. Compare halls, farmhouses & party plots near Shapur. Get instant leads & free quotes on VenueConnect.","Best Reception Venues in Shapur, Junagadh",reception venues in Shapur Junagadh,"reception venue Shapur, reception hall near Shapur Junagadh, reception venue near Shapur",Transactional (Hyper-local),High
Event + City Area,"Wedding Venues in College Road, Junagadh | VenueConnect",/junagadh/college-road/wedding-venues/,"Best Wedding Venues in College Road, Junagadh | Book Near You - VenueConnect","Find the perfect wedding venue in College Road, Junagadh. Compare halls, farmhouses & party plots near College Road. Get instant leads & free quotes on VenueConnect.","Best Wedding Venues in College Road, Junagadh",wedding venues in College Road Junagadh,"wedding venue College Road, wedding hall near College Road Junagadh, wedding venue near College Road",Transactional (Hyper-local),High
Event + City Area,"Birthday Party Venues in College Road, Junagadh | VenueConnect",/junagadh/college-road/birthday-party-venues/,"Best Birthday Party Venues in College Road, Junagadh | Book Near You - VenueConnect","Find the perfect birthday party venue in College Road, Junagadh. Compare halls, farmhouses & party plots near College Road. Get instant leads & free quotes on VenueConnect.","Best Birthday Party Venues in College Road, Junagadh",birthday party venues in College Road Junagadh,"birthday party venue College Road, birthday party hall near College Road Junagadh, birthday party venue near College Road",Transactional (Hyper-local),High
Event + City Area,"Engagement Venues in College Road, Junagadh | VenueConnect",/junagadh/college-road/engagement-venues/,"Best Engagement Venues in College Road, Junagadh | Book Near You - VenueConnect","Find the perfect engagement venue in College Road, Junagadh. Compare halls, farmhouses & party plots near College Road. Get instant leads & free quotes on VenueConnect.","Best Engagement Venues in College Road, Junagadh",engagement venues in College Road Junagadh,"engagement venue College Road, engagement hall near College Road Junagadh, engagement venue near College Road",Transactional (Hyper-local),High
Event + City Area,"Corporate Event Venues in College Road, Junagadh | VenueConnect",/junagadh/college-road/corporate-event-venues/,"Best Corporate Event Venues in College Road, Junagadh | Book Near You - VenueConnect","Find the perfect corporate event venue in College Road, Junagadh. Compare halls, farmhouses & party plots near College Road. Get instant leads & free quotes on VenueConnect.","Best Corporate Event Venues in College Road, Junagadh",corporate event venues in College Road Junagadh,"corporate event venue College Road, corporate event hall near College Road Junagadh, corporate event venue near College Road",Transactional (Hyper-local),High
Event + City Area,"Reception Venues in College Road, Junagadh | VenueConnect",/junagadh/college-road/reception-venues/,"Best Reception Venues in College Road, Junagadh | Book Near You - VenueConnect","Find the perfect reception venue in College Road, Junagadh. Compare halls, farmhouses & party plots near College Road. Get instant leads & free quotes on VenueConnect.","Best Reception Venues in College Road, Junagadh",reception venues in College Road Junagadh,"reception venue College Road, reception hall near College Road Junagadh, reception venue near College Road",Transactional (Hyper-local),High
Event + City Area,"Wedding Venues in Sardar Bagh, Junagadh | VenueConnect",/junagadh/sardar-bagh/wedding-venues/,"Best Wedding Venues in Sardar Bagh, Junagadh | Book Near You - VenueConnect","Find the perfect wedding venue in Sardar Bagh, Junagadh. Compare halls, farmhouses & party plots near Sardar Bagh. Get instant leads & free quotes on VenueConnect.","Best Wedding Venues in Sardar Bagh, Junagadh",wedding venues in Sardar Bagh Junagadh,"wedding venue Sardar Bagh, wedding hall near Sardar Bagh Junagadh, wedding venue near Sardar Bagh",Transactional (Hyper-local),High
Event + City Area,"Birthday Party Venues in Sardar Bagh, Junagadh | VenueConnect",/junagadh/sardar-bagh/birthday-party-venues/,"Best Birthday Party Venues in Sardar Bagh, Junagadh | Book Near You - VenueConnect","Find the perfect birthday party venue in Sardar Bagh, Junagadh. Compare halls, farmhouses & party plots near Sardar Bagh. Get instant leads & free quotes on VenueConnect.","Best Birthday Party Venues in Sardar Bagh, Junagadh",birthday party venues in Sardar Bagh Junagadh,"birthday party venue Sardar Bagh, birthday party hall near Sardar Bagh Junagadh, birthday party venue near Sardar Bagh",Transactional (Hyper-local),High
Event + City Area,"Engagement Venues in Sardar Bagh, Junagadh | VenueConnect",/junagadh/sardar-bagh/engagement-venues/,"Best Engagement Venues in Sardar Bagh, Junagadh | Book Near You - VenueConnect","Find the perfect engagement venue in Sardar Bagh, Junagadh. Compare halls, farmhouses & party plots near Sardar Bagh. Get instant leads & free quotes on VenueConnect.","Best Engagement Venues in Sardar Bagh, Junagadh",engagement venues in Sardar Bagh Junagadh,"engagement venue Sardar Bagh, engagement hall near Sardar Bagh Junagadh, engagement venue near Sardar Bagh",Transactional (Hyper-local),High
Event + City Area,"Corporate Event Venues in Sardar Bagh, Junagadh | VenueConnect",/junagadh/sardar-bagh/corporate-event-venues/,"Best Corporate Event Venues in Sardar Bagh, Junagadh | Book Near You - VenueConnect","Find the perfect corporate event venue in Sardar Bagh, Junagadh. Compare halls, farmhouses & party plots near Sardar Bagh. Get instant leads & free quotes on VenueConnect.","Best Corporate Event Venues in Sardar Bagh, Junagadh",corporate event venues in Sardar Bagh Junagadh,"corporate event venue Sardar Bagh, corporate event hall near Sardar Bagh Junagadh, corporate event venue near Sardar Bagh",Transactional (Hyper-local),High
Event + City Area,"Reception Venues in Sardar Bagh, Junagadh | VenueConnect",/junagadh/sardar-bagh/reception-venues/,"Best Reception Venues in Sardar Bagh, Junagadh | Book Near You - VenueConnect","Find the perfect reception venue in Sardar Bagh, Junagadh. Compare halls, farmhouses & party plots near Sardar Bagh. Get instant leads & free quotes on VenueConnect.","Best Reception Venues in Sardar Bagh, Junagadh",reception venues in Sardar Bagh Junagadh,"reception venue Sardar Bagh, reception hall near Sardar Bagh Junagadh, reception venue near Sardar Bagh",Transactional (Hyper-local),High
Event + City Area,"Wedding Venues in Dhal Road, Junagadh | VenueConnect",/junagadh/dhal-road/wedding-venues/,"Best Wedding Venues in Dhal Road, Junagadh | Book Near You - VenueConnect","Find the perfect wedding venue in Dhal Road, Junagadh. Compare halls, farmhouses & party plots near Dhal Road. Get instant leads & free quotes on VenueConnect.","Best Wedding Venues in Dhal Road, Junagadh",wedding venues in Dhal Road Junagadh,"wedding venue Dhal Road, wedding hall near Dhal Road Junagadh, wedding venue near Dhal Road",Transactional (Hyper-local),High
Event + City Area,"Birthday Party Venues in Dhal Road, Junagadh | VenueConnect",/junagadh/dhal-road/birthday-party-venues/,"Best Birthday Party Venues in Dhal Road, Junagadh | Book Near You - VenueConnect","Find the perfect birthday party venue in Dhal Road, Junagadh. Compare halls, farmhouses & party plots near Dhal Road. Get instant leads & free quotes on VenueConnect.","Best Birthday Party Venues in Dhal Road, Junagadh",birthday party venues in Dhal Road Junagadh,"birthday party venue Dhal Road, birthday party hall near Dhal Road Junagadh, birthday party venue near Dhal Road",Transactional (Hyper-local),High
Event + City Area,"Engagement Venues in Dhal Road, Junagadh | VenueConnect",/junagadh/dhal-road/engagement-venues/,"Best Engagement Venues in Dhal Road, Junagadh | Book Near You - VenueConnect","Find the perfect engagement venue in Dhal Road, Junagadh. Compare halls, farmhouses & party plots near Dhal Road. Get instant leads & free quotes on VenueConnect.","Best Engagement Venues in Dhal Road, Junagadh",engagement venues in Dhal Road Junagadh,"engagement venue Dhal Road, engagement hall near Dhal Road Junagadh, engagement venue near Dhal Road",Transactional (Hyper-local),High
Event + City Area,"Corporate Event Venues in Dhal Road, Junagadh | VenueConnect",/junagadh/dhal-road/corporate-event-venues/,"Best Corporate Event Venues in Dhal Road, Junagadh | Book Near You - VenueConnect","Find the perfect corporate event venue in Dhal Road, Junagadh. Compare halls, farmhouses & party plots near Dhal Road. Get instant leads & free quotes on VenueConnect.","Best Corporate Event Venues in Dhal Road, Junagadh",corporate event venues in Dhal Road Junagadh,"corporate event venue Dhal Road, corporate event hall near Dhal Road Junagadh, corporate event venue near Dhal Road",Transactional (Hyper-local),High
Event + City Area,"Reception Venues in Dhal Road, Junagadh | VenueConnect",/junagadh/dhal-road/reception-venues/,"Best Reception Venues in Dhal Road, Junagadh | Book Near You - VenueConnect","Find the perfect reception venue in Dhal Road, Junagadh. Compare halls, farmhouses & party plots near Dhal Road. Get instant leads & free quotes on VenueConnect.","Best Reception Venues in Dhal Road, Junagadh",reception venues in Dhal Road Junagadh,"reception venue Dhal Road, reception hall near Dhal Road Junagadh, reception venue near Dhal Road",Transactional (Hyper-local),High
Event + City Area,"Wedding Venues in Gir Road, Junagadh | VenueConnect",/junagadh/gir-road/wedding-venues/,"Best Wedding Venues in Gir Road, Junagadh | Book Near You - VenueConnect","Find the perfect wedding venue in Gir Road, Junagadh. Compare halls, farmhouses & party plots near Gir Road. Get instant leads & free quotes on VenueConnect.","Best Wedding Venues in Gir Road, Junagadh",wedding venues in Gir Road Junagadh,"wedding venue Gir Road, wedding hall near Gir Road Junagadh, wedding venue near Gir Road",Transactional (Hyper-local),High
Event + City Area,"Birthday Party Venues in Gir Road, Junagadh | VenueConnect",/junagadh/gir-road/birthday-party-venues/,"Best Birthday Party Venues in Gir Road, Junagadh | Book Near You - VenueConnect","Find the perfect birthday party venue in Gir Road, Junagadh. Compare halls, farmhouses & party plots near Gir Road. Get instant leads & free quotes on VenueConnect.","Best Birthday Party Venues in Gir Road, Junagadh",birthday party venues in Gir Road Junagadh,"birthday party venue Gir Road, birthday party hall near Gir Road Junagadh, birthday party venue near Gir Road",Transactional (Hyper-local),High
Event + City Area,"Engagement Venues in Gir Road, Junagadh | VenueConnect",/junagadh/gir-road/engagement-venues/,"Best Engagement Venues in Gir Road, Junagadh | Book Near You - VenueConnect","Find the perfect engagement venue in Gir Road, Junagadh. Compare halls, farmhouses & party plots near Gir Road. Get instant leads & free quotes on VenueConnect.","Best Engagement Venues in Gir Road, Junagadh",engagement venues in Gir Road Junagadh,"engagement venue Gir Road, engagement hall near Gir Road Junagadh, engagement venue near Gir Road",Transactional (Hyper-local),High
Event + City Area,"Corporate Event Venues in Gir Road, Junagadh | VenueConnect",/junagadh/gir-road/corporate-event-venues/,"Best Corporate Event Venues in Gir Road, Junagadh | Book Near You - VenueConnect","Find the perfect corporate event venue in Gir Road, Junagadh. Compare halls, farmhouses & party plots near Gir Road. Get instant leads & free quotes on VenueConnect.","Best Corporate Event Venues in Gir Road, Junagadh",corporate event venues in Gir Road Junagadh,"corporate event venue Gir Road, corporate event hall near Gir Road Junagadh, corporate event venue near Gir Road",Transactional (Hyper-local),High
Event + City Area,"Reception Venues in Gir Road, Junagadh | VenueConnect",/junagadh/gir-road/reception-venues/,"Best Reception Venues in Gir Road, Junagadh | Book Near You - VenueConnect","Find the perfect reception venue in Gir Road, Junagadh. Compare halls, farmhouses & party plots near Gir Road. Get instant leads & free quotes on VenueConnect.","Best Reception Venues in Gir Road, Junagadh",reception venues in Gir Road Junagadh,"reception venue Gir Road, reception hall near Gir Road Junagadh, reception venue near Gir Road",Transactional (Hyper-local),High
Event + City Area,"Wedding Venues in Junagadh Station Road, Junagadh | VenueConnect",/junagadh/junagadh-station-road/wedding-venues/,"Best Wedding Venues in Junagadh Station Road, Junagadh | Book Near You - VenueConnect","Find the perfect wedding venue in Junagadh Station Road, Junagadh. Compare halls, farmhouses & party plots near Junagadh Station Road. Get instant leads & free quotes on VenueConnect.","Best Wedding Venues in Junagadh Station Road, Junagadh",wedding venues in Junagadh Station Road Junagadh,"wedding venue Junagadh Station Road, wedding hall near Junagadh Station Road Junagadh, wedding venue near Junagadh Station Road",Transactional (Hyper-local),High
Event + City Area,"Birthday Party Venues in Junagadh Station Road, Junagadh | VenueConnect",/junagadh/junagadh-station-road/birthday-party-venues/,"Best Birthday Party Venues in Junagadh Station Road, Junagadh | Book Near You - VenueConnect","Find the perfect birthday party venue in Junagadh Station Road, Junagadh. Compare halls, farmhouses & party plots near Junagadh Station Road. Get instant leads & free quotes on VenueConnect.","Best Birthday Party Venues in Junagadh Station Road, Junagadh",birthday party venues in Junagadh Station Road Junagadh,"birthday party venue Junagadh Station Road, birthday party hall near Junagadh Station Road Junagadh, birthday party venue near Junagadh Station Road",Transactional (Hyper-local),High
Event + City Area,"Engagement Venues in Junagadh Station Road, Junagadh | VenueConnect",/junagadh/junagadh-station-road/engagement-venues/,"Best Engagement Venues in Junagadh Station Road, Junagadh | Book Near You - VenueConnect","Find the perfect engagement venue in Junagadh Station Road, Junagadh. Compare halls, farmhouses & party plots near Junagadh Station Road. Get instant leads & free quotes on VenueConnect.","Best Engagement Venues in Junagadh Station Road, Junagadh",engagement venues in Junagadh Station Road Junagadh,"engagement venue Junagadh Station Road, engagement hall near Junagadh Station Road Junagadh, engagement venue near Junagadh Station Road",Transactional (Hyper-local),High
Event + City Area,"Corporate Event Venues in Junagadh Station Road, Junagadh | VenueConnect",/junagadh/junagadh-station-road/corporate-event-venues/,"Best Corporate Event Venues in Junagadh Station Road, Junagadh | Book Near You - VenueConnect","Find the perfect corporate event venue in Junagadh Station Road, Junagadh. Compare halls, farmhouses & party plots near Junagadh Station Road. Get instant leads & free quotes on VenueConnect.","Best Corporate Event Venues in Junagadh Station Road, Junagadh",corporate event venues in Junagadh Station Road Junagadh,"corporate event venue Junagadh Station Road, corporate event hall near Junagadh Station Road Junagadh, corporate event venue near Junagadh Station Road",Transactional (Hyper-local),High
Event + City Area,"Reception Venues in Junagadh Station Road, Junagadh | VenueConnect",/junagadh/junagadh-station-road/reception-venues/,"Best Reception Venues in Junagadh Station Road, Junagadh | Book Near You - VenueConnect","Find the perfect reception venue in Junagadh Station Road, Junagadh. Compare halls, farmhouses & party plots near Junagadh Station Road. Get instant leads & free quotes on VenueConnect.","Best Reception Venues in Junagadh Station Road, Junagadh",reception venues in Junagadh Station Road Junagadh,"reception venue Junagadh Station Road, reception hall near Junagadh Station Road Junagadh, reception venue near Junagadh Station Road",Transactional (Hyper-local),High
Event + City Area,"Wedding Venues in Keshod Road, Junagadh | VenueConnect",/junagadh/keshod-road/wedding-venues/,"Best Wedding Venues in Keshod Road, Junagadh | Book Near You - VenueConnect","Find the perfect wedding venue in Keshod Road, Junagadh. Compare halls, farmhouses & party plots near Keshod Road. Get instant leads & free quotes on VenueConnect.","Best Wedding Venues in Keshod Road, Junagadh",wedding venues in Keshod Road Junagadh,"wedding venue Keshod Road, wedding hall near Keshod Road Junagadh, wedding venue near Keshod Road",Transactional (Hyper-local),High
Event + City Area,"Birthday Party Venues in Keshod Road, Junagadh | VenueConnect",/junagadh/keshod-road/birthday-party-venues/,"Best Birthday Party Venues in Keshod Road, Junagadh | Book Near You - VenueConnect","Find the perfect birthday party venue in Keshod Road, Junagadh. Compare halls, farmhouses & party plots near Keshod Road. Get instant leads & free quotes on VenueConnect.","Best Birthday Party Venues in Keshod Road, Junagadh",birthday party venues in Keshod Road Junagadh,"birthday party venue Keshod Road, birthday party hall near Keshod Road Junagadh, birthday party venue near Keshod Road",Transactional (Hyper-local),High
Event + City Area,"Engagement Venues in Keshod Road, Junagadh | VenueConnect",/junagadh/keshod-road/engagement-venues/,"Best Engagement Venues in Keshod Road, Junagadh | Book Near You - VenueConnect","Find the perfect engagement venue in Keshod Road, Junagadh. Compare halls, farmhouses & party plots near Keshod Road. Get instant leads & free quotes on VenueConnect.","Best Engagement Venues in Keshod Road, Junagadh",engagement venues in Keshod Road Junagadh,"engagement venue Keshod Road, engagement hall near Keshod Road Junagadh, engagement venue near Keshod Road",Transactional (Hyper-local),High
Event + City Area,"Corporate Event Venues in Keshod Road, Junagadh | VenueConnect",/junagadh/keshod-road/corporate-event-venues/,"Best Corporate Event Venues in Keshod Road, Junagadh | Book Near You - VenueConnect","Find the perfect corporate event venue in Keshod Road, Junagadh. Compare halls, farmhouses & party plots near Keshod Road. Get instant leads & free quotes on VenueConnect.","Best Corporate Event Venues in Keshod Road, Junagadh",corporate event venues in Keshod Road Junagadh,"corporate event venue Keshod Road, corporate event hall near Keshod Road Junagadh, corporate event venue near Keshod Road",Transactional (Hyper-local),High
Event + City Area,"Reception Venues in Keshod Road, Junagadh | VenueConnect",/junagadh/keshod-road/reception-venues/,"Best Reception Venues in Keshod Road, Junagadh | Book Near You - VenueConnect","Find the perfect reception venue in Keshod Road, Junagadh. Compare halls, farmhouses & party plots near Keshod Road. Get instant leads & free quotes on VenueConnect.","Best Reception Venues in Keshod Road, Junagadh",reception venues in Keshod Road Junagadh,"reception venue Keshod Road, reception hall near Keshod Road Junagadh, reception venue near Keshod Road",Transactional (Hyper-local),High
Event + City Area,"Wedding Venues in Majewadi Gate, Junagadh | VenueConnect",/junagadh/majewadi-gate/wedding-venues/,"Best Wedding Venues in Majewadi Gate, Junagadh | Book Near You - VenueConnect","Find the perfect wedding venue in Majewadi Gate, Junagadh. Compare halls, farmhouses & party plots near Majewadi Gate. Get instant leads & free quotes on VenueConnect.","Best Wedding Venues in Majewadi Gate, Junagadh",wedding venues in Majewadi Gate Junagadh,"wedding venue Majewadi Gate, wedding hall near Majewadi Gate Junagadh, wedding venue near Majewadi Gate",Transactional (Hyper-local),High
Event + City Area,"Birthday Party Venues in Majewadi Gate, Junagadh | VenueConnect",/junagadh/majewadi-gate/birthday-party-venues/,"Best Birthday Party Venues in Majewadi Gate, Junagadh | Book Near You - VenueConnect","Find the perfect birthday party venue in Majewadi Gate, Junagadh. Compare halls, farmhouses & party plots near Majewadi Gate. Get instant leads & free quotes on VenueConnect.","Best Birthday Party Venues in Majewadi Gate, Junagadh",birthday party venues in Majewadi Gate Junagadh,"birthday party venue Majewadi Gate, birthday party hall near Majewadi Gate Junagadh, birthday party venue near Majewadi Gate",Transactional (Hyper-local),High
Event + City Area,"Engagement Venues in Majewadi Gate, Junagadh | VenueConnect",/junagadh/majewadi-gate/engagement-venues/,"Best Engagement Venues in Majewadi Gate, Junagadh | Book Near You - VenueConnect","Find the perfect engagement venue in Majewadi Gate, Junagadh. Compare halls, farmhouses & party plots near Majewadi Gate. Get instant leads & free quotes on VenueConnect.","Best Engagement Venues in Majewadi Gate, Junagadh",engagement venues in Majewadi Gate Junagadh,"engagement venue Majewadi Gate, engagement hall near Majewadi Gate Junagadh, engagement venue near Majewadi Gate",Transactional (Hyper-local),High
Event + City Area,"Corporate Event Venues in Majewadi Gate, Junagadh | VenueConnect",/junagadh/majewadi-gate/corporate-event-venues/,"Best Corporate Event Venues in Majewadi Gate, Junagadh | Book Near You - VenueConnect","Find the perfect corporate event venue in Majewadi Gate, Junagadh. Compare halls, farmhouses & party plots near Majewadi Gate. Get instant leads & free quotes on VenueConnect.","Best Corporate Event Venues in Majewadi Gate, Junagadh",corporate event venues in Majewadi Gate Junagadh,"corporate event venue Majewadi Gate, corporate event hall near Majewadi Gate Junagadh, corporate event venue near Majewadi Gate",Transactional (Hyper-local),High
Event + City Area,"Reception Venues in Majewadi Gate, Junagadh | VenueConnect",/junagadh/majewadi-gate/reception-venues/,"Best Reception Venues in Majewadi Gate, Junagadh | Book Near You - VenueConnect","Find the perfect reception venue in Majewadi Gate, Junagadh. Compare halls, farmhouses & party plots near Majewadi Gate. Get instant leads & free quotes on VenueConnect.","Best Reception Venues in Majewadi Gate, Junagadh",reception venues in Majewadi Gate Junagadh,"reception venue Majewadi Gate, reception hall near Majewadi Gate Junagadh, reception venue near Majewadi Gate",Transactional (Hyper-local),High
Event + City Area,"Wedding Venues in Manavadar Road, Junagadh | VenueConnect",/junagadh/manavadar-road/wedding-venues/,"Best Wedding Venues in Manavadar Road, Junagadh | Book Near You - VenueConnect","Find the perfect wedding venue in Manavadar Road, Junagadh. Compare halls, farmhouses & party plots near Manavadar Road. Get instant leads & free quotes on VenueConnect.","Best Wedding Venues in Manavadar Road, Junagadh",wedding venues in Manavadar Road Junagadh,"wedding venue Manavadar Road, wedding hall near Manavadar Road Junagadh, wedding venue near Manavadar Road",Transactional (Hyper-local),High
Event + City Area,"Birthday Party Venues in Manavadar Road, Junagadh | VenueConnect",/junagadh/manavadar-road/birthday-party-venues/,"Best Birthday Party Venues in Manavadar Road, Junagadh | Book Near You - VenueConnect","Find the perfect birthday party venue in Manavadar Road, Junagadh. Compare halls, farmhouses & party plots near Manavadar Road. Get instant leads & free quotes on VenueConnect.","Best Birthday Party Venues in Manavadar Road, Junagadh",birthday party venues in Manavadar Road Junagadh,"birthday party venue Manavadar Road, birthday party hall near Manavadar Road Junagadh, birthday party venue near Manavadar Road",Transactional (Hyper-local),High
Event + City Area,"Engagement Venues in Manavadar Road, Junagadh | VenueConnect",/junagadh/manavadar-road/engagement-venues/,"Best Engagement Venues in Manavadar Road, Junagadh | Book Near You - VenueConnect","Find the perfect engagement venue in Manavadar Road, Junagadh. Compare halls, farmhouses & party plots near Manavadar Road. Get instant leads & free quotes on VenueConnect.","Best Engagement Venues in Manavadar Road, Junagadh",engagement venues in Manavadar Road Junagadh,"engagement venue Manavadar Road, engagement hall near Manavadar Road Junagadh, engagement venue near Manavadar Road",Transactional (Hyper-local),High
Event + City Area,"Corporate Event Venues in Manavadar Road, Junagadh | VenueConnect",/junagadh/manavadar-road/corporate-event-venues/,"Best Corporate Event Venues in Manavadar Road, Junagadh | Book Near You - VenueConnect","Find the perfect corporate event venue in Manavadar Road, Junagadh. Compare halls, farmhouses & party plots near Manavadar Road. Get instant leads & free quotes on VenueConnect.","Best Corporate Event Venues in Manavadar Road, Junagadh",corporate event venues in Manavadar Road Junagadh,"corporate event venue Manavadar Road, corporate event hall near Manavadar Road Junagadh, corporate event venue near Manavadar Road",Transactional (Hyper-local),High
Event + City Area,"Reception Venues in Manavadar Road, Junagadh | VenueConnect",/junagadh/manavadar-road/reception-venues/,"Best Reception Venues in Manavadar Road, Junagadh | Book Near You - VenueConnect","Find the perfect reception venue in Manavadar Road, Junagadh. Compare halls, farmhouses & party plots near Manavadar Road. Get instant leads & free quotes on VenueConnect.","Best Reception Venues in Manavadar Road, Junagadh",reception venues in Manavadar Road Junagadh,"reception venue Manavadar Road, reception hall near Manavadar Road Junagadh, reception venue near Manavadar Road",Transactional (Hyper-local),High
Event + City Area,"Wedding Venues in Mendarda Road, Junagadh | VenueConnect",/junagadh/mendarda-road/wedding-venues/,"Best Wedding Venues in Mendarda Road, Junagadh | Book Near You - VenueConnect","Find the perfect wedding venue in Mendarda Road, Junagadh. Compare halls, farmhouses & party plots near Mendarda Road. Get instant leads & free quotes on VenueConnect.","Best Wedding Venues in Mendarda Road, Junagadh",wedding venues in Mendarda Road Junagadh,"wedding venue Mendarda Road, wedding hall near Mendarda Road Junagadh, wedding venue near Mendarda Road",Transactional (Hyper-local),High
Event + City Area,"Birthday Party Venues in Mendarda Road, Junagadh | VenueConnect",/junagadh/mendarda-road/birthday-party-venues/,"Best Birthday Party Venues in Mendarda Road, Junagadh | Book Near You - VenueConnect","Find the perfect birthday party venue in Mendarda Road, Junagadh. Compare halls, farmhouses & party plots near Mendarda Road. Get instant leads & free quotes on VenueConnect.","Best Birthday Party Venues in Mendarda Road, Junagadh",birthday party venues in Mendarda Road Junagadh,"birthday party venue Mendarda Road, birthday party hall near Mendarda Road Junagadh, birthday party venue near Mendarda Road",Transactional (Hyper-local),High
Event + City Area,"Engagement Venues in Mendarda Road, Junagadh | VenueConnect",/junagadh/mendarda-road/engagement-venues/,"Best Engagement Venues in Mendarda Road, Junagadh | Book Near You - VenueConnect","Find the perfect engagement venue in Mendarda Road, Junagadh. Compare halls, farmhouses & party plots near Mendarda Road. Get instant leads & free quotes on VenueConnect.","Best Engagement Venues in Mendarda Road, Junagadh",engagement venues in Mendarda Road Junagadh,"engagement venue Mendarda Road, engagement hall near Mendarda Road Junagadh, engagement venue near Mendarda Road",Transactional (Hyper-local),High
Event + City Area,"Corporate Event Venues in Mendarda Road, Junagadh | VenueConnect",/junagadh/mendarda-road/corporate-event-venues/,"Best Corporate Event Venues in Mendarda Road, Junagadh | Book Near You - VenueConnect","Find the perfect corporate event venue in Mendarda Road, Junagadh. Compare halls, farmhouses & party plots near Mendarda Road. Get instant leads & free quotes on VenueConnect.","Best Corporate Event Venues in Mendarda Road, Junagadh",corporate event venues in Mendarda Road Junagadh,"corporate event venue Mendarda Road, corporate event hall near Mendarda Road Junagadh, corporate event venue near Mendarda Road",Transactional (Hyper-local),High
Event + City Area,"Reception Venues in Mendarda Road, Junagadh | VenueConnect",/junagadh/mendarda-road/reception-venues/,"Best Reception Venues in Mendarda Road, Junagadh | Book Near You - VenueConnect","Find the perfect reception venue in Mendarda Road, Junagadh. Compare halls, farmhouses & party plots near Mendarda Road. Get instant leads & free quotes on VenueConnect.","Best Reception Venues in Mendarda Road, Junagadh",reception venues in Mendarda Road Junagadh,"reception venue Mendarda Road, reception hall near Mendarda Road Junagadh, reception venue near Mendarda Road",Transactional (Hyper-local),High
Event + City Area,"Wedding Venues in Nana Bazar, Junagadh | VenueConnect",/junagadh/nana-bazar/wedding-venues/,"Best Wedding Venues in Nana Bazar, Junagadh | Book Near You - VenueConnect","Find the perfect wedding venue in Nana Bazar, Junagadh. Compare halls, farmhouses & party plots near Nana Bazar. Get instant leads & free quotes on VenueConnect.","Best Wedding Venues in Nana Bazar, Junagadh",wedding venues in Nana Bazar Junagadh,"wedding venue Nana Bazar, wedding hall near Nana Bazar Junagadh, wedding venue near Nana Bazar",Transactional (Hyper-local),High
Event + City Area,"Birthday Party Venues in Nana Bazar, Junagadh | VenueConnect",/junagadh/nana-bazar/birthday-party-venues/,"Best Birthday Party Venues in Nana Bazar, Junagadh | Book Near You - VenueConnect","Find the perfect birthday party venue in Nana Bazar, Junagadh. Compare halls, farmhouses & party plots near Nana Bazar. Get instant leads & free quotes on VenueConnect.","Best Birthday Party Venues in Nana Bazar, Junagadh",birthday party venues in Nana Bazar Junagadh,"birthday party venue Nana Bazar, birthday party hall near Nana Bazar Junagadh, birthday party venue near Nana Bazar",Transactional (Hyper-local),High
Event + City Area,"Engagement Venues in Nana Bazar, Junagadh | VenueConnect",/junagadh/nana-bazar/engagement-venues/,"Best Engagement Venues in Nana Bazar, Junagadh | Book Near You - VenueConnect","Find the perfect engagement venue in Nana Bazar, Junagadh. Compare halls, farmhouses & party plots near Nana Bazar. Get instant leads & free quotes on VenueConnect.","Best Engagement Venues in Nana Bazar, Junagadh",engagement venues in Nana Bazar Junagadh,"engagement venue Nana Bazar, engagement hall near Nana Bazar Junagadh, engagement venue near Nana Bazar",Transactional (Hyper-local),High
Event + City Area,"Corporate Event Venues in Nana Bazar, Junagadh | VenueConnect",/junagadh/nana-bazar/corporate-event-venues/,"Best Corporate Event Venues in Nana Bazar, Junagadh | Book Near You - VenueConnect","Find the perfect corporate event venue in Nana Bazar, Junagadh. Compare halls, farmhouses & party plots near Nana Bazar. Get instant leads & free quotes on VenueConnect.","Best Corporate Event Venues in Nana Bazar, Junagadh",corporate event venues in Nana Bazar Junagadh,"corporate event venue Nana Bazar, corporate event hall near Nana Bazar Junagadh, corporate event venue near Nana Bazar",Transactional (Hyper-local),High
Event + City Area,"Reception Venues in Nana Bazar, Junagadh | VenueConnect",/junagadh/nana-bazar/reception-venues/,"Best Reception Venues in Nana Bazar, Junagadh | Book Near You - VenueConnect","Find the perfect reception venue in Nana Bazar, Junagadh. Compare halls, farmhouses & party plots near Nana Bazar. Get instant leads & free quotes on VenueConnect.","Best Reception Venues in Nana Bazar, Junagadh",reception venues in Nana Bazar Junagadh,"reception venue Nana Bazar, reception hall near Nana Bazar Junagadh, reception venue near Nana Bazar",Transactional (Hyper-local),High
Event + City Area,"Wedding Venues in Narsinh Mehta, Junagadh | VenueConnect",/junagadh/narsinh-mehta/wedding-venues/,"Best Wedding Venues in Narsinh Mehta, Junagadh | Book Near You - VenueConnect","Find the perfect wedding venue in Narsinh Mehta, Junagadh. Compare halls, farmhouses & party plots near Narsinh Mehta. Get instant leads & free quotes on VenueConnect.","Best Wedding Venues in Narsinh Mehta, Junagadh",wedding venues in Narsinh Mehta Junagadh,"wedding venue Narsinh Mehta, wedding hall near Narsinh Mehta Junagadh, wedding venue near Narsinh Mehta",Transactional (Hyper-local),High
Event + City Area,"Birthday Party Venues in Narsinh Mehta, Junagadh | VenueConnect",/junagadh/narsinh-mehta/birthday-party-venues/,"Best Birthday Party Venues in Narsinh Mehta, Junagadh | Book Near You - VenueConnect","Find the perfect birthday party venue in Narsinh Mehta, Junagadh. Compare halls, farmhouses & party plots near Narsinh Mehta. Get instant leads & free quotes on VenueConnect.","Best Birthday Party Venues in Narsinh Mehta, Junagadh",birthday party venues in Narsinh Mehta Junagadh,"birthday party venue Narsinh Mehta, birthday party hall near Narsinh Mehta Junagadh, birthday party venue near Narsinh Mehta",Transactional (Hyper-local),High
Event + City Area,"Engagement Venues in Narsinh Mehta, Junagadh | VenueConnect",/junagadh/narsinh-mehta/engagement-venues/,"Best Engagement Venues in Narsinh Mehta, Junagadh | Book Near You - VenueConnect","Find the perfect engagement venue in Narsinh Mehta, Junagadh. Compare halls, farmhouses & party plots near Narsinh Mehta. Get instant leads & free quotes on VenueConnect.","Best Engagement Venues in Narsinh Mehta, Junagadh",engagement venues in Narsinh Mehta Junagadh,"engagement venue Narsinh Mehta, engagement hall near Narsinh Mehta Junagadh, engagement venue near Narsinh Mehta",Transactional (Hyper-local),High
Event + City Area,"Corporate Event Venues in Narsinh Mehta, Junagadh | VenueConnect",/junagadh/narsinh-mehta/corporate-event-venues/,"Best Corporate Event Venues in Narsinh Mehta, Junagadh | Book Near You - VenueConnect","Find the perfect corporate event venue in Narsinh Mehta, Junagadh. Compare halls, farmhouses & party plots near Narsinh Mehta. Get instant leads & free quotes on VenueConnect.","Best Corporate Event Venues in Narsinh Mehta, Junagadh",corporate event venues in Narsinh Mehta Junagadh,"corporate event venue Narsinh Mehta, corporate event hall near Narsinh Mehta Junagadh, corporate event venue near Narsinh Mehta",Transactional (Hyper-local),High
Event + City Area,"Reception Venues in Narsinh Mehta, Junagadh | VenueConnect",/junagadh/narsinh-mehta/reception-venues/,"Best Reception Venues in Narsinh Mehta, Junagadh | Book Near You - VenueConnect","Find the perfect reception venue in Narsinh Mehta, Junagadh. Compare halls, farmhouses & party plots near Narsinh Mehta. Get instant leads & free quotes on VenueConnect.","Best Reception Venues in Narsinh Mehta, Junagadh",reception venues in Narsinh Mehta Junagadh,"reception venue Narsinh Mehta, reception hall near Narsinh Mehta Junagadh, reception venue near Narsinh Mehta",Transactional (Hyper-local),High
Event + City Area,"Wedding Venues in New Junagadh, Junagadh | VenueConnect",/junagadh/new-junagadh/wedding-venues/,"Best Wedding Venues in New Junagadh, Junagadh | Book Near You - VenueConnect","Find the perfect wedding venue in New Junagadh, Junagadh. Compare halls, farmhouses & party plots near New Junagadh. Get instant leads & free quotes on VenueConnect.","Best Wedding Venues in New Junagadh, Junagadh",wedding venues in New Junagadh Junagadh,"wedding venue New Junagadh, wedding hall near New Junagadh Junagadh, wedding venue near New Junagadh",Transactional (Hyper-local),High
Event + City Area,"Birthday Party Venues in New Junagadh, Junagadh | VenueConnect",/junagadh/new-junagadh/birthday-party-venues/,"Best Birthday Party Venues in New Junagadh, Junagadh | Book Near You - VenueConnect","Find the perfect birthday party venue in New Junagadh, Junagadh. Compare halls, farmhouses & party plots near New Junagadh. Get instant leads & free quotes on VenueConnect.","Best Birthday Party Venues in New Junagadh, Junagadh",birthday party venues in New Junagadh Junagadh,"birthday party venue New Junagadh, birthday party hall near New Junagadh Junagadh, birthday party venue near New Junagadh",Transactional (Hyper-local),High
Event + City Area,"Engagement Venues in New Junagadh, Junagadh | VenueConnect",/junagadh/new-junagadh/engagement-venues/,"Best Engagement Venues in New Junagadh, Junagadh | Book Near You - VenueConnect","Find the perfect engagement venue in New Junagadh, Junagadh. Compare halls, farmhouses & party plots near New Junagadh. Get instant leads & free quotes on VenueConnect.","Best Engagement Venues in New Junagadh, Junagadh",engagement venues in New Junagadh Junagadh,"engagement venue New Junagadh, engagement hall near New Junagadh Junagadh, engagement venue near New Junagadh",Transactional (Hyper-local),High
Event + City Area,"Corporate Event Venues in New Junagadh, Junagadh | VenueConnect",/junagadh/new-junagadh/corporate-event-venues/,"Best Corporate Event Venues in New Junagadh, Junagadh | Book Near You - VenueConnect","Find the perfect corporate event venue in New Junagadh, Junagadh. Compare halls, farmhouses & party plots near New Junagadh. Get instant leads & free quotes on VenueConnect.","Best Corporate Event Venues in New Junagadh, Junagadh",corporate event venues in New Junagadh Junagadh,"corporate event venue New Junagadh, corporate event hall near New Junagadh Junagadh, corporate event venue near New Junagadh",Transactional (Hyper-local),High
Event + City Area,"Reception Venues in New Junagadh, Junagadh | VenueConnect",/junagadh/new-junagadh/reception-venues/,"Best Reception Venues in New Junagadh, Junagadh | Book Near You - VenueConnect","Find the perfect reception venue in New Junagadh, Junagadh. Compare halls, farmhouses & party plots near New Junagadh. Get instant leads & free quotes on VenueConnect.","Best Reception Venues in New Junagadh, Junagadh",reception venues in New Junagadh Junagadh,"reception venue New Junagadh, reception hall near New Junagadh Junagadh, reception venue near New Junagadh",Transactional (Hyper-local),High
Event + City Area,"Wedding Venues in Patan Gate, Junagadh | VenueConnect",/junagadh/patan-gate/wedding-venues/,"Best Wedding Venues in Patan Gate, Junagadh | Book Near You - VenueConnect","Find the perfect wedding venue in Patan Gate, Junagadh. Compare halls, farmhouses & party plots near Patan Gate. Get instant leads & free quotes on VenueConnect.","Best Wedding Venues in Patan Gate, Junagadh",wedding venues in Patan Gate Junagadh,"wedding venue Patan Gate, wedding hall near Patan Gate Junagadh, wedding venue near Patan Gate",Transactional (Hyper-local),High
Event + City Area,"Birthday Party Venues in Patan Gate, Junagadh | VenueConnect",/junagadh/patan-gate/birthday-party-venues/,"Best Birthday Party Venues in Patan Gate, Junagadh | Book Near You - VenueConnect","Find the perfect birthday party venue in Patan Gate, Junagadh. Compare halls, farmhouses & party plots near Patan Gate. Get instant leads & free quotes on VenueConnect.","Best Birthday Party Venues in Patan Gate, Junagadh",birthday party venues in Patan Gate Junagadh,"birthday party venue Patan Gate, birthday party hall near Patan Gate Junagadh, birthday party venue near Patan Gate",Transactional (Hyper-local),High
Event + City Area,"Engagement Venues in Patan Gate, Junagadh | VenueConnect",/junagadh/patan-gate/engagement-venues/,"Best Engagement Venues in Patan Gate, Junagadh | Book Near You - VenueConnect","Find the perfect engagement venue in Patan Gate, Junagadh. Compare halls, farmhouses & party plots near Patan Gate. Get instant leads & free quotes on VenueConnect.","Best Engagement Venues in Patan Gate, Junagadh",engagement venues in Patan Gate Junagadh,"engagement venue Patan Gate, engagement hall near Patan Gate Junagadh, engagement venue near Patan Gate",Transactional (Hyper-local),High
Event + City Area,"Corporate Event Venues in Patan Gate, Junagadh | VenueConnect",/junagadh/patan-gate/corporate-event-venues/,"Best Corporate Event Venues in Patan Gate, Junagadh | Book Near You - VenueConnect","Find the perfect corporate event venue in Patan Gate, Junagadh. Compare halls, farmhouses & party plots near Patan Gate. Get instant leads & free quotes on VenueConnect.","Best Corporate Event Venues in Patan Gate, Junagadh",corporate event venues in Patan Gate Junagadh,"corporate event venue Patan Gate, corporate event hall near Patan Gate Junagadh, corporate event venue near Patan Gate",Transactional (Hyper-local),High
Event + City Area,"Reception Venues in Patan Gate, Junagadh | VenueConnect",/junagadh/patan-gate/reception-venues/,"Best Reception Venues in Patan Gate, Junagadh | Book Near You - VenueConnect","Find the perfect reception venue in Patan Gate, Junagadh. Compare halls, farmhouses & party plots near Patan Gate. Get instant leads & free quotes on VenueConnect.","Best Reception Venues in Patan Gate, Junagadh",reception venues in Patan Gate Junagadh,"reception venue Patan Gate, reception hall near Patan Gate Junagadh, reception venue near Patan Gate",Transactional (Hyper-local),High
Event + City Area,"Wedding Venues in Rajkot Road, Junagadh | VenueConnect",/junagadh/rajkot-road/wedding-venues/,"Best Wedding Venues in Rajkot Road, Junagadh | Book Near You - VenueConnect","Find the perfect wedding venue in Rajkot Road, Junagadh. Compare halls, farmhouses & party plots near Rajkot Road. Get instant leads & free quotes on VenueConnect.","Best Wedding Venues in Rajkot Road, Junagadh",wedding venues in Rajkot Road Junagadh,"wedding venue Rajkot Road, wedding hall near Rajkot Road Junagadh, wedding venue near Rajkot Road",Transactional (Hyper-local),High
Event + City Area,"Birthday Party Venues in Rajkot Road, Junagadh | VenueConnect",/junagadh/rajkot-road/birthday-party-venues/,"Best Birthday Party Venues in Rajkot Road, Junagadh | Book Near You - VenueConnect","Find the perfect birthday party venue in Rajkot Road, Junagadh. Compare halls, farmhouses & party plots near Rajkot Road. Get instant leads & free quotes on VenueConnect.","Best Birthday Party Venues in Rajkot Road, Junagadh",birthday party venues in Rajkot Road Junagadh,"birthday party venue Rajkot Road, birthday party hall near Rajkot Road Junagadh, birthday party venue near Rajkot Road",Transactional (Hyper-local),High
Event + City Area,"Engagement Venues in Rajkot Road, Junagadh | VenueConnect",/junagadh/rajkot-road/engagement-venues/,"Best Engagement Venues in Rajkot Road, Junagadh | Book Near You - VenueConnect","Find the perfect engagement venue in Rajkot Road, Junagadh. Compare halls, farmhouses & party plots near Rajkot Road. Get instant leads & free quotes on VenueConnect.","Best Engagement Venues in Rajkot Road, Junagadh",engagement venues in Rajkot Road Junagadh,"engagement venue Rajkot Road, engagement hall near Rajkot Road Junagadh, engagement venue near Rajkot Road",Transactional (Hyper-local),High
Event + City Area,"Corporate Event Venues in Rajkot Road, Junagadh | VenueConnect",/junagadh/rajkot-road/corporate-event-venues/,"Best Corporate Event Venues in Rajkot Road, Junagadh | Book Near You - VenueConnect","Find the perfect corporate event venue in Rajkot Road, Junagadh. Compare halls, farmhouses & party plots near Rajkot Road. Get instant leads & free quotes on VenueConnect.","Best Corporate Event Venues in Rajkot Road, Junagadh",corporate event venues in Rajkot Road Junagadh,"corporate event venue Rajkot Road, corporate event hall near Rajkot Road Junagadh, corporate event venue near Rajkot Road",Transactional (Hyper-local),High
Event + City Area,"Reception Venues in Rajkot Road, Junagadh | VenueConnect",/junagadh/rajkot-road/reception-venues/,"Best Reception Venues in Rajkot Road, Junagadh | Book Near You - VenueConnect","Find the perfect reception venue in Rajkot Road, Junagadh. Compare halls, farmhouses & party plots near Rajkot Road. Get instant leads & free quotes on VenueConnect.","Best Reception Venues in Rajkot Road, Junagadh",reception venues in Rajkot Road Junagadh,"reception venue Rajkot Road, reception hall near Rajkot Road Junagadh, reception venue near Rajkot Road",Transactional (Hyper-local),High
Event + City Area,"Wedding Venues in Sakkarbaug, Junagadh | VenueConnect",/junagadh/sakkarbaug/wedding-venues/,"Best Wedding Venues in Sakkarbaug, Junagadh | Book Near You - VenueConnect","Find the perfect wedding venue in Sakkarbaug, Junagadh. Compare halls, farmhouses & party plots near Sakkarbaug. Get instant leads & free quotes on VenueConnect.","Best Wedding Venues in Sakkarbaug, Junagadh",wedding venues in Sakkarbaug Junagadh,"wedding venue Sakkarbaug, wedding hall near Sakkarbaug Junagadh, wedding venue near Sakkarbaug",Transactional (Hyper-local),High
Event + City Area,"Birthday Party Venues in Sakkarbaug, Junagadh | VenueConnect",/junagadh/sakkarbaug/birthday-party-venues/,"Best Birthday Party Venues in Sakkarbaug, Junagadh | Book Near You - VenueConnect","Find the perfect birthday party venue in Sakkarbaug, Junagadh. Compare halls, farmhouses & party plots near Sakkarbaug. Get instant leads & free quotes on VenueConnect.","Best Birthday Party Venues in Sakkarbaug, Junagadh",birthday party venues in Sakkarbaug Junagadh,"birthday party venue Sakkarbaug, birthday party hall near Sakkarbaug Junagadh, birthday party venue near Sakkarbaug",Transactional (Hyper-local),High
Event + City Area,"Engagement Venues in Sakkarbaug, Junagadh | VenueConnect",/junagadh/sakkarbaug/engagement-venues/,"Best Engagement Venues in Sakkarbaug, Junagadh | Book Near You - VenueConnect","Find the perfect engagement venue in Sakkarbaug, Junagadh. Compare halls, farmhouses & party plots near Sakkarbaug. Get instant leads & free quotes on VenueConnect.","Best Engagement Venues in Sakkarbaug, Junagadh",engagement venues in Sakkarbaug Junagadh,"engagement venue Sakkarbaug, engagement hall near Sakkarbaug Junagadh, engagement venue near Sakkarbaug",Transactional (Hyper-local),High
Event + City Area,"Corporate Event Venues in Sakkarbaug, Junagadh | VenueConnect",/junagadh/sakkarbaug/corporate-event-venues/,"Best Corporate Event Venues in Sakkarbaug, Junagadh | Book Near You - VenueConnect","Find the perfect corporate event venue in Sakkarbaug, Junagadh. Compare halls, farmhouses & party plots near Sakkarbaug. Get instant leads & free quotes on VenueConnect.","Best Corporate Event Venues in Sakkarbaug, Junagadh",corporate event venues in Sakkarbaug Junagadh,"corporate event venue Sakkarbaug, corporate event hall near Sakkarbaug Junagadh, corporate event venue near Sakkarbaug",Transactional (Hyper-local),High
Event + City Area,"Reception Venues in Sakkarbaug, Junagadh | VenueConnect",/junagadh/sakkarbaug/reception-venues/,"Best Reception Venues in Sakkarbaug, Junagadh | Book Near You - VenueConnect","Find the perfect reception venue in Sakkarbaug, Junagadh. Compare halls, farmhouses & party plots near Sakkarbaug. Get instant leads & free quotes on VenueConnect.","Best Reception Venues in Sakkarbaug, Junagadh",reception venues in Sakkarbaug Junagadh,"reception venue Sakkarbaug, reception hall near Sakkarbaug Junagadh, reception venue near Sakkarbaug",Transactional (Hyper-local),High
Event + City Area,"Wedding Venues in Sonagir, Junagadh | VenueConnect",/junagadh/sonagir/wedding-venues/,"Best Wedding Venues in Sonagir, Junagadh | Book Near You - VenueConnect","Find the perfect wedding venue in Sonagir, Junagadh. Compare halls, farmhouses & party plots near Sonagir. Get instant leads & free quotes on VenueConnect.","Best Wedding Venues in Sonagir, Junagadh",wedding venues in Sonagir Junagadh,"wedding venue Sonagir, wedding hall near Sonagir Junagadh, wedding venue near Sonagir",Transactional (Hyper-local),High
Event + City Area,"Birthday Party Venues in Sonagir, Junagadh | VenueConnect",/junagadh/sonagir/birthday-party-venues/,"Best Birthday Party Venues in Sonagir, Junagadh | Book Near You - VenueConnect","Find the perfect birthday party venue in Sonagir, Junagadh. Compare halls, farmhouses & party plots near Sonagir. Get instant leads & free quotes on VenueConnect.","Best Birthday Party Venues in Sonagir, Junagadh",birthday party venues in Sonagir Junagadh,"birthday party venue Sonagir, birthday party hall near Sonagir Junagadh, birthday party venue near Sonagir",Transactional (Hyper-local),High
Event + City Area,"Engagement Venues in Sonagir, Junagadh | VenueConnect",/junagadh/sonagir/engagement-venues/,"Best Engagement Venues in Sonagir, Junagadh | Book Near You - VenueConnect","Find the perfect engagement venue in Sonagir, Junagadh. Compare halls, farmhouses & party plots near Sonagir. Get instant leads & free quotes on VenueConnect.","Best Engagement Venues in Sonagir, Junagadh",engagement venues in Sonagir Junagadh,"engagement venue Sonagir, engagement hall near Sonagir Junagadh, engagement venue near Sonagir",Transactional (Hyper-local),High
Event + City Area,"Corporate Event Venues in Sonagir, Junagadh | VenueConnect",/junagadh/sonagir/corporate-event-venues/,"Best Corporate Event Venues in Sonagir, Junagadh | Book Near You - VenueConnect","Find the perfect corporate event venue in Sonagir, Junagadh. Compare halls, farmhouses & party plots near Sonagir. Get instant leads & free quotes on VenueConnect.","Best Corporate Event Venues in Sonagir, Junagadh",corporate event venues in Sonagir Junagadh,"corporate event venue Sonagir, corporate event hall near Sonagir Junagadh, corporate event venue near Sonagir",Transactional (Hyper-local),High
Event + City Area,"Reception Venues in Sonagir, Junagadh | VenueConnect",/junagadh/sonagir/reception-venues/,"Best Reception Venues in Sonagir, Junagadh | Book Near You - VenueConnect","Find the perfect reception venue in Sonagir, Junagadh. Compare halls, farmhouses & party plots near Sonagir. Get instant leads & free quotes on VenueConnect.","Best Reception Venues in Sonagir, Junagadh",reception venues in Sonagir Junagadh,"reception venue Sonagir, reception hall near Sonagir Junagadh, reception venue near Sonagir",Transactional (Hyper-local),High
Event + City Area,"Wedding Venues in Talala Road, Junagadh | VenueConnect",/junagadh/talala-road/wedding-venues/,"Best Wedding Venues in Talala Road, Junagadh | Book Near You - VenueConnect","Find the perfect wedding venue in Talala Road, Junagadh. Compare halls, farmhouses & party plots near Talala Road. Get instant leads & free quotes on VenueConnect.","Best Wedding Venues in Talala Road, Junagadh",wedding venues in Talala Road Junagadh,"wedding venue Talala Road, wedding hall near Talala Road Junagadh, wedding venue near Talala Road",Transactional (Hyper-local),High
Event + City Area,"Birthday Party Venues in Talala Road, Junagadh | VenueConnect",/junagadh/talala-road/birthday-party-venues/,"Best Birthday Party Venues in Talala Road, Junagadh | Book Near You - VenueConnect","Find the perfect birthday party venue in Talala Road, Junagadh. Compare halls, farmhouses & party plots near Talala Road. Get instant leads & free quotes on VenueConnect.","Best Birthday Party Venues in Talala Road, Junagadh",birthday party venues in Talala Road Junagadh,"birthday party venue Talala Road, birthday party hall near Talala Road Junagadh, birthday party venue near Talala Road",Transactional (Hyper-local),High
Event + City Area,"Engagement Venues in Talala Road, Junagadh | VenueConnect",/junagadh/talala-road/engagement-venues/,"Best Engagement Venues in Talala Road, Junagadh | Book Near You - VenueConnect","Find the perfect engagement venue in Talala Road, Junagadh. Compare halls, farmhouses & party plots near Talala Road. Get instant leads & free quotes on VenueConnect.","Best Engagement Venues in Talala Road, Junagadh",engagement venues in Talala Road Junagadh,"engagement venue Talala Road, engagement hall near Talala Road Junagadh, engagement venue near Talala Road",Transactional (Hyper-local),High
Event + City Area,"Corporate Event Venues in Talala Road, Junagadh | VenueConnect",/junagadh/talala-road/corporate-event-venues/,"Best Corporate Event Venues in Talala Road, Junagadh | Book Near You - VenueConnect","Find the perfect corporate event venue in Talala Road, Junagadh. Compare halls, farmhouses & party plots near Talala Road. Get instant leads & free quotes on VenueConnect.","Best Corporate Event Venues in Talala Road, Junagadh",corporate event venues in Talala Road Junagadh,"corporate event venue Talala Road, corporate event hall near Talala Road Junagadh, corporate event venue near Talala Road",Transactional (Hyper-local),High
Event + City Area,"Reception Venues in Talala Road, Junagadh | VenueConnect",/junagadh/talala-road/reception-venues/,"Best Reception Venues in Talala Road, Junagadh | Book Near You - VenueConnect","Find the perfect reception venue in Talala Road, Junagadh. Compare halls, farmhouses & party plots near Talala Road. Get instant leads & free quotes on VenueConnect.","Best Reception Venues in Talala Road, Junagadh",reception venues in Talala Road Junagadh,"reception venue Talala Road, reception hall near Talala Road Junagadh, reception venue near Talala Road",Transactional (Hyper-local),High
Event + City Area,"Wedding Venues in Uparkot, Junagadh | VenueConnect",/junagadh/uparkot/wedding-venues/,"Best Wedding Venues in Uparkot, Junagadh | Book Near You - VenueConnect","Find the perfect wedding venue in Uparkot, Junagadh. Compare halls, farmhouses & party plots near Uparkot. Get instant leads & free quotes on VenueConnect.","Best Wedding Venues in Uparkot, Junagadh",wedding venues in Uparkot Junagadh,"wedding venue Uparkot, wedding hall near Uparkot Junagadh, wedding venue near Uparkot",Transactional (Hyper-local),High
Event + City Area,"Birthday Party Venues in Uparkot, Junagadh | VenueConnect",/junagadh/uparkot/birthday-party-venues/,"Best Birthday Party Venues in Uparkot, Junagadh | Book Near You - VenueConnect","Find the perfect birthday party venue in Uparkot, Junagadh. Compare halls, farmhouses & party plots near Uparkot. Get instant leads & free quotes on VenueConnect.","Best Birthday Party Venues in Uparkot, Junagadh",birthday party venues in Uparkot Junagadh,"birthday party venue Uparkot, birthday party hall near Uparkot Junagadh, birthday party venue near Uparkot",Transactional (Hyper-local),High
Event + City Area,"Engagement Venues in Uparkot, Junagadh | VenueConnect",/junagadh/uparkot/engagement-venues/,"Best Engagement Venues in Uparkot, Junagadh | Book Near You - VenueConnect","Find the perfect engagement venue in Uparkot, Junagadh. Compare halls, farmhouses & party plots near Uparkot. Get instant leads & free quotes on VenueConnect.","Best Engagement Venues in Uparkot, Junagadh",engagement venues in Uparkot Junagadh,"engagement venue Uparkot, engagement hall near Uparkot Junagadh, engagement venue near Uparkot",Transactional (Hyper-local),High
Event + City Area,"Corporate Event Venues in Uparkot, Junagadh | VenueConnect",/junagadh/uparkot/corporate-event-venues/,"Best Corporate Event Venues in Uparkot, Junagadh | Book Near You - VenueConnect","Find the perfect corporate event venue in Uparkot, Junagadh. Compare halls, farmhouses & party plots near Uparkot. Get instant leads & free quotes on VenueConnect.","Best Corporate Event Venues in Uparkot, Junagadh",corporate event venues in Uparkot Junagadh,"corporate event venue Uparkot, corporate event hall near Uparkot Junagadh, corporate event venue near Uparkot",Transactional (Hyper-local),High
Event + City Area,"Reception Venues in Uparkot, Junagadh | VenueConnect",/junagadh/uparkot/reception-venues/,"Best Reception Venues in Uparkot, Junagadh | Book Near You - VenueConnect","Find the perfect reception venue in Uparkot, Junagadh. Compare halls, farmhouses & party plots near Uparkot. Get instant leads & free quotes on VenueConnect.","Best Reception Venues in Uparkot, Junagadh",reception venues in Uparkot Junagadh,"reception venue Uparkot, reception hall near Uparkot Junagadh, reception venue near Uparkot",Transactional (Hyper-local),High
Event + City Area,"Wedding Venues in Vanthali Road, Junagadh | VenueConnect",/junagadh/vanthali-road/wedding-venues/,"Best Wedding Venues in Vanthali Road, Junagadh | Book Near You - VenueConnect","Find the perfect wedding venue in Vanthali Road, Junagadh. Compare halls, farmhouses & party plots near Vanthali Road. Get instant leads & free quotes on VenueConnect.","Best Wedding Venues in Vanthali Road, Junagadh",wedding venues in Vanthali Road Junagadh,"wedding venue Vanthali Road, wedding hall near Vanthali Road Junagadh, wedding venue near Vanthali Road",Transactional (Hyper-local),High
Event + City Area,"Birthday Party Venues in Vanthali Road, Junagadh | VenueConnect",/junagadh/vanthali-road/birthday-party-venues/,"Best Birthday Party Venues in Vanthali Road, Junagadh | Book Near You - VenueConnect","Find the perfect birthday party venue in Vanthali Road, Junagadh. Compare halls, farmhouses & party plots near Vanthali Road. Get instant leads & free quotes on VenueConnect.","Best Birthday Party Venues in Vanthali Road, Junagadh",birthday party venues in Vanthali Road Junagadh,"birthday party venue Vanthali Road, birthday party hall near Vanthali Road Junagadh, birthday party venue near Vanthali Road",Transactional (Hyper-local),High
Event + City Area,"Engagement Venues in Vanthali Road, Junagadh | VenueConnect",/junagadh/vanthali-road/engagement-venues/,"Best Engagement Venues in Vanthali Road, Junagadh | Book Near You - VenueConnect","Find the perfect engagement venue in Vanthali Road, Junagadh. Compare halls, farmhouses & party plots near Vanthali Road. Get instant leads & free quotes on VenueConnect.","Best Engagement Venues in Vanthali Road, Junagadh",engagement venues in Vanthali Road Junagadh,"engagement venue Vanthali Road, engagement hall near Vanthali Road Junagadh, engagement venue near Vanthali Road",Transactional (Hyper-local),High
Event + City Area,"Corporate Event Venues in Vanthali Road, Junagadh | VenueConnect",/junagadh/vanthali-road/corporate-event-venues/,"Best Corporate Event Venues in Vanthali Road, Junagadh | Book Near You - VenueConnect","Find the perfect corporate event venue in Vanthali Road, Junagadh. Compare halls, farmhouses & party plots near Vanthali Road. Get instant leads & free quotes on VenueConnect.","Best Corporate Event Venues in Vanthali Road, Junagadh",corporate event venues in Vanthali Road Junagadh,"corporate event venue Vanthali Road, corporate event hall near Vanthali Road Junagadh, corporate event venue near Vanthali Road",Transactional (Hyper-local),High
Event + City Area,"Reception Venues in Vanthali Road, Junagadh | VenueConnect",/junagadh/vanthali-road/reception-venues/,"Best Reception Venues in Vanthali Road, Junagadh | Book Near You - VenueConnect","Find the perfect reception venue in Vanthali Road, Junagadh. Compare halls, farmhouses & party plots near Vanthali Road. Get instant leads & free quotes on VenueConnect.","Best Reception Venues in Vanthali Road, Junagadh",reception venues in Vanthali Road Junagadh,"reception venue Vanthali Road, reception hall near Vanthali Road Junagadh, reception venue near Vanthali Road",Transactional (Hyper-local),High
Event + City Area,"Wedding Venues in Visavadar Road, Junagadh | VenueConnect",/junagadh/visavadar-road/wedding-venues/,"Best Wedding Venues in Visavadar Road, Junagadh | Book Near You - VenueConnect","Find the perfect wedding venue in Visavadar Road, Junagadh. Compare halls, farmhouses & party plots near Visavadar Road. Get instant leads & free quotes on VenueConnect.","Best Wedding Venues in Visavadar Road, Junagadh",wedding venues in Visavadar Road Junagadh,"wedding venue Visavadar Road, wedding hall near Visavadar Road Junagadh, wedding venue near Visavadar Road",Transactional (Hyper-local),High
Event + City Area,"Birthday Party Venues in Visavadar Road, Junagadh | VenueConnect",/junagadh/visavadar-road/birthday-party-venues/,"Best Birthday Party Venues in Visavadar Road, Junagadh | Book Near You - VenueConnect","Find the perfect birthday party venue in Visavadar Road, Junagadh. Compare halls, farmhouses & party plots near Visavadar Road. Get instant leads & free quotes on VenueConnect.","Best Birthday Party Venues in Visavadar Road, Junagadh",birthday party venues in Visavadar Road Junagadh,"birthday party venue Visavadar Road, birthday party hall near Visavadar Road Junagadh, birthday party venue near Visavadar Road",Transactional (Hyper-local),High
Event + City Area,"Engagement Venues in Visavadar Road, Junagadh | VenueConnect",/junagadh/visavadar-road/engagement-venues/,"Best Engagement Venues in Visavadar Road, Junagadh | Book Near You - VenueConnect","Find the perfect engagement venue in Visavadar Road, Junagadh. Compare halls, farmhouses & party plots near Visavadar Road. Get instant leads & free quotes on VenueConnect.","Best Engagement Venues in Visavadar Road, Junagadh",engagement venues in Visavadar Road Junagadh,"engagement venue Visavadar Road, engagement hall near Visavadar Road Junagadh, engagement venue near Visavadar Road",Transactional (Hyper-local),High
Event + City Area,"Corporate Event Venues in Visavadar Road, Junagadh | VenueConnect",/junagadh/visavadar-road/corporate-event-venues/,"Best Corporate Event Venues in Visavadar Road, Junagadh | Book Near You - VenueConnect","Find the perfect corporate event venue in Visavadar Road, Junagadh. Compare halls, farmhouses & party plots near Visavadar Road. Get instant leads & free quotes on VenueConnect.","Best Corporate Event Venues in Visavadar Road, Junagadh",corporate event venues in Visavadar Road Junagadh,"corporate event venue Visavadar Road, corporate event hall near Visavadar Road Junagadh, corporate event venue near Visavadar Road",Transactional (Hyper-local),High
Event + City Area,"Reception Venues in Visavadar Road, Junagadh | VenueConnect",/junagadh/visavadar-road/reception-venues/,"Best Reception Venues in Visavadar Road, Junagadh | Book Near You - VenueConnect","Find the perfect reception venue in Visavadar Road, Junagadh. Compare halls, farmhouses & party plots near Visavadar Road. Get instant leads & free quotes on VenueConnect.","Best Reception Venues in Visavadar Road, Junagadh",reception venues in Visavadar Road Junagadh,"reception venue Visavadar Road, reception hall near Visavadar Road Junagadh, reception venue near Visavadar Road",Transactional (Hyper-local),High
Event + City Area,"Wedding Venues in Zanzarda Road, Junagadh | VenueConnect",/junagadh/zanzarda-road/wedding-venues/,"Best Wedding Venues in Zanzarda Road, Junagadh | Book Near You - VenueConnect","Find the perfect wedding venue in Zanzarda Road, Junagadh. Compare halls, farmhouses & party plots near Zanzarda Road. Get instant leads & free quotes on VenueConnect.","Best Wedding Venues in Zanzarda Road, Junagadh",wedding venues in Zanzarda Road Junagadh,"wedding venue Zanzarda Road, wedding hall near Zanzarda Road Junagadh, wedding venue near Zanzarda Road",Transactional (Hyper-local),High
Event + City Area,"Birthday Party Venues in Zanzarda Road, Junagadh | VenueConnect",/junagadh/zanzarda-road/birthday-party-venues/,"Best Birthday Party Venues in Zanzarda Road, Junagadh | Book Near You - VenueConnect","Find the perfect birthday party venue in Zanzarda Road, Junagadh. Compare halls, farmhouses & party plots near Zanzarda Road. Get instant leads & free quotes on VenueConnect.","Best Birthday Party Venues in Zanzarda Road, Junagadh",birthday party venues in Zanzarda Road Junagadh,"birthday party venue Zanzarda Road, birthday party hall near Zanzarda Road Junagadh, birthday party venue near Zanzarda Road",Transactional (Hyper-local),High
Event + City Area,"Engagement Venues in Zanzarda Road, Junagadh | VenueConnect",/junagadh/zanzarda-road/engagement-venues/,"Best Engagement Venues in Zanzarda Road, Junagadh | Book Near You - VenueConnect","Find the perfect engagement venue in Zanzarda Road, Junagadh. Compare halls, farmhouses & party plots near Zanzarda Road. Get instant leads & free quotes on VenueConnect.","Best Engagement Venues in Zanzarda Road, Junagadh",engagement venues in Zanzarda Road Junagadh,"engagement venue Zanzarda Road, engagement hall near Zanzarda Road Junagadh, engagement venue near Zanzarda Road",Transactional (Hyper-local),High
Event + City Area,"Corporate Event Venues in Zanzarda Road, Junagadh | VenueConnect",/junagadh/zanzarda-road/corporate-event-venues/,"Best Corporate Event Venues in Zanzarda Road, Junagadh | Book Near You - VenueConnect","Find the perfect corporate event venue in Zanzarda Road, Junagadh. Compare halls, farmhouses & party plots near Zanzarda Road. Get instant leads & free quotes on VenueConnect.","Best Corporate Event Venues in Zanzarda Road, Junagadh",corporate event venues in Zanzarda Road Junagadh,"corporate event venue Zanzarda Road, corporate event hall near Zanzarda Road Junagadh, corporate event venue near Zanzarda Road",Transactional (Hyper-local),High
Event + City Area,"Reception Venues in Zanzarda Road, Junagadh | VenueConnect",/junagadh/zanzarda-road/reception-venues/,"Best Reception Venues in Zanzarda Road, Junagadh | Book Near You - VenueConnect","Find the perfect reception venue in Zanzarda Road, Junagadh. Compare halls, farmhouses & party plots near Zanzarda Road. Get instant leads & free quotes on VenueConnect.","Best Reception Venues in Zanzarda Road, Junagadh",reception venues in Zanzarda Road Junagadh,"reception venue Zanzarda Road, reception hall near Zanzarda Road Junagadh, reception venue near Zanzarda Road",Transactional (Hyper-local),High
Event + City Area,"Wedding Venues in Amrapur, Junagadh | VenueConnect",/junagadh/amrapur/wedding-venues/,"Best Wedding Venues in Amrapur, Junagadh | Book Near You - VenueConnect","Find the perfect wedding venue in Amrapur, Junagadh. Compare halls, farmhouses & party plots near Amrapur. Get instant leads & free quotes on VenueConnect.","Best Wedding Venues in Amrapur, Junagadh",wedding venues in Amrapur Junagadh,"wedding venue Amrapur, wedding hall near Amrapur Junagadh, wedding venue near Amrapur",Transactional (Hyper-local),High
Event + City Area,"Birthday Party Venues in Amrapur, Junagadh | VenueConnect",/junagadh/amrapur/birthday-party-venues/,"Best Birthday Party Venues in Amrapur, Junagadh | Book Near You - VenueConnect","Find the perfect birthday party venue in Amrapur, Junagadh. Compare halls, farmhouses & party plots near Amrapur. Get instant leads & free quotes on VenueConnect.","Best Birthday Party Venues in Amrapur, Junagadh",birthday party venues in Amrapur Junagadh,"birthday party venue Amrapur, birthday party hall near Amrapur Junagadh, birthday party venue near Amrapur",Transactional (Hyper-local),High
Event + City Area,"Engagement Venues in Amrapur, Junagadh | VenueConnect",/junagadh/amrapur/engagement-venues/,"Best Engagement Venues in Amrapur, Junagadh | Book Near You - VenueConnect","Find the perfect engagement venue in Amrapur, Junagadh. Compare halls, farmhouses & party plots near Amrapur. Get instant leads & free quotes on VenueConnect.","Best Engagement Venues in Amrapur, Junagadh",engagement venues in Amrapur Junagadh,"engagement venue Amrapur, engagement hall near Amrapur Junagadh, engagement venue near Amrapur",Transactional (Hyper-local),High
Event + City Area,"Corporate Event Venues in Amrapur, Junagadh | VenueConnect",/junagadh/amrapur/corporate-event-venues/,"Best Corporate Event Venues in Amrapur, Junagadh | Book Near You - VenueConnect","Find the perfect corporate event venue in Amrapur, Junagadh. Compare halls, farmhouses & party plots near Amrapur. Get instant leads & free quotes on VenueConnect.","Best Corporate Event Venues in Amrapur, Junagadh",corporate event venues in Amrapur Junagadh,"corporate event venue Amrapur, corporate event hall near Amrapur Junagadh, corporate event venue near Amrapur",Transactional (Hyper-local),High
Event + City Area,"Reception Venues in Amrapur, Junagadh | VenueConnect",/junagadh/amrapur/reception-venues/,"Best Reception Venues in Amrapur, Junagadh | Book Near You - VenueConnect","Find the perfect reception venue in Amrapur, Junagadh. Compare halls, farmhouses & party plots near Amrapur. Get instant leads & free quotes on VenueConnect.","Best Reception Venues in Amrapur, Junagadh",reception venues in Amrapur Junagadh,"reception venue Amrapur, reception hall near Amrapur Junagadh, reception venue near Amrapur",Transactional (Hyper-local),High
  VENDOR + CITY AREA PAGES (Hyper-local),,,,,,,,,
Page Type,Page Title,URL Slug,Meta Title,Meta Description,H1 Tag,Target Keyword,Secondary Keywords,Search Intent,Priority
Vendor + City Area,"Photographers in Kalwa Chowk, Junagadh | VenueConnect",/junagadh/kalwa-chowk/vendors/photographers/,"Top Photographers in Kalwa Chowk, Junagadh | Hire Near You - VenueConnect","Find the best photographers in Kalwa Chowk, Junagadh for your event. Browse verified profiles, compare pricing & get WhatsApp leads instantly on VenueConnect.","Top Photographers in Kalwa Chowk, Junagadh",photographers in Kalwa Chowk Junagadh,"photographers near Kalwa Chowk, photographers Kalwa Chowk Junagadh, best photographers near Kalwa Chowk",Transactional (Hyper-local),Medium
Vendor + City Area,"Caterers in Kalwa Chowk, Junagadh | VenueConnect",/junagadh/kalwa-chowk/vendors/caterers/,"Top Caterers in Kalwa Chowk, Junagadh | Hire Near You - VenueConnect","Find the best caterers in Kalwa Chowk, Junagadh for your event. Browse verified profiles, compare pricing & get WhatsApp leads instantly on VenueConnect.","Top Caterers in Kalwa Chowk, Junagadh",caterers in Kalwa Chowk Junagadh,"caterers near Kalwa Chowk, caterers Kalwa Chowk Junagadh, best caterers near Kalwa Chowk",Transactional (Hyper-local),Medium
Vendor + City Area,"Decorators in Kalwa Chowk, Junagadh | VenueConnect",/junagadh/kalwa-chowk/vendors/decorators/,"Top Decorators in Kalwa Chowk, Junagadh | Hire Near You - VenueConnect","Find the best decorators in Kalwa Chowk, Junagadh for your event. Browse verified profiles, compare pricing & get WhatsApp leads instantly on VenueConnect.","Top Decorators in Kalwa Chowk, Junagadh",decorators in Kalwa Chowk Junagadh,"decorators near Kalwa Chowk, decorators Kalwa Chowk Junagadh, best decorators near Kalwa Chowk",Transactional (Hyper-local),Medium
Vendor + City Area,"Mehndi Artists in Kalwa Chowk, Junagadh | VenueConnect",/junagadh/kalwa-chowk/vendors/mehndi-artists/,"Top Mehndi Artists in Kalwa Chowk, Junagadh | Hire Near You - VenueConnect","Find the best mehndi artists in Kalwa Chowk, Junagadh for your event. Browse verified profiles, compare pricing & get WhatsApp leads instantly on VenueConnect.","Top Mehndi Artists in Kalwa Chowk, Junagadh",mehndi artists in Kalwa Chowk Junagadh,"mehndi artists near Kalwa Chowk, mehndi artists Kalwa Chowk Junagadh, best mehndi artists near Kalwa Chowk",Transactional (Hyper-local),Medium
Vendor + City Area,"Photographers in MG Road, Junagadh | VenueConnect",/junagadh/mg-road/vendors/photographers/,"Top Photographers in MG Road, Junagadh | Hire Near You - VenueConnect","Find the best photographers in MG Road, Junagadh for your event. Browse verified profiles, compare pricing & get WhatsApp leads instantly on VenueConnect.","Top Photographers in MG Road, Junagadh",photographers in MG Road Junagadh,"photographers near MG Road, photographers MG Road Junagadh, best photographers near MG Road",Transactional (Hyper-local),Medium
Vendor + City Area,"Caterers in MG Road, Junagadh | VenueConnect",/junagadh/mg-road/vendors/caterers/,"Top Caterers in MG Road, Junagadh | Hire Near You - VenueConnect","Find the best caterers in MG Road, Junagadh for your event. Browse verified profiles, compare pricing & get WhatsApp leads instantly on VenueConnect.","Top Caterers in MG Road, Junagadh",caterers in MG Road Junagadh,"caterers near MG Road, caterers MG Road Junagadh, best caterers near MG Road",Transactional (Hyper-local),Medium
Vendor + City Area,"Decorators in MG Road, Junagadh | VenueConnect",/junagadh/mg-road/vendors/decorators/,"Top Decorators in MG Road, Junagadh | Hire Near You - VenueConnect","Find the best decorators in MG Road, Junagadh for your event. Browse verified profiles, compare pricing & get WhatsApp leads instantly on VenueConnect.","Top Decorators in MG Road, Junagadh",decorators in MG Road Junagadh,"decorators near MG Road, decorators MG Road Junagadh, best decorators near MG Road",Transactional (Hyper-local),Medium
Vendor + City Area,"Mehndi Artists in MG Road, Junagadh | VenueConnect",/junagadh/mg-road/vendors/mehndi-artists/,"Top Mehndi Artists in MG Road, Junagadh | Hire Near You - VenueConnect","Find the best mehndi artists in MG Road, Junagadh for your event. Browse verified profiles, compare pricing & get WhatsApp leads instantly on VenueConnect.","Top Mehndi Artists in MG Road, Junagadh",mehndi artists in MG Road Junagadh,"mehndi artists near MG Road, mehndi artists MG Road Junagadh, best mehndi artists near MG Road",Transactional (Hyper-local),Medium
Vendor + City Area,"Photographers in Ranavav Road, Junagadh | VenueConnect",/junagadh/ranavav-road/vendors/photographers/,"Top Photographers in Ranavav Road, Junagadh | Hire Near You - VenueConnect","Find the best photographers in Ranavav Road, Junagadh for your event. Browse verified profiles, compare pricing & get WhatsApp leads instantly on VenueConnect.","Top Photographers in Ranavav Road, Junagadh",photographers in Ranavav Road Junagadh,"photographers near Ranavav Road, photographers Ranavav Road Junagadh, best photographers near Ranavav Road",Transactional (Hyper-local),Medium
Vendor + City Area,"Caterers in Ranavav Road, Junagadh | VenueConnect",/junagadh/ranavav-road/vendors/caterers/,"Top Caterers in Ranavav Road, Junagadh | Hire Near You - VenueConnect","Find the best caterers in Ranavav Road, Junagadh for your event. Browse verified profiles, compare pricing & get WhatsApp leads instantly on VenueConnect.","Top Caterers in Ranavav Road, Junagadh",caterers in Ranavav Road Junagadh,"caterers near Ranavav Road, caterers Ranavav Road Junagadh, best caterers near Ranavav Road",Transactional (Hyper-local),Medium
Vendor + City Area,"Decorators in Ranavav Road, Junagadh | VenueConnect",/junagadh/ranavav-road/vendors/decorators/,"Top Decorators in Ranavav Road, Junagadh | Hire Near You - VenueConnect","Find the best decorators in Ranavav Road, Junagadh for your event. Browse verified profiles, compare pricing & get WhatsApp leads instantly on VenueConnect.","Top Decorators in Ranavav Road, Junagadh",decorators in Ranavav Road Junagadh,"decorators near Ranavav Road, decorators Ranavav Road Junagadh, best decorators near Ranavav Road",Transactional (Hyper-local),Medium
Vendor + City Area,"Mehndi Artists in Ranavav Road, Junagadh | VenueConnect",/junagadh/ranavav-road/vendors/mehndi-artists/,"Top Mehndi Artists in Ranavav Road, Junagadh | Hire Near You - VenueConnect","Find the best mehndi artists in Ranavav Road, Junagadh for your event. Browse verified profiles, compare pricing & get WhatsApp leads instantly on VenueConnect.","Top Mehndi Artists in Ranavav Road, Junagadh",mehndi artists in Ranavav Road Junagadh,"mehndi artists near Ranavav Road, mehndi artists Ranavav Road Junagadh, best mehndi artists near Ranavav Road",Transactional (Hyper-local),Medium
Vendor + City Area,"Photographers in Bhavnath, Junagadh | VenueConnect",/junagadh/bhavnath/vendors/photographers/,"Top Photographers in Bhavnath, Junagadh | Hire Near You - VenueConnect","Find the best photographers in Bhavnath, Junagadh for your event. Browse verified profiles, compare pricing & get WhatsApp leads instantly on VenueConnect.","Top Photographers in Bhavnath, Junagadh",photographers in Bhavnath Junagadh,"photographers near Bhavnath, photographers Bhavnath Junagadh, best photographers near Bhavnath",Transactional (Hyper-local),Medium
Vendor + City Area,"Caterers in Bhavnath, Junagadh | VenueConnect",/junagadh/bhavnath/vendors/caterers/,"Top Caterers in Bhavnath, Junagadh | Hire Near You - VenueConnect","Find the best caterers in Bhavnath, Junagadh for your event. Browse verified profiles, compare pricing & get WhatsApp leads instantly on VenueConnect.","Top Caterers in Bhavnath, Junagadh",caterers in Bhavnath Junagadh,"caterers near Bhavnath, caterers Bhavnath Junagadh, best caterers near Bhavnath",Transactional (Hyper-local),Medium
Vendor + City Area,"Decorators in Bhavnath, Junagadh | VenueConnect",/junagadh/bhavnath/vendors/decorators/,"Top Decorators in Bhavnath, Junagadh | Hire Near You - VenueConnect","Find the best decorators in Bhavnath, Junagadh for your event. Browse verified profiles, compare pricing & get WhatsApp leads instantly on VenueConnect.","Top Decorators in Bhavnath, Junagadh",decorators in Bhavnath Junagadh,"decorators near Bhavnath, decorators Bhavnath Junagadh, best decorators near Bhavnath",Transactional (Hyper-local),Medium
Vendor + City Area,"Mehndi Artists in Bhavnath, Junagadh | VenueConnect",/junagadh/bhavnath/vendors/mehndi-artists/,"Top Mehndi Artists in Bhavnath, Junagadh | Hire Near You - VenueConnect","Find the best mehndi artists in Bhavnath, Junagadh for your event. Browse verified profiles, compare pricing & get WhatsApp leads instantly on VenueConnect.","Top Mehndi Artists in Bhavnath, Junagadh",mehndi artists in Bhavnath Junagadh,"mehndi artists near Bhavnath, mehndi artists Bhavnath Junagadh, best mehndi artists near Bhavnath",Transactional (Hyper-local),Medium
Vendor + City Area,"Photographers in Shapur, Junagadh | VenueConnect",/junagadh/shapur/vendors/photographers/,"Top Photographers in Shapur, Junagadh | Hire Near You - VenueConnect","Find the best photographers in Shapur, Junagadh for your event. Browse verified profiles, compare pricing & get WhatsApp leads instantly on VenueConnect.","Top Photographers in Shapur, Junagadh",photographers in Shapur Junagadh,"photographers near Shapur, photographers Shapur Junagadh, best photographers near Shapur",Transactional (Hyper-local),Medium
Vendor + City Area,"Caterers in Shapur, Junagadh | VenueConnect",/junagadh/shapur/vendors/caterers/,"Top Caterers in Shapur, Junagadh | Hire Near You - VenueConnect","Find the best caterers in Shapur, Junagadh for your event. Browse verified profiles, compare pricing & get WhatsApp leads instantly on VenueConnect.","Top Caterers in Shapur, Junagadh",caterers in Shapur Junagadh,"caterers near Shapur, caterers Shapur Junagadh, best caterers near Shapur",Transactional (Hyper-local),Medium
Vendor + City Area,"Decorators in Shapur, Junagadh | VenueConnect",/junagadh/shapur/vendors/decorators/,"Top Decorators in Shapur, Junagadh | Hire Near You - VenueConnect","Find the best decorators in Shapur, Junagadh for your event. Browse verified profiles, compare pricing & get WhatsApp leads instantly on VenueConnect.","Top Decorators in Shapur, Junagadh",decorators in Shapur Junagadh,"decorators near Shapur, decorators Shapur Junagadh, best decorators near Shapur",Transactional (Hyper-local),Medium
Vendor + City Area,"Mehndi Artists in Shapur, Junagadh | VenueConnect",/junagadh/shapur/vendors/mehndi-artists/,"Top Mehndi Artists in Shapur, Junagadh | Hire Near You - VenueConnect","Find the best mehndi artists in Shapur, Junagadh for your event. Browse verified profiles, compare pricing & get WhatsApp leads instantly on VenueConnect.","Top Mehndi Artists in Shapur, Junagadh",mehndi artists in Shapur Junagadh,"mehndi artists near Shapur, mehndi artists Shapur Junagadh, best mehndi artists near Shapur",Transactional (Hyper-local),Medium
Vendor + City Area,"Photographers in College Road, Junagadh | VenueConnect",/junagadh/college-road/vendors/photographers/,"Top Photographers in College Road, Junagadh | Hire Near You - VenueConnect","Find the best photographers in College Road, Junagadh for your event. Browse verified profiles, compare pricing & get WhatsApp leads instantly on VenueConnect.","Top Photographers in College Road, Junagadh",photographers in College Road Junagadh,"photographers near College Road, photographers College Road Junagadh, best photographers near College Road",Transactional (Hyper-local),Medium
Vendor + City Area,"Caterers in College Road, Junagadh | VenueConnect",/junagadh/college-road/vendors/caterers/,"Top Caterers in College Road, Junagadh | Hire Near You - VenueConnect","Find the best caterers in College Road, Junagadh for your event. Browse verified profiles, compare pricing & get WhatsApp leads instantly on VenueConnect.","Top Caterers in College Road, Junagadh",caterers in College Road Junagadh,"caterers near College Road, caterers College Road Junagadh, best caterers near College Road",Transactional (Hyper-local),Medium
Vendor + City Area,"Decorators in College Road, Junagadh | VenueConnect",/junagadh/college-road/vendors/decorators/,"Top Decorators in College Road, Junagadh | Hire Near You - VenueConnect","Find the best decorators in College Road, Junagadh for your event. Browse verified profiles, compare pricing & get WhatsApp leads instantly on VenueConnect.","Top Decorators in College Road, Junagadh",decorators in College Road Junagadh,"decorators near College Road, decorators College Road Junagadh, best decorators near College Road",Transactional (Hyper-local),Medium
Vendor + City Area,"Mehndi Artists in College Road, Junagadh | VenueConnect",/junagadh/college-road/vendors/mehndi-artists/,"Top Mehndi Artists in College Road, Junagadh | Hire Near You - VenueConnect","Find the best mehndi artists in College Road, Junagadh for your event. Browse verified profiles, compare pricing & get WhatsApp leads instantly on VenueConnect.","Top Mehndi Artists in College Road, Junagadh",mehndi artists in College Road Junagadh,"mehndi artists near College Road, mehndi artists College Road Junagadh, best mehndi artists near College Road",Transactional (Hyper-local),Medium
Vendor + City Area,"Photographers in Sardar Bagh, Junagadh | VenueConnect",/junagadh/sardar-bagh/vendors/photographers/,"Top Photographers in Sardar Bagh, Junagadh | Hire Near You - VenueConnect","Find the best photographers in Sardar Bagh, Junagadh for your event. Browse verified profiles, compare pricing & get WhatsApp leads instantly on VenueConnect.","Top Photographers in Sardar Bagh, Junagadh",photographers in Sardar Bagh Junagadh,"photographers near Sardar Bagh, photographers Sardar Bagh Junagadh, best photographers near Sardar Bagh",Transactional (Hyper-local),Medium
Vendor + City Area,"Caterers in Sardar Bagh, Junagadh | VenueConnect",/junagadh/sardar-bagh/vendors/caterers/,"Top Caterers in Sardar Bagh, Junagadh | Hire Near You - VenueConnect","Find the best caterers in Sardar Bagh, Junagadh for your event. Browse verified profiles, compare pricing & get WhatsApp leads instantly on VenueConnect.","Top Caterers in Sardar Bagh, Junagadh",caterers in Sardar Bagh Junagadh,"caterers near Sardar Bagh, caterers Sardar Bagh Junagadh, best caterers near Sardar Bagh",Transactional (Hyper-local),Medium
Vendor + City Area,"Decorators in Sardar Bagh, Junagadh | VenueConnect",/junagadh/sardar-bagh/vendors/decorators/,"Top Decorators in Sardar Bagh, Junagadh | Hire Near You - VenueConnect","Find the best decorators in Sardar Bagh, Junagadh for your event. Browse verified profiles, compare pricing & get WhatsApp leads instantly on VenueConnect.","Top Decorators in Sardar Bagh, Junagadh",decorators in Sardar Bagh Junagadh,"decorators near Sardar Bagh, decorators Sardar Bagh Junagadh, best decorators near Sardar Bagh",Transactional (Hyper-local),Medium
Vendor + City Area,"Mehndi Artists in Sardar Bagh, Junagadh | VenueConnect",/junagadh/sardar-bagh/vendors/mehndi-artists/,"Top Mehndi Artists in Sardar Bagh, Junagadh | Hire Near You - VenueConnect","Find the best mehndi artists in Sardar Bagh, Junagadh for your event. Browse verified profiles, compare pricing & get WhatsApp leads instantly on VenueConnect.","Top Mehndi Artists in Sardar Bagh, Junagadh",mehndi artists in Sardar Bagh Junagadh,"mehndi artists near Sardar Bagh, mehndi artists Sardar Bagh Junagadh, best mehndi artists near Sardar Bagh",Transactional (Hyper-local),Medium
Vendor + City Area,"Photographers in Dhal Road, Junagadh | VenueConnect",/junagadh/dhal-road/vendors/photographers/,"Top Photographers in Dhal Road, Junagadh | Hire Near You - VenueConnect","Find the best photographers in Dhal Road, Junagadh for your event. Browse verified profiles, compare pricing & get WhatsApp leads instantly on VenueConnect.","Top Photographers in Dhal Road, Junagadh",photographers in Dhal Road Junagadh,"photographers near Dhal Road, photographers Dhal Road Junagadh, best photographers near Dhal Road",Transactional (Hyper-local),Medium
Vendor + City Area,"Caterers in Dhal Road, Junagadh | VenueConnect",/junagadh/dhal-road/vendors/caterers/,"Top Caterers in Dhal Road, Junagadh | Hire Near You - VenueConnect","Find the best caterers in Dhal Road, Junagadh for your event. Browse verified profiles, compare pricing & get WhatsApp leads instantly on VenueConnect.","Top Caterers in Dhal Road, Junagadh",caterers in Dhal Road Junagadh,"caterers near Dhal Road, caterers Dhal Road Junagadh, best caterers near Dhal Road",Transactional (Hyper-local),Medium
Vendor + City Area,"Decorators in Dhal Road, Junagadh | VenueConnect",/junagadh/dhal-road/vendors/decorators/,"Top Decorators in Dhal Road, Junagadh | Hire Near You - VenueConnect","Find the best decorators in Dhal Road, Junagadh for your event. Browse verified profiles, compare pricing & get WhatsApp leads instantly on VenueConnect.","Top Decorators in Dhal Road, Junagadh",decorators in Dhal Road Junagadh,"decorators near Dhal Road, decorators Dhal Road Junagadh, best decorators near Dhal Road",Transactional (Hyper-local),Medium
Vendor + City Area,"Mehndi Artists in Dhal Road, Junagadh | VenueConnect",/junagadh/dhal-road/vendors/mehndi-artists/,"Top Mehndi Artists in Dhal Road, Junagadh | Hire Near You - VenueConnect","Find the best mehndi artists in Dhal Road, Junagadh for your event. Browse verified profiles, compare pricing & get WhatsApp leads instantly on VenueConnect.","Top Mehndi Artists in Dhal Road, Junagadh",mehndi artists in Dhal Road Junagadh,"mehndi artists near Dhal Road, mehndi artists Dhal Road Junagadh, best mehndi artists near Dhal Road",Transactional (Hyper-local),Medium
Vendor + City Area,"Photographers in Gir Road, Junagadh | VenueConnect",/junagadh/gir-road/vendors/photographers/,"Top Photographers in Gir Road, Junagadh | Hire Near You - VenueConnect","Find the best photographers in Gir Road, Junagadh for your event. Browse verified profiles, compare pricing & get WhatsApp leads instantly on VenueConnect.","Top Photographers in Gir Road, Junagadh",photographers in Gir Road Junagadh,"photographers near Gir Road, photographers Gir Road Junagadh, best photographers near Gir Road",Transactional (Hyper-local),Medium
Vendor + City Area,"Caterers in Gir Road, Junagadh | VenueConnect",/junagadh/gir-road/vendors/caterers/,"Top Caterers in Gir Road, Junagadh | Hire Near You - VenueConnect","Find the best caterers in Gir Road, Junagadh for your event. Browse verified profiles, compare pricing & get WhatsApp leads instantly on VenueConnect.","Top Caterers in Gir Road, Junagadh",caterers in Gir Road Junagadh,"caterers near Gir Road, caterers Gir Road Junagadh, best caterers near Gir Road",Transactional (Hyper-local),Medium
Vendor + City Area,"Decorators in Gir Road, Junagadh | VenueConnect",/junagadh/gir-road/vendors/decorators/,"Top Decorators in Gir Road, Junagadh | Hire Near You - VenueConnect","Find the best decorators in Gir Road, Junagadh for your event. Browse verified profiles, compare pricing & get WhatsApp leads instantly on VenueConnect.","Top Decorators in Gir Road, Junagadh",decorators in Gir Road Junagadh,"decorators near Gir Road, decorators Gir Road Junagadh, best decorators near Gir Road",Transactional (Hyper-local),Medium
Vendor + City Area,"Mehndi Artists in Gir Road, Junagadh | VenueConnect",/junagadh/gir-road/vendors/mehndi-artists/,"Top Mehndi Artists in Gir Road, Junagadh | Hire Near You - VenueConnect","Find the best mehndi artists in Gir Road, Junagadh for your event. Browse verified profiles, compare pricing & get WhatsApp leads instantly on VenueConnect.","Top Mehndi Artists in Gir Road, Junagadh",mehndi artists in Gir Road Junagadh,"mehndi artists near Gir Road, mehndi artists Gir Road Junagadh, best mehndi artists near Gir Road",Transactional (Hyper-local),Medium
Vendor + City Area,"Photographers in Junagadh Station Road, Junagadh | VenueConnect",/junagadh/junagadh-station-road/vendors/photographers/,"Top Photographers in Junagadh Station Road, Junagadh | Hire Near You - VenueConnect","Find the best photographers in Junagadh Station Road, Junagadh for your event. Browse verified profiles, compare pricing & get WhatsApp leads instantly on VenueConnect.","Top Photographers in Junagadh Station Road, Junagadh",photographers in Junagadh Station Road Junagadh,"photographers near Junagadh Station Road, photographers Junagadh Station Road Junagadh, best photographers near Junagadh Station Road",Transactional (Hyper-local),Medium
Vendor + City Area,"Caterers in Junagadh Station Road, Junagadh | VenueConnect",/junagadh/junagadh-station-road/vendors/caterers/,"Top Caterers in Junagadh Station Road, Junagadh | Hire Near You - VenueConnect","Find the best caterers in Junagadh Station Road, Junagadh for your event. Browse verified profiles, compare pricing & get WhatsApp leads instantly on VenueConnect.","Top Caterers in Junagadh Station Road, Junagadh",caterers in Junagadh Station Road Junagadh,"caterers near Junagadh Station Road, caterers Junagadh Station Road Junagadh, best caterers near Junagadh Station Road",Transactional (Hyper-local),Medium
Vendor + City Area,"Decorators in Junagadh Station Road, Junagadh | VenueConnect",/junagadh/junagadh-station-road/vendors/decorators/,"Top Decorators in Junagadh Station Road, Junagadh | Hire Near You - VenueConnect","Find the best decorators in Junagadh Station Road, Junagadh for your event. Browse verified profiles, compare pricing & get WhatsApp leads instantly on VenueConnect.","Top Decorators in Junagadh Station Road, Junagadh",decorators in Junagadh Station Road Junagadh,"decorators near Junagadh Station Road, decorators Junagadh Station Road Junagadh, best decorators near Junagadh Station Road",Transactional (Hyper-local),Medium
Vendor + City Area,"Mehndi Artists in Junagadh Station Road, Junagadh | VenueConnect",/junagadh/junagadh-station-road/vendors/mehndi-artists/,"Top Mehndi Artists in Junagadh Station Road, Junagadh | Hire Near You - VenueConnect","Find the best mehndi artists in Junagadh Station Road, Junagadh for your event. Browse verified profiles, compare pricing & get WhatsApp leads instantly on VenueConnect.","Top Mehndi Artists in Junagadh Station Road, Junagadh",mehndi artists in Junagadh Station Road Junagadh,"mehndi artists near Junagadh Station Road, mehndi artists Junagadh Station Road Junagadh, best mehndi artists near Junagadh Station Road",Transactional (Hyper-local),Medium
Vendor + City Area,"Photographers in Keshod Road, Junagadh | VenueConnect",/junagadh/keshod-road/vendors/photographers/,"Top Photographers in Keshod Road, Junagadh | Hire Near You - VenueConnect","Find the best photographers in Keshod Road, Junagadh for your event. Browse verified profiles, compare pricing & get WhatsApp leads instantly on VenueConnect.","Top Photographers in Keshod Road, Junagadh",photographers in Keshod Road Junagadh,"photographers near Keshod Road, photographers Keshod Road Junagadh, best photographers near Keshod Road",Transactional (Hyper-local),Medium
Vendor + City Area,"Caterers in Keshod Road, Junagadh | VenueConnect",/junagadh/keshod-road/vendors/caterers/,"Top Caterers in Keshod Road, Junagadh | Hire Near You - VenueConnect","Find the best caterers in Keshod Road, Junagadh for your event. Browse verified profiles, compare pricing & get WhatsApp leads instantly on VenueConnect.","Top Caterers in Keshod Road, Junagadh",caterers in Keshod Road Junagadh,"caterers near Keshod Road, caterers Keshod Road Junagadh, best caterers near Keshod Road",Transactional (Hyper-local),Medium
Vendor + City Area,"Decorators in Keshod Road, Junagadh | VenueConnect",/junagadh/keshod-road/vendors/decorators/,"Top Decorators in Keshod Road, Junagadh | Hire Near You - VenueConnect","Find the best decorators in Keshod Road, Junagadh for your event. Browse verified profiles, compare pricing & get WhatsApp leads instantly on VenueConnect.","Top Decorators in Keshod Road, Junagadh",decorators in Keshod Road Junagadh,"decorators near Keshod Road, decorators Keshod Road Junagadh, best decorators near Keshod Road",Transactional (Hyper-local),Medium
Vendor + City Area,"Mehndi Artists in Keshod Road, Junagadh | VenueConnect",/junagadh/keshod-road/vendors/mehndi-artists/,"Top Mehndi Artists in Keshod Road, Junagadh | Hire Near You - VenueConnect","Find the best mehndi artists in Keshod Road, Junagadh for your event. Browse verified profiles, compare pricing & get WhatsApp leads instantly on VenueConnect.","Top Mehndi Artists in Keshod Road, Junagadh",mehndi artists in Keshod Road Junagadh,"mehndi artists near Keshod Road, mehndi artists Keshod Road Junagadh, best mehndi artists near Keshod Road",Transactional (Hyper-local),Medium
Vendor + City Area,"Photographers in Majewadi Gate, Junagadh | VenueConnect",/junagadh/majewadi-gate/vendors/photographers/,"Top Photographers in Majewadi Gate, Junagadh | Hire Near You - VenueConnect","Find the best photographers in Majewadi Gate, Junagadh for your event. Browse verified profiles, compare pricing & get WhatsApp leads instantly on VenueConnect.","Top Photographers in Majewadi Gate, Junagadh",photographers in Majewadi Gate Junagadh,"photographers near Majewadi Gate, photographers Majewadi Gate Junagadh, best photographers near Majewadi Gate",Transactional (Hyper-local),Medium
Vendor + City Area,"Caterers in Majewadi Gate, Junagadh | VenueConnect",/junagadh/majewadi-gate/vendors/caterers/,"Top Caterers in Majewadi Gate, Junagadh | Hire Near You - VenueConnect","Find the best caterers in Majewadi Gate, Junagadh for your event. Browse verified profiles, compare pricing & get WhatsApp leads instantly on VenueConnect.","Top Caterers in Majewadi Gate, Junagadh",caterers in Majewadi Gate Junagadh,"caterers near Majewadi Gate, caterers Majewadi Gate Junagadh, best caterers near Majewadi Gate",Transactional (Hyper-local),Medium
Vendor + City Area,"Decorators in Majewadi Gate, Junagadh | VenueConnect",/junagadh/majewadi-gate/vendors/decorators/,"Top Decorators in Majewadi Gate, Junagadh | Hire Near You - VenueConnect","Find the best decorators in Majewadi Gate, Junagadh for your event. Browse verified profiles, compare pricing & get WhatsApp leads instantly on VenueConnect.","Top Decorators in Majewadi Gate, Junagadh",decorators in Majewadi Gate Junagadh,"decorators near Majewadi Gate, decorators Majewadi Gate Junagadh, best decorators near Majewadi Gate",Transactional (Hyper-local),Medium
Vendor + City Area,"Mehndi Artists in Majewadi Gate, Junagadh | VenueConnect",/junagadh/majewadi-gate/vendors/mehndi-artists/,"Top Mehndi Artists in Majewadi Gate, Junagadh | Hire Near You - VenueConnect","Find the best mehndi artists in Majewadi Gate, Junagadh for your event. Browse verified profiles, compare pricing & get WhatsApp leads instantly on VenueConnect.","Top Mehndi Artists in Majewadi Gate, Junagadh",mehndi artists in Majewadi Gate Junagadh,"mehndi artists near Majewadi Gate, mehndi artists Majewadi Gate Junagadh, best mehndi artists near Majewadi Gate",Transactional (Hyper-local),Medium
Vendor + City Area,"Photographers in Manavadar Road, Junagadh | VenueConnect",/junagadh/manavadar-road/vendors/photographers/,"Top Photographers in Manavadar Road, Junagadh | Hire Near You - VenueConnect","Find the best photographers in Manavadar Road, Junagadh for your event. Browse verified profiles, compare pricing & get WhatsApp leads instantly on VenueConnect.","Top Photographers in Manavadar Road, Junagadh",photographers in Manavadar Road Junagadh,"photographers near Manavadar Road, photographers Manavadar Road Junagadh, best photographers near Manavadar Road",Transactional (Hyper-local),Medium
Vendor + City Area,"Caterers in Manavadar Road, Junagadh | VenueConnect",/junagadh/manavadar-road/vendors/caterers/,"Top Caterers in Manavadar Road, Junagadh | Hire Near You - VenueConnect","Find the best caterers in Manavadar Road, Junagadh for your event. Browse verified profiles, compare pricing & get WhatsApp leads instantly on VenueConnect.","Top Caterers in Manavadar Road, Junagadh",caterers in Manavadar Road Junagadh,"caterers near Manavadar Road, caterers Manavadar Road Junagadh, best caterers near Manavadar Road",Transactional (Hyper-local),Medium
Vendor + City Area,"Decorators in Manavadar Road, Junagadh | VenueConnect",/junagadh/manavadar-road/vendors/decorators/,"Top Decorators in Manavadar Road, Junagadh | Hire Near You - VenueConnect","Find the best decorators in Manavadar Road, Junagadh for your event. Browse verified profiles, compare pricing & get WhatsApp leads instantly on VenueConnect.","Top Decorators in Manavadar Road, Junagadh",decorators in Manavadar Road Junagadh,"decorators near Manavadar Road, decorators Manavadar Road Junagadh, best decorators near Manavadar Road",Transactional (Hyper-local),Medium
Vendor + City Area,"Mehndi Artists in Manavadar Road, Junagadh | VenueConnect",/junagadh/manavadar-road/vendors/mehndi-artists/,"Top Mehndi Artists in Manavadar Road, Junagadh | Hire Near You - VenueConnect","Find the best mehndi artists in Manavadar Road, Junagadh for your event. Browse verified profiles, compare pricing & get WhatsApp leads instantly on VenueConnect.","Top Mehndi Artists in Manavadar Road, Junagadh",mehndi artists in Manavadar Road Junagadh,"mehndi artists near Manavadar Road, mehndi artists Manavadar Road Junagadh, best mehndi artists near Manavadar Road",Transactional (Hyper-local),Medium
Vendor + City Area,"Photographers in Mendarda Road, Junagadh | VenueConnect",/junagadh/mendarda-road/vendors/photographers/,"Top Photographers in Mendarda Road, Junagadh | Hire Near You - VenueConnect","Find the best photographers in Mendarda Road, Junagadh for your event. Browse verified profiles, compare pricing & get WhatsApp leads instantly on VenueConnect.","Top Photographers in Mendarda Road, Junagadh",photographers in Mendarda Road Junagadh,"photographers near Mendarda Road, photographers Mendarda Road Junagadh, best photographers near Mendarda Road",Transactional (Hyper-local),Medium
Vendor + City Area,"Caterers in Mendarda Road, Junagadh | VenueConnect",/junagadh/mendarda-road/vendors/caterers/,"Top Caterers in Mendarda Road, Junagadh | Hire Near You - VenueConnect","Find the best caterers in Mendarda Road, Junagadh for your event. Browse verified profiles, compare pricing & get WhatsApp leads instantly on VenueConnect.","Top Caterers in Mendarda Road, Junagadh",caterers in Mendarda Road Junagadh,"caterers near Mendarda Road, caterers Mendarda Road Junagadh, best caterers near Mendarda Road",Transactional (Hyper-local),Medium
Vendor + City Area,"Decorators in Mendarda Road, Junagadh | VenueConnect",/junagadh/mendarda-road/vendors/decorators/,"Top Decorators in Mendarda Road, Junagadh | Hire Near You - VenueConnect","Find the best decorators in Mendarda Road, Junagadh for your event. Browse verified profiles, compare pricing & get WhatsApp leads instantly on VenueConnect.","Top Decorators in Mendarda Road, Junagadh",decorators in Mendarda Road Junagadh,"decorators near Mendarda Road, decorators Mendarda Road Junagadh, best decorators near Mendarda Road",Transactional (Hyper-local),Medium
Vendor + City Area,"Mehndi Artists in Mendarda Road, Junagadh | VenueConnect",/junagadh/mendarda-road/vendors/mehndi-artists/,"Top Mehndi Artists in Mendarda Road, Junagadh | Hire Near You - VenueConnect","Find the best mehndi artists in Mendarda Road, Junagadh for your event. Browse verified profiles, compare pricing & get WhatsApp leads instantly on VenueConnect.","Top Mehndi Artists in Mendarda Road, Junagadh",mehndi artists in Mendarda Road Junagadh,"mehndi artists near Mendarda Road, mehndi artists Mendarda Road Junagadh, best mehndi artists near Mendarda Road",Transactional (Hyper-local),Medium
Vendor + City Area,"Photographers in Nana Bazar, Junagadh | VenueConnect",/junagadh/nana-bazar/vendors/photographers/,"Top Photographers in Nana Bazar, Junagadh | Hire Near You - VenueConnect","Find the best photographers in Nana Bazar, Junagadh for your event. Browse verified profiles, compare pricing & get WhatsApp leads instantly on VenueConnect.","Top Photographers in Nana Bazar, Junagadh",photographers in Nana Bazar Junagadh,"photographers near Nana Bazar, photographers Nana Bazar Junagadh, best photographers near Nana Bazar",Transactional (Hyper-local),Medium
Vendor + City Area,"Caterers in Nana Bazar, Junagadh | VenueConnect",/junagadh/nana-bazar/vendors/caterers/,"Top Caterers in Nana Bazar, Junagadh | Hire Near You - VenueConnect","Find the best caterers in Nana Bazar, Junagadh for your event. Browse verified profiles, compare pricing & get WhatsApp leads instantly on VenueConnect.","Top Caterers in Nana Bazar, Junagadh",caterers in Nana Bazar Junagadh,"caterers near Nana Bazar, caterers Nana Bazar Junagadh, best caterers near Nana Bazar",Transactional (Hyper-local),Medium
Vendor + City Area,"Decorators in Nana Bazar, Junagadh | VenueConnect",/junagadh/nana-bazar/vendors/decorators/,"Top Decorators in Nana Bazar, Junagadh | Hire Near You - VenueConnect","Find the best decorators in Nana Bazar, Junagadh for your event. Browse verified profiles, compare pricing & get WhatsApp leads instantly on VenueConnect.","Top Decorators in Nana Bazar, Junagadh",decorators in Nana Bazar Junagadh,"decorators near Nana Bazar, decorators Nana Bazar Junagadh, best decorators near Nana Bazar",Transactional (Hyper-local),Medium
Vendor + City Area,"Mehndi Artists in Nana Bazar, Junagadh | VenueConnect",/junagadh/nana-bazar/vendors/mehndi-artists/,"Top Mehndi Artists in Nana Bazar, Junagadh | Hire Near You - VenueConnect","Find the best mehndi artists in Nana Bazar, Junagadh for your event. Browse verified profiles, compare pricing & get WhatsApp leads instantly on VenueConnect.","Top Mehndi Artists in Nana Bazar, Junagadh",mehndi artists in Nana Bazar Junagadh,"mehndi artists near Nana Bazar, mehndi artists Nana Bazar Junagadh, best mehndi artists near Nana Bazar",Transactional (Hyper-local),Medium
Vendor + City Area,"Photographers in Narsinh Mehta, Junagadh | VenueConnect",/junagadh/narsinh-mehta/vendors/photographers/,"Top Photographers in Narsinh Mehta, Junagadh | Hire Near You - VenueConnect","Find the best photographers in Narsinh Mehta, Junagadh for your event. Browse verified profiles, compare pricing & get WhatsApp leads instantly on VenueConnect.","Top Photographers in Narsinh Mehta, Junagadh",photographers in Narsinh Mehta Junagadh,"photographers near Narsinh Mehta, photographers Narsinh Mehta Junagadh, best photographers near Narsinh Mehta",Transactional (Hyper-local),Medium
Vendor + City Area,"Caterers in Narsinh Mehta, Junagadh | VenueConnect",/junagadh/narsinh-mehta/vendors/caterers/,"Top Caterers in Narsinh Mehta, Junagadh | Hire Near You - VenueConnect","Find the best caterers in Narsinh Mehta, Junagadh for your event. Browse verified profiles, compare pricing & get WhatsApp leads instantly on VenueConnect.","Top Caterers in Narsinh Mehta, Junagadh",caterers in Narsinh Mehta Junagadh,"caterers near Narsinh Mehta, caterers Narsinh Mehta Junagadh, best caterers near Narsinh Mehta",Transactional (Hyper-local),Medium
Vendor + City Area,"Decorators in Narsinh Mehta, Junagadh | VenueConnect",/junagadh/narsinh-mehta/vendors/decorators/,"Top Decorators in Narsinh Mehta, Junagadh | Hire Near You - VenueConnect","Find the best decorators in Narsinh Mehta, Junagadh for your event. Browse verified profiles, compare pricing & get WhatsApp leads instantly on VenueConnect.","Top Decorators in Narsinh Mehta, Junagadh",decorators in Narsinh Mehta Junagadh,"decorators near Narsinh Mehta, decorators Narsinh Mehta Junagadh, best decorators near Narsinh Mehta",Transactional (Hyper-local),Medium
Vendor + City Area,"Mehndi Artists in Narsinh Mehta, Junagadh | VenueConnect",/junagadh/narsinh-mehta/vendors/mehndi-artists/,"Top Mehndi Artists in Narsinh Mehta, Junagadh | Hire Near You - VenueConnect","Find the best mehndi artists in Narsinh Mehta, Junagadh for your event. Browse verified profiles, compare pricing & get WhatsApp leads instantly on VenueConnect.","Top Mehndi Artists in Narsinh Mehta, Junagadh",mehndi artists in Narsinh Mehta Junagadh,"mehndi artists near Narsinh Mehta, mehndi artists Narsinh Mehta Junagadh, best mehndi artists near Narsinh Mehta",Transactional (Hyper-local),Medium
Vendor + City Area,"Photographers in New Junagadh, Junagadh | VenueConnect",/junagadh/new-junagadh/vendors/photographers/,"Top Photographers in New Junagadh, Junagadh | Hire Near You - VenueConnect","Find the best photographers in New Junagadh, Junagadh for your event. Browse verified profiles, compare pricing & get WhatsApp leads instantly on VenueConnect.","Top Photographers in New Junagadh, Junagadh",photographers in New Junagadh Junagadh,"photographers near New Junagadh, photographers New Junagadh Junagadh, best photographers near New Junagadh",Transactional (Hyper-local),Medium
Vendor + City Area,"Caterers in New Junagadh, Junagadh | VenueConnect",/junagadh/new-junagadh/vendors/caterers/,"Top Caterers in New Junagadh, Junagadh | Hire Near You - VenueConnect","Find the best caterers in New Junagadh, Junagadh for your event. Browse verified profiles, compare pricing & get WhatsApp leads instantly on VenueConnect.","Top Caterers in New Junagadh, Junagadh",caterers in New Junagadh Junagadh,"caterers near New Junagadh, caterers New Junagadh Junagadh, best caterers near New Junagadh",Transactional (Hyper-local),Medium
Vendor + City Area,"Decorators in New Junagadh, Junagadh | VenueConnect",/junagadh/new-junagadh/vendors/decorators/,"Top Decorators in New Junagadh, Junagadh | Hire Near You - VenueConnect","Find the best decorators in New Junagadh, Junagadh for your event. Browse verified profiles, compare pricing & get WhatsApp leads instantly on VenueConnect.","Top Decorators in New Junagadh, Junagadh",decorators in New Junagadh Junagadh,"decorators near New Junagadh, decorators New Junagadh Junagadh, best decorators near New Junagadh",Transactional (Hyper-local),Medium
Vendor + City Area,"Mehndi Artists in New Junagadh, Junagadh | VenueConnect",/junagadh/new-junagadh/vendors/mehndi-artists/,"Top Mehndi Artists in New Junagadh, Junagadh | Hire Near You - VenueConnect","Find the best mehndi artists in New Junagadh, Junagadh for your event. Browse verified profiles, compare pricing & get WhatsApp leads instantly on VenueConnect.","Top Mehndi Artists in New Junagadh, Junagadh",mehndi artists in New Junagadh Junagadh,"mehndi artists near New Junagadh, mehndi artists New Junagadh Junagadh, best mehndi artists near New Junagadh",Transactional (Hyper-local),Medium
Vendor + City Area,"Photographers in Patan Gate, Junagadh | VenueConnect",/junagadh/patan-gate/vendors/photographers/,"Top Photographers in Patan Gate, Junagadh | Hire Near You - VenueConnect","Find the best photographers in Patan Gate, Junagadh for your event. Browse verified profiles, compare pricing & get WhatsApp leads instantly on VenueConnect.","Top Photographers in Patan Gate, Junagadh",photographers in Patan Gate Junagadh,"photographers near Patan Gate, photographers Patan Gate Junagadh, best photographers near Patan Gate",Transactional (Hyper-local),Medium
Vendor + City Area,"Caterers in Patan Gate, Junagadh | VenueConnect",/junagadh/patan-gate/vendors/caterers/,"Top Caterers in Patan Gate, Junagadh | Hire Near You - VenueConnect","Find the best caterers in Patan Gate, Junagadh for your event. Browse verified profiles, compare pricing & get WhatsApp leads instantly on VenueConnect.","Top Caterers in Patan Gate, Junagadh",caterers in Patan Gate Junagadh,"caterers near Patan Gate, caterers Patan Gate Junagadh, best caterers near Patan Gate",Transactional (Hyper-local),Medium
Vendor + City Area,"Decorators in Patan Gate, Junagadh | VenueConnect",/junagadh/patan-gate/vendors/decorators/,"Top Decorators in Patan Gate, Junagadh | Hire Near You - VenueConnect","Find the best decorators in Patan Gate, Junagadh for your event. Browse verified profiles, compare pricing & get WhatsApp leads instantly on VenueConnect.","Top Decorators in Patan Gate, Junagadh",decorators in Patan Gate Junagadh,"decorators near Patan Gate, decorators Patan Gate Junagadh, best decorators near Patan Gate",Transactional (Hyper-local),Medium
Vendor + City Area,"Mehndi Artists in Patan Gate, Junagadh | VenueConnect",/junagadh/patan-gate/vendors/mehndi-artists/,"Top Mehndi Artists in Patan Gate, Junagadh | Hire Near You - VenueConnect","Find the best mehndi artists in Patan Gate, Junagadh for your event. Browse verified profiles, compare pricing & get WhatsApp leads instantly on VenueConnect.","Top Mehndi Artists in Patan Gate, Junagadh",mehndi artists in Patan Gate Junagadh,"mehndi artists near Patan Gate, mehndi artists Patan Gate Junagadh, best mehndi artists near Patan Gate",Transactional (Hyper-local),Medium
Vendor + City Area,"Photographers in Rajkot Road, Junagadh | VenueConnect",/junagadh/rajkot-road/vendors/photographers/,"Top Photographers in Rajkot Road, Junagadh | Hire Near You - VenueConnect","Find the best photographers in Rajkot Road, Junagadh for your event. Browse verified profiles, compare pricing & get WhatsApp leads instantly on VenueConnect.","Top Photographers in Rajkot Road, Junagadh",photographers in Rajkot Road Junagadh,"photographers near Rajkot Road, photographers Rajkot Road Junagadh, best photographers near Rajkot Road",Transactional (Hyper-local),Medium
Vendor + City Area,"Caterers in Rajkot Road, Junagadh | VenueConnect",/junagadh/rajkot-road/vendors/caterers/,"Top Caterers in Rajkot Road, Junagadh | Hire Near You - VenueConnect","Find the best caterers in Rajkot Road, Junagadh for your event. Browse verified profiles, compare pricing & get WhatsApp leads instantly on VenueConnect.","Top Caterers in Rajkot Road, Junagadh",caterers in Rajkot Road Junagadh,"caterers near Rajkot Road, caterers Rajkot Road Junagadh, best caterers near Rajkot Road",Transactional (Hyper-local),Medium
Vendor + City Area,"Decorators in Rajkot Road, Junagadh | VenueConnect",/junagadh/rajkot-road/vendors/decorators/,"Top Decorators in Rajkot Road, Junagadh | Hire Near You - VenueConnect","Find the best decorators in Rajkot Road, Junagadh for your event. Browse verified profiles, compare pricing & get WhatsApp leads instantly on VenueConnect.","Top Decorators in Rajkot Road, Junagadh",decorators in Rajkot Road Junagadh,"decorators near Rajkot Road, decorators Rajkot Road Junagadh, best decorators near Rajkot Road",Transactional (Hyper-local),Medium
Vendor + City Area,"Mehndi Artists in Rajkot Road, Junagadh | VenueConnect",/junagadh/rajkot-road/vendors/mehndi-artists/,"Top Mehndi Artists in Rajkot Road, Junagadh | Hire Near You - VenueConnect","Find the best mehndi artists in Rajkot Road, Junagadh for your event. Browse verified profiles, compare pricing & get WhatsApp leads instantly on VenueConnect.","Top Mehndi Artists in Rajkot Road, Junagadh",mehndi artists in Rajkot Road Junagadh,"mehndi artists near Rajkot Road, mehndi artists Rajkot Road Junagadh, best mehndi artists near Rajkot Road",Transactional (Hyper-local),Medium
Vendor + City Area,"Photographers in Sakkarbaug, Junagadh | VenueConnect",/junagadh/sakkarbaug/vendors/photographers/,"Top Photographers in Sakkarbaug, Junagadh | Hire Near You - VenueConnect","Find the best photographers in Sakkarbaug, Junagadh for your event. Browse verified profiles, compare pricing & get WhatsApp leads instantly on VenueConnect.","Top Photographers in Sakkarbaug, Junagadh",photographers in Sakkarbaug Junagadh,"photographers near Sakkarbaug, photographers Sakkarbaug Junagadh, best photographers near Sakkarbaug",Transactional (Hyper-local),Medium
Vendor + City Area,"Caterers in Sakkarbaug, Junagadh | VenueConnect",/junagadh/sakkarbaug/vendors/caterers/,"Top Caterers in Sakkarbaug, Junagadh | Hire Near You - VenueConnect","Find the best caterers in Sakkarbaug, Junagadh for your event. Browse verified profiles, compare pricing & get WhatsApp leads instantly on VenueConnect.","Top Caterers in Sakkarbaug, Junagadh",caterers in Sakkarbaug Junagadh,"caterers near Sakkarbaug, caterers Sakkarbaug Junagadh, best caterers near Sakkarbaug",Transactional (Hyper-local),Medium
Vendor + City Area,"Decorators in Sakkarbaug, Junagadh | VenueConnect",/junagadh/sakkarbaug/vendors/decorators/,"Top Decorators in Sakkarbaug, Junagadh | Hire Near You - VenueConnect","Find the best decorators in Sakkarbaug, Junagadh for your event. Browse verified profiles, compare pricing & get WhatsApp leads instantly on VenueConnect.","Top Decorators in Sakkarbaug, Junagadh",decorators in Sakkarbaug Junagadh,"decorators near Sakkarbaug, decorators Sakkarbaug Junagadh, best decorators near Sakkarbaug",Transactional (Hyper-local),Medium
Vendor + City Area,"Mehndi Artists in Sakkarbaug, Junagadh | VenueConnect",/junagadh/sakkarbaug/vendors/mehndi-artists/,"Top Mehndi Artists in Sakkarbaug, Junagadh | Hire Near You - VenueConnect","Find the best mehndi artists in Sakkarbaug, Junagadh for your event. Browse verified profiles, compare pricing & get WhatsApp leads instantly on VenueConnect.","Top Mehndi Artists in Sakkarbaug, Junagadh",mehndi artists in Sakkarbaug Junagadh,"mehndi artists near Sakkarbaug, mehndi artists Sakkarbaug Junagadh, best mehndi artists near Sakkarbaug",Transactional (Hyper-local),Medium
Vendor + City Area,"Photographers in Sonagir, Junagadh | VenueConnect",/junagadh/sonagir/vendors/photographers/,"Top Photographers in Sonagir, Junagadh | Hire Near You - VenueConnect","Find the best photographers in Sonagir, Junagadh for your event. Browse verified profiles, compare pricing & get WhatsApp leads instantly on VenueConnect.","Top Photographers in Sonagir, Junagadh",photographers in Sonagir Junagadh,"photographers near Sonagir, photographers Sonagir Junagadh, best photographers near Sonagir",Transactional (Hyper-local),Medium
Vendor + City Area,"Caterers in Sonagir, Junagadh | VenueConnect",/junagadh/sonagir/vendors/caterers/,"Top Caterers in Sonagir, Junagadh | Hire Near You - VenueConnect","Find the best caterers in Sonagir, Junagadh for your event. Browse verified profiles, compare pricing & get WhatsApp leads instantly on VenueConnect.","Top Caterers in Sonagir, Junagadh",caterers in Sonagir Junagadh,"caterers near Sonagir, caterers Sonagir Junagadh, best caterers near Sonagir",Transactional (Hyper-local),Medium
Vendor + City Area,"Decorators in Sonagir, Junagadh | VenueConnect",/junagadh/sonagir/vendors/decorators/,"Top Decorators in Sonagir, Junagadh | Hire Near You - VenueConnect","Find the best decorators in Sonagir, Junagadh for your event. Browse verified profiles, compare pricing & get WhatsApp leads instantly on VenueConnect.","Top Decorators in Sonagir, Junagadh",decorators in Sonagir Junagadh,"decorators near Sonagir, decorators Sonagir Junagadh, best decorators near Sonagir",Transactional (Hyper-local),Medium
Vendor + City Area,"Mehndi Artists in Sonagir, Junagadh | VenueConnect",/junagadh/sonagir/vendors/mehndi-artists/,"Top Mehndi Artists in Sonagir, Junagadh | Hire Near You - VenueConnect","Find the best mehndi artists in Sonagir, Junagadh for your event. Browse verified profiles, compare pricing & get WhatsApp leads instantly on VenueConnect.","Top Mehndi Artists in Sonagir, Junagadh",mehndi artists in Sonagir Junagadh,"mehndi artists near Sonagir, mehndi artists Sonagir Junagadh, best mehndi artists near Sonagir",Transactional (Hyper-local),Medium
Vendor + City Area,"Photographers in Talala Road, Junagadh | VenueConnect",/junagadh/talala-road/vendors/photographers/,"Top Photographers in Talala Road, Junagadh | Hire Near You - VenueConnect","Find the best photographers in Talala Road, Junagadh for your event. Browse verified profiles, compare pricing & get WhatsApp leads instantly on VenueConnect.","Top Photographers in Talala Road, Junagadh",photographers in Talala Road Junagadh,"photographers near Talala Road, photographers Talala Road Junagadh, best photographers near Talala Road",Transactional (Hyper-local),Medium
Vendor + City Area,"Caterers in Talala Road, Junagadh | VenueConnect",/junagadh/talala-road/vendors/caterers/,"Top Caterers in Talala Road, Junagadh | Hire Near You - VenueConnect","Find the best caterers in Talala Road, Junagadh for your event. Browse verified profiles, compare pricing & get WhatsApp leads instantly on VenueConnect.","Top Caterers in Talala Road, Junagadh",caterers in Talala Road Junagadh,"caterers near Talala Road, caterers Talala Road Junagadh, best caterers near Talala Road",Transactional (Hyper-local),Medium
Vendor + City Area,"Decorators in Talala Road, Junagadh | VenueConnect",/junagadh/talala-road/vendors/decorators/,"Top Decorators in Talala Road, Junagadh | Hire Near You - VenueConnect","Find the best decorators in Talala Road, Junagadh for your event. Browse verified profiles, compare pricing & get WhatsApp leads instantly on VenueConnect.","Top Decorators in Talala Road, Junagadh",decorators in Talala Road Junagadh,"decorators near Talala Road, decorators Talala Road Junagadh, best decorators near Talala Road",Transactional (Hyper-local),Medium
Vendor + City Area,"Mehndi Artists in Talala Road, Junagadh | VenueConnect",/junagadh/talala-road/vendors/mehndi-artists/,"Top Mehndi Artists in Talala Road, Junagadh | Hire Near You - VenueConnect","Find the best mehndi artists in Talala Road, Junagadh for your event. Browse verified profiles, compare pricing & get WhatsApp leads instantly on VenueConnect.","Top Mehndi Artists in Talala Road, Junagadh",mehndi artists in Talala Road Junagadh,"mehndi artists near Talala Road, mehndi artists Talala Road Junagadh, best mehndi artists near Talala Road",Transactional (Hyper-local),Medium
Vendor + City Area,"Photographers in Uparkot, Junagadh | VenueConnect",/junagadh/uparkot/vendors/photographers/,"Top Photographers in Uparkot, Junagadh | Hire Near You - VenueConnect","Find the best photographers in Uparkot, Junagadh for your event. Browse verified profiles, compare pricing & get WhatsApp leads instantly on VenueConnect.","Top Photographers in Uparkot, Junagadh",photographers in Uparkot Junagadh,"photographers near Uparkot, photographers Uparkot Junagadh, best photographers near Uparkot",Transactional (Hyper-local),Medium
Vendor + City Area,"Caterers in Uparkot, Junagadh | VenueConnect",/junagadh/uparkot/vendors/caterers/,"Top Caterers in Uparkot, Junagadh | Hire Near You - VenueConnect","Find the best caterers in Uparkot, Junagadh for your event. Browse verified profiles, compare pricing & get WhatsApp leads instantly on VenueConnect.","Top Caterers in Uparkot, Junagadh",caterers in Uparkot Junagadh,"caterers near Uparkot, caterers Uparkot Junagadh, best caterers near Uparkot",Transactional (Hyper-local),Medium
Vendor + City Area,"Decorators in Uparkot, Junagadh | VenueConnect",/junagadh/uparkot/vendors/decorators/,"Top Decorators in Uparkot, Junagadh | Hire Near You - VenueConnect","Find the best decorators in Uparkot, Junagadh for your event. Browse verified profiles, compare pricing & get WhatsApp leads instantly on VenueConnect.","Top Decorators in Uparkot, Junagadh",decorators in Uparkot Junagadh,"decorators near Uparkot, decorators Uparkot Junagadh, best decorators near Uparkot",Transactional (Hyper-local),Medium
Vendor + City Area,"Mehndi Artists in Uparkot, Junagadh | VenueConnect",/junagadh/uparkot/vendors/mehndi-artists/,"Top Mehndi Artists in Uparkot, Junagadh | Hire Near You - VenueConnect","Find the best mehndi artists in Uparkot, Junagadh for your event. Browse verified profiles, compare pricing & get WhatsApp leads instantly on VenueConnect.","Top Mehndi Artists in Uparkot, Junagadh",mehndi artists in Uparkot Junagadh,"mehndi artists near Uparkot, mehndi artists Uparkot Junagadh, best mehndi artists near Uparkot",Transactional (Hyper-local),Medium
Vendor + City Area,"Photographers in Vanthali Road, Junagadh | VenueConnect",/junagadh/vanthali-road/vendors/photographers/,"Top Photographers in Vanthali Road, Junagadh | Hire Near You - VenueConnect","Find the best photographers in Vanthali Road, Junagadh for your event. Browse verified profiles, compare pricing & get WhatsApp leads instantly on VenueConnect.","Top Photographers in Vanthali Road, Junagadh",photographers in Vanthali Road Junagadh,"photographers near Vanthali Road, photographers Vanthali Road Junagadh, best photographers near Vanthali Road",Transactional (Hyper-local),Medium
Vendor + City Area,"Caterers in Vanthali Road, Junagadh | VenueConnect",/junagadh/vanthali-road/vendors/caterers/,"Top Caterers in Vanthali Road, Junagadh | Hire Near You - VenueConnect","Find the best caterers in Vanthali Road, Junagadh for your event. Browse verified profiles, compare pricing & get WhatsApp leads instantly on VenueConnect.","Top Caterers in Vanthali Road, Junagadh",caterers in Vanthali Road Junagadh,"caterers near Vanthali Road, caterers Vanthali Road Junagadh, best caterers near Vanthali Road",Transactional (Hyper-local),Medium
Vendor + City Area,"Decorators in Vanthali Road, Junagadh | VenueConnect",/junagadh/vanthali-road/vendors/decorators/,"Top Decorators in Vanthali Road, Junagadh | Hire Near You - VenueConnect","Find the best decorators in Vanthali Road, Junagadh for your event. Browse verified profiles, compare pricing & get WhatsApp leads instantly on VenueConnect.","Top Decorators in Vanthali Road, Junagadh",decorators in Vanthali Road Junagadh,"decorators near Vanthali Road, decorators Vanthali Road Junagadh, best decorators near Vanthali Road",Transactional (Hyper-local),Medium
Vendor + City Area,"Mehndi Artists in Vanthali Road, Junagadh | VenueConnect",/junagadh/vanthali-road/vendors/mehndi-artists/,"Top Mehndi Artists in Vanthali Road, Junagadh | Hire Near You - VenueConnect","Find the best mehndi artists in Vanthali Road, Junagadh for your event. Browse verified profiles, compare pricing & get WhatsApp leads instantly on VenueConnect.","Top Mehndi Artists in Vanthali Road, Junagadh",mehndi artists in Vanthali Road Junagadh,"mehndi artists near Vanthali Road, mehndi artists Vanthali Road Junagadh, best mehndi artists near Vanthali Road",Transactional (Hyper-local),Medium
Vendor + City Area,"Photographers in Visavadar Road, Junagadh | VenueConnect",/junagadh/visavadar-road/vendors/photographers/,"Top Photographers in Visavadar Road, Junagadh | Hire Near You - VenueConnect","Find the best photographers in Visavadar Road, Junagadh for your event. Browse verified profiles, compare pricing & get WhatsApp leads instantly on VenueConnect.","Top Photographers in Visavadar Road, Junagadh",photographers in Visavadar Road Junagadh,"photographers near Visavadar Road, photographers Visavadar Road Junagadh, best photographers near Visavadar Road",Transactional (Hyper-local),Medium
Vendor + City Area,"Caterers in Visavadar Road, Junagadh | VenueConnect",/junagadh/visavadar-road/vendors/caterers/,"Top Caterers in Visavadar Road, Junagadh | Hire Near You - VenueConnect","Find the best caterers in Visavadar Road, Junagadh for your event. Browse verified profiles, compare pricing & get WhatsApp leads instantly on VenueConnect.","Top Caterers in Visavadar Road, Junagadh",caterers in Visavadar Road Junagadh,"caterers near Visavadar Road, caterers Visavadar Road Junagadh, best caterers near Visavadar Road",Transactional (Hyper-local),Medium
Vendor + City Area,"Decorators in Visavadar Road, Junagadh | VenueConnect",/junagadh/visavadar-road/vendors/decorators/,"Top Decorators in Visavadar Road, Junagadh | Hire Near You - VenueConnect","Find the best decorators in Visavadar Road, Junagadh for your event. Browse verified profiles, compare pricing & get WhatsApp leads instantly on VenueConnect.","Top Decorators in Visavadar Road, Junagadh",decorators in Visavadar Road Junagadh,"decorators near Visavadar Road, decorators Visavadar Road Junagadh, best decorators near Visavadar Road",Transactional (Hyper-local),Medium
Vendor + City Area,"Mehndi Artists in Visavadar Road, Junagadh | VenueConnect",/junagadh/visavadar-road/vendors/mehndi-artists/,"Top Mehndi Artists in Visavadar Road, Junagadh | Hire Near You - VenueConnect","Find the best mehndi artists in Visavadar Road, Junagadh for your event. Browse verified profiles, compare pricing & get WhatsApp leads instantly on VenueConnect.","Top Mehndi Artists in Visavadar Road, Junagadh",mehndi artists in Visavadar Road Junagadh,"mehndi artists near Visavadar Road, mehndi artists Visavadar Road Junagadh, best mehndi artists near Visavadar Road",Transactional (Hyper-local),Medium
Vendor + City Area,"Photographers in Zanzarda Road, Junagadh | VenueConnect",/junagadh/zanzarda-road/vendors/photographers/,"Top Photographers in Zanzarda Road, Junagadh | Hire Near You - VenueConnect","Find the best photographers in Zanzarda Road, Junagadh for your event. Browse verified profiles, compare pricing & get WhatsApp leads instantly on VenueConnect.","Top Photographers in Zanzarda Road, Junagadh",photographers in Zanzarda Road Junagadh,"photographers near Zanzarda Road, photographers Zanzarda Road Junagadh, best photographers near Zanzarda Road",Transactional (Hyper-local),Medium
Vendor + City Area,"Caterers in Zanzarda Road, Junagadh | VenueConnect",/junagadh/zanzarda-road/vendors/caterers/,"Top Caterers in Zanzarda Road, Junagadh | Hire Near You - VenueConnect","Find the best caterers in Zanzarda Road, Junagadh for your event. Browse verified profiles, compare pricing & get WhatsApp leads instantly on VenueConnect.","Top Caterers in Zanzarda Road, Junagadh",caterers in Zanzarda Road Junagadh,"caterers near Zanzarda Road, caterers Zanzarda Road Junagadh, best caterers near Zanzarda Road",Transactional (Hyper-local),Medium
Vendor + City Area,"Decorators in Zanzarda Road, Junagadh | VenueConnect",/junagadh/zanzarda-road/vendors/decorators/,"Top Decorators in Zanzarda Road, Junagadh | Hire Near You - VenueConnect","Find the best decorators in Zanzarda Road, Junagadh for your event. Browse verified profiles, compare pricing & get WhatsApp leads instantly on VenueConnect.","Top Decorators in Zanzarda Road, Junagadh",decorators in Zanzarda Road Junagadh,"decorators near Zanzarda Road, decorators Zanzarda Road Junagadh, best decorators near Zanzarda Road",Transactional (Hyper-local),Medium
Vendor + City Area,"Mehndi Artists in Zanzarda Road, Junagadh | VenueConnect",/junagadh/zanzarda-road/vendors/mehndi-artists/,"Top Mehndi Artists in Zanzarda Road, Junagadh | Hire Near You - VenueConnect","Find the best mehndi artists in Zanzarda Road, Junagadh for your event. Browse verified profiles, compare pricing & get WhatsApp leads instantly on VenueConnect.","Top Mehndi Artists in Zanzarda Road, Junagadh",mehndi artists in Zanzarda Road Junagadh,"mehndi artists near Zanzarda Road, mehndi artists Zanzarda Road Junagadh, best mehndi artists near Zanzarda Road",Transactional (Hyper-local),Medium
Vendor + City Area,"Photographers in Amrapur, Junagadh | VenueConnect",/junagadh/amrapur/vendors/photographers/,"Top Photographers in Amrapur, Junagadh | Hire Near You - VenueConnect","Find the best photographers in Amrapur, Junagadh for your event. Browse verified profiles, compare pricing & get WhatsApp leads instantly on VenueConnect.","Top Photographers in Amrapur, Junagadh",photographers in Amrapur Junagadh,"photographers near Amrapur, photographers Amrapur Junagadh, best photographers near Amrapur",Transactional (Hyper-local),Medium
Vendor + City Area,"Caterers in Amrapur, Junagadh | VenueConnect",/junagadh/amrapur/vendors/caterers/,"Top Caterers in Amrapur, Junagadh | Hire Near You - VenueConnect","Find the best caterers in Amrapur, Junagadh for your event. Browse verified profiles, compare pricing & get WhatsApp leads instantly on VenueConnect.","Top Caterers in Amrapur, Junagadh",caterers in Amrapur Junagadh,"caterers near Amrapur, caterers Amrapur Junagadh, best caterers near Amrapur",Transactional (Hyper-local),Medium
Vendor + City Area,"Decorators in Amrapur, Junagadh | VenueConnect",/junagadh/amrapur/vendors/decorators/,"Top Decorators in Amrapur, Junagadh | Hire Near You - VenueConnect","Find the best decorators in Amrapur, Junagadh for your event. Browse verified profiles, compare pricing & get WhatsApp leads instantly on VenueConnect.","Top Decorators in Amrapur, Junagadh",decorators in Amrapur Junagadh,"decorators near Amrapur, decorators Amrapur Junagadh, best decorators near Amrapur",Transactional (Hyper-local),Medium
Vendor + City Area,"Mehndi Artists in Amrapur, Junagadh | VenueConnect",/junagadh/amrapur/vendors/mehndi-artists/,"Top Mehndi Artists in Amrapur, Junagadh | Hire Near You - VenueConnect","Find the best mehndi artists in Amrapur, Junagadh for your event. Browse verified profiles, compare pricing & get WhatsApp leads instantly on VenueConnect.","Top Mehndi Artists in Amrapur, Junagadh",mehndi artists in Amrapur Junagadh,"mehndi artists near Amrapur, mehndi artists Amrapur Junagadh, best mehndi artists near Amrapur",Transactional (Hyper-local),Medium
  VENUE TYPE + CITY AREA PAGES (Hyper-local),,,,,,,,,
Page Type,Page Title,URL Slug,Meta Title,Meta Description,H1 Tag,Target Keyword,Secondary Keywords,Search Intent,Priority
Venue + City Area,"Banquet Halls in Kalwa Chowk, Junagadh | VenueConnect",/junagadh/kalwa-chowk/banquet-halls/,"Best Banquet Halls in Kalwa Chowk, Junagadh | Compare Near You - VenueConnect","Looking for banquet halls in Kalwa Chowk, Junagadh? Browse verified listings with pricing, capacity & photos. Book the perfect venue near Kalwa Chowk on VenueConnect.","Best Banquet Halls in Kalwa Chowk, Junagadh",banquet halls in Kalwa Chowk Junagadh,"banquet halls near Kalwa Chowk, banquet halls Kalwa Chowk Junagadh, affordable banquet halls near Kalwa Chowk",Transactional (Hyper-local),High
Venue + City Area,"Farmhouses in Kalwa Chowk, Junagadh | VenueConnect",/junagadh/kalwa-chowk/farmhouses/,"Best Farmhouses in Kalwa Chowk, Junagadh | Compare Near You - VenueConnect","Looking for farmhouses in Kalwa Chowk, Junagadh? Browse verified listings with pricing, capacity & photos. Book the perfect venue near Kalwa Chowk on VenueConnect.","Best Farmhouses in Kalwa Chowk, Junagadh",farmhouses in Kalwa Chowk Junagadh,"farmhouses near Kalwa Chowk, farmhouses Kalwa Chowk Junagadh, affordable farmhouses near Kalwa Chowk",Transactional (Hyper-local),High
Venue + City Area,"Party Plots in Kalwa Chowk, Junagadh | VenueConnect",/junagadh/kalwa-chowk/party-plots/,"Best Party Plots in Kalwa Chowk, Junagadh | Compare Near You - VenueConnect","Looking for party plots in Kalwa Chowk, Junagadh? Browse verified listings with pricing, capacity & photos. Book the perfect venue near Kalwa Chowk on VenueConnect.","Best Party Plots in Kalwa Chowk, Junagadh",party plots in Kalwa Chowk Junagadh,"party plots near Kalwa Chowk, party plots Kalwa Chowk Junagadh, affordable party plots near Kalwa Chowk",Transactional (Hyper-local),High
Venue + City Area,"Banquet Halls in MG Road, Junagadh | VenueConnect",/junagadh/mg-road/banquet-halls/,"Best Banquet Halls in MG Road, Junagadh | Compare Near You - VenueConnect","Looking for banquet halls in MG Road, Junagadh? Browse verified listings with pricing, capacity & photos. Book the perfect venue near MG Road on VenueConnect.","Best Banquet Halls in MG Road, Junagadh",banquet halls in MG Road Junagadh,"banquet halls near MG Road, banquet halls MG Road Junagadh, affordable banquet halls near MG Road",Transactional (Hyper-local),High
Venue + City Area,"Farmhouses in MG Road, Junagadh | VenueConnect",/junagadh/mg-road/farmhouses/,"Best Farmhouses in MG Road, Junagadh | Compare Near You - VenueConnect","Looking for farmhouses in MG Road, Junagadh? Browse verified listings with pricing, capacity & photos. Book the perfect venue near MG Road on VenueConnect.","Best Farmhouses in MG Road, Junagadh",farmhouses in MG Road Junagadh,"farmhouses near MG Road, farmhouses MG Road Junagadh, affordable farmhouses near MG Road",Transactional (Hyper-local),High
Venue + City Area,"Party Plots in MG Road, Junagadh | VenueConnect",/junagadh/mg-road/party-plots/,"Best Party Plots in MG Road, Junagadh | Compare Near You - VenueConnect","Looking for party plots in MG Road, Junagadh? Browse verified listings with pricing, capacity & photos. Book the perfect venue near MG Road on VenueConnect.","Best Party Plots in MG Road, Junagadh",party plots in MG Road Junagadh,"party plots near MG Road, party plots MG Road Junagadh, affordable party plots near MG Road",Transactional (Hyper-local),High
Venue + City Area,"Banquet Halls in Ranavav Road, Junagadh | VenueConnect",/junagadh/ranavav-road/banquet-halls/,"Best Banquet Halls in Ranavav Road, Junagadh | Compare Near You - VenueConnect","Looking for banquet halls in Ranavav Road, Junagadh? Browse verified listings with pricing, capacity & photos. Book the perfect venue near Ranavav Road on VenueConnect.","Best Banquet Halls in Ranavav Road, Junagadh",banquet halls in Ranavav Road Junagadh,"banquet halls near Ranavav Road, banquet halls Ranavav Road Junagadh, affordable banquet halls near Ranavav Road",Transactional (Hyper-local),High
Venue + City Area,"Farmhouses in Ranavav Road, Junagadh | VenueConnect",/junagadh/ranavav-road/farmhouses/,"Best Farmhouses in Ranavav Road, Junagadh | Compare Near You - VenueConnect","Looking for farmhouses in Ranavav Road, Junagadh? Browse verified listings with pricing, capacity & photos. Book the perfect venue near Ranavav Road on VenueConnect.","Best Farmhouses in Ranavav Road, Junagadh",farmhouses in Ranavav Road Junagadh,"farmhouses near Ranavav Road, farmhouses Ranavav Road Junagadh, affordable farmhouses near Ranavav Road",Transactional (Hyper-local),High
Venue + City Area,"Party Plots in Ranavav Road, Junagadh | VenueConnect",/junagadh/ranavav-road/party-plots/,"Best Party Plots in Ranavav Road, Junagadh | Compare Near You - VenueConnect","Looking for party plots in Ranavav Road, Junagadh? Browse verified listings with pricing, capacity & photos. Book the perfect venue near Ranavav Road on VenueConnect.","Best Party Plots in Ranavav Road, Junagadh",party plots in Ranavav Road Junagadh,"party plots near Ranavav Road, party plots Ranavav Road Junagadh, affordable party plots near Ranavav Road",Transactional (Hyper-local),High
Venue + City Area,"Banquet Halls in Bhavnath, Junagadh | VenueConnect",/junagadh/bhavnath/banquet-halls/,"Best Banquet Halls in Bhavnath, Junagadh | Compare Near You - VenueConnect","Looking for banquet halls in Bhavnath, Junagadh? Browse verified listings with pricing, capacity & photos. Book the perfect venue near Bhavnath on VenueConnect.","Best Banquet Halls in Bhavnath, Junagadh",banquet halls in Bhavnath Junagadh,"banquet halls near Bhavnath, banquet halls Bhavnath Junagadh, affordable banquet halls near Bhavnath",Transactional (Hyper-local),High
Venue + City Area,"Farmhouses in Bhavnath, Junagadh | VenueConnect",/junagadh/bhavnath/farmhouses/,"Best Farmhouses in Bhavnath, Junagadh | Compare Near You - VenueConnect","Looking for farmhouses in Bhavnath, Junagadh? Browse verified listings with pricing, capacity & photos. Book the perfect venue near Bhavnath on VenueConnect.","Best Farmhouses in Bhavnath, Junagadh",farmhouses in Bhavnath Junagadh,"farmhouses near Bhavnath, farmhouses Bhavnath Junagadh, affordable farmhouses near Bhavnath",Transactional (Hyper-local),High
Venue + City Area,"Party Plots in Bhavnath, Junagadh | VenueConnect",/junagadh/bhavnath/party-plots/,"Best Party Plots in Bhavnath, Junagadh | Compare Near You - VenueConnect","Looking for party plots in Bhavnath, Junagadh? Browse verified listings with pricing, capacity & photos. Book the perfect venue near Bhavnath on VenueConnect.","Best Party Plots in Bhavnath, Junagadh",party plots in Bhavnath Junagadh,"party plots near Bhavnath, party plots Bhavnath Junagadh, affordable party plots near Bhavnath",Transactional (Hyper-local),High
Venue + City Area,"Banquet Halls in Shapur, Junagadh | VenueConnect",/junagadh/shapur/banquet-halls/,"Best Banquet Halls in Shapur, Junagadh | Compare Near You - VenueConnect","Looking for banquet halls in Shapur, Junagadh? Browse verified listings with pricing, capacity & photos. Book the perfect venue near Shapur on VenueConnect.","Best Banquet Halls in Shapur, Junagadh",banquet halls in Shapur Junagadh,"banquet halls near Shapur, banquet halls Shapur Junagadh, affordable banquet halls near Shapur",Transactional (Hyper-local),High
Venue + City Area,"Farmhouses in Shapur, Junagadh | VenueConnect",/junagadh/shapur/farmhouses/,"Best Farmhouses in Shapur, Junagadh | Compare Near You - VenueConnect","Looking for farmhouses in Shapur, Junagadh? Browse verified listings with pricing, capacity & photos. Book the perfect venue near Shapur on VenueConnect.","Best Farmhouses in Shapur, Junagadh",farmhouses in Shapur Junagadh,"farmhouses near Shapur, farmhouses Shapur Junagadh, affordable farmhouses near Shapur",Transactional (Hyper-local),High
Venue + City Area,"Party Plots in Shapur, Junagadh | VenueConnect",/junagadh/shapur/party-plots/,"Best Party Plots in Shapur, Junagadh | Compare Near You - VenueConnect","Looking for party plots in Shapur, Junagadh? Browse verified listings with pricing, capacity & photos. Book the perfect venue near Shapur on VenueConnect.","Best Party Plots in Shapur, Junagadh",party plots in Shapur Junagadh,"party plots near Shapur, party plots Shapur Junagadh, affordable party plots near Shapur",Transactional (Hyper-local),High
Venue + City Area,"Banquet Halls in College Road, Junagadh | VenueConnect",/junagadh/college-road/banquet-halls/,"Best Banquet Halls in College Road, Junagadh | Compare Near You - VenueConnect","Looking for banquet halls in College Road, Junagadh? Browse verified listings with pricing, capacity & photos. Book the perfect venue near College Road on VenueConnect.","Best Banquet Halls in College Road, Junagadh",banquet halls in College Road Junagadh,"banquet halls near College Road, banquet halls College Road Junagadh, affordable banquet halls near College Road",Transactional (Hyper-local),High
Venue + City Area,"Farmhouses in College Road, Junagadh | VenueConnect",/junagadh/college-road/farmhouses/,"Best Farmhouses in College Road, Junagadh | Compare Near You - VenueConnect","Looking for farmhouses in College Road, Junagadh? Browse verified listings with pricing, capacity & photos. Book the perfect venue near College Road on VenueConnect.","Best Farmhouses in College Road, Junagadh",farmhouses in College Road Junagadh,"farmhouses near College Road, farmhouses College Road Junagadh, affordable farmhouses near College Road",Transactional (Hyper-local),High
Venue + City Area,"Party Plots in College Road, Junagadh | VenueConnect",/junagadh/college-road/party-plots/,"Best Party Plots in College Road, Junagadh | Compare Near You - VenueConnect","Looking for party plots in College Road, Junagadh? Browse verified listings with pricing, capacity & photos. Book the perfect venue near College Road on VenueConnect.","Best Party Plots in College Road, Junagadh",party plots in College Road Junagadh,"party plots near College Road, party plots College Road Junagadh, affordable party plots near College Road",Transactional (Hyper-local),High
Venue + City Area,"Banquet Halls in Sardar Bagh, Junagadh | VenueConnect",/junagadh/sardar-bagh/banquet-halls/,"Best Banquet Halls in Sardar Bagh, Junagadh | Compare Near You - VenueConnect","Looking for banquet halls in Sardar Bagh, Junagadh? Browse verified listings with pricing, capacity & photos. Book the perfect venue near Sardar Bagh on VenueConnect.","Best Banquet Halls in Sardar Bagh, Junagadh",banquet halls in Sardar Bagh Junagadh,"banquet halls near Sardar Bagh, banquet halls Sardar Bagh Junagadh, affordable banquet halls near Sardar Bagh",Transactional (Hyper-local),High
Venue + City Area,"Farmhouses in Sardar Bagh, Junagadh | VenueConnect",/junagadh/sardar-bagh/farmhouses/,"Best Farmhouses in Sardar Bagh, Junagadh | Compare Near You - VenueConnect","Looking for farmhouses in Sardar Bagh, Junagadh? Browse verified listings with pricing, capacity & photos. Book the perfect venue near Sardar Bagh on VenueConnect.","Best Farmhouses in Sardar Bagh, Junagadh",farmhouses in Sardar Bagh Junagadh,"farmhouses near Sardar Bagh, farmhouses Sardar Bagh Junagadh, affordable farmhouses near Sardar Bagh",Transactional (Hyper-local),High
Venue + City Area,"Party Plots in Sardar Bagh, Junagadh | VenueConnect",/junagadh/sardar-bagh/party-plots/,"Best Party Plots in Sardar Bagh, Junagadh | Compare Near You - VenueConnect","Looking for party plots in Sardar Bagh, Junagadh? Browse verified listings with pricing, capacity & photos. Book the perfect venue near Sardar Bagh on VenueConnect.","Best Party Plots in Sardar Bagh, Junagadh",party plots in Sardar Bagh Junagadh,"party plots near Sardar Bagh, party plots Sardar Bagh Junagadh, affordable party plots near Sardar Bagh",Transactional (Hyper-local),High
Venue + City Area,"Banquet Halls in Dhal Road, Junagadh | VenueConnect",/junagadh/dhal-road/banquet-halls/,"Best Banquet Halls in Dhal Road, Junagadh | Compare Near You - VenueConnect","Looking for banquet halls in Dhal Road, Junagadh? Browse verified listings with pricing, capacity & photos. Book the perfect venue near Dhal Road on VenueConnect.","Best Banquet Halls in Dhal Road, Junagadh",banquet halls in Dhal Road Junagadh,"banquet halls near Dhal Road, banquet halls Dhal Road Junagadh, affordable banquet halls near Dhal Road",Transactional (Hyper-local),High
Venue + City Area,"Farmhouses in Dhal Road, Junagadh | VenueConnect",/junagadh/dhal-road/farmhouses/,"Best Farmhouses in Dhal Road, Junagadh | Compare Near You - VenueConnect","Looking for farmhouses in Dhal Road, Junagadh? Browse verified listings with pricing, capacity & photos. Book the perfect venue near Dhal Road on VenueConnect.","Best Farmhouses in Dhal Road, Junagadh",farmhouses in Dhal Road Junagadh,"farmhouses near Dhal Road, farmhouses Dhal Road Junagadh, affordable farmhouses near Dhal Road",Transactional (Hyper-local),High
Venue + City Area,"Party Plots in Dhal Road, Junagadh | VenueConnect",/junagadh/dhal-road/party-plots/,"Best Party Plots in Dhal Road, Junagadh | Compare Near You - VenueConnect","Looking for party plots in Dhal Road, Junagadh? Browse verified listings with pricing, capacity & photos. Book the perfect venue near Dhal Road on VenueConnect.","Best Party Plots in Dhal Road, Junagadh",party plots in Dhal Road Junagadh,"party plots near Dhal Road, party plots Dhal Road Junagadh, affordable party plots near Dhal Road",Transactional (Hyper-local),High
Venue + City Area,"Banquet Halls in Gir Road, Junagadh | VenueConnect",/junagadh/gir-road/banquet-halls/,"Best Banquet Halls in Gir Road, Junagadh | Compare Near You - VenueConnect","Looking for banquet halls in Gir Road, Junagadh? Browse verified listings with pricing, capacity & photos. Book the perfect venue near Gir Road on VenueConnect.","Best Banquet Halls in Gir Road, Junagadh",banquet halls in Gir Road Junagadh,"banquet halls near Gir Road, banquet halls Gir Road Junagadh, affordable banquet halls near Gir Road",Transactional (Hyper-local),High
Venue + City Area,"Farmhouses in Gir Road, Junagadh | VenueConnect",/junagadh/gir-road/farmhouses/,"Best Farmhouses in Gir Road, Junagadh | Compare Near You - VenueConnect","Looking for farmhouses in Gir Road, Junagadh? Browse verified listings with pricing, capacity & photos. Book the perfect venue near Gir Road on VenueConnect.","Best Farmhouses in Gir Road, Junagadh",farmhouses in Gir Road Junagadh,"farmhouses near Gir Road, farmhouses Gir Road Junagadh, affordable farmhouses near Gir Road",Transactional (Hyper-local),High
Venue + City Area,"Party Plots in Gir Road, Junagadh | VenueConnect",/junagadh/gir-road/party-plots/,"Best Party Plots in Gir Road, Junagadh | Compare Near You - VenueConnect","Looking for party plots in Gir Road, Junagadh? Browse verified listings with pricing, capacity & photos. Book the perfect venue near Gir Road on VenueConnect.","Best Party Plots in Gir Road, Junagadh",party plots in Gir Road Junagadh,"party plots near Gir Road, party plots Gir Road Junagadh, affordable party plots near Gir Road",Transactional (Hyper-local),High
Venue + City Area,"Banquet Halls in Junagadh Station Road, Junagadh | VenueConnect",/junagadh/junagadh-station-road/banquet-halls/,"Best Banquet Halls in Junagadh Station Road, Junagadh | Compare Near You - VenueConnect","Looking for banquet halls in Junagadh Station Road, Junagadh? Browse verified listings with pricing, capacity & photos. Book the perfect venue near Junagadh Station Road on VenueConnect.","Best Banquet Halls in Junagadh Station Road, Junagadh",banquet halls in Junagadh Station Road Junagadh,"banquet halls near Junagadh Station Road, banquet halls Junagadh Station Road Junagadh, affordable banquet halls near Junagadh Station Road",Transactional (Hyper-local),High
Venue + City Area,"Farmhouses in Junagadh Station Road, Junagadh | VenueConnect",/junagadh/junagadh-station-road/farmhouses/,"Best Farmhouses in Junagadh Station Road, Junagadh | Compare Near You - VenueConnect","Looking for farmhouses in Junagadh Station Road, Junagadh? Browse verified listings with pricing, capacity & photos. Book the perfect venue near Junagadh Station Road on VenueConnect.","Best Farmhouses in Junagadh Station Road, Junagadh",farmhouses in Junagadh Station Road Junagadh,"farmhouses near Junagadh Station Road, farmhouses Junagadh Station Road Junagadh, affordable farmhouses near Junagadh Station Road",Transactional (Hyper-local),High
Venue + City Area,"Party Plots in Junagadh Station Road, Junagadh | VenueConnect",/junagadh/junagadh-station-road/party-plots/,"Best Party Plots in Junagadh Station Road, Junagadh | Compare Near You - VenueConnect","Looking for party plots in Junagadh Station Road, Junagadh? Browse verified listings with pricing, capacity & photos. Book the perfect venue near Junagadh Station Road on VenueConnect.","Best Party Plots in Junagadh Station Road, Junagadh",party plots in Junagadh Station Road Junagadh,"party plots near Junagadh Station Road, party plots Junagadh Station Road Junagadh, affordable party plots near Junagadh Station Road",Transactional (Hyper-local),High
Venue + City Area,"Banquet Halls in Keshod Road, Junagadh | VenueConnect",/junagadh/keshod-road/banquet-halls/,"Best Banquet Halls in Keshod Road, Junagadh | Compare Near You - VenueConnect","Looking for banquet halls in Keshod Road, Junagadh? Browse verified listings with pricing, capacity & photos. Book the perfect venue near Keshod Road on VenueConnect.","Best Banquet Halls in Keshod Road, Junagadh",banquet halls in Keshod Road Junagadh,"banquet halls near Keshod Road, banquet halls Keshod Road Junagadh, affordable banquet halls near Keshod Road",Transactional (Hyper-local),High
Venue + City Area,"Farmhouses in Keshod Road, Junagadh | VenueConnect",/junagadh/keshod-road/farmhouses/,"Best Farmhouses in Keshod Road, Junagadh | Compare Near You - VenueConnect","Looking for farmhouses in Keshod Road, Junagadh? Browse verified listings with pricing, capacity & photos. Book the perfect venue near Keshod Road on VenueConnect.","Best Farmhouses in Keshod Road, Junagadh",farmhouses in Keshod Road Junagadh,"farmhouses near Keshod Road, farmhouses Keshod Road Junagadh, affordable farmhouses near Keshod Road",Transactional (Hyper-local),High
Venue + City Area,"Party Plots in Keshod Road, Junagadh | VenueConnect",/junagadh/keshod-road/party-plots/,"Best Party Plots in Keshod Road, Junagadh | Compare Near You - VenueConnect","Looking for party plots in Keshod Road, Junagadh? Browse verified listings with pricing, capacity & photos. Book the perfect venue near Keshod Road on VenueConnect.","Best Party Plots in Keshod Road, Junagadh",party plots in Keshod Road Junagadh,"party plots near Keshod Road, party plots Keshod Road Junagadh, affordable party plots near Keshod Road",Transactional (Hyper-local),High
Venue + City Area,"Banquet Halls in Majewadi Gate, Junagadh | VenueConnect",/junagadh/majewadi-gate/banquet-halls/,"Best Banquet Halls in Majewadi Gate, Junagadh | Compare Near You - VenueConnect","Looking for banquet halls in Majewadi Gate, Junagadh? Browse verified listings with pricing, capacity & photos. Book the perfect venue near Majewadi Gate on VenueConnect.","Best Banquet Halls in Majewadi Gate, Junagadh",banquet halls in Majewadi Gate Junagadh,"banquet halls near Majewadi Gate, banquet halls Majewadi Gate Junagadh, affordable banquet halls near Majewadi Gate",Transactional (Hyper-local),High
Venue + City Area,"Farmhouses in Majewadi Gate, Junagadh | VenueConnect",/junagadh/majewadi-gate/farmhouses/,"Best Farmhouses in Majewadi Gate, Junagadh | Compare Near You - VenueConnect","Looking for farmhouses in Majewadi Gate, Junagadh? Browse verified listings with pricing, capacity & photos. Book the perfect venue near Majewadi Gate on VenueConnect.","Best Farmhouses in Majewadi Gate, Junagadh",farmhouses in Majewadi Gate Junagadh,"farmhouses near Majewadi Gate, farmhouses Majewadi Gate Junagadh, affordable farmhouses near Majewadi Gate",Transactional (Hyper-local),High
Venue + City Area,"Party Plots in Majewadi Gate, Junagadh | VenueConnect",/junagadh/majewadi-gate/party-plots/,"Best Party Plots in Majewadi Gate, Junagadh | Compare Near You - VenueConnect","Looking for party plots in Majewadi Gate, Junagadh? Browse verified listings with pricing, capacity & photos. Book the perfect venue near Majewadi Gate on VenueConnect.","Best Party Plots in Majewadi Gate, Junagadh",party plots in Majewadi Gate Junagadh,"party plots near Majewadi Gate, party plots Majewadi Gate Junagadh, affordable party plots near Majewadi Gate",Transactional (Hyper-local),High
Venue + City Area,"Banquet Halls in Manavadar Road, Junagadh | VenueConnect",/junagadh/manavadar-road/banquet-halls/,"Best Banquet Halls in Manavadar Road, Junagadh | Compare Near You - VenueConnect","Looking for banquet halls in Manavadar Road, Junagadh? Browse verified listings with pricing, capacity & photos. Book the perfect venue near Manavadar Road on VenueConnect.","Best Banquet Halls in Manavadar Road, Junagadh",banquet halls in Manavadar Road Junagadh,"banquet halls near Manavadar Road, banquet halls Manavadar Road Junagadh, affordable banquet halls near Manavadar Road",Transactional (Hyper-local),High
Venue + City Area,"Farmhouses in Manavadar Road, Junagadh | VenueConnect",/junagadh/manavadar-road/farmhouses/,"Best Farmhouses in Manavadar Road, Junagadh | Compare Near You - VenueConnect","Looking for farmhouses in Manavadar Road, Junagadh? Browse verified listings with pricing, capacity & photos. Book the perfect venue near Manavadar Road on VenueConnect.","Best Farmhouses in Manavadar Road, Junagadh",farmhouses in Manavadar Road Junagadh,"farmhouses near Manavadar Road, farmhouses Manavadar Road Junagadh, affordable farmhouses near Manavadar Road",Transactional (Hyper-local),High
Venue + City Area,"Party Plots in Manavadar Road, Junagadh | VenueConnect",/junagadh/manavadar-road/party-plots/,"Best Party Plots in Manavadar Road, Junagadh | Compare Near You - VenueConnect","Looking for party plots in Manavadar Road, Junagadh? Browse verified listings with pricing, capacity & photos. Book the perfect venue near Manavadar Road on VenueConnect.","Best Party Plots in Manavadar Road, Junagadh",party plots in Manavadar Road Junagadh,"party plots near Manavadar Road, party plots Manavadar Road Junagadh, affordable party plots near Manavadar Road",Transactional (Hyper-local),High
Venue + City Area,"Banquet Halls in Mendarda Road, Junagadh | VenueConnect",/junagadh/mendarda-road/banquet-halls/,"Best Banquet Halls in Mendarda Road, Junagadh | Compare Near You - VenueConnect","Looking for banquet halls in Mendarda Road, Junagadh? Browse verified listings with pricing, capacity & photos. Book the perfect venue near Mendarda Road on VenueConnect.","Best Banquet Halls in Mendarda Road, Junagadh",banquet halls in Mendarda Road Junagadh,"banquet halls near Mendarda Road, banquet halls Mendarda Road Junagadh, affordable banquet halls near Mendarda Road",Transactional (Hyper-local),High
Venue + City Area,"Farmhouses in Mendarda Road, Junagadh | VenueConnect",/junagadh/mendarda-road/farmhouses/,"Best Farmhouses in Mendarda Road, Junagadh | Compare Near You - VenueConnect","Looking for farmhouses in Mendarda Road, Junagadh? Browse verified listings with pricing, capacity & photos. Book the perfect venue near Mendarda Road on VenueConnect.","Best Farmhouses in Mendarda Road, Junagadh",farmhouses in Mendarda Road Junagadh,"farmhouses near Mendarda Road, farmhouses Mendarda Road Junagadh, affordable farmhouses near Mendarda Road",Transactional (Hyper-local),High
Venue + City Area,"Party Plots in Mendarda Road, Junagadh | VenueConnect",/junagadh/mendarda-road/party-plots/,"Best Party Plots in Mendarda Road, Junagadh | Compare Near You - VenueConnect","Looking for party plots in Mendarda Road, Junagadh? Browse verified listings with pricing, capacity & photos. Book the perfect venue near Mendarda Road on VenueConnect.","Best Party Plots in Mendarda Road, Junagadh",party plots in Mendarda Road Junagadh,"party plots near Mendarda Road, party plots Mendarda Road Junagadh, affordable party plots near Mendarda Road",Transactional (Hyper-local),High
Venue + City Area,"Banquet Halls in Nana Bazar, Junagadh | VenueConnect",/junagadh/nana-bazar/banquet-halls/,"Best Banquet Halls in Nana Bazar, Junagadh | Compare Near You - VenueConnect","Looking for banquet halls in Nana Bazar, Junagadh? Browse verified listings with pricing, capacity & photos. Book the perfect venue near Nana Bazar on VenueConnect.","Best Banquet Halls in Nana Bazar, Junagadh",banquet halls in Nana Bazar Junagadh,"banquet halls near Nana Bazar, banquet halls Nana Bazar Junagadh, affordable banquet halls near Nana Bazar",Transactional (Hyper-local),High
Venue + City Area,"Farmhouses in Nana Bazar, Junagadh | VenueConnect",/junagadh/nana-bazar/farmhouses/,"Best Farmhouses in Nana Bazar, Junagadh | Compare Near You - VenueConnect","Looking for farmhouses in Nana Bazar, Junagadh? Browse verified listings with pricing, capacity & photos. Book the perfect venue near Nana Bazar on VenueConnect.","Best Farmhouses in Nana Bazar, Junagadh",farmhouses in Nana Bazar Junagadh,"farmhouses near Nana Bazar, farmhouses Nana Bazar Junagadh, affordable farmhouses near Nana Bazar",Transactional (Hyper-local),High
Venue + City Area,"Party Plots in Nana Bazar, Junagadh | VenueConnect",/junagadh/nana-bazar/party-plots/,"Best Party Plots in Nana Bazar, Junagadh | Compare Near You - VenueConnect","Looking for party plots in Nana Bazar, Junagadh? Browse verified listings with pricing, capacity & photos. Book the perfect venue near Nana Bazar on VenueConnect.","Best Party Plots in Nana Bazar, Junagadh",party plots in Nana Bazar Junagadh,"party plots near Nana Bazar, party plots Nana Bazar Junagadh, affordable party plots near Nana Bazar",Transactional (Hyper-local),High
Venue + City Area,"Banquet Halls in Narsinh Mehta, Junagadh | VenueConnect",/junagadh/narsinh-mehta/banquet-halls/,"Best Banquet Halls in Narsinh Mehta, Junagadh | Compare Near You - VenueConnect","Looking for banquet halls in Narsinh Mehta, Junagadh? Browse verified listings with pricing, capacity & photos. Book the perfect venue near Narsinh Mehta on VenueConnect.","Best Banquet Halls in Narsinh Mehta, Junagadh",banquet halls in Narsinh Mehta Junagadh,"banquet halls near Narsinh Mehta, banquet halls Narsinh Mehta Junagadh, affordable banquet halls near Narsinh Mehta",Transactional (Hyper-local),High
Venue + City Area,"Farmhouses in Narsinh Mehta, Junagadh | VenueConnect",/junagadh/narsinh-mehta/farmhouses/,"Best Farmhouses in Narsinh Mehta, Junagadh | Compare Near You - VenueConnect","Looking for farmhouses in Narsinh Mehta, Junagadh? Browse verified listings with pricing, capacity & photos. Book the perfect venue near Narsinh Mehta on VenueConnect.","Best Farmhouses in Narsinh Mehta, Junagadh",farmhouses in Narsinh Mehta Junagadh,"farmhouses near Narsinh Mehta, farmhouses Narsinh Mehta Junagadh, affordable farmhouses near Narsinh Mehta",Transactional (Hyper-local),High
Venue + City Area,"Party Plots in Narsinh Mehta, Junagadh | VenueConnect",/junagadh/narsinh-mehta/party-plots/,"Best Party Plots in Narsinh Mehta, Junagadh | Compare Near You - VenueConnect","Looking for party plots in Narsinh Mehta, Junagadh? Browse verified listings with pricing, capacity & photos. Book the perfect venue near Narsinh Mehta on VenueConnect.","Best Party Plots in Narsinh Mehta, Junagadh",party plots in Narsinh Mehta Junagadh,"party plots near Narsinh Mehta, party plots Narsinh Mehta Junagadh, affordable party plots near Narsinh Mehta",Transactional (Hyper-local),High
Venue + City Area,"Banquet Halls in New Junagadh, Junagadh | VenueConnect",/junagadh/new-junagadh/banquet-halls/,"Best Banquet Halls in New Junagadh, Junagadh | Compare Near You - VenueConnect","Looking for banquet halls in New Junagadh, Junagadh? Browse verified listings with pricing, capacity & photos. Book the perfect venue near New Junagadh on VenueConnect.","Best Banquet Halls in New Junagadh, Junagadh",banquet halls in New Junagadh Junagadh,"banquet halls near New Junagadh, banquet halls New Junagadh Junagadh, affordable banquet halls near New Junagadh",Transactional (Hyper-local),High
Venue + City Area,"Farmhouses in New Junagadh, Junagadh | VenueConnect",/junagadh/new-junagadh/farmhouses/,"Best Farmhouses in New Junagadh, Junagadh | Compare Near You - VenueConnect","Looking for farmhouses in New Junagadh, Junagadh? Browse verified listings with pricing, capacity & photos. Book the perfect venue near New Junagadh on VenueConnect.","Best Farmhouses in New Junagadh, Junagadh",farmhouses in New Junagadh Junagadh,"farmhouses near New Junagadh, farmhouses New Junagadh Junagadh, affordable farmhouses near New Junagadh",Transactional (Hyper-local),High
Venue + City Area,"Party Plots in New Junagadh, Junagadh | VenueConnect",/junagadh/new-junagadh/party-plots/,"Best Party Plots in New Junagadh, Junagadh | Compare Near You - VenueConnect","Looking for party plots in New Junagadh, Junagadh? Browse verified listings with pricing, capacity & photos. Book the perfect venue near New Junagadh on VenueConnect.","Best Party Plots in New Junagadh, Junagadh",party plots in New Junagadh Junagadh,"party plots near New Junagadh, party plots New Junagadh Junagadh, affordable party plots near New Junagadh",Transactional (Hyper-local),High
Venue + City Area,"Banquet Halls in Patan Gate, Junagadh | VenueConnect",/junagadh/patan-gate/banquet-halls/,"Best Banquet Halls in Patan Gate, Junagadh | Compare Near You - VenueConnect","Looking for banquet halls in Patan Gate, Junagadh? Browse verified listings with pricing, capacity & photos. Book the perfect venue near Patan Gate on VenueConnect.","Best Banquet Halls in Patan Gate, Junagadh",banquet halls in Patan Gate Junagadh,"banquet halls near Patan Gate, banquet halls Patan Gate Junagadh, affordable banquet halls near Patan Gate",Transactional (Hyper-local),High
Venue + City Area,"Farmhouses in Patan Gate, Junagadh | VenueConnect",/junagadh/patan-gate/farmhouses/,"Best Farmhouses in Patan Gate, Junagadh | Compare Near You - VenueConnect","Looking for farmhouses in Patan Gate, Junagadh? Browse verified listings with pricing, capacity & photos. Book the perfect venue near Patan Gate on VenueConnect.","Best Farmhouses in Patan Gate, Junagadh",farmhouses in Patan Gate Junagadh,"farmhouses near Patan Gate, farmhouses Patan Gate Junagadh, affordable farmhouses near Patan Gate",Transactional (Hyper-local),High
Venue + City Area,"Party Plots in Patan Gate, Junagadh | VenueConnect",/junagadh/patan-gate/party-plots/,"Best Party Plots in Patan Gate, Junagadh | Compare Near You - VenueConnect","Looking for party plots in Patan Gate, Junagadh? Browse verified listings with pricing, capacity & photos. Book the perfect venue near Patan Gate on VenueConnect.","Best Party Plots in Patan Gate, Junagadh",party plots in Patan Gate Junagadh,"party plots near Patan Gate, party plots Patan Gate Junagadh, affordable party plots near Patan Gate",Transactional (Hyper-local),High
Venue + City Area,"Banquet Halls in Rajkot Road, Junagadh | VenueConnect",/junagadh/rajkot-road/banquet-halls/,"Best Banquet Halls in Rajkot Road, Junagadh | Compare Near You - VenueConnect","Looking for banquet halls in Rajkot Road, Junagadh? Browse verified listings with pricing, capacity & photos. Book the perfect venue near Rajkot Road on VenueConnect.","Best Banquet Halls in Rajkot Road, Junagadh",banquet halls in Rajkot Road Junagadh,"banquet halls near Rajkot Road, banquet halls Rajkot Road Junagadh, affordable banquet halls near Rajkot Road",Transactional (Hyper-local),High
Venue + City Area,"Farmhouses in Rajkot Road, Junagadh | VenueConnect",/junagadh/rajkot-road/farmhouses/,"Best Farmhouses in Rajkot Road, Junagadh | Compare Near You - VenueConnect","Looking for farmhouses in Rajkot Road, Junagadh? Browse verified listings with pricing, capacity & photos. Book the perfect venue near Rajkot Road on VenueConnect.","Best Farmhouses in Rajkot Road, Junagadh",farmhouses in Rajkot Road Junagadh,"farmhouses near Rajkot Road, farmhouses Rajkot Road Junagadh, affordable farmhouses near Rajkot Road",Transactional (Hyper-local),High
Venue + City Area,"Party Plots in Rajkot Road, Junagadh | VenueConnect",/junagadh/rajkot-road/party-plots/,"Best Party Plots in Rajkot Road, Junagadh | Compare Near You - VenueConnect","Looking for party plots in Rajkot Road, Junagadh? Browse verified listings with pricing, capacity & photos. Book the perfect venue near Rajkot Road on VenueConnect.","Best Party Plots in Rajkot Road, Junagadh",party plots in Rajkot Road Junagadh,"party plots near Rajkot Road, party plots Rajkot Road Junagadh, affordable party plots near Rajkot Road",Transactional (Hyper-local),High
Venue + City Area,"Banquet Halls in Sakkarbaug, Junagadh | VenueConnect",/junagadh/sakkarbaug/banquet-halls/,"Best Banquet Halls in Sakkarbaug, Junagadh | Compare Near You - VenueConnect","Looking for banquet halls in Sakkarbaug, Junagadh? Browse verified listings with pricing, capacity & photos. Book the perfect venue near Sakkarbaug on VenueConnect.","Best Banquet Halls in Sakkarbaug, Junagadh",banquet halls in Sakkarbaug Junagadh,"banquet halls near Sakkarbaug, banquet halls Sakkarbaug Junagadh, affordable banquet halls near Sakkarbaug",Transactional (Hyper-local),High
Venue + City Area,"Farmhouses in Sakkarbaug, Junagadh | VenueConnect",/junagadh/sakkarbaug/farmhouses/,"Best Farmhouses in Sakkarbaug, Junagadh | Compare Near You - VenueConnect","Looking for farmhouses in Sakkarbaug, Junagadh? Browse verified listings with pricing, capacity & photos. Book the perfect venue near Sakkarbaug on VenueConnect.","Best Farmhouses in Sakkarbaug, Junagadh",farmhouses in Sakkarbaug Junagadh,"farmhouses near Sakkarbaug, farmhouses Sakkarbaug Junagadh, affordable farmhouses near Sakkarbaug",Transactional (Hyper-local),High
Venue + City Area,"Party Plots in Sakkarbaug, Junagadh | VenueConnect",/junagadh/sakkarbaug/party-plots/,"Best Party Plots in Sakkarbaug, Junagadh | Compare Near You - VenueConnect","Looking for party plots in Sakkarbaug, Junagadh? Browse verified listings with pricing, capacity & photos. Book the perfect venue near Sakkarbaug on VenueConnect.","Best Party Plots in Sakkarbaug, Junagadh",party plots in Sakkarbaug Junagadh,"party plots near Sakkarbaug, party plots Sakkarbaug Junagadh, affordable party plots near Sakkarbaug",Transactional (Hyper-local),High
Venue + City Area,"Banquet Halls in Sonagir, Junagadh | VenueConnect",/junagadh/sonagir/banquet-halls/,"Best Banquet Halls in Sonagir, Junagadh | Compare Near You - VenueConnect","Looking for banquet halls in Sonagir, Junagadh? Browse verified listings with pricing, capacity & photos. Book the perfect venue near Sonagir on VenueConnect.","Best Banquet Halls in Sonagir, Junagadh",banquet halls in Sonagir Junagadh,"banquet halls near Sonagir, banquet halls Sonagir Junagadh, affordable banquet halls near Sonagir",Transactional (Hyper-local),High
Venue + City Area,"Farmhouses in Sonagir, Junagadh | VenueConnect",/junagadh/sonagir/farmhouses/,"Best Farmhouses in Sonagir, Junagadh | Compare Near You - VenueConnect","Looking for farmhouses in Sonagir, Junagadh? Browse verified listings with pricing, capacity & photos. Book the perfect venue near Sonagir on VenueConnect.","Best Farmhouses in Sonagir, Junagadh",farmhouses in Sonagir Junagadh,"farmhouses near Sonagir, farmhouses Sonagir Junagadh, affordable farmhouses near Sonagir",Transactional (Hyper-local),High
Venue + City Area,"Party Plots in Sonagir, Junagadh | VenueConnect",/junagadh/sonagir/party-plots/,"Best Party Plots in Sonagir, Junagadh | Compare Near You - VenueConnect","Looking for party plots in Sonagir, Junagadh? Browse verified listings with pricing, capacity & photos. Book the perfect venue near Sonagir on VenueConnect.","Best Party Plots in Sonagir, Junagadh",party plots in Sonagir Junagadh,"party plots near Sonagir, party plots Sonagir Junagadh, affordable party plots near Sonagir",Transactional (Hyper-local),High
Venue + City Area,"Banquet Halls in Talala Road, Junagadh | VenueConnect",/junagadh/talala-road/banquet-halls/,"Best Banquet Halls in Talala Road, Junagadh | Compare Near You - VenueConnect","Looking for banquet halls in Talala Road, Junagadh? Browse verified listings with pricing, capacity & photos. Book the perfect venue near Talala Road on VenueConnect.","Best Banquet Halls in Talala Road, Junagadh",banquet halls in Talala Road Junagadh,"banquet halls near Talala Road, banquet halls Talala Road Junagadh, affordable banquet halls near Talala Road",Transactional (Hyper-local),High
Venue + City Area,"Farmhouses in Talala Road, Junagadh | VenueConnect",/junagadh/talala-road/farmhouses/,"Best Farmhouses in Talala Road, Junagadh | Compare Near You - VenueConnect","Looking for farmhouses in Talala Road, Junagadh? Browse verified listings with pricing, capacity & photos. Book the perfect venue near Talala Road on VenueConnect.","Best Farmhouses in Talala Road, Junagadh",farmhouses in Talala Road Junagadh,"farmhouses near Talala Road, farmhouses Talala Road Junagadh, affordable farmhouses near Talala Road",Transactional (Hyper-local),High
Venue + City Area,"Party Plots in Talala Road, Junagadh | VenueConnect",/junagadh/talala-road/party-plots/,"Best Party Plots in Talala Road, Junagadh | Compare Near You - VenueConnect","Looking for party plots in Talala Road, Junagadh? Browse verified listings with pricing, capacity & photos. Book the perfect venue near Talala Road on VenueConnect.","Best Party Plots in Talala Road, Junagadh",party plots in Talala Road Junagadh,"party plots near Talala Road, party plots Talala Road Junagadh, affordable party plots near Talala Road",Transactional (Hyper-local),High
Venue + City Area,"Banquet Halls in Uparkot, Junagadh | VenueConnect",/junagadh/uparkot/banquet-halls/,"Best Banquet Halls in Uparkot, Junagadh | Compare Near You - VenueConnect","Looking for banquet halls in Uparkot, Junagadh? Browse verified listings with pricing, capacity & photos. Book the perfect venue near Uparkot on VenueConnect.","Best Banquet Halls in Uparkot, Junagadh",banquet halls in Uparkot Junagadh,"banquet halls near Uparkot, banquet halls Uparkot Junagadh, affordable banquet halls near Uparkot",Transactional (Hyper-local),High
Venue + City Area,"Farmhouses in Uparkot, Junagadh | VenueConnect",/junagadh/uparkot/farmhouses/,"Best Farmhouses in Uparkot, Junagadh | Compare Near You - VenueConnect","Looking for farmhouses in Uparkot, Junagadh? Browse verified listings with pricing, capacity & photos. Book the perfect venue near Uparkot on VenueConnect.","Best Farmhouses in Uparkot, Junagadh",farmhouses in Uparkot Junagadh,"farmhouses near Uparkot, farmhouses Uparkot Junagadh, affordable farmhouses near Uparkot",Transactional (Hyper-local),High
Venue + City Area,"Party Plots in Uparkot, Junagadh | VenueConnect",/junagadh/uparkot/party-plots/,"Best Party Plots in Uparkot, Junagadh | Compare Near You - VenueConnect","Looking for party plots in Uparkot, Junagadh? Browse verified listings with pricing, capacity & photos. Book the perfect venue near Uparkot on VenueConnect.","Best Party Plots in Uparkot, Junagadh",party plots in Uparkot Junagadh,"party plots near Uparkot, party plots Uparkot Junagadh, affordable party plots near Uparkot",Transactional (Hyper-local),High
Venue + City Area,"Banquet Halls in Vanthali Road, Junagadh | VenueConnect",/junagadh/vanthali-road/banquet-halls/,"Best Banquet Halls in Vanthali Road, Junagadh | Compare Near You - VenueConnect","Looking for banquet halls in Vanthali Road, Junagadh? Browse verified listings with pricing, capacity & photos. Book the perfect venue near Vanthali Road on VenueConnect.","Best Banquet Halls in Vanthali Road, Junagadh",banquet halls in Vanthali Road Junagadh,"banquet halls near Vanthali Road, banquet halls Vanthali Road Junagadh, affordable banquet halls near Vanthali Road",Transactional (Hyper-local),High
Venue + City Area,"Farmhouses in Vanthali Road, Junagadh | VenueConnect",/junagadh/vanthali-road/farmhouses/,"Best Farmhouses in Vanthali Road, Junagadh | Compare Near You - VenueConnect","Looking for farmhouses in Vanthali Road, Junagadh? Browse verified listings with pricing, capacity & photos. Book the perfect venue near Vanthali Road on VenueConnect.","Best Farmhouses in Vanthali Road, Junagadh",farmhouses in Vanthali Road Junagadh,"farmhouses near Vanthali Road, farmhouses Vanthali Road Junagadh, affordable farmhouses near Vanthali Road",Transactional (Hyper-local),High
Venue + City Area,"Party Plots in Vanthali Road, Junagadh | VenueConnect",/junagadh/vanthali-road/party-plots/,"Best Party Plots in Vanthali Road, Junagadh | Compare Near You - VenueConnect","Looking for party plots in Vanthali Road, Junagadh? Browse verified listings with pricing, capacity & photos. Book the perfect venue near Vanthali Road on VenueConnect.","Best Party Plots in Vanthali Road, Junagadh",party plots in Vanthali Road Junagadh,"party plots near Vanthali Road, party plots Vanthali Road Junagadh, affordable party plots near Vanthali Road",Transactional (Hyper-local),High
Venue + City Area,"Banquet Halls in Visavadar Road, Junagadh | VenueConnect",/junagadh/visavadar-road/banquet-halls/,"Best Banquet Halls in Visavadar Road, Junagadh | Compare Near You - VenueConnect","Looking for banquet halls in Visavadar Road, Junagadh? Browse verified listings with pricing, capacity & photos. Book the perfect venue near Visavadar Road on VenueConnect.","Best Banquet Halls in Visavadar Road, Junagadh",banquet halls in Visavadar Road Junagadh,"banquet halls near Visavadar Road, banquet halls Visavadar Road Junagadh, affordable banquet halls near Visavadar Road",Transactional (Hyper-local),High
Venue + City Area,"Farmhouses in Visavadar Road, Junagadh | VenueConnect",/junagadh/visavadar-road/farmhouses/,"Best Farmhouses in Visavadar Road, Junagadh | Compare Near You - VenueConnect","Looking for farmhouses in Visavadar Road, Junagadh? Browse verified listings with pricing, capacity & photos. Book the perfect venue near Visavadar Road on VenueConnect.","Best Farmhouses in Visavadar Road, Junagadh",farmhouses in Visavadar Road Junagadh,"farmhouses near Visavadar Road, farmhouses Visavadar Road Junagadh, affordable farmhouses near Visavadar Road",Transactional (Hyper-local),High
Venue + City Area,"Party Plots in Visavadar Road, Junagadh | VenueConnect",/junagadh/visavadar-road/party-plots/,"Best Party Plots in Visavadar Road, Junagadh | Compare Near You - VenueConnect","Looking for party plots in Visavadar Road, Junagadh? Browse verified listings with pricing, capacity & photos. Book the perfect venue near Visavadar Road on VenueConnect.","Best Party Plots in Visavadar Road, Junagadh",party plots in Visavadar Road Junagadh,"party plots near Visavadar Road, party plots Visavadar Road Junagadh, affordable party plots near Visavadar Road",Transactional (Hyper-local),High
Venue + City Area,"Banquet Halls in Zanzarda Road, Junagadh | VenueConnect",/junagadh/zanzarda-road/banquet-halls/,"Best Banquet Halls in Zanzarda Road, Junagadh | Compare Near You - VenueConnect","Looking for banquet halls in Zanzarda Road, Junagadh? Browse verified listings with pricing, capacity & photos. Book the perfect venue near Zanzarda Road on VenueConnect.","Best Banquet Halls in Zanzarda Road, Junagadh",banquet halls in Zanzarda Road Junagadh,"banquet halls near Zanzarda Road, banquet halls Zanzarda Road Junagadh, affordable banquet halls near Zanzarda Road",Transactional (Hyper-local),High
Venue + City Area,"Farmhouses in Zanzarda Road, Junagadh | VenueConnect",/junagadh/zanzarda-road/farmhouses/,"Best Farmhouses in Zanzarda Road, Junagadh | Compare Near You - VenueConnect","Looking for farmhouses in Zanzarda Road, Junagadh? Browse verified listings with pricing, capacity & photos. Book the perfect venue near Zanzarda Road on VenueConnect.","Best Farmhouses in Zanzarda Road, Junagadh",farmhouses in Zanzarda Road Junagadh,"farmhouses near Zanzarda Road, farmhouses Zanzarda Road Junagadh, affordable farmhouses near Zanzarda Road",Transactional (Hyper-local),High
Venue + City Area,"Party Plots in Zanzarda Road, Junagadh | VenueConnect",/junagadh/zanzarda-road/party-plots/,"Best Party Plots in Zanzarda Road, Junagadh | Compare Near You - VenueConnect","Looking for party plots in Zanzarda Road, Junagadh? Browse verified listings with pricing, capacity & photos. Book the perfect venue near Zanzarda Road on VenueConnect.","Best Party Plots in Zanzarda Road, Junagadh",party plots in Zanzarda Road Junagadh,"party plots near Zanzarda Road, party plots Zanzarda Road Junagadh, affordable party plots near Zanzarda Road",Transactional (Hyper-local),High
Venue + City Area,"Banquet Halls in Amrapur, Junagadh | VenueConnect",/junagadh/amrapur/banquet-halls/,"Best Banquet Halls in Amrapur, Junagadh | Compare Near You - VenueConnect","Looking for banquet halls in Amrapur, Junagadh? Browse verified listings with pricing, capacity & photos. Book the perfect venue near Amrapur on VenueConnect.","Best Banquet Halls in Amrapur, Junagadh",banquet halls in Amrapur Junagadh,"banquet halls near Amrapur, banquet halls Amrapur Junagadh, affordable banquet halls near Amrapur",Transactional (Hyper-local),High
Venue + City Area,"Farmhouses in Amrapur, Junagadh | VenueConnect",/junagadh/amrapur/farmhouses/,"Best Farmhouses in Amrapur, Junagadh | Compare Near You - VenueConnect","Looking for farmhouses in Amrapur, Junagadh? Browse verified listings with pricing, capacity & photos. Book the perfect venue near Amrapur on VenueConnect.","Best Farmhouses in Amrapur, Junagadh",farmhouses in Amrapur Junagadh,"farmhouses near Amrapur, farmhouses Amrapur Junagadh, affordable farmhouses near Amrapur",Transactional (Hyper-local),High
Venue + City Area,"Party Plots in Amrapur, Junagadh | VenueConnect",/junagadh/amrapur/party-plots/,"Best Party Plots in Amrapur, Junagadh | Compare Near You - VenueConnect","Looking for party plots in Amrapur, Junagadh? Browse verified listings with pricing, capacity & photos. Book the perfect venue near Amrapur on VenueConnect.","Best Party Plots in Amrapur, Junagadh",party plots in Amrapur Junagadh,"party plots near Amrapur, party plots Amrapur Junagadh, affordable party plots near Amrapur",Transactional (Hyper-local),High
,,,,,,,,,
,,,,,,,,,
,,,,,,,,,
,,,,,,,,,
,,,,,,,,,
,,,,,,,,,
,,,,,,,,,
,,,,,,,,,
,,,,,,,,,
,,,,,,,,,
,,,,,,,,,
,,,,,,,,,
,,,,,,,,,
,,,,,,,,,
,,,,,,,,,
,,,,,,,,,
,,,,,,,,,
,,,,,,,,,
,,,,,,,,,
,,,,,,,,,
,,,,,,,,,
,,,,,,,,,
,,,,,,,,,
,,,,,,,,,
,,,,,,,,,
,,,,,,,,,
,,,,,,,,,
,,,,,,,,,
,,,,,,,,,
,,,,,,,,,
,,,,,,,,,
,,,,,,,,,
,,,,,,,,,
,,,,,,,,,
,,,,,,,,,
,,,,,,,,,
,,,,,,,,,
,,,,,,,,,
,,,,,,,,,
,,,,,,,,,
,,,,,,,,,
,,,,,,,,,
,,,,,,,,,
,,,,,,,,,
,,,,,,,,,
,,,,,,,,,
,,,,,,,,,
,,,,,,,,,
,,,,,,,,,
,,,,,,,,,
,,,,,,,,,
,,,,,,,,,
,,,,,,,,,
,,,,,,,,,
,,,,,,,,,
,,,,,,,,,
,,,,,,,,,
,,,,,,,,,
,,,,,,,,,
,,,,,,,,,
,,,,,,,,,
,,,,,,,,,
,,,,,,,,,
,,,,,,,,,
,,,,,,,,,
,,,,,,,,,
,,,,,,,,,
,,,,,,,,,
,,,,,,,,,
,,,,,,,,,
,,,,,,,,,
,,,,,,,,,
,,,,,,,,,
,,,,,,,,,
,,,,,,,,,
,,,,,,,,,
,,,,,,,,,
,,,,,,,,,
,,,,,,,,,
,,,,,,,,,
,,,,,,,,,
,,,,,,,,,
,,,,,,,,,
,,,,,,,,,
,,,,,,,,,
,,,,,,,,,
,,,,,,,,,
,,,,,,,,,
,,,,,,,,,
,,,,,,,,,
,,,,,,,,,
,,,,,,,,,
,,,,,,,,,
,,,,,,,,,
,,,,,,,,,
,,,,,,,,,
,,,,,,,,,
,,,,,,,,,
,,,,,,,,,
,,,,,,,,,
,,,,,,,,,
,,,,,,,,,
,,,,,,,,,
,,,,,,,,,
,,,,,,,,,
,,,,,,,,,
,,,,,,,,,
,,,,,,,,,
,,,,,,,,,
,,,,,,,,,
,,,,,,,,,
,,,,,,,,,
,,,,,,,,,
,,,,,,,,,
,,,,,,,,,
,,,,,,,,,
,,,,,,,,,
,,,,,,,,,
,,,,,,,,,
,,,,,,,,,
,,,,,,,,,
,,,,,,,,,
,,,,,,,,,
,,,,,,,,,
,,,,,,,,,
,,,,,,,,,
,,,,,,,,,
,,,,,,,,,
,,,,,,,,,
,,,,,,,,,
,,,,,,,,,
,,,,,,,,,
,,,,,,,,,
,,,,,,,,,
,,,,,,,,,
,,,,,,,,,
,,,,,,,,,
,,,,,,,,,
,,,,,,,,,
,,,,,,,,,
,,,,,,,,,
,,,,,,,,,
,,,,,,,,,
,,,,,,,,,
,,,,,,,,,
,,,,,,,,,
,,,,,,,,,
,,,,,,,,,
,,,,,,,,,
,,,,,,,,,
,,,,,,,,,
,,,,,,,,,
,,,,,,,,,
,,,,,,,,,
,,,,,,,,,
,,,,,,,,,
,,,,,,,,,
,,,,,,,,,
,,,,,,,,,
,,,,,,,,,
,,,,,,,,,
,,,,,,,,,
,,,,,,,,,
,,,,,,,,,
,,,,,,,,,
,,,,,,,,,
,,,,,,,,,
,,,,,,,,,
,,,,,,,,,
,,,,,,,,,
,,,,,,,,,
,,,,,,,,,
,,,,,,,,,
,,,,,,,,,
,,,,,,,,,
,,,,,,,,,
,,,,,,,,,
,,,,,,,,,
,,,,,,,,,
,,,,,,,,,
,,,,,,,,,
,,,,,,,,,
,,,,,,,,,
,,,,,,,,,
,,,,,,,,,
,,,,,,,,,
,,,,,,,,,
,,,,,,,,,
,,,,,,,,,
,,,,,,,,,
,,,,,,,,,
,,,,,,,,,
,,,,,,,,,
,,,,,,,,,
,,,,,,,,,
,,,,,,,,,
,,,,,,,,,
,,,,,,,,,
,,,,,,,,,
,,,,,,,,,
,,,,,,,,,
,,,,,,,,,
,,,,,,,,,
,,,,,,,,,
,,,,,,,,,
,,,,,,,,,
,,,,,,,,,
,,,,,,,,,
,,,,,,,,,
,,,,,,,,,
,,,,,,,,,
,,,,,,,,,
,,,,,,,,,
,,,,,,,,,
,,,,,,,,,
,,,,,,,,,
,,,,,,,,,
,,,,,,,,,
,,,,,,,,,
,,,,,,,,,
,,,,,,,,,
,,,,,,,,,
,,,,,,,,,
,,,,,,,,,
,,,,,,,,,
,,,,,,,,,
,,,,,,,,,
,,,,,,,,,
,,,,,,,,,
,,,,,,,,,
,,,,,,,,,
,,,,,,,,,
,,,,,,,,,
,,,,,,,,,
,,,,,,,,,
,,,,,,,,,
,,,,,,,,,
,,,,,,,,,
,,,,,,,,,
,,,,,,,,,
,,,,,,,,,
,,,,,,,,,
,,,,,,,,,
,,,,,,,,,
,,,,,,,,,
,,,,,,,,,
,,,,,,,,,
,,,,,,,,,
,,,,,,,,,
,,,,,,,,,
,,,,,,,,,
,,,,,,,,,
,,,,,,,,,
,,,,,,,,,
,,,,,,,,,
,,,,,,,,,
,,,,,,,,,
,,,,,,,,,
,,,,,,,,,
,,,,,,,,,
,,,,,,,,,
,,,,,,,,,
,,,,,,,,,
,,,,,,,,,
,,,,,,,,,
,,,,,,,,,
,,,,,,,,,
,,,,,,,,,
,,,,,,,,,
,,,,,,,,,
,,,,,,,,,
,,,,,,,,,
,,,,,,,,,
,,,,,,,,,
,,,,,,,,,
,,,,,,,,,
,,,,,,,,,
,,,,,,,,,
,,,,,,,,,
,,,,,,,,,
,,,,,,,,,
,,,,,,,,,
,,,,,,,,,
,,,,,,,,,
,,,,,,,,,
,,,,,,,,,
,,,,,,,,,
,,,,,,,,,
,,,,,,,,,
,,,,,,,,,
,,,,,,,,,
,,,,,,,,,
,,,,,,,,,
,,,,,,,,,
,,,,,,,,,
,,,,,,,,,
,,,,,,,,,
,,,,,,,,,
,,,,,,,,,
,,,,,,,,,
,,,,,,,,,
,,,,,,,,,
,,,,,,,,,
,,,,,,,,,
,,,,,,,,,
,,,,,,,,,
,,,,,,,,,
,,,,,,,,,
,,,,,,,,,
,,,,,,,,,
,,,,,,,,,
,,,,,,,,,
,,,,,,,,,
,,,,,,,,,
,,,,,,,,,
,,,,,,,,,
,,,,,,,,,
,,,,,,,,,
,,,,,,,,,
,,,,,,,,,
,,,,,,,,,
,,,,,,,,,
,,,,,,,,,
,,,,,,,,,
,,,,,,,,,
,,,,,,,,,
,,,,,,,,,
,,,,,,,,,
,,,,,,,,,
,,,,,,,,,
,,,,,,,,,
,,,,,,,,,
,,,,,,,,,
,,,,,,,,,
,,,,,,,,,
,,,,,,,,,
,,,,,,,,,
,,,,,,,,,
,,,,,,,,,
,,,,,,,,,
,,,,,,,,,
,,,,,,,,,
,,,,,,,,,
,,,,,,,,,
,,,,,,,,,
,,,,,,,,,
,,,,,,,,,
,,,,,,,,,
,,,,,,,,,
,,,,,,,,,
,,,,,,,,,
,,,,,,,,,
,,,,,,,,,
,,,,,,,,,
,,,,,,,,,
,,,,,,,,,
,,,,,,,,,
,,,,,,,,,
,,,,,,,,,
,,,,,,,,,
,,,,,,,,,
,,,,,,,,,
,,,,,,,,,
,,,,,,,,,
,,,,,,,,,
,,,,,,,,,
,,,,,,,,,
,,,,,,,,,
,,,,,,,,,
,,,,,,,,,
,,,,,,,,,
,,,,,,,,,
,,,,,,,,,
,,,,,,,,,
,,,,,,,,,
,,,,,,,,,
,,,,,,,,,
,,,,,,,,,
,,,,,,,,,
,,,,,,,,,
,,,,,,,,,
,,,,,,,,,
,,,,,,,,,
,,,,,,,,,
,,,,,,,,,
,,,,,,,,,
,,,,,,,,,
,,,,,,,,,
,,,,,,,,,
,,,,,,,,,
,,,,,,,,,
,,,,,,,,,
,,,,,,,,,
,,,,,,,,,
,,,,,,,,,
,,,,,,,,,
,,,,,,,,,
,,,,,,,,,
,,,,,,,,,
,,,,,,,,,
,,,,,,,,,
,,,,,,,,,
,,,,,,,,,
,,,,,,,,,
,,,,,,,,,
,,,,,,,,,
,,,,,,,,,
,,,,,,,,,
,,,,,,,,,
,,,,,,,,,
,,,,,,,,,
,,,,,,,,,
,,,,,,,,,
,,,,,,,,,
,,,,,,,,,
,,,,,,,,,
,,,,,,,,,
,,,,,,,,,
,,,,,,,,,
,,,,,,,,,
,,,,,,,,,
,,,,,,,,,
,,,,,,,,,
,,,,,,,,,
,,,,,,,,,
,,,,,,,,,
,,,,,,,,,
,,,,,,,,,
,,,,,,,,,
,,,,,,,,,
,,,,,,,,,
,,,,,,,,,
,,,,,,,,,
,,,,,,,,,
,,,,,,,,,
,,,,,,,,,
,,,,,,,,,
,,,,,,,,,
,,,,,,,,,
,,,,,,,,,
,,,,,,,,,
,,,,,,,,,
,,,,,,,,,
,,,,,,,,,
,,,,,,,,,
,,,,,,,,,
,,,,,,,,,
,,,,,,,,,
,,,,,,,,,
,,,,,,,,,
,,,,,,,,,
,,,,,,,,,
,,,,,,,,,
,,,,,,,,,
,,,,,,,,,
,,,,,,,,,
,,,,,,,,,
,,,,,,,,,
,,,,,,,,,
,,,,,,,,,
,,,,,,,,,
,,,,,,,,,
,,,,,,,,,
,,,,,,,,,
,,,,,,,,,
,,,,,,,,,
,,,,,,,,,
,,,,,,,,,
,,,,,,,,,
,,,,,,,,,
,,,,,,,,,
,,,,,,,,,
,,,,,,,,,
,,,,,,,,,
,,,,,,,,,
,,,,,,,,,
,,,,,,,,,
,,,,,,,,,
,,,,,,,,,
,,,,,,,,,
,,,,,,,,,
,,,,,,,,,
,,,,,,,,,
,,,,,,,,,
,,,,,,,,,
,,,,,,,,,
,,,,,,,,,
,,,,,,,,,
,,,,,,,,,
,,,,,,,,,
,,,,,,,,,
,,,,,,,,,
,,,,,,,,,
,,,,,,,,,
,,,,,,,,,
,,,,,,,,,
,,,,,,,,,
,,,,,,,,,
,,,,,,,,,
,,,,,,,,,
,,,,,,,,,
,,,,,,,,,
,,,,,,,,,
,,,,,,,,,
,,,,,,,,,
,,,,,,,,,
,,,,,,,,,
,,,,,,,,,
,,,,,,,,,
,,,,,,,,,
,,,,,,,,,
,,,,,,,,,
,,,,,,,,,
,,,,,,,,,
,,,,,,,,,
,,,,,,,,,
,,,,,,,,,
,,,,,,,,,
,,,,,,,,,
,,,,,,,,,
,,,,,,,,,
,,,,,,,,,
,,,,,,,,,
,,,,,,,,,
,,,,,,,,,
,,,,,,,,,
,,,,,,,,,
,,,,,,,,,
,,,,,,,,,
,,,,,,,,,
,,,,,,,,,
,,,,,,,,,
,,,,,,,,,
,,,,,,,,,
,,,,,,,,,
,,,,,,,,,
,,,,,,,,,
,,,,,,,,,
,,,,,,,,,
,,,,,,,,,
,,,,,,,,,
,,,,,,,,,
,,,,,,,,,
,,,,,,,,,
,,,,,,,,,
,,,,,,,,,
,,,,,,,,,
,,,,,,,,,
,,,,,,,,,
,,,,,,,,,
,,,,,,,,,
,,,,,,,,,
,,,,,,,,,
,,,,,,,,,
,,,,,,,,,
,,,,,,,,,
,,,,,,,,,
,,,,,,,,,
,,,,,,,,,
,,,,,,,,,
,,,,,,,,,
,,,,,,,,,
,,,,,,,,,
,,,,,,,,,
,,,,,,,,,
,,,,,,,,,
,,,,,,,,,
,,,,,,,,,
,,,,,,,,,
,,,,,,,,,
,,,,,,,,,
,,,,,,,,,
,,,,,,,,,
,,,,,,,,,
