VenueConnect — SEO Pages: Morbi,,,,,,,,,
  EVENT + CITY PAGES,,,,,,,,,
Page Type,Page Title,URL Slug,Meta Title,Meta Description,H1 Tag,Target Keyword,Secondary Keywords,Search Intent,Priority
Event + City,Wedding Venues in Morbi | VenueConnect,/morbi/wedding-venues/,Best Wedding Venues in Morbi | Book & Compare Prices - VenueConnect,"Find the best wedding venues in Morbi. Compare wedding halls, banquet spaces & party plots. Get free quotes & instant leads. Browse 100+ options on VenueConnect.",Best Wedding Venues in Morbi,wedding venues in Morbi,"wedding hall Morbi, wedding venue booking Morbi, best wedding venue Morbi, wedding party venue Morbi",Navigational / Transactional,High
Event + City,Birthday Party Venues in Morbi | VenueConnect,/morbi/birthday-party-venues/,Best Birthday Party Venues in Morbi | Book & Compare Prices - VenueConnect,"Find the best birthday party venues in Morbi. Compare birthday party halls, banquet spaces & party plots. Get free quotes & instant leads. Browse 100+ options on VenueConnect.",Best Birthday Party Venues in Morbi,birthday party venues in Morbi,"birthday party hall Morbi, birthday party venue booking Morbi, best birthday party venue Morbi, birthday party party venue Morbi",Navigational / Transactional,High
Event + City,Engagement Venues in Morbi | VenueConnect,/morbi/engagement-venues/,Best Engagement Venues in Morbi | Book & Compare Prices - VenueConnect,"Find the best engagement venues in Morbi. Compare engagement halls, banquet spaces & party plots. Get free quotes & instant leads. Browse 100+ options on VenueConnect.",Best Engagement Venues in Morbi,engagement venues in Morbi,"engagement hall Morbi, engagement venue booking Morbi, best engagement venue Morbi, engagement party venue Morbi",Navigational / Transactional,High
Event + City,Corporate Event Venues in Morbi | VenueConnect,/morbi/corporate-event-venues/,Best Corporate Event Venues in Morbi | Book & Compare Prices - VenueConnect,"Find the best corporate event venues in Morbi. Compare corporate event halls, banquet spaces & party plots. Get free quotes & instant leads. Browse 100+ options on VenueConnect.",Best Corporate Event Venues in Morbi,corporate event venues in Morbi,"corporate event hall Morbi, corporate event venue booking Morbi, best corporate event venue Morbi, corporate event party venue Morbi",Navigational / Transactional,High
Event + City,Reception Venues in Morbi | VenueConnect,/morbi/reception-venues/,Best Reception Venues in Morbi | Book & Compare Prices - VenueConnect,"Find the best reception venues in Morbi. Compare reception halls, banquet spaces & party plots. Get free quotes & instant leads. Browse 100+ options on VenueConnect.",Best Reception Venues in Morbi,reception venues in Morbi,"reception hall Morbi, reception venue booking Morbi, best reception venue Morbi, reception party venue Morbi",Navigational / Transactional,High
Event + City,Sangeet Ceremony Venues in Morbi | VenueConnect,/morbi/sangeet-ceremony-venues/,Best Sangeet Ceremony Venues in Morbi | Book & Compare Prices - VenueConnect,"Find the best sangeet ceremony venues in Morbi. Compare sangeet ceremony halls, banquet spaces & party plots. Get free quotes & instant leads. Browse 100+ options on VenueConnect.",Best Sangeet Ceremony Venues in Morbi,sangeet ceremony venues in Morbi,"sangeet ceremony hall Morbi, sangeet ceremony venue booking Morbi, best sangeet ceremony venue Morbi, sangeet ceremony party venue Morbi",Navigational / Transactional,High
Event + City,Garba Night Venues in Morbi | VenueConnect,/morbi/garba-night-venues/,Best Garba Night Venues in Morbi | Book & Compare Prices - VenueConnect,"Find the best garba night venues in Morbi. Compare garba night halls, banquet spaces & party plots. Get free quotes & instant leads. Browse 100+ options on VenueConnect.",Best Garba Night Venues in Morbi,garba night venues in Morbi,"garba night hall Morbi, garba night venue booking Morbi, best garba night venue Morbi, garba night party venue Morbi",Navigational / Transactional,High
Event + City,Pool Party Venues in Morbi | VenueConnect,/morbi/pool-party-venues/,Best Pool Party Venues in Morbi | Book & Compare Prices - VenueConnect,"Find the best pool party venues in Morbi. Compare pool party halls, banquet spaces & party plots. Get free quotes & instant leads. Browse 100+ options on VenueConnect.",Best Pool Party Venues in Morbi,pool party venues in Morbi,"pool party hall Morbi, pool party venue booking Morbi, best pool party venue Morbi, pool party party venue Morbi",Navigational / Transactional,High
Event + City,Kitty Party Venues in Morbi | VenueConnect,/morbi/kitty-party-venues/,Best Kitty Party Venues in Morbi | Book & Compare Prices - VenueConnect,"Find the best kitty party venues in Morbi. Compare kitty party halls, banquet spaces & party plots. Get free quotes & instant leads. Browse 100+ options on VenueConnect.",Best Kitty Party Venues in Morbi,kitty party venues in Morbi,"kitty party hall Morbi, kitty party venue booking Morbi, best kitty party venue Morbi, kitty party party venue Morbi",Navigational / Transactional,High
Event + City,Cocktail Party Venues in Morbi | VenueConnect,/morbi/cocktail-party-venues/,Best Cocktail Party Venues in Morbi | Book & Compare Prices - VenueConnect,"Find the best cocktail party venues in Morbi. Compare cocktail party halls, banquet spaces & party plots. Get free quotes & instant leads. Browse 100+ options on VenueConnect.",Best Cocktail Party Venues in Morbi,cocktail party venues in Morbi,"cocktail party hall Morbi, cocktail party venue booking Morbi, best cocktail party venue Morbi, cocktail party party venue Morbi",Navigational / Transactional,High
Event + City,Baby Shower Venues in Morbi | VenueConnect,/morbi/baby-shower-venues/,Best Baby Shower Venues in Morbi | Book & Compare Prices - VenueConnect,"Find the best baby shower venues in Morbi. Compare baby shower halls, banquet spaces & party plots. Get free quotes & instant leads. Browse 100+ options on VenueConnect.",Best Baby Shower Venues in Morbi,baby shower venues in Morbi,"baby shower hall Morbi, baby shower venue booking Morbi, best baby shower venue Morbi, baby shower party venue Morbi",Navigational / Transactional,High
Event + City,Anniversary Party Venues in Morbi | VenueConnect,/morbi/anniversary-party-venues/,Best Anniversary Party Venues in Morbi | Book & Compare Prices - VenueConnect,"Find the best anniversary party venues in Morbi. Compare anniversary party halls, banquet spaces & party plots. Get free quotes & instant leads. Browse 100+ options on VenueConnect.",Best Anniversary Party Venues in Morbi,anniversary party venues in Morbi,"anniversary party hall Morbi, anniversary party venue booking Morbi, best anniversary party venue Morbi, anniversary party party venue Morbi",Navigational / Transactional,High
Event + City,Farewell Party Venues in Morbi | VenueConnect,/morbi/farewell-party-venues/,Best Farewell Party Venues in Morbi | Book & Compare Prices - VenueConnect,"Find the best farewell party venues in Morbi. Compare farewell party halls, banquet spaces & party plots. Get free quotes & instant leads. Browse 100+ options on VenueConnect.",Best Farewell Party Venues in Morbi,farewell party venues in Morbi,"farewell party hall Morbi, farewell party venue booking Morbi, best farewell party venue Morbi, farewell party party venue Morbi",Navigational / Transactional,High
Event + City,Reunion Party Venues in Morbi | VenueConnect,/morbi/reunion-party-venues/,Best Reunion Party Venues in Morbi | Book & Compare Prices - VenueConnect,"Find the best reunion party venues in Morbi. Compare reunion party halls, banquet spaces & party plots. Get free quotes & instant leads. Browse 100+ options on VenueConnect.",Best Reunion Party Venues in Morbi,reunion party venues in Morbi,"reunion party hall Morbi, reunion party venue booking Morbi, best reunion party venue Morbi, reunion party party venue Morbi",Navigational / Transactional,High
Event + City,Product Launch Venues in Morbi | VenueConnect,/morbi/product-launch-venues/,Best Product Launch Venues in Morbi | Book & Compare Prices - VenueConnect,"Find the best product launch venues in Morbi. Compare product launch halls, banquet spaces & party plots. Get free quotes & instant leads. Browse 100+ options on VenueConnect.",Best Product Launch Venues in Morbi,product launch venues in Morbi,"product launch hall Morbi, product launch venue booking Morbi, best product launch venue Morbi, product launch party venue Morbi",Navigational / Transactional,High
Event + City,Conference Venues in Morbi | VenueConnect,/morbi/conference-venues/,Best Conference Venues in Morbi | Book & Compare Prices - VenueConnect,"Find the best conference venues in Morbi. Compare conference halls, banquet spaces & party plots. Get free quotes & instant leads. Browse 100+ options on VenueConnect.",Best Conference Venues in Morbi,conference venues in Morbi,"conference hall Morbi, conference venue booking Morbi, best conference venue Morbi, conference party venue Morbi",Navigational / Transactional,High
Event + City,Seminar Venues in Morbi | VenueConnect,/morbi/seminar-venues/,Best Seminar Venues in Morbi | Book & Compare Prices - VenueConnect,"Find the best seminar venues in Morbi. Compare seminar halls, banquet spaces & party plots. Get free quotes & instant leads. Browse 100+ options on VenueConnect.",Best Seminar Venues in Morbi,seminar venues in Morbi,"seminar hall Morbi, seminar venue booking Morbi, best seminar venue Morbi, seminar party venue Morbi",Navigational / Transactional,High
Event + City,Award Ceremony Venues in Morbi | VenueConnect,/morbi/award-ceremony-venues/,Best Award Ceremony Venues in Morbi | Book & Compare Prices - VenueConnect,"Find the best award ceremony venues in Morbi. Compare award ceremony halls, banquet spaces & party plots. Get free quotes & instant leads. Browse 100+ options on VenueConnect.",Best Award Ceremony Venues in Morbi,award ceremony venues in Morbi,"award ceremony hall Morbi, award ceremony venue booking Morbi, best award ceremony venue Morbi, award ceremony party venue Morbi",Navigational / Transactional,High
Event + City,Walkin Interview Venues in Morbi | VenueConnect,/morbi/walkin-interview-venues/,Best Walkin Interview Venues in Morbi | Book & Compare Prices - VenueConnect,"Find the best walkin interview venues in Morbi. Compare walkin interview halls, banquet spaces & party plots. Get free quotes & instant leads. Browse 100+ options on VenueConnect.",Best Walkin Interview Venues in Morbi,walkin interview venues in Morbi,"walkin interview hall Morbi, walkin interview venue booking Morbi, best walkin interview venue Morbi, walkin interview party venue Morbi",Navigational / Transactional,High
Event + City,Training Venues in Morbi | VenueConnect,/morbi/training-venues/,Best Training Venues in Morbi | Book & Compare Prices - VenueConnect,"Find the best training venues in Morbi. Compare training halls, banquet spaces & party plots. Get free quotes & instant leads. Browse 100+ options on VenueConnect.",Best Training Venues in Morbi,training venues in Morbi,"training hall Morbi, training venue booking Morbi, best training venue Morbi, training party venue Morbi",Navigational / Transactional,High
Event + City,Team Outing Venues in Morbi | VenueConnect,/morbi/team-outing-venues/,Best Team Outing Venues in Morbi | Book & Compare Prices - VenueConnect,"Find the best team outing venues in Morbi. Compare team outing halls, banquet spaces & party plots. Get free quotes & instant leads. Browse 100+ options on VenueConnect.",Best Team Outing Venues in Morbi,team outing venues in Morbi,"team outing hall Morbi, team outing venue booking Morbi, best team outing venue Morbi, team outing party venue Morbi",Navigational / Transactional,High
Event + City,Stage Event Venues in Morbi | VenueConnect,/morbi/stage-event-venues/,Best Stage Event Venues in Morbi | Book & Compare Prices - VenueConnect,"Find the best stage event venues in Morbi. Compare stage event halls, banquet spaces & party plots. Get free quotes & instant leads. Browse 100+ options on VenueConnect.",Best Stage Event Venues in Morbi,stage event venues in Morbi,"stage event hall Morbi, stage event venue booking Morbi, best stage event venue Morbi, stage event party venue Morbi",Navigational / Transactional,High
Event + City,Ring Ceremony Venues in Morbi | VenueConnect,/morbi/ring-ceremony-venues/,Best Ring Ceremony Venues in Morbi | Book & Compare Prices - VenueConnect,"Find the best ring ceremony venues in Morbi. Compare ring ceremony halls, banquet spaces & party plots. Get free quotes & instant leads. Browse 100+ options on VenueConnect.",Best Ring Ceremony Venues in Morbi,ring ceremony venues in Morbi,"ring ceremony hall Morbi, ring ceremony venue booking Morbi, best ring ceremony venue Morbi, ring ceremony party venue Morbi",Navigational / Transactional,High
Event + City,Residential Conference Venues in Morbi | VenueConnect,/morbi/residential-conference-venues/,Best Residential Conference Venues in Morbi | Book & Compare Prices - VenueConnect,"Find the best residential conference venues in Morbi. Compare residential conference halls, banquet spaces & party plots. Get free quotes & instant leads. Browse 100+ options on VenueConnect.",Best Residential Conference Venues in Morbi,residential conference venues in Morbi,"residential conference hall Morbi, residential conference venue booking Morbi, best residential conference venue Morbi, residential conference party venue Morbi",Navigational / Transactional,High
Event + City,Pre Wedding Mehendi Party Venues in Morbi | VenueConnect,/morbi/pre-wedding-mehendi-party-venues/,Best Pre Wedding Mehendi Party Venues in Morbi | Book & Compare Prices - VenueConnect,"Find the best pre wedding mehendi party venues in Morbi. Compare pre wedding mehendi party halls, banquet spaces & party plots. Get free quotes & instant leads. Browse 100+ options on VenueConnect.",Best Pre Wedding Mehendi Party Venues in Morbi,pre wedding mehendi party venues in Morbi,"pre wedding mehendi party hall Morbi, pre wedding mehendi party venue booking Morbi, best pre wedding mehendi party venue Morbi, pre wedding mehendi party party venue Morbi",Navigational / Transactional,High
Event + City,Photo Shoots Venues in Morbi | VenueConnect,/morbi/photo-shoots-venues/,Best Photo Shoots Venues in Morbi | Book & Compare Prices - VenueConnect,"Find the best photo shoots venues in Morbi. Compare photo shoots halls, banquet spaces & party plots. Get free quotes & instant leads. Browse 100+ options on VenueConnect.",Best Photo Shoots Venues in Morbi,photo shoots venues in Morbi,"photo shoots hall Morbi, photo shoots venue booking Morbi, best photo shoots venue Morbi, photo shoots party venue Morbi",Navigational / Transactional,High
Event + City,Naming Ceremony Venues in Morbi | VenueConnect,/morbi/naming-ceremony-venues/,Best Naming Ceremony Venues in Morbi | Book & Compare Prices - VenueConnect,"Find the best naming ceremony venues in Morbi. Compare naming ceremony halls, banquet spaces & party plots. Get free quotes & instant leads. Browse 100+ options on VenueConnect.",Best Naming Ceremony Venues in Morbi,naming ceremony venues in Morbi,"naming ceremony hall Morbi, naming ceremony venue booking Morbi, best naming ceremony venue Morbi, naming ceremony party venue Morbi",Navigational / Transactional,High
Event + City,Musical Concert Venues in Morbi | VenueConnect,/morbi/musical-concert-venues/,Best Musical Concert Venues in Morbi | Book & Compare Prices - VenueConnect,"Find the best musical concert venues in Morbi. Compare musical concert halls, banquet spaces & party plots. Get free quotes & instant leads. Browse 100+ options on VenueConnect.",Best Musical Concert Venues in Morbi,musical concert venues in Morbi,"musical concert hall Morbi, musical concert venue booking Morbi, best musical concert venue Morbi, musical concert party venue Morbi",Navigational / Transactional,High
Event + City,MICE Venues in Morbi | VenueConnect,/morbi/mice-venues/,Best MICE Venues in Morbi | Book & Compare Prices - VenueConnect,"Find the best mice venues in Morbi. Compare mice halls, banquet spaces & party plots. Get free quotes & instant leads. Browse 100+ options on VenueConnect.",Best MICE Venues in Morbi,mice venues in Morbi,"mice hall Morbi, mice venue booking Morbi, best mice venue Morbi, mice party venue Morbi",Navigational / Transactional,High
Event + City,Meeting Venues in Morbi | VenueConnect,/morbi/meeting-venues/,Best Meeting Venues in Morbi | Book & Compare Prices - VenueConnect,"Find the best meeting venues in Morbi. Compare meeting halls, banquet spaces & party plots. Get free quotes & instant leads. Browse 100+ options on VenueConnect.",Best Meeting Venues in Morbi,meeting venues in Morbi,"meeting hall Morbi, meeting venue booking Morbi, best meeting venue Morbi, meeting party venue Morbi",Navigational / Transactional,High
Event + City,Kids Birthday Party Venues in Morbi | VenueConnect,/morbi/kids-birthday-party-venues/,Best Kids Birthday Party Venues in Morbi | Book & Compare Prices - VenueConnect,"Find the best kids birthday party venues in Morbi. Compare kids birthday party halls, banquet spaces & party plots. Get free quotes & instant leads. Browse 100+ options on VenueConnect.",Best Kids Birthday Party Venues in Morbi,kids birthday party venues in Morbi,"kids birthday party hall Morbi, kids birthday party venue booking Morbi, best kids birthday party venue Morbi, kids birthday party party venue Morbi",Navigational / Transactional,High
Event + City,Holi Party Venues in Morbi | VenueConnect,/morbi/holi-party-venues/,Best Holi Party Venues in Morbi | Book & Compare Prices - VenueConnect,"Find the best holi party venues in Morbi. Compare holi party halls, banquet spaces & party plots. Get free quotes & instant leads. Browse 100+ options on VenueConnect.",Best Holi Party Venues in Morbi,holi party venues in Morbi,"holi party hall Morbi, holi party venue booking Morbi, best holi party venue Morbi, holi party party venue Morbi",Navigational / Transactional,High
Event + City,Group Dining Venues in Morbi | VenueConnect,/morbi/group-dining-venues/,Best Group Dining Venues in Morbi | Book & Compare Prices - VenueConnect,"Find the best group dining venues in Morbi. Compare group dining halls, banquet spaces & party plots. Get free quotes & instant leads. Browse 100+ options on VenueConnect.",Best Group Dining Venues in Morbi,group dining venues in Morbi,"group dining hall Morbi, group dining venue booking Morbi, best group dining venue Morbi, group dining party venue Morbi",Navigational / Transactional,High
Event + City,Get Together Venues in Morbi | VenueConnect,/morbi/get-together-venues/,Best Get Together Venues in Morbi | Book & Compare Prices - VenueConnect,"Find the best get together venues in Morbi. Compare get together halls, banquet spaces & party plots. Get free quotes & instant leads. Browse 100+ options on VenueConnect.",Best Get Together Venues in Morbi,get together venues in Morbi,"get together hall Morbi, get together venue booking Morbi, best get together venue Morbi, get together party venue Morbi",Navigational / Transactional,High
Event + City,Game Watch Venues in Morbi | VenueConnect,/morbi/game-watch-venues/,Best Game Watch Venues in Morbi | Book & Compare Prices - VenueConnect,"Find the best game watch venues in Morbi. Compare game watch halls, banquet spaces & party plots. Get free quotes & instant leads. Browse 100+ options on VenueConnect.",Best Game Watch Venues in Morbi,game watch venues in Morbi,"game watch hall Morbi, game watch venue booking Morbi, best game watch venue Morbi, game watch party venue Morbi",Navigational / Transactional,High
Event + City,Freshers Party Venues in Morbi | VenueConnect,/morbi/freshers-party-venues/,Best Freshers Party Venues in Morbi | Book & Compare Prices - VenueConnect,"Find the best freshers party venues in Morbi. Compare freshers party halls, banquet spaces & party plots. Get free quotes & instant leads. Browse 100+ options on VenueConnect.",Best Freshers Party Venues in Morbi,freshers party venues in Morbi,"freshers party hall Morbi, freshers party venue booking Morbi, best freshers party venue Morbi, freshers party party venue Morbi",Navigational / Transactional,High
Event + City,First Birthday Party Venues in Morbi | VenueConnect,/morbi/first-birthday-party-venues/,Best First Birthday Party Venues in Morbi | Book & Compare Prices - VenueConnect,"Find the best first birthday party venues in Morbi. Compare first birthday party halls, banquet spaces & party plots. Get free quotes & instant leads. Browse 100+ options on VenueConnect.",Best First Birthday Party Venues in Morbi,first birthday party venues in Morbi,"first birthday party hall Morbi, first birthday party venue booking Morbi, best first birthday party venue Morbi, first birthday party party venue Morbi",Navigational / Transactional,High
Event + City,Fashion Show Venues in Morbi | VenueConnect,/morbi/fashion-show-venues/,Best Fashion Show Venues in Morbi | Book & Compare Prices - VenueConnect,"Find the best fashion show venues in Morbi. Compare fashion show halls, banquet spaces & party plots. Get free quotes & instant leads. Browse 100+ options on VenueConnect.",Best Fashion Show Venues in Morbi,fashion show venues in Morbi,"fashion show hall Morbi, fashion show venue booking Morbi, best fashion show venue Morbi, fashion show party venue Morbi",Navigational / Transactional,High
Event + City,Family Function Venues in Morbi | VenueConnect,/morbi/family-function-venues/,Best Family Function Venues in Morbi | Book & Compare Prices - VenueConnect,"Find the best family function venues in Morbi. Compare family function halls, banquet spaces & party plots. Get free quotes & instant leads. Browse 100+ options on VenueConnect.",Best Family Function Venues in Morbi,family function venues in Morbi,"family function hall Morbi, family function venue booking Morbi, best family function venue Morbi, family function party venue Morbi",Navigational / Transactional,High
Event + City,Exhibition Venues in Morbi | VenueConnect,/morbi/exhibition-venues/,Best Exhibition Venues in Morbi | Book & Compare Prices - VenueConnect,"Find the best exhibition venues in Morbi. Compare exhibition halls, banquet spaces & party plots. Get free quotes & instant leads. Browse 100+ options on VenueConnect.",Best Exhibition Venues in Morbi,exhibition venues in Morbi,"exhibition hall Morbi, exhibition venue booking Morbi, best exhibition venue Morbi, exhibition party venue Morbi",Navigational / Transactional,High
Event + City,Corporate Training Venues in Morbi | VenueConnect,/morbi/corporate-training-venues/,Best Corporate Training Venues in Morbi | Book & Compare Prices - VenueConnect,"Find the best corporate training venues in Morbi. Compare corporate training halls, banquet spaces & party plots. Get free quotes & instant leads. Browse 100+ options on VenueConnect.",Best Corporate Training Venues in Morbi,corporate training venues in Morbi,"corporate training hall Morbi, corporate training venue booking Morbi, best corporate training venue Morbi, corporate training party venue Morbi",Navigational / Transactional,High
Event + City,Corporate Party Venues in Morbi | VenueConnect,/morbi/corporate-party-venues/,Best Corporate Party Venues in Morbi | Book & Compare Prices - VenueConnect,"Find the best corporate party venues in Morbi. Compare corporate party halls, banquet spaces & party plots. Get free quotes & instant leads. Browse 100+ options on VenueConnect.",Best Corporate Party Venues in Morbi,corporate party venues in Morbi,"corporate party hall Morbi, corporate party venue booking Morbi, best corporate party venue Morbi, corporate party party venue Morbi",Navigational / Transactional,High
Event + City,Corporate Offsite Venues in Morbi | VenueConnect,/morbi/corporate-offsite-venues/,Best Corporate Offsite Venues in Morbi | Book & Compare Prices - VenueConnect,"Find the best corporate offsite venues in Morbi. Compare corporate offsite halls, banquet spaces & party plots. Get free quotes & instant leads. Browse 100+ options on VenueConnect.",Best Corporate Offsite Venues in Morbi,corporate offsite venues in Morbi,"corporate offsite hall Morbi, corporate offsite venue booking Morbi, best corporate offsite venue Morbi, corporate offsite party venue Morbi",Navigational / Transactional,High
Event + City,Cocktail Dinner Venues in Morbi | VenueConnect,/morbi/cocktail-dinner-venues/,Best Cocktail Dinner Venues in Morbi | Book & Compare Prices - VenueConnect,"Find the best cocktail dinner venues in Morbi. Compare cocktail dinner halls, banquet spaces & party plots. Get free quotes & instant leads. Browse 100+ options on VenueConnect.",Best Cocktail Dinner Venues in Morbi,cocktail dinner venues in Morbi,"cocktail dinner hall Morbi, cocktail dinner venue booking Morbi, best cocktail dinner venue Morbi, cocktail dinner party venue Morbi",Navigational / Transactional,High
Event + City,Class Reunion Venues in Morbi | VenueConnect,/morbi/class-reunion-venues/,Best Class Reunion Venues in Morbi | Book & Compare Prices - VenueConnect,"Find the best class reunion venues in Morbi. Compare class reunion halls, banquet spaces & party plots. Get free quotes & instant leads. Browse 100+ options on VenueConnect.",Best Class Reunion Venues in Morbi,class reunion venues in Morbi,"class reunion hall Morbi, class reunion venue booking Morbi, best class reunion venue Morbi, class reunion party venue Morbi",Navigational / Transactional,High
Event + City,Christian Communion Venues in Morbi | VenueConnect,/morbi/christian-communion-venues/,Best Christian Communion Venues in Morbi | Book & Compare Prices - VenueConnect,"Find the best christian communion venues in Morbi. Compare christian communion halls, banquet spaces & party plots. Get free quotes & instant leads. Browse 100+ options on VenueConnect.",Best Christian Communion Venues in Morbi,christian communion venues in Morbi,"christian communion hall Morbi, christian communion venue booking Morbi, best christian communion venue Morbi, christian communion party venue Morbi",Navigational / Transactional,High
Event + City,Childrens Party Venues in Morbi | VenueConnect,/morbi/childrens-party-venues/,Best Childrens Party Venues in Morbi | Book & Compare Prices - VenueConnect,"Find the best childrens party venues in Morbi. Compare childrens party halls, banquet spaces & party plots. Get free quotes & instant leads. Browse 100+ options on VenueConnect.",Best Childrens Party Venues in Morbi,childrens party venues in Morbi,"childrens party hall Morbi, childrens party venue booking Morbi, best childrens party venue Morbi, childrens party party venue Morbi",Navigational / Transactional,High
Event + City,Business Dinner Venues in Morbi | VenueConnect,/morbi/business-dinner-venues/,Best Business Dinner Venues in Morbi | Book & Compare Prices - VenueConnect,"Find the best business dinner venues in Morbi. Compare business dinner halls, banquet spaces & party plots. Get free quotes & instant leads. Browse 100+ options on VenueConnect.",Best Business Dinner Venues in Morbi,business dinner venues in Morbi,"business dinner hall Morbi, business dinner venue booking Morbi, best business dinner venue Morbi, business dinner party venue Morbi",Navigational / Transactional,High
Event + City,Bridal Shower Venues in Morbi | VenueConnect,/morbi/bridal-shower-venues/,Best Bridal Shower Venues in Morbi | Book & Compare Prices - VenueConnect,"Find the best bridal shower venues in Morbi. Compare bridal shower halls, banquet spaces & party plots. Get free quotes & instant leads. Browse 100+ options on VenueConnect.",Best Bridal Shower Venues in Morbi,bridal shower venues in Morbi,"bridal shower hall Morbi, bridal shower venue booking Morbi, best bridal shower venue Morbi, bridal shower party venue Morbi",Navigational / Transactional,High
Event + City,Brand Promotion Venues in Morbi | VenueConnect,/morbi/brand-promotion-venues/,Best Brand Promotion Venues in Morbi | Book & Compare Prices - VenueConnect,"Find the best brand promotion venues in Morbi. Compare brand promotion halls, banquet spaces & party plots. Get free quotes & instant leads. Browse 100+ options on VenueConnect.",Best Brand Promotion Venues in Morbi,brand promotion venues in Morbi,"brand promotion hall Morbi, brand promotion venue booking Morbi, best brand promotion venue Morbi, brand promotion party venue Morbi",Navigational / Transactional,High
Event + City,Bachelor Party Venues in Morbi | VenueConnect,/morbi/bachelor-party-venues/,Best Bachelor Party Venues in Morbi | Book & Compare Prices - VenueConnect,"Find the best bachelor party venues in Morbi. Compare bachelor party halls, banquet spaces & party plots. Get free quotes & instant leads. Browse 100+ options on VenueConnect.",Best Bachelor Party Venues in Morbi,bachelor party venues in Morbi,"bachelor party hall Morbi, bachelor party venue booking Morbi, best bachelor party venue Morbi, bachelor party party venue Morbi",Navigational / Transactional,High
Event + City,Aqueeqa Ceremony Venues in Morbi | VenueConnect,/morbi/aqueeqa-ceremony-venues/,Best Aqueeqa Ceremony Venues in Morbi | Book & Compare Prices - VenueConnect,"Find the best aqueeqa ceremony venues in Morbi. Compare aqueeqa ceremony halls, banquet spaces & party plots. Get free quotes & instant leads. Browse 100+ options on VenueConnect.",Best Aqueeqa Ceremony Venues in Morbi,aqueeqa ceremony venues in Morbi,"aqueeqa ceremony hall Morbi, aqueeqa ceremony venue booking Morbi, best aqueeqa ceremony venue Morbi, aqueeqa ceremony party venue Morbi",Navigational / Transactional,High
Event + City,Annual Fest Venues in Morbi | VenueConnect,/morbi/annual-fest-venues/,Best Annual Fest Venues in Morbi | Book & Compare Prices - VenueConnect,"Find the best annual fest venues in Morbi. Compare annual fest halls, banquet spaces & party plots. Get free quotes & instant leads. Browse 100+ options on VenueConnect.",Best Annual Fest Venues in Morbi,annual fest venues in Morbi,"annual fest hall Morbi, annual fest venue booking Morbi, best annual fest venue Morbi, annual fest party venue Morbi",Navigational / Transactional,High
Event + City,Adventure Party Venues in Morbi | VenueConnect,/morbi/adventure-party-venues/,Best Adventure Party Venues in Morbi | Book & Compare Prices - VenueConnect,"Find the best adventure party venues in Morbi. Compare adventure party halls, banquet spaces & party plots. Get free quotes & instant leads. Browse 100+ options on VenueConnect.",Best Adventure Party Venues in Morbi,adventure party venues in Morbi,"adventure party hall Morbi, adventure party venue booking Morbi, best adventure party venue Morbi, adventure party party venue Morbi",Navigational / Transactional,High
Event + City,Haldi Ceremony Venues in Morbi | VenueConnect,/morbi/haldi-ceremony-venues/,Best Haldi Ceremony Venues in Morbi | Book & Compare Prices - VenueConnect,"Find the best haldi ceremony venues in Morbi. Compare haldi ceremony halls, banquet spaces & party plots. Get free quotes & instant leads. Browse 100+ options on VenueConnect.",Best Haldi Ceremony Venues in Morbi,haldi ceremony venues in Morbi,"haldi ceremony hall Morbi, haldi ceremony venue booking Morbi, best haldi ceremony venue Morbi, haldi ceremony party venue Morbi",Navigational / Transactional,High
  VENDOR + CITY PAGES,,,,,,,,,
Page Type,Page Title,URL Slug,Meta Title,Meta Description,H1 Tag,Target Keyword,Secondary Keywords,Search Intent,Priority
Vendor + City,Photographers in Morbi | VenueConnect,/morbi/vendors/photographers/,Top Photographers in Morbi | Compare & Hire - VenueConnect,"Hire top photographers in Morbi for weddings, birthdays & all events. Compare portfolios, pricing & reviews. Get direct leads via WhatsApp. Book on VenueConnect.",Top Photographers in Morbi,photographers in Morbi,"photographers for wedding Morbi, best photographers Morbi, affordable photographers Morbi, photographers contact Morbi",Transactional,High
Vendor + City,Caterers in Morbi | VenueConnect,/morbi/vendors/caterers/,Top Caterers in Morbi | Compare & Hire - VenueConnect,"Hire top caterers in Morbi for weddings, birthdays & all events. Compare portfolios, pricing & reviews. Get direct leads via WhatsApp. Book on VenueConnect.",Top Caterers in Morbi,caterers in Morbi,"caterers for wedding Morbi, best caterers Morbi, affordable caterers Morbi, caterers contact Morbi",Transactional,High
Vendor + City,Decorators in Morbi | VenueConnect,/morbi/vendors/decorators/,Top Decorators in Morbi | Compare & Hire - VenueConnect,"Hire top decorators in Morbi for weddings, birthdays & all events. Compare portfolios, pricing & reviews. Get direct leads via WhatsApp. Book on VenueConnect.",Top Decorators in Morbi,decorators in Morbi,"decorators for wedding Morbi, best decorators Morbi, affordable decorators Morbi, decorators contact Morbi",Transactional,High
Vendor + City,Mehndi Artists in Morbi | VenueConnect,/morbi/vendors/mehndi-artists/,Top Mehndi Artists in Morbi | Compare & Hire - VenueConnect,"Hire top mehndi artists in Morbi for weddings, birthdays & all events. Compare portfolios, pricing & reviews. Get direct leads via WhatsApp. Book on VenueConnect.",Top Mehndi Artists in Morbi,mehndi artists in Morbi,"mehndi artists for wedding Morbi, best mehndi artists Morbi, affordable mehndi artists Morbi, mehndi artists contact Morbi",Transactional,High
Vendor + City,DJs in Morbi | VenueConnect,/morbi/vendors/djs/,Top DJs in Morbi | Compare & Hire - VenueConnect,"Hire top djs in Morbi for weddings, birthdays & all events. Compare portfolios, pricing & reviews. Get direct leads via WhatsApp. Book on VenueConnect.",Top DJs in Morbi,djs in Morbi,"djs for wedding Morbi, best djs Morbi, affordable djs Morbi, djs contact Morbi",Transactional,High
Vendor + City,Bands in Morbi | VenueConnect,/morbi/vendors/bands/,Top Bands in Morbi | Compare & Hire - VenueConnect,"Hire top bands in Morbi for weddings, birthdays & all events. Compare portfolios, pricing & reviews. Get direct leads via WhatsApp. Book on VenueConnect.",Top Bands in Morbi,bands in Morbi,"bands for wedding Morbi, best bands Morbi, affordable bands Morbi, bands contact Morbi",Transactional,High
Vendor + City,Event Planners in Morbi | VenueConnect,/morbi/vendors/event-planners/,Top Event Planners in Morbi | Compare & Hire - VenueConnect,"Hire top event planners in Morbi for weddings, birthdays & all events. Compare portfolios, pricing & reviews. Get direct leads via WhatsApp. Book on VenueConnect.",Top Event Planners in Morbi,event planners in Morbi,"event planners for wedding Morbi, best event planners Morbi, affordable event planners Morbi, event planners contact Morbi",Transactional,High
Vendor + City,Bridal Wear in Morbi | VenueConnect,/morbi/vendors/bridal-wear/,Top Bridal Wear in Morbi | Compare & Hire - VenueConnect,"Hire top bridal wear in Morbi for weddings, birthdays & all events. Compare portfolios, pricing & reviews. Get direct leads via WhatsApp. Book on VenueConnect.",Top Bridal Wear in Morbi,bridal wear in Morbi,"bridal wear for wedding Morbi, best bridal wear Morbi, affordable bridal wear Morbi, bridal wear contact Morbi",Transactional,High
Vendor + City,Makeup Artists in Morbi | VenueConnect,/morbi/vendors/makeup-artists/,Top Makeup Artists in Morbi | Compare & Hire - VenueConnect,"Hire top makeup artists in Morbi for weddings, birthdays & all events. Compare portfolios, pricing & reviews. Get direct leads via WhatsApp. Book on VenueConnect.",Top Makeup Artists in Morbi,makeup artists in Morbi,"makeup artists for wedding Morbi, best makeup artists Morbi, affordable makeup artists Morbi, makeup artists contact Morbi",Transactional,High
Vendor + City,Florists in Morbi | VenueConnect,/morbi/vendors/florists/,Top Florists in Morbi | Compare & Hire - VenueConnect,"Hire top florists in Morbi for weddings, birthdays & all events. Compare portfolios, pricing & reviews. Get direct leads via WhatsApp. Book on VenueConnect.",Top Florists in Morbi,florists in Morbi,"florists for wedding Morbi, best florists Morbi, affordable florists Morbi, florists contact Morbi",Transactional,High
Vendor + City,Videographers in Morbi | VenueConnect,/morbi/vendors/videographers/,Top Videographers in Morbi | Compare & Hire - VenueConnect,"Hire top videographers in Morbi for weddings, birthdays & all events. Compare portfolios, pricing & reviews. Get direct leads via WhatsApp. Book on VenueConnect.",Top Videographers in Morbi,videographers in Morbi,"videographers for wedding Morbi, best videographers Morbi, affordable videographers Morbi, videographers contact Morbi",Transactional,High
Vendor + City,Wedding Planners in Morbi | VenueConnect,/morbi/vendors/wedding-planners/,Top Wedding Planners in Morbi | Compare & Hire - VenueConnect,"Hire top wedding planners in Morbi for weddings, birthdays & all events. Compare portfolios, pricing & reviews. Get direct leads via WhatsApp. Book on VenueConnect.",Top Wedding Planners in Morbi,wedding planners in Morbi,"wedding planners for wedding Morbi, best wedding planners Morbi, affordable wedding planners Morbi, wedding planners contact Morbi",Transactional,High
Vendor + City,Tent Houses in Morbi | VenueConnect,/morbi/vendors/tent-houses/,Top Tent Houses in Morbi | Compare & Hire - VenueConnect,"Hire top tent houses in Morbi for weddings, birthdays & all events. Compare portfolios, pricing & reviews. Get direct leads via WhatsApp. Book on VenueConnect.",Top Tent Houses in Morbi,tent houses in Morbi,"tent houses for wedding Morbi, best tent houses Morbi, affordable tent houses Morbi, tent houses contact Morbi",Transactional,High
Vendor + City,Choreographers in Morbi | VenueConnect,/morbi/vendors/choreographers/,Top Choreographers in Morbi | Compare & Hire - VenueConnect,"Hire top choreographers in Morbi for weddings, birthdays & all events. Compare portfolios, pricing & reviews. Get direct leads via WhatsApp. Book on VenueConnect.",Top Choreographers in Morbi,choreographers in Morbi,"choreographers for wedding Morbi, best choreographers Morbi, affordable choreographers Morbi, choreographers contact Morbi",Transactional,High
Vendor + City,Invitation Cards in Morbi | VenueConnect,/morbi/vendors/invitation-cards/,Top Invitation Cards in Morbi | Compare & Hire - VenueConnect,"Hire top invitation cards in Morbi for weddings, birthdays & all events. Compare portfolios, pricing & reviews. Get direct leads via WhatsApp. Book on VenueConnect.",Top Invitation Cards in Morbi,invitation cards in Morbi,"invitation cards for wedding Morbi, best invitation cards Morbi, affordable invitation cards Morbi, invitation cards contact Morbi",Transactional,High
Vendor + City,Cake Shops in Morbi | VenueConnect,/morbi/vendors/cake-shops/,Top Cake Shops in Morbi | Compare & Hire - VenueConnect,"Hire top cake shops in Morbi for weddings, birthdays & all events. Compare portfolios, pricing & reviews. Get direct leads via WhatsApp. Book on VenueConnect.",Top Cake Shops in Morbi,cake shops in Morbi,"cake shops for wedding Morbi, best cake shops Morbi, affordable cake shops Morbi, cake shops contact Morbi",Transactional,High
Vendor + City,Jewellers in Morbi | VenueConnect,/morbi/vendors/jewellers/,Top Jewellers in Morbi | Compare & Hire - VenueConnect,"Hire top jewellers in Morbi for weddings, birthdays & all events. Compare portfolios, pricing & reviews. Get direct leads via WhatsApp. Book on VenueConnect.",Top Jewellers in Morbi,jewellers in Morbi,"jewellers for wedding Morbi, best jewellers Morbi, affordable jewellers Morbi, jewellers contact Morbi",Transactional,High
Vendor + City,Astrologers in Morbi | VenueConnect,/morbi/vendors/astrologers/,Top Astrologers in Morbi | Compare & Hire - VenueConnect,"Hire top astrologers in Morbi for weddings, birthdays & all events. Compare portfolios, pricing & reviews. Get direct leads via WhatsApp. Book on VenueConnect.",Top Astrologers in Morbi,astrologers in Morbi,"astrologers for wedding Morbi, best astrologers Morbi, affordable astrologers Morbi, astrologers contact Morbi",Transactional,High
Vendor + City,Magicians in Morbi | VenueConnect,/morbi/vendors/magicians/,Top Magicians in Morbi | Compare & Hire - VenueConnect,"Hire top magicians in Morbi for weddings, birthdays & all events. Compare portfolios, pricing & reviews. Get direct leads via WhatsApp. Book on VenueConnect.",Top Magicians in Morbi,magicians in Morbi,"magicians for wedding Morbi, best magicians Morbi, affordable magicians Morbi, magicians contact Morbi",Transactional,High
Vendor + City,Entertainers in Morbi | VenueConnect,/morbi/vendors/entertainers/,Top Entertainers in Morbi | Compare & Hire - VenueConnect,"Hire top entertainers in Morbi for weddings, birthdays & all events. Compare portfolios, pricing & reviews. Get direct leads via WhatsApp. Book on VenueConnect.",Top Entertainers in Morbi,entertainers in Morbi,"entertainers for wedding Morbi, best entertainers Morbi, affordable entertainers Morbi, entertainers contact Morbi",Transactional,High
Vendor + City,Groom Wear in Morbi | VenueConnect,/morbi/vendors/groom-wear/,Top Groom Wear in Morbi | Compare & Hire - VenueConnect,"Hire top groom wear in Morbi for weddings, birthdays & all events. Compare portfolios, pricing & reviews. Get direct leads via WhatsApp. Book on VenueConnect.",Top Groom Wear in Morbi,groom wear in Morbi,"groom wear for wedding Morbi, best groom wear Morbi, affordable groom wear Morbi, groom wear contact Morbi",Transactional,High
Vendor + City,Wedding Photographers in Morbi | VenueConnect,/morbi/vendors/wedding-photographers/,Top Wedding Photographers in Morbi | Compare & Hire - VenueConnect,"Hire top wedding photographers in Morbi for weddings, birthdays & all events. Compare portfolios, pricing & reviews. Get direct leads via WhatsApp. Book on VenueConnect.",Top Wedding Photographers in Morbi,wedding photographers in Morbi,"wedding photographers for wedding Morbi, best wedding photographers Morbi, affordable wedding photographers Morbi, wedding photographers contact Morbi",Transactional,High
  VENUE TYPE + CITY PAGES,,,,,,,,,
Page Type,Page Title,URL Slug,Meta Title,Meta Description,H1 Tag,Target Keyword,Secondary Keywords,Search Intent,Priority
Venue + City,Banquet Halls in Morbi | VenueConnect,/morbi/banquet-halls/,Best Banquet Halls in Morbi | Compare Prices & Book - VenueConnect,"Find top banquet halls in Morbi for any occasion. Compare capacity, pricing & amenities. 100+ verified listings. Get free quotes on VenueConnect Gujarat.",Best Banquet Halls in Morbi,banquet halls in Morbi,"banquet halls for rent Morbi, banquet halls booking Morbi, best banquet halls Morbi, affordable banquet halls Morbi",Transactional,High
Venue + City,Farmhouses in Morbi | VenueConnect,/morbi/farmhouses/,Best Farmhouses in Morbi | Compare Prices & Book - VenueConnect,"Find top farmhouses in Morbi for any occasion. Compare capacity, pricing & amenities. 100+ verified listings. Get free quotes on VenueConnect Gujarat.",Best Farmhouses in Morbi,farmhouses in Morbi,"farmhouses for rent Morbi, farmhouses booking Morbi, best farmhouses Morbi, affordable farmhouses Morbi",Transactional,High
Venue + City,Party Plots in Morbi | VenueConnect,/morbi/party-plots/,Best Party Plots in Morbi | Compare Prices & Book - VenueConnect,"Find top party plots in Morbi for any occasion. Compare capacity, pricing & amenities. 100+ verified listings. Get free quotes on VenueConnect Gujarat.",Best Party Plots in Morbi,party plots in Morbi,"party plots for rent Morbi, party plots booking Morbi, best party plots Morbi, affordable party plots Morbi",Transactional,High
Venue + City,Hotels in Morbi | VenueConnect,/morbi/hotels/,Best Hotels in Morbi | Compare Prices & Book - VenueConnect,"Find top hotels in Morbi for any occasion. Compare capacity, pricing & amenities. 100+ verified listings. Get free quotes on VenueConnect Gujarat.",Best Hotels in Morbi,hotels in Morbi,"hotels for rent Morbi, hotels booking Morbi, best hotels Morbi, affordable hotels Morbi",Transactional,High
Venue + City,Resorts in Morbi | VenueConnect,/morbi/resorts/,Best Resorts in Morbi | Compare Prices & Book - VenueConnect,"Find top resorts in Morbi for any occasion. Compare capacity, pricing & amenities. 100+ verified listings. Get free quotes on VenueConnect Gujarat.",Best Resorts in Morbi,resorts in Morbi,"resorts for rent Morbi, resorts booking Morbi, best resorts Morbi, affordable resorts Morbi",Transactional,High
Venue + City,Restaurants in Morbi | VenueConnect,/morbi/restaurants/,Best Restaurants in Morbi | Compare Prices & Book - VenueConnect,"Find top restaurants in Morbi for any occasion. Compare capacity, pricing & amenities. 100+ verified listings. Get free quotes on VenueConnect Gujarat.",Best Restaurants in Morbi,restaurants in Morbi,"restaurants for rent Morbi, restaurants booking Morbi, best restaurants Morbi, affordable restaurants Morbi",Transactional,High
Venue + City,Convention Centers in Morbi | VenueConnect,/morbi/convention-centers/,Best Convention Centers in Morbi | Compare Prices & Book - VenueConnect,"Find top convention centers in Morbi for any occasion. Compare capacity, pricing & amenities. 100+ verified listings. Get free quotes on VenueConnect Gujarat.",Best Convention Centers in Morbi,convention centers in Morbi,"convention centers for rent Morbi, convention centers booking Morbi, best convention centers Morbi, affordable convention centers Morbi",Transactional,High
Venue + City,Clubs in Morbi | VenueConnect,/morbi/clubs/,Best Clubs in Morbi | Compare Prices & Book - VenueConnect,"Find top clubs in Morbi for any occasion. Compare capacity, pricing & amenities. 100+ verified listings. Get free quotes on VenueConnect Gujarat.",Best Clubs in Morbi,clubs in Morbi,"clubs for rent Morbi, clubs booking Morbi, best clubs Morbi, affordable clubs Morbi",Transactional,High
Venue + City,Rooftop Venues in Morbi | VenueConnect,/morbi/rooftop-venues/,Best Rooftop Venues in Morbi | Compare Prices & Book - VenueConnect,"Find top rooftop venues in Morbi for any occasion. Compare capacity, pricing & amenities. 100+ verified listings. Get free quotes on VenueConnect Gujarat.",Best Rooftop Venues in Morbi,rooftop venues in Morbi,"rooftop venues for rent Morbi, rooftop venues booking Morbi, best rooftop venues Morbi, affordable rooftop venues Morbi",Transactional,High
Venue + City,Garden Venues in Morbi | VenueConnect,/morbi/garden-venues/,Best Garden Venues in Morbi | Compare Prices & Book - VenueConnect,"Find top garden venues in Morbi for any occasion. Compare capacity, pricing & amenities. 100+ verified listings. Get free quotes on VenueConnect Gujarat.",Best Garden Venues in Morbi,garden venues in Morbi,"garden venues for rent Morbi, garden venues booking Morbi, best garden venues Morbi, affordable garden venues Morbi",Transactional,High
Venue + City,Heritage Venues in Morbi | VenueConnect,/morbi/heritage-venues/,Best Heritage Venues in Morbi | Compare Prices & Book - VenueConnect,"Find top heritage venues in Morbi for any occasion. Compare capacity, pricing & amenities. 100+ verified listings. Get free quotes on VenueConnect Gujarat.",Best Heritage Venues in Morbi,heritage venues in Morbi,"heritage venues for rent Morbi, heritage venues booking Morbi, best heritage venues Morbi, affordable heritage venues Morbi",Transactional,High
Venue + City,Luxury Venues in Morbi | VenueConnect,/morbi/luxury-venues/,Best Luxury Venues in Morbi | Compare Prices & Book - VenueConnect,"Find top luxury venues in Morbi for any occasion. Compare capacity, pricing & amenities. 100+ verified listings. Get free quotes on VenueConnect Gujarat.",Best Luxury Venues in Morbi,luxury venues in Morbi,"luxury venues for rent Morbi, luxury venues booking Morbi, best luxury venues Morbi, affordable luxury venues Morbi",Transactional,High
  EVENT + CITY AREA PAGES (Hyper-local),,,,,,,,,
Page Type,Page Title,URL Slug,Meta Title,Meta Description,H1 Tag,Target Keyword,Secondary Keywords,Search Intent,Priority
Event + City Area,"Wedding Venues in GIDC, Morbi | VenueConnect",/morbi/gidc/wedding-venues/,"Best Wedding Venues in GIDC, Morbi | Book Near You - VenueConnect","Find the perfect wedding venue in GIDC, Morbi. Compare halls, farmhouses & party plots near GIDC. Get instant leads & free quotes on VenueConnect.","Best Wedding Venues in GIDC, Morbi",wedding venues in GIDC Morbi,"wedding venue GIDC, wedding hall near GIDC Morbi, wedding venue near GIDC",Transactional (Hyper-local),High
Event + City Area,"Birthday Party Venues in GIDC, Morbi | VenueConnect",/morbi/gidc/birthday-party-venues/,"Best Birthday Party Venues in GIDC, Morbi | Book Near You - VenueConnect","Find the perfect birthday party venue in GIDC, Morbi. Compare halls, farmhouses & party plots near GIDC. Get instant leads & free quotes on VenueConnect.","Best Birthday Party Venues in GIDC, Morbi",birthday party venues in GIDC Morbi,"birthday party venue GIDC, birthday party hall near GIDC Morbi, birthday party venue near GIDC",Transactional (Hyper-local),High
Event + City Area,"Engagement Venues in GIDC, Morbi | VenueConnect",/morbi/gidc/engagement-venues/,"Best Engagement Venues in GIDC, Morbi | Book Near You - VenueConnect","Find the perfect engagement venue in GIDC, Morbi. Compare halls, farmhouses & party plots near GIDC. Get instant leads & free quotes on VenueConnect.","Best Engagement Venues in GIDC, Morbi",engagement venues in GIDC Morbi,"engagement venue GIDC, engagement hall near GIDC Morbi, engagement venue near GIDC",Transactional (Hyper-local),High
Event + City Area,"Corporate Event Venues in GIDC, Morbi | VenueConnect",/morbi/gidc/corporate-event-venues/,"Best Corporate Event Venues in GIDC, Morbi | Book Near You - VenueConnect","Find the perfect corporate event venue in GIDC, Morbi. Compare halls, farmhouses & party plots near GIDC. Get instant leads & free quotes on VenueConnect.","Best Corporate Event Venues in GIDC, Morbi",corporate event venues in GIDC Morbi,"corporate event venue GIDC, corporate event hall near GIDC Morbi, corporate event venue near GIDC",Transactional (Hyper-local),High
Event + City Area,"Reception Venues in GIDC, Morbi | VenueConnect",/morbi/gidc/reception-venues/,"Best Reception Venues in GIDC, Morbi | Book Near You - VenueConnect","Find the perfect reception venue in GIDC, Morbi. Compare halls, farmhouses & party plots near GIDC. Get instant leads & free quotes on VenueConnect.","Best Reception Venues in GIDC, Morbi",reception venues in GIDC Morbi,"reception venue GIDC, reception hall near GIDC Morbi, reception venue near GIDC",Transactional (Hyper-local),High
Event + City Area,"Wedding Venues in Wankaner Road, Morbi | VenueConnect",/morbi/wankaner-road/wedding-venues/,"Best Wedding Venues in Wankaner Road, Morbi | Book Near You - VenueConnect","Find the perfect wedding venue in Wankaner Road, Morbi. Compare halls, farmhouses & party plots near Wankaner Road. Get instant leads & free quotes on VenueConnect.","Best Wedding Venues in Wankaner Road, Morbi",wedding venues in Wankaner Road Morbi,"wedding venue Wankaner Road, wedding hall near Wankaner Road Morbi, wedding venue near Wankaner Road",Transactional (Hyper-local),High
Event + City Area,"Birthday Party Venues in Wankaner Road, Morbi | VenueConnect",/morbi/wankaner-road/birthday-party-venues/,"Best Birthday Party Venues in Wankaner Road, Morbi | Book Near You - VenueConnect","Find the perfect birthday party venue in Wankaner Road, Morbi. Compare halls, farmhouses & party plots near Wankaner Road. Get instant leads & free quotes on VenueConnect.","Best Birthday Party Venues in Wankaner Road, Morbi",birthday party venues in Wankaner Road Morbi,"birthday party venue Wankaner Road, birthday party hall near Wankaner Road Morbi, birthday party venue near Wankaner Road",Transactional (Hyper-local),High
Event + City Area,"Engagement Venues in Wankaner Road, Morbi | VenueConnect",/morbi/wankaner-road/engagement-venues/,"Best Engagement Venues in Wankaner Road, Morbi | Book Near You - VenueConnect","Find the perfect engagement venue in Wankaner Road, Morbi. Compare halls, farmhouses & party plots near Wankaner Road. Get instant leads & free quotes on VenueConnect.","Best Engagement Venues in Wankaner Road, Morbi",engagement venues in Wankaner Road Morbi,"engagement venue Wankaner Road, engagement hall near Wankaner Road Morbi, engagement venue near Wankaner Road",Transactional (Hyper-local),High
Event + City Area,"Corporate Event Venues in Wankaner Road, Morbi | VenueConnect",/morbi/wankaner-road/corporate-event-venues/,"Best Corporate Event Venues in Wankaner Road, Morbi | Book Near You - VenueConnect","Find the perfect corporate event venue in Wankaner Road, Morbi. Compare halls, farmhouses & party plots near Wankaner Road. Get instant leads & free quotes on VenueConnect.","Best Corporate Event Venues in Wankaner Road, Morbi",corporate event venues in Wankaner Road Morbi,"corporate event venue Wankaner Road, corporate event hall near Wankaner Road Morbi, corporate event venue near Wankaner Road",Transactional (Hyper-local),High
Event + City Area,"Reception Venues in Wankaner Road, Morbi | VenueConnect",/morbi/wankaner-road/reception-venues/,"Best Reception Venues in Wankaner Road, Morbi | Book Near You - VenueConnect","Find the perfect reception venue in Wankaner Road, Morbi. Compare halls, farmhouses & party plots near Wankaner Road. Get instant leads & free quotes on VenueConnect.","Best Reception Venues in Wankaner Road, Morbi",reception venues in Wankaner Road Morbi,"reception venue Wankaner Road, reception hall near Wankaner Road Morbi, reception venue near Wankaner Road",Transactional (Hyper-local),High
Event + City Area,"Wedding Venues in Halvad Road, Morbi | VenueConnect",/morbi/halvad-road/wedding-venues/,"Best Wedding Venues in Halvad Road, Morbi | Book Near You - VenueConnect","Find the perfect wedding venue in Halvad Road, Morbi. Compare halls, farmhouses & party plots near Halvad Road. Get instant leads & free quotes on VenueConnect.","Best Wedding Venues in Halvad Road, Morbi",wedding venues in Halvad Road Morbi,"wedding venue Halvad Road, wedding hall near Halvad Road Morbi, wedding venue near Halvad Road",Transactional (Hyper-local),High
Event + City Area,"Birthday Party Venues in Halvad Road, Morbi | VenueConnect",/morbi/halvad-road/birthday-party-venues/,"Best Birthday Party Venues in Halvad Road, Morbi | Book Near You - VenueConnect","Find the perfect birthday party venue in Halvad Road, Morbi. Compare halls, farmhouses & party plots near Halvad Road. Get instant leads & free quotes on VenueConnect.","Best Birthday Party Venues in Halvad Road, Morbi",birthday party venues in Halvad Road Morbi,"birthday party venue Halvad Road, birthday party hall near Halvad Road Morbi, birthday party venue near Halvad Road",Transactional (Hyper-local),High
Event + City Area,"Engagement Venues in Halvad Road, Morbi | VenueConnect",/morbi/halvad-road/engagement-venues/,"Best Engagement Venues in Halvad Road, Morbi | Book Near You - VenueConnect","Find the perfect engagement venue in Halvad Road, Morbi. Compare halls, farmhouses & party plots near Halvad Road. Get instant leads & free quotes on VenueConnect.","Best Engagement Venues in Halvad Road, Morbi",engagement venues in Halvad Road Morbi,"engagement venue Halvad Road, engagement hall near Halvad Road Morbi, engagement venue near Halvad Road",Transactional (Hyper-local),High
Event + City Area,"Corporate Event Venues in Halvad Road, Morbi | VenueConnect",/morbi/halvad-road/corporate-event-venues/,"Best Corporate Event Venues in Halvad Road, Morbi | Book Near You - VenueConnect","Find the perfect corporate event venue in Halvad Road, Morbi. Compare halls, farmhouses & party plots near Halvad Road. Get instant leads & free quotes on VenueConnect.","Best Corporate Event Venues in Halvad Road, Morbi",corporate event venues in Halvad Road Morbi,"corporate event venue Halvad Road, corporate event hall near Halvad Road Morbi, corporate event venue near Halvad Road",Transactional (Hyper-local),High
Event + City Area,"Reception Venues in Halvad Road, Morbi | VenueConnect",/morbi/halvad-road/reception-venues/,"Best Reception Venues in Halvad Road, Morbi | Book Near You - VenueConnect","Find the perfect reception venue in Halvad Road, Morbi. Compare halls, farmhouses & party plots near Halvad Road. Get instant leads & free quotes on VenueConnect.","Best Reception Venues in Halvad Road, Morbi",reception venues in Halvad Road Morbi,"reception venue Halvad Road, reception hall near Halvad Road Morbi, reception venue near Halvad Road",Transactional (Hyper-local),High
Event + City Area,"Wedding Venues in Station Road, Morbi | VenueConnect",/morbi/station-road/wedding-venues/,"Best Wedding Venues in Station Road, Morbi | Book Near You - VenueConnect","Find the perfect wedding venue in Station Road, Morbi. Compare halls, farmhouses & party plots near Station Road. Get instant leads & free quotes on VenueConnect.","Best Wedding Venues in Station Road, Morbi",wedding venues in Station Road Morbi,"wedding venue Station Road, wedding hall near Station Road Morbi, wedding venue near Station Road",Transactional (Hyper-local),High
Event + City Area,"Birthday Party Venues in Station Road, Morbi | VenueConnect",/morbi/station-road/birthday-party-venues/,"Best Birthday Party Venues in Station Road, Morbi | Book Near You - VenueConnect","Find the perfect birthday party venue in Station Road, Morbi. Compare halls, farmhouses & party plots near Station Road. Get instant leads & free quotes on VenueConnect.","Best Birthday Party Venues in Station Road, Morbi",birthday party venues in Station Road Morbi,"birthday party venue Station Road, birthday party hall near Station Road Morbi, birthday party venue near Station Road",Transactional (Hyper-local),High
Event + City Area,"Engagement Venues in Station Road, Morbi | VenueConnect",/morbi/station-road/engagement-venues/,"Best Engagement Venues in Station Road, Morbi | Book Near You - VenueConnect","Find the perfect engagement venue in Station Road, Morbi. Compare halls, farmhouses & party plots near Station Road. Get instant leads & free quotes on VenueConnect.","Best Engagement Venues in Station Road, Morbi",engagement venues in Station Road Morbi,"engagement venue Station Road, engagement hall near Station Road Morbi, engagement venue near Station Road",Transactional (Hyper-local),High
Event + City Area,"Corporate Event Venues in Station Road, Morbi | VenueConnect",/morbi/station-road/corporate-event-venues/,"Best Corporate Event Venues in Station Road, Morbi | Book Near You - VenueConnect","Find the perfect corporate event venue in Station Road, Morbi. Compare halls, farmhouses & party plots near Station Road. Get instant leads & free quotes on VenueConnect.","Best Corporate Event Venues in Station Road, Morbi",corporate event venues in Station Road Morbi,"corporate event venue Station Road, corporate event hall near Station Road Morbi, corporate event venue near Station Road",Transactional (Hyper-local),High
Event + City Area,"Reception Venues in Station Road, Morbi | VenueConnect",/morbi/station-road/reception-venues/,"Best Reception Venues in Station Road, Morbi | Book Near You - VenueConnect","Find the perfect reception venue in Station Road, Morbi. Compare halls, farmhouses & party plots near Station Road. Get instant leads & free quotes on VenueConnect.","Best Reception Venues in Station Road, Morbi",reception venues in Station Road Morbi,"reception venue Station Road, reception hall near Station Road Morbi, reception venue near Station Road",Transactional (Hyper-local),High
Event + City Area,"Wedding Venues in Ravapar Road, Morbi | VenueConnect",/morbi/ravapar-road/wedding-venues/,"Best Wedding Venues in Ravapar Road, Morbi | Book Near You - VenueConnect","Find the perfect wedding venue in Ravapar Road, Morbi. Compare halls, farmhouses & party plots near Ravapar Road. Get instant leads & free quotes on VenueConnect.","Best Wedding Venues in Ravapar Road, Morbi",wedding venues in Ravapar Road Morbi,"wedding venue Ravapar Road, wedding hall near Ravapar Road Morbi, wedding venue near Ravapar Road",Transactional (Hyper-local),High
Event + City Area,"Birthday Party Venues in Ravapar Road, Morbi | VenueConnect",/morbi/ravapar-road/birthday-party-venues/,"Best Birthday Party Venues in Ravapar Road, Morbi | Book Near You - VenueConnect","Find the perfect birthday party venue in Ravapar Road, Morbi. Compare halls, farmhouses & party plots near Ravapar Road. Get instant leads & free quotes on VenueConnect.","Best Birthday Party Venues in Ravapar Road, Morbi",birthday party venues in Ravapar Road Morbi,"birthday party venue Ravapar Road, birthday party hall near Ravapar Road Morbi, birthday party venue near Ravapar Road",Transactional (Hyper-local),High
Event + City Area,"Engagement Venues in Ravapar Road, Morbi | VenueConnect",/morbi/ravapar-road/engagement-venues/,"Best Engagement Venues in Ravapar Road, Morbi | Book Near You - VenueConnect","Find the perfect engagement venue in Ravapar Road, Morbi. Compare halls, farmhouses & party plots near Ravapar Road. Get instant leads & free quotes on VenueConnect.","Best Engagement Venues in Ravapar Road, Morbi",engagement venues in Ravapar Road Morbi,"engagement venue Ravapar Road, engagement hall near Ravapar Road Morbi, engagement venue near Ravapar Road",Transactional (Hyper-local),High
Event + City Area,"Corporate Event Venues in Ravapar Road, Morbi | VenueConnect",/morbi/ravapar-road/corporate-event-venues/,"Best Corporate Event Venues in Ravapar Road, Morbi | Book Near You - VenueConnect","Find the perfect corporate event venue in Ravapar Road, Morbi. Compare halls, farmhouses & party plots near Ravapar Road. Get instant leads & free quotes on VenueConnect.","Best Corporate Event Venues in Ravapar Road, Morbi",corporate event venues in Ravapar Road Morbi,"corporate event venue Ravapar Road, corporate event hall near Ravapar Road Morbi, corporate event venue near Ravapar Road",Transactional (Hyper-local),High
Event + City Area,"Reception Venues in Ravapar Road, Morbi | VenueConnect",/morbi/ravapar-road/reception-venues/,"Best Reception Venues in Ravapar Road, Morbi | Book Near You - VenueConnect","Find the perfect reception venue in Ravapar Road, Morbi. Compare halls, farmhouses & party plots near Ravapar Road. Get instant leads & free quotes on VenueConnect.","Best Reception Venues in Ravapar Road, Morbi",reception venues in Ravapar Road Morbi,"reception venue Ravapar Road, reception hall near Ravapar Road Morbi, reception venue near Ravapar Road",Transactional (Hyper-local),High
Event + City Area,"Wedding Venues in Maliya Road, Morbi | VenueConnect",/morbi/maliya-road/wedding-venues/,"Best Wedding Venues in Maliya Road, Morbi | Book Near You - VenueConnect","Find the perfect wedding venue in Maliya Road, Morbi. Compare halls, farmhouses & party plots near Maliya Road. Get instant leads & free quotes on VenueConnect.","Best Wedding Venues in Maliya Road, Morbi",wedding venues in Maliya Road Morbi,"wedding venue Maliya Road, wedding hall near Maliya Road Morbi, wedding venue near Maliya Road",Transactional (Hyper-local),High
Event + City Area,"Birthday Party Venues in Maliya Road, Morbi | VenueConnect",/morbi/maliya-road/birthday-party-venues/,"Best Birthday Party Venues in Maliya Road, Morbi | Book Near You - VenueConnect","Find the perfect birthday party venue in Maliya Road, Morbi. Compare halls, farmhouses & party plots near Maliya Road. Get instant leads & free quotes on VenueConnect.","Best Birthday Party Venues in Maliya Road, Morbi",birthday party venues in Maliya Road Morbi,"birthday party venue Maliya Road, birthday party hall near Maliya Road Morbi, birthday party venue near Maliya Road",Transactional (Hyper-local),High
Event + City Area,"Engagement Venues in Maliya Road, Morbi | VenueConnect",/morbi/maliya-road/engagement-venues/,"Best Engagement Venues in Maliya Road, Morbi | Book Near You - VenueConnect","Find the perfect engagement venue in Maliya Road, Morbi. Compare halls, farmhouses & party plots near Maliya Road. Get instant leads & free quotes on VenueConnect.","Best Engagement Venues in Maliya Road, Morbi",engagement venues in Maliya Road Morbi,"engagement venue Maliya Road, engagement hall near Maliya Road Morbi, engagement venue near Maliya Road",Transactional (Hyper-local),High
Event + City Area,"Corporate Event Venues in Maliya Road, Morbi | VenueConnect",/morbi/maliya-road/corporate-event-venues/,"Best Corporate Event Venues in Maliya Road, Morbi | Book Near You - VenueConnect","Find the perfect corporate event venue in Maliya Road, Morbi. Compare halls, farmhouses & party plots near Maliya Road. Get instant leads & free quotes on VenueConnect.","Best Corporate Event Venues in Maliya Road, Morbi",corporate event venues in Maliya Road Morbi,"corporate event venue Maliya Road, corporate event hall near Maliya Road Morbi, corporate event venue near Maliya Road",Transactional (Hyper-local),High
Event + City Area,"Reception Venues in Maliya Road, Morbi | VenueConnect",/morbi/maliya-road/reception-venues/,"Best Reception Venues in Maliya Road, Morbi | Book Near You - VenueConnect","Find the perfect reception venue in Maliya Road, Morbi. Compare halls, farmhouses & party plots near Maliya Road. Get instant leads & free quotes on VenueConnect.","Best Reception Venues in Maliya Road, Morbi",reception venues in Maliya Road Morbi,"reception venue Maliya Road, reception hall near Maliya Road Morbi, reception venue near Maliya Road",Transactional (Hyper-local),High
Event + City Area,"Wedding Venues in Rajkot Road, Morbi | VenueConnect",/morbi/rajkot-road/wedding-venues/,"Best Wedding Venues in Rajkot Road, Morbi | Book Near You - VenueConnect","Find the perfect wedding venue in Rajkot Road, Morbi. Compare halls, farmhouses & party plots near Rajkot Road. Get instant leads & free quotes on VenueConnect.","Best Wedding Venues in Rajkot Road, Morbi",wedding venues in Rajkot Road Morbi,"wedding venue Rajkot Road, wedding hall near Rajkot Road Morbi, wedding venue near Rajkot Road",Transactional (Hyper-local),High
Event + City Area,"Birthday Party Venues in Rajkot Road, Morbi | VenueConnect",/morbi/rajkot-road/birthday-party-venues/,"Best Birthday Party Venues in Rajkot Road, Morbi | Book Near You - VenueConnect","Find the perfect birthday party venue in Rajkot Road, Morbi. Compare halls, farmhouses & party plots near Rajkot Road. Get instant leads & free quotes on VenueConnect.","Best Birthday Party Venues in Rajkot Road, Morbi",birthday party venues in Rajkot Road Morbi,"birthday party venue Rajkot Road, birthday party hall near Rajkot Road Morbi, birthday party venue near Rajkot Road",Transactional (Hyper-local),High
Event + City Area,"Engagement Venues in Rajkot Road, Morbi | VenueConnect",/morbi/rajkot-road/engagement-venues/,"Best Engagement Venues in Rajkot Road, Morbi | Book Near You - VenueConnect","Find the perfect engagement venue in Rajkot Road, Morbi. Compare halls, farmhouses & party plots near Rajkot Road. Get instant leads & free quotes on VenueConnect.","Best Engagement Venues in Rajkot Road, Morbi",engagement venues in Rajkot Road Morbi,"engagement venue Rajkot Road, engagement hall near Rajkot Road Morbi, engagement venue near Rajkot Road",Transactional (Hyper-local),High
Event + City Area,"Corporate Event Venues in Rajkot Road, Morbi | VenueConnect",/morbi/rajkot-road/corporate-event-venues/,"Best Corporate Event Venues in Rajkot Road, Morbi | Book Near You - VenueConnect","Find the perfect corporate event venue in Rajkot Road, Morbi. Compare halls, farmhouses & party plots near Rajkot Road. Get instant leads & free quotes on VenueConnect.","Best Corporate Event Venues in Rajkot Road, Morbi",corporate event venues in Rajkot Road Morbi,"corporate event venue Rajkot Road, corporate event hall near Rajkot Road Morbi, corporate event venue near Rajkot Road",Transactional (Hyper-local),High
Event + City Area,"Reception Venues in Rajkot Road, Morbi | VenueConnect",/morbi/rajkot-road/reception-venues/,"Best Reception Venues in Rajkot Road, Morbi | Book Near You - VenueConnect","Find the perfect reception venue in Rajkot Road, Morbi. Compare halls, farmhouses & party plots near Rajkot Road. Get instant leads & free quotes on VenueConnect.","Best Reception Venues in Rajkot Road, Morbi",reception venues in Rajkot Road Morbi,"reception venue Rajkot Road, reception hall near Rajkot Road Morbi, reception venue near Rajkot Road",Transactional (Hyper-local),High
Event + City Area,"Wedding Venues in Clock Tower, Morbi | VenueConnect",/morbi/clock-tower/wedding-venues/,"Best Wedding Venues in Clock Tower, Morbi | Book Near You - VenueConnect","Find the perfect wedding venue in Clock Tower, Morbi. Compare halls, farmhouses & party plots near Clock Tower. Get instant leads & free quotes on VenueConnect.","Best Wedding Venues in Clock Tower, Morbi",wedding venues in Clock Tower Morbi,"wedding venue Clock Tower, wedding hall near Clock Tower Morbi, wedding venue near Clock Tower",Transactional (Hyper-local),High
Event + City Area,"Birthday Party Venues in Clock Tower, Morbi | VenueConnect",/morbi/clock-tower/birthday-party-venues/,"Best Birthday Party Venues in Clock Tower, Morbi | Book Near You - VenueConnect","Find the perfect birthday party venue in Clock Tower, Morbi. Compare halls, farmhouses & party plots near Clock Tower. Get instant leads & free quotes on VenueConnect.","Best Birthday Party Venues in Clock Tower, Morbi",birthday party venues in Clock Tower Morbi,"birthday party venue Clock Tower, birthday party hall near Clock Tower Morbi, birthday party venue near Clock Tower",Transactional (Hyper-local),High
Event + City Area,"Engagement Venues in Clock Tower, Morbi | VenueConnect",/morbi/clock-tower/engagement-venues/,"Best Engagement Venues in Clock Tower, Morbi | Book Near You - VenueConnect","Find the perfect engagement venue in Clock Tower, Morbi. Compare halls, farmhouses & party plots near Clock Tower. Get instant leads & free quotes on VenueConnect.","Best Engagement Venues in Clock Tower, Morbi",engagement venues in Clock Tower Morbi,"engagement venue Clock Tower, engagement hall near Clock Tower Morbi, engagement venue near Clock Tower",Transactional (Hyper-local),High
Event + City Area,"Corporate Event Venues in Clock Tower, Morbi | VenueConnect",/morbi/clock-tower/corporate-event-venues/,"Best Corporate Event Venues in Clock Tower, Morbi | Book Near You - VenueConnect","Find the perfect corporate event venue in Clock Tower, Morbi. Compare halls, farmhouses & party plots near Clock Tower. Get instant leads & free quotes on VenueConnect.","Best Corporate Event Venues in Clock Tower, Morbi",corporate event venues in Clock Tower Morbi,"corporate event venue Clock Tower, corporate event hall near Clock Tower Morbi, corporate event venue near Clock Tower",Transactional (Hyper-local),High
Event + City Area,"Reception Venues in Clock Tower, Morbi | VenueConnect",/morbi/clock-tower/reception-venues/,"Best Reception Venues in Clock Tower, Morbi | Book Near You - VenueConnect","Find the perfect reception venue in Clock Tower, Morbi. Compare halls, farmhouses & party plots near Clock Tower. Get instant leads & free quotes on VenueConnect.","Best Reception Venues in Clock Tower, Morbi",reception venues in Clock Tower Morbi,"reception venue Clock Tower, reception hall near Clock Tower Morbi, reception venue near Clock Tower",Transactional (Hyper-local),High
Event + City Area,"Wedding Venues in Court Road, Morbi | VenueConnect",/morbi/court-road/wedding-venues/,"Best Wedding Venues in Court Road, Morbi | Book Near You - VenueConnect","Find the perfect wedding venue in Court Road, Morbi. Compare halls, farmhouses & party plots near Court Road. Get instant leads & free quotes on VenueConnect.","Best Wedding Venues in Court Road, Morbi",wedding venues in Court Road Morbi,"wedding venue Court Road, wedding hall near Court Road Morbi, wedding venue near Court Road",Transactional (Hyper-local),High
Event + City Area,"Birthday Party Venues in Court Road, Morbi | VenueConnect",/morbi/court-road/birthday-party-venues/,"Best Birthday Party Venues in Court Road, Morbi | Book Near You - VenueConnect","Find the perfect birthday party venue in Court Road, Morbi. Compare halls, farmhouses & party plots near Court Road. Get instant leads & free quotes on VenueConnect.","Best Birthday Party Venues in Court Road, Morbi",birthday party venues in Court Road Morbi,"birthday party venue Court Road, birthday party hall near Court Road Morbi, birthday party venue near Court Road",Transactional (Hyper-local),High
Event + City Area,"Engagement Venues in Court Road, Morbi | VenueConnect",/morbi/court-road/engagement-venues/,"Best Engagement Venues in Court Road, Morbi | Book Near You - VenueConnect","Find the perfect engagement venue in Court Road, Morbi. Compare halls, farmhouses & party plots near Court Road. Get instant leads & free quotes on VenueConnect.","Best Engagement Venues in Court Road, Morbi",engagement venues in Court Road Morbi,"engagement venue Court Road, engagement hall near Court Road Morbi, engagement venue near Court Road",Transactional (Hyper-local),High
Event + City Area,"Corporate Event Venues in Court Road, Morbi | VenueConnect",/morbi/court-road/corporate-event-venues/,"Best Corporate Event Venues in Court Road, Morbi | Book Near You - VenueConnect","Find the perfect corporate event venue in Court Road, Morbi. Compare halls, farmhouses & party plots near Court Road. Get instant leads & free quotes on VenueConnect.","Best Corporate Event Venues in Court Road, Morbi",corporate event venues in Court Road Morbi,"corporate event venue Court Road, corporate event hall near Court Road Morbi, corporate event venue near Court Road",Transactional (Hyper-local),High
Event + City Area,"Reception Venues in Court Road, Morbi | VenueConnect",/morbi/court-road/reception-venues/,"Best Reception Venues in Court Road, Morbi | Book Near You - VenueConnect","Find the perfect reception venue in Court Road, Morbi. Compare halls, farmhouses & party plots near Court Road. Get instant leads & free quotes on VenueConnect.","Best Reception Venues in Court Road, Morbi",reception venues in Court Road Morbi,"reception venue Court Road, reception hall near Court Road Morbi, reception venue near Court Road",Transactional (Hyper-local),High
Event + City Area,"Wedding Venues in Darbargadh, Morbi | VenueConnect",/morbi/darbargadh/wedding-venues/,"Best Wedding Venues in Darbargadh, Morbi | Book Near You - VenueConnect","Find the perfect wedding venue in Darbargadh, Morbi. Compare halls, farmhouses & party plots near Darbargadh. Get instant leads & free quotes on VenueConnect.","Best Wedding Venues in Darbargadh, Morbi",wedding venues in Darbargadh Morbi,"wedding venue Darbargadh, wedding hall near Darbargadh Morbi, wedding venue near Darbargadh",Transactional (Hyper-local),High
Event + City Area,"Birthday Party Venues in Darbargadh, Morbi | VenueConnect",/morbi/darbargadh/birthday-party-venues/,"Best Birthday Party Venues in Darbargadh, Morbi | Book Near You - VenueConnect","Find the perfect birthday party venue in Darbargadh, Morbi. Compare halls, farmhouses & party plots near Darbargadh. Get instant leads & free quotes on VenueConnect.","Best Birthday Party Venues in Darbargadh, Morbi",birthday party venues in Darbargadh Morbi,"birthday party venue Darbargadh, birthday party hall near Darbargadh Morbi, birthday party venue near Darbargadh",Transactional (Hyper-local),High
Event + City Area,"Engagement Venues in Darbargadh, Morbi | VenueConnect",/morbi/darbargadh/engagement-venues/,"Best Engagement Venues in Darbargadh, Morbi | Book Near You - VenueConnect","Find the perfect engagement venue in Darbargadh, Morbi. Compare halls, farmhouses & party plots near Darbargadh. Get instant leads & free quotes on VenueConnect.","Best Engagement Venues in Darbargadh, Morbi",engagement venues in Darbargadh Morbi,"engagement venue Darbargadh, engagement hall near Darbargadh Morbi, engagement venue near Darbargadh",Transactional (Hyper-local),High
Event + City Area,"Corporate Event Venues in Darbargadh, Morbi | VenueConnect",/morbi/darbargadh/corporate-event-venues/,"Best Corporate Event Venues in Darbargadh, Morbi | Book Near You - VenueConnect","Find the perfect corporate event venue in Darbargadh, Morbi. Compare halls, farmhouses & party plots near Darbargadh. Get instant leads & free quotes on VenueConnect.","Best Corporate Event Venues in Darbargadh, Morbi",corporate event venues in Darbargadh Morbi,"corporate event venue Darbargadh, corporate event hall near Darbargadh Morbi, corporate event venue near Darbargadh",Transactional (Hyper-local),High
Event + City Area,"Reception Venues in Darbargadh, Morbi | VenueConnect",/morbi/darbargadh/reception-venues/,"Best Reception Venues in Darbargadh, Morbi | Book Near You - VenueConnect","Find the perfect reception venue in Darbargadh, Morbi. Compare halls, farmhouses & party plots near Darbargadh. Get instant leads & free quotes on VenueConnect.","Best Reception Venues in Darbargadh, Morbi",reception venues in Darbargadh Morbi,"reception venue Darbargadh, reception hall near Darbargadh Morbi, reception venue near Darbargadh",Transactional (Hyper-local),High
Event + City Area,"Wedding Venues in Gundala Road, Morbi | VenueConnect",/morbi/gundala-road/wedding-venues/,"Best Wedding Venues in Gundala Road, Morbi | Book Near You - VenueConnect","Find the perfect wedding venue in Gundala Road, Morbi. Compare halls, farmhouses & party plots near Gundala Road. Get instant leads & free quotes on VenueConnect.","Best Wedding Venues in Gundala Road, Morbi",wedding venues in Gundala Road Morbi,"wedding venue Gundala Road, wedding hall near Gundala Road Morbi, wedding venue near Gundala Road",Transactional (Hyper-local),High
Event + City Area,"Birthday Party Venues in Gundala Road, Morbi | VenueConnect",/morbi/gundala-road/birthday-party-venues/,"Best Birthday Party Venues in Gundala Road, Morbi | Book Near You - VenueConnect","Find the perfect birthday party venue in Gundala Road, Morbi. Compare halls, farmhouses & party plots near Gundala Road. Get instant leads & free quotes on VenueConnect.","Best Birthday Party Venues in Gundala Road, Morbi",birthday party venues in Gundala Road Morbi,"birthday party venue Gundala Road, birthday party hall near Gundala Road Morbi, birthday party venue near Gundala Road",Transactional (Hyper-local),High
Event + City Area,"Engagement Venues in Gundala Road, Morbi | VenueConnect",/morbi/gundala-road/engagement-venues/,"Best Engagement Venues in Gundala Road, Morbi | Book Near You - VenueConnect","Find the perfect engagement venue in Gundala Road, Morbi. Compare halls, farmhouses & party plots near Gundala Road. Get instant leads & free quotes on VenueConnect.","Best Engagement Venues in Gundala Road, Morbi",engagement venues in Gundala Road Morbi,"engagement venue Gundala Road, engagement hall near Gundala Road Morbi, engagement venue near Gundala Road",Transactional (Hyper-local),High
Event + City Area,"Corporate Event Venues in Gundala Road, Morbi | VenueConnect",/morbi/gundala-road/corporate-event-venues/,"Best Corporate Event Venues in Gundala Road, Morbi | Book Near You - VenueConnect","Find the perfect corporate event venue in Gundala Road, Morbi. Compare halls, farmhouses & party plots near Gundala Road. Get instant leads & free quotes on VenueConnect.","Best Corporate Event Venues in Gundala Road, Morbi",corporate event venues in Gundala Road Morbi,"corporate event venue Gundala Road, corporate event hall near Gundala Road Morbi, corporate event venue near Gundala Road",Transactional (Hyper-local),High
Event + City Area,"Reception Venues in Gundala Road, Morbi | VenueConnect",/morbi/gundala-road/reception-venues/,"Best Reception Venues in Gundala Road, Morbi | Book Near You - VenueConnect","Find the perfect reception venue in Gundala Road, Morbi. Compare halls, farmhouses & party plots near Gundala Road. Get instant leads & free quotes on VenueConnect.","Best Reception Venues in Gundala Road, Morbi",reception venues in Gundala Road Morbi,"reception venue Gundala Road, reception hall near Gundala Road Morbi, reception venue near Gundala Road",Transactional (Hyper-local),High
Event + City Area,"Wedding Venues in Halar Road, Morbi | VenueConnect",/morbi/halar-road/wedding-venues/,"Best Wedding Venues in Halar Road, Morbi | Book Near You - VenueConnect","Find the perfect wedding venue in Halar Road, Morbi. Compare halls, farmhouses & party plots near Halar Road. Get instant leads & free quotes on VenueConnect.","Best Wedding Venues in Halar Road, Morbi",wedding venues in Halar Road Morbi,"wedding venue Halar Road, wedding hall near Halar Road Morbi, wedding venue near Halar Road",Transactional (Hyper-local),High
Event + City Area,"Birthday Party Venues in Halar Road, Morbi | VenueConnect",/morbi/halar-road/birthday-party-venues/,"Best Birthday Party Venues in Halar Road, Morbi | Book Near You - VenueConnect","Find the perfect birthday party venue in Halar Road, Morbi. Compare halls, farmhouses & party plots near Halar Road. Get instant leads & free quotes on VenueConnect.","Best Birthday Party Venues in Halar Road, Morbi",birthday party venues in Halar Road Morbi,"birthday party venue Halar Road, birthday party hall near Halar Road Morbi, birthday party venue near Halar Road",Transactional (Hyper-local),High
Event + City Area,"Engagement Venues in Halar Road, Morbi | VenueConnect",/morbi/halar-road/engagement-venues/,"Best Engagement Venues in Halar Road, Morbi | Book Near You - VenueConnect","Find the perfect engagement venue in Halar Road, Morbi. Compare halls, farmhouses & party plots near Halar Road. Get instant leads & free quotes on VenueConnect.","Best Engagement Venues in Halar Road, Morbi",engagement venues in Halar Road Morbi,"engagement venue Halar Road, engagement hall near Halar Road Morbi, engagement venue near Halar Road",Transactional (Hyper-local),High
Event + City Area,"Corporate Event Venues in Halar Road, Morbi | VenueConnect",/morbi/halar-road/corporate-event-venues/,"Best Corporate Event Venues in Halar Road, Morbi | Book Near You - VenueConnect","Find the perfect corporate event venue in Halar Road, Morbi. Compare halls, farmhouses & party plots near Halar Road. Get instant leads & free quotes on VenueConnect.","Best Corporate Event Venues in Halar Road, Morbi",corporate event venues in Halar Road Morbi,"corporate event venue Halar Road, corporate event hall near Halar Road Morbi, corporate event venue near Halar Road",Transactional (Hyper-local),High
Event + City Area,"Reception Venues in Halar Road, Morbi | VenueConnect",/morbi/halar-road/reception-venues/,"Best Reception Venues in Halar Road, Morbi | Book Near You - VenueConnect","Find the perfect reception venue in Halar Road, Morbi. Compare halls, farmhouses & party plots near Halar Road. Get instant leads & free quotes on VenueConnect.","Best Reception Venues in Halar Road, Morbi",reception venues in Halar Road Morbi,"reception venue Halar Road, reception hall near Halar Road Morbi, reception venue near Halar Road",Transactional (Hyper-local),High
Event + City Area,"Wedding Venues in Juna Bus Stand, Morbi | VenueConnect",/morbi/juna-bus-stand/wedding-venues/,"Best Wedding Venues in Juna Bus Stand, Morbi | Book Near You - VenueConnect","Find the perfect wedding venue in Juna Bus Stand, Morbi. Compare halls, farmhouses & party plots near Juna Bus Stand. Get instant leads & free quotes on VenueConnect.","Best Wedding Venues in Juna Bus Stand, Morbi",wedding venues in Juna Bus Stand Morbi,"wedding venue Juna Bus Stand, wedding hall near Juna Bus Stand Morbi, wedding venue near Juna Bus Stand",Transactional (Hyper-local),High
Event + City Area,"Birthday Party Venues in Juna Bus Stand, Morbi | VenueConnect",/morbi/juna-bus-stand/birthday-party-venues/,"Best Birthday Party Venues in Juna Bus Stand, Morbi | Book Near You - VenueConnect","Find the perfect birthday party venue in Juna Bus Stand, Morbi. Compare halls, farmhouses & party plots near Juna Bus Stand. Get instant leads & free quotes on VenueConnect.","Best Birthday Party Venues in Juna Bus Stand, Morbi",birthday party venues in Juna Bus Stand Morbi,"birthday party venue Juna Bus Stand, birthday party hall near Juna Bus Stand Morbi, birthday party venue near Juna Bus Stand",Transactional (Hyper-local),High
Event + City Area,"Engagement Venues in Juna Bus Stand, Morbi | VenueConnect",/morbi/juna-bus-stand/engagement-venues/,"Best Engagement Venues in Juna Bus Stand, Morbi | Book Near You - VenueConnect","Find the perfect engagement venue in Juna Bus Stand, Morbi. Compare halls, farmhouses & party plots near Juna Bus Stand. Get instant leads & free quotes on VenueConnect.","Best Engagement Venues in Juna Bus Stand, Morbi",engagement venues in Juna Bus Stand Morbi,"engagement venue Juna Bus Stand, engagement hall near Juna Bus Stand Morbi, engagement venue near Juna Bus Stand",Transactional (Hyper-local),High
Event + City Area,"Corporate Event Venues in Juna Bus Stand, Morbi | VenueConnect",/morbi/juna-bus-stand/corporate-event-venues/,"Best Corporate Event Venues in Juna Bus Stand, Morbi | Book Near You - VenueConnect","Find the perfect corporate event venue in Juna Bus Stand, Morbi. Compare halls, farmhouses & party plots near Juna Bus Stand. Get instant leads & free quotes on VenueConnect.","Best Corporate Event Venues in Juna Bus Stand, Morbi",corporate event venues in Juna Bus Stand Morbi,"corporate event venue Juna Bus Stand, corporate event hall near Juna Bus Stand Morbi, corporate event venue near Juna Bus Stand",Transactional (Hyper-local),High
Event + City Area,"Reception Venues in Juna Bus Stand, Morbi | VenueConnect",/morbi/juna-bus-stand/reception-venues/,"Best Reception Venues in Juna Bus Stand, Morbi | Book Near You - VenueConnect","Find the perfect reception venue in Juna Bus Stand, Morbi. Compare halls, farmhouses & party plots near Juna Bus Stand. Get instant leads & free quotes on VenueConnect.","Best Reception Venues in Juna Bus Stand, Morbi",reception venues in Juna Bus Stand Morbi,"reception venue Juna Bus Stand, reception hall near Juna Bus Stand Morbi, reception venue near Juna Bus Stand",Transactional (Hyper-local),High
Event + City Area,"Wedding Venues in Kandorna Road, Morbi | VenueConnect",/morbi/kandorna-road/wedding-venues/,"Best Wedding Venues in Kandorna Road, Morbi | Book Near You - VenueConnect","Find the perfect wedding venue in Kandorna Road, Morbi. Compare halls, farmhouses & party plots near Kandorna Road. Get instant leads & free quotes on VenueConnect.","Best Wedding Venues in Kandorna Road, Morbi",wedding venues in Kandorna Road Morbi,"wedding venue Kandorna Road, wedding hall near Kandorna Road Morbi, wedding venue near Kandorna Road",Transactional (Hyper-local),High
Event + City Area,"Birthday Party Venues in Kandorna Road, Morbi | VenueConnect",/morbi/kandorna-road/birthday-party-venues/,"Best Birthday Party Venues in Kandorna Road, Morbi | Book Near You - VenueConnect","Find the perfect birthday party venue in Kandorna Road, Morbi. Compare halls, farmhouses & party plots near Kandorna Road. Get instant leads & free quotes on VenueConnect.","Best Birthday Party Venues in Kandorna Road, Morbi",birthday party venues in Kandorna Road Morbi,"birthday party venue Kandorna Road, birthday party hall near Kandorna Road Morbi, birthday party venue near Kandorna Road",Transactional (Hyper-local),High
Event + City Area,"Engagement Venues in Kandorna Road, Morbi | VenueConnect",/morbi/kandorna-road/engagement-venues/,"Best Engagement Venues in Kandorna Road, Morbi | Book Near You - VenueConnect","Find the perfect engagement venue in Kandorna Road, Morbi. Compare halls, farmhouses & party plots near Kandorna Road. Get instant leads & free quotes on VenueConnect.","Best Engagement Venues in Kandorna Road, Morbi",engagement venues in Kandorna Road Morbi,"engagement venue Kandorna Road, engagement hall near Kandorna Road Morbi, engagement venue near Kandorna Road",Transactional (Hyper-local),High
Event + City Area,"Corporate Event Venues in Kandorna Road, Morbi | VenueConnect",/morbi/kandorna-road/corporate-event-venues/,"Best Corporate Event Venues in Kandorna Road, Morbi | Book Near You - VenueConnect","Find the perfect corporate event venue in Kandorna Road, Morbi. Compare halls, farmhouses & party plots near Kandorna Road. Get instant leads & free quotes on VenueConnect.","Best Corporate Event Venues in Kandorna Road, Morbi",corporate event venues in Kandorna Road Morbi,"corporate event venue Kandorna Road, corporate event hall near Kandorna Road Morbi, corporate event venue near Kandorna Road",Transactional (Hyper-local),High
Event + City Area,"Reception Venues in Kandorna Road, Morbi | VenueConnect",/morbi/kandorna-road/reception-venues/,"Best Reception Venues in Kandorna Road, Morbi | Book Near You - VenueConnect","Find the perfect reception venue in Kandorna Road, Morbi. Compare halls, farmhouses & party plots near Kandorna Road. Get instant leads & free quotes on VenueConnect.","Best Reception Venues in Kandorna Road, Morbi",reception venues in Kandorna Road Morbi,"reception venue Kandorna Road, reception hall near Kandorna Road Morbi, reception venue near Kandorna Road",Transactional (Hyper-local),High
Event + City Area,"Wedding Venues in Khunti Road, Morbi | VenueConnect",/morbi/khunti-road/wedding-venues/,"Best Wedding Venues in Khunti Road, Morbi | Book Near You - VenueConnect","Find the perfect wedding venue in Khunti Road, Morbi. Compare halls, farmhouses & party plots near Khunti Road. Get instant leads & free quotes on VenueConnect.","Best Wedding Venues in Khunti Road, Morbi",wedding venues in Khunti Road Morbi,"wedding venue Khunti Road, wedding hall near Khunti Road Morbi, wedding venue near Khunti Road",Transactional (Hyper-local),High
Event + City Area,"Birthday Party Venues in Khunti Road, Morbi | VenueConnect",/morbi/khunti-road/birthday-party-venues/,"Best Birthday Party Venues in Khunti Road, Morbi | Book Near You - VenueConnect","Find the perfect birthday party venue in Khunti Road, Morbi. Compare halls, farmhouses & party plots near Khunti Road. Get instant leads & free quotes on VenueConnect.","Best Birthday Party Venues in Khunti Road, Morbi",birthday party venues in Khunti Road Morbi,"birthday party venue Khunti Road, birthday party hall near Khunti Road Morbi, birthday party venue near Khunti Road",Transactional (Hyper-local),High
Event + City Area,"Engagement Venues in Khunti Road, Morbi | VenueConnect",/morbi/khunti-road/engagement-venues/,"Best Engagement Venues in Khunti Road, Morbi | Book Near You - VenueConnect","Find the perfect engagement venue in Khunti Road, Morbi. Compare halls, farmhouses & party plots near Khunti Road. Get instant leads & free quotes on VenueConnect.","Best Engagement Venues in Khunti Road, Morbi",engagement venues in Khunti Road Morbi,"engagement venue Khunti Road, engagement hall near Khunti Road Morbi, engagement venue near Khunti Road",Transactional (Hyper-local),High
Event + City Area,"Corporate Event Venues in Khunti Road, Morbi | VenueConnect",/morbi/khunti-road/corporate-event-venues/,"Best Corporate Event Venues in Khunti Road, Morbi | Book Near You - VenueConnect","Find the perfect corporate event venue in Khunti Road, Morbi. Compare halls, farmhouses & party plots near Khunti Road. Get instant leads & free quotes on VenueConnect.","Best Corporate Event Venues in Khunti Road, Morbi",corporate event venues in Khunti Road Morbi,"corporate event venue Khunti Road, corporate event hall near Khunti Road Morbi, corporate event venue near Khunti Road",Transactional (Hyper-local),High
Event + City Area,"Reception Venues in Khunti Road, Morbi | VenueConnect",/morbi/khunti-road/reception-venues/,"Best Reception Venues in Khunti Road, Morbi | Book Near You - VenueConnect","Find the perfect reception venue in Khunti Road, Morbi. Compare halls, farmhouses & party plots near Khunti Road. Get instant leads & free quotes on VenueConnect.","Best Reception Venues in Khunti Road, Morbi",reception venues in Khunti Road Morbi,"reception venue Khunti Road, reception hall near Khunti Road Morbi, reception venue near Khunti Road",Transactional (Hyper-local),High
Event + City Area,"Wedding Venues in Limbdi Road, Morbi | VenueConnect",/morbi/limbdi-road/wedding-venues/,"Best Wedding Venues in Limbdi Road, Morbi | Book Near You - VenueConnect","Find the perfect wedding venue in Limbdi Road, Morbi. Compare halls, farmhouses & party plots near Limbdi Road. Get instant leads & free quotes on VenueConnect.","Best Wedding Venues in Limbdi Road, Morbi",wedding venues in Limbdi Road Morbi,"wedding venue Limbdi Road, wedding hall near Limbdi Road Morbi, wedding venue near Limbdi Road",Transactional (Hyper-local),High
Event + City Area,"Birthday Party Venues in Limbdi Road, Morbi | VenueConnect",/morbi/limbdi-road/birthday-party-venues/,"Best Birthday Party Venues in Limbdi Road, Morbi | Book Near You - VenueConnect","Find the perfect birthday party venue in Limbdi Road, Morbi. Compare halls, farmhouses & party plots near Limbdi Road. Get instant leads & free quotes on VenueConnect.","Best Birthday Party Venues in Limbdi Road, Morbi",birthday party venues in Limbdi Road Morbi,"birthday party venue Limbdi Road, birthday party hall near Limbdi Road Morbi, birthday party venue near Limbdi Road",Transactional (Hyper-local),High
Event + City Area,"Engagement Venues in Limbdi Road, Morbi | VenueConnect",/morbi/limbdi-road/engagement-venues/,"Best Engagement Venues in Limbdi Road, Morbi | Book Near You - VenueConnect","Find the perfect engagement venue in Limbdi Road, Morbi. Compare halls, farmhouses & party plots near Limbdi Road. Get instant leads & free quotes on VenueConnect.","Best Engagement Venues in Limbdi Road, Morbi",engagement venues in Limbdi Road Morbi,"engagement venue Limbdi Road, engagement hall near Limbdi Road Morbi, engagement venue near Limbdi Road",Transactional (Hyper-local),High
Event + City Area,"Corporate Event Venues in Limbdi Road, Morbi | VenueConnect",/morbi/limbdi-road/corporate-event-venues/,"Best Corporate Event Venues in Limbdi Road, Morbi | Book Near You - VenueConnect","Find the perfect corporate event venue in Limbdi Road, Morbi. Compare halls, farmhouses & party plots near Limbdi Road. Get instant leads & free quotes on VenueConnect.","Best Corporate Event Venues in Limbdi Road, Morbi",corporate event venues in Limbdi Road Morbi,"corporate event venue Limbdi Road, corporate event hall near Limbdi Road Morbi, corporate event venue near Limbdi Road",Transactional (Hyper-local),High
Event + City Area,"Reception Venues in Limbdi Road, Morbi | VenueConnect",/morbi/limbdi-road/reception-venues/,"Best Reception Venues in Limbdi Road, Morbi | Book Near You - VenueConnect","Find the perfect reception venue in Limbdi Road, Morbi. Compare halls, farmhouses & party plots near Limbdi Road. Get instant leads & free quotes on VenueConnect.","Best Reception Venues in Limbdi Road, Morbi",reception venues in Limbdi Road Morbi,"reception venue Limbdi Road, reception hall near Limbdi Road Morbi, reception venue near Limbdi Road",Transactional (Hyper-local),High
Event + City Area,"Wedding Venues in Machhu River Road, Morbi | VenueConnect",/morbi/machhu-river-road/wedding-venues/,"Best Wedding Venues in Machhu River Road, Morbi | Book Near You - VenueConnect","Find the perfect wedding venue in Machhu River Road, Morbi. Compare halls, farmhouses & party plots near Machhu River Road. Get instant leads & free quotes on VenueConnect.","Best Wedding Venues in Machhu River Road, Morbi",wedding venues in Machhu River Road Morbi,"wedding venue Machhu River Road, wedding hall near Machhu River Road Morbi, wedding venue near Machhu River Road",Transactional (Hyper-local),High
Event + City Area,"Birthday Party Venues in Machhu River Road, Morbi | VenueConnect",/morbi/machhu-river-road/birthday-party-venues/,"Best Birthday Party Venues in Machhu River Road, Morbi | Book Near You - VenueConnect","Find the perfect birthday party venue in Machhu River Road, Morbi. Compare halls, farmhouses & party plots near Machhu River Road. Get instant leads & free quotes on VenueConnect.","Best Birthday Party Venues in Machhu River Road, Morbi",birthday party venues in Machhu River Road Morbi,"birthday party venue Machhu River Road, birthday party hall near Machhu River Road Morbi, birthday party venue near Machhu River Road",Transactional (Hyper-local),High
Event + City Area,"Engagement Venues in Machhu River Road, Morbi | VenueConnect",/morbi/machhu-river-road/engagement-venues/,"Best Engagement Venues in Machhu River Road, Morbi | Book Near You - VenueConnect","Find the perfect engagement venue in Machhu River Road, Morbi. Compare halls, farmhouses & party plots near Machhu River Road. Get instant leads & free quotes on VenueConnect.","Best Engagement Venues in Machhu River Road, Morbi",engagement venues in Machhu River Road Morbi,"engagement venue Machhu River Road, engagement hall near Machhu River Road Morbi, engagement venue near Machhu River Road",Transactional (Hyper-local),High
Event + City Area,"Corporate Event Venues in Machhu River Road, Morbi | VenueConnect",/morbi/machhu-river-road/corporate-event-venues/,"Best Corporate Event Venues in Machhu River Road, Morbi | Book Near You - VenueConnect","Find the perfect corporate event venue in Machhu River Road, Morbi. Compare halls, farmhouses & party plots near Machhu River Road. Get instant leads & free quotes on VenueConnect.","Best Corporate Event Venues in Machhu River Road, Morbi",corporate event venues in Machhu River Road Morbi,"corporate event venue Machhu River Road, corporate event hall near Machhu River Road Morbi, corporate event venue near Machhu River Road",Transactional (Hyper-local),High
Event + City Area,"Reception Venues in Machhu River Road, Morbi | VenueConnect",/morbi/machhu-river-road/reception-venues/,"Best Reception Venues in Machhu River Road, Morbi | Book Near You - VenueConnect","Find the perfect reception venue in Machhu River Road, Morbi. Compare halls, farmhouses & party plots near Machhu River Road. Get instant leads & free quotes on VenueConnect.","Best Reception Venues in Machhu River Road, Morbi",reception venues in Machhu River Road Morbi,"reception venue Machhu River Road, reception hall near Machhu River Road Morbi, reception venue near Machhu River Road",Transactional (Hyper-local),High
Event + City Area,"Wedding Venues in New Bus Stand, Morbi | VenueConnect",/morbi/new-bus-stand/wedding-venues/,"Best Wedding Venues in New Bus Stand, Morbi | Book Near You - VenueConnect","Find the perfect wedding venue in New Bus Stand, Morbi. Compare halls, farmhouses & party plots near New Bus Stand. Get instant leads & free quotes on VenueConnect.","Best Wedding Venues in New Bus Stand, Morbi",wedding venues in New Bus Stand Morbi,"wedding venue New Bus Stand, wedding hall near New Bus Stand Morbi, wedding venue near New Bus Stand",Transactional (Hyper-local),High
Event + City Area,"Birthday Party Venues in New Bus Stand, Morbi | VenueConnect",/morbi/new-bus-stand/birthday-party-venues/,"Best Birthday Party Venues in New Bus Stand, Morbi | Book Near You - VenueConnect","Find the perfect birthday party venue in New Bus Stand, Morbi. Compare halls, farmhouses & party plots near New Bus Stand. Get instant leads & free quotes on VenueConnect.","Best Birthday Party Venues in New Bus Stand, Morbi",birthday party venues in New Bus Stand Morbi,"birthday party venue New Bus Stand, birthday party hall near New Bus Stand Morbi, birthday party venue near New Bus Stand",Transactional (Hyper-local),High
Event + City Area,"Engagement Venues in New Bus Stand, Morbi | VenueConnect",/morbi/new-bus-stand/engagement-venues/,"Best Engagement Venues in New Bus Stand, Morbi | Book Near You - VenueConnect","Find the perfect engagement venue in New Bus Stand, Morbi. Compare halls, farmhouses & party plots near New Bus Stand. Get instant leads & free quotes on VenueConnect.","Best Engagement Venues in New Bus Stand, Morbi",engagement venues in New Bus Stand Morbi,"engagement venue New Bus Stand, engagement hall near New Bus Stand Morbi, engagement venue near New Bus Stand",Transactional (Hyper-local),High
Event + City Area,"Corporate Event Venues in New Bus Stand, Morbi | VenueConnect",/morbi/new-bus-stand/corporate-event-venues/,"Best Corporate Event Venues in New Bus Stand, Morbi | Book Near You - VenueConnect","Find the perfect corporate event venue in New Bus Stand, Morbi. Compare halls, farmhouses & party plots near New Bus Stand. Get instant leads & free quotes on VenueConnect.","Best Corporate Event Venues in New Bus Stand, Morbi",corporate event venues in New Bus Stand Morbi,"corporate event venue New Bus Stand, corporate event hall near New Bus Stand Morbi, corporate event venue near New Bus Stand",Transactional (Hyper-local),High
Event + City Area,"Reception Venues in New Bus Stand, Morbi | VenueConnect",/morbi/new-bus-stand/reception-venues/,"Best Reception Venues in New Bus Stand, Morbi | Book Near You - VenueConnect","Find the perfect reception venue in New Bus Stand, Morbi. Compare halls, farmhouses & party plots near New Bus Stand. Get instant leads & free quotes on VenueConnect.","Best Reception Venues in New Bus Stand, Morbi",reception venues in New Bus Stand Morbi,"reception venue New Bus Stand, reception hall near New Bus Stand Morbi, reception venue near New Bus Stand",Transactional (Hyper-local),High
Event + City Area,"Wedding Venues in Sanala Road, Morbi | VenueConnect",/morbi/sanala-road/wedding-venues/,"Best Wedding Venues in Sanala Road, Morbi | Book Near You - VenueConnect","Find the perfect wedding venue in Sanala Road, Morbi. Compare halls, farmhouses & party plots near Sanala Road. Get instant leads & free quotes on VenueConnect.","Best Wedding Venues in Sanala Road, Morbi",wedding venues in Sanala Road Morbi,"wedding venue Sanala Road, wedding hall near Sanala Road Morbi, wedding venue near Sanala Road",Transactional (Hyper-local),High
Event + City Area,"Birthday Party Venues in Sanala Road, Morbi | VenueConnect",/morbi/sanala-road/birthday-party-venues/,"Best Birthday Party Venues in Sanala Road, Morbi | Book Near You - VenueConnect","Find the perfect birthday party venue in Sanala Road, Morbi. Compare halls, farmhouses & party plots near Sanala Road. Get instant leads & free quotes on VenueConnect.","Best Birthday Party Venues in Sanala Road, Morbi",birthday party venues in Sanala Road Morbi,"birthday party venue Sanala Road, birthday party hall near Sanala Road Morbi, birthday party venue near Sanala Road",Transactional (Hyper-local),High
Event + City Area,"Engagement Venues in Sanala Road, Morbi | VenueConnect",/morbi/sanala-road/engagement-venues/,"Best Engagement Venues in Sanala Road, Morbi | Book Near You - VenueConnect","Find the perfect engagement venue in Sanala Road, Morbi. Compare halls, farmhouses & party plots near Sanala Road. Get instant leads & free quotes on VenueConnect.","Best Engagement Venues in Sanala Road, Morbi",engagement venues in Sanala Road Morbi,"engagement venue Sanala Road, engagement hall near Sanala Road Morbi, engagement venue near Sanala Road",Transactional (Hyper-local),High
Event + City Area,"Corporate Event Venues in Sanala Road, Morbi | VenueConnect",/morbi/sanala-road/corporate-event-venues/,"Best Corporate Event Venues in Sanala Road, Morbi | Book Near You - VenueConnect","Find the perfect corporate event venue in Sanala Road, Morbi. Compare halls, farmhouses & party plots near Sanala Road. Get instant leads & free quotes on VenueConnect.","Best Corporate Event Venues in Sanala Road, Morbi",corporate event venues in Sanala Road Morbi,"corporate event venue Sanala Road, corporate event hall near Sanala Road Morbi, corporate event venue near Sanala Road",Transactional (Hyper-local),High
Event + City Area,"Reception Venues in Sanala Road, Morbi | VenueConnect",/morbi/sanala-road/reception-venues/,"Best Reception Venues in Sanala Road, Morbi | Book Near You - VenueConnect","Find the perfect reception venue in Sanala Road, Morbi. Compare halls, farmhouses & party plots near Sanala Road. Get instant leads & free quotes on VenueConnect.","Best Reception Venues in Sanala Road, Morbi",reception venues in Sanala Road Morbi,"reception venue Sanala Road, reception hall near Sanala Road Morbi, reception venue near Sanala Road",Transactional (Hyper-local),High
Event + City Area,"Wedding Venues in Shapar Road, Morbi | VenueConnect",/morbi/shapar-road/wedding-venues/,"Best Wedding Venues in Shapar Road, Morbi | Book Near You - VenueConnect","Find the perfect wedding venue in Shapar Road, Morbi. Compare halls, farmhouses & party plots near Shapar Road. Get instant leads & free quotes on VenueConnect.","Best Wedding Venues in Shapar Road, Morbi",wedding venues in Shapar Road Morbi,"wedding venue Shapar Road, wedding hall near Shapar Road Morbi, wedding venue near Shapar Road",Transactional (Hyper-local),High
Event + City Area,"Birthday Party Venues in Shapar Road, Morbi | VenueConnect",/morbi/shapar-road/birthday-party-venues/,"Best Birthday Party Venues in Shapar Road, Morbi | Book Near You - VenueConnect","Find the perfect birthday party venue in Shapar Road, Morbi. Compare halls, farmhouses & party plots near Shapar Road. Get instant leads & free quotes on VenueConnect.","Best Birthday Party Venues in Shapar Road, Morbi",birthday party venues in Shapar Road Morbi,"birthday party venue Shapar Road, birthday party hall near Shapar Road Morbi, birthday party venue near Shapar Road",Transactional (Hyper-local),High
Event + City Area,"Engagement Venues in Shapar Road, Morbi | VenueConnect",/morbi/shapar-road/engagement-venues/,"Best Engagement Venues in Shapar Road, Morbi | Book Near You - VenueConnect","Find the perfect engagement venue in Shapar Road, Morbi. Compare halls, farmhouses & party plots near Shapar Road. Get instant leads & free quotes on VenueConnect.","Best Engagement Venues in Shapar Road, Morbi",engagement venues in Shapar Road Morbi,"engagement venue Shapar Road, engagement hall near Shapar Road Morbi, engagement venue near Shapar Road",Transactional (Hyper-local),High
Event + City Area,"Corporate Event Venues in Shapar Road, Morbi | VenueConnect",/morbi/shapar-road/corporate-event-venues/,"Best Corporate Event Venues in Shapar Road, Morbi | Book Near You - VenueConnect","Find the perfect corporate event venue in Shapar Road, Morbi. Compare halls, farmhouses & party plots near Shapar Road. Get instant leads & free quotes on VenueConnect.","Best Corporate Event Venues in Shapar Road, Morbi",corporate event venues in Shapar Road Morbi,"corporate event venue Shapar Road, corporate event hall near Shapar Road Morbi, corporate event venue near Shapar Road",Transactional (Hyper-local),High
Event + City Area,"Reception Venues in Shapar Road, Morbi | VenueConnect",/morbi/shapar-road/reception-venues/,"Best Reception Venues in Shapar Road, Morbi | Book Near You - VenueConnect","Find the perfect reception venue in Shapar Road, Morbi. Compare halls, farmhouses & party plots near Shapar Road. Get instant leads & free quotes on VenueConnect.","Best Reception Venues in Shapar Road, Morbi",reception venues in Shapar Road Morbi,"reception venue Shapar Road, reception hall near Shapar Road Morbi, reception venue near Shapar Road",Transactional (Hyper-local),High
Event + City Area,"Wedding Venues in Tankara Road, Morbi | VenueConnect",/morbi/tankara-road/wedding-venues/,"Best Wedding Venues in Tankara Road, Morbi | Book Near You - VenueConnect","Find the perfect wedding venue in Tankara Road, Morbi. Compare halls, farmhouses & party plots near Tankara Road. Get instant leads & free quotes on VenueConnect.","Best Wedding Venues in Tankara Road, Morbi",wedding venues in Tankara Road Morbi,"wedding venue Tankara Road, wedding hall near Tankara Road Morbi, wedding venue near Tankara Road",Transactional (Hyper-local),High
Event + City Area,"Birthday Party Venues in Tankara Road, Morbi | VenueConnect",/morbi/tankara-road/birthday-party-venues/,"Best Birthday Party Venues in Tankara Road, Morbi | Book Near You - VenueConnect","Find the perfect birthday party venue in Tankara Road, Morbi. Compare halls, farmhouses & party plots near Tankara Road. Get instant leads & free quotes on VenueConnect.","Best Birthday Party Venues in Tankara Road, Morbi",birthday party venues in Tankara Road Morbi,"birthday party venue Tankara Road, birthday party hall near Tankara Road Morbi, birthday party venue near Tankara Road",Transactional (Hyper-local),High
Event + City Area,"Engagement Venues in Tankara Road, Morbi | VenueConnect",/morbi/tankara-road/engagement-venues/,"Best Engagement Venues in Tankara Road, Morbi | Book Near You - VenueConnect","Find the perfect engagement venue in Tankara Road, Morbi. Compare halls, farmhouses & party plots near Tankara Road. Get instant leads & free quotes on VenueConnect.","Best Engagement Venues in Tankara Road, Morbi",engagement venues in Tankara Road Morbi,"engagement venue Tankara Road, engagement hall near Tankara Road Morbi, engagement venue near Tankara Road",Transactional (Hyper-local),High
Event + City Area,"Corporate Event Venues in Tankara Road, Morbi | VenueConnect",/morbi/tankara-road/corporate-event-venues/,"Best Corporate Event Venues in Tankara Road, Morbi | Book Near You - VenueConnect","Find the perfect corporate event venue in Tankara Road, Morbi. Compare halls, farmhouses & party plots near Tankara Road. Get instant leads & free quotes on VenueConnect.","Best Corporate Event Venues in Tankara Road, Morbi",corporate event venues in Tankara Road Morbi,"corporate event venue Tankara Road, corporate event hall near Tankara Road Morbi, corporate event venue near Tankara Road",Transactional (Hyper-local),High
Event + City Area,"Reception Venues in Tankara Road, Morbi | VenueConnect",/morbi/tankara-road/reception-venues/,"Best Reception Venues in Tankara Road, Morbi | Book Near You - VenueConnect","Find the perfect reception venue in Tankara Road, Morbi. Compare halls, farmhouses & party plots near Tankara Road. Get instant leads & free quotes on VenueConnect.","Best Reception Venues in Tankara Road, Morbi",reception venues in Tankara Road Morbi,"reception venue Tankara Road, reception hall near Tankara Road Morbi, reception venue near Tankara Road",Transactional (Hyper-local),High
Event + City Area,"Wedding Venues in Thangadh Road, Morbi | VenueConnect",/morbi/thangadh-road/wedding-venues/,"Best Wedding Venues in Thangadh Road, Morbi | Book Near You - VenueConnect","Find the perfect wedding venue in Thangadh Road, Morbi. Compare halls, farmhouses & party plots near Thangadh Road. Get instant leads & free quotes on VenueConnect.","Best Wedding Venues in Thangadh Road, Morbi",wedding venues in Thangadh Road Morbi,"wedding venue Thangadh Road, wedding hall near Thangadh Road Morbi, wedding venue near Thangadh Road",Transactional (Hyper-local),High
Event + City Area,"Birthday Party Venues in Thangadh Road, Morbi | VenueConnect",/morbi/thangadh-road/birthday-party-venues/,"Best Birthday Party Venues in Thangadh Road, Morbi | Book Near You - VenueConnect","Find the perfect birthday party venue in Thangadh Road, Morbi. Compare halls, farmhouses & party plots near Thangadh Road. Get instant leads & free quotes on VenueConnect.","Best Birthday Party Venues in Thangadh Road, Morbi",birthday party venues in Thangadh Road Morbi,"birthday party venue Thangadh Road, birthday party hall near Thangadh Road Morbi, birthday party venue near Thangadh Road",Transactional (Hyper-local),High
Event + City Area,"Engagement Venues in Thangadh Road, Morbi | VenueConnect",/morbi/thangadh-road/engagement-venues/,"Best Engagement Venues in Thangadh Road, Morbi | Book Near You - VenueConnect","Find the perfect engagement venue in Thangadh Road, Morbi. Compare halls, farmhouses & party plots near Thangadh Road. Get instant leads & free quotes on VenueConnect.","Best Engagement Venues in Thangadh Road, Morbi",engagement venues in Thangadh Road Morbi,"engagement venue Thangadh Road, engagement hall near Thangadh Road Morbi, engagement venue near Thangadh Road",Transactional (Hyper-local),High
Event + City Area,"Corporate Event Venues in Thangadh Road, Morbi | VenueConnect",/morbi/thangadh-road/corporate-event-venues/,"Best Corporate Event Venues in Thangadh Road, Morbi | Book Near You - VenueConnect","Find the perfect corporate event venue in Thangadh Road, Morbi. Compare halls, farmhouses & party plots near Thangadh Road. Get instant leads & free quotes on VenueConnect.","Best Corporate Event Venues in Thangadh Road, Morbi",corporate event venues in Thangadh Road Morbi,"corporate event venue Thangadh Road, corporate event hall near Thangadh Road Morbi, corporate event venue near Thangadh Road",Transactional (Hyper-local),High
Event + City Area,"Reception Venues in Thangadh Road, Morbi | VenueConnect",/morbi/thangadh-road/reception-venues/,"Best Reception Venues in Thangadh Road, Morbi | Book Near You - VenueConnect","Find the perfect reception venue in Thangadh Road, Morbi. Compare halls, farmhouses & party plots near Thangadh Road. Get instant leads & free quotes on VenueConnect.","Best Reception Venues in Thangadh Road, Morbi",reception venues in Thangadh Road Morbi,"reception venue Thangadh Road, reception hall near Thangadh Road Morbi, reception venue near Thangadh Road",Transactional (Hyper-local),High
Event + City Area,"Wedding Venues in Vaghpur Road, Morbi | VenueConnect",/morbi/vaghpur-road/wedding-venues/,"Best Wedding Venues in Vaghpur Road, Morbi | Book Near You - VenueConnect","Find the perfect wedding venue in Vaghpur Road, Morbi. Compare halls, farmhouses & party plots near Vaghpur Road. Get instant leads & free quotes on VenueConnect.","Best Wedding Venues in Vaghpur Road, Morbi",wedding venues in Vaghpur Road Morbi,"wedding venue Vaghpur Road, wedding hall near Vaghpur Road Morbi, wedding venue near Vaghpur Road",Transactional (Hyper-local),High
Event + City Area,"Birthday Party Venues in Vaghpur Road, Morbi | VenueConnect",/morbi/vaghpur-road/birthday-party-venues/,"Best Birthday Party Venues in Vaghpur Road, Morbi | Book Near You - VenueConnect","Find the perfect birthday party venue in Vaghpur Road, Morbi. Compare halls, farmhouses & party plots near Vaghpur Road. Get instant leads & free quotes on VenueConnect.","Best Birthday Party Venues in Vaghpur Road, Morbi",birthday party venues in Vaghpur Road Morbi,"birthday party venue Vaghpur Road, birthday party hall near Vaghpur Road Morbi, birthday party venue near Vaghpur Road",Transactional (Hyper-local),High
Event + City Area,"Engagement Venues in Vaghpur Road, Morbi | VenueConnect",/morbi/vaghpur-road/engagement-venues/,"Best Engagement Venues in Vaghpur Road, Morbi | Book Near You - VenueConnect","Find the perfect engagement venue in Vaghpur Road, Morbi. Compare halls, farmhouses & party plots near Vaghpur Road. Get instant leads & free quotes on VenueConnect.","Best Engagement Venues in Vaghpur Road, Morbi",engagement venues in Vaghpur Road Morbi,"engagement venue Vaghpur Road, engagement hall near Vaghpur Road Morbi, engagement venue near Vaghpur Road",Transactional (Hyper-local),High
Event + City Area,"Corporate Event Venues in Vaghpur Road, Morbi | VenueConnect",/morbi/vaghpur-road/corporate-event-venues/,"Best Corporate Event Venues in Vaghpur Road, Morbi | Book Near You - VenueConnect","Find the perfect corporate event venue in Vaghpur Road, Morbi. Compare halls, farmhouses & party plots near Vaghpur Road. Get instant leads & free quotes on VenueConnect.","Best Corporate Event Venues in Vaghpur Road, Morbi",corporate event venues in Vaghpur Road Morbi,"corporate event venue Vaghpur Road, corporate event hall near Vaghpur Road Morbi, corporate event venue near Vaghpur Road",Transactional (Hyper-local),High
Event + City Area,"Reception Venues in Vaghpur Road, Morbi | VenueConnect",/morbi/vaghpur-road/reception-venues/,"Best Reception Venues in Vaghpur Road, Morbi | Book Near You - VenueConnect","Find the perfect reception venue in Vaghpur Road, Morbi. Compare halls, farmhouses & party plots near Vaghpur Road. Get instant leads & free quotes on VenueConnect.","Best Reception Venues in Vaghpur Road, Morbi",reception venues in Vaghpur Road Morbi,"reception venue Vaghpur Road, reception hall near Vaghpur Road Morbi, reception venue near Vaghpur Road",Transactional (Hyper-local),High
Event + City Area,"Wedding Venues in Virani Road, Morbi | VenueConnect",/morbi/virani-road/wedding-venues/,"Best Wedding Venues in Virani Road, Morbi | Book Near You - VenueConnect","Find the perfect wedding venue in Virani Road, Morbi. Compare halls, farmhouses & party plots near Virani Road. Get instant leads & free quotes on VenueConnect.","Best Wedding Venues in Virani Road, Morbi",wedding venues in Virani Road Morbi,"wedding venue Virani Road, wedding hall near Virani Road Morbi, wedding venue near Virani Road",Transactional (Hyper-local),High
Event + City Area,"Birthday Party Venues in Virani Road, Morbi | VenueConnect",/morbi/virani-road/birthday-party-venues/,"Best Birthday Party Venues in Virani Road, Morbi | Book Near You - VenueConnect","Find the perfect birthday party venue in Virani Road, Morbi. Compare halls, farmhouses & party plots near Virani Road. Get instant leads & free quotes on VenueConnect.","Best Birthday Party Venues in Virani Road, Morbi",birthday party venues in Virani Road Morbi,"birthday party venue Virani Road, birthday party hall near Virani Road Morbi, birthday party venue near Virani Road",Transactional (Hyper-local),High
Event + City Area,"Engagement Venues in Virani Road, Morbi | VenueConnect",/morbi/virani-road/engagement-venues/,"Best Engagement Venues in Virani Road, Morbi | Book Near You - VenueConnect","Find the perfect engagement venue in Virani Road, Morbi. Compare halls, farmhouses & party plots near Virani Road. Get instant leads & free quotes on VenueConnect.","Best Engagement Venues in Virani Road, Morbi",engagement venues in Virani Road Morbi,"engagement venue Virani Road, engagement hall near Virani Road Morbi, engagement venue near Virani Road",Transactional (Hyper-local),High
Event + City Area,"Corporate Event Venues in Virani Road, Morbi | VenueConnect",/morbi/virani-road/corporate-event-venues/,"Best Corporate Event Venues in Virani Road, Morbi | Book Near You - VenueConnect","Find the perfect corporate event venue in Virani Road, Morbi. Compare halls, farmhouses & party plots near Virani Road. Get instant leads & free quotes on VenueConnect.","Best Corporate Event Venues in Virani Road, Morbi",corporate event venues in Virani Road Morbi,"corporate event venue Virani Road, corporate event hall near Virani Road Morbi, corporate event venue near Virani Road",Transactional (Hyper-local),High
Event + City Area,"Reception Venues in Virani Road, Morbi | VenueConnect",/morbi/virani-road/reception-venues/,"Best Reception Venues in Virani Road, Morbi | Book Near You - VenueConnect","Find the perfect reception venue in Virani Road, Morbi. Compare halls, farmhouses & party plots near Virani Road. Get instant leads & free quotes on VenueConnect.","Best Reception Venues in Virani Road, Morbi",reception venues in Virani Road Morbi,"reception venue Virani Road, reception hall near Virani Road Morbi, reception venue near Virani Road",Transactional (Hyper-local),High
  VENDOR + CITY AREA PAGES (Hyper-local),,,,,,,,,
Page Type,Page Title,URL Slug,Meta Title,Meta Description,H1 Tag,Target Keyword,Secondary Keywords,Search Intent,Priority
Vendor + City Area,"Photographers in GIDC, Morbi | VenueConnect",/morbi/gidc/vendors/photographers/,"Top Photographers in GIDC, Morbi | Hire Near You - VenueConnect","Find the best photographers in GIDC, Morbi for your event. Browse verified profiles, compare pricing & get WhatsApp leads instantly on VenueConnect.","Top Photographers in GIDC, Morbi",photographers in GIDC Morbi,"photographers near GIDC, photographers GIDC Morbi, best photographers near GIDC",Transactional (Hyper-local),Medium
Vendor + City Area,"Caterers in GIDC, Morbi | VenueConnect",/morbi/gidc/vendors/caterers/,"Top Caterers in GIDC, Morbi | Hire Near You - VenueConnect","Find the best caterers in GIDC, Morbi for your event. Browse verified profiles, compare pricing & get WhatsApp leads instantly on VenueConnect.","Top Caterers in GIDC, Morbi",caterers in GIDC Morbi,"caterers near GIDC, caterers GIDC Morbi, best caterers near GIDC",Transactional (Hyper-local),Medium
Vendor + City Area,"Decorators in GIDC, Morbi | VenueConnect",/morbi/gidc/vendors/decorators/,"Top Decorators in GIDC, Morbi | Hire Near You - VenueConnect","Find the best decorators in GIDC, Morbi for your event. Browse verified profiles, compare pricing & get WhatsApp leads instantly on VenueConnect.","Top Decorators in GIDC, Morbi",decorators in GIDC Morbi,"decorators near GIDC, decorators GIDC Morbi, best decorators near GIDC",Transactional (Hyper-local),Medium
Vendor + City Area,"Mehndi Artists in GIDC, Morbi | VenueConnect",/morbi/gidc/vendors/mehndi-artists/,"Top Mehndi Artists in GIDC, Morbi | Hire Near You - VenueConnect","Find the best mehndi artists in GIDC, Morbi for your event. Browse verified profiles, compare pricing & get WhatsApp leads instantly on VenueConnect.","Top Mehndi Artists in GIDC, Morbi",mehndi artists in GIDC Morbi,"mehndi artists near GIDC, mehndi artists GIDC Morbi, best mehndi artists near GIDC",Transactional (Hyper-local),Medium
Vendor + City Area,"Photographers in Wankaner Road, Morbi | VenueConnect",/morbi/wankaner-road/vendors/photographers/,"Top Photographers in Wankaner Road, Morbi | Hire Near You - VenueConnect","Find the best photographers in Wankaner Road, Morbi for your event. Browse verified profiles, compare pricing & get WhatsApp leads instantly on VenueConnect.","Top Photographers in Wankaner Road, Morbi",photographers in Wankaner Road Morbi,"photographers near Wankaner Road, photographers Wankaner Road Morbi, best photographers near Wankaner Road",Transactional (Hyper-local),Medium
Vendor + City Area,"Caterers in Wankaner Road, Morbi | VenueConnect",/morbi/wankaner-road/vendors/caterers/,"Top Caterers in Wankaner Road, Morbi | Hire Near You - VenueConnect","Find the best caterers in Wankaner Road, Morbi for your event. Browse verified profiles, compare pricing & get WhatsApp leads instantly on VenueConnect.","Top Caterers in Wankaner Road, Morbi",caterers in Wankaner Road Morbi,"caterers near Wankaner Road, caterers Wankaner Road Morbi, best caterers near Wankaner Road",Transactional (Hyper-local),Medium
Vendor + City Area,"Decorators in Wankaner Road, Morbi | VenueConnect",/morbi/wankaner-road/vendors/decorators/,"Top Decorators in Wankaner Road, Morbi | Hire Near You - VenueConnect","Find the best decorators in Wankaner Road, Morbi for your event. Browse verified profiles, compare pricing & get WhatsApp leads instantly on VenueConnect.","Top Decorators in Wankaner Road, Morbi",decorators in Wankaner Road Morbi,"decorators near Wankaner Road, decorators Wankaner Road Morbi, best decorators near Wankaner Road",Transactional (Hyper-local),Medium
Vendor + City Area,"Mehndi Artists in Wankaner Road, Morbi | VenueConnect",/morbi/wankaner-road/vendors/mehndi-artists/,"Top Mehndi Artists in Wankaner Road, Morbi | Hire Near You - VenueConnect","Find the best mehndi artists in Wankaner Road, Morbi for your event. Browse verified profiles, compare pricing & get WhatsApp leads instantly on VenueConnect.","Top Mehndi Artists in Wankaner Road, Morbi",mehndi artists in Wankaner Road Morbi,"mehndi artists near Wankaner Road, mehndi artists Wankaner Road Morbi, best mehndi artists near Wankaner Road",Transactional (Hyper-local),Medium
Vendor + City Area,"Photographers in Halvad Road, Morbi | VenueConnect",/morbi/halvad-road/vendors/photographers/,"Top Photographers in Halvad Road, Morbi | Hire Near You - VenueConnect","Find the best photographers in Halvad Road, Morbi for your event. Browse verified profiles, compare pricing & get WhatsApp leads instantly on VenueConnect.","Top Photographers in Halvad Road, Morbi",photographers in Halvad Road Morbi,"photographers near Halvad Road, photographers Halvad Road Morbi, best photographers near Halvad Road",Transactional (Hyper-local),Medium
Vendor + City Area,"Caterers in Halvad Road, Morbi | VenueConnect",/morbi/halvad-road/vendors/caterers/,"Top Caterers in Halvad Road, Morbi | Hire Near You - VenueConnect","Find the best caterers in Halvad Road, Morbi for your event. Browse verified profiles, compare pricing & get WhatsApp leads instantly on VenueConnect.","Top Caterers in Halvad Road, Morbi",caterers in Halvad Road Morbi,"caterers near Halvad Road, caterers Halvad Road Morbi, best caterers near Halvad Road",Transactional (Hyper-local),Medium
Vendor + City Area,"Decorators in Halvad Road, Morbi | VenueConnect",/morbi/halvad-road/vendors/decorators/,"Top Decorators in Halvad Road, Morbi | Hire Near You - VenueConnect","Find the best decorators in Halvad Road, Morbi for your event. Browse verified profiles, compare pricing & get WhatsApp leads instantly on VenueConnect.","Top Decorators in Halvad Road, Morbi",decorators in Halvad Road Morbi,"decorators near Halvad Road, decorators Halvad Road Morbi, best decorators near Halvad Road",Transactional (Hyper-local),Medium
Vendor + City Area,"Mehndi Artists in Halvad Road, Morbi | VenueConnect",/morbi/halvad-road/vendors/mehndi-artists/,"Top Mehndi Artists in Halvad Road, Morbi | Hire Near You - VenueConnect","Find the best mehndi artists in Halvad Road, Morbi for your event. Browse verified profiles, compare pricing & get WhatsApp leads instantly on VenueConnect.","Top Mehndi Artists in Halvad Road, Morbi",mehndi artists in Halvad Road Morbi,"mehndi artists near Halvad Road, mehndi artists Halvad Road Morbi, best mehndi artists near Halvad Road",Transactional (Hyper-local),Medium
Vendor + City Area,"Photographers in Station Road, Morbi | VenueConnect",/morbi/station-road/vendors/photographers/,"Top Photographers in Station Road, Morbi | Hire Near You - VenueConnect","Find the best photographers in Station Road, Morbi for your event. Browse verified profiles, compare pricing & get WhatsApp leads instantly on VenueConnect.","Top Photographers in Station Road, Morbi",photographers in Station Road Morbi,"photographers near Station Road, photographers Station Road Morbi, best photographers near Station Road",Transactional (Hyper-local),Medium
Vendor + City Area,"Caterers in Station Road, Morbi | VenueConnect",/morbi/station-road/vendors/caterers/,"Top Caterers in Station Road, Morbi | Hire Near You - VenueConnect","Find the best caterers in Station Road, Morbi for your event. Browse verified profiles, compare pricing & get WhatsApp leads instantly on VenueConnect.","Top Caterers in Station Road, Morbi",caterers in Station Road Morbi,"caterers near Station Road, caterers Station Road Morbi, best caterers near Station Road",Transactional (Hyper-local),Medium
Vendor + City Area,"Decorators in Station Road, Morbi | VenueConnect",/morbi/station-road/vendors/decorators/,"Top Decorators in Station Road, Morbi | Hire Near You - VenueConnect","Find the best decorators in Station Road, Morbi for your event. Browse verified profiles, compare pricing & get WhatsApp leads instantly on VenueConnect.","Top Decorators in Station Road, Morbi",decorators in Station Road Morbi,"decorators near Station Road, decorators Station Road Morbi, best decorators near Station Road",Transactional (Hyper-local),Medium
Vendor + City Area,"Mehndi Artists in Station Road, Morbi | VenueConnect",/morbi/station-road/vendors/mehndi-artists/,"Top Mehndi Artists in Station Road, Morbi | Hire Near You - VenueConnect","Find the best mehndi artists in Station Road, Morbi for your event. Browse verified profiles, compare pricing & get WhatsApp leads instantly on VenueConnect.","Top Mehndi Artists in Station Road, Morbi",mehndi artists in Station Road Morbi,"mehndi artists near Station Road, mehndi artists Station Road Morbi, best mehndi artists near Station Road",Transactional (Hyper-local),Medium
Vendor + City Area,"Photographers in Ravapar Road, Morbi | VenueConnect",/morbi/ravapar-road/vendors/photographers/,"Top Photographers in Ravapar Road, Morbi | Hire Near You - VenueConnect","Find the best photographers in Ravapar Road, Morbi for your event. Browse verified profiles, compare pricing & get WhatsApp leads instantly on VenueConnect.","Top Photographers in Ravapar Road, Morbi",photographers in Ravapar Road Morbi,"photographers near Ravapar Road, photographers Ravapar Road Morbi, best photographers near Ravapar Road",Transactional (Hyper-local),Medium
Vendor + City Area,"Caterers in Ravapar Road, Morbi | VenueConnect",/morbi/ravapar-road/vendors/caterers/,"Top Caterers in Ravapar Road, Morbi | Hire Near You - VenueConnect","Find the best caterers in Ravapar Road, Morbi for your event. Browse verified profiles, compare pricing & get WhatsApp leads instantly on VenueConnect.","Top Caterers in Ravapar Road, Morbi",caterers in Ravapar Road Morbi,"caterers near Ravapar Road, caterers Ravapar Road Morbi, best caterers near Ravapar Road",Transactional (Hyper-local),Medium
Vendor + City Area,"Decorators in Ravapar Road, Morbi | VenueConnect",/morbi/ravapar-road/vendors/decorators/,"Top Decorators in Ravapar Road, Morbi | Hire Near You - VenueConnect","Find the best decorators in Ravapar Road, Morbi for your event. Browse verified profiles, compare pricing & get WhatsApp leads instantly on VenueConnect.","Top Decorators in Ravapar Road, Morbi",decorators in Ravapar Road Morbi,"decorators near Ravapar Road, decorators Ravapar Road Morbi, best decorators near Ravapar Road",Transactional (Hyper-local),Medium
Vendor + City Area,"Mehndi Artists in Ravapar Road, Morbi | VenueConnect",/morbi/ravapar-road/vendors/mehndi-artists/,"Top Mehndi Artists in Ravapar Road, Morbi | Hire Near You - VenueConnect","Find the best mehndi artists in Ravapar Road, Morbi for your event. Browse verified profiles, compare pricing & get WhatsApp leads instantly on VenueConnect.","Top Mehndi Artists in Ravapar Road, Morbi",mehndi artists in Ravapar Road Morbi,"mehndi artists near Ravapar Road, mehndi artists Ravapar Road Morbi, best mehndi artists near Ravapar Road",Transactional (Hyper-local),Medium
Vendor + City Area,"Photographers in Maliya Road, Morbi | VenueConnect",/morbi/maliya-road/vendors/photographers/,"Top Photographers in Maliya Road, Morbi | Hire Near You - VenueConnect","Find the best photographers in Maliya Road, Morbi for your event. Browse verified profiles, compare pricing & get WhatsApp leads instantly on VenueConnect.","Top Photographers in Maliya Road, Morbi",photographers in Maliya Road Morbi,"photographers near Maliya Road, photographers Maliya Road Morbi, best photographers near Maliya Road",Transactional (Hyper-local),Medium
Vendor + City Area,"Caterers in Maliya Road, Morbi | VenueConnect",/morbi/maliya-road/vendors/caterers/,"Top Caterers in Maliya Road, Morbi | Hire Near You - VenueConnect","Find the best caterers in Maliya Road, Morbi for your event. Browse verified profiles, compare pricing & get WhatsApp leads instantly on VenueConnect.","Top Caterers in Maliya Road, Morbi",caterers in Maliya Road Morbi,"caterers near Maliya Road, caterers Maliya Road Morbi, best caterers near Maliya Road",Transactional (Hyper-local),Medium
Vendor + City Area,"Decorators in Maliya Road, Morbi | VenueConnect",/morbi/maliya-road/vendors/decorators/,"Top Decorators in Maliya Road, Morbi | Hire Near You - VenueConnect","Find the best decorators in Maliya Road, Morbi for your event. Browse verified profiles, compare pricing & get WhatsApp leads instantly on VenueConnect.","Top Decorators in Maliya Road, Morbi",decorators in Maliya Road Morbi,"decorators near Maliya Road, decorators Maliya Road Morbi, best decorators near Maliya Road",Transactional (Hyper-local),Medium
Vendor + City Area,"Mehndi Artists in Maliya Road, Morbi | VenueConnect",/morbi/maliya-road/vendors/mehndi-artists/,"Top Mehndi Artists in Maliya Road, Morbi | Hire Near You - VenueConnect","Find the best mehndi artists in Maliya Road, Morbi for your event. Browse verified profiles, compare pricing & get WhatsApp leads instantly on VenueConnect.","Top Mehndi Artists in Maliya Road, Morbi",mehndi artists in Maliya Road Morbi,"mehndi artists near Maliya Road, mehndi artists Maliya Road Morbi, best mehndi artists near Maliya Road",Transactional (Hyper-local),Medium
Vendor + City Area,"Photographers in Rajkot Road, Morbi | VenueConnect",/morbi/rajkot-road/vendors/photographers/,"Top Photographers in Rajkot Road, Morbi | Hire Near You - VenueConnect","Find the best photographers in Rajkot Road, Morbi for your event. Browse verified profiles, compare pricing & get WhatsApp leads instantly on VenueConnect.","Top Photographers in Rajkot Road, Morbi",photographers in Rajkot Road Morbi,"photographers near Rajkot Road, photographers Rajkot Road Morbi, best photographers near Rajkot Road",Transactional (Hyper-local),Medium
Vendor + City Area,"Caterers in Rajkot Road, Morbi | VenueConnect",/morbi/rajkot-road/vendors/caterers/,"Top Caterers in Rajkot Road, Morbi | Hire Near You - VenueConnect","Find the best caterers in Rajkot Road, Morbi for your event. Browse verified profiles, compare pricing & get WhatsApp leads instantly on VenueConnect.","Top Caterers in Rajkot Road, Morbi",caterers in Rajkot Road Morbi,"caterers near Rajkot Road, caterers Rajkot Road Morbi, best caterers near Rajkot Road",Transactional (Hyper-local),Medium
Vendor + City Area,"Decorators in Rajkot Road, Morbi | VenueConnect",/morbi/rajkot-road/vendors/decorators/,"Top Decorators in Rajkot Road, Morbi | Hire Near You - VenueConnect","Find the best decorators in Rajkot Road, Morbi for your event. Browse verified profiles, compare pricing & get WhatsApp leads instantly on VenueConnect.","Top Decorators in Rajkot Road, Morbi",decorators in Rajkot Road Morbi,"decorators near Rajkot Road, decorators Rajkot Road Morbi, best decorators near Rajkot Road",Transactional (Hyper-local),Medium
Vendor + City Area,"Mehndi Artists in Rajkot Road, Morbi | VenueConnect",/morbi/rajkot-road/vendors/mehndi-artists/,"Top Mehndi Artists in Rajkot Road, Morbi | Hire Near You - VenueConnect","Find the best mehndi artists in Rajkot Road, Morbi for your event. Browse verified profiles, compare pricing & get WhatsApp leads instantly on VenueConnect.","Top Mehndi Artists in Rajkot Road, Morbi",mehndi artists in Rajkot Road Morbi,"mehndi artists near Rajkot Road, mehndi artists Rajkot Road Morbi, best mehndi artists near Rajkot Road",Transactional (Hyper-local),Medium
Vendor + City Area,"Photographers in Clock Tower, Morbi | VenueConnect",/morbi/clock-tower/vendors/photographers/,"Top Photographers in Clock Tower, Morbi | Hire Near You - VenueConnect","Find the best photographers in Clock Tower, Morbi for your event. Browse verified profiles, compare pricing & get WhatsApp leads instantly on VenueConnect.","Top Photographers in Clock Tower, Morbi",photographers in Clock Tower Morbi,"photographers near Clock Tower, photographers Clock Tower Morbi, best photographers near Clock Tower",Transactional (Hyper-local),Medium
Vendor + City Area,"Caterers in Clock Tower, Morbi | VenueConnect",/morbi/clock-tower/vendors/caterers/,"Top Caterers in Clock Tower, Morbi | Hire Near You - VenueConnect","Find the best caterers in Clock Tower, Morbi for your event. Browse verified profiles, compare pricing & get WhatsApp leads instantly on VenueConnect.","Top Caterers in Clock Tower, Morbi",caterers in Clock Tower Morbi,"caterers near Clock Tower, caterers Clock Tower Morbi, best caterers near Clock Tower",Transactional (Hyper-local),Medium
Vendor + City Area,"Decorators in Clock Tower, Morbi | VenueConnect",/morbi/clock-tower/vendors/decorators/,"Top Decorators in Clock Tower, Morbi | Hire Near You - VenueConnect","Find the best decorators in Clock Tower, Morbi for your event. Browse verified profiles, compare pricing & get WhatsApp leads instantly on VenueConnect.","Top Decorators in Clock Tower, Morbi",decorators in Clock Tower Morbi,"decorators near Clock Tower, decorators Clock Tower Morbi, best decorators near Clock Tower",Transactional (Hyper-local),Medium
Vendor + City Area,"Mehndi Artists in Clock Tower, Morbi | VenueConnect",/morbi/clock-tower/vendors/mehndi-artists/,"Top Mehndi Artists in Clock Tower, Morbi | Hire Near You - VenueConnect","Find the best mehndi artists in Clock Tower, Morbi for your event. Browse verified profiles, compare pricing & get WhatsApp leads instantly on VenueConnect.","Top Mehndi Artists in Clock Tower, Morbi",mehndi artists in Clock Tower Morbi,"mehndi artists near Clock Tower, mehndi artists Clock Tower Morbi, best mehndi artists near Clock Tower",Transactional (Hyper-local),Medium
Vendor + City Area,"Photographers in Court Road, Morbi | VenueConnect",/morbi/court-road/vendors/photographers/,"Top Photographers in Court Road, Morbi | Hire Near You - VenueConnect","Find the best photographers in Court Road, Morbi for your event. Browse verified profiles, compare pricing & get WhatsApp leads instantly on VenueConnect.","Top Photographers in Court Road, Morbi",photographers in Court Road Morbi,"photographers near Court Road, photographers Court Road Morbi, best photographers near Court Road",Transactional (Hyper-local),Medium
Vendor + City Area,"Caterers in Court Road, Morbi | VenueConnect",/morbi/court-road/vendors/caterers/,"Top Caterers in Court Road, Morbi | Hire Near You - VenueConnect","Find the best caterers in Court Road, Morbi for your event. Browse verified profiles, compare pricing & get WhatsApp leads instantly on VenueConnect.","Top Caterers in Court Road, Morbi",caterers in Court Road Morbi,"caterers near Court Road, caterers Court Road Morbi, best caterers near Court Road",Transactional (Hyper-local),Medium
Vendor + City Area,"Decorators in Court Road, Morbi | VenueConnect",/morbi/court-road/vendors/decorators/,"Top Decorators in Court Road, Morbi | Hire Near You - VenueConnect","Find the best decorators in Court Road, Morbi for your event. Browse verified profiles, compare pricing & get WhatsApp leads instantly on VenueConnect.","Top Decorators in Court Road, Morbi",decorators in Court Road Morbi,"decorators near Court Road, decorators Court Road Morbi, best decorators near Court Road",Transactional (Hyper-local),Medium
Vendor + City Area,"Mehndi Artists in Court Road, Morbi | VenueConnect",/morbi/court-road/vendors/mehndi-artists/,"Top Mehndi Artists in Court Road, Morbi | Hire Near You - VenueConnect","Find the best mehndi artists in Court Road, Morbi for your event. Browse verified profiles, compare pricing & get WhatsApp leads instantly on VenueConnect.","Top Mehndi Artists in Court Road, Morbi",mehndi artists in Court Road Morbi,"mehndi artists near Court Road, mehndi artists Court Road Morbi, best mehndi artists near Court Road",Transactional (Hyper-local),Medium
Vendor + City Area,"Photographers in Darbargadh, Morbi | VenueConnect",/morbi/darbargadh/vendors/photographers/,"Top Photographers in Darbargadh, Morbi | Hire Near You - VenueConnect","Find the best photographers in Darbargadh, Morbi for your event. Browse verified profiles, compare pricing & get WhatsApp leads instantly on VenueConnect.","Top Photographers in Darbargadh, Morbi",photographers in Darbargadh Morbi,"photographers near Darbargadh, photographers Darbargadh Morbi, best photographers near Darbargadh",Transactional (Hyper-local),Medium
Vendor + City Area,"Caterers in Darbargadh, Morbi | VenueConnect",/morbi/darbargadh/vendors/caterers/,"Top Caterers in Darbargadh, Morbi | Hire Near You - VenueConnect","Find the best caterers in Darbargadh, Morbi for your event. Browse verified profiles, compare pricing & get WhatsApp leads instantly on VenueConnect.","Top Caterers in Darbargadh, Morbi",caterers in Darbargadh Morbi,"caterers near Darbargadh, caterers Darbargadh Morbi, best caterers near Darbargadh",Transactional (Hyper-local),Medium
Vendor + City Area,"Decorators in Darbargadh, Morbi | VenueConnect",/morbi/darbargadh/vendors/decorators/,"Top Decorators in Darbargadh, Morbi | Hire Near You - VenueConnect","Find the best decorators in Darbargadh, Morbi for your event. Browse verified profiles, compare pricing & get WhatsApp leads instantly on VenueConnect.","Top Decorators in Darbargadh, Morbi",decorators in Darbargadh Morbi,"decorators near Darbargadh, decorators Darbargadh Morbi, best decorators near Darbargadh",Transactional (Hyper-local),Medium
Vendor + City Area,"Mehndi Artists in Darbargadh, Morbi | VenueConnect",/morbi/darbargadh/vendors/mehndi-artists/,"Top Mehndi Artists in Darbargadh, Morbi | Hire Near You - VenueConnect","Find the best mehndi artists in Darbargadh, Morbi for your event. Browse verified profiles, compare pricing & get WhatsApp leads instantly on VenueConnect.","Top Mehndi Artists in Darbargadh, Morbi",mehndi artists in Darbargadh Morbi,"mehndi artists near Darbargadh, mehndi artists Darbargadh Morbi, best mehndi artists near Darbargadh",Transactional (Hyper-local),Medium
Vendor + City Area,"Photographers in Gundala Road, Morbi | VenueConnect",/morbi/gundala-road/vendors/photographers/,"Top Photographers in Gundala Road, Morbi | Hire Near You - VenueConnect","Find the best photographers in Gundala Road, Morbi for your event. Browse verified profiles, compare pricing & get WhatsApp leads instantly on VenueConnect.","Top Photographers in Gundala Road, Morbi",photographers in Gundala Road Morbi,"photographers near Gundala Road, photographers Gundala Road Morbi, best photographers near Gundala Road",Transactional (Hyper-local),Medium
Vendor + City Area,"Caterers in Gundala Road, Morbi | VenueConnect",/morbi/gundala-road/vendors/caterers/,"Top Caterers in Gundala Road, Morbi | Hire Near You - VenueConnect","Find the best caterers in Gundala Road, Morbi for your event. Browse verified profiles, compare pricing & get WhatsApp leads instantly on VenueConnect.","Top Caterers in Gundala Road, Morbi",caterers in Gundala Road Morbi,"caterers near Gundala Road, caterers Gundala Road Morbi, best caterers near Gundala Road",Transactional (Hyper-local),Medium
Vendor + City Area,"Decorators in Gundala Road, Morbi | VenueConnect",/morbi/gundala-road/vendors/decorators/,"Top Decorators in Gundala Road, Morbi | Hire Near You - VenueConnect","Find the best decorators in Gundala Road, Morbi for your event. Browse verified profiles, compare pricing & get WhatsApp leads instantly on VenueConnect.","Top Decorators in Gundala Road, Morbi",decorators in Gundala Road Morbi,"decorators near Gundala Road, decorators Gundala Road Morbi, best decorators near Gundala Road",Transactional (Hyper-local),Medium
Vendor + City Area,"Mehndi Artists in Gundala Road, Morbi | VenueConnect",/morbi/gundala-road/vendors/mehndi-artists/,"Top Mehndi Artists in Gundala Road, Morbi | Hire Near You - VenueConnect","Find the best mehndi artists in Gundala Road, Morbi for your event. Browse verified profiles, compare pricing & get WhatsApp leads instantly on VenueConnect.","Top Mehndi Artists in Gundala Road, Morbi",mehndi artists in Gundala Road Morbi,"mehndi artists near Gundala Road, mehndi artists Gundala Road Morbi, best mehndi artists near Gundala Road",Transactional (Hyper-local),Medium
Vendor + City Area,"Photographers in Halar Road, Morbi | VenueConnect",/morbi/halar-road/vendors/photographers/,"Top Photographers in Halar Road, Morbi | Hire Near You - VenueConnect","Find the best photographers in Halar Road, Morbi for your event. Browse verified profiles, compare pricing & get WhatsApp leads instantly on VenueConnect.","Top Photographers in Halar Road, Morbi",photographers in Halar Road Morbi,"photographers near Halar Road, photographers Halar Road Morbi, best photographers near Halar Road",Transactional (Hyper-local),Medium
Vendor + City Area,"Caterers in Halar Road, Morbi | VenueConnect",/morbi/halar-road/vendors/caterers/,"Top Caterers in Halar Road, Morbi | Hire Near You - VenueConnect","Find the best caterers in Halar Road, Morbi for your event. Browse verified profiles, compare pricing & get WhatsApp leads instantly on VenueConnect.","Top Caterers in Halar Road, Morbi",caterers in Halar Road Morbi,"caterers near Halar Road, caterers Halar Road Morbi, best caterers near Halar Road",Transactional (Hyper-local),Medium
Vendor + City Area,"Decorators in Halar Road, Morbi | VenueConnect",/morbi/halar-road/vendors/decorators/,"Top Decorators in Halar Road, Morbi | Hire Near You - VenueConnect","Find the best decorators in Halar Road, Morbi for your event. Browse verified profiles, compare pricing & get WhatsApp leads instantly on VenueConnect.","Top Decorators in Halar Road, Morbi",decorators in Halar Road Morbi,"decorators near Halar Road, decorators Halar Road Morbi, best decorators near Halar Road",Transactional (Hyper-local),Medium
Vendor + City Area,"Mehndi Artists in Halar Road, Morbi | VenueConnect",/morbi/halar-road/vendors/mehndi-artists/,"Top Mehndi Artists in Halar Road, Morbi | Hire Near You - VenueConnect","Find the best mehndi artists in Halar Road, Morbi for your event. Browse verified profiles, compare pricing & get WhatsApp leads instantly on VenueConnect.","Top Mehndi Artists in Halar Road, Morbi",mehndi artists in Halar Road Morbi,"mehndi artists near Halar Road, mehndi artists Halar Road Morbi, best mehndi artists near Halar Road",Transactional (Hyper-local),Medium
Vendor + City Area,"Photographers in Juna Bus Stand, Morbi | VenueConnect",/morbi/juna-bus-stand/vendors/photographers/,"Top Photographers in Juna Bus Stand, Morbi | Hire Near You - VenueConnect","Find the best photographers in Juna Bus Stand, Morbi for your event. Browse verified profiles, compare pricing & get WhatsApp leads instantly on VenueConnect.","Top Photographers in Juna Bus Stand, Morbi",photographers in Juna Bus Stand Morbi,"photographers near Juna Bus Stand, photographers Juna Bus Stand Morbi, best photographers near Juna Bus Stand",Transactional (Hyper-local),Medium
Vendor + City Area,"Caterers in Juna Bus Stand, Morbi | VenueConnect",/morbi/juna-bus-stand/vendors/caterers/,"Top Caterers in Juna Bus Stand, Morbi | Hire Near You - VenueConnect","Find the best caterers in Juna Bus Stand, Morbi for your event. Browse verified profiles, compare pricing & get WhatsApp leads instantly on VenueConnect.","Top Caterers in Juna Bus Stand, Morbi",caterers in Juna Bus Stand Morbi,"caterers near Juna Bus Stand, caterers Juna Bus Stand Morbi, best caterers near Juna Bus Stand",Transactional (Hyper-local),Medium
Vendor + City Area,"Decorators in Juna Bus Stand, Morbi | VenueConnect",/morbi/juna-bus-stand/vendors/decorators/,"Top Decorators in Juna Bus Stand, Morbi | Hire Near You - VenueConnect","Find the best decorators in Juna Bus Stand, Morbi for your event. Browse verified profiles, compare pricing & get WhatsApp leads instantly on VenueConnect.","Top Decorators in Juna Bus Stand, Morbi",decorators in Juna Bus Stand Morbi,"decorators near Juna Bus Stand, decorators Juna Bus Stand Morbi, best decorators near Juna Bus Stand",Transactional (Hyper-local),Medium
Vendor + City Area,"Mehndi Artists in Juna Bus Stand, Morbi | VenueConnect",/morbi/juna-bus-stand/vendors/mehndi-artists/,"Top Mehndi Artists in Juna Bus Stand, Morbi | Hire Near You - VenueConnect","Find the best mehndi artists in Juna Bus Stand, Morbi for your event. Browse verified profiles, compare pricing & get WhatsApp leads instantly on VenueConnect.","Top Mehndi Artists in Juna Bus Stand, Morbi",mehndi artists in Juna Bus Stand Morbi,"mehndi artists near Juna Bus Stand, mehndi artists Juna Bus Stand Morbi, best mehndi artists near Juna Bus Stand",Transactional (Hyper-local),Medium
Vendor + City Area,"Photographers in Kandorna Road, Morbi | VenueConnect",/morbi/kandorna-road/vendors/photographers/,"Top Photographers in Kandorna Road, Morbi | Hire Near You - VenueConnect","Find the best photographers in Kandorna Road, Morbi for your event. Browse verified profiles, compare pricing & get WhatsApp leads instantly on VenueConnect.","Top Photographers in Kandorna Road, Morbi",photographers in Kandorna Road Morbi,"photographers near Kandorna Road, photographers Kandorna Road Morbi, best photographers near Kandorna Road",Transactional (Hyper-local),Medium
Vendor + City Area,"Caterers in Kandorna Road, Morbi | VenueConnect",/morbi/kandorna-road/vendors/caterers/,"Top Caterers in Kandorna Road, Morbi | Hire Near You - VenueConnect","Find the best caterers in Kandorna Road, Morbi for your event. Browse verified profiles, compare pricing & get WhatsApp leads instantly on VenueConnect.","Top Caterers in Kandorna Road, Morbi",caterers in Kandorna Road Morbi,"caterers near Kandorna Road, caterers Kandorna Road Morbi, best caterers near Kandorna Road",Transactional (Hyper-local),Medium
Vendor + City Area,"Decorators in Kandorna Road, Morbi | VenueConnect",/morbi/kandorna-road/vendors/decorators/,"Top Decorators in Kandorna Road, Morbi | Hire Near You - VenueConnect","Find the best decorators in Kandorna Road, Morbi for your event. Browse verified profiles, compare pricing & get WhatsApp leads instantly on VenueConnect.","Top Decorators in Kandorna Road, Morbi",decorators in Kandorna Road Morbi,"decorators near Kandorna Road, decorators Kandorna Road Morbi, best decorators near Kandorna Road",Transactional (Hyper-local),Medium
Vendor + City Area,"Mehndi Artists in Kandorna Road, Morbi | VenueConnect",/morbi/kandorna-road/vendors/mehndi-artists/,"Top Mehndi Artists in Kandorna Road, Morbi | Hire Near You - VenueConnect","Find the best mehndi artists in Kandorna Road, Morbi for your event. Browse verified profiles, compare pricing & get WhatsApp leads instantly on VenueConnect.","Top Mehndi Artists in Kandorna Road, Morbi",mehndi artists in Kandorna Road Morbi,"mehndi artists near Kandorna Road, mehndi artists Kandorna Road Morbi, best mehndi artists near Kandorna Road",Transactional (Hyper-local),Medium
Vendor + City Area,"Photographers in Khunti Road, Morbi | VenueConnect",/morbi/khunti-road/vendors/photographers/,"Top Photographers in Khunti Road, Morbi | Hire Near You - VenueConnect","Find the best photographers in Khunti Road, Morbi for your event. Browse verified profiles, compare pricing & get WhatsApp leads instantly on VenueConnect.","Top Photographers in Khunti Road, Morbi",photographers in Khunti Road Morbi,"photographers near Khunti Road, photographers Khunti Road Morbi, best photographers near Khunti Road",Transactional (Hyper-local),Medium
Vendor + City Area,"Caterers in Khunti Road, Morbi | VenueConnect",/morbi/khunti-road/vendors/caterers/,"Top Caterers in Khunti Road, Morbi | Hire Near You - VenueConnect","Find the best caterers in Khunti Road, Morbi for your event. Browse verified profiles, compare pricing & get WhatsApp leads instantly on VenueConnect.","Top Caterers in Khunti Road, Morbi",caterers in Khunti Road Morbi,"caterers near Khunti Road, caterers Khunti Road Morbi, best caterers near Khunti Road",Transactional (Hyper-local),Medium
Vendor + City Area,"Decorators in Khunti Road, Morbi | VenueConnect",/morbi/khunti-road/vendors/decorators/,"Top Decorators in Khunti Road, Morbi | Hire Near You - VenueConnect","Find the best decorators in Khunti Road, Morbi for your event. Browse verified profiles, compare pricing & get WhatsApp leads instantly on VenueConnect.","Top Decorators in Khunti Road, Morbi",decorators in Khunti Road Morbi,"decorators near Khunti Road, decorators Khunti Road Morbi, best decorators near Khunti Road",Transactional (Hyper-local),Medium
Vendor + City Area,"Mehndi Artists in Khunti Road, Morbi | VenueConnect",/morbi/khunti-road/vendors/mehndi-artists/,"Top Mehndi Artists in Khunti Road, Morbi | Hire Near You - VenueConnect","Find the best mehndi artists in Khunti Road, Morbi for your event. Browse verified profiles, compare pricing & get WhatsApp leads instantly on VenueConnect.","Top Mehndi Artists in Khunti Road, Morbi",mehndi artists in Khunti Road Morbi,"mehndi artists near Khunti Road, mehndi artists Khunti Road Morbi, best mehndi artists near Khunti Road",Transactional (Hyper-local),Medium
Vendor + City Area,"Photographers in Limbdi Road, Morbi | VenueConnect",/morbi/limbdi-road/vendors/photographers/,"Top Photographers in Limbdi Road, Morbi | Hire Near You - VenueConnect","Find the best photographers in Limbdi Road, Morbi for your event. Browse verified profiles, compare pricing & get WhatsApp leads instantly on VenueConnect.","Top Photographers in Limbdi Road, Morbi",photographers in Limbdi Road Morbi,"photographers near Limbdi Road, photographers Limbdi Road Morbi, best photographers near Limbdi Road",Transactional (Hyper-local),Medium
Vendor + City Area,"Caterers in Limbdi Road, Morbi | VenueConnect",/morbi/limbdi-road/vendors/caterers/,"Top Caterers in Limbdi Road, Morbi | Hire Near You - VenueConnect","Find the best caterers in Limbdi Road, Morbi for your event. Browse verified profiles, compare pricing & get WhatsApp leads instantly on VenueConnect.","Top Caterers in Limbdi Road, Morbi",caterers in Limbdi Road Morbi,"caterers near Limbdi Road, caterers Limbdi Road Morbi, best caterers near Limbdi Road",Transactional (Hyper-local),Medium
Vendor + City Area,"Decorators in Limbdi Road, Morbi | VenueConnect",/morbi/limbdi-road/vendors/decorators/,"Top Decorators in Limbdi Road, Morbi | Hire Near You - VenueConnect","Find the best decorators in Limbdi Road, Morbi for your event. Browse verified profiles, compare pricing & get WhatsApp leads instantly on VenueConnect.","Top Decorators in Limbdi Road, Morbi",decorators in Limbdi Road Morbi,"decorators near Limbdi Road, decorators Limbdi Road Morbi, best decorators near Limbdi Road",Transactional (Hyper-local),Medium
Vendor + City Area,"Mehndi Artists in Limbdi Road, Morbi | VenueConnect",/morbi/limbdi-road/vendors/mehndi-artists/,"Top Mehndi Artists in Limbdi Road, Morbi | Hire Near You - VenueConnect","Find the best mehndi artists in Limbdi Road, Morbi for your event. Browse verified profiles, compare pricing & get WhatsApp leads instantly on VenueConnect.","Top Mehndi Artists in Limbdi Road, Morbi",mehndi artists in Limbdi Road Morbi,"mehndi artists near Limbdi Road, mehndi artists Limbdi Road Morbi, best mehndi artists near Limbdi Road",Transactional (Hyper-local),Medium
Vendor + City Area,"Photographers in Machhu River Road, Morbi | VenueConnect",/morbi/machhu-river-road/vendors/photographers/,"Top Photographers in Machhu River Road, Morbi | Hire Near You - VenueConnect","Find the best photographers in Machhu River Road, Morbi for your event. Browse verified profiles, compare pricing & get WhatsApp leads instantly on VenueConnect.","Top Photographers in Machhu River Road, Morbi",photographers in Machhu River Road Morbi,"photographers near Machhu River Road, photographers Machhu River Road Morbi, best photographers near Machhu River Road",Transactional (Hyper-local),Medium
Vendor + City Area,"Caterers in Machhu River Road, Morbi | VenueConnect",/morbi/machhu-river-road/vendors/caterers/,"Top Caterers in Machhu River Road, Morbi | Hire Near You - VenueConnect","Find the best caterers in Machhu River Road, Morbi for your event. Browse verified profiles, compare pricing & get WhatsApp leads instantly on VenueConnect.","Top Caterers in Machhu River Road, Morbi",caterers in Machhu River Road Morbi,"caterers near Machhu River Road, caterers Machhu River Road Morbi, best caterers near Machhu River Road",Transactional (Hyper-local),Medium
Vendor + City Area,"Decorators in Machhu River Road, Morbi | VenueConnect",/morbi/machhu-river-road/vendors/decorators/,"Top Decorators in Machhu River Road, Morbi | Hire Near You - VenueConnect","Find the best decorators in Machhu River Road, Morbi for your event. Browse verified profiles, compare pricing & get WhatsApp leads instantly on VenueConnect.","Top Decorators in Machhu River Road, Morbi",decorators in Machhu River Road Morbi,"decorators near Machhu River Road, decorators Machhu River Road Morbi, best decorators near Machhu River Road",Transactional (Hyper-local),Medium
Vendor + City Area,"Mehndi Artists in Machhu River Road, Morbi | VenueConnect",/morbi/machhu-river-road/vendors/mehndi-artists/,"Top Mehndi Artists in Machhu River Road, Morbi | Hire Near You - VenueConnect","Find the best mehndi artists in Machhu River Road, Morbi for your event. Browse verified profiles, compare pricing & get WhatsApp leads instantly on VenueConnect.","Top Mehndi Artists in Machhu River Road, Morbi",mehndi artists in Machhu River Road Morbi,"mehndi artists near Machhu River Road, mehndi artists Machhu River Road Morbi, best mehndi artists near Machhu River Road",Transactional (Hyper-local),Medium
Vendor + City Area,"Photographers in New Bus Stand, Morbi | VenueConnect",/morbi/new-bus-stand/vendors/photographers/,"Top Photographers in New Bus Stand, Morbi | Hire Near You - VenueConnect","Find the best photographers in New Bus Stand, Morbi for your event. Browse verified profiles, compare pricing & get WhatsApp leads instantly on VenueConnect.","Top Photographers in New Bus Stand, Morbi",photographers in New Bus Stand Morbi,"photographers near New Bus Stand, photographers New Bus Stand Morbi, best photographers near New Bus Stand",Transactional (Hyper-local),Medium
Vendor + City Area,"Caterers in New Bus Stand, Morbi | VenueConnect",/morbi/new-bus-stand/vendors/caterers/,"Top Caterers in New Bus Stand, Morbi | Hire Near You - VenueConnect","Find the best caterers in New Bus Stand, Morbi for your event. Browse verified profiles, compare pricing & get WhatsApp leads instantly on VenueConnect.","Top Caterers in New Bus Stand, Morbi",caterers in New Bus Stand Morbi,"caterers near New Bus Stand, caterers New Bus Stand Morbi, best caterers near New Bus Stand",Transactional (Hyper-local),Medium
Vendor + City Area,"Decorators in New Bus Stand, Morbi | VenueConnect",/morbi/new-bus-stand/vendors/decorators/,"Top Decorators in New Bus Stand, Morbi | Hire Near You - VenueConnect","Find the best decorators in New Bus Stand, Morbi for your event. Browse verified profiles, compare pricing & get WhatsApp leads instantly on VenueConnect.","Top Decorators in New Bus Stand, Morbi",decorators in New Bus Stand Morbi,"decorators near New Bus Stand, decorators New Bus Stand Morbi, best decorators near New Bus Stand",Transactional (Hyper-local),Medium
Vendor + City Area,"Mehndi Artists in New Bus Stand, Morbi | VenueConnect",/morbi/new-bus-stand/vendors/mehndi-artists/,"Top Mehndi Artists in New Bus Stand, Morbi | Hire Near You - VenueConnect","Find the best mehndi artists in New Bus Stand, Morbi for your event. Browse verified profiles, compare pricing & get WhatsApp leads instantly on VenueConnect.","Top Mehndi Artists in New Bus Stand, Morbi",mehndi artists in New Bus Stand Morbi,"mehndi artists near New Bus Stand, mehndi artists New Bus Stand Morbi, best mehndi artists near New Bus Stand",Transactional (Hyper-local),Medium
Vendor + City Area,"Photographers in Sanala Road, Morbi | VenueConnect",/morbi/sanala-road/vendors/photographers/,"Top Photographers in Sanala Road, Morbi | Hire Near You - VenueConnect","Find the best photographers in Sanala Road, Morbi for your event. Browse verified profiles, compare pricing & get WhatsApp leads instantly on VenueConnect.","Top Photographers in Sanala Road, Morbi",photographers in Sanala Road Morbi,"photographers near Sanala Road, photographers Sanala Road Morbi, best photographers near Sanala Road",Transactional (Hyper-local),Medium
Vendor + City Area,"Caterers in Sanala Road, Morbi | VenueConnect",/morbi/sanala-road/vendors/caterers/,"Top Caterers in Sanala Road, Morbi | Hire Near You - VenueConnect","Find the best caterers in Sanala Road, Morbi for your event. Browse verified profiles, compare pricing & get WhatsApp leads instantly on VenueConnect.","Top Caterers in Sanala Road, Morbi",caterers in Sanala Road Morbi,"caterers near Sanala Road, caterers Sanala Road Morbi, best caterers near Sanala Road",Transactional (Hyper-local),Medium
Vendor + City Area,"Decorators in Sanala Road, Morbi | VenueConnect",/morbi/sanala-road/vendors/decorators/,"Top Decorators in Sanala Road, Morbi | Hire Near You - VenueConnect","Find the best decorators in Sanala Road, Morbi for your event. Browse verified profiles, compare pricing & get WhatsApp leads instantly on VenueConnect.","Top Decorators in Sanala Road, Morbi",decorators in Sanala Road Morbi,"decorators near Sanala Road, decorators Sanala Road Morbi, best decorators near Sanala Road",Transactional (Hyper-local),Medium
Vendor + City Area,"Mehndi Artists in Sanala Road, Morbi | VenueConnect",/morbi/sanala-road/vendors/mehndi-artists/,"Top Mehndi Artists in Sanala Road, Morbi | Hire Near You - VenueConnect","Find the best mehndi artists in Sanala Road, Morbi for your event. Browse verified profiles, compare pricing & get WhatsApp leads instantly on VenueConnect.","Top Mehndi Artists in Sanala Road, Morbi",mehndi artists in Sanala Road Morbi,"mehndi artists near Sanala Road, mehndi artists Sanala Road Morbi, best mehndi artists near Sanala Road",Transactional (Hyper-local),Medium
Vendor + City Area,"Photographers in Shapar Road, Morbi | VenueConnect",/morbi/shapar-road/vendors/photographers/,"Top Photographers in Shapar Road, Morbi | Hire Near You - VenueConnect","Find the best photographers in Shapar Road, Morbi for your event. Browse verified profiles, compare pricing & get WhatsApp leads instantly on VenueConnect.","Top Photographers in Shapar Road, Morbi",photographers in Shapar Road Morbi,"photographers near Shapar Road, photographers Shapar Road Morbi, best photographers near Shapar Road",Transactional (Hyper-local),Medium
Vendor + City Area,"Caterers in Shapar Road, Morbi | VenueConnect",/morbi/shapar-road/vendors/caterers/,"Top Caterers in Shapar Road, Morbi | Hire Near You - VenueConnect","Find the best caterers in Shapar Road, Morbi for your event. Browse verified profiles, compare pricing & get WhatsApp leads instantly on VenueConnect.","Top Caterers in Shapar Road, Morbi",caterers in Shapar Road Morbi,"caterers near Shapar Road, caterers Shapar Road Morbi, best caterers near Shapar Road",Transactional (Hyper-local),Medium
Vendor + City Area,"Decorators in Shapar Road, Morbi | VenueConnect",/morbi/shapar-road/vendors/decorators/,"Top Decorators in Shapar Road, Morbi | Hire Near You - VenueConnect","Find the best decorators in Shapar Road, Morbi for your event. Browse verified profiles, compare pricing & get WhatsApp leads instantly on VenueConnect.","Top Decorators in Shapar Road, Morbi",decorators in Shapar Road Morbi,"decorators near Shapar Road, decorators Shapar Road Morbi, best decorators near Shapar Road",Transactional (Hyper-local),Medium
Vendor + City Area,"Mehndi Artists in Shapar Road, Morbi | VenueConnect",/morbi/shapar-road/vendors/mehndi-artists/,"Top Mehndi Artists in Shapar Road, Morbi | Hire Near You - VenueConnect","Find the best mehndi artists in Shapar Road, Morbi for your event. Browse verified profiles, compare pricing & get WhatsApp leads instantly on VenueConnect.","Top Mehndi Artists in Shapar Road, Morbi",mehndi artists in Shapar Road Morbi,"mehndi artists near Shapar Road, mehndi artists Shapar Road Morbi, best mehndi artists near Shapar Road",Transactional (Hyper-local),Medium
Vendor + City Area,"Photographers in Tankara Road, Morbi | VenueConnect",/morbi/tankara-road/vendors/photographers/,"Top Photographers in Tankara Road, Morbi | Hire Near You - VenueConnect","Find the best photographers in Tankara Road, Morbi for your event. Browse verified profiles, compare pricing & get WhatsApp leads instantly on VenueConnect.","Top Photographers in Tankara Road, Morbi",photographers in Tankara Road Morbi,"photographers near Tankara Road, photographers Tankara Road Morbi, best photographers near Tankara Road",Transactional (Hyper-local),Medium
Vendor + City Area,"Caterers in Tankara Road, Morbi | VenueConnect",/morbi/tankara-road/vendors/caterers/,"Top Caterers in Tankara Road, Morbi | Hire Near You - VenueConnect","Find the best caterers in Tankara Road, Morbi for your event. Browse verified profiles, compare pricing & get WhatsApp leads instantly on VenueConnect.","Top Caterers in Tankara Road, Morbi",caterers in Tankara Road Morbi,"caterers near Tankara Road, caterers Tankara Road Morbi, best caterers near Tankara Road",Transactional (Hyper-local),Medium
Vendor + City Area,"Decorators in Tankara Road, Morbi | VenueConnect",/morbi/tankara-road/vendors/decorators/,"Top Decorators in Tankara Road, Morbi | Hire Near You - VenueConnect","Find the best decorators in Tankara Road, Morbi for your event. Browse verified profiles, compare pricing & get WhatsApp leads instantly on VenueConnect.","Top Decorators in Tankara Road, Morbi",decorators in Tankara Road Morbi,"decorators near Tankara Road, decorators Tankara Road Morbi, best decorators near Tankara Road",Transactional (Hyper-local),Medium
Vendor + City Area,"Mehndi Artists in Tankara Road, Morbi | VenueConnect",/morbi/tankara-road/vendors/mehndi-artists/,"Top Mehndi Artists in Tankara Road, Morbi | Hire Near You - VenueConnect","Find the best mehndi artists in Tankara Road, Morbi for your event. Browse verified profiles, compare pricing & get WhatsApp leads instantly on VenueConnect.","Top Mehndi Artists in Tankara Road, Morbi",mehndi artists in Tankara Road Morbi,"mehndi artists near Tankara Road, mehndi artists Tankara Road Morbi, best mehndi artists near Tankara Road",Transactional (Hyper-local),Medium
Vendor + City Area,"Photographers in Thangadh Road, Morbi | VenueConnect",/morbi/thangadh-road/vendors/photographers/,"Top Photographers in Thangadh Road, Morbi | Hire Near You - VenueConnect","Find the best photographers in Thangadh Road, Morbi for your event. Browse verified profiles, compare pricing & get WhatsApp leads instantly on VenueConnect.","Top Photographers in Thangadh Road, Morbi",photographers in Thangadh Road Morbi,"photographers near Thangadh Road, photographers Thangadh Road Morbi, best photographers near Thangadh Road",Transactional (Hyper-local),Medium
Vendor + City Area,"Caterers in Thangadh Road, Morbi | VenueConnect",/morbi/thangadh-road/vendors/caterers/,"Top Caterers in Thangadh Road, Morbi | Hire Near You - VenueConnect","Find the best caterers in Thangadh Road, Morbi for your event. Browse verified profiles, compare pricing & get WhatsApp leads instantly on VenueConnect.","Top Caterers in Thangadh Road, Morbi",caterers in Thangadh Road Morbi,"caterers near Thangadh Road, caterers Thangadh Road Morbi, best caterers near Thangadh Road",Transactional (Hyper-local),Medium
Vendor + City Area,"Decorators in Thangadh Road, Morbi | VenueConnect",/morbi/thangadh-road/vendors/decorators/,"Top Decorators in Thangadh Road, Morbi | Hire Near You - VenueConnect","Find the best decorators in Thangadh Road, Morbi for your event. Browse verified profiles, compare pricing & get WhatsApp leads instantly on VenueConnect.","Top Decorators in Thangadh Road, Morbi",decorators in Thangadh Road Morbi,"decorators near Thangadh Road, decorators Thangadh Road Morbi, best decorators near Thangadh Road",Transactional (Hyper-local),Medium
Vendor + City Area,"Mehndi Artists in Thangadh Road, Morbi | VenueConnect",/morbi/thangadh-road/vendors/mehndi-artists/,"Top Mehndi Artists in Thangadh Road, Morbi | Hire Near You - VenueConnect","Find the best mehndi artists in Thangadh Road, Morbi for your event. Browse verified profiles, compare pricing & get WhatsApp leads instantly on VenueConnect.","Top Mehndi Artists in Thangadh Road, Morbi",mehndi artists in Thangadh Road Morbi,"mehndi artists near Thangadh Road, mehndi artists Thangadh Road Morbi, best mehndi artists near Thangadh Road",Transactional (Hyper-local),Medium
Vendor + City Area,"Photographers in Vaghpur Road, Morbi | VenueConnect",/morbi/vaghpur-road/vendors/photographers/,"Top Photographers in Vaghpur Road, Morbi | Hire Near You - VenueConnect","Find the best photographers in Vaghpur Road, Morbi for your event. Browse verified profiles, compare pricing & get WhatsApp leads instantly on VenueConnect.","Top Photographers in Vaghpur Road, Morbi",photographers in Vaghpur Road Morbi,"photographers near Vaghpur Road, photographers Vaghpur Road Morbi, best photographers near Vaghpur Road",Transactional (Hyper-local),Medium
Vendor + City Area,"Caterers in Vaghpur Road, Morbi | VenueConnect",/morbi/vaghpur-road/vendors/caterers/,"Top Caterers in Vaghpur Road, Morbi | Hire Near You - VenueConnect","Find the best caterers in Vaghpur Road, Morbi for your event. Browse verified profiles, compare pricing & get WhatsApp leads instantly on VenueConnect.","Top Caterers in Vaghpur Road, Morbi",caterers in Vaghpur Road Morbi,"caterers near Vaghpur Road, caterers Vaghpur Road Morbi, best caterers near Vaghpur Road",Transactional (Hyper-local),Medium
Vendor + City Area,"Decorators in Vaghpur Road, Morbi | VenueConnect",/morbi/vaghpur-road/vendors/decorators/,"Top Decorators in Vaghpur Road, Morbi | Hire Near You - VenueConnect","Find the best decorators in Vaghpur Road, Morbi for your event. Browse verified profiles, compare pricing & get WhatsApp leads instantly on VenueConnect.","Top Decorators in Vaghpur Road, Morbi",decorators in Vaghpur Road Morbi,"decorators near Vaghpur Road, decorators Vaghpur Road Morbi, best decorators near Vaghpur Road",Transactional (Hyper-local),Medium
Vendor + City Area,"Mehndi Artists in Vaghpur Road, Morbi | VenueConnect",/morbi/vaghpur-road/vendors/mehndi-artists/,"Top Mehndi Artists in Vaghpur Road, Morbi | Hire Near You - VenueConnect","Find the best mehndi artists in Vaghpur Road, Morbi for your event. Browse verified profiles, compare pricing & get WhatsApp leads instantly on VenueConnect.","Top Mehndi Artists in Vaghpur Road, Morbi",mehndi artists in Vaghpur Road Morbi,"mehndi artists near Vaghpur Road, mehndi artists Vaghpur Road Morbi, best mehndi artists near Vaghpur Road",Transactional (Hyper-local),Medium
Vendor + City Area,"Photographers in Virani Road, Morbi | VenueConnect",/morbi/virani-road/vendors/photographers/,"Top Photographers in Virani Road, Morbi | Hire Near You - VenueConnect","Find the best photographers in Virani Road, Morbi for your event. Browse verified profiles, compare pricing & get WhatsApp leads instantly on VenueConnect.","Top Photographers in Virani Road, Morbi",photographers in Virani Road Morbi,"photographers near Virani Road, photographers Virani Road Morbi, best photographers near Virani Road",Transactional (Hyper-local),Medium
Vendor + City Area,"Caterers in Virani Road, Morbi | VenueConnect",/morbi/virani-road/vendors/caterers/,"Top Caterers in Virani Road, Morbi | Hire Near You - VenueConnect","Find the best caterers in Virani Road, Morbi for your event. Browse verified profiles, compare pricing & get WhatsApp leads instantly on VenueConnect.","Top Caterers in Virani Road, Morbi",caterers in Virani Road Morbi,"caterers near Virani Road, caterers Virani Road Morbi, best caterers near Virani Road",Transactional (Hyper-local),Medium
Vendor + City Area,"Decorators in Virani Road, Morbi | VenueConnect",/morbi/virani-road/vendors/decorators/,"Top Decorators in Virani Road, Morbi | Hire Near You - VenueConnect","Find the best decorators in Virani Road, Morbi for your event. Browse verified profiles, compare pricing & get WhatsApp leads instantly on VenueConnect.","Top Decorators in Virani Road, Morbi",decorators in Virani Road Morbi,"decorators near Virani Road, decorators Virani Road Morbi, best decorators near Virani Road",Transactional (Hyper-local),Medium
Vendor + City Area,"Mehndi Artists in Virani Road, Morbi | VenueConnect",/morbi/virani-road/vendors/mehndi-artists/,"Top Mehndi Artists in Virani Road, Morbi | Hire Near You - VenueConnect","Find the best mehndi artists in Virani Road, Morbi for your event. Browse verified profiles, compare pricing & get WhatsApp leads instantly on VenueConnect.","Top Mehndi Artists in Virani Road, Morbi",mehndi artists in Virani Road Morbi,"mehndi artists near Virani Road, mehndi artists Virani Road Morbi, best mehndi artists near Virani Road",Transactional (Hyper-local),Medium
  VENUE TYPE + CITY AREA PAGES (Hyper-local),,,,,,,,,
Page Type,Page Title,URL Slug,Meta Title,Meta Description,H1 Tag,Target Keyword,Secondary Keywords,Search Intent,Priority
Venue + City Area,"Banquet Halls in GIDC, Morbi | VenueConnect",/morbi/gidc/banquet-halls/,"Best Banquet Halls in GIDC, Morbi | Compare Near You - VenueConnect","Looking for banquet halls in GIDC, Morbi? Browse verified listings with pricing, capacity & photos. Book the perfect venue near GIDC on VenueConnect.","Best Banquet Halls in GIDC, Morbi",banquet halls in GIDC Morbi,"banquet halls near GIDC, banquet halls GIDC Morbi, affordable banquet halls near GIDC",Transactional (Hyper-local),High
Venue + City Area,"Farmhouses in GIDC, Morbi | VenueConnect",/morbi/gidc/farmhouses/,"Best Farmhouses in GIDC, Morbi | Compare Near You - VenueConnect","Looking for farmhouses in GIDC, Morbi? Browse verified listings with pricing, capacity & photos. Book the perfect venue near GIDC on VenueConnect.","Best Farmhouses in GIDC, Morbi",farmhouses in GIDC Morbi,"farmhouses near GIDC, farmhouses GIDC Morbi, affordable farmhouses near GIDC",Transactional (Hyper-local),High
Venue + City Area,"Party Plots in GIDC, Morbi | VenueConnect",/morbi/gidc/party-plots/,"Best Party Plots in GIDC, Morbi | Compare Near You - VenueConnect","Looking for party plots in GIDC, Morbi? Browse verified listings with pricing, capacity & photos. Book the perfect venue near GIDC on VenueConnect.","Best Party Plots in GIDC, Morbi",party plots in GIDC Morbi,"party plots near GIDC, party plots GIDC Morbi, affordable party plots near GIDC",Transactional (Hyper-local),High
Venue + City Area,"Banquet Halls in Wankaner Road, Morbi | VenueConnect",/morbi/wankaner-road/banquet-halls/,"Best Banquet Halls in Wankaner Road, Morbi | Compare Near You - VenueConnect","Looking for banquet halls in Wankaner Road, Morbi? Browse verified listings with pricing, capacity & photos. Book the perfect venue near Wankaner Road on VenueConnect.","Best Banquet Halls in Wankaner Road, Morbi",banquet halls in Wankaner Road Morbi,"banquet halls near Wankaner Road, banquet halls Wankaner Road Morbi, affordable banquet halls near Wankaner Road",Transactional (Hyper-local),High
Venue + City Area,"Farmhouses in Wankaner Road, Morbi | VenueConnect",/morbi/wankaner-road/farmhouses/,"Best Farmhouses in Wankaner Road, Morbi | Compare Near You - VenueConnect","Looking for farmhouses in Wankaner Road, Morbi? Browse verified listings with pricing, capacity & photos. Book the perfect venue near Wankaner Road on VenueConnect.","Best Farmhouses in Wankaner Road, Morbi",farmhouses in Wankaner Road Morbi,"farmhouses near Wankaner Road, farmhouses Wankaner Road Morbi, affordable farmhouses near Wankaner Road",Transactional (Hyper-local),High
Venue + City Area,"Party Plots in Wankaner Road, Morbi | VenueConnect",/morbi/wankaner-road/party-plots/,"Best Party Plots in Wankaner Road, Morbi | Compare Near You - VenueConnect","Looking for party plots in Wankaner Road, Morbi? Browse verified listings with pricing, capacity & photos. Book the perfect venue near Wankaner Road on VenueConnect.","Best Party Plots in Wankaner Road, Morbi",party plots in Wankaner Road Morbi,"party plots near Wankaner Road, party plots Wankaner Road Morbi, affordable party plots near Wankaner Road",Transactional (Hyper-local),High
Venue + City Area,"Banquet Halls in Halvad Road, Morbi | VenueConnect",/morbi/halvad-road/banquet-halls/,"Best Banquet Halls in Halvad Road, Morbi | Compare Near You - VenueConnect","Looking for banquet halls in Halvad Road, Morbi? Browse verified listings with pricing, capacity & photos. Book the perfect venue near Halvad Road on VenueConnect.","Best Banquet Halls in Halvad Road, Morbi",banquet halls in Halvad Road Morbi,"banquet halls near Halvad Road, banquet halls Halvad Road Morbi, affordable banquet halls near Halvad Road",Transactional (Hyper-local),High
Venue + City Area,"Farmhouses in Halvad Road, Morbi | VenueConnect",/morbi/halvad-road/farmhouses/,"Best Farmhouses in Halvad Road, Morbi | Compare Near You - VenueConnect","Looking for farmhouses in Halvad Road, Morbi? Browse verified listings with pricing, capacity & photos. Book the perfect venue near Halvad Road on VenueConnect.","Best Farmhouses in Halvad Road, Morbi",farmhouses in Halvad Road Morbi,"farmhouses near Halvad Road, farmhouses Halvad Road Morbi, affordable farmhouses near Halvad Road",Transactional (Hyper-local),High
Venue + City Area,"Party Plots in Halvad Road, Morbi | VenueConnect",/morbi/halvad-road/party-plots/,"Best Party Plots in Halvad Road, Morbi | Compare Near You - VenueConnect","Looking for party plots in Halvad Road, Morbi? Browse verified listings with pricing, capacity & photos. Book the perfect venue near Halvad Road on VenueConnect.","Best Party Plots in Halvad Road, Morbi",party plots in Halvad Road Morbi,"party plots near Halvad Road, party plots Halvad Road Morbi, affordable party plots near Halvad Road",Transactional (Hyper-local),High
Venue + City Area,"Banquet Halls in Station Road, Morbi | VenueConnect",/morbi/station-road/banquet-halls/,"Best Banquet Halls in Station Road, Morbi | Compare Near You - VenueConnect","Looking for banquet halls in Station Road, Morbi? Browse verified listings with pricing, capacity & photos. Book the perfect venue near Station Road on VenueConnect.","Best Banquet Halls in Station Road, Morbi",banquet halls in Station Road Morbi,"banquet halls near Station Road, banquet halls Station Road Morbi, affordable banquet halls near Station Road",Transactional (Hyper-local),High
Venue + City Area,"Farmhouses in Station Road, Morbi | VenueConnect",/morbi/station-road/farmhouses/,"Best Farmhouses in Station Road, Morbi | Compare Near You - VenueConnect","Looking for farmhouses in Station Road, Morbi? Browse verified listings with pricing, capacity & photos. Book the perfect venue near Station Road on VenueConnect.","Best Farmhouses in Station Road, Morbi",farmhouses in Station Road Morbi,"farmhouses near Station Road, farmhouses Station Road Morbi, affordable farmhouses near Station Road",Transactional (Hyper-local),High
Venue + City Area,"Party Plots in Station Road, Morbi | VenueConnect",/morbi/station-road/party-plots/,"Best Party Plots in Station Road, Morbi | Compare Near You - VenueConnect","Looking for party plots in Station Road, Morbi? Browse verified listings with pricing, capacity & photos. Book the perfect venue near Station Road on VenueConnect.","Best Party Plots in Station Road, Morbi",party plots in Station Road Morbi,"party plots near Station Road, party plots Station Road Morbi, affordable party plots near Station Road",Transactional (Hyper-local),High
Venue + City Area,"Banquet Halls in Ravapar Road, Morbi | VenueConnect",/morbi/ravapar-road/banquet-halls/,"Best Banquet Halls in Ravapar Road, Morbi | Compare Near You - VenueConnect","Looking for banquet halls in Ravapar Road, Morbi? Browse verified listings with pricing, capacity & photos. Book the perfect venue near Ravapar Road on VenueConnect.","Best Banquet Halls in Ravapar Road, Morbi",banquet halls in Ravapar Road Morbi,"banquet halls near Ravapar Road, banquet halls Ravapar Road Morbi, affordable banquet halls near Ravapar Road",Transactional (Hyper-local),High
Venue + City Area,"Farmhouses in Ravapar Road, Morbi | VenueConnect",/morbi/ravapar-road/farmhouses/,"Best Farmhouses in Ravapar Road, Morbi | Compare Near You - VenueConnect","Looking for farmhouses in Ravapar Road, Morbi? Browse verified listings with pricing, capacity & photos. Book the perfect venue near Ravapar Road on VenueConnect.","Best Farmhouses in Ravapar Road, Morbi",farmhouses in Ravapar Road Morbi,"farmhouses near Ravapar Road, farmhouses Ravapar Road Morbi, affordable farmhouses near Ravapar Road",Transactional (Hyper-local),High
Venue + City Area,"Party Plots in Ravapar Road, Morbi | VenueConnect",/morbi/ravapar-road/party-plots/,"Best Party Plots in Ravapar Road, Morbi | Compare Near You - VenueConnect","Looking for party plots in Ravapar Road, Morbi? Browse verified listings with pricing, capacity & photos. Book the perfect venue near Ravapar Road on VenueConnect.","Best Party Plots in Ravapar Road, Morbi",party plots in Ravapar Road Morbi,"party plots near Ravapar Road, party plots Ravapar Road Morbi, affordable party plots near Ravapar Road",Transactional (Hyper-local),High
Venue + City Area,"Banquet Halls in Maliya Road, Morbi | VenueConnect",/morbi/maliya-road/banquet-halls/,"Best Banquet Halls in Maliya Road, Morbi | Compare Near You - VenueConnect","Looking for banquet halls in Maliya Road, Morbi? Browse verified listings with pricing, capacity & photos. Book the perfect venue near Maliya Road on VenueConnect.","Best Banquet Halls in Maliya Road, Morbi",banquet halls in Maliya Road Morbi,"banquet halls near Maliya Road, banquet halls Maliya Road Morbi, affordable banquet halls near Maliya Road",Transactional (Hyper-local),High
Venue + City Area,"Farmhouses in Maliya Road, Morbi | VenueConnect",/morbi/maliya-road/farmhouses/,"Best Farmhouses in Maliya Road, Morbi | Compare Near You - VenueConnect","Looking for farmhouses in Maliya Road, Morbi? Browse verified listings with pricing, capacity & photos. Book the perfect venue near Maliya Road on VenueConnect.","Best Farmhouses in Maliya Road, Morbi",farmhouses in Maliya Road Morbi,"farmhouses near Maliya Road, farmhouses Maliya Road Morbi, affordable farmhouses near Maliya Road",Transactional (Hyper-local),High
Venue + City Area,"Party Plots in Maliya Road, Morbi | VenueConnect",/morbi/maliya-road/party-plots/,"Best Party Plots in Maliya Road, Morbi | Compare Near You - VenueConnect","Looking for party plots in Maliya Road, Morbi? Browse verified listings with pricing, capacity & photos. Book the perfect venue near Maliya Road on VenueConnect.","Best Party Plots in Maliya Road, Morbi",party plots in Maliya Road Morbi,"party plots near Maliya Road, party plots Maliya Road Morbi, affordable party plots near Maliya Road",Transactional (Hyper-local),High
Venue + City Area,"Banquet Halls in Rajkot Road, Morbi | VenueConnect",/morbi/rajkot-road/banquet-halls/,"Best Banquet Halls in Rajkot Road, Morbi | Compare Near You - VenueConnect","Looking for banquet halls in Rajkot Road, Morbi? Browse verified listings with pricing, capacity & photos. Book the perfect venue near Rajkot Road on VenueConnect.","Best Banquet Halls in Rajkot Road, Morbi",banquet halls in Rajkot Road Morbi,"banquet halls near Rajkot Road, banquet halls Rajkot Road Morbi, affordable banquet halls near Rajkot Road",Transactional (Hyper-local),High
Venue + City Area,"Farmhouses in Rajkot Road, Morbi | VenueConnect",/morbi/rajkot-road/farmhouses/,"Best Farmhouses in Rajkot Road, Morbi | Compare Near You - VenueConnect","Looking for farmhouses in Rajkot Road, Morbi? Browse verified listings with pricing, capacity & photos. Book the perfect venue near Rajkot Road on VenueConnect.","Best Farmhouses in Rajkot Road, Morbi",farmhouses in Rajkot Road Morbi,"farmhouses near Rajkot Road, farmhouses Rajkot Road Morbi, affordable farmhouses near Rajkot Road",Transactional (Hyper-local),High
Venue + City Area,"Party Plots in Rajkot Road, Morbi | VenueConnect",/morbi/rajkot-road/party-plots/,"Best Party Plots in Rajkot Road, Morbi | Compare Near You - VenueConnect","Looking for party plots in Rajkot Road, Morbi? Browse verified listings with pricing, capacity & photos. Book the perfect venue near Rajkot Road on VenueConnect.","Best Party Plots in Rajkot Road, Morbi",party plots in Rajkot Road Morbi,"party plots near Rajkot Road, party plots Rajkot Road Morbi, affordable party plots near Rajkot Road",Transactional (Hyper-local),High
Venue + City Area,"Banquet Halls in Clock Tower, Morbi | VenueConnect",/morbi/clock-tower/banquet-halls/,"Best Banquet Halls in Clock Tower, Morbi | Compare Near You - VenueConnect","Looking for banquet halls in Clock Tower, Morbi? Browse verified listings with pricing, capacity & photos. Book the perfect venue near Clock Tower on VenueConnect.","Best Banquet Halls in Clock Tower, Morbi",banquet halls in Clock Tower Morbi,"banquet halls near Clock Tower, banquet halls Clock Tower Morbi, affordable banquet halls near Clock Tower",Transactional (Hyper-local),High
Venue + City Area,"Farmhouses in Clock Tower, Morbi | VenueConnect",/morbi/clock-tower/farmhouses/,"Best Farmhouses in Clock Tower, Morbi | Compare Near You - VenueConnect","Looking for farmhouses in Clock Tower, Morbi? Browse verified listings with pricing, capacity & photos. Book the perfect venue near Clock Tower on VenueConnect.","Best Farmhouses in Clock Tower, Morbi",farmhouses in Clock Tower Morbi,"farmhouses near Clock Tower, farmhouses Clock Tower Morbi, affordable farmhouses near Clock Tower",Transactional (Hyper-local),High
Venue + City Area,"Party Plots in Clock Tower, Morbi | VenueConnect",/morbi/clock-tower/party-plots/,"Best Party Plots in Clock Tower, Morbi | Compare Near You - VenueConnect","Looking for party plots in Clock Tower, Morbi? Browse verified listings with pricing, capacity & photos. Book the perfect venue near Clock Tower on VenueConnect.","Best Party Plots in Clock Tower, Morbi",party plots in Clock Tower Morbi,"party plots near Clock Tower, party plots Clock Tower Morbi, affordable party plots near Clock Tower",Transactional (Hyper-local),High
Venue + City Area,"Banquet Halls in Court Road, Morbi | VenueConnect",/morbi/court-road/banquet-halls/,"Best Banquet Halls in Court Road, Morbi | Compare Near You - VenueConnect","Looking for banquet halls in Court Road, Morbi? Browse verified listings with pricing, capacity & photos. Book the perfect venue near Court Road on VenueConnect.","Best Banquet Halls in Court Road, Morbi",banquet halls in Court Road Morbi,"banquet halls near Court Road, banquet halls Court Road Morbi, affordable banquet halls near Court Road",Transactional (Hyper-local),High
Venue + City Area,"Farmhouses in Court Road, Morbi | VenueConnect",/morbi/court-road/farmhouses/,"Best Farmhouses in Court Road, Morbi | Compare Near You - VenueConnect","Looking for farmhouses in Court Road, Morbi? Browse verified listings with pricing, capacity & photos. Book the perfect venue near Court Road on VenueConnect.","Best Farmhouses in Court Road, Morbi",farmhouses in Court Road Morbi,"farmhouses near Court Road, farmhouses Court Road Morbi, affordable farmhouses near Court Road",Transactional (Hyper-local),High
Venue + City Area,"Party Plots in Court Road, Morbi | VenueConnect",/morbi/court-road/party-plots/,"Best Party Plots in Court Road, Morbi | Compare Near You - VenueConnect","Looking for party plots in Court Road, Morbi? Browse verified listings with pricing, capacity & photos. Book the perfect venue near Court Road on VenueConnect.","Best Party Plots in Court Road, Morbi",party plots in Court Road Morbi,"party plots near Court Road, party plots Court Road Morbi, affordable party plots near Court Road",Transactional (Hyper-local),High
Venue + City Area,"Banquet Halls in Darbargadh, Morbi | VenueConnect",/morbi/darbargadh/banquet-halls/,"Best Banquet Halls in Darbargadh, Morbi | Compare Near You - VenueConnect","Looking for banquet halls in Darbargadh, Morbi? Browse verified listings with pricing, capacity & photos. Book the perfect venue near Darbargadh on VenueConnect.","Best Banquet Halls in Darbargadh, Morbi",banquet halls in Darbargadh Morbi,"banquet halls near Darbargadh, banquet halls Darbargadh Morbi, affordable banquet halls near Darbargadh",Transactional (Hyper-local),High
Venue + City Area,"Farmhouses in Darbargadh, Morbi | VenueConnect",/morbi/darbargadh/farmhouses/,"Best Farmhouses in Darbargadh, Morbi | Compare Near You - VenueConnect","Looking for farmhouses in Darbargadh, Morbi? Browse verified listings with pricing, capacity & photos. Book the perfect venue near Darbargadh on VenueConnect.","Best Farmhouses in Darbargadh, Morbi",farmhouses in Darbargadh Morbi,"farmhouses near Darbargadh, farmhouses Darbargadh Morbi, affordable farmhouses near Darbargadh",Transactional (Hyper-local),High
Venue + City Area,"Party Plots in Darbargadh, Morbi | VenueConnect",/morbi/darbargadh/party-plots/,"Best Party Plots in Darbargadh, Morbi | Compare Near You - VenueConnect","Looking for party plots in Darbargadh, Morbi? Browse verified listings with pricing, capacity & photos. Book the perfect venue near Darbargadh on VenueConnect.","Best Party Plots in Darbargadh, Morbi",party plots in Darbargadh Morbi,"party plots near Darbargadh, party plots Darbargadh Morbi, affordable party plots near Darbargadh",Transactional (Hyper-local),High
Venue + City Area,"Banquet Halls in Gundala Road, Morbi | VenueConnect",/morbi/gundala-road/banquet-halls/,"Best Banquet Halls in Gundala Road, Morbi | Compare Near You - VenueConnect","Looking for banquet halls in Gundala Road, Morbi? Browse verified listings with pricing, capacity & photos. Book the perfect venue near Gundala Road on VenueConnect.","Best Banquet Halls in Gundala Road, Morbi",banquet halls in Gundala Road Morbi,"banquet halls near Gundala Road, banquet halls Gundala Road Morbi, affordable banquet halls near Gundala Road",Transactional (Hyper-local),High
Venue + City Area,"Farmhouses in Gundala Road, Morbi | VenueConnect",/morbi/gundala-road/farmhouses/,"Best Farmhouses in Gundala Road, Morbi | Compare Near You - VenueConnect","Looking for farmhouses in Gundala Road, Morbi? Browse verified listings with pricing, capacity & photos. Book the perfect venue near Gundala Road on VenueConnect.","Best Farmhouses in Gundala Road, Morbi",farmhouses in Gundala Road Morbi,"farmhouses near Gundala Road, farmhouses Gundala Road Morbi, affordable farmhouses near Gundala Road",Transactional (Hyper-local),High
Venue + City Area,"Party Plots in Gundala Road, Morbi | VenueConnect",/morbi/gundala-road/party-plots/,"Best Party Plots in Gundala Road, Morbi | Compare Near You - VenueConnect","Looking for party plots in Gundala Road, Morbi? Browse verified listings with pricing, capacity & photos. Book the perfect venue near Gundala Road on VenueConnect.","Best Party Plots in Gundala Road, Morbi",party plots in Gundala Road Morbi,"party plots near Gundala Road, party plots Gundala Road Morbi, affordable party plots near Gundala Road",Transactional (Hyper-local),High
Venue + City Area,"Banquet Halls in Halar Road, Morbi | VenueConnect",/morbi/halar-road/banquet-halls/,"Best Banquet Halls in Halar Road, Morbi | Compare Near You - VenueConnect","Looking for banquet halls in Halar Road, Morbi? Browse verified listings with pricing, capacity & photos. Book the perfect venue near Halar Road on VenueConnect.","Best Banquet Halls in Halar Road, Morbi",banquet halls in Halar Road Morbi,"banquet halls near Halar Road, banquet halls Halar Road Morbi, affordable banquet halls near Halar Road",Transactional (Hyper-local),High
Venue + City Area,"Farmhouses in Halar Road, Morbi | VenueConnect",/morbi/halar-road/farmhouses/,"Best Farmhouses in Halar Road, Morbi | Compare Near You - VenueConnect","Looking for farmhouses in Halar Road, Morbi? Browse verified listings with pricing, capacity & photos. Book the perfect venue near Halar Road on VenueConnect.","Best Farmhouses in Halar Road, Morbi",farmhouses in Halar Road Morbi,"farmhouses near Halar Road, farmhouses Halar Road Morbi, affordable farmhouses near Halar Road",Transactional (Hyper-local),High
Venue + City Area,"Party Plots in Halar Road, Morbi | VenueConnect",/morbi/halar-road/party-plots/,"Best Party Plots in Halar Road, Morbi | Compare Near You - VenueConnect","Looking for party plots in Halar Road, Morbi? Browse verified listings with pricing, capacity & photos. Book the perfect venue near Halar Road on VenueConnect.","Best Party Plots in Halar Road, Morbi",party plots in Halar Road Morbi,"party plots near Halar Road, party plots Halar Road Morbi, affordable party plots near Halar Road",Transactional (Hyper-local),High
Venue + City Area,"Banquet Halls in Juna Bus Stand, Morbi | VenueConnect",/morbi/juna-bus-stand/banquet-halls/,"Best Banquet Halls in Juna Bus Stand, Morbi | Compare Near You - VenueConnect","Looking for banquet halls in Juna Bus Stand, Morbi? Browse verified listings with pricing, capacity & photos. Book the perfect venue near Juna Bus Stand on VenueConnect.","Best Banquet Halls in Juna Bus Stand, Morbi",banquet halls in Juna Bus Stand Morbi,"banquet halls near Juna Bus Stand, banquet halls Juna Bus Stand Morbi, affordable banquet halls near Juna Bus Stand",Transactional (Hyper-local),High
Venue + City Area,"Farmhouses in Juna Bus Stand, Morbi | VenueConnect",/morbi/juna-bus-stand/farmhouses/,"Best Farmhouses in Juna Bus Stand, Morbi | Compare Near You - VenueConnect","Looking for farmhouses in Juna Bus Stand, Morbi? Browse verified listings with pricing, capacity & photos. Book the perfect venue near Juna Bus Stand on VenueConnect.","Best Farmhouses in Juna Bus Stand, Morbi",farmhouses in Juna Bus Stand Morbi,"farmhouses near Juna Bus Stand, farmhouses Juna Bus Stand Morbi, affordable farmhouses near Juna Bus Stand",Transactional (Hyper-local),High
Venue + City Area,"Party Plots in Juna Bus Stand, Morbi | VenueConnect",/morbi/juna-bus-stand/party-plots/,"Best Party Plots in Juna Bus Stand, Morbi | Compare Near You - VenueConnect","Looking for party plots in Juna Bus Stand, Morbi? Browse verified listings with pricing, capacity & photos. Book the perfect venue near Juna Bus Stand on VenueConnect.","Best Party Plots in Juna Bus Stand, Morbi",party plots in Juna Bus Stand Morbi,"party plots near Juna Bus Stand, party plots Juna Bus Stand Morbi, affordable party plots near Juna Bus Stand",Transactional (Hyper-local),High
Venue + City Area,"Banquet Halls in Kandorna Road, Morbi | VenueConnect",/morbi/kandorna-road/banquet-halls/,"Best Banquet Halls in Kandorna Road, Morbi | Compare Near You - VenueConnect","Looking for banquet halls in Kandorna Road, Morbi? Browse verified listings with pricing, capacity & photos. Book the perfect venue near Kandorna Road on VenueConnect.","Best Banquet Halls in Kandorna Road, Morbi",banquet halls in Kandorna Road Morbi,"banquet halls near Kandorna Road, banquet halls Kandorna Road Morbi, affordable banquet halls near Kandorna Road",Transactional (Hyper-local),High
Venue + City Area,"Farmhouses in Kandorna Road, Morbi | VenueConnect",/morbi/kandorna-road/farmhouses/,"Best Farmhouses in Kandorna Road, Morbi | Compare Near You - VenueConnect","Looking for farmhouses in Kandorna Road, Morbi? Browse verified listings with pricing, capacity & photos. Book the perfect venue near Kandorna Road on VenueConnect.","Best Farmhouses in Kandorna Road, Morbi",farmhouses in Kandorna Road Morbi,"farmhouses near Kandorna Road, farmhouses Kandorna Road Morbi, affordable farmhouses near Kandorna Road",Transactional (Hyper-local),High
Venue + City Area,"Party Plots in Kandorna Road, Morbi | VenueConnect",/morbi/kandorna-road/party-plots/,"Best Party Plots in Kandorna Road, Morbi | Compare Near You - VenueConnect","Looking for party plots in Kandorna Road, Morbi? Browse verified listings with pricing, capacity & photos. Book the perfect venue near Kandorna Road on VenueConnect.","Best Party Plots in Kandorna Road, Morbi",party plots in Kandorna Road Morbi,"party plots near Kandorna Road, party plots Kandorna Road Morbi, affordable party plots near Kandorna Road",Transactional (Hyper-local),High
Venue + City Area,"Banquet Halls in Khunti Road, Morbi | VenueConnect",/morbi/khunti-road/banquet-halls/,"Best Banquet Halls in Khunti Road, Morbi | Compare Near You - VenueConnect","Looking for banquet halls in Khunti Road, Morbi? Browse verified listings with pricing, capacity & photos. Book the perfect venue near Khunti Road on VenueConnect.","Best Banquet Halls in Khunti Road, Morbi",banquet halls in Khunti Road Morbi,"banquet halls near Khunti Road, banquet halls Khunti Road Morbi, affordable banquet halls near Khunti Road",Transactional (Hyper-local),High
Venue + City Area,"Farmhouses in Khunti Road, Morbi | VenueConnect",/morbi/khunti-road/farmhouses/,"Best Farmhouses in Khunti Road, Morbi | Compare Near You - VenueConnect","Looking for farmhouses in Khunti Road, Morbi? Browse verified listings with pricing, capacity & photos. Book the perfect venue near Khunti Road on VenueConnect.","Best Farmhouses in Khunti Road, Morbi",farmhouses in Khunti Road Morbi,"farmhouses near Khunti Road, farmhouses Khunti Road Morbi, affordable farmhouses near Khunti Road",Transactional (Hyper-local),High
Venue + City Area,"Party Plots in Khunti Road, Morbi | VenueConnect",/morbi/khunti-road/party-plots/,"Best Party Plots in Khunti Road, Morbi | Compare Near You - VenueConnect","Looking for party plots in Khunti Road, Morbi? Browse verified listings with pricing, capacity & photos. Book the perfect venue near Khunti Road on VenueConnect.","Best Party Plots in Khunti Road, Morbi",party plots in Khunti Road Morbi,"party plots near Khunti Road, party plots Khunti Road Morbi, affordable party plots near Khunti Road",Transactional (Hyper-local),High
Venue + City Area,"Banquet Halls in Limbdi Road, Morbi | VenueConnect",/morbi/limbdi-road/banquet-halls/,"Best Banquet Halls in Limbdi Road, Morbi | Compare Near You - VenueConnect","Looking for banquet halls in Limbdi Road, Morbi? Browse verified listings with pricing, capacity & photos. Book the perfect venue near Limbdi Road on VenueConnect.","Best Banquet Halls in Limbdi Road, Morbi",banquet halls in Limbdi Road Morbi,"banquet halls near Limbdi Road, banquet halls Limbdi Road Morbi, affordable banquet halls near Limbdi Road",Transactional (Hyper-local),High
Venue + City Area,"Farmhouses in Limbdi Road, Morbi | VenueConnect",/morbi/limbdi-road/farmhouses/,"Best Farmhouses in Limbdi Road, Morbi | Compare Near You - VenueConnect","Looking for farmhouses in Limbdi Road, Morbi? Browse verified listings with pricing, capacity & photos. Book the perfect venue near Limbdi Road on VenueConnect.","Best Farmhouses in Limbdi Road, Morbi",farmhouses in Limbdi Road Morbi,"farmhouses near Limbdi Road, farmhouses Limbdi Road Morbi, affordable farmhouses near Limbdi Road",Transactional (Hyper-local),High
Venue + City Area,"Party Plots in Limbdi Road, Morbi | VenueConnect",/morbi/limbdi-road/party-plots/,"Best Party Plots in Limbdi Road, Morbi | Compare Near You - VenueConnect","Looking for party plots in Limbdi Road, Morbi? Browse verified listings with pricing, capacity & photos. Book the perfect venue near Limbdi Road on VenueConnect.","Best Party Plots in Limbdi Road, Morbi",party plots in Limbdi Road Morbi,"party plots near Limbdi Road, party plots Limbdi Road Morbi, affordable party plots near Limbdi Road",Transactional (Hyper-local),High
Venue + City Area,"Banquet Halls in Machhu River Road, Morbi | VenueConnect",/morbi/machhu-river-road/banquet-halls/,"Best Banquet Halls in Machhu River Road, Morbi | Compare Near You - VenueConnect","Looking for banquet halls in Machhu River Road, Morbi? Browse verified listings with pricing, capacity & photos. Book the perfect venue near Machhu River Road on VenueConnect.","Best Banquet Halls in Machhu River Road, Morbi",banquet halls in Machhu River Road Morbi,"banquet halls near Machhu River Road, banquet halls Machhu River Road Morbi, affordable banquet halls near Machhu River Road",Transactional (Hyper-local),High
Venue + City Area,"Farmhouses in Machhu River Road, Morbi | VenueConnect",/morbi/machhu-river-road/farmhouses/,"Best Farmhouses in Machhu River Road, Morbi | Compare Near You - VenueConnect","Looking for farmhouses in Machhu River Road, Morbi? Browse verified listings with pricing, capacity & photos. Book the perfect venue near Machhu River Road on VenueConnect.","Best Farmhouses in Machhu River Road, Morbi",farmhouses in Machhu River Road Morbi,"farmhouses near Machhu River Road, farmhouses Machhu River Road Morbi, affordable farmhouses near Machhu River Road",Transactional (Hyper-local),High
Venue + City Area,"Party Plots in Machhu River Road, Morbi | VenueConnect",/morbi/machhu-river-road/party-plots/,"Best Party Plots in Machhu River Road, Morbi | Compare Near You - VenueConnect","Looking for party plots in Machhu River Road, Morbi? Browse verified listings with pricing, capacity & photos. Book the perfect venue near Machhu River Road on VenueConnect.","Best Party Plots in Machhu River Road, Morbi",party plots in Machhu River Road Morbi,"party plots near Machhu River Road, party plots Machhu River Road Morbi, affordable party plots near Machhu River Road",Transactional (Hyper-local),High
Venue + City Area,"Banquet Halls in New Bus Stand, Morbi | VenueConnect",/morbi/new-bus-stand/banquet-halls/,"Best Banquet Halls in New Bus Stand, Morbi | Compare Near You - VenueConnect","Looking for banquet halls in New Bus Stand, Morbi? Browse verified listings with pricing, capacity & photos. Book the perfect venue near New Bus Stand on VenueConnect.","Best Banquet Halls in New Bus Stand, Morbi",banquet halls in New Bus Stand Morbi,"banquet halls near New Bus Stand, banquet halls New Bus Stand Morbi, affordable banquet halls near New Bus Stand",Transactional (Hyper-local),High
Venue + City Area,"Farmhouses in New Bus Stand, Morbi | VenueConnect",/morbi/new-bus-stand/farmhouses/,"Best Farmhouses in New Bus Stand, Morbi | Compare Near You - VenueConnect","Looking for farmhouses in New Bus Stand, Morbi? Browse verified listings with pricing, capacity & photos. Book the perfect venue near New Bus Stand on VenueConnect.","Best Farmhouses in New Bus Stand, Morbi",farmhouses in New Bus Stand Morbi,"farmhouses near New Bus Stand, farmhouses New Bus Stand Morbi, affordable farmhouses near New Bus Stand",Transactional (Hyper-local),High
Venue + City Area,"Party Plots in New Bus Stand, Morbi | VenueConnect",/morbi/new-bus-stand/party-plots/,"Best Party Plots in New Bus Stand, Morbi | Compare Near You - VenueConnect","Looking for party plots in New Bus Stand, Morbi? Browse verified listings with pricing, capacity & photos. Book the perfect venue near New Bus Stand on VenueConnect.","Best Party Plots in New Bus Stand, Morbi",party plots in New Bus Stand Morbi,"party plots near New Bus Stand, party plots New Bus Stand Morbi, affordable party plots near New Bus Stand",Transactional (Hyper-local),High
Venue + City Area,"Banquet Halls in Sanala Road, Morbi | VenueConnect",/morbi/sanala-road/banquet-halls/,"Best Banquet Halls in Sanala Road, Morbi | Compare Near You - VenueConnect","Looking for banquet halls in Sanala Road, Morbi? Browse verified listings with pricing, capacity & photos. Book the perfect venue near Sanala Road on VenueConnect.","Best Banquet Halls in Sanala Road, Morbi",banquet halls in Sanala Road Morbi,"banquet halls near Sanala Road, banquet halls Sanala Road Morbi, affordable banquet halls near Sanala Road",Transactional (Hyper-local),High
Venue + City Area,"Farmhouses in Sanala Road, Morbi | VenueConnect",/morbi/sanala-road/farmhouses/,"Best Farmhouses in Sanala Road, Morbi | Compare Near You - VenueConnect","Looking for farmhouses in Sanala Road, Morbi? Browse verified listings with pricing, capacity & photos. Book the perfect venue near Sanala Road on VenueConnect.","Best Farmhouses in Sanala Road, Morbi",farmhouses in Sanala Road Morbi,"farmhouses near Sanala Road, farmhouses Sanala Road Morbi, affordable farmhouses near Sanala Road",Transactional (Hyper-local),High
Venue + City Area,"Party Plots in Sanala Road, Morbi | VenueConnect",/morbi/sanala-road/party-plots/,"Best Party Plots in Sanala Road, Morbi | Compare Near You - VenueConnect","Looking for party plots in Sanala Road, Morbi? Browse verified listings with pricing, capacity & photos. Book the perfect venue near Sanala Road on VenueConnect.","Best Party Plots in Sanala Road, Morbi",party plots in Sanala Road Morbi,"party plots near Sanala Road, party plots Sanala Road Morbi, affordable party plots near Sanala Road",Transactional (Hyper-local),High
Venue + City Area,"Banquet Halls in Shapar Road, Morbi | VenueConnect",/morbi/shapar-road/banquet-halls/,"Best Banquet Halls in Shapar Road, Morbi | Compare Near You - VenueConnect","Looking for banquet halls in Shapar Road, Morbi? Browse verified listings with pricing, capacity & photos. Book the perfect venue near Shapar Road on VenueConnect.","Best Banquet Halls in Shapar Road, Morbi",banquet halls in Shapar Road Morbi,"banquet halls near Shapar Road, banquet halls Shapar Road Morbi, affordable banquet halls near Shapar Road",Transactional (Hyper-local),High
Venue + City Area,"Farmhouses in Shapar Road, Morbi | VenueConnect",/morbi/shapar-road/farmhouses/,"Best Farmhouses in Shapar Road, Morbi | Compare Near You - VenueConnect","Looking for farmhouses in Shapar Road, Morbi? Browse verified listings with pricing, capacity & photos. Book the perfect venue near Shapar Road on VenueConnect.","Best Farmhouses in Shapar Road, Morbi",farmhouses in Shapar Road Morbi,"farmhouses near Shapar Road, farmhouses Shapar Road Morbi, affordable farmhouses near Shapar Road",Transactional (Hyper-local),High
Venue + City Area,"Party Plots in Shapar Road, Morbi | VenueConnect",/morbi/shapar-road/party-plots/,"Best Party Plots in Shapar Road, Morbi | Compare Near You - VenueConnect","Looking for party plots in Shapar Road, Morbi? Browse verified listings with pricing, capacity & photos. Book the perfect venue near Shapar Road on VenueConnect.","Best Party Plots in Shapar Road, Morbi",party plots in Shapar Road Morbi,"party plots near Shapar Road, party plots Shapar Road Morbi, affordable party plots near Shapar Road",Transactional (Hyper-local),High
Venue + City Area,"Banquet Halls in Tankara Road, Morbi | VenueConnect",/morbi/tankara-road/banquet-halls/,"Best Banquet Halls in Tankara Road, Morbi | Compare Near You - VenueConnect","Looking for banquet halls in Tankara Road, Morbi? Browse verified listings with pricing, capacity & photos. Book the perfect venue near Tankara Road on VenueConnect.","Best Banquet Halls in Tankara Road, Morbi",banquet halls in Tankara Road Morbi,"banquet halls near Tankara Road, banquet halls Tankara Road Morbi, affordable banquet halls near Tankara Road",Transactional (Hyper-local),High
Venue + City Area,"Farmhouses in Tankara Road, Morbi | VenueConnect",/morbi/tankara-road/farmhouses/,"Best Farmhouses in Tankara Road, Morbi | Compare Near You - VenueConnect","Looking for farmhouses in Tankara Road, Morbi? Browse verified listings with pricing, capacity & photos. Book the perfect venue near Tankara Road on VenueConnect.","Best Farmhouses in Tankara Road, Morbi",farmhouses in Tankara Road Morbi,"farmhouses near Tankara Road, farmhouses Tankara Road Morbi, affordable farmhouses near Tankara Road",Transactional (Hyper-local),High
Venue + City Area,"Party Plots in Tankara Road, Morbi | VenueConnect",/morbi/tankara-road/party-plots/,"Best Party Plots in Tankara Road, Morbi | Compare Near You - VenueConnect","Looking for party plots in Tankara Road, Morbi? Browse verified listings with pricing, capacity & photos. Book the perfect venue near Tankara Road on VenueConnect.","Best Party Plots in Tankara Road, Morbi",party plots in Tankara Road Morbi,"party plots near Tankara Road, party plots Tankara Road Morbi, affordable party plots near Tankara Road",Transactional (Hyper-local),High
Venue + City Area,"Banquet Halls in Thangadh Road, Morbi | VenueConnect",/morbi/thangadh-road/banquet-halls/,"Best Banquet Halls in Thangadh Road, Morbi | Compare Near You - VenueConnect","Looking for banquet halls in Thangadh Road, Morbi? Browse verified listings with pricing, capacity & photos. Book the perfect venue near Thangadh Road on VenueConnect.","Best Banquet Halls in Thangadh Road, Morbi",banquet halls in Thangadh Road Morbi,"banquet halls near Thangadh Road, banquet halls Thangadh Road Morbi, affordable banquet halls near Thangadh Road",Transactional (Hyper-local),High
Venue + City Area,"Farmhouses in Thangadh Road, Morbi | VenueConnect",/morbi/thangadh-road/farmhouses/,"Best Farmhouses in Thangadh Road, Morbi | Compare Near You - VenueConnect","Looking for farmhouses in Thangadh Road, Morbi? Browse verified listings with pricing, capacity & photos. Book the perfect venue near Thangadh Road on VenueConnect.","Best Farmhouses in Thangadh Road, Morbi",farmhouses in Thangadh Road Morbi,"farmhouses near Thangadh Road, farmhouses Thangadh Road Morbi, affordable farmhouses near Thangadh Road",Transactional (Hyper-local),High
Venue + City Area,"Party Plots in Thangadh Road, Morbi | VenueConnect",/morbi/thangadh-road/party-plots/,"Best Party Plots in Thangadh Road, Morbi | Compare Near You - VenueConnect","Looking for party plots in Thangadh Road, Morbi? Browse verified listings with pricing, capacity & photos. Book the perfect venue near Thangadh Road on VenueConnect.","Best Party Plots in Thangadh Road, Morbi",party plots in Thangadh Road Morbi,"party plots near Thangadh Road, party plots Thangadh Road Morbi, affordable party plots near Thangadh Road",Transactional (Hyper-local),High
Venue + City Area,"Banquet Halls in Vaghpur Road, Morbi | VenueConnect",/morbi/vaghpur-road/banquet-halls/,"Best Banquet Halls in Vaghpur Road, Morbi | Compare Near You - VenueConnect","Looking for banquet halls in Vaghpur Road, Morbi? Browse verified listings with pricing, capacity & photos. Book the perfect venue near Vaghpur Road on VenueConnect.","Best Banquet Halls in Vaghpur Road, Morbi",banquet halls in Vaghpur Road Morbi,"banquet halls near Vaghpur Road, banquet halls Vaghpur Road Morbi, affordable banquet halls near Vaghpur Road",Transactional (Hyper-local),High
Venue + City Area,"Farmhouses in Vaghpur Road, Morbi | VenueConnect",/morbi/vaghpur-road/farmhouses/,"Best Farmhouses in Vaghpur Road, Morbi | Compare Near You - VenueConnect","Looking for farmhouses in Vaghpur Road, Morbi? Browse verified listings with pricing, capacity & photos. Book the perfect venue near Vaghpur Road on VenueConnect.","Best Farmhouses in Vaghpur Road, Morbi",farmhouses in Vaghpur Road Morbi,"farmhouses near Vaghpur Road, farmhouses Vaghpur Road Morbi, affordable farmhouses near Vaghpur Road",Transactional (Hyper-local),High
Venue + City Area,"Party Plots in Vaghpur Road, Morbi | VenueConnect",/morbi/vaghpur-road/party-plots/,"Best Party Plots in Vaghpur Road, Morbi | Compare Near You - VenueConnect","Looking for party plots in Vaghpur Road, Morbi? Browse verified listings with pricing, capacity & photos. Book the perfect venue near Vaghpur Road on VenueConnect.","Best Party Plots in Vaghpur Road, Morbi",party plots in Vaghpur Road Morbi,"party plots near Vaghpur Road, party plots Vaghpur Road Morbi, affordable party plots near Vaghpur Road",Transactional (Hyper-local),High
Venue + City Area,"Banquet Halls in Virani Road, Morbi | VenueConnect",/morbi/virani-road/banquet-halls/,"Best Banquet Halls in Virani Road, Morbi | Compare Near You - VenueConnect","Looking for banquet halls in Virani Road, Morbi? Browse verified listings with pricing, capacity & photos. Book the perfect venue near Virani Road on VenueConnect.","Best Banquet Halls in Virani Road, Morbi",banquet halls in Virani Road Morbi,"banquet halls near Virani Road, banquet halls Virani Road Morbi, affordable banquet halls near Virani Road",Transactional (Hyper-local),High
Venue + City Area,"Farmhouses in Virani Road, Morbi | VenueConnect",/morbi/virani-road/farmhouses/,"Best Farmhouses in Virani Road, Morbi | Compare Near You - VenueConnect","Looking for farmhouses in Virani Road, Morbi? Browse verified listings with pricing, capacity & photos. Book the perfect venue near Virani Road on VenueConnect.","Best Farmhouses in Virani Road, Morbi",farmhouses in Virani Road Morbi,"farmhouses near Virani Road, farmhouses Virani Road Morbi, affordable farmhouses near Virani Road",Transactional (Hyper-local),High
Venue + City Area,"Party Plots in Virani Road, Morbi | VenueConnect",/morbi/virani-road/party-plots/,"Best Party Plots in Virani Road, Morbi | Compare Near You - VenueConnect","Looking for party plots in Virani Road, Morbi? Browse verified listings with pricing, capacity & photos. Book the perfect venue near Virani Road on VenueConnect.","Best Party Plots in Virani Road, Morbi",party plots in Virani Road Morbi,"party plots near Virani Road, party plots Virani Road Morbi, affordable party plots near Virani Road",Transactional (Hyper-local),High
,,,,,,,,,
,,,,,,,,,
,,,,,,,,,
,,,,,,,,,
,,,,,,,,,
,,,,,,,,,
,,,,,,,,,
,,,,,,,,,
,,,,,,,,,
,,,,,,,,,
,,,,,,,,,
,,,,,,,,,
,,,,,,,,,
,,,,,,,,,
,,,,,,,,,
,,,,,,,,,
,,,,,,,,,
,,,,,,,,,
,,,,,,,,,
,,,,,,,,,
,,,,,,,,,
,,,,,,,,,
,,,,,,,,,
,,,,,,,,,
,,,,,,,,,
,,,,,,,,,
,,,,,,,,,
,,,,,,,,,
,,,,,,,,,
,,,,,,,,,
,,,,,,,,,
,,,,,,,,,
,,,,,,,,,
,,,,,,,,,
,,,,,,,,,
,,,,,,,,,
,,,,,,,,,
,,,,,,,,,
,,,,,,,,,
,,,,,,,,,
,,,,,,,,,
,,,,,,,,,
,,,,,,,,,
,,,,,,,,,
,,,,,,,,,
,,,,,,,,,
,,,,,,,,,
,,,,,,,,,
,,,,,,,,,
,,,,,,,,,
,,,,,,,,,
,,,,,,,,,
,,,,,,,,,
,,,,,,,,,
,,,,,,,,,
,,,,,,,,,
,,,,,,,,,
,,,,,,,,,
,,,,,,,,,
,,,,,,,,,
,,,,,,,,,
,,,,,,,,,
,,,,,,,,,
,,,,,,,,,
,,,,,,,,,
,,,,,,,,,
,,,,,,,,,
,,,,,,,,,
,,,,,,,,,
,,,,,,,,,
,,,,,,,,,
,,,,,,,,,
,,,,,,,,,
,,,,,,,,,
,,,,,,,,,
,,,,,,,,,
,,,,,,,,,
,,,,,,,,,
,,,,,,,,,
,,,,,,,,,
,,,,,,,,,
,,,,,,,,,
,,,,,,,,,
,,,,,,,,,
,,,,,,,,,
,,,,,,,,,
,,,,,,,,,
,,,,,,,,,
,,,,,,,,,
,,,,,,,,,
,,,,,,,,,
,,,,,,,,,
,,,,,,,,,
,,,,,,,,,
,,,,,,,,,
,,,,,,,,,
,,,,,,,,,
,,,,,,,,,
,,,,,,,,,
,,,,,,,,,
,,,,,,,,,
,,,,,,,,,
,,,,,,,,,
,,,,,,,,,
,,,,,,,,,
,,,,,,,,,
,,,,,,,,,
,,,,,,,,,
,,,,,,,,,
,,,,,,,,,
,,,,,,,,,
,,,,,,,,,
,,,,,,,,,
,,,,,,,,,
,,,,,,,,,
,,,,,,,,,
,,,,,,,,,
,,,,,,,,,
,,,,,,,,,
,,,,,,,,,
,,,,,,,,,
,,,,,,,,,
,,,,,,,,,
,,,,,,,,,
,,,,,,,,,
,,,,,,,,,
,,,,,,,,,
,,,,,,,,,
,,,,,,,,,
,,,,,,,,,
,,,,,,,,,
,,,,,,,,,
,,,,,,,,,
,,,,,,,,,
,,,,,,,,,
,,,,,,,,,
,,,,,,,,,
,,,,,,,,,
,,,,,,,,,
,,,,,,,,,
,,,,,,,,,
,,,,,,,,,
,,,,,,,,,
,,,,,,,,,
,,,,,,,,,
,,,,,,,,,
,,,,,,,,,
,,,,,,,,,
,,,,,,,,,
,,,,,,,,,
,,,,,,,,,
,,,,,,,,,
,,,,,,,,,
,,,,,,,,,
,,,,,,,,,
,,,,,,,,,
,,,,,,,,,
,,,,,,,,,
,,,,,,,,,
,,,,,,,,,
,,,,,,,,,
,,,,,,,,,
,,,,,,,,,
,,,,,,,,,
,,,,,,,,,
,,,,,,,,,
,,,,,,,,,
,,,,,,,,,
,,,,,,,,,
,,,,,,,,,
,,,,,,,,,
,,,,,,,,,
,,,,,,,,,
,,,,,,,,,
,,,,,,,,,
,,,,,,,,,
,,,,,,,,,
,,,,,,,,,
,,,,,,,,,
,,,,,,,,,
,,,,,,,,,
,,,,,,,,,
,,,,,,,,,
,,,,,,,,,
,,,,,,,,,
,,,,,,,,,
,,,,,,,,,
,,,,,,,,,
,,,,,,,,,
,,,,,,,,,
,,,,,,,,,
,,,,,,,,,
,,,,,,,,,
,,,,,,,,,
,,,,,,,,,
,,,,,,,,,
,,,,,,,,,
,,,,,,,,,
,,,,,,,,,
,,,,,,,,,
,,,,,,,,,
,,,,,,,,,
,,,,,,,,,
,,,,,,,,,
,,,,,,,,,
,,,,,,,,,
,,,,,,,,,
,,,,,,,,,
,,,,,,,,,
,,,,,,,,,
,,,,,,,,,
,,,,,,,,,
,,,,,,,,,
,,,,,,,,,
,,,,,,,,,
,,,,,,,,,
,,,,,,,,,
,,,,,,,,,
,,,,,,,,,
,,,,,,,,,
,,,,,,,,,
,,,,,,,,,
,,,,,,,,,
,,,,,,,,,
,,,,,,,,,
,,,,,,,,,
,,,,,,,,,
,,,,,,,,,
,,,,,,,,,
,,,,,,,,,
,,,,,,,,,
,,,,,,,,,
,,,,,,,,,
,,,,,,,,,
,,,,,,,,,
,,,,,,,,,
,,,,,,,,,
,,,,,,,,,
,,,,,,,,,
,,,,,,,,,
,,,,,,,,,
,,,,,,,,,
,,,,,,,,,
,,,,,,,,,
,,,,,,,,,
,,,,,,,,,
,,,,,,,,,
,,,,,,,,,
,,,,,,,,,
,,,,,,,,,
,,,,,,,,,
,,,,,,,,,
,,,,,,,,,
,,,,,,,,,
,,,,,,,,,
,,,,,,,,,
,,,,,,,,,
,,,,,,,,,
,,,,,,,,,
,,,,,,,,,
,,,,,,,,,
,,,,,,,,,
,,,,,,,,,
,,,,,,,,,
,,,,,,,,,
,,,,,,,,,
,,,,,,,,,
,,,,,,,,,
,,,,,,,,,
,,,,,,,,,
,,,,,,,,,
,,,,,,,,,
,,,,,,,,,
,,,,,,,,,
,,,,,,,,,
,,,,,,,,,
,,,,,,,,,
,,,,,,,,,
,,,,,,,,,
,,,,,,,,,
,,,,,,,,,
,,,,,,,,,
,,,,,,,,,
,,,,,,,,,
,,,,,,,,,
,,,,,,,,,
,,,,,,,,,
,,,,,,,,,
,,,,,,,,,
,,,,,,,,,
,,,,,,,,,
,,,,,,,,,
,,,,,,,,,
,,,,,,,,,
,,,,,,,,,
,,,,,,,,,
,,,,,,,,,
,,,,,,,,,
,,,,,,,,,
,,,,,,,,,
,,,,,,,,,
,,,,,,,,,
,,,,,,,,,
,,,,,,,,,
,,,,,,,,,
,,,,,,,,,
,,,,,,,,,
,,,,,,,,,
,,,,,,,,,
,,,,,,,,,
,,,,,,,,,
,,,,,,,,,
,,,,,,,,,
,,,,,,,,,
,,,,,,,,,
,,,,,,,,,
,,,,,,,,,
,,,,,,,,,
,,,,,,,,,
,,,,,,,,,
,,,,,,,,,
,,,,,,,,,
,,,,,,,,,
,,,,,,,,,
,,,,,,,,,
,,,,,,,,,
,,,,,,,,,
,,,,,,,,,
,,,,,,,,,
,,,,,,,,,
,,,,,,,,,
,,,,,,,,,
,,,,,,,,,
,,,,,,,,,
,,,,,,,,,
,,,,,,,,,
,,,,,,,,,
,,,,,,,,,
,,,,,,,,,
,,,,,,,,,
,,,,,,,,,
,,,,,,,,,
,,,,,,,,,
,,,,,,,,,
,,,,,,,,,
,,,,,,,,,
,,,,,,,,,
,,,,,,,,,
,,,,,,,,,
,,,,,,,,,
,,,,,,,,,
,,,,,,,,,
,,,,,,,,,
,,,,,,,,,
,,,,,,,,,
,,,,,,,,,
,,,,,,,,,
,,,,,,,,,
,,,,,,,,,
,,,,,,,,,
,,,,,,,,,
,,,,,,,,,
,,,,,,,,,
,,,,,,,,,
,,,,,,,,,
,,,,,,,,,
,,,,,,,,,
,,,,,,,,,
,,,,,,,,,
,,,,,,,,,
,,,,,,,,,
,,,,,,,,,
,,,,,,,,,
,,,,,,,,,
,,,,,,,,,
,,,,,,,,,
,,,,,,,,,
,,,,,,,,,
,,,,,,,,,
,,,,,,,,,
,,,,,,,,,
,,,,,,,,,
,,,,,,,,,
,,,,,,,,,
,,,,,,,,,
,,,,,,,,,
,,,,,,,,,
,,,,,,,,,
,,,,,,,,,
,,,,,,,,,
,,,,,,,,,
,,,,,,,,,
,,,,,,,,,
,,,,,,,,,
,,,,,,,,,
,,,,,,,,,
,,,,,,,,,
,,,,,,,,,
,,,,,,,,,
,,,,,,,,,
,,,,,,,,,
,,,,,,,,,
,,,,,,,,,
,,,,,,,,,
,,,,,,,,,
,,,,,,,,,
,,,,,,,,,
,,,,,,,,,
,,,,,,,,,
,,,,,,,,,
,,,,,,,,,
,,,,,,,,,
,,,,,,,,,
,,,,,,,,,
,,,,,,,,,
,,,,,,,,,
,,,,,,,,,
,,,,,,,,,
,,,,,,,,,
,,,,,,,,,
,,,,,,,,,
,,,,,,,,,
,,,,,,,,,
,,,,,,,,,
,,,,,,,,,
,,,,,,,,,
,,,,,,,,,
,,,,,,,,,
,,,,,,,,,
,,,,,,,,,
,,,,,,,,,
,,,,,,,,,
,,,,,,,,,
,,,,,,,,,
,,,,,,,,,
,,,,,,,,,
,,,,,,,,,
,,,,,,,,,
,,,,,,,,,
,,,,,,,,,
,,,,,,,,,
,,,,,,,,,
,,,,,,,,,
,,,,,,,,,
,,,,,,,,,
,,,,,,,,,
,,,,,,,,,
,,,,,,,,,
,,,,,,,,,
,,,,,,,,,
,,,,,,,,,
,,,,,,,,,
,,,,,,,,,
,,,,,,,,,
,,,,,,,,,
,,,,,,,,,
,,,,,,,,,
,,,,,,,,,
,,,,,,,,,
,,,,,,,,,
,,,,,,,,,
,,,,,,,,,
,,,,,,,,,
,,,,,,,,,
,,,,,,,,,
,,,,,,,,,
,,,,,,,,,
,,,,,,,,,
,,,,,,,,,
,,,,,,,,,
,,,,,,,,,
,,,,,,,,,
,,,,,,,,,
,,,,,,,,,
,,,,,,,,,
,,,,,,,,,
,,,,,,,,,
,,,,,,,,,
,,,,,,,,,
,,,,,,,,,
,,,,,,,,,
,,,,,,,,,
,,,,,,,,,
,,,,,,,,,
,,,,,,,,,
,,,,,,,,,
,,,,,,,,,
,,,,,,,,,
,,,,,,,,,
,,,,,,,,,
,,,,,,,,,
,,,,,,,,,
,,,,,,,,,
,,,,,,,,,
,,,,,,,,,
,,,,,,,,,
,,,,,,,,,
,,,,,,,,,
,,,,,,,,,
,,,,,,,,,
,,,,,,,,,
,,,,,,,,,
,,,,,,,,,
,,,,,,,,,
,,,,,,,,,
,,,,,,,,,
,,,,,,,,,
,,,,,,,,,
,,,,,,,,,
,,,,,,,,,
,,,,,,,,,
,,,,,,,,,
,,,,,,,,,
,,,,,,,,,
,,,,,,,,,
,,,,,,,,,
,,,,,,,,,
,,,,,,,,,
,,,,,,,,,
,,,,,,,,,
,,,,,,,,,
,,,,,,,,,
,,,,,,,,,
,,,,,,,,,
,,,,,,,,,
,,,,,,,,,
,,,,,,,,,
,,,,,,,,,
,,,,,,,,,
,,,,,,,,,
,,,,,,,,,
,,,,,,,,,
,,,,,,,,,
,,,,,,,,,
,,,,,,,,,
,,,,,,,,,
,,,,,,,,,
,,,,,,,,,
,,,,,,,,,
,,,,,,,,,
,,,,,,,,,
,,,,,,,,,
,,,,,,,,,
,,,,,,,,,
,,,,,,,,,
,,,,,,,,,
,,,,,,,,,
,,,,,,,,,
,,,,,,,,,
,,,,,,,,,
,,,,,,,,,
,,,,,,,,,
,,,,,,,,,
,,,,,,,,,
,,,,,,,,,
,,,,,,,,,
,,,,,,,,,
,,,,,,,,,
,,,,,,,,,
,,,,,,,,,
,,,,,,,,,
,,,,,,,,,
,,,,,,,,,
,,,,,,,,,
,,,,,,,,,
,,,,,,,,,
,,,,,,,,,
,,,,,,,,,
,,,,,,,,,
,,,,,,,,,
,,,,,,,,,
,,,,,,,,,
,,,,,,,,,
,,,,,,,,,
,,,,,,,,,
,,,,,,,,,
,,,,,,,,,
,,,,,,,,,
,,,,,,,,,
,,,,,,,,,
,,,,,,,,,
,,,,,,,,,
,,,,,,,,,
,,,,,,,,,
,,,,,,,,,
,,,,,,,,,
,,,,,,,,,
,,,,,,,,,
,,,,,,,,,
,,,,,,,,,
,,,,,,,,,
,,,,,,,,,
,,,,,,,,,
,,,,,,,,,
,,,,,,,,,
,,,,,,,,,
,,,,,,,,,
,,,,,,,,,
,,,,,,,,,
,,,,,,,,,
,,,,,,,,,
,,,,,,,,,
,,,,,,,,,
,,,,,,,,,
,,,,,,,,,
,,,,,,,,,
,,,,,,,,,
,,,,,,,,,
,,,,,,,,,
,,,,,,,,,
