VenueConnect — SEO Pages: Navsari,,,,,,,,,
  EVENT + CITY PAGES,,,,,,,,,
Page Type,Page Title,URL Slug,Meta Title,Meta Description,H1 Tag,Target Keyword,Secondary Keywords,Search Intent,Priority
Event + City,Wedding Venues in Navsari | VenueConnect,/navsari/wedding-venues/,Best Wedding Venues in Navsari | Book & Compare Prices - VenueConnect,"Find the best wedding venues in Navsari. Compare wedding halls, banquet spaces & party plots. Get free quotes & instant leads. Browse 100+ options on VenueConnect.",Best Wedding Venues in Navsari,wedding venues in Navsari,"wedding hall Navsari, wedding venue booking Navsari, best wedding venue Navsari, wedding party venue Navsari",Navigational / Transactional,High
Event + City,Birthday Party Venues in Navsari | VenueConnect,/navsari/birthday-party-venues/,Best Birthday Party Venues in Navsari | Book & Compare Prices - VenueConnect,"Find the best birthday party venues in Navsari. Compare birthday party halls, banquet spaces & party plots. Get free quotes & instant leads. Browse 100+ options on VenueConnect.",Best Birthday Party Venues in Navsari,birthday party venues in Navsari,"birthday party hall Navsari, birthday party venue booking Navsari, best birthday party venue Navsari, birthday party party venue Navsari",Navigational / Transactional,High
Event + City,Engagement Venues in Navsari | VenueConnect,/navsari/engagement-venues/,Best Engagement Venues in Navsari | Book & Compare Prices - VenueConnect,"Find the best engagement venues in Navsari. Compare engagement halls, banquet spaces & party plots. Get free quotes & instant leads. Browse 100+ options on VenueConnect.",Best Engagement Venues in Navsari,engagement venues in Navsari,"engagement hall Navsari, engagement venue booking Navsari, best engagement venue Navsari, engagement party venue Navsari",Navigational / Transactional,High
Event + City,Corporate Event Venues in Navsari | VenueConnect,/navsari/corporate-event-venues/,Best Corporate Event Venues in Navsari | Book & Compare Prices - VenueConnect,"Find the best corporate event venues in Navsari. Compare corporate event halls, banquet spaces & party plots. Get free quotes & instant leads. Browse 100+ options on VenueConnect.",Best Corporate Event Venues in Navsari,corporate event venues in Navsari,"corporate event hall Navsari, corporate event venue booking Navsari, best corporate event venue Navsari, corporate event party venue Navsari",Navigational / Transactional,High
Event + City,Reception Venues in Navsari | VenueConnect,/navsari/reception-venues/,Best Reception Venues in Navsari | Book & Compare Prices - VenueConnect,"Find the best reception venues in Navsari. Compare reception halls, banquet spaces & party plots. Get free quotes & instant leads. Browse 100+ options on VenueConnect.",Best Reception Venues in Navsari,reception venues in Navsari,"reception hall Navsari, reception venue booking Navsari, best reception venue Navsari, reception party venue Navsari",Navigational / Transactional,High
Event + City,Sangeet Ceremony Venues in Navsari | VenueConnect,/navsari/sangeet-ceremony-venues/,Best Sangeet Ceremony Venues in Navsari | Book & Compare Prices - VenueConnect,"Find the best sangeet ceremony venues in Navsari. Compare sangeet ceremony halls, banquet spaces & party plots. Get free quotes & instant leads. Browse 100+ options on VenueConnect.",Best Sangeet Ceremony Venues in Navsari,sangeet ceremony venues in Navsari,"sangeet ceremony hall Navsari, sangeet ceremony venue booking Navsari, best sangeet ceremony venue Navsari, sangeet ceremony party venue Navsari",Navigational / Transactional,High
Event + City,Garba Night Venues in Navsari | VenueConnect,/navsari/garba-night-venues/,Best Garba Night Venues in Navsari | Book & Compare Prices - VenueConnect,"Find the best garba night venues in Navsari. Compare garba night halls, banquet spaces & party plots. Get free quotes & instant leads. Browse 100+ options on VenueConnect.",Best Garba Night Venues in Navsari,garba night venues in Navsari,"garba night hall Navsari, garba night venue booking Navsari, best garba night venue Navsari, garba night party venue Navsari",Navigational / Transactional,High
Event + City,Pool Party Venues in Navsari | VenueConnect,/navsari/pool-party-venues/,Best Pool Party Venues in Navsari | Book & Compare Prices - VenueConnect,"Find the best pool party venues in Navsari. Compare pool party halls, banquet spaces & party plots. Get free quotes & instant leads. Browse 100+ options on VenueConnect.",Best Pool Party Venues in Navsari,pool party venues in Navsari,"pool party hall Navsari, pool party venue booking Navsari, best pool party venue Navsari, pool party party venue Navsari",Navigational / Transactional,High
Event + City,Kitty Party Venues in Navsari | VenueConnect,/navsari/kitty-party-venues/,Best Kitty Party Venues in Navsari | Book & Compare Prices - VenueConnect,"Find the best kitty party venues in Navsari. Compare kitty party halls, banquet spaces & party plots. Get free quotes & instant leads. Browse 100+ options on VenueConnect.",Best Kitty Party Venues in Navsari,kitty party venues in Navsari,"kitty party hall Navsari, kitty party venue booking Navsari, best kitty party venue Navsari, kitty party party venue Navsari",Navigational / Transactional,High
Event + City,Cocktail Party Venues in Navsari | VenueConnect,/navsari/cocktail-party-venues/,Best Cocktail Party Venues in Navsari | Book & Compare Prices - VenueConnect,"Find the best cocktail party venues in Navsari. Compare cocktail party halls, banquet spaces & party plots. Get free quotes & instant leads. Browse 100+ options on VenueConnect.",Best Cocktail Party Venues in Navsari,cocktail party venues in Navsari,"cocktail party hall Navsari, cocktail party venue booking Navsari, best cocktail party venue Navsari, cocktail party party venue Navsari",Navigational / Transactional,High
Event + City,Baby Shower Venues in Navsari | VenueConnect,/navsari/baby-shower-venues/,Best Baby Shower Venues in Navsari | Book & Compare Prices - VenueConnect,"Find the best baby shower venues in Navsari. Compare baby shower halls, banquet spaces & party plots. Get free quotes & instant leads. Browse 100+ options on VenueConnect.",Best Baby Shower Venues in Navsari,baby shower venues in Navsari,"baby shower hall Navsari, baby shower venue booking Navsari, best baby shower venue Navsari, baby shower party venue Navsari",Navigational / Transactional,High
Event + City,Anniversary Party Venues in Navsari | VenueConnect,/navsari/anniversary-party-venues/,Best Anniversary Party Venues in Navsari | Book & Compare Prices - VenueConnect,"Find the best anniversary party venues in Navsari. Compare anniversary party halls, banquet spaces & party plots. Get free quotes & instant leads. Browse 100+ options on VenueConnect.",Best Anniversary Party Venues in Navsari,anniversary party venues in Navsari,"anniversary party hall Navsari, anniversary party venue booking Navsari, best anniversary party venue Navsari, anniversary party party venue Navsari",Navigational / Transactional,High
Event + City,Farewell Party Venues in Navsari | VenueConnect,/navsari/farewell-party-venues/,Best Farewell Party Venues in Navsari | Book & Compare Prices - VenueConnect,"Find the best farewell party venues in Navsari. Compare farewell party halls, banquet spaces & party plots. Get free quotes & instant leads. Browse 100+ options on VenueConnect.",Best Farewell Party Venues in Navsari,farewell party venues in Navsari,"farewell party hall Navsari, farewell party venue booking Navsari, best farewell party venue Navsari, farewell party party venue Navsari",Navigational / Transactional,High
Event + City,Reunion Party Venues in Navsari | VenueConnect,/navsari/reunion-party-venues/,Best Reunion Party Venues in Navsari | Book & Compare Prices - VenueConnect,"Find the best reunion party venues in Navsari. Compare reunion party halls, banquet spaces & party plots. Get free quotes & instant leads. Browse 100+ options on VenueConnect.",Best Reunion Party Venues in Navsari,reunion party venues in Navsari,"reunion party hall Navsari, reunion party venue booking Navsari, best reunion party venue Navsari, reunion party party venue Navsari",Navigational / Transactional,High
Event + City,Product Launch Venues in Navsari | VenueConnect,/navsari/product-launch-venues/,Best Product Launch Venues in Navsari | Book & Compare Prices - VenueConnect,"Find the best product launch venues in Navsari. Compare product launch halls, banquet spaces & party plots. Get free quotes & instant leads. Browse 100+ options on VenueConnect.",Best Product Launch Venues in Navsari,product launch venues in Navsari,"product launch hall Navsari, product launch venue booking Navsari, best product launch venue Navsari, product launch party venue Navsari",Navigational / Transactional,High
Event + City,Conference Venues in Navsari | VenueConnect,/navsari/conference-venues/,Best Conference Venues in Navsari | Book & Compare Prices - VenueConnect,"Find the best conference venues in Navsari. Compare conference halls, banquet spaces & party plots. Get free quotes & instant leads. Browse 100+ options on VenueConnect.",Best Conference Venues in Navsari,conference venues in Navsari,"conference hall Navsari, conference venue booking Navsari, best conference venue Navsari, conference party venue Navsari",Navigational / Transactional,High
Event + City,Seminar Venues in Navsari | VenueConnect,/navsari/seminar-venues/,Best Seminar Venues in Navsari | Book & Compare Prices - VenueConnect,"Find the best seminar venues in Navsari. Compare seminar halls, banquet spaces & party plots. Get free quotes & instant leads. Browse 100+ options on VenueConnect.",Best Seminar Venues in Navsari,seminar venues in Navsari,"seminar hall Navsari, seminar venue booking Navsari, best seminar venue Navsari, seminar party venue Navsari",Navigational / Transactional,High
Event + City,Award Ceremony Venues in Navsari | VenueConnect,/navsari/award-ceremony-venues/,Best Award Ceremony Venues in Navsari | Book & Compare Prices - VenueConnect,"Find the best award ceremony venues in Navsari. Compare award ceremony halls, banquet spaces & party plots. Get free quotes & instant leads. Browse 100+ options on VenueConnect.",Best Award Ceremony Venues in Navsari,award ceremony venues in Navsari,"award ceremony hall Navsari, award ceremony venue booking Navsari, best award ceremony venue Navsari, award ceremony party venue Navsari",Navigational / Transactional,High
Event + City,Walkin Interview Venues in Navsari | VenueConnect,/navsari/walkin-interview-venues/,Best Walkin Interview Venues in Navsari | Book & Compare Prices - VenueConnect,"Find the best walkin interview venues in Navsari. Compare walkin interview halls, banquet spaces & party plots. Get free quotes & instant leads. Browse 100+ options on VenueConnect.",Best Walkin Interview Venues in Navsari,walkin interview venues in Navsari,"walkin interview hall Navsari, walkin interview venue booking Navsari, best walkin interview venue Navsari, walkin interview party venue Navsari",Navigational / Transactional,High
Event + City,Training Venues in Navsari | VenueConnect,/navsari/training-venues/,Best Training Venues in Navsari | Book & Compare Prices - VenueConnect,"Find the best training venues in Navsari. Compare training halls, banquet spaces & party plots. Get free quotes & instant leads. Browse 100+ options on VenueConnect.",Best Training Venues in Navsari,training venues in Navsari,"training hall Navsari, training venue booking Navsari, best training venue Navsari, training party venue Navsari",Navigational / Transactional,High
Event + City,Team Outing Venues in Navsari | VenueConnect,/navsari/team-outing-venues/,Best Team Outing Venues in Navsari | Book & Compare Prices - VenueConnect,"Find the best team outing venues in Navsari. Compare team outing halls, banquet spaces & party plots. Get free quotes & instant leads. Browse 100+ options on VenueConnect.",Best Team Outing Venues in Navsari,team outing venues in Navsari,"team outing hall Navsari, team outing venue booking Navsari, best team outing venue Navsari, team outing party venue Navsari",Navigational / Transactional,High
Event + City,Stage Event Venues in Navsari | VenueConnect,/navsari/stage-event-venues/,Best Stage Event Venues in Navsari | Book & Compare Prices - VenueConnect,"Find the best stage event venues in Navsari. Compare stage event halls, banquet spaces & party plots. Get free quotes & instant leads. Browse 100+ options on VenueConnect.",Best Stage Event Venues in Navsari,stage event venues in Navsari,"stage event hall Navsari, stage event venue booking Navsari, best stage event venue Navsari, stage event party venue Navsari",Navigational / Transactional,High
Event + City,Ring Ceremony Venues in Navsari | VenueConnect,/navsari/ring-ceremony-venues/,Best Ring Ceremony Venues in Navsari | Book & Compare Prices - VenueConnect,"Find the best ring ceremony venues in Navsari. Compare ring ceremony halls, banquet spaces & party plots. Get free quotes & instant leads. Browse 100+ options on VenueConnect.",Best Ring Ceremony Venues in Navsari,ring ceremony venues in Navsari,"ring ceremony hall Navsari, ring ceremony venue booking Navsari, best ring ceremony venue Navsari, ring ceremony party venue Navsari",Navigational / Transactional,High
Event + City,Residential Conference Venues in Navsari | VenueConnect,/navsari/residential-conference-venues/,Best Residential Conference Venues in Navsari | Book & Compare Prices - VenueConnect,"Find the best residential conference venues in Navsari. Compare residential conference halls, banquet spaces & party plots. Get free quotes & instant leads. Browse 100+ options on VenueConnect.",Best Residential Conference Venues in Navsari,residential conference venues in Navsari,"residential conference hall Navsari, residential conference venue booking Navsari, best residential conference venue Navsari, residential conference party venue Navsari",Navigational / Transactional,High
Event + City,Pre Wedding Mehendi Party Venues in Navsari | VenueConnect,/navsari/pre-wedding-mehendi-party-venues/,Best Pre Wedding Mehendi Party Venues in Navsari | Book & Compare Prices - VenueConnect,"Find the best pre wedding mehendi party venues in Navsari. Compare pre wedding mehendi party halls, banquet spaces & party plots. Get free quotes & instant leads. Browse 100+ options on VenueConnect.",Best Pre Wedding Mehendi Party Venues in Navsari,pre wedding mehendi party venues in Navsari,"pre wedding mehendi party hall Navsari, pre wedding mehendi party venue booking Navsari, best pre wedding mehendi party venue Navsari, pre wedding mehendi party party venue Navsari",Navigational / Transactional,High
Event + City,Photo Shoots Venues in Navsari | VenueConnect,/navsari/photo-shoots-venues/,Best Photo Shoots Venues in Navsari | Book & Compare Prices - VenueConnect,"Find the best photo shoots venues in Navsari. Compare photo shoots halls, banquet spaces & party plots. Get free quotes & instant leads. Browse 100+ options on VenueConnect.",Best Photo Shoots Venues in Navsari,photo shoots venues in Navsari,"photo shoots hall Navsari, photo shoots venue booking Navsari, best photo shoots venue Navsari, photo shoots party venue Navsari",Navigational / Transactional,High
Event + City,Naming Ceremony Venues in Navsari | VenueConnect,/navsari/naming-ceremony-venues/,Best Naming Ceremony Venues in Navsari | Book & Compare Prices - VenueConnect,"Find the best naming ceremony venues in Navsari. Compare naming ceremony halls, banquet spaces & party plots. Get free quotes & instant leads. Browse 100+ options on VenueConnect.",Best Naming Ceremony Venues in Navsari,naming ceremony venues in Navsari,"naming ceremony hall Navsari, naming ceremony venue booking Navsari, best naming ceremony venue Navsari, naming ceremony party venue Navsari",Navigational / Transactional,High
Event + City,Musical Concert Venues in Navsari | VenueConnect,/navsari/musical-concert-venues/,Best Musical Concert Venues in Navsari | Book & Compare Prices - VenueConnect,"Find the best musical concert venues in Navsari. Compare musical concert halls, banquet spaces & party plots. Get free quotes & instant leads. Browse 100+ options on VenueConnect.",Best Musical Concert Venues in Navsari,musical concert venues in Navsari,"musical concert hall Navsari, musical concert venue booking Navsari, best musical concert venue Navsari, musical concert party venue Navsari",Navigational / Transactional,High
Event + City,MICE Venues in Navsari | VenueConnect,/navsari/mice-venues/,Best MICE Venues in Navsari | Book & Compare Prices - VenueConnect,"Find the best mice venues in Navsari. Compare mice halls, banquet spaces & party plots. Get free quotes & instant leads. Browse 100+ options on VenueConnect.",Best MICE Venues in Navsari,mice venues in Navsari,"mice hall Navsari, mice venue booking Navsari, best mice venue Navsari, mice party venue Navsari",Navigational / Transactional,High
Event + City,Meeting Venues in Navsari | VenueConnect,/navsari/meeting-venues/,Best Meeting Venues in Navsari | Book & Compare Prices - VenueConnect,"Find the best meeting venues in Navsari. Compare meeting halls, banquet spaces & party plots. Get free quotes & instant leads. Browse 100+ options on VenueConnect.",Best Meeting Venues in Navsari,meeting venues in Navsari,"meeting hall Navsari, meeting venue booking Navsari, best meeting venue Navsari, meeting party venue Navsari",Navigational / Transactional,High
Event + City,Kids Birthday Party Venues in Navsari | VenueConnect,/navsari/kids-birthday-party-venues/,Best Kids Birthday Party Venues in Navsari | Book & Compare Prices - VenueConnect,"Find the best kids birthday party venues in Navsari. Compare kids birthday party halls, banquet spaces & party plots. Get free quotes & instant leads. Browse 100+ options on VenueConnect.",Best Kids Birthday Party Venues in Navsari,kids birthday party venues in Navsari,"kids birthday party hall Navsari, kids birthday party venue booking Navsari, best kids birthday party venue Navsari, kids birthday party party venue Navsari",Navigational / Transactional,High
Event + City,Holi Party Venues in Navsari | VenueConnect,/navsari/holi-party-venues/,Best Holi Party Venues in Navsari | Book & Compare Prices - VenueConnect,"Find the best holi party venues in Navsari. Compare holi party halls, banquet spaces & party plots. Get free quotes & instant leads. Browse 100+ options on VenueConnect.",Best Holi Party Venues in Navsari,holi party venues in Navsari,"holi party hall Navsari, holi party venue booking Navsari, best holi party venue Navsari, holi party party venue Navsari",Navigational / Transactional,High
Event + City,Group Dining Venues in Navsari | VenueConnect,/navsari/group-dining-venues/,Best Group Dining Venues in Navsari | Book & Compare Prices - VenueConnect,"Find the best group dining venues in Navsari. Compare group dining halls, banquet spaces & party plots. Get free quotes & instant leads. Browse 100+ options on VenueConnect.",Best Group Dining Venues in Navsari,group dining venues in Navsari,"group dining hall Navsari, group dining venue booking Navsari, best group dining venue Navsari, group dining party venue Navsari",Navigational / Transactional,High
Event + City,Get Together Venues in Navsari | VenueConnect,/navsari/get-together-venues/,Best Get Together Venues in Navsari | Book & Compare Prices - VenueConnect,"Find the best get together venues in Navsari. Compare get together halls, banquet spaces & party plots. Get free quotes & instant leads. Browse 100+ options on VenueConnect.",Best Get Together Venues in Navsari,get together venues in Navsari,"get together hall Navsari, get together venue booking Navsari, best get together venue Navsari, get together party venue Navsari",Navigational / Transactional,High
Event + City,Game Watch Venues in Navsari | VenueConnect,/navsari/game-watch-venues/,Best Game Watch Venues in Navsari | Book & Compare Prices - VenueConnect,"Find the best game watch venues in Navsari. Compare game watch halls, banquet spaces & party plots. Get free quotes & instant leads. Browse 100+ options on VenueConnect.",Best Game Watch Venues in Navsari,game watch venues in Navsari,"game watch hall Navsari, game watch venue booking Navsari, best game watch venue Navsari, game watch party venue Navsari",Navigational / Transactional,High
Event + City,Freshers Party Venues in Navsari | VenueConnect,/navsari/freshers-party-venues/,Best Freshers Party Venues in Navsari | Book & Compare Prices - VenueConnect,"Find the best freshers party venues in Navsari. Compare freshers party halls, banquet spaces & party plots. Get free quotes & instant leads. Browse 100+ options on VenueConnect.",Best Freshers Party Venues in Navsari,freshers party venues in Navsari,"freshers party hall Navsari, freshers party venue booking Navsari, best freshers party venue Navsari, freshers party party venue Navsari",Navigational / Transactional,High
Event + City,First Birthday Party Venues in Navsari | VenueConnect,/navsari/first-birthday-party-venues/,Best First Birthday Party Venues in Navsari | Book & Compare Prices - VenueConnect,"Find the best first birthday party venues in Navsari. Compare first birthday party halls, banquet spaces & party plots. Get free quotes & instant leads. Browse 100+ options on VenueConnect.",Best First Birthday Party Venues in Navsari,first birthday party venues in Navsari,"first birthday party hall Navsari, first birthday party venue booking Navsari, best first birthday party venue Navsari, first birthday party party venue Navsari",Navigational / Transactional,High
Event + City,Fashion Show Venues in Navsari | VenueConnect,/navsari/fashion-show-venues/,Best Fashion Show Venues in Navsari | Book & Compare Prices - VenueConnect,"Find the best fashion show venues in Navsari. Compare fashion show halls, banquet spaces & party plots. Get free quotes & instant leads. Browse 100+ options on VenueConnect.",Best Fashion Show Venues in Navsari,fashion show venues in Navsari,"fashion show hall Navsari, fashion show venue booking Navsari, best fashion show venue Navsari, fashion show party venue Navsari",Navigational / Transactional,High
Event + City,Family Function Venues in Navsari | VenueConnect,/navsari/family-function-venues/,Best Family Function Venues in Navsari | Book & Compare Prices - VenueConnect,"Find the best family function venues in Navsari. Compare family function halls, banquet spaces & party plots. Get free quotes & instant leads. Browse 100+ options on VenueConnect.",Best Family Function Venues in Navsari,family function venues in Navsari,"family function hall Navsari, family function venue booking Navsari, best family function venue Navsari, family function party venue Navsari",Navigational / Transactional,High
Event + City,Exhibition Venues in Navsari | VenueConnect,/navsari/exhibition-venues/,Best Exhibition Venues in Navsari | Book & Compare Prices - VenueConnect,"Find the best exhibition venues in Navsari. Compare exhibition halls, banquet spaces & party plots. Get free quotes & instant leads. Browse 100+ options on VenueConnect.",Best Exhibition Venues in Navsari,exhibition venues in Navsari,"exhibition hall Navsari, exhibition venue booking Navsari, best exhibition venue Navsari, exhibition party venue Navsari",Navigational / Transactional,High
Event + City,Corporate Training Venues in Navsari | VenueConnect,/navsari/corporate-training-venues/,Best Corporate Training Venues in Navsari | Book & Compare Prices - VenueConnect,"Find the best corporate training venues in Navsari. Compare corporate training halls, banquet spaces & party plots. Get free quotes & instant leads. Browse 100+ options on VenueConnect.",Best Corporate Training Venues in Navsari,corporate training venues in Navsari,"corporate training hall Navsari, corporate training venue booking Navsari, best corporate training venue Navsari, corporate training party venue Navsari",Navigational / Transactional,High
Event + City,Corporate Party Venues in Navsari | VenueConnect,/navsari/corporate-party-venues/,Best Corporate Party Venues in Navsari | Book & Compare Prices - VenueConnect,"Find the best corporate party venues in Navsari. Compare corporate party halls, banquet spaces & party plots. Get free quotes & instant leads. Browse 100+ options on VenueConnect.",Best Corporate Party Venues in Navsari,corporate party venues in Navsari,"corporate party hall Navsari, corporate party venue booking Navsari, best corporate party venue Navsari, corporate party party venue Navsari",Navigational / Transactional,High
Event + City,Corporate Offsite Venues in Navsari | VenueConnect,/navsari/corporate-offsite-venues/,Best Corporate Offsite Venues in Navsari | Book & Compare Prices - VenueConnect,"Find the best corporate offsite venues in Navsari. Compare corporate offsite halls, banquet spaces & party plots. Get free quotes & instant leads. Browse 100+ options on VenueConnect.",Best Corporate Offsite Venues in Navsari,corporate offsite venues in Navsari,"corporate offsite hall Navsari, corporate offsite venue booking Navsari, best corporate offsite venue Navsari, corporate offsite party venue Navsari",Navigational / Transactional,High
Event + City,Cocktail Dinner Venues in Navsari | VenueConnect,/navsari/cocktail-dinner-venues/,Best Cocktail Dinner Venues in Navsari | Book & Compare Prices - VenueConnect,"Find the best cocktail dinner venues in Navsari. Compare cocktail dinner halls, banquet spaces & party plots. Get free quotes & instant leads. Browse 100+ options on VenueConnect.",Best Cocktail Dinner Venues in Navsari,cocktail dinner venues in Navsari,"cocktail dinner hall Navsari, cocktail dinner venue booking Navsari, best cocktail dinner venue Navsari, cocktail dinner party venue Navsari",Navigational / Transactional,High
Event + City,Class Reunion Venues in Navsari | VenueConnect,/navsari/class-reunion-venues/,Best Class Reunion Venues in Navsari | Book & Compare Prices - VenueConnect,"Find the best class reunion venues in Navsari. Compare class reunion halls, banquet spaces & party plots. Get free quotes & instant leads. Browse 100+ options on VenueConnect.",Best Class Reunion Venues in Navsari,class reunion venues in Navsari,"class reunion hall Navsari, class reunion venue booking Navsari, best class reunion venue Navsari, class reunion party venue Navsari",Navigational / Transactional,High
Event + City,Christian Communion Venues in Navsari | VenueConnect,/navsari/christian-communion-venues/,Best Christian Communion Venues in Navsari | Book & Compare Prices - VenueConnect,"Find the best christian communion venues in Navsari. Compare christian communion halls, banquet spaces & party plots. Get free quotes & instant leads. Browse 100+ options on VenueConnect.",Best Christian Communion Venues in Navsari,christian communion venues in Navsari,"christian communion hall Navsari, christian communion venue booking Navsari, best christian communion venue Navsari, christian communion party venue Navsari",Navigational / Transactional,High
Event + City,Childrens Party Venues in Navsari | VenueConnect,/navsari/childrens-party-venues/,Best Childrens Party Venues in Navsari | Book & Compare Prices - VenueConnect,"Find the best childrens party venues in Navsari. Compare childrens party halls, banquet spaces & party plots. Get free quotes & instant leads. Browse 100+ options on VenueConnect.",Best Childrens Party Venues in Navsari,childrens party venues in Navsari,"childrens party hall Navsari, childrens party venue booking Navsari, best childrens party venue Navsari, childrens party party venue Navsari",Navigational / Transactional,High
Event + City,Business Dinner Venues in Navsari | VenueConnect,/navsari/business-dinner-venues/,Best Business Dinner Venues in Navsari | Book & Compare Prices - VenueConnect,"Find the best business dinner venues in Navsari. Compare business dinner halls, banquet spaces & party plots. Get free quotes & instant leads. Browse 100+ options on VenueConnect.",Best Business Dinner Venues in Navsari,business dinner venues in Navsari,"business dinner hall Navsari, business dinner venue booking Navsari, best business dinner venue Navsari, business dinner party venue Navsari",Navigational / Transactional,High
Event + City,Bridal Shower Venues in Navsari | VenueConnect,/navsari/bridal-shower-venues/,Best Bridal Shower Venues in Navsari | Book & Compare Prices - VenueConnect,"Find the best bridal shower venues in Navsari. Compare bridal shower halls, banquet spaces & party plots. Get free quotes & instant leads. Browse 100+ options on VenueConnect.",Best Bridal Shower Venues in Navsari,bridal shower venues in Navsari,"bridal shower hall Navsari, bridal shower venue booking Navsari, best bridal shower venue Navsari, bridal shower party venue Navsari",Navigational / Transactional,High
Event + City,Brand Promotion Venues in Navsari | VenueConnect,/navsari/brand-promotion-venues/,Best Brand Promotion Venues in Navsari | Book & Compare Prices - VenueConnect,"Find the best brand promotion venues in Navsari. Compare brand promotion halls, banquet spaces & party plots. Get free quotes & instant leads. Browse 100+ options on VenueConnect.",Best Brand Promotion Venues in Navsari,brand promotion venues in Navsari,"brand promotion hall Navsari, brand promotion venue booking Navsari, best brand promotion venue Navsari, brand promotion party venue Navsari",Navigational / Transactional,High
Event + City,Bachelor Party Venues in Navsari | VenueConnect,/navsari/bachelor-party-venues/,Best Bachelor Party Venues in Navsari | Book & Compare Prices - VenueConnect,"Find the best bachelor party venues in Navsari. Compare bachelor party halls, banquet spaces & party plots. Get free quotes & instant leads. Browse 100+ options on VenueConnect.",Best Bachelor Party Venues in Navsari,bachelor party venues in Navsari,"bachelor party hall Navsari, bachelor party venue booking Navsari, best bachelor party venue Navsari, bachelor party party venue Navsari",Navigational / Transactional,High
Event + City,Aqueeqa Ceremony Venues in Navsari | VenueConnect,/navsari/aqueeqa-ceremony-venues/,Best Aqueeqa Ceremony Venues in Navsari | Book & Compare Prices - VenueConnect,"Find the best aqueeqa ceremony venues in Navsari. Compare aqueeqa ceremony halls, banquet spaces & party plots. Get free quotes & instant leads. Browse 100+ options on VenueConnect.",Best Aqueeqa Ceremony Venues in Navsari,aqueeqa ceremony venues in Navsari,"aqueeqa ceremony hall Navsari, aqueeqa ceremony venue booking Navsari, best aqueeqa ceremony venue Navsari, aqueeqa ceremony party venue Navsari",Navigational / Transactional,High
Event + City,Annual Fest Venues in Navsari | VenueConnect,/navsari/annual-fest-venues/,Best Annual Fest Venues in Navsari | Book & Compare Prices - VenueConnect,"Find the best annual fest venues in Navsari. Compare annual fest halls, banquet spaces & party plots. Get free quotes & instant leads. Browse 100+ options on VenueConnect.",Best Annual Fest Venues in Navsari,annual fest venues in Navsari,"annual fest hall Navsari, annual fest venue booking Navsari, best annual fest venue Navsari, annual fest party venue Navsari",Navigational / Transactional,High
Event + City,Adventure Party Venues in Navsari | VenueConnect,/navsari/adventure-party-venues/,Best Adventure Party Venues in Navsari | Book & Compare Prices - VenueConnect,"Find the best adventure party venues in Navsari. Compare adventure party halls, banquet spaces & party plots. Get free quotes & instant leads. Browse 100+ options on VenueConnect.",Best Adventure Party Venues in Navsari,adventure party venues in Navsari,"adventure party hall Navsari, adventure party venue booking Navsari, best adventure party venue Navsari, adventure party party venue Navsari",Navigational / Transactional,High
Event + City,Haldi Ceremony Venues in Navsari | VenueConnect,/navsari/haldi-ceremony-venues/,Best Haldi Ceremony Venues in Navsari | Book & Compare Prices - VenueConnect,"Find the best haldi ceremony venues in Navsari. Compare haldi ceremony halls, banquet spaces & party plots. Get free quotes & instant leads. Browse 100+ options on VenueConnect.",Best Haldi Ceremony Venues in Navsari,haldi ceremony venues in Navsari,"haldi ceremony hall Navsari, haldi ceremony venue booking Navsari, best haldi ceremony venue Navsari, haldi ceremony party venue Navsari",Navigational / Transactional,High
  VENDOR + CITY PAGES,,,,,,,,,
Page Type,Page Title,URL Slug,Meta Title,Meta Description,H1 Tag,Target Keyword,Secondary Keywords,Search Intent,Priority
Vendor + City,Photographers in Navsari | VenueConnect,/navsari/vendors/photographers/,Top Photographers in Navsari | Compare & Hire - VenueConnect,"Hire top photographers in Navsari for weddings, birthdays & all events. Compare portfolios, pricing & reviews. Get direct leads via WhatsApp. Book on VenueConnect.",Top Photographers in Navsari,photographers in Navsari,"photographers for wedding Navsari, best photographers Navsari, affordable photographers Navsari, photographers contact Navsari",Transactional,High
Vendor + City,Caterers in Navsari | VenueConnect,/navsari/vendors/caterers/,Top Caterers in Navsari | Compare & Hire - VenueConnect,"Hire top caterers in Navsari for weddings, birthdays & all events. Compare portfolios, pricing & reviews. Get direct leads via WhatsApp. Book on VenueConnect.",Top Caterers in Navsari,caterers in Navsari,"caterers for wedding Navsari, best caterers Navsari, affordable caterers Navsari, caterers contact Navsari",Transactional,High
Vendor + City,Decorators in Navsari | VenueConnect,/navsari/vendors/decorators/,Top Decorators in Navsari | Compare & Hire - VenueConnect,"Hire top decorators in Navsari for weddings, birthdays & all events. Compare portfolios, pricing & reviews. Get direct leads via WhatsApp. Book on VenueConnect.",Top Decorators in Navsari,decorators in Navsari,"decorators for wedding Navsari, best decorators Navsari, affordable decorators Navsari, decorators contact Navsari",Transactional,High
Vendor + City,Mehndi Artists in Navsari | VenueConnect,/navsari/vendors/mehndi-artists/,Top Mehndi Artists in Navsari | Compare & Hire - VenueConnect,"Hire top mehndi artists in Navsari for weddings, birthdays & all events. Compare portfolios, pricing & reviews. Get direct leads via WhatsApp. Book on VenueConnect.",Top Mehndi Artists in Navsari,mehndi artists in Navsari,"mehndi artists for wedding Navsari, best mehndi artists Navsari, affordable mehndi artists Navsari, mehndi artists contact Navsari",Transactional,High
Vendor + City,DJs in Navsari | VenueConnect,/navsari/vendors/djs/,Top DJs in Navsari | Compare & Hire - VenueConnect,"Hire top djs in Navsari for weddings, birthdays & all events. Compare portfolios, pricing & reviews. Get direct leads via WhatsApp. Book on VenueConnect.",Top DJs in Navsari,djs in Navsari,"djs for wedding Navsari, best djs Navsari, affordable djs Navsari, djs contact Navsari",Transactional,High
Vendor + City,Bands in Navsari | VenueConnect,/navsari/vendors/bands/,Top Bands in Navsari | Compare & Hire - VenueConnect,"Hire top bands in Navsari for weddings, birthdays & all events. Compare portfolios, pricing & reviews. Get direct leads via WhatsApp. Book on VenueConnect.",Top Bands in Navsari,bands in Navsari,"bands for wedding Navsari, best bands Navsari, affordable bands Navsari, bands contact Navsari",Transactional,High
Vendor + City,Event Planners in Navsari | VenueConnect,/navsari/vendors/event-planners/,Top Event Planners in Navsari | Compare & Hire - VenueConnect,"Hire top event planners in Navsari for weddings, birthdays & all events. Compare portfolios, pricing & reviews. Get direct leads via WhatsApp. Book on VenueConnect.",Top Event Planners in Navsari,event planners in Navsari,"event planners for wedding Navsari, best event planners Navsari, affordable event planners Navsari, event planners contact Navsari",Transactional,High
Vendor + City,Bridal Wear in Navsari | VenueConnect,/navsari/vendors/bridal-wear/,Top Bridal Wear in Navsari | Compare & Hire - VenueConnect,"Hire top bridal wear in Navsari for weddings, birthdays & all events. Compare portfolios, pricing & reviews. Get direct leads via WhatsApp. Book on VenueConnect.",Top Bridal Wear in Navsari,bridal wear in Navsari,"bridal wear for wedding Navsari, best bridal wear Navsari, affordable bridal wear Navsari, bridal wear contact Navsari",Transactional,High
Vendor + City,Makeup Artists in Navsari | VenueConnect,/navsari/vendors/makeup-artists/,Top Makeup Artists in Navsari | Compare & Hire - VenueConnect,"Hire top makeup artists in Navsari for weddings, birthdays & all events. Compare portfolios, pricing & reviews. Get direct leads via WhatsApp. Book on VenueConnect.",Top Makeup Artists in Navsari,makeup artists in Navsari,"makeup artists for wedding Navsari, best makeup artists Navsari, affordable makeup artists Navsari, makeup artists contact Navsari",Transactional,High
Vendor + City,Florists in Navsari | VenueConnect,/navsari/vendors/florists/,Top Florists in Navsari | Compare & Hire - VenueConnect,"Hire top florists in Navsari for weddings, birthdays & all events. Compare portfolios, pricing & reviews. Get direct leads via WhatsApp. Book on VenueConnect.",Top Florists in Navsari,florists in Navsari,"florists for wedding Navsari, best florists Navsari, affordable florists Navsari, florists contact Navsari",Transactional,High
Vendor + City,Videographers in Navsari | VenueConnect,/navsari/vendors/videographers/,Top Videographers in Navsari | Compare & Hire - VenueConnect,"Hire top videographers in Navsari for weddings, birthdays & all events. Compare portfolios, pricing & reviews. Get direct leads via WhatsApp. Book on VenueConnect.",Top Videographers in Navsari,videographers in Navsari,"videographers for wedding Navsari, best videographers Navsari, affordable videographers Navsari, videographers contact Navsari",Transactional,High
Vendor + City,Wedding Planners in Navsari | VenueConnect,/navsari/vendors/wedding-planners/,Top Wedding Planners in Navsari | Compare & Hire - VenueConnect,"Hire top wedding planners in Navsari for weddings, birthdays & all events. Compare portfolios, pricing & reviews. Get direct leads via WhatsApp. Book on VenueConnect.",Top Wedding Planners in Navsari,wedding planners in Navsari,"wedding planners for wedding Navsari, best wedding planners Navsari, affordable wedding planners Navsari, wedding planners contact Navsari",Transactional,High
Vendor + City,Tent Houses in Navsari | VenueConnect,/navsari/vendors/tent-houses/,Top Tent Houses in Navsari | Compare & Hire - VenueConnect,"Hire top tent houses in Navsari for weddings, birthdays & all events. Compare portfolios, pricing & reviews. Get direct leads via WhatsApp. Book on VenueConnect.",Top Tent Houses in Navsari,tent houses in Navsari,"tent houses for wedding Navsari, best tent houses Navsari, affordable tent houses Navsari, tent houses contact Navsari",Transactional,High
Vendor + City,Choreographers in Navsari | VenueConnect,/navsari/vendors/choreographers/,Top Choreographers in Navsari | Compare & Hire - VenueConnect,"Hire top choreographers in Navsari for weddings, birthdays & all events. Compare portfolios, pricing & reviews. Get direct leads via WhatsApp. Book on VenueConnect.",Top Choreographers in Navsari,choreographers in Navsari,"choreographers for wedding Navsari, best choreographers Navsari, affordable choreographers Navsari, choreographers contact Navsari",Transactional,High
Vendor + City,Invitation Cards in Navsari | VenueConnect,/navsari/vendors/invitation-cards/,Top Invitation Cards in Navsari | Compare & Hire - VenueConnect,"Hire top invitation cards in Navsari for weddings, birthdays & all events. Compare portfolios, pricing & reviews. Get direct leads via WhatsApp. Book on VenueConnect.",Top Invitation Cards in Navsari,invitation cards in Navsari,"invitation cards for wedding Navsari, best invitation cards Navsari, affordable invitation cards Navsari, invitation cards contact Navsari",Transactional,High
Vendor + City,Cake Shops in Navsari | VenueConnect,/navsari/vendors/cake-shops/,Top Cake Shops in Navsari | Compare & Hire - VenueConnect,"Hire top cake shops in Navsari for weddings, birthdays & all events. Compare portfolios, pricing & reviews. Get direct leads via WhatsApp. Book on VenueConnect.",Top Cake Shops in Navsari,cake shops in Navsari,"cake shops for wedding Navsari, best cake shops Navsari, affordable cake shops Navsari, cake shops contact Navsari",Transactional,High
Vendor + City,Jewellers in Navsari | VenueConnect,/navsari/vendors/jewellers/,Top Jewellers in Navsari | Compare & Hire - VenueConnect,"Hire top jewellers in Navsari for weddings, birthdays & all events. Compare portfolios, pricing & reviews. Get direct leads via WhatsApp. Book on VenueConnect.",Top Jewellers in Navsari,jewellers in Navsari,"jewellers for wedding Navsari, best jewellers Navsari, affordable jewellers Navsari, jewellers contact Navsari",Transactional,High
Vendor + City,Astrologers in Navsari | VenueConnect,/navsari/vendors/astrologers/,Top Astrologers in Navsari | Compare & Hire - VenueConnect,"Hire top astrologers in Navsari for weddings, birthdays & all events. Compare portfolios, pricing & reviews. Get direct leads via WhatsApp. Book on VenueConnect.",Top Astrologers in Navsari,astrologers in Navsari,"astrologers for wedding Navsari, best astrologers Navsari, affordable astrologers Navsari, astrologers contact Navsari",Transactional,High
Vendor + City,Magicians in Navsari | VenueConnect,/navsari/vendors/magicians/,Top Magicians in Navsari | Compare & Hire - VenueConnect,"Hire top magicians in Navsari for weddings, birthdays & all events. Compare portfolios, pricing & reviews. Get direct leads via WhatsApp. Book on VenueConnect.",Top Magicians in Navsari,magicians in Navsari,"magicians for wedding Navsari, best magicians Navsari, affordable magicians Navsari, magicians contact Navsari",Transactional,High
Vendor + City,Entertainers in Navsari | VenueConnect,/navsari/vendors/entertainers/,Top Entertainers in Navsari | Compare & Hire - VenueConnect,"Hire top entertainers in Navsari for weddings, birthdays & all events. Compare portfolios, pricing & reviews. Get direct leads via WhatsApp. Book on VenueConnect.",Top Entertainers in Navsari,entertainers in Navsari,"entertainers for wedding Navsari, best entertainers Navsari, affordable entertainers Navsari, entertainers contact Navsari",Transactional,High
Vendor + City,Groom Wear in Navsari | VenueConnect,/navsari/vendors/groom-wear/,Top Groom Wear in Navsari | Compare & Hire - VenueConnect,"Hire top groom wear in Navsari for weddings, birthdays & all events. Compare portfolios, pricing & reviews. Get direct leads via WhatsApp. Book on VenueConnect.",Top Groom Wear in Navsari,groom wear in Navsari,"groom wear for wedding Navsari, best groom wear Navsari, affordable groom wear Navsari, groom wear contact Navsari",Transactional,High
Vendor + City,Wedding Photographers in Navsari | VenueConnect,/navsari/vendors/wedding-photographers/,Top Wedding Photographers in Navsari | Compare & Hire - VenueConnect,"Hire top wedding photographers in Navsari for weddings, birthdays & all events. Compare portfolios, pricing & reviews. Get direct leads via WhatsApp. Book on VenueConnect.",Top Wedding Photographers in Navsari,wedding photographers in Navsari,"wedding photographers for wedding Navsari, best wedding photographers Navsari, affordable wedding photographers Navsari, wedding photographers contact Navsari",Transactional,High
  VENUE TYPE + CITY PAGES,,,,,,,,,
Page Type,Page Title,URL Slug,Meta Title,Meta Description,H1 Tag,Target Keyword,Secondary Keywords,Search Intent,Priority
Venue + City,Banquet Halls in Navsari | VenueConnect,/navsari/banquet-halls/,Best Banquet Halls in Navsari | Compare Prices & Book - VenueConnect,"Find top banquet halls in Navsari for any occasion. Compare capacity, pricing & amenities. 100+ verified listings. Get free quotes on VenueConnect Gujarat.",Best Banquet Halls in Navsari,banquet halls in Navsari,"banquet halls for rent Navsari, banquet halls booking Navsari, best banquet halls Navsari, affordable banquet halls Navsari",Transactional,High
Venue + City,Farmhouses in Navsari | VenueConnect,/navsari/farmhouses/,Best Farmhouses in Navsari | Compare Prices & Book - VenueConnect,"Find top farmhouses in Navsari for any occasion. Compare capacity, pricing & amenities. 100+ verified listings. Get free quotes on VenueConnect Gujarat.",Best Farmhouses in Navsari,farmhouses in Navsari,"farmhouses for rent Navsari, farmhouses booking Navsari, best farmhouses Navsari, affordable farmhouses Navsari",Transactional,High
Venue + City,Party Plots in Navsari | VenueConnect,/navsari/party-plots/,Best Party Plots in Navsari | Compare Prices & Book - VenueConnect,"Find top party plots in Navsari for any occasion. Compare capacity, pricing & amenities. 100+ verified listings. Get free quotes on VenueConnect Gujarat.",Best Party Plots in Navsari,party plots in Navsari,"party plots for rent Navsari, party plots booking Navsari, best party plots Navsari, affordable party plots Navsari",Transactional,High
Venue + City,Hotels in Navsari | VenueConnect,/navsari/hotels/,Best Hotels in Navsari | Compare Prices & Book - VenueConnect,"Find top hotels in Navsari for any occasion. Compare capacity, pricing & amenities. 100+ verified listings. Get free quotes on VenueConnect Gujarat.",Best Hotels in Navsari,hotels in Navsari,"hotels for rent Navsari, hotels booking Navsari, best hotels Navsari, affordable hotels Navsari",Transactional,High
Venue + City,Resorts in Navsari | VenueConnect,/navsari/resorts/,Best Resorts in Navsari | Compare Prices & Book - VenueConnect,"Find top resorts in Navsari for any occasion. Compare capacity, pricing & amenities. 100+ verified listings. Get free quotes on VenueConnect Gujarat.",Best Resorts in Navsari,resorts in Navsari,"resorts for rent Navsari, resorts booking Navsari, best resorts Navsari, affordable resorts Navsari",Transactional,High
Venue + City,Restaurants in Navsari | VenueConnect,/navsari/restaurants/,Best Restaurants in Navsari | Compare Prices & Book - VenueConnect,"Find top restaurants in Navsari for any occasion. Compare capacity, pricing & amenities. 100+ verified listings. Get free quotes on VenueConnect Gujarat.",Best Restaurants in Navsari,restaurants in Navsari,"restaurants for rent Navsari, restaurants booking Navsari, best restaurants Navsari, affordable restaurants Navsari",Transactional,High
Venue + City,Convention Centers in Navsari | VenueConnect,/navsari/convention-centers/,Best Convention Centers in Navsari | Compare Prices & Book - VenueConnect,"Find top convention centers in Navsari for any occasion. Compare capacity, pricing & amenities. 100+ verified listings. Get free quotes on VenueConnect Gujarat.",Best Convention Centers in Navsari,convention centers in Navsari,"convention centers for rent Navsari, convention centers booking Navsari, best convention centers Navsari, affordable convention centers Navsari",Transactional,High
Venue + City,Clubs in Navsari | VenueConnect,/navsari/clubs/,Best Clubs in Navsari | Compare Prices & Book - VenueConnect,"Find top clubs in Navsari for any occasion. Compare capacity, pricing & amenities. 100+ verified listings. Get free quotes on VenueConnect Gujarat.",Best Clubs in Navsari,clubs in Navsari,"clubs for rent Navsari, clubs booking Navsari, best clubs Navsari, affordable clubs Navsari",Transactional,High
Venue + City,Rooftop Venues in Navsari | VenueConnect,/navsari/rooftop-venues/,Best Rooftop Venues in Navsari | Compare Prices & Book - VenueConnect,"Find top rooftop venues in Navsari for any occasion. Compare capacity, pricing & amenities. 100+ verified listings. Get free quotes on VenueConnect Gujarat.",Best Rooftop Venues in Navsari,rooftop venues in Navsari,"rooftop venues for rent Navsari, rooftop venues booking Navsari, best rooftop venues Navsari, affordable rooftop venues Navsari",Transactional,High
Venue + City,Garden Venues in Navsari | VenueConnect,/navsari/garden-venues/,Best Garden Venues in Navsari | Compare Prices & Book - VenueConnect,"Find top garden venues in Navsari for any occasion. Compare capacity, pricing & amenities. 100+ verified listings. Get free quotes on VenueConnect Gujarat.",Best Garden Venues in Navsari,garden venues in Navsari,"garden venues for rent Navsari, garden venues booking Navsari, best garden venues Navsari, affordable garden venues Navsari",Transactional,High
Venue + City,Heritage Venues in Navsari | VenueConnect,/navsari/heritage-venues/,Best Heritage Venues in Navsari | Compare Prices & Book - VenueConnect,"Find top heritage venues in Navsari for any occasion. Compare capacity, pricing & amenities. 100+ verified listings. Get free quotes on VenueConnect Gujarat.",Best Heritage Venues in Navsari,heritage venues in Navsari,"heritage venues for rent Navsari, heritage venues booking Navsari, best heritage venues Navsari, affordable heritage venues Navsari",Transactional,High
Venue + City,Luxury Venues in Navsari | VenueConnect,/navsari/luxury-venues/,Best Luxury Venues in Navsari | Compare Prices & Book - VenueConnect,"Find top luxury venues in Navsari for any occasion. Compare capacity, pricing & amenities. 100+ verified listings. Get free quotes on VenueConnect Gujarat.",Best Luxury Venues in Navsari,luxury venues in Navsari,"luxury venues for rent Navsari, luxury venues booking Navsari, best luxury venues Navsari, affordable luxury venues Navsari",Transactional,High
  EVENT + CITY AREA PAGES (Hyper-local),,,,,,,,,
Page Type,Page Title,URL Slug,Meta Title,Meta Description,H1 Tag,Target Keyword,Secondary Keywords,Search Intent,Priority
Event + City Area,"Wedding Venues in Lunsikui, Navsari | VenueConnect",/navsari/lunsikui/wedding-venues/,"Best Wedding Venues in Lunsikui, Navsari | Book Near You - VenueConnect","Find the perfect wedding venue in Lunsikui, Navsari. Compare halls, farmhouses & party plots near Lunsikui. Get instant leads & free quotes on VenueConnect.","Best Wedding Venues in Lunsikui, Navsari",wedding venues in Lunsikui Navsari,"wedding venue Lunsikui, wedding hall near Lunsikui Navsari, wedding venue near Lunsikui",Transactional (Hyper-local),High
Event + City Area,"Birthday Party Venues in Lunsikui, Navsari | VenueConnect",/navsari/lunsikui/birthday-party-venues/,"Best Birthday Party Venues in Lunsikui, Navsari | Book Near You - VenueConnect","Find the perfect birthday party venue in Lunsikui, Navsari. Compare halls, farmhouses & party plots near Lunsikui. Get instant leads & free quotes on VenueConnect.","Best Birthday Party Venues in Lunsikui, Navsari",birthday party venues in Lunsikui Navsari,"birthday party venue Lunsikui, birthday party hall near Lunsikui Navsari, birthday party venue near Lunsikui",Transactional (Hyper-local),High
Event + City Area,"Engagement Venues in Lunsikui, Navsari | VenueConnect",/navsari/lunsikui/engagement-venues/,"Best Engagement Venues in Lunsikui, Navsari | Book Near You - VenueConnect","Find the perfect engagement venue in Lunsikui, Navsari. Compare halls, farmhouses & party plots near Lunsikui. Get instant leads & free quotes on VenueConnect.","Best Engagement Venues in Lunsikui, Navsari",engagement venues in Lunsikui Navsari,"engagement venue Lunsikui, engagement hall near Lunsikui Navsari, engagement venue near Lunsikui",Transactional (Hyper-local),High
Event + City Area,"Corporate Event Venues in Lunsikui, Navsari | VenueConnect",/navsari/lunsikui/corporate-event-venues/,"Best Corporate Event Venues in Lunsikui, Navsari | Book Near You - VenueConnect","Find the perfect corporate event venue in Lunsikui, Navsari. Compare halls, farmhouses & party plots near Lunsikui. Get instant leads & free quotes on VenueConnect.","Best Corporate Event Venues in Lunsikui, Navsari",corporate event venues in Lunsikui Navsari,"corporate event venue Lunsikui, corporate event hall near Lunsikui Navsari, corporate event venue near Lunsikui",Transactional (Hyper-local),High
Event + City Area,"Reception Venues in Lunsikui, Navsari | VenueConnect",/navsari/lunsikui/reception-venues/,"Best Reception Venues in Lunsikui, Navsari | Book Near You - VenueConnect","Find the perfect reception venue in Lunsikui, Navsari. Compare halls, farmhouses & party plots near Lunsikui. Get instant leads & free quotes on VenueConnect.","Best Reception Venues in Lunsikui, Navsari",reception venues in Lunsikui Navsari,"reception venue Lunsikui, reception hall near Lunsikui Navsari, reception venue near Lunsikui",Transactional (Hyper-local),High
Event + City Area,"Wedding Venues in Eru, Navsari | VenueConnect",/navsari/eru/wedding-venues/,"Best Wedding Venues in Eru, Navsari | Book Near You - VenueConnect","Find the perfect wedding venue in Eru, Navsari. Compare halls, farmhouses & party plots near Eru. Get instant leads & free quotes on VenueConnect.","Best Wedding Venues in Eru, Navsari",wedding venues in Eru Navsari,"wedding venue Eru, wedding hall near Eru Navsari, wedding venue near Eru",Transactional (Hyper-local),High
Event + City Area,"Birthday Party Venues in Eru, Navsari | VenueConnect",/navsari/eru/birthday-party-venues/,"Best Birthday Party Venues in Eru, Navsari | Book Near You - VenueConnect","Find the perfect birthday party venue in Eru, Navsari. Compare halls, farmhouses & party plots near Eru. Get instant leads & free quotes on VenueConnect.","Best Birthday Party Venues in Eru, Navsari",birthday party venues in Eru Navsari,"birthday party venue Eru, birthday party hall near Eru Navsari, birthday party venue near Eru",Transactional (Hyper-local),High
Event + City Area,"Engagement Venues in Eru, Navsari | VenueConnect",/navsari/eru/engagement-venues/,"Best Engagement Venues in Eru, Navsari | Book Near You - VenueConnect","Find the perfect engagement venue in Eru, Navsari. Compare halls, farmhouses & party plots near Eru. Get instant leads & free quotes on VenueConnect.","Best Engagement Venues in Eru, Navsari",engagement venues in Eru Navsari,"engagement venue Eru, engagement hall near Eru Navsari, engagement venue near Eru",Transactional (Hyper-local),High
Event + City Area,"Corporate Event Venues in Eru, Navsari | VenueConnect",/navsari/eru/corporate-event-venues/,"Best Corporate Event Venues in Eru, Navsari | Book Near You - VenueConnect","Find the perfect corporate event venue in Eru, Navsari. Compare halls, farmhouses & party plots near Eru. Get instant leads & free quotes on VenueConnect.","Best Corporate Event Venues in Eru, Navsari",corporate event venues in Eru Navsari,"corporate event venue Eru, corporate event hall near Eru Navsari, corporate event venue near Eru",Transactional (Hyper-local),High
Event + City Area,"Reception Venues in Eru, Navsari | VenueConnect",/navsari/eru/reception-venues/,"Best Reception Venues in Eru, Navsari | Book Near You - VenueConnect","Find the perfect reception venue in Eru, Navsari. Compare halls, farmhouses & party plots near Eru. Get instant leads & free quotes on VenueConnect.","Best Reception Venues in Eru, Navsari",reception venues in Eru Navsari,"reception venue Eru, reception hall near Eru Navsari, reception venue near Eru",Transactional (Hyper-local),High
Event + City Area,"Wedding Venues in Dudhia, Navsari | VenueConnect",/navsari/dudhia/wedding-venues/,"Best Wedding Venues in Dudhia, Navsari | Book Near You - VenueConnect","Find the perfect wedding venue in Dudhia, Navsari. Compare halls, farmhouses & party plots near Dudhia. Get instant leads & free quotes on VenueConnect.","Best Wedding Venues in Dudhia, Navsari",wedding venues in Dudhia Navsari,"wedding venue Dudhia, wedding hall near Dudhia Navsari, wedding venue near Dudhia",Transactional (Hyper-local),High
Event + City Area,"Birthday Party Venues in Dudhia, Navsari | VenueConnect",/navsari/dudhia/birthday-party-venues/,"Best Birthday Party Venues in Dudhia, Navsari | Book Near You - VenueConnect","Find the perfect birthday party venue in Dudhia, Navsari. Compare halls, farmhouses & party plots near Dudhia. Get instant leads & free quotes on VenueConnect.","Best Birthday Party Venues in Dudhia, Navsari",birthday party venues in Dudhia Navsari,"birthday party venue Dudhia, birthday party hall near Dudhia Navsari, birthday party venue near Dudhia",Transactional (Hyper-local),High
Event + City Area,"Engagement Venues in Dudhia, Navsari | VenueConnect",/navsari/dudhia/engagement-venues/,"Best Engagement Venues in Dudhia, Navsari | Book Near You - VenueConnect","Find the perfect engagement venue in Dudhia, Navsari. Compare halls, farmhouses & party plots near Dudhia. Get instant leads & free quotes on VenueConnect.","Best Engagement Venues in Dudhia, Navsari",engagement venues in Dudhia Navsari,"engagement venue Dudhia, engagement hall near Dudhia Navsari, engagement venue near Dudhia",Transactional (Hyper-local),High
Event + City Area,"Corporate Event Venues in Dudhia, Navsari | VenueConnect",/navsari/dudhia/corporate-event-venues/,"Best Corporate Event Venues in Dudhia, Navsari | Book Near You - VenueConnect","Find the perfect corporate event venue in Dudhia, Navsari. Compare halls, farmhouses & party plots near Dudhia. Get instant leads & free quotes on VenueConnect.","Best Corporate Event Venues in Dudhia, Navsari",corporate event venues in Dudhia Navsari,"corporate event venue Dudhia, corporate event hall near Dudhia Navsari, corporate event venue near Dudhia",Transactional (Hyper-local),High
Event + City Area,"Reception Venues in Dudhia, Navsari | VenueConnect",/navsari/dudhia/reception-venues/,"Best Reception Venues in Dudhia, Navsari | Book Near You - VenueConnect","Find the perfect reception venue in Dudhia, Navsari. Compare halls, farmhouses & party plots near Dudhia. Get instant leads & free quotes on VenueConnect.","Best Reception Venues in Dudhia, Navsari",reception venues in Dudhia Navsari,"reception venue Dudhia, reception hall near Dudhia Navsari, reception venue near Dudhia",Transactional (Hyper-local),High
Event + City Area,"Wedding Venues in Station Road, Navsari | VenueConnect",/navsari/station-road/wedding-venues/,"Best Wedding Venues in Station Road, Navsari | Book Near You - VenueConnect","Find the perfect wedding venue in Station Road, Navsari. Compare halls, farmhouses & party plots near Station Road. Get instant leads & free quotes on VenueConnect.","Best Wedding Venues in Station Road, Navsari",wedding venues in Station Road Navsari,"wedding venue Station Road, wedding hall near Station Road Navsari, wedding venue near Station Road",Transactional (Hyper-local),High
Event + City Area,"Birthday Party Venues in Station Road, Navsari | VenueConnect",/navsari/station-road/birthday-party-venues/,"Best Birthday Party Venues in Station Road, Navsari | Book Near You - VenueConnect","Find the perfect birthday party venue in Station Road, Navsari. Compare halls, farmhouses & party plots near Station Road. Get instant leads & free quotes on VenueConnect.","Best Birthday Party Venues in Station Road, Navsari",birthday party venues in Station Road Navsari,"birthday party venue Station Road, birthday party hall near Station Road Navsari, birthday party venue near Station Road",Transactional (Hyper-local),High
Event + City Area,"Engagement Venues in Station Road, Navsari | VenueConnect",/navsari/station-road/engagement-venues/,"Best Engagement Venues in Station Road, Navsari | Book Near You - VenueConnect","Find the perfect engagement venue in Station Road, Navsari. Compare halls, farmhouses & party plots near Station Road. Get instant leads & free quotes on VenueConnect.","Best Engagement Venues in Station Road, Navsari",engagement venues in Station Road Navsari,"engagement venue Station Road, engagement hall near Station Road Navsari, engagement venue near Station Road",Transactional (Hyper-local),High
Event + City Area,"Corporate Event Venues in Station Road, Navsari | VenueConnect",/navsari/station-road/corporate-event-venues/,"Best Corporate Event Venues in Station Road, Navsari | Book Near You - VenueConnect","Find the perfect corporate event venue in Station Road, Navsari. Compare halls, farmhouses & party plots near Station Road. Get instant leads & free quotes on VenueConnect.","Best Corporate Event Venues in Station Road, Navsari",corporate event venues in Station Road Navsari,"corporate event venue Station Road, corporate event hall near Station Road Navsari, corporate event venue near Station Road",Transactional (Hyper-local),High
Event + City Area,"Reception Venues in Station Road, Navsari | VenueConnect",/navsari/station-road/reception-venues/,"Best Reception Venues in Station Road, Navsari | Book Near You - VenueConnect","Find the perfect reception venue in Station Road, Navsari. Compare halls, farmhouses & party plots near Station Road. Get instant leads & free quotes on VenueConnect.","Best Reception Venues in Station Road, Navsari",reception venues in Station Road Navsari,"reception venue Station Road, reception hall near Station Road Navsari, reception venue near Station Road",Transactional (Hyper-local),High
Event + City Area,"Wedding Venues in Vijalpore, Navsari | VenueConnect",/navsari/vijalpore/wedding-venues/,"Best Wedding Venues in Vijalpore, Navsari | Book Near You - VenueConnect","Find the perfect wedding venue in Vijalpore, Navsari. Compare halls, farmhouses & party plots near Vijalpore. Get instant leads & free quotes on VenueConnect.","Best Wedding Venues in Vijalpore, Navsari",wedding venues in Vijalpore Navsari,"wedding venue Vijalpore, wedding hall near Vijalpore Navsari, wedding venue near Vijalpore",Transactional (Hyper-local),High
Event + City Area,"Birthday Party Venues in Vijalpore, Navsari | VenueConnect",/navsari/vijalpore/birthday-party-venues/,"Best Birthday Party Venues in Vijalpore, Navsari | Book Near You - VenueConnect","Find the perfect birthday party venue in Vijalpore, Navsari. Compare halls, farmhouses & party plots near Vijalpore. Get instant leads & free quotes on VenueConnect.","Best Birthday Party Venues in Vijalpore, Navsari",birthday party venues in Vijalpore Navsari,"birthday party venue Vijalpore, birthday party hall near Vijalpore Navsari, birthday party venue near Vijalpore",Transactional (Hyper-local),High
Event + City Area,"Engagement Venues in Vijalpore, Navsari | VenueConnect",/navsari/vijalpore/engagement-venues/,"Best Engagement Venues in Vijalpore, Navsari | Book Near You - VenueConnect","Find the perfect engagement venue in Vijalpore, Navsari. Compare halls, farmhouses & party plots near Vijalpore. Get instant leads & free quotes on VenueConnect.","Best Engagement Venues in Vijalpore, Navsari",engagement venues in Vijalpore Navsari,"engagement venue Vijalpore, engagement hall near Vijalpore Navsari, engagement venue near Vijalpore",Transactional (Hyper-local),High
Event + City Area,"Corporate Event Venues in Vijalpore, Navsari | VenueConnect",/navsari/vijalpore/corporate-event-venues/,"Best Corporate Event Venues in Vijalpore, Navsari | Book Near You - VenueConnect","Find the perfect corporate event venue in Vijalpore, Navsari. Compare halls, farmhouses & party plots near Vijalpore. Get instant leads & free quotes on VenueConnect.","Best Corporate Event Venues in Vijalpore, Navsari",corporate event venues in Vijalpore Navsari,"corporate event venue Vijalpore, corporate event hall near Vijalpore Navsari, corporate event venue near Vijalpore",Transactional (Hyper-local),High
Event + City Area,"Reception Venues in Vijalpore, Navsari | VenueConnect",/navsari/vijalpore/reception-venues/,"Best Reception Venues in Vijalpore, Navsari | Book Near You - VenueConnect","Find the perfect reception venue in Vijalpore, Navsari. Compare halls, farmhouses & party plots near Vijalpore. Get instant leads & free quotes on VenueConnect.","Best Reception Venues in Vijalpore, Navsari",reception venues in Vijalpore Navsari,"reception venue Vijalpore, reception hall near Vijalpore Navsari, reception venue near Vijalpore",Transactional (Hyper-local),High
Event + City Area,"Wedding Venues in Gandevi Road, Navsari | VenueConnect",/navsari/gandevi-road/wedding-venues/,"Best Wedding Venues in Gandevi Road, Navsari | Book Near You - VenueConnect","Find the perfect wedding venue in Gandevi Road, Navsari. Compare halls, farmhouses & party plots near Gandevi Road. Get instant leads & free quotes on VenueConnect.","Best Wedding Venues in Gandevi Road, Navsari",wedding venues in Gandevi Road Navsari,"wedding venue Gandevi Road, wedding hall near Gandevi Road Navsari, wedding venue near Gandevi Road",Transactional (Hyper-local),High
Event + City Area,"Birthday Party Venues in Gandevi Road, Navsari | VenueConnect",/navsari/gandevi-road/birthday-party-venues/,"Best Birthday Party Venues in Gandevi Road, Navsari | Book Near You - VenueConnect","Find the perfect birthday party venue in Gandevi Road, Navsari. Compare halls, farmhouses & party plots near Gandevi Road. Get instant leads & free quotes on VenueConnect.","Best Birthday Party Venues in Gandevi Road, Navsari",birthday party venues in Gandevi Road Navsari,"birthday party venue Gandevi Road, birthday party hall near Gandevi Road Navsari, birthday party venue near Gandevi Road",Transactional (Hyper-local),High
Event + City Area,"Engagement Venues in Gandevi Road, Navsari | VenueConnect",/navsari/gandevi-road/engagement-venues/,"Best Engagement Venues in Gandevi Road, Navsari | Book Near You - VenueConnect","Find the perfect engagement venue in Gandevi Road, Navsari. Compare halls, farmhouses & party plots near Gandevi Road. Get instant leads & free quotes on VenueConnect.","Best Engagement Venues in Gandevi Road, Navsari",engagement venues in Gandevi Road Navsari,"engagement venue Gandevi Road, engagement hall near Gandevi Road Navsari, engagement venue near Gandevi Road",Transactional (Hyper-local),High
Event + City Area,"Corporate Event Venues in Gandevi Road, Navsari | VenueConnect",/navsari/gandevi-road/corporate-event-venues/,"Best Corporate Event Venues in Gandevi Road, Navsari | Book Near You - VenueConnect","Find the perfect corporate event venue in Gandevi Road, Navsari. Compare halls, farmhouses & party plots near Gandevi Road. Get instant leads & free quotes on VenueConnect.","Best Corporate Event Venues in Gandevi Road, Navsari",corporate event venues in Gandevi Road Navsari,"corporate event venue Gandevi Road, corporate event hall near Gandevi Road Navsari, corporate event venue near Gandevi Road",Transactional (Hyper-local),High
Event + City Area,"Reception Venues in Gandevi Road, Navsari | VenueConnect",/navsari/gandevi-road/reception-venues/,"Best Reception Venues in Gandevi Road, Navsari | Book Near You - VenueConnect","Find the perfect reception venue in Gandevi Road, Navsari. Compare halls, farmhouses & party plots near Gandevi Road. Get instant leads & free quotes on VenueConnect.","Best Reception Venues in Gandevi Road, Navsari",reception venues in Gandevi Road Navsari,"reception venue Gandevi Road, reception hall near Gandevi Road Navsari, reception venue near Gandevi Road",Transactional (Hyper-local),High
Event + City Area,"Wedding Venues in Jalalpore, Navsari | VenueConnect",/navsari/jalalpore/wedding-venues/,"Best Wedding Venues in Jalalpore, Navsari | Book Near You - VenueConnect","Find the perfect wedding venue in Jalalpore, Navsari. Compare halls, farmhouses & party plots near Jalalpore. Get instant leads & free quotes on VenueConnect.","Best Wedding Venues in Jalalpore, Navsari",wedding venues in Jalalpore Navsari,"wedding venue Jalalpore, wedding hall near Jalalpore Navsari, wedding venue near Jalalpore",Transactional (Hyper-local),High
Event + City Area,"Birthday Party Venues in Jalalpore, Navsari | VenueConnect",/navsari/jalalpore/birthday-party-venues/,"Best Birthday Party Venues in Jalalpore, Navsari | Book Near You - VenueConnect","Find the perfect birthday party venue in Jalalpore, Navsari. Compare halls, farmhouses & party plots near Jalalpore. Get instant leads & free quotes on VenueConnect.","Best Birthday Party Venues in Jalalpore, Navsari",birthday party venues in Jalalpore Navsari,"birthday party venue Jalalpore, birthday party hall near Jalalpore Navsari, birthday party venue near Jalalpore",Transactional (Hyper-local),High
Event + City Area,"Engagement Venues in Jalalpore, Navsari | VenueConnect",/navsari/jalalpore/engagement-venues/,"Best Engagement Venues in Jalalpore, Navsari | Book Near You - VenueConnect","Find the perfect engagement venue in Jalalpore, Navsari. Compare halls, farmhouses & party plots near Jalalpore. Get instant leads & free quotes on VenueConnect.","Best Engagement Venues in Jalalpore, Navsari",engagement venues in Jalalpore Navsari,"engagement venue Jalalpore, engagement hall near Jalalpore Navsari, engagement venue near Jalalpore",Transactional (Hyper-local),High
Event + City Area,"Corporate Event Venues in Jalalpore, Navsari | VenueConnect",/navsari/jalalpore/corporate-event-venues/,"Best Corporate Event Venues in Jalalpore, Navsari | Book Near You - VenueConnect","Find the perfect corporate event venue in Jalalpore, Navsari. Compare halls, farmhouses & party plots near Jalalpore. Get instant leads & free quotes on VenueConnect.","Best Corporate Event Venues in Jalalpore, Navsari",corporate event venues in Jalalpore Navsari,"corporate event venue Jalalpore, corporate event hall near Jalalpore Navsari, corporate event venue near Jalalpore",Transactional (Hyper-local),High
Event + City Area,"Reception Venues in Jalalpore, Navsari | VenueConnect",/navsari/jalalpore/reception-venues/,"Best Reception Venues in Jalalpore, Navsari | Book Near You - VenueConnect","Find the perfect reception venue in Jalalpore, Navsari. Compare halls, farmhouses & party plots near Jalalpore. Get instant leads & free quotes on VenueConnect.","Best Reception Venues in Jalalpore, Navsari",reception venues in Jalalpore Navsari,"reception venue Jalalpore, reception hall near Jalalpore Navsari, reception venue near Jalalpore",Transactional (Hyper-local),High
Event + City Area,"Wedding Venues in Navsari Agriculture University, Navsari | VenueConnect",/navsari/navsari-agriculture-university/wedding-venues/,"Best Wedding Venues in Navsari Agriculture University, Navsari | Book Near You - VenueConnect","Find the perfect wedding venue in Navsari Agriculture University, Navsari. Compare halls, farmhouses & party plots near Navsari Agriculture University. Get instant leads & free quotes on VenueConnect.","Best Wedding Venues in Navsari Agriculture University, Navsari",wedding venues in Navsari Agriculture University Navsari,"wedding venue Navsari Agriculture University, wedding hall near Navsari Agriculture University Navsari, wedding venue near Navsari Agriculture University",Transactional (Hyper-local),High
Event + City Area,"Birthday Party Venues in Navsari Agriculture University, Navsari | VenueConnect",/navsari/navsari-agriculture-university/birthday-party-venues/,"Best Birthday Party Venues in Navsari Agriculture University, Navsari | Book Near You - VenueConnect","Find the perfect birthday party venue in Navsari Agriculture University, Navsari. Compare halls, farmhouses & party plots near Navsari Agriculture University. Get instant leads & free quotes on VenueConnect.","Best Birthday Party Venues in Navsari Agriculture University, Navsari",birthday party venues in Navsari Agriculture University Navsari,"birthday party venue Navsari Agriculture University, birthday party hall near Navsari Agriculture University Navsari, birthday party venue near Navsari Agriculture University",Transactional (Hyper-local),High
Event + City Area,"Engagement Venues in Navsari Agriculture University, Navsari | VenueConnect",/navsari/navsari-agriculture-university/engagement-venues/,"Best Engagement Venues in Navsari Agriculture University, Navsari | Book Near You - VenueConnect","Find the perfect engagement venue in Navsari Agriculture University, Navsari. Compare halls, farmhouses & party plots near Navsari Agriculture University. Get instant leads & free quotes on VenueConnect.","Best Engagement Venues in Navsari Agriculture University, Navsari",engagement venues in Navsari Agriculture University Navsari,"engagement venue Navsari Agriculture University, engagement hall near Navsari Agriculture University Navsari, engagement venue near Navsari Agriculture University",Transactional (Hyper-local),High
Event + City Area,"Corporate Event Venues in Navsari Agriculture University, Navsari | VenueConnect",/navsari/navsari-agriculture-university/corporate-event-venues/,"Best Corporate Event Venues in Navsari Agriculture University, Navsari | Book Near You - VenueConnect","Find the perfect corporate event venue in Navsari Agriculture University, Navsari. Compare halls, farmhouses & party plots near Navsari Agriculture University. Get instant leads & free quotes on VenueConnect.","Best Corporate Event Venues in Navsari Agriculture University, Navsari",corporate event venues in Navsari Agriculture University Navsari,"corporate event venue Navsari Agriculture University, corporate event hall near Navsari Agriculture University Navsari, corporate event venue near Navsari Agriculture University",Transactional (Hyper-local),High
Event + City Area,"Reception Venues in Navsari Agriculture University, Navsari | VenueConnect",/navsari/navsari-agriculture-university/reception-venues/,"Best Reception Venues in Navsari Agriculture University, Navsari | Book Near You - VenueConnect","Find the perfect reception venue in Navsari Agriculture University, Navsari. Compare halls, farmhouses & party plots near Navsari Agriculture University. Get instant leads & free quotes on VenueConnect.","Best Reception Venues in Navsari Agriculture University, Navsari",reception venues in Navsari Agriculture University Navsari,"reception venue Navsari Agriculture University, reception hall near Navsari Agriculture University Navsari, reception venue near Navsari Agriculture University",Transactional (Hyper-local),High
Event + City Area,"Wedding Venues in Abrama, Navsari | VenueConnect",/navsari/abrama/wedding-venues/,"Best Wedding Venues in Abrama, Navsari | Book Near You - VenueConnect","Find the perfect wedding venue in Abrama, Navsari. Compare halls, farmhouses & party plots near Abrama. Get instant leads & free quotes on VenueConnect.","Best Wedding Venues in Abrama, Navsari",wedding venues in Abrama Navsari,"wedding venue Abrama, wedding hall near Abrama Navsari, wedding venue near Abrama",Transactional (Hyper-local),High
Event + City Area,"Birthday Party Venues in Abrama, Navsari | VenueConnect",/navsari/abrama/birthday-party-venues/,"Best Birthday Party Venues in Abrama, Navsari | Book Near You - VenueConnect","Find the perfect birthday party venue in Abrama, Navsari. Compare halls, farmhouses & party plots near Abrama. Get instant leads & free quotes on VenueConnect.","Best Birthday Party Venues in Abrama, Navsari",birthday party venues in Abrama Navsari,"birthday party venue Abrama, birthday party hall near Abrama Navsari, birthday party venue near Abrama",Transactional (Hyper-local),High
Event + City Area,"Engagement Venues in Abrama, Navsari | VenueConnect",/navsari/abrama/engagement-venues/,"Best Engagement Venues in Abrama, Navsari | Book Near You - VenueConnect","Find the perfect engagement venue in Abrama, Navsari. Compare halls, farmhouses & party plots near Abrama. Get instant leads & free quotes on VenueConnect.","Best Engagement Venues in Abrama, Navsari",engagement venues in Abrama Navsari,"engagement venue Abrama, engagement hall near Abrama Navsari, engagement venue near Abrama",Transactional (Hyper-local),High
Event + City Area,"Corporate Event Venues in Abrama, Navsari | VenueConnect",/navsari/abrama/corporate-event-venues/,"Best Corporate Event Venues in Abrama, Navsari | Book Near You - VenueConnect","Find the perfect corporate event venue in Abrama, Navsari. Compare halls, farmhouses & party plots near Abrama. Get instant leads & free quotes on VenueConnect.","Best Corporate Event Venues in Abrama, Navsari",corporate event venues in Abrama Navsari,"corporate event venue Abrama, corporate event hall near Abrama Navsari, corporate event venue near Abrama",Transactional (Hyper-local),High
Event + City Area,"Reception Venues in Abrama, Navsari | VenueConnect",/navsari/abrama/reception-venues/,"Best Reception Venues in Abrama, Navsari | Book Near You - VenueConnect","Find the perfect reception venue in Abrama, Navsari. Compare halls, farmhouses & party plots near Abrama. Get instant leads & free quotes on VenueConnect.","Best Reception Venues in Abrama, Navsari",reception venues in Abrama Navsari,"reception venue Abrama, reception hall near Abrama Navsari, reception venue near Abrama",Transactional (Hyper-local),High
Event + City Area,"Wedding Venues in Bahir Chowk, Navsari | VenueConnect",/navsari/bahir-chowk/wedding-venues/,"Best Wedding Venues in Bahir Chowk, Navsari | Book Near You - VenueConnect","Find the perfect wedding venue in Bahir Chowk, Navsari. Compare halls, farmhouses & party plots near Bahir Chowk. Get instant leads & free quotes on VenueConnect.","Best Wedding Venues in Bahir Chowk, Navsari",wedding venues in Bahir Chowk Navsari,"wedding venue Bahir Chowk, wedding hall near Bahir Chowk Navsari, wedding venue near Bahir Chowk",Transactional (Hyper-local),High
Event + City Area,"Birthday Party Venues in Bahir Chowk, Navsari | VenueConnect",/navsari/bahir-chowk/birthday-party-venues/,"Best Birthday Party Venues in Bahir Chowk, Navsari | Book Near You - VenueConnect","Find the perfect birthday party venue in Bahir Chowk, Navsari. Compare halls, farmhouses & party plots near Bahir Chowk. Get instant leads & free quotes on VenueConnect.","Best Birthday Party Venues in Bahir Chowk, Navsari",birthday party venues in Bahir Chowk Navsari,"birthday party venue Bahir Chowk, birthday party hall near Bahir Chowk Navsari, birthday party venue near Bahir Chowk",Transactional (Hyper-local),High
Event + City Area,"Engagement Venues in Bahir Chowk, Navsari | VenueConnect",/navsari/bahir-chowk/engagement-venues/,"Best Engagement Venues in Bahir Chowk, Navsari | Book Near You - VenueConnect","Find the perfect engagement venue in Bahir Chowk, Navsari. Compare halls, farmhouses & party plots near Bahir Chowk. Get instant leads & free quotes on VenueConnect.","Best Engagement Venues in Bahir Chowk, Navsari",engagement venues in Bahir Chowk Navsari,"engagement venue Bahir Chowk, engagement hall near Bahir Chowk Navsari, engagement venue near Bahir Chowk",Transactional (Hyper-local),High
Event + City Area,"Corporate Event Venues in Bahir Chowk, Navsari | VenueConnect",/navsari/bahir-chowk/corporate-event-venues/,"Best Corporate Event Venues in Bahir Chowk, Navsari | Book Near You - VenueConnect","Find the perfect corporate event venue in Bahir Chowk, Navsari. Compare halls, farmhouses & party plots near Bahir Chowk. Get instant leads & free quotes on VenueConnect.","Best Corporate Event Venues in Bahir Chowk, Navsari",corporate event venues in Bahir Chowk Navsari,"corporate event venue Bahir Chowk, corporate event hall near Bahir Chowk Navsari, corporate event venue near Bahir Chowk",Transactional (Hyper-local),High
Event + City Area,"Reception Venues in Bahir Chowk, Navsari | VenueConnect",/navsari/bahir-chowk/reception-venues/,"Best Reception Venues in Bahir Chowk, Navsari | Book Near You - VenueConnect","Find the perfect reception venue in Bahir Chowk, Navsari. Compare halls, farmhouses & party plots near Bahir Chowk. Get instant leads & free quotes on VenueConnect.","Best Reception Venues in Bahir Chowk, Navsari",reception venues in Bahir Chowk Navsari,"reception venue Bahir Chowk, reception hall near Bahir Chowk Navsari, reception venue near Bahir Chowk",Transactional (Hyper-local),High
Event + City Area,"Wedding Venues in Bai Veerbai Road, Navsari | VenueConnect",/navsari/bai-veerbai-road/wedding-venues/,"Best Wedding Venues in Bai Veerbai Road, Navsari | Book Near You - VenueConnect","Find the perfect wedding venue in Bai Veerbai Road, Navsari. Compare halls, farmhouses & party plots near Bai Veerbai Road. Get instant leads & free quotes on VenueConnect.","Best Wedding Venues in Bai Veerbai Road, Navsari",wedding venues in Bai Veerbai Road Navsari,"wedding venue Bai Veerbai Road, wedding hall near Bai Veerbai Road Navsari, wedding venue near Bai Veerbai Road",Transactional (Hyper-local),High
Event + City Area,"Birthday Party Venues in Bai Veerbai Road, Navsari | VenueConnect",/navsari/bai-veerbai-road/birthday-party-venues/,"Best Birthday Party Venues in Bai Veerbai Road, Navsari | Book Near You - VenueConnect","Find the perfect birthday party venue in Bai Veerbai Road, Navsari. Compare halls, farmhouses & party plots near Bai Veerbai Road. Get instant leads & free quotes on VenueConnect.","Best Birthday Party Venues in Bai Veerbai Road, Navsari",birthday party venues in Bai Veerbai Road Navsari,"birthday party venue Bai Veerbai Road, birthday party hall near Bai Veerbai Road Navsari, birthday party venue near Bai Veerbai Road",Transactional (Hyper-local),High
Event + City Area,"Engagement Venues in Bai Veerbai Road, Navsari | VenueConnect",/navsari/bai-veerbai-road/engagement-venues/,"Best Engagement Venues in Bai Veerbai Road, Navsari | Book Near You - VenueConnect","Find the perfect engagement venue in Bai Veerbai Road, Navsari. Compare halls, farmhouses & party plots near Bai Veerbai Road. Get instant leads & free quotes on VenueConnect.","Best Engagement Venues in Bai Veerbai Road, Navsari",engagement venues in Bai Veerbai Road Navsari,"engagement venue Bai Veerbai Road, engagement hall near Bai Veerbai Road Navsari, engagement venue near Bai Veerbai Road",Transactional (Hyper-local),High
Event + City Area,"Corporate Event Venues in Bai Veerbai Road, Navsari | VenueConnect",/navsari/bai-veerbai-road/corporate-event-venues/,"Best Corporate Event Venues in Bai Veerbai Road, Navsari | Book Near You - VenueConnect","Find the perfect corporate event venue in Bai Veerbai Road, Navsari. Compare halls, farmhouses & party plots near Bai Veerbai Road. Get instant leads & free quotes on VenueConnect.","Best Corporate Event Venues in Bai Veerbai Road, Navsari",corporate event venues in Bai Veerbai Road Navsari,"corporate event venue Bai Veerbai Road, corporate event hall near Bai Veerbai Road Navsari, corporate event venue near Bai Veerbai Road",Transactional (Hyper-local),High
Event + City Area,"Reception Venues in Bai Veerbai Road, Navsari | VenueConnect",/navsari/bai-veerbai-road/reception-venues/,"Best Reception Venues in Bai Veerbai Road, Navsari | Book Near You - VenueConnect","Find the perfect reception venue in Bai Veerbai Road, Navsari. Compare halls, farmhouses & party plots near Bai Veerbai Road. Get instant leads & free quotes on VenueConnect.","Best Reception Venues in Bai Veerbai Road, Navsari",reception venues in Bai Veerbai Road Navsari,"reception venue Bai Veerbai Road, reception hall near Bai Veerbai Road Navsari, reception venue near Bai Veerbai Road",Transactional (Hyper-local),High
Event + City Area,"Wedding Venues in Bilimora Road, Navsari | VenueConnect",/navsari/bilimora-road/wedding-venues/,"Best Wedding Venues in Bilimora Road, Navsari | Book Near You - VenueConnect","Find the perfect wedding venue in Bilimora Road, Navsari. Compare halls, farmhouses & party plots near Bilimora Road. Get instant leads & free quotes on VenueConnect.","Best Wedding Venues in Bilimora Road, Navsari",wedding venues in Bilimora Road Navsari,"wedding venue Bilimora Road, wedding hall near Bilimora Road Navsari, wedding venue near Bilimora Road",Transactional (Hyper-local),High
Event + City Area,"Birthday Party Venues in Bilimora Road, Navsari | VenueConnect",/navsari/bilimora-road/birthday-party-venues/,"Best Birthday Party Venues in Bilimora Road, Navsari | Book Near You - VenueConnect","Find the perfect birthday party venue in Bilimora Road, Navsari. Compare halls, farmhouses & party plots near Bilimora Road. Get instant leads & free quotes on VenueConnect.","Best Birthday Party Venues in Bilimora Road, Navsari",birthday party venues in Bilimora Road Navsari,"birthday party venue Bilimora Road, birthday party hall near Bilimora Road Navsari, birthday party venue near Bilimora Road",Transactional (Hyper-local),High
Event + City Area,"Engagement Venues in Bilimora Road, Navsari | VenueConnect",/navsari/bilimora-road/engagement-venues/,"Best Engagement Venues in Bilimora Road, Navsari | Book Near You - VenueConnect","Find the perfect engagement venue in Bilimora Road, Navsari. Compare halls, farmhouses & party plots near Bilimora Road. Get instant leads & free quotes on VenueConnect.","Best Engagement Venues in Bilimora Road, Navsari",engagement venues in Bilimora Road Navsari,"engagement venue Bilimora Road, engagement hall near Bilimora Road Navsari, engagement venue near Bilimora Road",Transactional (Hyper-local),High
Event + City Area,"Corporate Event Venues in Bilimora Road, Navsari | VenueConnect",/navsari/bilimora-road/corporate-event-venues/,"Best Corporate Event Venues in Bilimora Road, Navsari | Book Near You - VenueConnect","Find the perfect corporate event venue in Bilimora Road, Navsari. Compare halls, farmhouses & party plots near Bilimora Road. Get instant leads & free quotes on VenueConnect.","Best Corporate Event Venues in Bilimora Road, Navsari",corporate event venues in Bilimora Road Navsari,"corporate event venue Bilimora Road, corporate event hall near Bilimora Road Navsari, corporate event venue near Bilimora Road",Transactional (Hyper-local),High
Event + City Area,"Reception Venues in Bilimora Road, Navsari | VenueConnect",/navsari/bilimora-road/reception-venues/,"Best Reception Venues in Bilimora Road, Navsari | Book Near You - VenueConnect","Find the perfect reception venue in Bilimora Road, Navsari. Compare halls, farmhouses & party plots near Bilimora Road. Get instant leads & free quotes on VenueConnect.","Best Reception Venues in Bilimora Road, Navsari",reception venues in Bilimora Road Navsari,"reception venue Bilimora Road, reception hall near Bilimora Road Navsari, reception venue near Bilimora Road",Transactional (Hyper-local),High
Event + City Area,"Wedding Venues in Chikhli Road, Navsari | VenueConnect",/navsari/chikhli-road/wedding-venues/,"Best Wedding Venues in Chikhli Road, Navsari | Book Near You - VenueConnect","Find the perfect wedding venue in Chikhli Road, Navsari. Compare halls, farmhouses & party plots near Chikhli Road. Get instant leads & free quotes on VenueConnect.","Best Wedding Venues in Chikhli Road, Navsari",wedding venues in Chikhli Road Navsari,"wedding venue Chikhli Road, wedding hall near Chikhli Road Navsari, wedding venue near Chikhli Road",Transactional (Hyper-local),High
Event + City Area,"Birthday Party Venues in Chikhli Road, Navsari | VenueConnect",/navsari/chikhli-road/birthday-party-venues/,"Best Birthday Party Venues in Chikhli Road, Navsari | Book Near You - VenueConnect","Find the perfect birthday party venue in Chikhli Road, Navsari. Compare halls, farmhouses & party plots near Chikhli Road. Get instant leads & free quotes on VenueConnect.","Best Birthday Party Venues in Chikhli Road, Navsari",birthday party venues in Chikhli Road Navsari,"birthday party venue Chikhli Road, birthday party hall near Chikhli Road Navsari, birthday party venue near Chikhli Road",Transactional (Hyper-local),High
Event + City Area,"Engagement Venues in Chikhli Road, Navsari | VenueConnect",/navsari/chikhli-road/engagement-venues/,"Best Engagement Venues in Chikhli Road, Navsari | Book Near You - VenueConnect","Find the perfect engagement venue in Chikhli Road, Navsari. Compare halls, farmhouses & party plots near Chikhli Road. Get instant leads & free quotes on VenueConnect.","Best Engagement Venues in Chikhli Road, Navsari",engagement venues in Chikhli Road Navsari,"engagement venue Chikhli Road, engagement hall near Chikhli Road Navsari, engagement venue near Chikhli Road",Transactional (Hyper-local),High
Event + City Area,"Corporate Event Venues in Chikhli Road, Navsari | VenueConnect",/navsari/chikhli-road/corporate-event-venues/,"Best Corporate Event Venues in Chikhli Road, Navsari | Book Near You - VenueConnect","Find the perfect corporate event venue in Chikhli Road, Navsari. Compare halls, farmhouses & party plots near Chikhli Road. Get instant leads & free quotes on VenueConnect.","Best Corporate Event Venues in Chikhli Road, Navsari",corporate event venues in Chikhli Road Navsari,"corporate event venue Chikhli Road, corporate event hall near Chikhli Road Navsari, corporate event venue near Chikhli Road",Transactional (Hyper-local),High
Event + City Area,"Reception Venues in Chikhli Road, Navsari | VenueConnect",/navsari/chikhli-road/reception-venues/,"Best Reception Venues in Chikhli Road, Navsari | Book Near You - VenueConnect","Find the perfect reception venue in Chikhli Road, Navsari. Compare halls, farmhouses & party plots near Chikhli Road. Get instant leads & free quotes on VenueConnect.","Best Reception Venues in Chikhli Road, Navsari",reception venues in Chikhli Road Navsari,"reception venue Chikhli Road, reception hall near Chikhli Road Navsari, reception venue near Chikhli Road",Transactional (Hyper-local),High
Event + City Area,"Wedding Venues in Chovisi, Navsari | VenueConnect",/navsari/chovisi/wedding-venues/,"Best Wedding Venues in Chovisi, Navsari | Book Near You - VenueConnect","Find the perfect wedding venue in Chovisi, Navsari. Compare halls, farmhouses & party plots near Chovisi. Get instant leads & free quotes on VenueConnect.","Best Wedding Venues in Chovisi, Navsari",wedding venues in Chovisi Navsari,"wedding venue Chovisi, wedding hall near Chovisi Navsari, wedding venue near Chovisi",Transactional (Hyper-local),High
Event + City Area,"Birthday Party Venues in Chovisi, Navsari | VenueConnect",/navsari/chovisi/birthday-party-venues/,"Best Birthday Party Venues in Chovisi, Navsari | Book Near You - VenueConnect","Find the perfect birthday party venue in Chovisi, Navsari. Compare halls, farmhouses & party plots near Chovisi. Get instant leads & free quotes on VenueConnect.","Best Birthday Party Venues in Chovisi, Navsari",birthday party venues in Chovisi Navsari,"birthday party venue Chovisi, birthday party hall near Chovisi Navsari, birthday party venue near Chovisi",Transactional (Hyper-local),High
Event + City Area,"Engagement Venues in Chovisi, Navsari | VenueConnect",/navsari/chovisi/engagement-venues/,"Best Engagement Venues in Chovisi, Navsari | Book Near You - VenueConnect","Find the perfect engagement venue in Chovisi, Navsari. Compare halls, farmhouses & party plots near Chovisi. Get instant leads & free quotes on VenueConnect.","Best Engagement Venues in Chovisi, Navsari",engagement venues in Chovisi Navsari,"engagement venue Chovisi, engagement hall near Chovisi Navsari, engagement venue near Chovisi",Transactional (Hyper-local),High
Event + City Area,"Corporate Event Venues in Chovisi, Navsari | VenueConnect",/navsari/chovisi/corporate-event-venues/,"Best Corporate Event Venues in Chovisi, Navsari | Book Near You - VenueConnect","Find the perfect corporate event venue in Chovisi, Navsari. Compare halls, farmhouses & party plots near Chovisi. Get instant leads & free quotes on VenueConnect.","Best Corporate Event Venues in Chovisi, Navsari",corporate event venues in Chovisi Navsari,"corporate event venue Chovisi, corporate event hall near Chovisi Navsari, corporate event venue near Chovisi",Transactional (Hyper-local),High
Event + City Area,"Reception Venues in Chovisi, Navsari | VenueConnect",/navsari/chovisi/reception-venues/,"Best Reception Venues in Chovisi, Navsari | Book Near You - VenueConnect","Find the perfect reception venue in Chovisi, Navsari. Compare halls, farmhouses & party plots near Chovisi. Get instant leads & free quotes on VenueConnect.","Best Reception Venues in Chovisi, Navsari",reception venues in Chovisi Navsari,"reception venue Chovisi, reception hall near Chovisi Navsari, reception venue near Chovisi",Transactional (Hyper-local),High
Event + City Area,"Wedding Venues in Dabhel, Navsari | VenueConnect",/navsari/dabhel/wedding-venues/,"Best Wedding Venues in Dabhel, Navsari | Book Near You - VenueConnect","Find the perfect wedding venue in Dabhel, Navsari. Compare halls, farmhouses & party plots near Dabhel. Get instant leads & free quotes on VenueConnect.","Best Wedding Venues in Dabhel, Navsari",wedding venues in Dabhel Navsari,"wedding venue Dabhel, wedding hall near Dabhel Navsari, wedding venue near Dabhel",Transactional (Hyper-local),High
Event + City Area,"Birthday Party Venues in Dabhel, Navsari | VenueConnect",/navsari/dabhel/birthday-party-venues/,"Best Birthday Party Venues in Dabhel, Navsari | Book Near You - VenueConnect","Find the perfect birthday party venue in Dabhel, Navsari. Compare halls, farmhouses & party plots near Dabhel. Get instant leads & free quotes on VenueConnect.","Best Birthday Party Venues in Dabhel, Navsari",birthday party venues in Dabhel Navsari,"birthday party venue Dabhel, birthday party hall near Dabhel Navsari, birthday party venue near Dabhel",Transactional (Hyper-local),High
Event + City Area,"Engagement Venues in Dabhel, Navsari | VenueConnect",/navsari/dabhel/engagement-venues/,"Best Engagement Venues in Dabhel, Navsari | Book Near You - VenueConnect","Find the perfect engagement venue in Dabhel, Navsari. Compare halls, farmhouses & party plots near Dabhel. Get instant leads & free quotes on VenueConnect.","Best Engagement Venues in Dabhel, Navsari",engagement venues in Dabhel Navsari,"engagement venue Dabhel, engagement hall near Dabhel Navsari, engagement venue near Dabhel",Transactional (Hyper-local),High
Event + City Area,"Corporate Event Venues in Dabhel, Navsari | VenueConnect",/navsari/dabhel/corporate-event-venues/,"Best Corporate Event Venues in Dabhel, Navsari | Book Near You - VenueConnect","Find the perfect corporate event venue in Dabhel, Navsari. Compare halls, farmhouses & party plots near Dabhel. Get instant leads & free quotes on VenueConnect.","Best Corporate Event Venues in Dabhel, Navsari",corporate event venues in Dabhel Navsari,"corporate event venue Dabhel, corporate event hall near Dabhel Navsari, corporate event venue near Dabhel",Transactional (Hyper-local),High
Event + City Area,"Reception Venues in Dabhel, Navsari | VenueConnect",/navsari/dabhel/reception-venues/,"Best Reception Venues in Dabhel, Navsari | Book Near You - VenueConnect","Find the perfect reception venue in Dabhel, Navsari. Compare halls, farmhouses & party plots near Dabhel. Get instant leads & free quotes on VenueConnect.","Best Reception Venues in Dabhel, Navsari",reception venues in Dabhel Navsari,"reception venue Dabhel, reception hall near Dabhel Navsari, reception venue near Dabhel",Transactional (Hyper-local),High
Event + City Area,"Wedding Venues in Devsar, Navsari | VenueConnect",/navsari/devsar/wedding-venues/,"Best Wedding Venues in Devsar, Navsari | Book Near You - VenueConnect","Find the perfect wedding venue in Devsar, Navsari. Compare halls, farmhouses & party plots near Devsar. Get instant leads & free quotes on VenueConnect.","Best Wedding Venues in Devsar, Navsari",wedding venues in Devsar Navsari,"wedding venue Devsar, wedding hall near Devsar Navsari, wedding venue near Devsar",Transactional (Hyper-local),High
Event + City Area,"Birthday Party Venues in Devsar, Navsari | VenueConnect",/navsari/devsar/birthday-party-venues/,"Best Birthday Party Venues in Devsar, Navsari | Book Near You - VenueConnect","Find the perfect birthday party venue in Devsar, Navsari. Compare halls, farmhouses & party plots near Devsar. Get instant leads & free quotes on VenueConnect.","Best Birthday Party Venues in Devsar, Navsari",birthday party venues in Devsar Navsari,"birthday party venue Devsar, birthday party hall near Devsar Navsari, birthday party venue near Devsar",Transactional (Hyper-local),High
Event + City Area,"Engagement Venues in Devsar, Navsari | VenueConnect",/navsari/devsar/engagement-venues/,"Best Engagement Venues in Devsar, Navsari | Book Near You - VenueConnect","Find the perfect engagement venue in Devsar, Navsari. Compare halls, farmhouses & party plots near Devsar. Get instant leads & free quotes on VenueConnect.","Best Engagement Venues in Devsar, Navsari",engagement venues in Devsar Navsari,"engagement venue Devsar, engagement hall near Devsar Navsari, engagement venue near Devsar",Transactional (Hyper-local),High
Event + City Area,"Corporate Event Venues in Devsar, Navsari | VenueConnect",/navsari/devsar/corporate-event-venues/,"Best Corporate Event Venues in Devsar, Navsari | Book Near You - VenueConnect","Find the perfect corporate event venue in Devsar, Navsari. Compare halls, farmhouses & party plots near Devsar. Get instant leads & free quotes on VenueConnect.","Best Corporate Event Venues in Devsar, Navsari",corporate event venues in Devsar Navsari,"corporate event venue Devsar, corporate event hall near Devsar Navsari, corporate event venue near Devsar",Transactional (Hyper-local),High
Event + City Area,"Reception Venues in Devsar, Navsari | VenueConnect",/navsari/devsar/reception-venues/,"Best Reception Venues in Devsar, Navsari | Book Near You - VenueConnect","Find the perfect reception venue in Devsar, Navsari. Compare halls, farmhouses & party plots near Devsar. Get instant leads & free quotes on VenueConnect.","Best Reception Venues in Devsar, Navsari",reception venues in Devsar Navsari,"reception venue Devsar, reception hall near Devsar Navsari, reception venue near Devsar",Transactional (Hyper-local),High
Event + City Area,"Wedding Venues in Dungri, Navsari | VenueConnect",/navsari/dungri/wedding-venues/,"Best Wedding Venues in Dungri, Navsari | Book Near You - VenueConnect","Find the perfect wedding venue in Dungri, Navsari. Compare halls, farmhouses & party plots near Dungri. Get instant leads & free quotes on VenueConnect.","Best Wedding Venues in Dungri, Navsari",wedding venues in Dungri Navsari,"wedding venue Dungri, wedding hall near Dungri Navsari, wedding venue near Dungri",Transactional (Hyper-local),High
Event + City Area,"Birthday Party Venues in Dungri, Navsari | VenueConnect",/navsari/dungri/birthday-party-venues/,"Best Birthday Party Venues in Dungri, Navsari | Book Near You - VenueConnect","Find the perfect birthday party venue in Dungri, Navsari. Compare halls, farmhouses & party plots near Dungri. Get instant leads & free quotes on VenueConnect.","Best Birthday Party Venues in Dungri, Navsari",birthday party venues in Dungri Navsari,"birthday party venue Dungri, birthday party hall near Dungri Navsari, birthday party venue near Dungri",Transactional (Hyper-local),High
Event + City Area,"Engagement Venues in Dungri, Navsari | VenueConnect",/navsari/dungri/engagement-venues/,"Best Engagement Venues in Dungri, Navsari | Book Near You - VenueConnect","Find the perfect engagement venue in Dungri, Navsari. Compare halls, farmhouses & party plots near Dungri. Get instant leads & free quotes on VenueConnect.","Best Engagement Venues in Dungri, Navsari",engagement venues in Dungri Navsari,"engagement venue Dungri, engagement hall near Dungri Navsari, engagement venue near Dungri",Transactional (Hyper-local),High
Event + City Area,"Corporate Event Venues in Dungri, Navsari | VenueConnect",/navsari/dungri/corporate-event-venues/,"Best Corporate Event Venues in Dungri, Navsari | Book Near You - VenueConnect","Find the perfect corporate event venue in Dungri, Navsari. Compare halls, farmhouses & party plots near Dungri. Get instant leads & free quotes on VenueConnect.","Best Corporate Event Venues in Dungri, Navsari",corporate event venues in Dungri Navsari,"corporate event venue Dungri, corporate event hall near Dungri Navsari, corporate event venue near Dungri",Transactional (Hyper-local),High
Event + City Area,"Reception Venues in Dungri, Navsari | VenueConnect",/navsari/dungri/reception-venues/,"Best Reception Venues in Dungri, Navsari | Book Near You - VenueConnect","Find the perfect reception venue in Dungri, Navsari. Compare halls, farmhouses & party plots near Dungri. Get instant leads & free quotes on VenueConnect.","Best Reception Venues in Dungri, Navsari",reception venues in Dungri Navsari,"reception venue Dungri, reception hall near Dungri Navsari, reception venue near Dungri",Transactional (Hyper-local),High
Event + City Area,"Wedding Venues in Falia, Navsari | VenueConnect",/navsari/falia/wedding-venues/,"Best Wedding Venues in Falia, Navsari | Book Near You - VenueConnect","Find the perfect wedding venue in Falia, Navsari. Compare halls, farmhouses & party plots near Falia. Get instant leads & free quotes on VenueConnect.","Best Wedding Venues in Falia, Navsari",wedding venues in Falia Navsari,"wedding venue Falia, wedding hall near Falia Navsari, wedding venue near Falia",Transactional (Hyper-local),High
Event + City Area,"Birthday Party Venues in Falia, Navsari | VenueConnect",/navsari/falia/birthday-party-venues/,"Best Birthday Party Venues in Falia, Navsari | Book Near You - VenueConnect","Find the perfect birthday party venue in Falia, Navsari. Compare halls, farmhouses & party plots near Falia. Get instant leads & free quotes on VenueConnect.","Best Birthday Party Venues in Falia, Navsari",birthday party venues in Falia Navsari,"birthday party venue Falia, birthday party hall near Falia Navsari, birthday party venue near Falia",Transactional (Hyper-local),High
Event + City Area,"Engagement Venues in Falia, Navsari | VenueConnect",/navsari/falia/engagement-venues/,"Best Engagement Venues in Falia, Navsari | Book Near You - VenueConnect","Find the perfect engagement venue in Falia, Navsari. Compare halls, farmhouses & party plots near Falia. Get instant leads & free quotes on VenueConnect.","Best Engagement Venues in Falia, Navsari",engagement venues in Falia Navsari,"engagement venue Falia, engagement hall near Falia Navsari, engagement venue near Falia",Transactional (Hyper-local),High
Event + City Area,"Corporate Event Venues in Falia, Navsari | VenueConnect",/navsari/falia/corporate-event-venues/,"Best Corporate Event Venues in Falia, Navsari | Book Near You - VenueConnect","Find the perfect corporate event venue in Falia, Navsari. Compare halls, farmhouses & party plots near Falia. Get instant leads & free quotes on VenueConnect.","Best Corporate Event Venues in Falia, Navsari",corporate event venues in Falia Navsari,"corporate event venue Falia, corporate event hall near Falia Navsari, corporate event venue near Falia",Transactional (Hyper-local),High
Event + City Area,"Reception Venues in Falia, Navsari | VenueConnect",/navsari/falia/reception-venues/,"Best Reception Venues in Falia, Navsari | Book Near You - VenueConnect","Find the perfect reception venue in Falia, Navsari. Compare halls, farmhouses & party plots near Falia. Get instant leads & free quotes on VenueConnect.","Best Reception Venues in Falia, Navsari",reception venues in Falia Navsari,"reception venue Falia, reception hall near Falia Navsari, reception venue near Falia",Transactional (Hyper-local),High
Event + City Area,"Wedding Venues in Gamdi, Navsari | VenueConnect",/navsari/gamdi/wedding-venues/,"Best Wedding Venues in Gamdi, Navsari | Book Near You - VenueConnect","Find the perfect wedding venue in Gamdi, Navsari. Compare halls, farmhouses & party plots near Gamdi. Get instant leads & free quotes on VenueConnect.","Best Wedding Venues in Gamdi, Navsari",wedding venues in Gamdi Navsari,"wedding venue Gamdi, wedding hall near Gamdi Navsari, wedding venue near Gamdi",Transactional (Hyper-local),High
Event + City Area,"Birthday Party Venues in Gamdi, Navsari | VenueConnect",/navsari/gamdi/birthday-party-venues/,"Best Birthday Party Venues in Gamdi, Navsari | Book Near You - VenueConnect","Find the perfect birthday party venue in Gamdi, Navsari. Compare halls, farmhouses & party plots near Gamdi. Get instant leads & free quotes on VenueConnect.","Best Birthday Party Venues in Gamdi, Navsari",birthday party venues in Gamdi Navsari,"birthday party venue Gamdi, birthday party hall near Gamdi Navsari, birthday party venue near Gamdi",Transactional (Hyper-local),High
Event + City Area,"Engagement Venues in Gamdi, Navsari | VenueConnect",/navsari/gamdi/engagement-venues/,"Best Engagement Venues in Gamdi, Navsari | Book Near You - VenueConnect","Find the perfect engagement venue in Gamdi, Navsari. Compare halls, farmhouses & party plots near Gamdi. Get instant leads & free quotes on VenueConnect.","Best Engagement Venues in Gamdi, Navsari",engagement venues in Gamdi Navsari,"engagement venue Gamdi, engagement hall near Gamdi Navsari, engagement venue near Gamdi",Transactional (Hyper-local),High
Event + City Area,"Corporate Event Venues in Gamdi, Navsari | VenueConnect",/navsari/gamdi/corporate-event-venues/,"Best Corporate Event Venues in Gamdi, Navsari | Book Near You - VenueConnect","Find the perfect corporate event venue in Gamdi, Navsari. Compare halls, farmhouses & party plots near Gamdi. Get instant leads & free quotes on VenueConnect.","Best Corporate Event Venues in Gamdi, Navsari",corporate event venues in Gamdi Navsari,"corporate event venue Gamdi, corporate event hall near Gamdi Navsari, corporate event venue near Gamdi",Transactional (Hyper-local),High
Event + City Area,"Reception Venues in Gamdi, Navsari | VenueConnect",/navsari/gamdi/reception-venues/,"Best Reception Venues in Gamdi, Navsari | Book Near You - VenueConnect","Find the perfect reception venue in Gamdi, Navsari. Compare halls, farmhouses & party plots near Gamdi. Get instant leads & free quotes on VenueConnect.","Best Reception Venues in Gamdi, Navsari",reception venues in Gamdi Navsari,"reception venue Gamdi, reception hall near Gamdi Navsari, reception venue near Gamdi",Transactional (Hyper-local),High
Event + City Area,"Wedding Venues in Juna Navsari, Navsari | VenueConnect",/navsari/juna-navsari/wedding-venues/,"Best Wedding Venues in Juna Navsari, Navsari | Book Near You - VenueConnect","Find the perfect wedding venue in Juna Navsari, Navsari. Compare halls, farmhouses & party plots near Juna Navsari. Get instant leads & free quotes on VenueConnect.","Best Wedding Venues in Juna Navsari, Navsari",wedding venues in Juna Navsari Navsari,"wedding venue Juna Navsari, wedding hall near Juna Navsari Navsari, wedding venue near Juna Navsari",Transactional (Hyper-local),High
Event + City Area,"Birthday Party Venues in Juna Navsari, Navsari | VenueConnect",/navsari/juna-navsari/birthday-party-venues/,"Best Birthday Party Venues in Juna Navsari, Navsari | Book Near You - VenueConnect","Find the perfect birthday party venue in Juna Navsari, Navsari. Compare halls, farmhouses & party plots near Juna Navsari. Get instant leads & free quotes on VenueConnect.","Best Birthday Party Venues in Juna Navsari, Navsari",birthday party venues in Juna Navsari Navsari,"birthday party venue Juna Navsari, birthday party hall near Juna Navsari Navsari, birthday party venue near Juna Navsari",Transactional (Hyper-local),High
Event + City Area,"Engagement Venues in Juna Navsari, Navsari | VenueConnect",/navsari/juna-navsari/engagement-venues/,"Best Engagement Venues in Juna Navsari, Navsari | Book Near You - VenueConnect","Find the perfect engagement venue in Juna Navsari, Navsari. Compare halls, farmhouses & party plots near Juna Navsari. Get instant leads & free quotes on VenueConnect.","Best Engagement Venues in Juna Navsari, Navsari",engagement venues in Juna Navsari Navsari,"engagement venue Juna Navsari, engagement hall near Juna Navsari Navsari, engagement venue near Juna Navsari",Transactional (Hyper-local),High
Event + City Area,"Corporate Event Venues in Juna Navsari, Navsari | VenueConnect",/navsari/juna-navsari/corporate-event-venues/,"Best Corporate Event Venues in Juna Navsari, Navsari | Book Near You - VenueConnect","Find the perfect corporate event venue in Juna Navsari, Navsari. Compare halls, farmhouses & party plots near Juna Navsari. Get instant leads & free quotes on VenueConnect.","Best Corporate Event Venues in Juna Navsari, Navsari",corporate event venues in Juna Navsari Navsari,"corporate event venue Juna Navsari, corporate event hall near Juna Navsari Navsari, corporate event venue near Juna Navsari",Transactional (Hyper-local),High
Event + City Area,"Reception Venues in Juna Navsari, Navsari | VenueConnect",/navsari/juna-navsari/reception-venues/,"Best Reception Venues in Juna Navsari, Navsari | Book Near You - VenueConnect","Find the perfect reception venue in Juna Navsari, Navsari. Compare halls, farmhouses & party plots near Juna Navsari. Get instant leads & free quotes on VenueConnect.","Best Reception Venues in Juna Navsari, Navsari",reception venues in Juna Navsari Navsari,"reception venue Juna Navsari, reception hall near Juna Navsari Navsari, reception venue near Juna Navsari",Transactional (Hyper-local),High
Event + City Area,"Wedding Venues in Khergam Road, Navsari | VenueConnect",/navsari/khergam-road/wedding-venues/,"Best Wedding Venues in Khergam Road, Navsari | Book Near You - VenueConnect","Find the perfect wedding venue in Khergam Road, Navsari. Compare halls, farmhouses & party plots near Khergam Road. Get instant leads & free quotes on VenueConnect.","Best Wedding Venues in Khergam Road, Navsari",wedding venues in Khergam Road Navsari,"wedding venue Khergam Road, wedding hall near Khergam Road Navsari, wedding venue near Khergam Road",Transactional (Hyper-local),High
Event + City Area,"Birthday Party Venues in Khergam Road, Navsari | VenueConnect",/navsari/khergam-road/birthday-party-venues/,"Best Birthday Party Venues in Khergam Road, Navsari | Book Near You - VenueConnect","Find the perfect birthday party venue in Khergam Road, Navsari. Compare halls, farmhouses & party plots near Khergam Road. Get instant leads & free quotes on VenueConnect.","Best Birthday Party Venues in Khergam Road, Navsari",birthday party venues in Khergam Road Navsari,"birthday party venue Khergam Road, birthday party hall near Khergam Road Navsari, birthday party venue near Khergam Road",Transactional (Hyper-local),High
Event + City Area,"Engagement Venues in Khergam Road, Navsari | VenueConnect",/navsari/khergam-road/engagement-venues/,"Best Engagement Venues in Khergam Road, Navsari | Book Near You - VenueConnect","Find the perfect engagement venue in Khergam Road, Navsari. Compare halls, farmhouses & party plots near Khergam Road. Get instant leads & free quotes on VenueConnect.","Best Engagement Venues in Khergam Road, Navsari",engagement venues in Khergam Road Navsari,"engagement venue Khergam Road, engagement hall near Khergam Road Navsari, engagement venue near Khergam Road",Transactional (Hyper-local),High
Event + City Area,"Corporate Event Venues in Khergam Road, Navsari | VenueConnect",/navsari/khergam-road/corporate-event-venues/,"Best Corporate Event Venues in Khergam Road, Navsari | Book Near You - VenueConnect","Find the perfect corporate event venue in Khergam Road, Navsari. Compare halls, farmhouses & party plots near Khergam Road. Get instant leads & free quotes on VenueConnect.","Best Corporate Event Venues in Khergam Road, Navsari",corporate event venues in Khergam Road Navsari,"corporate event venue Khergam Road, corporate event hall near Khergam Road Navsari, corporate event venue near Khergam Road",Transactional (Hyper-local),High
Event + City Area,"Reception Venues in Khergam Road, Navsari | VenueConnect",/navsari/khergam-road/reception-venues/,"Best Reception Venues in Khergam Road, Navsari | Book Near You - VenueConnect","Find the perfect reception venue in Khergam Road, Navsari. Compare halls, farmhouses & party plots near Khergam Road. Get instant leads & free quotes on VenueConnect.","Best Reception Venues in Khergam Road, Navsari",reception venues in Khergam Road Navsari,"reception venue Khergam Road, reception hall near Khergam Road Navsari, reception venue near Khergam Road",Transactional (Hyper-local),High
Event + City Area,"Wedding Venues in Marod, Navsari | VenueConnect",/navsari/marod/wedding-venues/,"Best Wedding Venues in Marod, Navsari | Book Near You - VenueConnect","Find the perfect wedding venue in Marod, Navsari. Compare halls, farmhouses & party plots near Marod. Get instant leads & free quotes on VenueConnect.","Best Wedding Venues in Marod, Navsari",wedding venues in Marod Navsari,"wedding venue Marod, wedding hall near Marod Navsari, wedding venue near Marod",Transactional (Hyper-local),High
Event + City Area,"Birthday Party Venues in Marod, Navsari | VenueConnect",/navsari/marod/birthday-party-venues/,"Best Birthday Party Venues in Marod, Navsari | Book Near You - VenueConnect","Find the perfect birthday party venue in Marod, Navsari. Compare halls, farmhouses & party plots near Marod. Get instant leads & free quotes on VenueConnect.","Best Birthday Party Venues in Marod, Navsari",birthday party venues in Marod Navsari,"birthday party venue Marod, birthday party hall near Marod Navsari, birthday party venue near Marod",Transactional (Hyper-local),High
Event + City Area,"Engagement Venues in Marod, Navsari | VenueConnect",/navsari/marod/engagement-venues/,"Best Engagement Venues in Marod, Navsari | Book Near You - VenueConnect","Find the perfect engagement venue in Marod, Navsari. Compare halls, farmhouses & party plots near Marod. Get instant leads & free quotes on VenueConnect.","Best Engagement Venues in Marod, Navsari",engagement venues in Marod Navsari,"engagement venue Marod, engagement hall near Marod Navsari, engagement venue near Marod",Transactional (Hyper-local),High
Event + City Area,"Corporate Event Venues in Marod, Navsari | VenueConnect",/navsari/marod/corporate-event-venues/,"Best Corporate Event Venues in Marod, Navsari | Book Near You - VenueConnect","Find the perfect corporate event venue in Marod, Navsari. Compare halls, farmhouses & party plots near Marod. Get instant leads & free quotes on VenueConnect.","Best Corporate Event Venues in Marod, Navsari",corporate event venues in Marod Navsari,"corporate event venue Marod, corporate event hall near Marod Navsari, corporate event venue near Marod",Transactional (Hyper-local),High
Event + City Area,"Reception Venues in Marod, Navsari | VenueConnect",/navsari/marod/reception-venues/,"Best Reception Venues in Marod, Navsari | Book Near You - VenueConnect","Find the perfect reception venue in Marod, Navsari. Compare halls, farmhouses & party plots near Marod. Get instant leads & free quotes on VenueConnect.","Best Reception Venues in Marod, Navsari",reception venues in Marod Navsari,"reception venue Marod, reception hall near Marod Navsari, reception venue near Marod",Transactional (Hyper-local),High
Event + City Area,"Wedding Venues in Navsari Court Area, Navsari | VenueConnect",/navsari/navsari-court-area/wedding-venues/,"Best Wedding Venues in Navsari Court Area, Navsari | Book Near You - VenueConnect","Find the perfect wedding venue in Navsari Court Area, Navsari. Compare halls, farmhouses & party plots near Navsari Court Area. Get instant leads & free quotes on VenueConnect.","Best Wedding Venues in Navsari Court Area, Navsari",wedding venues in Navsari Court Area Navsari,"wedding venue Navsari Court Area, wedding hall near Navsari Court Area Navsari, wedding venue near Navsari Court Area",Transactional (Hyper-local),High
Event + City Area,"Birthday Party Venues in Navsari Court Area, Navsari | VenueConnect",/navsari/navsari-court-area/birthday-party-venues/,"Best Birthday Party Venues in Navsari Court Area, Navsari | Book Near You - VenueConnect","Find the perfect birthday party venue in Navsari Court Area, Navsari. Compare halls, farmhouses & party plots near Navsari Court Area. Get instant leads & free quotes on VenueConnect.","Best Birthday Party Venues in Navsari Court Area, Navsari",birthday party venues in Navsari Court Area Navsari,"birthday party venue Navsari Court Area, birthday party hall near Navsari Court Area Navsari, birthday party venue near Navsari Court Area",Transactional (Hyper-local),High
Event + City Area,"Engagement Venues in Navsari Court Area, Navsari | VenueConnect",/navsari/navsari-court-area/engagement-venues/,"Best Engagement Venues in Navsari Court Area, Navsari | Book Near You - VenueConnect","Find the perfect engagement venue in Navsari Court Area, Navsari. Compare halls, farmhouses & party plots near Navsari Court Area. Get instant leads & free quotes on VenueConnect.","Best Engagement Venues in Navsari Court Area, Navsari",engagement venues in Navsari Court Area Navsari,"engagement venue Navsari Court Area, engagement hall near Navsari Court Area Navsari, engagement venue near Navsari Court Area",Transactional (Hyper-local),High
Event + City Area,"Corporate Event Venues in Navsari Court Area, Navsari | VenueConnect",/navsari/navsari-court-area/corporate-event-venues/,"Best Corporate Event Venues in Navsari Court Area, Navsari | Book Near You - VenueConnect","Find the perfect corporate event venue in Navsari Court Area, Navsari. Compare halls, farmhouses & party plots near Navsari Court Area. Get instant leads & free quotes on VenueConnect.","Best Corporate Event Venues in Navsari Court Area, Navsari",corporate event venues in Navsari Court Area Navsari,"corporate event venue Navsari Court Area, corporate event hall near Navsari Court Area Navsari, corporate event venue near Navsari Court Area",Transactional (Hyper-local),High
Event + City Area,"Reception Venues in Navsari Court Area, Navsari | VenueConnect",/navsari/navsari-court-area/reception-venues/,"Best Reception Venues in Navsari Court Area, Navsari | Book Near You - VenueConnect","Find the perfect reception venue in Navsari Court Area, Navsari. Compare halls, farmhouses & party plots near Navsari Court Area. Get instant leads & free quotes on VenueConnect.","Best Reception Venues in Navsari Court Area, Navsari",reception venues in Navsari Court Area Navsari,"reception venue Navsari Court Area, reception hall near Navsari Court Area Navsari, reception venue near Navsari Court Area",Transactional (Hyper-local),High
Event + City Area,"Wedding Venues in Punagam, Navsari | VenueConnect",/navsari/punagam/wedding-venues/,"Best Wedding Venues in Punagam, Navsari | Book Near You - VenueConnect","Find the perfect wedding venue in Punagam, Navsari. Compare halls, farmhouses & party plots near Punagam. Get instant leads & free quotes on VenueConnect.","Best Wedding Venues in Punagam, Navsari",wedding venues in Punagam Navsari,"wedding venue Punagam, wedding hall near Punagam Navsari, wedding venue near Punagam",Transactional (Hyper-local),High
Event + City Area,"Birthday Party Venues in Punagam, Navsari | VenueConnect",/navsari/punagam/birthday-party-venues/,"Best Birthday Party Venues in Punagam, Navsari | Book Near You - VenueConnect","Find the perfect birthday party venue in Punagam, Navsari. Compare halls, farmhouses & party plots near Punagam. Get instant leads & free quotes on VenueConnect.","Best Birthday Party Venues in Punagam, Navsari",birthday party venues in Punagam Navsari,"birthday party venue Punagam, birthday party hall near Punagam Navsari, birthday party venue near Punagam",Transactional (Hyper-local),High
Event + City Area,"Engagement Venues in Punagam, Navsari | VenueConnect",/navsari/punagam/engagement-venues/,"Best Engagement Venues in Punagam, Navsari | Book Near You - VenueConnect","Find the perfect engagement venue in Punagam, Navsari. Compare halls, farmhouses & party plots near Punagam. Get instant leads & free quotes on VenueConnect.","Best Engagement Venues in Punagam, Navsari",engagement venues in Punagam Navsari,"engagement venue Punagam, engagement hall near Punagam Navsari, engagement venue near Punagam",Transactional (Hyper-local),High
Event + City Area,"Corporate Event Venues in Punagam, Navsari | VenueConnect",/navsari/punagam/corporate-event-venues/,"Best Corporate Event Venues in Punagam, Navsari | Book Near You - VenueConnect","Find the perfect corporate event venue in Punagam, Navsari. Compare halls, farmhouses & party plots near Punagam. Get instant leads & free quotes on VenueConnect.","Best Corporate Event Venues in Punagam, Navsari",corporate event venues in Punagam Navsari,"corporate event venue Punagam, corporate event hall near Punagam Navsari, corporate event venue near Punagam",Transactional (Hyper-local),High
Event + City Area,"Reception Venues in Punagam, Navsari | VenueConnect",/navsari/punagam/reception-venues/,"Best Reception Venues in Punagam, Navsari | Book Near You - VenueConnect","Find the perfect reception venue in Punagam, Navsari. Compare halls, farmhouses & party plots near Punagam. Get instant leads & free quotes on VenueConnect.","Best Reception Venues in Punagam, Navsari",reception venues in Punagam Navsari,"reception venue Punagam, reception hall near Punagam Navsari, reception venue near Punagam",Transactional (Hyper-local),High
Event + City Area,"Wedding Venues in Sayaji Road, Navsari | VenueConnect",/navsari/sayaji-road/wedding-venues/,"Best Wedding Venues in Sayaji Road, Navsari | Book Near You - VenueConnect","Find the perfect wedding venue in Sayaji Road, Navsari. Compare halls, farmhouses & party plots near Sayaji Road. Get instant leads & free quotes on VenueConnect.","Best Wedding Venues in Sayaji Road, Navsari",wedding venues in Sayaji Road Navsari,"wedding venue Sayaji Road, wedding hall near Sayaji Road Navsari, wedding venue near Sayaji Road",Transactional (Hyper-local),High
Event + City Area,"Birthday Party Venues in Sayaji Road, Navsari | VenueConnect",/navsari/sayaji-road/birthday-party-venues/,"Best Birthday Party Venues in Sayaji Road, Navsari | Book Near You - VenueConnect","Find the perfect birthday party venue in Sayaji Road, Navsari. Compare halls, farmhouses & party plots near Sayaji Road. Get instant leads & free quotes on VenueConnect.","Best Birthday Party Venues in Sayaji Road, Navsari",birthday party venues in Sayaji Road Navsari,"birthday party venue Sayaji Road, birthday party hall near Sayaji Road Navsari, birthday party venue near Sayaji Road",Transactional (Hyper-local),High
Event + City Area,"Engagement Venues in Sayaji Road, Navsari | VenueConnect",/navsari/sayaji-road/engagement-venues/,"Best Engagement Venues in Sayaji Road, Navsari | Book Near You - VenueConnect","Find the perfect engagement venue in Sayaji Road, Navsari. Compare halls, farmhouses & party plots near Sayaji Road. Get instant leads & free quotes on VenueConnect.","Best Engagement Venues in Sayaji Road, Navsari",engagement venues in Sayaji Road Navsari,"engagement venue Sayaji Road, engagement hall near Sayaji Road Navsari, engagement venue near Sayaji Road",Transactional (Hyper-local),High
Event + City Area,"Corporate Event Venues in Sayaji Road, Navsari | VenueConnect",/navsari/sayaji-road/corporate-event-venues/,"Best Corporate Event Venues in Sayaji Road, Navsari | Book Near You - VenueConnect","Find the perfect corporate event venue in Sayaji Road, Navsari. Compare halls, farmhouses & party plots near Sayaji Road. Get instant leads & free quotes on VenueConnect.","Best Corporate Event Venues in Sayaji Road, Navsari",corporate event venues in Sayaji Road Navsari,"corporate event venue Sayaji Road, corporate event hall near Sayaji Road Navsari, corporate event venue near Sayaji Road",Transactional (Hyper-local),High
Event + City Area,"Reception Venues in Sayaji Road, Navsari | VenueConnect",/navsari/sayaji-road/reception-venues/,"Best Reception Venues in Sayaji Road, Navsari | Book Near You - VenueConnect","Find the perfect reception venue in Sayaji Road, Navsari. Compare halls, farmhouses & party plots near Sayaji Road. Get instant leads & free quotes on VenueConnect.","Best Reception Venues in Sayaji Road, Navsari",reception venues in Sayaji Road Navsari,"reception venue Sayaji Road, reception hall near Sayaji Road Navsari, reception venue near Sayaji Road",Transactional (Hyper-local),High
Event + City Area,"Wedding Venues in Sion, Navsari | VenueConnect",/navsari/sion/wedding-venues/,"Best Wedding Venues in Sion, Navsari | Book Near You - VenueConnect","Find the perfect wedding venue in Sion, Navsari. Compare halls, farmhouses & party plots near Sion. Get instant leads & free quotes on VenueConnect.","Best Wedding Venues in Sion, Navsari",wedding venues in Sion Navsari,"wedding venue Sion, wedding hall near Sion Navsari, wedding venue near Sion",Transactional (Hyper-local),High
Event + City Area,"Birthday Party Venues in Sion, Navsari | VenueConnect",/navsari/sion/birthday-party-venues/,"Best Birthday Party Venues in Sion, Navsari | Book Near You - VenueConnect","Find the perfect birthday party venue in Sion, Navsari. Compare halls, farmhouses & party plots near Sion. Get instant leads & free quotes on VenueConnect.","Best Birthday Party Venues in Sion, Navsari",birthday party venues in Sion Navsari,"birthday party venue Sion, birthday party hall near Sion Navsari, birthday party venue near Sion",Transactional (Hyper-local),High
Event + City Area,"Engagement Venues in Sion, Navsari | VenueConnect",/navsari/sion/engagement-venues/,"Best Engagement Venues in Sion, Navsari | Book Near You - VenueConnect","Find the perfect engagement venue in Sion, Navsari. Compare halls, farmhouses & party plots near Sion. Get instant leads & free quotes on VenueConnect.","Best Engagement Venues in Sion, Navsari",engagement venues in Sion Navsari,"engagement venue Sion, engagement hall near Sion Navsari, engagement venue near Sion",Transactional (Hyper-local),High
Event + City Area,"Corporate Event Venues in Sion, Navsari | VenueConnect",/navsari/sion/corporate-event-venues/,"Best Corporate Event Venues in Sion, Navsari | Book Near You - VenueConnect","Find the perfect corporate event venue in Sion, Navsari. Compare halls, farmhouses & party plots near Sion. Get instant leads & free quotes on VenueConnect.","Best Corporate Event Venues in Sion, Navsari",corporate event venues in Sion Navsari,"corporate event venue Sion, corporate event hall near Sion Navsari, corporate event venue near Sion",Transactional (Hyper-local),High
Event + City Area,"Reception Venues in Sion, Navsari | VenueConnect",/navsari/sion/reception-venues/,"Best Reception Venues in Sion, Navsari | Book Near You - VenueConnect","Find the perfect reception venue in Sion, Navsari. Compare halls, farmhouses & party plots near Sion. Get instant leads & free quotes on VenueConnect.","Best Reception Venues in Sion, Navsari",reception venues in Sion Navsari,"reception venue Sion, reception hall near Sion Navsari, reception venue near Sion",Transactional (Hyper-local),High
Event + City Area,"Wedding Venues in Vansda Road, Navsari | VenueConnect",/navsari/vansda-road/wedding-venues/,"Best Wedding Venues in Vansda Road, Navsari | Book Near You - VenueConnect","Find the perfect wedding venue in Vansda Road, Navsari. Compare halls, farmhouses & party plots near Vansda Road. Get instant leads & free quotes on VenueConnect.","Best Wedding Venues in Vansda Road, Navsari",wedding venues in Vansda Road Navsari,"wedding venue Vansda Road, wedding hall near Vansda Road Navsari, wedding venue near Vansda Road",Transactional (Hyper-local),High
Event + City Area,"Birthday Party Venues in Vansda Road, Navsari | VenueConnect",/navsari/vansda-road/birthday-party-venues/,"Best Birthday Party Venues in Vansda Road, Navsari | Book Near You - VenueConnect","Find the perfect birthday party venue in Vansda Road, Navsari. Compare halls, farmhouses & party plots near Vansda Road. Get instant leads & free quotes on VenueConnect.","Best Birthday Party Venues in Vansda Road, Navsari",birthday party venues in Vansda Road Navsari,"birthday party venue Vansda Road, birthday party hall near Vansda Road Navsari, birthday party venue near Vansda Road",Transactional (Hyper-local),High
Event + City Area,"Engagement Venues in Vansda Road, Navsari | VenueConnect",/navsari/vansda-road/engagement-venues/,"Best Engagement Venues in Vansda Road, Navsari | Book Near You - VenueConnect","Find the perfect engagement venue in Vansda Road, Navsari. Compare halls, farmhouses & party plots near Vansda Road. Get instant leads & free quotes on VenueConnect.","Best Engagement Venues in Vansda Road, Navsari",engagement venues in Vansda Road Navsari,"engagement venue Vansda Road, engagement hall near Vansda Road Navsari, engagement venue near Vansda Road",Transactional (Hyper-local),High
Event + City Area,"Corporate Event Venues in Vansda Road, Navsari | VenueConnect",/navsari/vansda-road/corporate-event-venues/,"Best Corporate Event Venues in Vansda Road, Navsari | Book Near You - VenueConnect","Find the perfect corporate event venue in Vansda Road, Navsari. Compare halls, farmhouses & party plots near Vansda Road. Get instant leads & free quotes on VenueConnect.","Best Corporate Event Venues in Vansda Road, Navsari",corporate event venues in Vansda Road Navsari,"corporate event venue Vansda Road, corporate event hall near Vansda Road Navsari, corporate event venue near Vansda Road",Transactional (Hyper-local),High
Event + City Area,"Reception Venues in Vansda Road, Navsari | VenueConnect",/navsari/vansda-road/reception-venues/,"Best Reception Venues in Vansda Road, Navsari | Book Near You - VenueConnect","Find the perfect reception venue in Vansda Road, Navsari. Compare halls, farmhouses & party plots near Vansda Road. Get instant leads & free quotes on VenueConnect.","Best Reception Venues in Vansda Road, Navsari",reception venues in Vansda Road Navsari,"reception venue Vansda Road, reception hall near Vansda Road Navsari, reception venue near Vansda Road",Transactional (Hyper-local),High
Event + City Area,"Wedding Venues in Vejalpore, Navsari | VenueConnect",/navsari/vejalpore/wedding-venues/,"Best Wedding Venues in Vejalpore, Navsari | Book Near You - VenueConnect","Find the perfect wedding venue in Vejalpore, Navsari. Compare halls, farmhouses & party plots near Vejalpore. Get instant leads & free quotes on VenueConnect.","Best Wedding Venues in Vejalpore, Navsari",wedding venues in Vejalpore Navsari,"wedding venue Vejalpore, wedding hall near Vejalpore Navsari, wedding venue near Vejalpore",Transactional (Hyper-local),High
Event + City Area,"Birthday Party Venues in Vejalpore, Navsari | VenueConnect",/navsari/vejalpore/birthday-party-venues/,"Best Birthday Party Venues in Vejalpore, Navsari | Book Near You - VenueConnect","Find the perfect birthday party venue in Vejalpore, Navsari. Compare halls, farmhouses & party plots near Vejalpore. Get instant leads & free quotes on VenueConnect.","Best Birthday Party Venues in Vejalpore, Navsari",birthday party venues in Vejalpore Navsari,"birthday party venue Vejalpore, birthday party hall near Vejalpore Navsari, birthday party venue near Vejalpore",Transactional (Hyper-local),High
Event + City Area,"Engagement Venues in Vejalpore, Navsari | VenueConnect",/navsari/vejalpore/engagement-venues/,"Best Engagement Venues in Vejalpore, Navsari | Book Near You - VenueConnect","Find the perfect engagement venue in Vejalpore, Navsari. Compare halls, farmhouses & party plots near Vejalpore. Get instant leads & free quotes on VenueConnect.","Best Engagement Venues in Vejalpore, Navsari",engagement venues in Vejalpore Navsari,"engagement venue Vejalpore, engagement hall near Vejalpore Navsari, engagement venue near Vejalpore",Transactional (Hyper-local),High
Event + City Area,"Corporate Event Venues in Vejalpore, Navsari | VenueConnect",/navsari/vejalpore/corporate-event-venues/,"Best Corporate Event Venues in Vejalpore, Navsari | Book Near You - VenueConnect","Find the perfect corporate event venue in Vejalpore, Navsari. Compare halls, farmhouses & party plots near Vejalpore. Get instant leads & free quotes on VenueConnect.","Best Corporate Event Venues in Vejalpore, Navsari",corporate event venues in Vejalpore Navsari,"corporate event venue Vejalpore, corporate event hall near Vejalpore Navsari, corporate event venue near Vejalpore",Transactional (Hyper-local),High
Event + City Area,"Reception Venues in Vejalpore, Navsari | VenueConnect",/navsari/vejalpore/reception-venues/,"Best Reception Venues in Vejalpore, Navsari | Book Near You - VenueConnect","Find the perfect reception venue in Vejalpore, Navsari. Compare halls, farmhouses & party plots near Vejalpore. Get instant leads & free quotes on VenueConnect.","Best Reception Venues in Vejalpore, Navsari",reception venues in Vejalpore Navsari,"reception venue Vejalpore, reception hall near Vejalpore Navsari, reception venue near Vejalpore",Transactional (Hyper-local),High
Event + City Area,"Wedding Venues in Waghwadi, Navsari | VenueConnect",/navsari/waghwadi/wedding-venues/,"Best Wedding Venues in Waghwadi, Navsari | Book Near You - VenueConnect","Find the perfect wedding venue in Waghwadi, Navsari. Compare halls, farmhouses & party plots near Waghwadi. Get instant leads & free quotes on VenueConnect.","Best Wedding Venues in Waghwadi, Navsari",wedding venues in Waghwadi Navsari,"wedding venue Waghwadi, wedding hall near Waghwadi Navsari, wedding venue near Waghwadi",Transactional (Hyper-local),High
Event + City Area,"Birthday Party Venues in Waghwadi, Navsari | VenueConnect",/navsari/waghwadi/birthday-party-venues/,"Best Birthday Party Venues in Waghwadi, Navsari | Book Near You - VenueConnect","Find the perfect birthday party venue in Waghwadi, Navsari. Compare halls, farmhouses & party plots near Waghwadi. Get instant leads & free quotes on VenueConnect.","Best Birthday Party Venues in Waghwadi, Navsari",birthday party venues in Waghwadi Navsari,"birthday party venue Waghwadi, birthday party hall near Waghwadi Navsari, birthday party venue near Waghwadi",Transactional (Hyper-local),High
Event + City Area,"Engagement Venues in Waghwadi, Navsari | VenueConnect",/navsari/waghwadi/engagement-venues/,"Best Engagement Venues in Waghwadi, Navsari | Book Near You - VenueConnect","Find the perfect engagement venue in Waghwadi, Navsari. Compare halls, farmhouses & party plots near Waghwadi. Get instant leads & free quotes on VenueConnect.","Best Engagement Venues in Waghwadi, Navsari",engagement venues in Waghwadi Navsari,"engagement venue Waghwadi, engagement hall near Waghwadi Navsari, engagement venue near Waghwadi",Transactional (Hyper-local),High
Event + City Area,"Corporate Event Venues in Waghwadi, Navsari | VenueConnect",/navsari/waghwadi/corporate-event-venues/,"Best Corporate Event Venues in Waghwadi, Navsari | Book Near You - VenueConnect","Find the perfect corporate event venue in Waghwadi, Navsari. Compare halls, farmhouses & party plots near Waghwadi. Get instant leads & free quotes on VenueConnect.","Best Corporate Event Venues in Waghwadi, Navsari",corporate event venues in Waghwadi Navsari,"corporate event venue Waghwadi, corporate event hall near Waghwadi Navsari, corporate event venue near Waghwadi",Transactional (Hyper-local),High
Event + City Area,"Reception Venues in Waghwadi, Navsari | VenueConnect",/navsari/waghwadi/reception-venues/,"Best Reception Venues in Waghwadi, Navsari | Book Near You - VenueConnect","Find the perfect reception venue in Waghwadi, Navsari. Compare halls, farmhouses & party plots near Waghwadi. Get instant leads & free quotes on VenueConnect.","Best Reception Venues in Waghwadi, Navsari",reception venues in Waghwadi Navsari,"reception venue Waghwadi, reception hall near Waghwadi Navsari, reception venue near Waghwadi",Transactional (Hyper-local),High
  VENDOR + CITY AREA PAGES (Hyper-local),,,,,,,,,
Page Type,Page Title,URL Slug,Meta Title,Meta Description,H1 Tag,Target Keyword,Secondary Keywords,Search Intent,Priority
Vendor + City Area,"Photographers in Lunsikui, Navsari | VenueConnect",/navsari/lunsikui/vendors/photographers/,"Top Photographers in Lunsikui, Navsari | Hire Near You - VenueConnect","Find the best photographers in Lunsikui, Navsari for your event. Browse verified profiles, compare pricing & get WhatsApp leads instantly on VenueConnect.","Top Photographers in Lunsikui, Navsari",photographers in Lunsikui Navsari,"photographers near Lunsikui, photographers Lunsikui Navsari, best photographers near Lunsikui",Transactional (Hyper-local),Medium
Vendor + City Area,"Caterers in Lunsikui, Navsari | VenueConnect",/navsari/lunsikui/vendors/caterers/,"Top Caterers in Lunsikui, Navsari | Hire Near You - VenueConnect","Find the best caterers in Lunsikui, Navsari for your event. Browse verified profiles, compare pricing & get WhatsApp leads instantly on VenueConnect.","Top Caterers in Lunsikui, Navsari",caterers in Lunsikui Navsari,"caterers near Lunsikui, caterers Lunsikui Navsari, best caterers near Lunsikui",Transactional (Hyper-local),Medium
Vendor + City Area,"Decorators in Lunsikui, Navsari | VenueConnect",/navsari/lunsikui/vendors/decorators/,"Top Decorators in Lunsikui, Navsari | Hire Near You - VenueConnect","Find the best decorators in Lunsikui, Navsari for your event. Browse verified profiles, compare pricing & get WhatsApp leads instantly on VenueConnect.","Top Decorators in Lunsikui, Navsari",decorators in Lunsikui Navsari,"decorators near Lunsikui, decorators Lunsikui Navsari, best decorators near Lunsikui",Transactional (Hyper-local),Medium
Vendor + City Area,"Mehndi Artists in Lunsikui, Navsari | VenueConnect",/navsari/lunsikui/vendors/mehndi-artists/,"Top Mehndi Artists in Lunsikui, Navsari | Hire Near You - VenueConnect","Find the best mehndi artists in Lunsikui, Navsari for your event. Browse verified profiles, compare pricing & get WhatsApp leads instantly on VenueConnect.","Top Mehndi Artists in Lunsikui, Navsari",mehndi artists in Lunsikui Navsari,"mehndi artists near Lunsikui, mehndi artists Lunsikui Navsari, best mehndi artists near Lunsikui",Transactional (Hyper-local),Medium
Vendor + City Area,"Photographers in Eru, Navsari | VenueConnect",/navsari/eru/vendors/photographers/,"Top Photographers in Eru, Navsari | Hire Near You - VenueConnect","Find the best photographers in Eru, Navsari for your event. Browse verified profiles, compare pricing & get WhatsApp leads instantly on VenueConnect.","Top Photographers in Eru, Navsari",photographers in Eru Navsari,"photographers near Eru, photographers Eru Navsari, best photographers near Eru",Transactional (Hyper-local),Medium
Vendor + City Area,"Caterers in Eru, Navsari | VenueConnect",/navsari/eru/vendors/caterers/,"Top Caterers in Eru, Navsari | Hire Near You - VenueConnect","Find the best caterers in Eru, Navsari for your event. Browse verified profiles, compare pricing & get WhatsApp leads instantly on VenueConnect.","Top Caterers in Eru, Navsari",caterers in Eru Navsari,"caterers near Eru, caterers Eru Navsari, best caterers near Eru",Transactional (Hyper-local),Medium
Vendor + City Area,"Decorators in Eru, Navsari | VenueConnect",/navsari/eru/vendors/decorators/,"Top Decorators in Eru, Navsari | Hire Near You - VenueConnect","Find the best decorators in Eru, Navsari for your event. Browse verified profiles, compare pricing & get WhatsApp leads instantly on VenueConnect.","Top Decorators in Eru, Navsari",decorators in Eru Navsari,"decorators near Eru, decorators Eru Navsari, best decorators near Eru",Transactional (Hyper-local),Medium
Vendor + City Area,"Mehndi Artists in Eru, Navsari | VenueConnect",/navsari/eru/vendors/mehndi-artists/,"Top Mehndi Artists in Eru, Navsari | Hire Near You - VenueConnect","Find the best mehndi artists in Eru, Navsari for your event. Browse verified profiles, compare pricing & get WhatsApp leads instantly on VenueConnect.","Top Mehndi Artists in Eru, Navsari",mehndi artists in Eru Navsari,"mehndi artists near Eru, mehndi artists Eru Navsari, best mehndi artists near Eru",Transactional (Hyper-local),Medium
Vendor + City Area,"Photographers in Dudhia, Navsari | VenueConnect",/navsari/dudhia/vendors/photographers/,"Top Photographers in Dudhia, Navsari | Hire Near You - VenueConnect","Find the best photographers in Dudhia, Navsari for your event. Browse verified profiles, compare pricing & get WhatsApp leads instantly on VenueConnect.","Top Photographers in Dudhia, Navsari",photographers in Dudhia Navsari,"photographers near Dudhia, photographers Dudhia Navsari, best photographers near Dudhia",Transactional (Hyper-local),Medium
Vendor + City Area,"Caterers in Dudhia, Navsari | VenueConnect",/navsari/dudhia/vendors/caterers/,"Top Caterers in Dudhia, Navsari | Hire Near You - VenueConnect","Find the best caterers in Dudhia, Navsari for your event. Browse verified profiles, compare pricing & get WhatsApp leads instantly on VenueConnect.","Top Caterers in Dudhia, Navsari",caterers in Dudhia Navsari,"caterers near Dudhia, caterers Dudhia Navsari, best caterers near Dudhia",Transactional (Hyper-local),Medium
Vendor + City Area,"Decorators in Dudhia, Navsari | VenueConnect",/navsari/dudhia/vendors/decorators/,"Top Decorators in Dudhia, Navsari | Hire Near You - VenueConnect","Find the best decorators in Dudhia, Navsari for your event. Browse verified profiles, compare pricing & get WhatsApp leads instantly on VenueConnect.","Top Decorators in Dudhia, Navsari",decorators in Dudhia Navsari,"decorators near Dudhia, decorators Dudhia Navsari, best decorators near Dudhia",Transactional (Hyper-local),Medium
Vendor + City Area,"Mehndi Artists in Dudhia, Navsari | VenueConnect",/navsari/dudhia/vendors/mehndi-artists/,"Top Mehndi Artists in Dudhia, Navsari | Hire Near You - VenueConnect","Find the best mehndi artists in Dudhia, Navsari for your event. Browse verified profiles, compare pricing & get WhatsApp leads instantly on VenueConnect.","Top Mehndi Artists in Dudhia, Navsari",mehndi artists in Dudhia Navsari,"mehndi artists near Dudhia, mehndi artists Dudhia Navsari, best mehndi artists near Dudhia",Transactional (Hyper-local),Medium
Vendor + City Area,"Photographers in Station Road, Navsari | VenueConnect",/navsari/station-road/vendors/photographers/,"Top Photographers in Station Road, Navsari | Hire Near You - VenueConnect","Find the best photographers in Station Road, Navsari for your event. Browse verified profiles, compare pricing & get WhatsApp leads instantly on VenueConnect.","Top Photographers in Station Road, Navsari",photographers in Station Road Navsari,"photographers near Station Road, photographers Station Road Navsari, best photographers near Station Road",Transactional (Hyper-local),Medium
Vendor + City Area,"Caterers in Station Road, Navsari | VenueConnect",/navsari/station-road/vendors/caterers/,"Top Caterers in Station Road, Navsari | Hire Near You - VenueConnect","Find the best caterers in Station Road, Navsari for your event. Browse verified profiles, compare pricing & get WhatsApp leads instantly on VenueConnect.","Top Caterers in Station Road, Navsari",caterers in Station Road Navsari,"caterers near Station Road, caterers Station Road Navsari, best caterers near Station Road",Transactional (Hyper-local),Medium
Vendor + City Area,"Decorators in Station Road, Navsari | VenueConnect",/navsari/station-road/vendors/decorators/,"Top Decorators in Station Road, Navsari | Hire Near You - VenueConnect","Find the best decorators in Station Road, Navsari for your event. Browse verified profiles, compare pricing & get WhatsApp leads instantly on VenueConnect.","Top Decorators in Station Road, Navsari",decorators in Station Road Navsari,"decorators near Station Road, decorators Station Road Navsari, best decorators near Station Road",Transactional (Hyper-local),Medium
Vendor + City Area,"Mehndi Artists in Station Road, Navsari | VenueConnect",/navsari/station-road/vendors/mehndi-artists/,"Top Mehndi Artists in Station Road, Navsari | Hire Near You - VenueConnect","Find the best mehndi artists in Station Road, Navsari for your event. Browse verified profiles, compare pricing & get WhatsApp leads instantly on VenueConnect.","Top Mehndi Artists in Station Road, Navsari",mehndi artists in Station Road Navsari,"mehndi artists near Station Road, mehndi artists Station Road Navsari, best mehndi artists near Station Road",Transactional (Hyper-local),Medium
Vendor + City Area,"Photographers in Vijalpore, Navsari | VenueConnect",/navsari/vijalpore/vendors/photographers/,"Top Photographers in Vijalpore, Navsari | Hire Near You - VenueConnect","Find the best photographers in Vijalpore, Navsari for your event. Browse verified profiles, compare pricing & get WhatsApp leads instantly on VenueConnect.","Top Photographers in Vijalpore, Navsari",photographers in Vijalpore Navsari,"photographers near Vijalpore, photographers Vijalpore Navsari, best photographers near Vijalpore",Transactional (Hyper-local),Medium
Vendor + City Area,"Caterers in Vijalpore, Navsari | VenueConnect",/navsari/vijalpore/vendors/caterers/,"Top Caterers in Vijalpore, Navsari | Hire Near You - VenueConnect","Find the best caterers in Vijalpore, Navsari for your event. Browse verified profiles, compare pricing & get WhatsApp leads instantly on VenueConnect.","Top Caterers in Vijalpore, Navsari",caterers in Vijalpore Navsari,"caterers near Vijalpore, caterers Vijalpore Navsari, best caterers near Vijalpore",Transactional (Hyper-local),Medium
Vendor + City Area,"Decorators in Vijalpore, Navsari | VenueConnect",/navsari/vijalpore/vendors/decorators/,"Top Decorators in Vijalpore, Navsari | Hire Near You - VenueConnect","Find the best decorators in Vijalpore, Navsari for your event. Browse verified profiles, compare pricing & get WhatsApp leads instantly on VenueConnect.","Top Decorators in Vijalpore, Navsari",decorators in Vijalpore Navsari,"decorators near Vijalpore, decorators Vijalpore Navsari, best decorators near Vijalpore",Transactional (Hyper-local),Medium
Vendor + City Area,"Mehndi Artists in Vijalpore, Navsari | VenueConnect",/navsari/vijalpore/vendors/mehndi-artists/,"Top Mehndi Artists in Vijalpore, Navsari | Hire Near You - VenueConnect","Find the best mehndi artists in Vijalpore, Navsari for your event. Browse verified profiles, compare pricing & get WhatsApp leads instantly on VenueConnect.","Top Mehndi Artists in Vijalpore, Navsari",mehndi artists in Vijalpore Navsari,"mehndi artists near Vijalpore, mehndi artists Vijalpore Navsari, best mehndi artists near Vijalpore",Transactional (Hyper-local),Medium
Vendor + City Area,"Photographers in Gandevi Road, Navsari | VenueConnect",/navsari/gandevi-road/vendors/photographers/,"Top Photographers in Gandevi Road, Navsari | Hire Near You - VenueConnect","Find the best photographers in Gandevi Road, Navsari for your event. Browse verified profiles, compare pricing & get WhatsApp leads instantly on VenueConnect.","Top Photographers in Gandevi Road, Navsari",photographers in Gandevi Road Navsari,"photographers near Gandevi Road, photographers Gandevi Road Navsari, best photographers near Gandevi Road",Transactional (Hyper-local),Medium
Vendor + City Area,"Caterers in Gandevi Road, Navsari | VenueConnect",/navsari/gandevi-road/vendors/caterers/,"Top Caterers in Gandevi Road, Navsari | Hire Near You - VenueConnect","Find the best caterers in Gandevi Road, Navsari for your event. Browse verified profiles, compare pricing & get WhatsApp leads instantly on VenueConnect.","Top Caterers in Gandevi Road, Navsari",caterers in Gandevi Road Navsari,"caterers near Gandevi Road, caterers Gandevi Road Navsari, best caterers near Gandevi Road",Transactional (Hyper-local),Medium
Vendor + City Area,"Decorators in Gandevi Road, Navsari | VenueConnect",/navsari/gandevi-road/vendors/decorators/,"Top Decorators in Gandevi Road, Navsari | Hire Near You - VenueConnect","Find the best decorators in Gandevi Road, Navsari for your event. Browse verified profiles, compare pricing & get WhatsApp leads instantly on VenueConnect.","Top Decorators in Gandevi Road, Navsari",decorators in Gandevi Road Navsari,"decorators near Gandevi Road, decorators Gandevi Road Navsari, best decorators near Gandevi Road",Transactional (Hyper-local),Medium
Vendor + City Area,"Mehndi Artists in Gandevi Road, Navsari | VenueConnect",/navsari/gandevi-road/vendors/mehndi-artists/,"Top Mehndi Artists in Gandevi Road, Navsari | Hire Near You - VenueConnect","Find the best mehndi artists in Gandevi Road, Navsari for your event. Browse verified profiles, compare pricing & get WhatsApp leads instantly on VenueConnect.","Top Mehndi Artists in Gandevi Road, Navsari",mehndi artists in Gandevi Road Navsari,"mehndi artists near Gandevi Road, mehndi artists Gandevi Road Navsari, best mehndi artists near Gandevi Road",Transactional (Hyper-local),Medium
Vendor + City Area,"Photographers in Jalalpore, Navsari | VenueConnect",/navsari/jalalpore/vendors/photographers/,"Top Photographers in Jalalpore, Navsari | Hire Near You - VenueConnect","Find the best photographers in Jalalpore, Navsari for your event. Browse verified profiles, compare pricing & get WhatsApp leads instantly on VenueConnect.","Top Photographers in Jalalpore, Navsari",photographers in Jalalpore Navsari,"photographers near Jalalpore, photographers Jalalpore Navsari, best photographers near Jalalpore",Transactional (Hyper-local),Medium
Vendor + City Area,"Caterers in Jalalpore, Navsari | VenueConnect",/navsari/jalalpore/vendors/caterers/,"Top Caterers in Jalalpore, Navsari | Hire Near You - VenueConnect","Find the best caterers in Jalalpore, Navsari for your event. Browse verified profiles, compare pricing & get WhatsApp leads instantly on VenueConnect.","Top Caterers in Jalalpore, Navsari",caterers in Jalalpore Navsari,"caterers near Jalalpore, caterers Jalalpore Navsari, best caterers near Jalalpore",Transactional (Hyper-local),Medium
Vendor + City Area,"Decorators in Jalalpore, Navsari | VenueConnect",/navsari/jalalpore/vendors/decorators/,"Top Decorators in Jalalpore, Navsari | Hire Near You - VenueConnect","Find the best decorators in Jalalpore, Navsari for your event. Browse verified profiles, compare pricing & get WhatsApp leads instantly on VenueConnect.","Top Decorators in Jalalpore, Navsari",decorators in Jalalpore Navsari,"decorators near Jalalpore, decorators Jalalpore Navsari, best decorators near Jalalpore",Transactional (Hyper-local),Medium
Vendor + City Area,"Mehndi Artists in Jalalpore, Navsari | VenueConnect",/navsari/jalalpore/vendors/mehndi-artists/,"Top Mehndi Artists in Jalalpore, Navsari | Hire Near You - VenueConnect","Find the best mehndi artists in Jalalpore, Navsari for your event. Browse verified profiles, compare pricing & get WhatsApp leads instantly on VenueConnect.","Top Mehndi Artists in Jalalpore, Navsari",mehndi artists in Jalalpore Navsari,"mehndi artists near Jalalpore, mehndi artists Jalalpore Navsari, best mehndi artists near Jalalpore",Transactional (Hyper-local),Medium
Vendor + City Area,"Photographers in Navsari Agriculture University, Navsari | VenueConnect",/navsari/navsari-agriculture-university/vendors/photographers/,"Top Photographers in Navsari Agriculture University, Navsari | Hire Near You - VenueConnect","Find the best photographers in Navsari Agriculture University, Navsari for your event. Browse verified profiles, compare pricing & get WhatsApp leads instantly on VenueConnect.","Top Photographers in Navsari Agriculture University, Navsari",photographers in Navsari Agriculture University Navsari,"photographers near Navsari Agriculture University, photographers Navsari Agriculture University Navsari, best photographers near Navsari Agriculture University",Transactional (Hyper-local),Medium
Vendor + City Area,"Caterers in Navsari Agriculture University, Navsari | VenueConnect",/navsari/navsari-agriculture-university/vendors/caterers/,"Top Caterers in Navsari Agriculture University, Navsari | Hire Near You - VenueConnect","Find the best caterers in Navsari Agriculture University, Navsari for your event. Browse verified profiles, compare pricing & get WhatsApp leads instantly on VenueConnect.","Top Caterers in Navsari Agriculture University, Navsari",caterers in Navsari Agriculture University Navsari,"caterers near Navsari Agriculture University, caterers Navsari Agriculture University Navsari, best caterers near Navsari Agriculture University",Transactional (Hyper-local),Medium
Vendor + City Area,"Decorators in Navsari Agriculture University, Navsari | VenueConnect",/navsari/navsari-agriculture-university/vendors/decorators/,"Top Decorators in Navsari Agriculture University, Navsari | Hire Near You - VenueConnect","Find the best decorators in Navsari Agriculture University, Navsari for your event. Browse verified profiles, compare pricing & get WhatsApp leads instantly on VenueConnect.","Top Decorators in Navsari Agriculture University, Navsari",decorators in Navsari Agriculture University Navsari,"decorators near Navsari Agriculture University, decorators Navsari Agriculture University Navsari, best decorators near Navsari Agriculture University",Transactional (Hyper-local),Medium
Vendor + City Area,"Mehndi Artists in Navsari Agriculture University, Navsari | VenueConnect",/navsari/navsari-agriculture-university/vendors/mehndi-artists/,"Top Mehndi Artists in Navsari Agriculture University, Navsari | Hire Near You - VenueConnect","Find the best mehndi artists in Navsari Agriculture University, Navsari for your event. Browse verified profiles, compare pricing & get WhatsApp leads instantly on VenueConnect.","Top Mehndi Artists in Navsari Agriculture University, Navsari",mehndi artists in Navsari Agriculture University Navsari,"mehndi artists near Navsari Agriculture University, mehndi artists Navsari Agriculture University Navsari, best mehndi artists near Navsari Agriculture University",Transactional (Hyper-local),Medium
Vendor + City Area,"Photographers in Abrama, Navsari | VenueConnect",/navsari/abrama/vendors/photographers/,"Top Photographers in Abrama, Navsari | Hire Near You - VenueConnect","Find the best photographers in Abrama, Navsari for your event. Browse verified profiles, compare pricing & get WhatsApp leads instantly on VenueConnect.","Top Photographers in Abrama, Navsari",photographers in Abrama Navsari,"photographers near Abrama, photographers Abrama Navsari, best photographers near Abrama",Transactional (Hyper-local),Medium
Vendor + City Area,"Caterers in Abrama, Navsari | VenueConnect",/navsari/abrama/vendors/caterers/,"Top Caterers in Abrama, Navsari | Hire Near You - VenueConnect","Find the best caterers in Abrama, Navsari for your event. Browse verified profiles, compare pricing & get WhatsApp leads instantly on VenueConnect.","Top Caterers in Abrama, Navsari",caterers in Abrama Navsari,"caterers near Abrama, caterers Abrama Navsari, best caterers near Abrama",Transactional (Hyper-local),Medium
Vendor + City Area,"Decorators in Abrama, Navsari | VenueConnect",/navsari/abrama/vendors/decorators/,"Top Decorators in Abrama, Navsari | Hire Near You - VenueConnect","Find the best decorators in Abrama, Navsari for your event. Browse verified profiles, compare pricing & get WhatsApp leads instantly on VenueConnect.","Top Decorators in Abrama, Navsari",decorators in Abrama Navsari,"decorators near Abrama, decorators Abrama Navsari, best decorators near Abrama",Transactional (Hyper-local),Medium
Vendor + City Area,"Mehndi Artists in Abrama, Navsari | VenueConnect",/navsari/abrama/vendors/mehndi-artists/,"Top Mehndi Artists in Abrama, Navsari | Hire Near You - VenueConnect","Find the best mehndi artists in Abrama, Navsari for your event. Browse verified profiles, compare pricing & get WhatsApp leads instantly on VenueConnect.","Top Mehndi Artists in Abrama, Navsari",mehndi artists in Abrama Navsari,"mehndi artists near Abrama, mehndi artists Abrama Navsari, best mehndi artists near Abrama",Transactional (Hyper-local),Medium
Vendor + City Area,"Photographers in Bahir Chowk, Navsari | VenueConnect",/navsari/bahir-chowk/vendors/photographers/,"Top Photographers in Bahir Chowk, Navsari | Hire Near You - VenueConnect","Find the best photographers in Bahir Chowk, Navsari for your event. Browse verified profiles, compare pricing & get WhatsApp leads instantly on VenueConnect.","Top Photographers in Bahir Chowk, Navsari",photographers in Bahir Chowk Navsari,"photographers near Bahir Chowk, photographers Bahir Chowk Navsari, best photographers near Bahir Chowk",Transactional (Hyper-local),Medium
Vendor + City Area,"Caterers in Bahir Chowk, Navsari | VenueConnect",/navsari/bahir-chowk/vendors/caterers/,"Top Caterers in Bahir Chowk, Navsari | Hire Near You - VenueConnect","Find the best caterers in Bahir Chowk, Navsari for your event. Browse verified profiles, compare pricing & get WhatsApp leads instantly on VenueConnect.","Top Caterers in Bahir Chowk, Navsari",caterers in Bahir Chowk Navsari,"caterers near Bahir Chowk, caterers Bahir Chowk Navsari, best caterers near Bahir Chowk",Transactional (Hyper-local),Medium
Vendor + City Area,"Decorators in Bahir Chowk, Navsari | VenueConnect",/navsari/bahir-chowk/vendors/decorators/,"Top Decorators in Bahir Chowk, Navsari | Hire Near You - VenueConnect","Find the best decorators in Bahir Chowk, Navsari for your event. Browse verified profiles, compare pricing & get WhatsApp leads instantly on VenueConnect.","Top Decorators in Bahir Chowk, Navsari",decorators in Bahir Chowk Navsari,"decorators near Bahir Chowk, decorators Bahir Chowk Navsari, best decorators near Bahir Chowk",Transactional (Hyper-local),Medium
Vendor + City Area,"Mehndi Artists in Bahir Chowk, Navsari | VenueConnect",/navsari/bahir-chowk/vendors/mehndi-artists/,"Top Mehndi Artists in Bahir Chowk, Navsari | Hire Near You - VenueConnect","Find the best mehndi artists in Bahir Chowk, Navsari for your event. Browse verified profiles, compare pricing & get WhatsApp leads instantly on VenueConnect.","Top Mehndi Artists in Bahir Chowk, Navsari",mehndi artists in Bahir Chowk Navsari,"mehndi artists near Bahir Chowk, mehndi artists Bahir Chowk Navsari, best mehndi artists near Bahir Chowk",Transactional (Hyper-local),Medium
Vendor + City Area,"Photographers in Bai Veerbai Road, Navsari | VenueConnect",/navsari/bai-veerbai-road/vendors/photographers/,"Top Photographers in Bai Veerbai Road, Navsari | Hire Near You - VenueConnect","Find the best photographers in Bai Veerbai Road, Navsari for your event. Browse verified profiles, compare pricing & get WhatsApp leads instantly on VenueConnect.","Top Photographers in Bai Veerbai Road, Navsari",photographers in Bai Veerbai Road Navsari,"photographers near Bai Veerbai Road, photographers Bai Veerbai Road Navsari, best photographers near Bai Veerbai Road",Transactional (Hyper-local),Medium
Vendor + City Area,"Caterers in Bai Veerbai Road, Navsari | VenueConnect",/navsari/bai-veerbai-road/vendors/caterers/,"Top Caterers in Bai Veerbai Road, Navsari | Hire Near You - VenueConnect","Find the best caterers in Bai Veerbai Road, Navsari for your event. Browse verified profiles, compare pricing & get WhatsApp leads instantly on VenueConnect.","Top Caterers in Bai Veerbai Road, Navsari",caterers in Bai Veerbai Road Navsari,"caterers near Bai Veerbai Road, caterers Bai Veerbai Road Navsari, best caterers near Bai Veerbai Road",Transactional (Hyper-local),Medium
Vendor + City Area,"Decorators in Bai Veerbai Road, Navsari | VenueConnect",/navsari/bai-veerbai-road/vendors/decorators/,"Top Decorators in Bai Veerbai Road, Navsari | Hire Near You - VenueConnect","Find the best decorators in Bai Veerbai Road, Navsari for your event. Browse verified profiles, compare pricing & get WhatsApp leads instantly on VenueConnect.","Top Decorators in Bai Veerbai Road, Navsari",decorators in Bai Veerbai Road Navsari,"decorators near Bai Veerbai Road, decorators Bai Veerbai Road Navsari, best decorators near Bai Veerbai Road",Transactional (Hyper-local),Medium
Vendor + City Area,"Mehndi Artists in Bai Veerbai Road, Navsari | VenueConnect",/navsari/bai-veerbai-road/vendors/mehndi-artists/,"Top Mehndi Artists in Bai Veerbai Road, Navsari | Hire Near You - VenueConnect","Find the best mehndi artists in Bai Veerbai Road, Navsari for your event. Browse verified profiles, compare pricing & get WhatsApp leads instantly on VenueConnect.","Top Mehndi Artists in Bai Veerbai Road, Navsari",mehndi artists in Bai Veerbai Road Navsari,"mehndi artists near Bai Veerbai Road, mehndi artists Bai Veerbai Road Navsari, best mehndi artists near Bai Veerbai Road",Transactional (Hyper-local),Medium
Vendor + City Area,"Photographers in Bilimora Road, Navsari | VenueConnect",/navsari/bilimora-road/vendors/photographers/,"Top Photographers in Bilimora Road, Navsari | Hire Near You - VenueConnect","Find the best photographers in Bilimora Road, Navsari for your event. Browse verified profiles, compare pricing & get WhatsApp leads instantly on VenueConnect.","Top Photographers in Bilimora Road, Navsari",photographers in Bilimora Road Navsari,"photographers near Bilimora Road, photographers Bilimora Road Navsari, best photographers near Bilimora Road",Transactional (Hyper-local),Medium
Vendor + City Area,"Caterers in Bilimora Road, Navsari | VenueConnect",/navsari/bilimora-road/vendors/caterers/,"Top Caterers in Bilimora Road, Navsari | Hire Near You - VenueConnect","Find the best caterers in Bilimora Road, Navsari for your event. Browse verified profiles, compare pricing & get WhatsApp leads instantly on VenueConnect.","Top Caterers in Bilimora Road, Navsari",caterers in Bilimora Road Navsari,"caterers near Bilimora Road, caterers Bilimora Road Navsari, best caterers near Bilimora Road",Transactional (Hyper-local),Medium
Vendor + City Area,"Decorators in Bilimora Road, Navsari | VenueConnect",/navsari/bilimora-road/vendors/decorators/,"Top Decorators in Bilimora Road, Navsari | Hire Near You - VenueConnect","Find the best decorators in Bilimora Road, Navsari for your event. Browse verified profiles, compare pricing & get WhatsApp leads instantly on VenueConnect.","Top Decorators in Bilimora Road, Navsari",decorators in Bilimora Road Navsari,"decorators near Bilimora Road, decorators Bilimora Road Navsari, best decorators near Bilimora Road",Transactional (Hyper-local),Medium
Vendor + City Area,"Mehndi Artists in Bilimora Road, Navsari | VenueConnect",/navsari/bilimora-road/vendors/mehndi-artists/,"Top Mehndi Artists in Bilimora Road, Navsari | Hire Near You - VenueConnect","Find the best mehndi artists in Bilimora Road, Navsari for your event. Browse verified profiles, compare pricing & get WhatsApp leads instantly on VenueConnect.","Top Mehndi Artists in Bilimora Road, Navsari",mehndi artists in Bilimora Road Navsari,"mehndi artists near Bilimora Road, mehndi artists Bilimora Road Navsari, best mehndi artists near Bilimora Road",Transactional (Hyper-local),Medium
Vendor + City Area,"Photographers in Chikhli Road, Navsari | VenueConnect",/navsari/chikhli-road/vendors/photographers/,"Top Photographers in Chikhli Road, Navsari | Hire Near You - VenueConnect","Find the best photographers in Chikhli Road, Navsari for your event. Browse verified profiles, compare pricing & get WhatsApp leads instantly on VenueConnect.","Top Photographers in Chikhli Road, Navsari",photographers in Chikhli Road Navsari,"photographers near Chikhli Road, photographers Chikhli Road Navsari, best photographers near Chikhli Road",Transactional (Hyper-local),Medium
Vendor + City Area,"Caterers in Chikhli Road, Navsari | VenueConnect",/navsari/chikhli-road/vendors/caterers/,"Top Caterers in Chikhli Road, Navsari | Hire Near You - VenueConnect","Find the best caterers in Chikhli Road, Navsari for your event. Browse verified profiles, compare pricing & get WhatsApp leads instantly on VenueConnect.","Top Caterers in Chikhli Road, Navsari",caterers in Chikhli Road Navsari,"caterers near Chikhli Road, caterers Chikhli Road Navsari, best caterers near Chikhli Road",Transactional (Hyper-local),Medium
Vendor + City Area,"Decorators in Chikhli Road, Navsari | VenueConnect",/navsari/chikhli-road/vendors/decorators/,"Top Decorators in Chikhli Road, Navsari | Hire Near You - VenueConnect","Find the best decorators in Chikhli Road, Navsari for your event. Browse verified profiles, compare pricing & get WhatsApp leads instantly on VenueConnect.","Top Decorators in Chikhli Road, Navsari",decorators in Chikhli Road Navsari,"decorators near Chikhli Road, decorators Chikhli Road Navsari, best decorators near Chikhli Road",Transactional (Hyper-local),Medium
Vendor + City Area,"Mehndi Artists in Chikhli Road, Navsari | VenueConnect",/navsari/chikhli-road/vendors/mehndi-artists/,"Top Mehndi Artists in Chikhli Road, Navsari | Hire Near You - VenueConnect","Find the best mehndi artists in Chikhli Road, Navsari for your event. Browse verified profiles, compare pricing & get WhatsApp leads instantly on VenueConnect.","Top Mehndi Artists in Chikhli Road, Navsari",mehndi artists in Chikhli Road Navsari,"mehndi artists near Chikhli Road, mehndi artists Chikhli Road Navsari, best mehndi artists near Chikhli Road",Transactional (Hyper-local),Medium
Vendor + City Area,"Photographers in Chovisi, Navsari | VenueConnect",/navsari/chovisi/vendors/photographers/,"Top Photographers in Chovisi, Navsari | Hire Near You - VenueConnect","Find the best photographers in Chovisi, Navsari for your event. Browse verified profiles, compare pricing & get WhatsApp leads instantly on VenueConnect.","Top Photographers in Chovisi, Navsari",photographers in Chovisi Navsari,"photographers near Chovisi, photographers Chovisi Navsari, best photographers near Chovisi",Transactional (Hyper-local),Medium
Vendor + City Area,"Caterers in Chovisi, Navsari | VenueConnect",/navsari/chovisi/vendors/caterers/,"Top Caterers in Chovisi, Navsari | Hire Near You - VenueConnect","Find the best caterers in Chovisi, Navsari for your event. Browse verified profiles, compare pricing & get WhatsApp leads instantly on VenueConnect.","Top Caterers in Chovisi, Navsari",caterers in Chovisi Navsari,"caterers near Chovisi, caterers Chovisi Navsari, best caterers near Chovisi",Transactional (Hyper-local),Medium
Vendor + City Area,"Decorators in Chovisi, Navsari | VenueConnect",/navsari/chovisi/vendors/decorators/,"Top Decorators in Chovisi, Navsari | Hire Near You - VenueConnect","Find the best decorators in Chovisi, Navsari for your event. Browse verified profiles, compare pricing & get WhatsApp leads instantly on VenueConnect.","Top Decorators in Chovisi, Navsari",decorators in Chovisi Navsari,"decorators near Chovisi, decorators Chovisi Navsari, best decorators near Chovisi",Transactional (Hyper-local),Medium
Vendor + City Area,"Mehndi Artists in Chovisi, Navsari | VenueConnect",/navsari/chovisi/vendors/mehndi-artists/,"Top Mehndi Artists in Chovisi, Navsari | Hire Near You - VenueConnect","Find the best mehndi artists in Chovisi, Navsari for your event. Browse verified profiles, compare pricing & get WhatsApp leads instantly on VenueConnect.","Top Mehndi Artists in Chovisi, Navsari",mehndi artists in Chovisi Navsari,"mehndi artists near Chovisi, mehndi artists Chovisi Navsari, best mehndi artists near Chovisi",Transactional (Hyper-local),Medium
Vendor + City Area,"Photographers in Dabhel, Navsari | VenueConnect",/navsari/dabhel/vendors/photographers/,"Top Photographers in Dabhel, Navsari | Hire Near You - VenueConnect","Find the best photographers in Dabhel, Navsari for your event. Browse verified profiles, compare pricing & get WhatsApp leads instantly on VenueConnect.","Top Photographers in Dabhel, Navsari",photographers in Dabhel Navsari,"photographers near Dabhel, photographers Dabhel Navsari, best photographers near Dabhel",Transactional (Hyper-local),Medium
Vendor + City Area,"Caterers in Dabhel, Navsari | VenueConnect",/navsari/dabhel/vendors/caterers/,"Top Caterers in Dabhel, Navsari | Hire Near You - VenueConnect","Find the best caterers in Dabhel, Navsari for your event. Browse verified profiles, compare pricing & get WhatsApp leads instantly on VenueConnect.","Top Caterers in Dabhel, Navsari",caterers in Dabhel Navsari,"caterers near Dabhel, caterers Dabhel Navsari, best caterers near Dabhel",Transactional (Hyper-local),Medium
Vendor + City Area,"Decorators in Dabhel, Navsari | VenueConnect",/navsari/dabhel/vendors/decorators/,"Top Decorators in Dabhel, Navsari | Hire Near You - VenueConnect","Find the best decorators in Dabhel, Navsari for your event. Browse verified profiles, compare pricing & get WhatsApp leads instantly on VenueConnect.","Top Decorators in Dabhel, Navsari",decorators in Dabhel Navsari,"decorators near Dabhel, decorators Dabhel Navsari, best decorators near Dabhel",Transactional (Hyper-local),Medium
Vendor + City Area,"Mehndi Artists in Dabhel, Navsari | VenueConnect",/navsari/dabhel/vendors/mehndi-artists/,"Top Mehndi Artists in Dabhel, Navsari | Hire Near You - VenueConnect","Find the best mehndi artists in Dabhel, Navsari for your event. Browse verified profiles, compare pricing & get WhatsApp leads instantly on VenueConnect.","Top Mehndi Artists in Dabhel, Navsari",mehndi artists in Dabhel Navsari,"mehndi artists near Dabhel, mehndi artists Dabhel Navsari, best mehndi artists near Dabhel",Transactional (Hyper-local),Medium
Vendor + City Area,"Photographers in Devsar, Navsari | VenueConnect",/navsari/devsar/vendors/photographers/,"Top Photographers in Devsar, Navsari | Hire Near You - VenueConnect","Find the best photographers in Devsar, Navsari for your event. Browse verified profiles, compare pricing & get WhatsApp leads instantly on VenueConnect.","Top Photographers in Devsar, Navsari",photographers in Devsar Navsari,"photographers near Devsar, photographers Devsar Navsari, best photographers near Devsar",Transactional (Hyper-local),Medium
Vendor + City Area,"Caterers in Devsar, Navsari | VenueConnect",/navsari/devsar/vendors/caterers/,"Top Caterers in Devsar, Navsari | Hire Near You - VenueConnect","Find the best caterers in Devsar, Navsari for your event. Browse verified profiles, compare pricing & get WhatsApp leads instantly on VenueConnect.","Top Caterers in Devsar, Navsari",caterers in Devsar Navsari,"caterers near Devsar, caterers Devsar Navsari, best caterers near Devsar",Transactional (Hyper-local),Medium
Vendor + City Area,"Decorators in Devsar, Navsari | VenueConnect",/navsari/devsar/vendors/decorators/,"Top Decorators in Devsar, Navsari | Hire Near You - VenueConnect","Find the best decorators in Devsar, Navsari for your event. Browse verified profiles, compare pricing & get WhatsApp leads instantly on VenueConnect.","Top Decorators in Devsar, Navsari",decorators in Devsar Navsari,"decorators near Devsar, decorators Devsar Navsari, best decorators near Devsar",Transactional (Hyper-local),Medium
Vendor + City Area,"Mehndi Artists in Devsar, Navsari | VenueConnect",/navsari/devsar/vendors/mehndi-artists/,"Top Mehndi Artists in Devsar, Navsari | Hire Near You - VenueConnect","Find the best mehndi artists in Devsar, Navsari for your event. Browse verified profiles, compare pricing & get WhatsApp leads instantly on VenueConnect.","Top Mehndi Artists in Devsar, Navsari",mehndi artists in Devsar Navsari,"mehndi artists near Devsar, mehndi artists Devsar Navsari, best mehndi artists near Devsar",Transactional (Hyper-local),Medium
Vendor + City Area,"Photographers in Dungri, Navsari | VenueConnect",/navsari/dungri/vendors/photographers/,"Top Photographers in Dungri, Navsari | Hire Near You - VenueConnect","Find the best photographers in Dungri, Navsari for your event. Browse verified profiles, compare pricing & get WhatsApp leads instantly on VenueConnect.","Top Photographers in Dungri, Navsari",photographers in Dungri Navsari,"photographers near Dungri, photographers Dungri Navsari, best photographers near Dungri",Transactional (Hyper-local),Medium
Vendor + City Area,"Caterers in Dungri, Navsari | VenueConnect",/navsari/dungri/vendors/caterers/,"Top Caterers in Dungri, Navsari | Hire Near You - VenueConnect","Find the best caterers in Dungri, Navsari for your event. Browse verified profiles, compare pricing & get WhatsApp leads instantly on VenueConnect.","Top Caterers in Dungri, Navsari",caterers in Dungri Navsari,"caterers near Dungri, caterers Dungri Navsari, best caterers near Dungri",Transactional (Hyper-local),Medium
Vendor + City Area,"Decorators in Dungri, Navsari | VenueConnect",/navsari/dungri/vendors/decorators/,"Top Decorators in Dungri, Navsari | Hire Near You - VenueConnect","Find the best decorators in Dungri, Navsari for your event. Browse verified profiles, compare pricing & get WhatsApp leads instantly on VenueConnect.","Top Decorators in Dungri, Navsari",decorators in Dungri Navsari,"decorators near Dungri, decorators Dungri Navsari, best decorators near Dungri",Transactional (Hyper-local),Medium
Vendor + City Area,"Mehndi Artists in Dungri, Navsari | VenueConnect",/navsari/dungri/vendors/mehndi-artists/,"Top Mehndi Artists in Dungri, Navsari | Hire Near You - VenueConnect","Find the best mehndi artists in Dungri, Navsari for your event. Browse verified profiles, compare pricing & get WhatsApp leads instantly on VenueConnect.","Top Mehndi Artists in Dungri, Navsari",mehndi artists in Dungri Navsari,"mehndi artists near Dungri, mehndi artists Dungri Navsari, best mehndi artists near Dungri",Transactional (Hyper-local),Medium
Vendor + City Area,"Photographers in Falia, Navsari | VenueConnect",/navsari/falia/vendors/photographers/,"Top Photographers in Falia, Navsari | Hire Near You - VenueConnect","Find the best photographers in Falia, Navsari for your event. Browse verified profiles, compare pricing & get WhatsApp leads instantly on VenueConnect.","Top Photographers in Falia, Navsari",photographers in Falia Navsari,"photographers near Falia, photographers Falia Navsari, best photographers near Falia",Transactional (Hyper-local),Medium
Vendor + City Area,"Caterers in Falia, Navsari | VenueConnect",/navsari/falia/vendors/caterers/,"Top Caterers in Falia, Navsari | Hire Near You - VenueConnect","Find the best caterers in Falia, Navsari for your event. Browse verified profiles, compare pricing & get WhatsApp leads instantly on VenueConnect.","Top Caterers in Falia, Navsari",caterers in Falia Navsari,"caterers near Falia, caterers Falia Navsari, best caterers near Falia",Transactional (Hyper-local),Medium
Vendor + City Area,"Decorators in Falia, Navsari | VenueConnect",/navsari/falia/vendors/decorators/,"Top Decorators in Falia, Navsari | Hire Near You - VenueConnect","Find the best decorators in Falia, Navsari for your event. Browse verified profiles, compare pricing & get WhatsApp leads instantly on VenueConnect.","Top Decorators in Falia, Navsari",decorators in Falia Navsari,"decorators near Falia, decorators Falia Navsari, best decorators near Falia",Transactional (Hyper-local),Medium
Vendor + City Area,"Mehndi Artists in Falia, Navsari | VenueConnect",/navsari/falia/vendors/mehndi-artists/,"Top Mehndi Artists in Falia, Navsari | Hire Near You - VenueConnect","Find the best mehndi artists in Falia, Navsari for your event. Browse verified profiles, compare pricing & get WhatsApp leads instantly on VenueConnect.","Top Mehndi Artists in Falia, Navsari",mehndi artists in Falia Navsari,"mehndi artists near Falia, mehndi artists Falia Navsari, best mehndi artists near Falia",Transactional (Hyper-local),Medium
Vendor + City Area,"Photographers in Gamdi, Navsari | VenueConnect",/navsari/gamdi/vendors/photographers/,"Top Photographers in Gamdi, Navsari | Hire Near You - VenueConnect","Find the best photographers in Gamdi, Navsari for your event. Browse verified profiles, compare pricing & get WhatsApp leads instantly on VenueConnect.","Top Photographers in Gamdi, Navsari",photographers in Gamdi Navsari,"photographers near Gamdi, photographers Gamdi Navsari, best photographers near Gamdi",Transactional (Hyper-local),Medium
Vendor + City Area,"Caterers in Gamdi, Navsari | VenueConnect",/navsari/gamdi/vendors/caterers/,"Top Caterers in Gamdi, Navsari | Hire Near You - VenueConnect","Find the best caterers in Gamdi, Navsari for your event. Browse verified profiles, compare pricing & get WhatsApp leads instantly on VenueConnect.","Top Caterers in Gamdi, Navsari",caterers in Gamdi Navsari,"caterers near Gamdi, caterers Gamdi Navsari, best caterers near Gamdi",Transactional (Hyper-local),Medium
Vendor + City Area,"Decorators in Gamdi, Navsari | VenueConnect",/navsari/gamdi/vendors/decorators/,"Top Decorators in Gamdi, Navsari | Hire Near You - VenueConnect","Find the best decorators in Gamdi, Navsari for your event. Browse verified profiles, compare pricing & get WhatsApp leads instantly on VenueConnect.","Top Decorators in Gamdi, Navsari",decorators in Gamdi Navsari,"decorators near Gamdi, decorators Gamdi Navsari, best decorators near Gamdi",Transactional (Hyper-local),Medium
Vendor + City Area,"Mehndi Artists in Gamdi, Navsari | VenueConnect",/navsari/gamdi/vendors/mehndi-artists/,"Top Mehndi Artists in Gamdi, Navsari | Hire Near You - VenueConnect","Find the best mehndi artists in Gamdi, Navsari for your event. Browse verified profiles, compare pricing & get WhatsApp leads instantly on VenueConnect.","Top Mehndi Artists in Gamdi, Navsari",mehndi artists in Gamdi Navsari,"mehndi artists near Gamdi, mehndi artists Gamdi Navsari, best mehndi artists near Gamdi",Transactional (Hyper-local),Medium
Vendor + City Area,"Photographers in Juna Navsari, Navsari | VenueConnect",/navsari/juna-navsari/vendors/photographers/,"Top Photographers in Juna Navsari, Navsari | Hire Near You - VenueConnect","Find the best photographers in Juna Navsari, Navsari for your event. Browse verified profiles, compare pricing & get WhatsApp leads instantly on VenueConnect.","Top Photographers in Juna Navsari, Navsari",photographers in Juna Navsari Navsari,"photographers near Juna Navsari, photographers Juna Navsari Navsari, best photographers near Juna Navsari",Transactional (Hyper-local),Medium
Vendor + City Area,"Caterers in Juna Navsari, Navsari | VenueConnect",/navsari/juna-navsari/vendors/caterers/,"Top Caterers in Juna Navsari, Navsari | Hire Near You - VenueConnect","Find the best caterers in Juna Navsari, Navsari for your event. Browse verified profiles, compare pricing & get WhatsApp leads instantly on VenueConnect.","Top Caterers in Juna Navsari, Navsari",caterers in Juna Navsari Navsari,"caterers near Juna Navsari, caterers Juna Navsari Navsari, best caterers near Juna Navsari",Transactional (Hyper-local),Medium
Vendor + City Area,"Decorators in Juna Navsari, Navsari | VenueConnect",/navsari/juna-navsari/vendors/decorators/,"Top Decorators in Juna Navsari, Navsari | Hire Near You - VenueConnect","Find the best decorators in Juna Navsari, Navsari for your event. Browse verified profiles, compare pricing & get WhatsApp leads instantly on VenueConnect.","Top Decorators in Juna Navsari, Navsari",decorators in Juna Navsari Navsari,"decorators near Juna Navsari, decorators Juna Navsari Navsari, best decorators near Juna Navsari",Transactional (Hyper-local),Medium
Vendor + City Area,"Mehndi Artists in Juna Navsari, Navsari | VenueConnect",/navsari/juna-navsari/vendors/mehndi-artists/,"Top Mehndi Artists in Juna Navsari, Navsari | Hire Near You - VenueConnect","Find the best mehndi artists in Juna Navsari, Navsari for your event. Browse verified profiles, compare pricing & get WhatsApp leads instantly on VenueConnect.","Top Mehndi Artists in Juna Navsari, Navsari",mehndi artists in Juna Navsari Navsari,"mehndi artists near Juna Navsari, mehndi artists Juna Navsari Navsari, best mehndi artists near Juna Navsari",Transactional (Hyper-local),Medium
Vendor + City Area,"Photographers in Khergam Road, Navsari | VenueConnect",/navsari/khergam-road/vendors/photographers/,"Top Photographers in Khergam Road, Navsari | Hire Near You - VenueConnect","Find the best photographers in Khergam Road, Navsari for your event. Browse verified profiles, compare pricing & get WhatsApp leads instantly on VenueConnect.","Top Photographers in Khergam Road, Navsari",photographers in Khergam Road Navsari,"photographers near Khergam Road, photographers Khergam Road Navsari, best photographers near Khergam Road",Transactional (Hyper-local),Medium
Vendor + City Area,"Caterers in Khergam Road, Navsari | VenueConnect",/navsari/khergam-road/vendors/caterers/,"Top Caterers in Khergam Road, Navsari | Hire Near You - VenueConnect","Find the best caterers in Khergam Road, Navsari for your event. Browse verified profiles, compare pricing & get WhatsApp leads instantly on VenueConnect.","Top Caterers in Khergam Road, Navsari",caterers in Khergam Road Navsari,"caterers near Khergam Road, caterers Khergam Road Navsari, best caterers near Khergam Road",Transactional (Hyper-local),Medium
Vendor + City Area,"Decorators in Khergam Road, Navsari | VenueConnect",/navsari/khergam-road/vendors/decorators/,"Top Decorators in Khergam Road, Navsari | Hire Near You - VenueConnect","Find the best decorators in Khergam Road, Navsari for your event. Browse verified profiles, compare pricing & get WhatsApp leads instantly on VenueConnect.","Top Decorators in Khergam Road, Navsari",decorators in Khergam Road Navsari,"decorators near Khergam Road, decorators Khergam Road Navsari, best decorators near Khergam Road",Transactional (Hyper-local),Medium
Vendor + City Area,"Mehndi Artists in Khergam Road, Navsari | VenueConnect",/navsari/khergam-road/vendors/mehndi-artists/,"Top Mehndi Artists in Khergam Road, Navsari | Hire Near You - VenueConnect","Find the best mehndi artists in Khergam Road, Navsari for your event. Browse verified profiles, compare pricing & get WhatsApp leads instantly on VenueConnect.","Top Mehndi Artists in Khergam Road, Navsari",mehndi artists in Khergam Road Navsari,"mehndi artists near Khergam Road, mehndi artists Khergam Road Navsari, best mehndi artists near Khergam Road",Transactional (Hyper-local),Medium
Vendor + City Area,"Photographers in Marod, Navsari | VenueConnect",/navsari/marod/vendors/photographers/,"Top Photographers in Marod, Navsari | Hire Near You - VenueConnect","Find the best photographers in Marod, Navsari for your event. Browse verified profiles, compare pricing & get WhatsApp leads instantly on VenueConnect.","Top Photographers in Marod, Navsari",photographers in Marod Navsari,"photographers near Marod, photographers Marod Navsari, best photographers near Marod",Transactional (Hyper-local),Medium
Vendor + City Area,"Caterers in Marod, Navsari | VenueConnect",/navsari/marod/vendors/caterers/,"Top Caterers in Marod, Navsari | Hire Near You - VenueConnect","Find the best caterers in Marod, Navsari for your event. Browse verified profiles, compare pricing & get WhatsApp leads instantly on VenueConnect.","Top Caterers in Marod, Navsari",caterers in Marod Navsari,"caterers near Marod, caterers Marod Navsari, best caterers near Marod",Transactional (Hyper-local),Medium
Vendor + City Area,"Decorators in Marod, Navsari | VenueConnect",/navsari/marod/vendors/decorators/,"Top Decorators in Marod, Navsari | Hire Near You - VenueConnect","Find the best decorators in Marod, Navsari for your event. Browse verified profiles, compare pricing & get WhatsApp leads instantly on VenueConnect.","Top Decorators in Marod, Navsari",decorators in Marod Navsari,"decorators near Marod, decorators Marod Navsari, best decorators near Marod",Transactional (Hyper-local),Medium
Vendor + City Area,"Mehndi Artists in Marod, Navsari | VenueConnect",/navsari/marod/vendors/mehndi-artists/,"Top Mehndi Artists in Marod, Navsari | Hire Near You - VenueConnect","Find the best mehndi artists in Marod, Navsari for your event. Browse verified profiles, compare pricing & get WhatsApp leads instantly on VenueConnect.","Top Mehndi Artists in Marod, Navsari",mehndi artists in Marod Navsari,"mehndi artists near Marod, mehndi artists Marod Navsari, best mehndi artists near Marod",Transactional (Hyper-local),Medium
Vendor + City Area,"Photographers in Navsari Court Area, Navsari | VenueConnect",/navsari/navsari-court-area/vendors/photographers/,"Top Photographers in Navsari Court Area, Navsari | Hire Near You - VenueConnect","Find the best photographers in Navsari Court Area, Navsari for your event. Browse verified profiles, compare pricing & get WhatsApp leads instantly on VenueConnect.","Top Photographers in Navsari Court Area, Navsari",photographers in Navsari Court Area Navsari,"photographers near Navsari Court Area, photographers Navsari Court Area Navsari, best photographers near Navsari Court Area",Transactional (Hyper-local),Medium
Vendor + City Area,"Caterers in Navsari Court Area, Navsari | VenueConnect",/navsari/navsari-court-area/vendors/caterers/,"Top Caterers in Navsari Court Area, Navsari | Hire Near You - VenueConnect","Find the best caterers in Navsari Court Area, Navsari for your event. Browse verified profiles, compare pricing & get WhatsApp leads instantly on VenueConnect.","Top Caterers in Navsari Court Area, Navsari",caterers in Navsari Court Area Navsari,"caterers near Navsari Court Area, caterers Navsari Court Area Navsari, best caterers near Navsari Court Area",Transactional (Hyper-local),Medium
Vendor + City Area,"Decorators in Navsari Court Area, Navsari | VenueConnect",/navsari/navsari-court-area/vendors/decorators/,"Top Decorators in Navsari Court Area, Navsari | Hire Near You - VenueConnect","Find the best decorators in Navsari Court Area, Navsari for your event. Browse verified profiles, compare pricing & get WhatsApp leads instantly on VenueConnect.","Top Decorators in Navsari Court Area, Navsari",decorators in Navsari Court Area Navsari,"decorators near Navsari Court Area, decorators Navsari Court Area Navsari, best decorators near Navsari Court Area",Transactional (Hyper-local),Medium
Vendor + City Area,"Mehndi Artists in Navsari Court Area, Navsari | VenueConnect",/navsari/navsari-court-area/vendors/mehndi-artists/,"Top Mehndi Artists in Navsari Court Area, Navsari | Hire Near You - VenueConnect","Find the best mehndi artists in Navsari Court Area, Navsari for your event. Browse verified profiles, compare pricing & get WhatsApp leads instantly on VenueConnect.","Top Mehndi Artists in Navsari Court Area, Navsari",mehndi artists in Navsari Court Area Navsari,"mehndi artists near Navsari Court Area, mehndi artists Navsari Court Area Navsari, best mehndi artists near Navsari Court Area",Transactional (Hyper-local),Medium
Vendor + City Area,"Photographers in Punagam, Navsari | VenueConnect",/navsari/punagam/vendors/photographers/,"Top Photographers in Punagam, Navsari | Hire Near You - VenueConnect","Find the best photographers in Punagam, Navsari for your event. Browse verified profiles, compare pricing & get WhatsApp leads instantly on VenueConnect.","Top Photographers in Punagam, Navsari",photographers in Punagam Navsari,"photographers near Punagam, photographers Punagam Navsari, best photographers near Punagam",Transactional (Hyper-local),Medium
Vendor + City Area,"Caterers in Punagam, Navsari | VenueConnect",/navsari/punagam/vendors/caterers/,"Top Caterers in Punagam, Navsari | Hire Near You - VenueConnect","Find the best caterers in Punagam, Navsari for your event. Browse verified profiles, compare pricing & get WhatsApp leads instantly on VenueConnect.","Top Caterers in Punagam, Navsari",caterers in Punagam Navsari,"caterers near Punagam, caterers Punagam Navsari, best caterers near Punagam",Transactional (Hyper-local),Medium
Vendor + City Area,"Decorators in Punagam, Navsari | VenueConnect",/navsari/punagam/vendors/decorators/,"Top Decorators in Punagam, Navsari | Hire Near You - VenueConnect","Find the best decorators in Punagam, Navsari for your event. Browse verified profiles, compare pricing & get WhatsApp leads instantly on VenueConnect.","Top Decorators in Punagam, Navsari",decorators in Punagam Navsari,"decorators near Punagam, decorators Punagam Navsari, best decorators near Punagam",Transactional (Hyper-local),Medium
Vendor + City Area,"Mehndi Artists in Punagam, Navsari | VenueConnect",/navsari/punagam/vendors/mehndi-artists/,"Top Mehndi Artists in Punagam, Navsari | Hire Near You - VenueConnect","Find the best mehndi artists in Punagam, Navsari for your event. Browse verified profiles, compare pricing & get WhatsApp leads instantly on VenueConnect.","Top Mehndi Artists in Punagam, Navsari",mehndi artists in Punagam Navsari,"mehndi artists near Punagam, mehndi artists Punagam Navsari, best mehndi artists near Punagam",Transactional (Hyper-local),Medium
Vendor + City Area,"Photographers in Sayaji Road, Navsari | VenueConnect",/navsari/sayaji-road/vendors/photographers/,"Top Photographers in Sayaji Road, Navsari | Hire Near You - VenueConnect","Find the best photographers in Sayaji Road, Navsari for your event. Browse verified profiles, compare pricing & get WhatsApp leads instantly on VenueConnect.","Top Photographers in Sayaji Road, Navsari",photographers in Sayaji Road Navsari,"photographers near Sayaji Road, photographers Sayaji Road Navsari, best photographers near Sayaji Road",Transactional (Hyper-local),Medium
Vendor + City Area,"Caterers in Sayaji Road, Navsari | VenueConnect",/navsari/sayaji-road/vendors/caterers/,"Top Caterers in Sayaji Road, Navsari | Hire Near You - VenueConnect","Find the best caterers in Sayaji Road, Navsari for your event. Browse verified profiles, compare pricing & get WhatsApp leads instantly on VenueConnect.","Top Caterers in Sayaji Road, Navsari",caterers in Sayaji Road Navsari,"caterers near Sayaji Road, caterers Sayaji Road Navsari, best caterers near Sayaji Road",Transactional (Hyper-local),Medium
Vendor + City Area,"Decorators in Sayaji Road, Navsari | VenueConnect",/navsari/sayaji-road/vendors/decorators/,"Top Decorators in Sayaji Road, Navsari | Hire Near You - VenueConnect","Find the best decorators in Sayaji Road, Navsari for your event. Browse verified profiles, compare pricing & get WhatsApp leads instantly on VenueConnect.","Top Decorators in Sayaji Road, Navsari",decorators in Sayaji Road Navsari,"decorators near Sayaji Road, decorators Sayaji Road Navsari, best decorators near Sayaji Road",Transactional (Hyper-local),Medium
Vendor + City Area,"Mehndi Artists in Sayaji Road, Navsari | VenueConnect",/navsari/sayaji-road/vendors/mehndi-artists/,"Top Mehndi Artists in Sayaji Road, Navsari | Hire Near You - VenueConnect","Find the best mehndi artists in Sayaji Road, Navsari for your event. Browse verified profiles, compare pricing & get WhatsApp leads instantly on VenueConnect.","Top Mehndi Artists in Sayaji Road, Navsari",mehndi artists in Sayaji Road Navsari,"mehndi artists near Sayaji Road, mehndi artists Sayaji Road Navsari, best mehndi artists near Sayaji Road",Transactional (Hyper-local),Medium
Vendor + City Area,"Photographers in Sion, Navsari | VenueConnect",/navsari/sion/vendors/photographers/,"Top Photographers in Sion, Navsari | Hire Near You - VenueConnect","Find the best photographers in Sion, Navsari for your event. Browse verified profiles, compare pricing & get WhatsApp leads instantly on VenueConnect.","Top Photographers in Sion, Navsari",photographers in Sion Navsari,"photographers near Sion, photographers Sion Navsari, best photographers near Sion",Transactional (Hyper-local),Medium
Vendor + City Area,"Caterers in Sion, Navsari | VenueConnect",/navsari/sion/vendors/caterers/,"Top Caterers in Sion, Navsari | Hire Near You - VenueConnect","Find the best caterers in Sion, Navsari for your event. Browse verified profiles, compare pricing & get WhatsApp leads instantly on VenueConnect.","Top Caterers in Sion, Navsari",caterers in Sion Navsari,"caterers near Sion, caterers Sion Navsari, best caterers near Sion",Transactional (Hyper-local),Medium
Vendor + City Area,"Decorators in Sion, Navsari | VenueConnect",/navsari/sion/vendors/decorators/,"Top Decorators in Sion, Navsari | Hire Near You - VenueConnect","Find the best decorators in Sion, Navsari for your event. Browse verified profiles, compare pricing & get WhatsApp leads instantly on VenueConnect.","Top Decorators in Sion, Navsari",decorators in Sion Navsari,"decorators near Sion, decorators Sion Navsari, best decorators near Sion",Transactional (Hyper-local),Medium
Vendor + City Area,"Mehndi Artists in Sion, Navsari | VenueConnect",/navsari/sion/vendors/mehndi-artists/,"Top Mehndi Artists in Sion, Navsari | Hire Near You - VenueConnect","Find the best mehndi artists in Sion, Navsari for your event. Browse verified profiles, compare pricing & get WhatsApp leads instantly on VenueConnect.","Top Mehndi Artists in Sion, Navsari",mehndi artists in Sion Navsari,"mehndi artists near Sion, mehndi artists Sion Navsari, best mehndi artists near Sion",Transactional (Hyper-local),Medium
Vendor + City Area,"Photographers in Vansda Road, Navsari | VenueConnect",/navsari/vansda-road/vendors/photographers/,"Top Photographers in Vansda Road, Navsari | Hire Near You - VenueConnect","Find the best photographers in Vansda Road, Navsari for your event. Browse verified profiles, compare pricing & get WhatsApp leads instantly on VenueConnect.","Top Photographers in Vansda Road, Navsari",photographers in Vansda Road Navsari,"photographers near Vansda Road, photographers Vansda Road Navsari, best photographers near Vansda Road",Transactional (Hyper-local),Medium
Vendor + City Area,"Caterers in Vansda Road, Navsari | VenueConnect",/navsari/vansda-road/vendors/caterers/,"Top Caterers in Vansda Road, Navsari | Hire Near You - VenueConnect","Find the best caterers in Vansda Road, Navsari for your event. Browse verified profiles, compare pricing & get WhatsApp leads instantly on VenueConnect.","Top Caterers in Vansda Road, Navsari",caterers in Vansda Road Navsari,"caterers near Vansda Road, caterers Vansda Road Navsari, best caterers near Vansda Road",Transactional (Hyper-local),Medium
Vendor + City Area,"Decorators in Vansda Road, Navsari | VenueConnect",/navsari/vansda-road/vendors/decorators/,"Top Decorators in Vansda Road, Navsari | Hire Near You - VenueConnect","Find the best decorators in Vansda Road, Navsari for your event. Browse verified profiles, compare pricing & get WhatsApp leads instantly on VenueConnect.","Top Decorators in Vansda Road, Navsari",decorators in Vansda Road Navsari,"decorators near Vansda Road, decorators Vansda Road Navsari, best decorators near Vansda Road",Transactional (Hyper-local),Medium
Vendor + City Area,"Mehndi Artists in Vansda Road, Navsari | VenueConnect",/navsari/vansda-road/vendors/mehndi-artists/,"Top Mehndi Artists in Vansda Road, Navsari | Hire Near You - VenueConnect","Find the best mehndi artists in Vansda Road, Navsari for your event. Browse verified profiles, compare pricing & get WhatsApp leads instantly on VenueConnect.","Top Mehndi Artists in Vansda Road, Navsari",mehndi artists in Vansda Road Navsari,"mehndi artists near Vansda Road, mehndi artists Vansda Road Navsari, best mehndi artists near Vansda Road",Transactional (Hyper-local),Medium
Vendor + City Area,"Photographers in Vejalpore, Navsari | VenueConnect",/navsari/vejalpore/vendors/photographers/,"Top Photographers in Vejalpore, Navsari | Hire Near You - VenueConnect","Find the best photographers in Vejalpore, Navsari for your event. Browse verified profiles, compare pricing & get WhatsApp leads instantly on VenueConnect.","Top Photographers in Vejalpore, Navsari",photographers in Vejalpore Navsari,"photographers near Vejalpore, photographers Vejalpore Navsari, best photographers near Vejalpore",Transactional (Hyper-local),Medium
Vendor + City Area,"Caterers in Vejalpore, Navsari | VenueConnect",/navsari/vejalpore/vendors/caterers/,"Top Caterers in Vejalpore, Navsari | Hire Near You - VenueConnect","Find the best caterers in Vejalpore, Navsari for your event. Browse verified profiles, compare pricing & get WhatsApp leads instantly on VenueConnect.","Top Caterers in Vejalpore, Navsari",caterers in Vejalpore Navsari,"caterers near Vejalpore, caterers Vejalpore Navsari, best caterers near Vejalpore",Transactional (Hyper-local),Medium
Vendor + City Area,"Decorators in Vejalpore, Navsari | VenueConnect",/navsari/vejalpore/vendors/decorators/,"Top Decorators in Vejalpore, Navsari | Hire Near You - VenueConnect","Find the best decorators in Vejalpore, Navsari for your event. Browse verified profiles, compare pricing & get WhatsApp leads instantly on VenueConnect.","Top Decorators in Vejalpore, Navsari",decorators in Vejalpore Navsari,"decorators near Vejalpore, decorators Vejalpore Navsari, best decorators near Vejalpore",Transactional (Hyper-local),Medium
Vendor + City Area,"Mehndi Artists in Vejalpore, Navsari | VenueConnect",/navsari/vejalpore/vendors/mehndi-artists/,"Top Mehndi Artists in Vejalpore, Navsari | Hire Near You - VenueConnect","Find the best mehndi artists in Vejalpore, Navsari for your event. Browse verified profiles, compare pricing & get WhatsApp leads instantly on VenueConnect.","Top Mehndi Artists in Vejalpore, Navsari",mehndi artists in Vejalpore Navsari,"mehndi artists near Vejalpore, mehndi artists Vejalpore Navsari, best mehndi artists near Vejalpore",Transactional (Hyper-local),Medium
Vendor + City Area,"Photographers in Waghwadi, Navsari | VenueConnect",/navsari/waghwadi/vendors/photographers/,"Top Photographers in Waghwadi, Navsari | Hire Near You - VenueConnect","Find the best photographers in Waghwadi, Navsari for your event. Browse verified profiles, compare pricing & get WhatsApp leads instantly on VenueConnect.","Top Photographers in Waghwadi, Navsari",photographers in Waghwadi Navsari,"photographers near Waghwadi, photographers Waghwadi Navsari, best photographers near Waghwadi",Transactional (Hyper-local),Medium
Vendor + City Area,"Caterers in Waghwadi, Navsari | VenueConnect",/navsari/waghwadi/vendors/caterers/,"Top Caterers in Waghwadi, Navsari | Hire Near You - VenueConnect","Find the best caterers in Waghwadi, Navsari for your event. Browse verified profiles, compare pricing & get WhatsApp leads instantly on VenueConnect.","Top Caterers in Waghwadi, Navsari",caterers in Waghwadi Navsari,"caterers near Waghwadi, caterers Waghwadi Navsari, best caterers near Waghwadi",Transactional (Hyper-local),Medium
Vendor + City Area,"Decorators in Waghwadi, Navsari | VenueConnect",/navsari/waghwadi/vendors/decorators/,"Top Decorators in Waghwadi, Navsari | Hire Near You - VenueConnect","Find the best decorators in Waghwadi, Navsari for your event. Browse verified profiles, compare pricing & get WhatsApp leads instantly on VenueConnect.","Top Decorators in Waghwadi, Navsari",decorators in Waghwadi Navsari,"decorators near Waghwadi, decorators Waghwadi Navsari, best decorators near Waghwadi",Transactional (Hyper-local),Medium
Vendor + City Area,"Mehndi Artists in Waghwadi, Navsari | VenueConnect",/navsari/waghwadi/vendors/mehndi-artists/,"Top Mehndi Artists in Waghwadi, Navsari | Hire Near You - VenueConnect","Find the best mehndi artists in Waghwadi, Navsari for your event. Browse verified profiles, compare pricing & get WhatsApp leads instantly on VenueConnect.","Top Mehndi Artists in Waghwadi, Navsari",mehndi artists in Waghwadi Navsari,"mehndi artists near Waghwadi, mehndi artists Waghwadi Navsari, best mehndi artists near Waghwadi",Transactional (Hyper-local),Medium
  VENUE TYPE + CITY AREA PAGES (Hyper-local),,,,,,,,,
Page Type,Page Title,URL Slug,Meta Title,Meta Description,H1 Tag,Target Keyword,Secondary Keywords,Search Intent,Priority
Venue + City Area,"Banquet Halls in Lunsikui, Navsari | VenueConnect",/navsari/lunsikui/banquet-halls/,"Best Banquet Halls in Lunsikui, Navsari | Compare Near You - VenueConnect","Looking for banquet halls in Lunsikui, Navsari? Browse verified listings with pricing, capacity & photos. Book the perfect venue near Lunsikui on VenueConnect.","Best Banquet Halls in Lunsikui, Navsari",banquet halls in Lunsikui Navsari,"banquet halls near Lunsikui, banquet halls Lunsikui Navsari, affordable banquet halls near Lunsikui",Transactional (Hyper-local),High
Venue + City Area,"Farmhouses in Lunsikui, Navsari | VenueConnect",/navsari/lunsikui/farmhouses/,"Best Farmhouses in Lunsikui, Navsari | Compare Near You - VenueConnect","Looking for farmhouses in Lunsikui, Navsari? Browse verified listings with pricing, capacity & photos. Book the perfect venue near Lunsikui on VenueConnect.","Best Farmhouses in Lunsikui, Navsari",farmhouses in Lunsikui Navsari,"farmhouses near Lunsikui, farmhouses Lunsikui Navsari, affordable farmhouses near Lunsikui",Transactional (Hyper-local),High
Venue + City Area,"Party Plots in Lunsikui, Navsari | VenueConnect",/navsari/lunsikui/party-plots/,"Best Party Plots in Lunsikui, Navsari | Compare Near You - VenueConnect","Looking for party plots in Lunsikui, Navsari? Browse verified listings with pricing, capacity & photos. Book the perfect venue near Lunsikui on VenueConnect.","Best Party Plots in Lunsikui, Navsari",party plots in Lunsikui Navsari,"party plots near Lunsikui, party plots Lunsikui Navsari, affordable party plots near Lunsikui",Transactional (Hyper-local),High
Venue + City Area,"Banquet Halls in Eru, Navsari | VenueConnect",/navsari/eru/banquet-halls/,"Best Banquet Halls in Eru, Navsari | Compare Near You - VenueConnect","Looking for banquet halls in Eru, Navsari? Browse verified listings with pricing, capacity & photos. Book the perfect venue near Eru on VenueConnect.","Best Banquet Halls in Eru, Navsari",banquet halls in Eru Navsari,"banquet halls near Eru, banquet halls Eru Navsari, affordable banquet halls near Eru",Transactional (Hyper-local),High
Venue + City Area,"Farmhouses in Eru, Navsari | VenueConnect",/navsari/eru/farmhouses/,"Best Farmhouses in Eru, Navsari | Compare Near You - VenueConnect","Looking for farmhouses in Eru, Navsari? Browse verified listings with pricing, capacity & photos. Book the perfect venue near Eru on VenueConnect.","Best Farmhouses in Eru, Navsari",farmhouses in Eru Navsari,"farmhouses near Eru, farmhouses Eru Navsari, affordable farmhouses near Eru",Transactional (Hyper-local),High
Venue + City Area,"Party Plots in Eru, Navsari | VenueConnect",/navsari/eru/party-plots/,"Best Party Plots in Eru, Navsari | Compare Near You - VenueConnect","Looking for party plots in Eru, Navsari? Browse verified listings with pricing, capacity & photos. Book the perfect venue near Eru on VenueConnect.","Best Party Plots in Eru, Navsari",party plots in Eru Navsari,"party plots near Eru, party plots Eru Navsari, affordable party plots near Eru",Transactional (Hyper-local),High
Venue + City Area,"Banquet Halls in Dudhia, Navsari | VenueConnect",/navsari/dudhia/banquet-halls/,"Best Banquet Halls in Dudhia, Navsari | Compare Near You - VenueConnect","Looking for banquet halls in Dudhia, Navsari? Browse verified listings with pricing, capacity & photos. Book the perfect venue near Dudhia on VenueConnect.","Best Banquet Halls in Dudhia, Navsari",banquet halls in Dudhia Navsari,"banquet halls near Dudhia, banquet halls Dudhia Navsari, affordable banquet halls near Dudhia",Transactional (Hyper-local),High
Venue + City Area,"Farmhouses in Dudhia, Navsari | VenueConnect",/navsari/dudhia/farmhouses/,"Best Farmhouses in Dudhia, Navsari | Compare Near You - VenueConnect","Looking for farmhouses in Dudhia, Navsari? Browse verified listings with pricing, capacity & photos. Book the perfect venue near Dudhia on VenueConnect.","Best Farmhouses in Dudhia, Navsari",farmhouses in Dudhia Navsari,"farmhouses near Dudhia, farmhouses Dudhia Navsari, affordable farmhouses near Dudhia",Transactional (Hyper-local),High
Venue + City Area,"Party Plots in Dudhia, Navsari | VenueConnect",/navsari/dudhia/party-plots/,"Best Party Plots in Dudhia, Navsari | Compare Near You - VenueConnect","Looking for party plots in Dudhia, Navsari? Browse verified listings with pricing, capacity & photos. Book the perfect venue near Dudhia on VenueConnect.","Best Party Plots in Dudhia, Navsari",party plots in Dudhia Navsari,"party plots near Dudhia, party plots Dudhia Navsari, affordable party plots near Dudhia",Transactional (Hyper-local),High
Venue + City Area,"Banquet Halls in Station Road, Navsari | VenueConnect",/navsari/station-road/banquet-halls/,"Best Banquet Halls in Station Road, Navsari | Compare Near You - VenueConnect","Looking for banquet halls in Station Road, Navsari? Browse verified listings with pricing, capacity & photos. Book the perfect venue near Station Road on VenueConnect.","Best Banquet Halls in Station Road, Navsari",banquet halls in Station Road Navsari,"banquet halls near Station Road, banquet halls Station Road Navsari, affordable banquet halls near Station Road",Transactional (Hyper-local),High
Venue + City Area,"Farmhouses in Station Road, Navsari | VenueConnect",/navsari/station-road/farmhouses/,"Best Farmhouses in Station Road, Navsari | Compare Near You - VenueConnect","Looking for farmhouses in Station Road, Navsari? Browse verified listings with pricing, capacity & photos. Book the perfect venue near Station Road on VenueConnect.","Best Farmhouses in Station Road, Navsari",farmhouses in Station Road Navsari,"farmhouses near Station Road, farmhouses Station Road Navsari, affordable farmhouses near Station Road",Transactional (Hyper-local),High
Venue + City Area,"Party Plots in Station Road, Navsari | VenueConnect",/navsari/station-road/party-plots/,"Best Party Plots in Station Road, Navsari | Compare Near You - VenueConnect","Looking for party plots in Station Road, Navsari? Browse verified listings with pricing, capacity & photos. Book the perfect venue near Station Road on VenueConnect.","Best Party Plots in Station Road, Navsari",party plots in Station Road Navsari,"party plots near Station Road, party plots Station Road Navsari, affordable party plots near Station Road",Transactional (Hyper-local),High
Venue + City Area,"Banquet Halls in Vijalpore, Navsari | VenueConnect",/navsari/vijalpore/banquet-halls/,"Best Banquet Halls in Vijalpore, Navsari | Compare Near You - VenueConnect","Looking for banquet halls in Vijalpore, Navsari? Browse verified listings with pricing, capacity & photos. Book the perfect venue near Vijalpore on VenueConnect.","Best Banquet Halls in Vijalpore, Navsari",banquet halls in Vijalpore Navsari,"banquet halls near Vijalpore, banquet halls Vijalpore Navsari, affordable banquet halls near Vijalpore",Transactional (Hyper-local),High
Venue + City Area,"Farmhouses in Vijalpore, Navsari | VenueConnect",/navsari/vijalpore/farmhouses/,"Best Farmhouses in Vijalpore, Navsari | Compare Near You - VenueConnect","Looking for farmhouses in Vijalpore, Navsari? Browse verified listings with pricing, capacity & photos. Book the perfect venue near Vijalpore on VenueConnect.","Best Farmhouses in Vijalpore, Navsari",farmhouses in Vijalpore Navsari,"farmhouses near Vijalpore, farmhouses Vijalpore Navsari, affordable farmhouses near Vijalpore",Transactional (Hyper-local),High
Venue + City Area,"Party Plots in Vijalpore, Navsari | VenueConnect",/navsari/vijalpore/party-plots/,"Best Party Plots in Vijalpore, Navsari | Compare Near You - VenueConnect","Looking for party plots in Vijalpore, Navsari? Browse verified listings with pricing, capacity & photos. Book the perfect venue near Vijalpore on VenueConnect.","Best Party Plots in Vijalpore, Navsari",party plots in Vijalpore Navsari,"party plots near Vijalpore, party plots Vijalpore Navsari, affordable party plots near Vijalpore",Transactional (Hyper-local),High
Venue + City Area,"Banquet Halls in Gandevi Road, Navsari | VenueConnect",/navsari/gandevi-road/banquet-halls/,"Best Banquet Halls in Gandevi Road, Navsari | Compare Near You - VenueConnect","Looking for banquet halls in Gandevi Road, Navsari? Browse verified listings with pricing, capacity & photos. Book the perfect venue near Gandevi Road on VenueConnect.","Best Banquet Halls in Gandevi Road, Navsari",banquet halls in Gandevi Road Navsari,"banquet halls near Gandevi Road, banquet halls Gandevi Road Navsari, affordable banquet halls near Gandevi Road",Transactional (Hyper-local),High
Venue + City Area,"Farmhouses in Gandevi Road, Navsari | VenueConnect",/navsari/gandevi-road/farmhouses/,"Best Farmhouses in Gandevi Road, Navsari | Compare Near You - VenueConnect","Looking for farmhouses in Gandevi Road, Navsari? Browse verified listings with pricing, capacity & photos. Book the perfect venue near Gandevi Road on VenueConnect.","Best Farmhouses in Gandevi Road, Navsari",farmhouses in Gandevi Road Navsari,"farmhouses near Gandevi Road, farmhouses Gandevi Road Navsari, affordable farmhouses near Gandevi Road",Transactional (Hyper-local),High
Venue + City Area,"Party Plots in Gandevi Road, Navsari | VenueConnect",/navsari/gandevi-road/party-plots/,"Best Party Plots in Gandevi Road, Navsari | Compare Near You - VenueConnect","Looking for party plots in Gandevi Road, Navsari? Browse verified listings with pricing, capacity & photos. Book the perfect venue near Gandevi Road on VenueConnect.","Best Party Plots in Gandevi Road, Navsari",party plots in Gandevi Road Navsari,"party plots near Gandevi Road, party plots Gandevi Road Navsari, affordable party plots near Gandevi Road",Transactional (Hyper-local),High
Venue + City Area,"Banquet Halls in Jalalpore, Navsari | VenueConnect",/navsari/jalalpore/banquet-halls/,"Best Banquet Halls in Jalalpore, Navsari | Compare Near You - VenueConnect","Looking for banquet halls in Jalalpore, Navsari? Browse verified listings with pricing, capacity & photos. Book the perfect venue near Jalalpore on VenueConnect.","Best Banquet Halls in Jalalpore, Navsari",banquet halls in Jalalpore Navsari,"banquet halls near Jalalpore, banquet halls Jalalpore Navsari, affordable banquet halls near Jalalpore",Transactional (Hyper-local),High
Venue + City Area,"Farmhouses in Jalalpore, Navsari | VenueConnect",/navsari/jalalpore/farmhouses/,"Best Farmhouses in Jalalpore, Navsari | Compare Near You - VenueConnect","Looking for farmhouses in Jalalpore, Navsari? Browse verified listings with pricing, capacity & photos. Book the perfect venue near Jalalpore on VenueConnect.","Best Farmhouses in Jalalpore, Navsari",farmhouses in Jalalpore Navsari,"farmhouses near Jalalpore, farmhouses Jalalpore Navsari, affordable farmhouses near Jalalpore",Transactional (Hyper-local),High
Venue + City Area,"Party Plots in Jalalpore, Navsari | VenueConnect",/navsari/jalalpore/party-plots/,"Best Party Plots in Jalalpore, Navsari | Compare Near You - VenueConnect","Looking for party plots in Jalalpore, Navsari? Browse verified listings with pricing, capacity & photos. Book the perfect venue near Jalalpore on VenueConnect.","Best Party Plots in Jalalpore, Navsari",party plots in Jalalpore Navsari,"party plots near Jalalpore, party plots Jalalpore Navsari, affordable party plots near Jalalpore",Transactional (Hyper-local),High
Venue + City Area,"Banquet Halls in Navsari Agriculture University, Navsari | VenueConnect",/navsari/navsari-agriculture-university/banquet-halls/,"Best Banquet Halls in Navsari Agriculture University, Navsari | Compare Near You - VenueConnect","Looking for banquet halls in Navsari Agriculture University, Navsari? Browse verified listings with pricing, capacity & photos. Book the perfect venue near Navsari Agriculture University on VenueConnect.","Best Banquet Halls in Navsari Agriculture University, Navsari",banquet halls in Navsari Agriculture University Navsari,"banquet halls near Navsari Agriculture University, banquet halls Navsari Agriculture University Navsari, affordable banquet halls near Navsari Agriculture University",Transactional (Hyper-local),High
Venue + City Area,"Farmhouses in Navsari Agriculture University, Navsari | VenueConnect",/navsari/navsari-agriculture-university/farmhouses/,"Best Farmhouses in Navsari Agriculture University, Navsari | Compare Near You - VenueConnect","Looking for farmhouses in Navsari Agriculture University, Navsari? Browse verified listings with pricing, capacity & photos. Book the perfect venue near Navsari Agriculture University on VenueConnect.","Best Farmhouses in Navsari Agriculture University, Navsari",farmhouses in Navsari Agriculture University Navsari,"farmhouses near Navsari Agriculture University, farmhouses Navsari Agriculture University Navsari, affordable farmhouses near Navsari Agriculture University",Transactional (Hyper-local),High
Venue + City Area,"Party Plots in Navsari Agriculture University, Navsari | VenueConnect",/navsari/navsari-agriculture-university/party-plots/,"Best Party Plots in Navsari Agriculture University, Navsari | Compare Near You - VenueConnect","Looking for party plots in Navsari Agriculture University, Navsari? Browse verified listings with pricing, capacity & photos. Book the perfect venue near Navsari Agriculture University on VenueConnect.","Best Party Plots in Navsari Agriculture University, Navsari",party plots in Navsari Agriculture University Navsari,"party plots near Navsari Agriculture University, party plots Navsari Agriculture University Navsari, affordable party plots near Navsari Agriculture University",Transactional (Hyper-local),High
Venue + City Area,"Banquet Halls in Abrama, Navsari | VenueConnect",/navsari/abrama/banquet-halls/,"Best Banquet Halls in Abrama, Navsari | Compare Near You - VenueConnect","Looking for banquet halls in Abrama, Navsari? Browse verified listings with pricing, capacity & photos. Book the perfect venue near Abrama on VenueConnect.","Best Banquet Halls in Abrama, Navsari",banquet halls in Abrama Navsari,"banquet halls near Abrama, banquet halls Abrama Navsari, affordable banquet halls near Abrama",Transactional (Hyper-local),High
Venue + City Area,"Farmhouses in Abrama, Navsari | VenueConnect",/navsari/abrama/farmhouses/,"Best Farmhouses in Abrama, Navsari | Compare Near You - VenueConnect","Looking for farmhouses in Abrama, Navsari? Browse verified listings with pricing, capacity & photos. Book the perfect venue near Abrama on VenueConnect.","Best Farmhouses in Abrama, Navsari",farmhouses in Abrama Navsari,"farmhouses near Abrama, farmhouses Abrama Navsari, affordable farmhouses near Abrama",Transactional (Hyper-local),High
Venue + City Area,"Party Plots in Abrama, Navsari | VenueConnect",/navsari/abrama/party-plots/,"Best Party Plots in Abrama, Navsari | Compare Near You - VenueConnect","Looking for party plots in Abrama, Navsari? Browse verified listings with pricing, capacity & photos. Book the perfect venue near Abrama on VenueConnect.","Best Party Plots in Abrama, Navsari",party plots in Abrama Navsari,"party plots near Abrama, party plots Abrama Navsari, affordable party plots near Abrama",Transactional (Hyper-local),High
Venue + City Area,"Banquet Halls in Bahir Chowk, Navsari | VenueConnect",/navsari/bahir-chowk/banquet-halls/,"Best Banquet Halls in Bahir Chowk, Navsari | Compare Near You - VenueConnect","Looking for banquet halls in Bahir Chowk, Navsari? Browse verified listings with pricing, capacity & photos. Book the perfect venue near Bahir Chowk on VenueConnect.","Best Banquet Halls in Bahir Chowk, Navsari",banquet halls in Bahir Chowk Navsari,"banquet halls near Bahir Chowk, banquet halls Bahir Chowk Navsari, affordable banquet halls near Bahir Chowk",Transactional (Hyper-local),High
Venue + City Area,"Farmhouses in Bahir Chowk, Navsari | VenueConnect",/navsari/bahir-chowk/farmhouses/,"Best Farmhouses in Bahir Chowk, Navsari | Compare Near You - VenueConnect","Looking for farmhouses in Bahir Chowk, Navsari? Browse verified listings with pricing, capacity & photos. Book the perfect venue near Bahir Chowk on VenueConnect.","Best Farmhouses in Bahir Chowk, Navsari",farmhouses in Bahir Chowk Navsari,"farmhouses near Bahir Chowk, farmhouses Bahir Chowk Navsari, affordable farmhouses near Bahir Chowk",Transactional (Hyper-local),High
Venue + City Area,"Party Plots in Bahir Chowk, Navsari | VenueConnect",/navsari/bahir-chowk/party-plots/,"Best Party Plots in Bahir Chowk, Navsari | Compare Near You - VenueConnect","Looking for party plots in Bahir Chowk, Navsari? Browse verified listings with pricing, capacity & photos. Book the perfect venue near Bahir Chowk on VenueConnect.","Best Party Plots in Bahir Chowk, Navsari",party plots in Bahir Chowk Navsari,"party plots near Bahir Chowk, party plots Bahir Chowk Navsari, affordable party plots near Bahir Chowk",Transactional (Hyper-local),High
Venue + City Area,"Banquet Halls in Bai Veerbai Road, Navsari | VenueConnect",/navsari/bai-veerbai-road/banquet-halls/,"Best Banquet Halls in Bai Veerbai Road, Navsari | Compare Near You - VenueConnect","Looking for banquet halls in Bai Veerbai Road, Navsari? Browse verified listings with pricing, capacity & photos. Book the perfect venue near Bai Veerbai Road on VenueConnect.","Best Banquet Halls in Bai Veerbai Road, Navsari",banquet halls in Bai Veerbai Road Navsari,"banquet halls near Bai Veerbai Road, banquet halls Bai Veerbai Road Navsari, affordable banquet halls near Bai Veerbai Road",Transactional (Hyper-local),High
Venue + City Area,"Farmhouses in Bai Veerbai Road, Navsari | VenueConnect",/navsari/bai-veerbai-road/farmhouses/,"Best Farmhouses in Bai Veerbai Road, Navsari | Compare Near You - VenueConnect","Looking for farmhouses in Bai Veerbai Road, Navsari? Browse verified listings with pricing, capacity & photos. Book the perfect venue near Bai Veerbai Road on VenueConnect.","Best Farmhouses in Bai Veerbai Road, Navsari",farmhouses in Bai Veerbai Road Navsari,"farmhouses near Bai Veerbai Road, farmhouses Bai Veerbai Road Navsari, affordable farmhouses near Bai Veerbai Road",Transactional (Hyper-local),High
Venue + City Area,"Party Plots in Bai Veerbai Road, Navsari | VenueConnect",/navsari/bai-veerbai-road/party-plots/,"Best Party Plots in Bai Veerbai Road, Navsari | Compare Near You - VenueConnect","Looking for party plots in Bai Veerbai Road, Navsari? Browse verified listings with pricing, capacity & photos. Book the perfect venue near Bai Veerbai Road on VenueConnect.","Best Party Plots in Bai Veerbai Road, Navsari",party plots in Bai Veerbai Road Navsari,"party plots near Bai Veerbai Road, party plots Bai Veerbai Road Navsari, affordable party plots near Bai Veerbai Road",Transactional (Hyper-local),High
Venue + City Area,"Banquet Halls in Bilimora Road, Navsari | VenueConnect",/navsari/bilimora-road/banquet-halls/,"Best Banquet Halls in Bilimora Road, Navsari | Compare Near You - VenueConnect","Looking for banquet halls in Bilimora Road, Navsari? Browse verified listings with pricing, capacity & photos. Book the perfect venue near Bilimora Road on VenueConnect.","Best Banquet Halls in Bilimora Road, Navsari",banquet halls in Bilimora Road Navsari,"banquet halls near Bilimora Road, banquet halls Bilimora Road Navsari, affordable banquet halls near Bilimora Road",Transactional (Hyper-local),High
Venue + City Area,"Farmhouses in Bilimora Road, Navsari | VenueConnect",/navsari/bilimora-road/farmhouses/,"Best Farmhouses in Bilimora Road, Navsari | Compare Near You - VenueConnect","Looking for farmhouses in Bilimora Road, Navsari? Browse verified listings with pricing, capacity & photos. Book the perfect venue near Bilimora Road on VenueConnect.","Best Farmhouses in Bilimora Road, Navsari",farmhouses in Bilimora Road Navsari,"farmhouses near Bilimora Road, farmhouses Bilimora Road Navsari, affordable farmhouses near Bilimora Road",Transactional (Hyper-local),High
Venue + City Area,"Party Plots in Bilimora Road, Navsari | VenueConnect",/navsari/bilimora-road/party-plots/,"Best Party Plots in Bilimora Road, Navsari | Compare Near You - VenueConnect","Looking for party plots in Bilimora Road, Navsari? Browse verified listings with pricing, capacity & photos. Book the perfect venue near Bilimora Road on VenueConnect.","Best Party Plots in Bilimora Road, Navsari",party plots in Bilimora Road Navsari,"party plots near Bilimora Road, party plots Bilimora Road Navsari, affordable party plots near Bilimora Road",Transactional (Hyper-local),High
Venue + City Area,"Banquet Halls in Chikhli Road, Navsari | VenueConnect",/navsari/chikhli-road/banquet-halls/,"Best Banquet Halls in Chikhli Road, Navsari | Compare Near You - VenueConnect","Looking for banquet halls in Chikhli Road, Navsari? Browse verified listings with pricing, capacity & photos. Book the perfect venue near Chikhli Road on VenueConnect.","Best Banquet Halls in Chikhli Road, Navsari",banquet halls in Chikhli Road Navsari,"banquet halls near Chikhli Road, banquet halls Chikhli Road Navsari, affordable banquet halls near Chikhli Road",Transactional (Hyper-local),High
Venue + City Area,"Farmhouses in Chikhli Road, Navsari | VenueConnect",/navsari/chikhli-road/farmhouses/,"Best Farmhouses in Chikhli Road, Navsari | Compare Near You - VenueConnect","Looking for farmhouses in Chikhli Road, Navsari? Browse verified listings with pricing, capacity & photos. Book the perfect venue near Chikhli Road on VenueConnect.","Best Farmhouses in Chikhli Road, Navsari",farmhouses in Chikhli Road Navsari,"farmhouses near Chikhli Road, farmhouses Chikhli Road Navsari, affordable farmhouses near Chikhli Road",Transactional (Hyper-local),High
Venue + City Area,"Party Plots in Chikhli Road, Navsari | VenueConnect",/navsari/chikhli-road/party-plots/,"Best Party Plots in Chikhli Road, Navsari | Compare Near You - VenueConnect","Looking for party plots in Chikhli Road, Navsari? Browse verified listings with pricing, capacity & photos. Book the perfect venue near Chikhli Road on VenueConnect.","Best Party Plots in Chikhli Road, Navsari",party plots in Chikhli Road Navsari,"party plots near Chikhli Road, party plots Chikhli Road Navsari, affordable party plots near Chikhli Road",Transactional (Hyper-local),High
Venue + City Area,"Banquet Halls in Chovisi, Navsari | VenueConnect",/navsari/chovisi/banquet-halls/,"Best Banquet Halls in Chovisi, Navsari | Compare Near You - VenueConnect","Looking for banquet halls in Chovisi, Navsari? Browse verified listings with pricing, capacity & photos. Book the perfect venue near Chovisi on VenueConnect.","Best Banquet Halls in Chovisi, Navsari",banquet halls in Chovisi Navsari,"banquet halls near Chovisi, banquet halls Chovisi Navsari, affordable banquet halls near Chovisi",Transactional (Hyper-local),High
Venue + City Area,"Farmhouses in Chovisi, Navsari | VenueConnect",/navsari/chovisi/farmhouses/,"Best Farmhouses in Chovisi, Navsari | Compare Near You - VenueConnect","Looking for farmhouses in Chovisi, Navsari? Browse verified listings with pricing, capacity & photos. Book the perfect venue near Chovisi on VenueConnect.","Best Farmhouses in Chovisi, Navsari",farmhouses in Chovisi Navsari,"farmhouses near Chovisi, farmhouses Chovisi Navsari, affordable farmhouses near Chovisi",Transactional (Hyper-local),High
Venue + City Area,"Party Plots in Chovisi, Navsari | VenueConnect",/navsari/chovisi/party-plots/,"Best Party Plots in Chovisi, Navsari | Compare Near You - VenueConnect","Looking for party plots in Chovisi, Navsari? Browse verified listings with pricing, capacity & photos. Book the perfect venue near Chovisi on VenueConnect.","Best Party Plots in Chovisi, Navsari",party plots in Chovisi Navsari,"party plots near Chovisi, party plots Chovisi Navsari, affordable party plots near Chovisi",Transactional (Hyper-local),High
Venue + City Area,"Banquet Halls in Dabhel, Navsari | VenueConnect",/navsari/dabhel/banquet-halls/,"Best Banquet Halls in Dabhel, Navsari | Compare Near You - VenueConnect","Looking for banquet halls in Dabhel, Navsari? Browse verified listings with pricing, capacity & photos. Book the perfect venue near Dabhel on VenueConnect.","Best Banquet Halls in Dabhel, Navsari",banquet halls in Dabhel Navsari,"banquet halls near Dabhel, banquet halls Dabhel Navsari, affordable banquet halls near Dabhel",Transactional (Hyper-local),High
Venue + City Area,"Farmhouses in Dabhel, Navsari | VenueConnect",/navsari/dabhel/farmhouses/,"Best Farmhouses in Dabhel, Navsari | Compare Near You - VenueConnect","Looking for farmhouses in Dabhel, Navsari? Browse verified listings with pricing, capacity & photos. Book the perfect venue near Dabhel on VenueConnect.","Best Farmhouses in Dabhel, Navsari",farmhouses in Dabhel Navsari,"farmhouses near Dabhel, farmhouses Dabhel Navsari, affordable farmhouses near Dabhel",Transactional (Hyper-local),High
Venue + City Area,"Party Plots in Dabhel, Navsari | VenueConnect",/navsari/dabhel/party-plots/,"Best Party Plots in Dabhel, Navsari | Compare Near You - VenueConnect","Looking for party plots in Dabhel, Navsari? Browse verified listings with pricing, capacity & photos. Book the perfect venue near Dabhel on VenueConnect.","Best Party Plots in Dabhel, Navsari",party plots in Dabhel Navsari,"party plots near Dabhel, party plots Dabhel Navsari, affordable party plots near Dabhel",Transactional (Hyper-local),High
Venue + City Area,"Banquet Halls in Devsar, Navsari | VenueConnect",/navsari/devsar/banquet-halls/,"Best Banquet Halls in Devsar, Navsari | Compare Near You - VenueConnect","Looking for banquet halls in Devsar, Navsari? Browse verified listings with pricing, capacity & photos. Book the perfect venue near Devsar on VenueConnect.","Best Banquet Halls in Devsar, Navsari",banquet halls in Devsar Navsari,"banquet halls near Devsar, banquet halls Devsar Navsari, affordable banquet halls near Devsar",Transactional (Hyper-local),High
Venue + City Area,"Farmhouses in Devsar, Navsari | VenueConnect",/navsari/devsar/farmhouses/,"Best Farmhouses in Devsar, Navsari | Compare Near You - VenueConnect","Looking for farmhouses in Devsar, Navsari? Browse verified listings with pricing, capacity & photos. Book the perfect venue near Devsar on VenueConnect.","Best Farmhouses in Devsar, Navsari",farmhouses in Devsar Navsari,"farmhouses near Devsar, farmhouses Devsar Navsari, affordable farmhouses near Devsar",Transactional (Hyper-local),High
Venue + City Area,"Party Plots in Devsar, Navsari | VenueConnect",/navsari/devsar/party-plots/,"Best Party Plots in Devsar, Navsari | Compare Near You - VenueConnect","Looking for party plots in Devsar, Navsari? Browse verified listings with pricing, capacity & photos. Book the perfect venue near Devsar on VenueConnect.","Best Party Plots in Devsar, Navsari",party plots in Devsar Navsari,"party plots near Devsar, party plots Devsar Navsari, affordable party plots near Devsar",Transactional (Hyper-local),High
Venue + City Area,"Banquet Halls in Dungri, Navsari | VenueConnect",/navsari/dungri/banquet-halls/,"Best Banquet Halls in Dungri, Navsari | Compare Near You - VenueConnect","Looking for banquet halls in Dungri, Navsari? Browse verified listings with pricing, capacity & photos. Book the perfect venue near Dungri on VenueConnect.","Best Banquet Halls in Dungri, Navsari",banquet halls in Dungri Navsari,"banquet halls near Dungri, banquet halls Dungri Navsari, affordable banquet halls near Dungri",Transactional (Hyper-local),High
Venue + City Area,"Farmhouses in Dungri, Navsari | VenueConnect",/navsari/dungri/farmhouses/,"Best Farmhouses in Dungri, Navsari | Compare Near You - VenueConnect","Looking for farmhouses in Dungri, Navsari? Browse verified listings with pricing, capacity & photos. Book the perfect venue near Dungri on VenueConnect.","Best Farmhouses in Dungri, Navsari",farmhouses in Dungri Navsari,"farmhouses near Dungri, farmhouses Dungri Navsari, affordable farmhouses near Dungri",Transactional (Hyper-local),High
Venue + City Area,"Party Plots in Dungri, Navsari | VenueConnect",/navsari/dungri/party-plots/,"Best Party Plots in Dungri, Navsari | Compare Near You - VenueConnect","Looking for party plots in Dungri, Navsari? Browse verified listings with pricing, capacity & photos. Book the perfect venue near Dungri on VenueConnect.","Best Party Plots in Dungri, Navsari",party plots in Dungri Navsari,"party plots near Dungri, party plots Dungri Navsari, affordable party plots near Dungri",Transactional (Hyper-local),High
Venue + City Area,"Banquet Halls in Falia, Navsari | VenueConnect",/navsari/falia/banquet-halls/,"Best Banquet Halls in Falia, Navsari | Compare Near You - VenueConnect","Looking for banquet halls in Falia, Navsari? Browse verified listings with pricing, capacity & photos. Book the perfect venue near Falia on VenueConnect.","Best Banquet Halls in Falia, Navsari",banquet halls in Falia Navsari,"banquet halls near Falia, banquet halls Falia Navsari, affordable banquet halls near Falia",Transactional (Hyper-local),High
Venue + City Area,"Farmhouses in Falia, Navsari | VenueConnect",/navsari/falia/farmhouses/,"Best Farmhouses in Falia, Navsari | Compare Near You - VenueConnect","Looking for farmhouses in Falia, Navsari? Browse verified listings with pricing, capacity & photos. Book the perfect venue near Falia on VenueConnect.","Best Farmhouses in Falia, Navsari",farmhouses in Falia Navsari,"farmhouses near Falia, farmhouses Falia Navsari, affordable farmhouses near Falia",Transactional (Hyper-local),High
Venue + City Area,"Party Plots in Falia, Navsari | VenueConnect",/navsari/falia/party-plots/,"Best Party Plots in Falia, Navsari | Compare Near You - VenueConnect","Looking for party plots in Falia, Navsari? Browse verified listings with pricing, capacity & photos. Book the perfect venue near Falia on VenueConnect.","Best Party Plots in Falia, Navsari",party plots in Falia Navsari,"party plots near Falia, party plots Falia Navsari, affordable party plots near Falia",Transactional (Hyper-local),High
Venue + City Area,"Banquet Halls in Gamdi, Navsari | VenueConnect",/navsari/gamdi/banquet-halls/,"Best Banquet Halls in Gamdi, Navsari | Compare Near You - VenueConnect","Looking for banquet halls in Gamdi, Navsari? Browse verified listings with pricing, capacity & photos. Book the perfect venue near Gamdi on VenueConnect.","Best Banquet Halls in Gamdi, Navsari",banquet halls in Gamdi Navsari,"banquet halls near Gamdi, banquet halls Gamdi Navsari, affordable banquet halls near Gamdi",Transactional (Hyper-local),High
Venue + City Area,"Farmhouses in Gamdi, Navsari | VenueConnect",/navsari/gamdi/farmhouses/,"Best Farmhouses in Gamdi, Navsari | Compare Near You - VenueConnect","Looking for farmhouses in Gamdi, Navsari? Browse verified listings with pricing, capacity & photos. Book the perfect venue near Gamdi on VenueConnect.","Best Farmhouses in Gamdi, Navsari",farmhouses in Gamdi Navsari,"farmhouses near Gamdi, farmhouses Gamdi Navsari, affordable farmhouses near Gamdi",Transactional (Hyper-local),High
Venue + City Area,"Party Plots in Gamdi, Navsari | VenueConnect",/navsari/gamdi/party-plots/,"Best Party Plots in Gamdi, Navsari | Compare Near You - VenueConnect","Looking for party plots in Gamdi, Navsari? Browse verified listings with pricing, capacity & photos. Book the perfect venue near Gamdi on VenueConnect.","Best Party Plots in Gamdi, Navsari",party plots in Gamdi Navsari,"party plots near Gamdi, party plots Gamdi Navsari, affordable party plots near Gamdi",Transactional (Hyper-local),High
Venue + City Area,"Banquet Halls in Juna Navsari, Navsari | VenueConnect",/navsari/juna-navsari/banquet-halls/,"Best Banquet Halls in Juna Navsari, Navsari | Compare Near You - VenueConnect","Looking for banquet halls in Juna Navsari, Navsari? Browse verified listings with pricing, capacity & photos. Book the perfect venue near Juna Navsari on VenueConnect.","Best Banquet Halls in Juna Navsari, Navsari",banquet halls in Juna Navsari Navsari,"banquet halls near Juna Navsari, banquet halls Juna Navsari Navsari, affordable banquet halls near Juna Navsari",Transactional (Hyper-local),High
Venue + City Area,"Farmhouses in Juna Navsari, Navsari | VenueConnect",/navsari/juna-navsari/farmhouses/,"Best Farmhouses in Juna Navsari, Navsari | Compare Near You - VenueConnect","Looking for farmhouses in Juna Navsari, Navsari? Browse verified listings with pricing, capacity & photos. Book the perfect venue near Juna Navsari on VenueConnect.","Best Farmhouses in Juna Navsari, Navsari",farmhouses in Juna Navsari Navsari,"farmhouses near Juna Navsari, farmhouses Juna Navsari Navsari, affordable farmhouses near Juna Navsari",Transactional (Hyper-local),High
Venue + City Area,"Party Plots in Juna Navsari, Navsari | VenueConnect",/navsari/juna-navsari/party-plots/,"Best Party Plots in Juna Navsari, Navsari | Compare Near You - VenueConnect","Looking for party plots in Juna Navsari, Navsari? Browse verified listings with pricing, capacity & photos. Book the perfect venue near Juna Navsari on VenueConnect.","Best Party Plots in Juna Navsari, Navsari",party plots in Juna Navsari Navsari,"party plots near Juna Navsari, party plots Juna Navsari Navsari, affordable party plots near Juna Navsari",Transactional (Hyper-local),High
Venue + City Area,"Banquet Halls in Khergam Road, Navsari | VenueConnect",/navsari/khergam-road/banquet-halls/,"Best Banquet Halls in Khergam Road, Navsari | Compare Near You - VenueConnect","Looking for banquet halls in Khergam Road, Navsari? Browse verified listings with pricing, capacity & photos. Book the perfect venue near Khergam Road on VenueConnect.","Best Banquet Halls in Khergam Road, Navsari",banquet halls in Khergam Road Navsari,"banquet halls near Khergam Road, banquet halls Khergam Road Navsari, affordable banquet halls near Khergam Road",Transactional (Hyper-local),High
Venue + City Area,"Farmhouses in Khergam Road, Navsari | VenueConnect",/navsari/khergam-road/farmhouses/,"Best Farmhouses in Khergam Road, Navsari | Compare Near You - VenueConnect","Looking for farmhouses in Khergam Road, Navsari? Browse verified listings with pricing, capacity & photos. Book the perfect venue near Khergam Road on VenueConnect.","Best Farmhouses in Khergam Road, Navsari",farmhouses in Khergam Road Navsari,"farmhouses near Khergam Road, farmhouses Khergam Road Navsari, affordable farmhouses near Khergam Road",Transactional (Hyper-local),High
Venue + City Area,"Party Plots in Khergam Road, Navsari | VenueConnect",/navsari/khergam-road/party-plots/,"Best Party Plots in Khergam Road, Navsari | Compare Near You - VenueConnect","Looking for party plots in Khergam Road, Navsari? Browse verified listings with pricing, capacity & photos. Book the perfect venue near Khergam Road on VenueConnect.","Best Party Plots in Khergam Road, Navsari",party plots in Khergam Road Navsari,"party plots near Khergam Road, party plots Khergam Road Navsari, affordable party plots near Khergam Road",Transactional (Hyper-local),High
Venue + City Area,"Banquet Halls in Marod, Navsari | VenueConnect",/navsari/marod/banquet-halls/,"Best Banquet Halls in Marod, Navsari | Compare Near You - VenueConnect","Looking for banquet halls in Marod, Navsari? Browse verified listings with pricing, capacity & photos. Book the perfect venue near Marod on VenueConnect.","Best Banquet Halls in Marod, Navsari",banquet halls in Marod Navsari,"banquet halls near Marod, banquet halls Marod Navsari, affordable banquet halls near Marod",Transactional (Hyper-local),High
Venue + City Area,"Farmhouses in Marod, Navsari | VenueConnect",/navsari/marod/farmhouses/,"Best Farmhouses in Marod, Navsari | Compare Near You - VenueConnect","Looking for farmhouses in Marod, Navsari? Browse verified listings with pricing, capacity & photos. Book the perfect venue near Marod on VenueConnect.","Best Farmhouses in Marod, Navsari",farmhouses in Marod Navsari,"farmhouses near Marod, farmhouses Marod Navsari, affordable farmhouses near Marod",Transactional (Hyper-local),High
Venue + City Area,"Party Plots in Marod, Navsari | VenueConnect",/navsari/marod/party-plots/,"Best Party Plots in Marod, Navsari | Compare Near You - VenueConnect","Looking for party plots in Marod, Navsari? Browse verified listings with pricing, capacity & photos. Book the perfect venue near Marod on VenueConnect.","Best Party Plots in Marod, Navsari",party plots in Marod Navsari,"party plots near Marod, party plots Marod Navsari, affordable party plots near Marod",Transactional (Hyper-local),High
Venue + City Area,"Banquet Halls in Navsari Court Area, Navsari | VenueConnect",/navsari/navsari-court-area/banquet-halls/,"Best Banquet Halls in Navsari Court Area, Navsari | Compare Near You - VenueConnect","Looking for banquet halls in Navsari Court Area, Navsari? Browse verified listings with pricing, capacity & photos. Book the perfect venue near Navsari Court Area on VenueConnect.","Best Banquet Halls in Navsari Court Area, Navsari",banquet halls in Navsari Court Area Navsari,"banquet halls near Navsari Court Area, banquet halls Navsari Court Area Navsari, affordable banquet halls near Navsari Court Area",Transactional (Hyper-local),High
Venue + City Area,"Farmhouses in Navsari Court Area, Navsari | VenueConnect",/navsari/navsari-court-area/farmhouses/,"Best Farmhouses in Navsari Court Area, Navsari | Compare Near You - VenueConnect","Looking for farmhouses in Navsari Court Area, Navsari? Browse verified listings with pricing, capacity & photos. Book the perfect venue near Navsari Court Area on VenueConnect.","Best Farmhouses in Navsari Court Area, Navsari",farmhouses in Navsari Court Area Navsari,"farmhouses near Navsari Court Area, farmhouses Navsari Court Area Navsari, affordable farmhouses near Navsari Court Area",Transactional (Hyper-local),High
Venue + City Area,"Party Plots in Navsari Court Area, Navsari | VenueConnect",/navsari/navsari-court-area/party-plots/,"Best Party Plots in Navsari Court Area, Navsari | Compare Near You - VenueConnect","Looking for party plots in Navsari Court Area, Navsari? Browse verified listings with pricing, capacity & photos. Book the perfect venue near Navsari Court Area on VenueConnect.","Best Party Plots in Navsari Court Area, Navsari",party plots in Navsari Court Area Navsari,"party plots near Navsari Court Area, party plots Navsari Court Area Navsari, affordable party plots near Navsari Court Area",Transactional (Hyper-local),High
Venue + City Area,"Banquet Halls in Punagam, Navsari | VenueConnect",/navsari/punagam/banquet-halls/,"Best Banquet Halls in Punagam, Navsari | Compare Near You - VenueConnect","Looking for banquet halls in Punagam, Navsari? Browse verified listings with pricing, capacity & photos. Book the perfect venue near Punagam on VenueConnect.","Best Banquet Halls in Punagam, Navsari",banquet halls in Punagam Navsari,"banquet halls near Punagam, banquet halls Punagam Navsari, affordable banquet halls near Punagam",Transactional (Hyper-local),High
Venue + City Area,"Farmhouses in Punagam, Navsari | VenueConnect",/navsari/punagam/farmhouses/,"Best Farmhouses in Punagam, Navsari | Compare Near You - VenueConnect","Looking for farmhouses in Punagam, Navsari? Browse verified listings with pricing, capacity & photos. Book the perfect venue near Punagam on VenueConnect.","Best Farmhouses in Punagam, Navsari",farmhouses in Punagam Navsari,"farmhouses near Punagam, farmhouses Punagam Navsari, affordable farmhouses near Punagam",Transactional (Hyper-local),High
Venue + City Area,"Party Plots in Punagam, Navsari | VenueConnect",/navsari/punagam/party-plots/,"Best Party Plots in Punagam, Navsari | Compare Near You - VenueConnect","Looking for party plots in Punagam, Navsari? Browse verified listings with pricing, capacity & photos. Book the perfect venue near Punagam on VenueConnect.","Best Party Plots in Punagam, Navsari",party plots in Punagam Navsari,"party plots near Punagam, party plots Punagam Navsari, affordable party plots near Punagam",Transactional (Hyper-local),High
Venue + City Area,"Banquet Halls in Sayaji Road, Navsari | VenueConnect",/navsari/sayaji-road/banquet-halls/,"Best Banquet Halls in Sayaji Road, Navsari | Compare Near You - VenueConnect","Looking for banquet halls in Sayaji Road, Navsari? Browse verified listings with pricing, capacity & photos. Book the perfect venue near Sayaji Road on VenueConnect.","Best Banquet Halls in Sayaji Road, Navsari",banquet halls in Sayaji Road Navsari,"banquet halls near Sayaji Road, banquet halls Sayaji Road Navsari, affordable banquet halls near Sayaji Road",Transactional (Hyper-local),High
Venue + City Area,"Farmhouses in Sayaji Road, Navsari | VenueConnect",/navsari/sayaji-road/farmhouses/,"Best Farmhouses in Sayaji Road, Navsari | Compare Near You - VenueConnect","Looking for farmhouses in Sayaji Road, Navsari? Browse verified listings with pricing, capacity & photos. Book the perfect venue near Sayaji Road on VenueConnect.","Best Farmhouses in Sayaji Road, Navsari",farmhouses in Sayaji Road Navsari,"farmhouses near Sayaji Road, farmhouses Sayaji Road Navsari, affordable farmhouses near Sayaji Road",Transactional (Hyper-local),High
Venue + City Area,"Party Plots in Sayaji Road, Navsari | VenueConnect",/navsari/sayaji-road/party-plots/,"Best Party Plots in Sayaji Road, Navsari | Compare Near You - VenueConnect","Looking for party plots in Sayaji Road, Navsari? Browse verified listings with pricing, capacity & photos. Book the perfect venue near Sayaji Road on VenueConnect.","Best Party Plots in Sayaji Road, Navsari",party plots in Sayaji Road Navsari,"party plots near Sayaji Road, party plots Sayaji Road Navsari, affordable party plots near Sayaji Road",Transactional (Hyper-local),High
Venue + City Area,"Banquet Halls in Sion, Navsari | VenueConnect",/navsari/sion/banquet-halls/,"Best Banquet Halls in Sion, Navsari | Compare Near You - VenueConnect","Looking for banquet halls in Sion, Navsari? Browse verified listings with pricing, capacity & photos. Book the perfect venue near Sion on VenueConnect.","Best Banquet Halls in Sion, Navsari",banquet halls in Sion Navsari,"banquet halls near Sion, banquet halls Sion Navsari, affordable banquet halls near Sion",Transactional (Hyper-local),High
Venue + City Area,"Farmhouses in Sion, Navsari | VenueConnect",/navsari/sion/farmhouses/,"Best Farmhouses in Sion, Navsari | Compare Near You - VenueConnect","Looking for farmhouses in Sion, Navsari? Browse verified listings with pricing, capacity & photos. Book the perfect venue near Sion on VenueConnect.","Best Farmhouses in Sion, Navsari",farmhouses in Sion Navsari,"farmhouses near Sion, farmhouses Sion Navsari, affordable farmhouses near Sion",Transactional (Hyper-local),High
Venue + City Area,"Party Plots in Sion, Navsari | VenueConnect",/navsari/sion/party-plots/,"Best Party Plots in Sion, Navsari | Compare Near You - VenueConnect","Looking for party plots in Sion, Navsari? Browse verified listings with pricing, capacity & photos. Book the perfect venue near Sion on VenueConnect.","Best Party Plots in Sion, Navsari",party plots in Sion Navsari,"party plots near Sion, party plots Sion Navsari, affordable party plots near Sion",Transactional (Hyper-local),High
Venue + City Area,"Banquet Halls in Vansda Road, Navsari | VenueConnect",/navsari/vansda-road/banquet-halls/,"Best Banquet Halls in Vansda Road, Navsari | Compare Near You - VenueConnect","Looking for banquet halls in Vansda Road, Navsari? Browse verified listings with pricing, capacity & photos. Book the perfect venue near Vansda Road on VenueConnect.","Best Banquet Halls in Vansda Road, Navsari",banquet halls in Vansda Road Navsari,"banquet halls near Vansda Road, banquet halls Vansda Road Navsari, affordable banquet halls near Vansda Road",Transactional (Hyper-local),High
Venue + City Area,"Farmhouses in Vansda Road, Navsari | VenueConnect",/navsari/vansda-road/farmhouses/,"Best Farmhouses in Vansda Road, Navsari | Compare Near You - VenueConnect","Looking for farmhouses in Vansda Road, Navsari? Browse verified listings with pricing, capacity & photos. Book the perfect venue near Vansda Road on VenueConnect.","Best Farmhouses in Vansda Road, Navsari",farmhouses in Vansda Road Navsari,"farmhouses near Vansda Road, farmhouses Vansda Road Navsari, affordable farmhouses near Vansda Road",Transactional (Hyper-local),High
Venue + City Area,"Party Plots in Vansda Road, Navsari | VenueConnect",/navsari/vansda-road/party-plots/,"Best Party Plots in Vansda Road, Navsari | Compare Near You - VenueConnect","Looking for party plots in Vansda Road, Navsari? Browse verified listings with pricing, capacity & photos. Book the perfect venue near Vansda Road on VenueConnect.","Best Party Plots in Vansda Road, Navsari",party plots in Vansda Road Navsari,"party plots near Vansda Road, party plots Vansda Road Navsari, affordable party plots near Vansda Road",Transactional (Hyper-local),High
Venue + City Area,"Banquet Halls in Vejalpore, Navsari | VenueConnect",/navsari/vejalpore/banquet-halls/,"Best Banquet Halls in Vejalpore, Navsari | Compare Near You - VenueConnect","Looking for banquet halls in Vejalpore, Navsari? Browse verified listings with pricing, capacity & photos. Book the perfect venue near Vejalpore on VenueConnect.","Best Banquet Halls in Vejalpore, Navsari",banquet halls in Vejalpore Navsari,"banquet halls near Vejalpore, banquet halls Vejalpore Navsari, affordable banquet halls near Vejalpore",Transactional (Hyper-local),High
Venue + City Area,"Farmhouses in Vejalpore, Navsari | VenueConnect",/navsari/vejalpore/farmhouses/,"Best Farmhouses in Vejalpore, Navsari | Compare Near You - VenueConnect","Looking for farmhouses in Vejalpore, Navsari? Browse verified listings with pricing, capacity & photos. Book the perfect venue near Vejalpore on VenueConnect.","Best Farmhouses in Vejalpore, Navsari",farmhouses in Vejalpore Navsari,"farmhouses near Vejalpore, farmhouses Vejalpore Navsari, affordable farmhouses near Vejalpore",Transactional (Hyper-local),High
Venue + City Area,"Party Plots in Vejalpore, Navsari | VenueConnect",/navsari/vejalpore/party-plots/,"Best Party Plots in Vejalpore, Navsari | Compare Near You - VenueConnect","Looking for party plots in Vejalpore, Navsari? Browse verified listings with pricing, capacity & photos. Book the perfect venue near Vejalpore on VenueConnect.","Best Party Plots in Vejalpore, Navsari",party plots in Vejalpore Navsari,"party plots near Vejalpore, party plots Vejalpore Navsari, affordable party plots near Vejalpore",Transactional (Hyper-local),High
Venue + City Area,"Banquet Halls in Waghwadi, Navsari | VenueConnect",/navsari/waghwadi/banquet-halls/,"Best Banquet Halls in Waghwadi, Navsari | Compare Near You - VenueConnect","Looking for banquet halls in Waghwadi, Navsari? Browse verified listings with pricing, capacity & photos. Book the perfect venue near Waghwadi on VenueConnect.","Best Banquet Halls in Waghwadi, Navsari",banquet halls in Waghwadi Navsari,"banquet halls near Waghwadi, banquet halls Waghwadi Navsari, affordable banquet halls near Waghwadi",Transactional (Hyper-local),High
Venue + City Area,"Farmhouses in Waghwadi, Navsari | VenueConnect",/navsari/waghwadi/farmhouses/,"Best Farmhouses in Waghwadi, Navsari | Compare Near You - VenueConnect","Looking for farmhouses in Waghwadi, Navsari? Browse verified listings with pricing, capacity & photos. Book the perfect venue near Waghwadi on VenueConnect.","Best Farmhouses in Waghwadi, Navsari",farmhouses in Waghwadi Navsari,"farmhouses near Waghwadi, farmhouses Waghwadi Navsari, affordable farmhouses near Waghwadi",Transactional (Hyper-local),High
Venue + City Area,"Party Plots in Waghwadi, Navsari | VenueConnect",/navsari/waghwadi/party-plots/,"Best Party Plots in Waghwadi, Navsari | Compare Near You - VenueConnect","Looking for party plots in Waghwadi, Navsari? Browse verified listings with pricing, capacity & photos. Book the perfect venue near Waghwadi on VenueConnect.","Best Party Plots in Waghwadi, Navsari",party plots in Waghwadi Navsari,"party plots near Waghwadi, party plots Waghwadi Navsari, affordable party plots near Waghwadi",Transactional (Hyper-local),High
,,,,,,,,,
,,,,,,,,,
,,,,,,,,,
,,,,,,,,,
,,,,,,,,,
,,,,,,,,,
,,,,,,,,,
,,,,,,,,,
,,,,,,,,,
,,,,,,,,,
,,,,,,,,,
,,,,,,,,,
,,,,,,,,,
,,,,,,,,,
,,,,,,,,,
,,,,,,,,,
,,,,,,,,,
,,,,,,,,,
,,,,,,,,,
,,,,,,,,,
,,,,,,,,,
,,,,,,,,,
,,,,,,,,,
,,,,,,,,,
,,,,,,,,,
,,,,,,,,,
,,,,,,,,,
,,,,,,,,,
,,,,,,,,,
,,,,,,,,,
,,,,,,,,,
,,,,,,,,,
,,,,,,,,,
,,,,,,,,,
,,,,,,,,,
,,,,,,,,,
,,,,,,,,,
,,,,,,,,,
,,,,,,,,,
,,,,,,,,,
,,,,,,,,,
,,,,,,,,,
,,,,,,,,,
,,,,,,,,,
,,,,,,,,,
,,,,,,,,,
,,,,,,,,,
,,,,,,,,,
,,,,,,,,,
,,,,,,,,,
,,,,,,,,,
,,,,,,,,,
,,,,,,,,,
,,,,,,,,,
,,,,,,,,,
,,,,,,,,,
,,,,,,,,,
,,,,,,,,,
,,,,,,,,,
,,,,,,,,,
,,,,,,,,,
,,,,,,,,,
,,,,,,,,,
,,,,,,,,,
,,,,,,,,,
,,,,,,,,,
,,,,,,,,,
,,,,,,,,,
,,,,,,,,,
,,,,,,,,,
,,,,,,,,,
,,,,,,,,,
,,,,,,,,,
,,,,,,,,,
,,,,,,,,,
,,,,,,,,,
,,,,,,,,,
,,,,,,,,,
,,,,,,,,,
,,,,,,,,,
,,,,,,,,,
,,,,,,,,,
,,,,,,,,,
,,,,,,,,,
,,,,,,,,,
,,,,,,,,,
,,,,,,,,,
,,,,,,,,,
,,,,,,,,,
,,,,,,,,,
,,,,,,,,,
,,,,,,,,,
,,,,,,,,,
,,,,,,,,,
,,,,,,,,,
,,,,,,,,,
,,,,,,,,,
,,,,,,,,,
,,,,,,,,,
,,,,,,,,,
,,,,,,,,,
,,,,,,,,,
,,,,,,,,,
,,,,,,,,,
,,,,,,,,,
,,,,,,,,,
,,,,,,,,,
,,,,,,,,,
,,,,,,,,,
,,,,,,,,,
,,,,,,,,,
,,,,,,,,,
,,,,,,,,,
,,,,,,,,,
,,,,,,,,,
,,,,,,,,,
,,,,,,,,,
,,,,,,,,,
,,,,,,,,,
,,,,,,,,,
,,,,,,,,,
,,,,,,,,,
,,,,,,,,,
,,,,,,,,,
,,,,,,,,,
,,,,,,,,,
,,,,,,,,,
,,,,,,,,,
,,,,,,,,,
,,,,,,,,,
,,,,,,,,,
,,,,,,,,,
,,,,,,,,,
,,,,,,,,,
,,,,,,,,,
,,,,,,,,,
,,,,,,,,,
,,,,,,,,,
,,,,,,,,,
,,,,,,,,,
,,,,,,,,,
,,,,,,,,,
,,,,,,,,,
,,,,,,,,,
,,,,,,,,,
,,,,,,,,,
,,,,,,,,,
,,,,,,,,,
,,,,,,,,,
,,,,,,,,,
,,,,,,,,,
,,,,,,,,,
,,,,,,,,,
,,,,,,,,,
,,,,,,,,,
,,,,,,,,,
,,,,,,,,,
,,,,,,,,,
,,,,,,,,,
,,,,,,,,,
,,,,,,,,,
,,,,,,,,,
,,,,,,,,,
,,,,,,,,,
,,,,,,,,,
,,,,,,,,,
,,,,,,,,,
,,,,,,,,,
,,,,,,,,,
,,,,,,,,,
,,,,,,,,,
,,,,,,,,,
,,,,,,,,,
,,,,,,,,,
,,,,,,,,,
,,,,,,,,,
,,,,,,,,,
,,,,,,,,,
,,,,,,,,,
,,,,,,,,,
,,,,,,,,,
,,,,,,,,,
,,,,,,,,,
,,,,,,,,,
,,,,,,,,,
,,,,,,,,,
,,,,,,,,,
,,,,,,,,,
,,,,,,,,,
,,,,,,,,,
,,,,,,,,,
,,,,,,,,,
,,,,,,,,,
,,,,,,,,,
,,,,,,,,,
,,,,,,,,,
,,,,,,,,,
,,,,,,,,,
,,,,,,,,,
,,,,,,,,,
,,,,,,,,,
,,,,,,,,,
,,,,,,,,,
,,,,,,,,,
,,,,,,,,,
,,,,,,,,,
,,,,,,,,,
,,,,,,,,,
,,,,,,,,,
,,,,,,,,,
,,,,,,,,,
,,,,,,,,,
,,,,,,,,,
,,,,,,,,,
,,,,,,,,,
,,,,,,,,,
,,,,,,,,,
,,,,,,,,,
,,,,,,,,,
,,,,,,,,,
,,,,,,,,,
,,,,,,,,,
,,,,,,,,,
,,,,,,,,,
,,,,,,,,,
,,,,,,,,,
,,,,,,,,,
,,,,,,,,,
,,,,,,,,,
,,,,,,,,,
,,,,,,,,,
,,,,,,,,,
,,,,,,,,,
,,,,,,,,,
,,,,,,,,,
,,,,,,,,,
,,,,,,,,,
,,,,,,,,,
,,,,,,,,,
,,,,,,,,,
,,,,,,,,,
,,,,,,,,,
,,,,,,,,,
,,,,,,,,,
,,,,,,,,,
,,,,,,,,,
,,,,,,,,,
,,,,,,,,,
,,,,,,,,,
,,,,,,,,,
,,,,,,,,,
,,,,,,,,,
,,,,,,,,,
,,,,,,,,,
,,,,,,,,,
,,,,,,,,,
,,,,,,,,,
,,,,,,,,,
,,,,,,,,,
,,,,,,,,,
,,,,,,,,,
,,,,,,,,,
,,,,,,,,,
,,,,,,,,,
,,,,,,,,,
,,,,,,,,,
,,,,,,,,,
,,,,,,,,,
,,,,,,,,,
,,,,,,,,,
,,,,,,,,,
,,,,,,,,,
,,,,,,,,,
,,,,,,,,,
,,,,,,,,,
,,,,,,,,,
,,,,,,,,,
,,,,,,,,,
,,,,,,,,,
,,,,,,,,,
,,,,,,,,,
,,,,,,,,,
,,,,,,,,,
,,,,,,,,,
,,,,,,,,,
,,,,,,,,,
,,,,,,,,,
,,,,,,,,,
,,,,,,,,,
,,,,,,,,,
,,,,,,,,,
,,,,,,,,,
,,,,,,,,,
,,,,,,,,,
,,,,,,,,,
,,,,,,,,,
,,,,,,,,,
,,,,,,,,,
,,,,,,,,,
,,,,,,,,,
,,,,,,,,,
,,,,,,,,,
,,,,,,,,,
,,,,,,,,,
,,,,,,,,,
,,,,,,,,,
,,,,,,,,,
,,,,,,,,,
,,,,,,,,,
,,,,,,,,,
,,,,,,,,,
,,,,,,,,,
,,,,,,,,,
,,,,,,,,,
,,,,,,,,,
,,,,,,,,,
,,,,,,,,,
,,,,,,,,,
,,,,,,,,,
,,,,,,,,,
,,,,,,,,,
,,,,,,,,,
,,,,,,,,,
,,,,,,,,,
,,,,,,,,,
,,,,,,,,,
,,,,,,,,,
,,,,,,,,,
,,,,,,,,,
,,,,,,,,,
,,,,,,,,,
,,,,,,,,,
,,,,,,,,,
,,,,,,,,,
,,,,,,,,,
,,,,,,,,,
,,,,,,,,,
,,,,,,,,,
,,,,,,,,,
,,,,,,,,,
,,,,,,,,,
,,,,,,,,,
,,,,,,,,,
,,,,,,,,,
,,,,,,,,,
,,,,,,,,,
,,,,,,,,,
,,,,,,,,,
,,,,,,,,,
,,,,,,,,,
,,,,,,,,,
,,,,,,,,,
,,,,,,,,,
,,,,,,,,,
,,,,,,,,,
,,,,,,,,,
,,,,,,,,,
,,,,,,,,,
,,,,,,,,,
,,,,,,,,,
,,,,,,,,,
,,,,,,,,,
,,,,,,,,,
,,,,,,,,,
,,,,,,,,,
,,,,,,,,,
,,,,,,,,,
,,,,,,,,,
,,,,,,,,,
,,,,,,,,,
,,,,,,,,,
,,,,,,,,,
,,,,,,,,,
,,,,,,,,,
,,,,,,,,,
,,,,,,,,,
,,,,,,,,,
,,,,,,,,,
,,,,,,,,,
,,,,,,,,,
,,,,,,,,,
,,,,,,,,,
,,,,,,,,,
,,,,,,,,,
,,,,,,,,,
,,,,,,,,,
,,,,,,,,,
,,,,,,,,,
,,,,,,,,,
,,,,,,,,,
,,,,,,,,,
,,,,,,,,,
,,,,,,,,,
,,,,,,,,,
,,,,,,,,,
,,,,,,,,,
,,,,,,,,,
,,,,,,,,,
,,,,,,,,,
,,,,,,,,,
,,,,,,,,,
,,,,,,,,,
,,,,,,,,,
,,,,,,,,,
,,,,,,,,,
,,,,,,,,,
,,,,,,,,,
,,,,,,,,,
,,,,,,,,,
,,,,,,,,,
,,,,,,,,,
,,,,,,,,,
,,,,,,,,,
,,,,,,,,,
,,,,,,,,,
,,,,,,,,,
,,,,,,,,,
,,,,,,,,,
,,,,,,,,,
,,,,,,,,,
,,,,,,,,,
,,,,,,,,,
,,,,,,,,,
,,,,,,,,,
,,,,,,,,,
,,,,,,,,,
,,,,,,,,,
,,,,,,,,,
,,,,,,,,,
,,,,,,,,,
,,,,,,,,,
,,,,,,,,,
,,,,,,,,,
,,,,,,,,,
,,,,,,,,,
,,,,,,,,,
,,,,,,,,,
,,,,,,,,,
,,,,,,,,,
,,,,,,,,,
,,,,,,,,,
,,,,,,,,,
,,,,,,,,,
,,,,,,,,,
,,,,,,,,,
,,,,,,,,,
,,,,,,,,,
,,,,,,,,,
,,,,,,,,,
,,,,,,,,,
,,,,,,,,,
,,,,,,,,,
,,,,,,,,,
,,,,,,,,,
,,,,,,,,,
,,,,,,,,,
,,,,,,,,,
,,,,,,,,,
,,,,,,,,,
,,,,,,,,,
,,,,,,,,,
,,,,,,,,,
,,,,,,,,,
,,,,,,,,,
,,,,,,,,,
,,,,,,,,,
,,,,,,,,,
,,,,,,,,,
,,,,,,,,,
,,,,,,,,,
,,,,,,,,,
,,,,,,,,,
,,,,,,,,,
,,,,,,,,,
,,,,,,,,,
,,,,,,,,,
,,,,,,,,,
,,,,,,,,,
,,,,,,,,,
,,,,,,,,,
,,,,,,,,,
,,,,,,,,,
,,,,,,,,,
,,,,,,,,,
,,,,,,,,,
,,,,,,,,,
,,,,,,,,,
,,,,,,,,,
,,,,,,,,,
,,,,,,,,,
,,,,,,,,,
,,,,,,,,,
,,,,,,,,,
,,,,,,,,,
,,,,,,,,,
,,,,,,,,,
,,,,,,,,,
,,,,,,,,,
,,,,,,,,,
,,,,,,,,,
,,,,,,,,,
,,,,,,,,,
,,,,,,,,,
,,,,,,,,,
,,,,,,,,,
,,,,,,,,,
,,,,,,,,,
,,,,,,,,,
,,,,,,,,,
,,,,,,,,,
,,,,,,,,,
,,,,,,,,,
,,,,,,,,,
,,,,,,,,,
,,,,,,,,,
,,,,,,,,,
,,,,,,,,,
,,,,,,,,,
,,,,,,,,,
,,,,,,,,,
,,,,,,,,,
,,,,,,,,,
,,,,,,,,,
,,,,,,,,,
,,,,,,,,,
,,,,,,,,,
,,,,,,,,,
,,,,,,,,,
,,,,,,,,,
,,,,,,,,,
,,,,,,,,,
,,,,,,,,,
,,,,,,,,,
,,,,,,,,,
,,,,,,,,,
,,,,,,,,,
,,,,,,,,,
,,,,,,,,,
,,,,,,,,,
,,,,,,,,,
,,,,,,,,,
,,,,,,,,,
,,,,,,,,,
,,,,,,,,,
,,,,,,,,,
,,,,,,,,,
,,,,,,,,,
,,,,,,,,,
,,,,,,,,,
,,,,,,,,,
