VenueConnect — SEO Pages: Palanpur,,,,,,,,,
  EVENT + CITY PAGES,,,,,,,,,
Page Type,Page Title,URL Slug,Meta Title,Meta Description,H1 Tag,Target Keyword,Secondary Keywords,Search Intent,Priority
Event + City,Wedding Venues in Palanpur | VenueConnect,/palanpur/wedding-venues/,Best Wedding Venues in Palanpur | Book & Compare Prices - VenueConnect,"Find the best wedding venues in Palanpur. Compare wedding halls, banquet spaces & party plots. Get free quotes & instant leads. Browse 100+ options on VenueConnect.",Best Wedding Venues in Palanpur,wedding venues in Palanpur,"wedding hall Palanpur, wedding venue booking Palanpur, best wedding venue Palanpur, wedding party venue Palanpur",Navigational / Transactional,High
Event + City,Birthday Party Venues in Palanpur | VenueConnect,/palanpur/birthday-party-venues/,Best Birthday Party Venues in Palanpur | Book & Compare Prices - VenueConnect,"Find the best birthday party venues in Palanpur. Compare birthday party halls, banquet spaces & party plots. Get free quotes & instant leads. Browse 100+ options on VenueConnect.",Best Birthday Party Venues in Palanpur,birthday party venues in Palanpur,"birthday party hall Palanpur, birthday party venue booking Palanpur, best birthday party venue Palanpur, birthday party party venue Palanpur",Navigational / Transactional,High
Event + City,Engagement Venues in Palanpur | VenueConnect,/palanpur/engagement-venues/,Best Engagement Venues in Palanpur | Book & Compare Prices - VenueConnect,"Find the best engagement venues in Palanpur. Compare engagement halls, banquet spaces & party plots. Get free quotes & instant leads. Browse 100+ options on VenueConnect.",Best Engagement Venues in Palanpur,engagement venues in Palanpur,"engagement hall Palanpur, engagement venue booking Palanpur, best engagement venue Palanpur, engagement party venue Palanpur",Navigational / Transactional,High
Event + City,Corporate Event Venues in Palanpur | VenueConnect,/palanpur/corporate-event-venues/,Best Corporate Event Venues in Palanpur | Book & Compare Prices - VenueConnect,"Find the best corporate event venues in Palanpur. Compare corporate event halls, banquet spaces & party plots. Get free quotes & instant leads. Browse 100+ options on VenueConnect.",Best Corporate Event Venues in Palanpur,corporate event venues in Palanpur,"corporate event hall Palanpur, corporate event venue booking Palanpur, best corporate event venue Palanpur, corporate event party venue Palanpur",Navigational / Transactional,High
Event + City,Reception Venues in Palanpur | VenueConnect,/palanpur/reception-venues/,Best Reception Venues in Palanpur | Book & Compare Prices - VenueConnect,"Find the best reception venues in Palanpur. Compare reception halls, banquet spaces & party plots. Get free quotes & instant leads. Browse 100+ options on VenueConnect.",Best Reception Venues in Palanpur,reception venues in Palanpur,"reception hall Palanpur, reception venue booking Palanpur, best reception venue Palanpur, reception party venue Palanpur",Navigational / Transactional,High
Event + City,Sangeet Ceremony Venues in Palanpur | VenueConnect,/palanpur/sangeet-ceremony-venues/,Best Sangeet Ceremony Venues in Palanpur | Book & Compare Prices - VenueConnect,"Find the best sangeet ceremony venues in Palanpur. Compare sangeet ceremony halls, banquet spaces & party plots. Get free quotes & instant leads. Browse 100+ options on VenueConnect.",Best Sangeet Ceremony Venues in Palanpur,sangeet ceremony venues in Palanpur,"sangeet ceremony hall Palanpur, sangeet ceremony venue booking Palanpur, best sangeet ceremony venue Palanpur, sangeet ceremony party venue Palanpur",Navigational / Transactional,High
Event + City,Garba Night Venues in Palanpur | VenueConnect,/palanpur/garba-night-venues/,Best Garba Night Venues in Palanpur | Book & Compare Prices - VenueConnect,"Find the best garba night venues in Palanpur. Compare garba night halls, banquet spaces & party plots. Get free quotes & instant leads. Browse 100+ options on VenueConnect.",Best Garba Night Venues in Palanpur,garba night venues in Palanpur,"garba night hall Palanpur, garba night venue booking Palanpur, best garba night venue Palanpur, garba night party venue Palanpur",Navigational / Transactional,High
Event + City,Pool Party Venues in Palanpur | VenueConnect,/palanpur/pool-party-venues/,Best Pool Party Venues in Palanpur | Book & Compare Prices - VenueConnect,"Find the best pool party venues in Palanpur. Compare pool party halls, banquet spaces & party plots. Get free quotes & instant leads. Browse 100+ options on VenueConnect.",Best Pool Party Venues in Palanpur,pool party venues in Palanpur,"pool party hall Palanpur, pool party venue booking Palanpur, best pool party venue Palanpur, pool party party venue Palanpur",Navigational / Transactional,High
Event + City,Kitty Party Venues in Palanpur | VenueConnect,/palanpur/kitty-party-venues/,Best Kitty Party Venues in Palanpur | Book & Compare Prices - VenueConnect,"Find the best kitty party venues in Palanpur. Compare kitty party halls, banquet spaces & party plots. Get free quotes & instant leads. Browse 100+ options on VenueConnect.",Best Kitty Party Venues in Palanpur,kitty party venues in Palanpur,"kitty party hall Palanpur, kitty party venue booking Palanpur, best kitty party venue Palanpur, kitty party party venue Palanpur",Navigational / Transactional,High
Event + City,Cocktail Party Venues in Palanpur | VenueConnect,/palanpur/cocktail-party-venues/,Best Cocktail Party Venues in Palanpur | Book & Compare Prices - VenueConnect,"Find the best cocktail party venues in Palanpur. Compare cocktail party halls, banquet spaces & party plots. Get free quotes & instant leads. Browse 100+ options on VenueConnect.",Best Cocktail Party Venues in Palanpur,cocktail party venues in Palanpur,"cocktail party hall Palanpur, cocktail party venue booking Palanpur, best cocktail party venue Palanpur, cocktail party party venue Palanpur",Navigational / Transactional,High
Event + City,Baby Shower Venues in Palanpur | VenueConnect,/palanpur/baby-shower-venues/,Best Baby Shower Venues in Palanpur | Book & Compare Prices - VenueConnect,"Find the best baby shower venues in Palanpur. Compare baby shower halls, banquet spaces & party plots. Get free quotes & instant leads. Browse 100+ options on VenueConnect.",Best Baby Shower Venues in Palanpur,baby shower venues in Palanpur,"baby shower hall Palanpur, baby shower venue booking Palanpur, best baby shower venue Palanpur, baby shower party venue Palanpur",Navigational / Transactional,High
Event + City,Anniversary Party Venues in Palanpur | VenueConnect,/palanpur/anniversary-party-venues/,Best Anniversary Party Venues in Palanpur | Book & Compare Prices - VenueConnect,"Find the best anniversary party venues in Palanpur. Compare anniversary party halls, banquet spaces & party plots. Get free quotes & instant leads. Browse 100+ options on VenueConnect.",Best Anniversary Party Venues in Palanpur,anniversary party venues in Palanpur,"anniversary party hall Palanpur, anniversary party venue booking Palanpur, best anniversary party venue Palanpur, anniversary party party venue Palanpur",Navigational / Transactional,High
Event + City,Farewell Party Venues in Palanpur | VenueConnect,/palanpur/farewell-party-venues/,Best Farewell Party Venues in Palanpur | Book & Compare Prices - VenueConnect,"Find the best farewell party venues in Palanpur. Compare farewell party halls, banquet spaces & party plots. Get free quotes & instant leads. Browse 100+ options on VenueConnect.",Best Farewell Party Venues in Palanpur,farewell party venues in Palanpur,"farewell party hall Palanpur, farewell party venue booking Palanpur, best farewell party venue Palanpur, farewell party party venue Palanpur",Navigational / Transactional,High
Event + City,Reunion Party Venues in Palanpur | VenueConnect,/palanpur/reunion-party-venues/,Best Reunion Party Venues in Palanpur | Book & Compare Prices - VenueConnect,"Find the best reunion party venues in Palanpur. Compare reunion party halls, banquet spaces & party plots. Get free quotes & instant leads. Browse 100+ options on VenueConnect.",Best Reunion Party Venues in Palanpur,reunion party venues in Palanpur,"reunion party hall Palanpur, reunion party venue booking Palanpur, best reunion party venue Palanpur, reunion party party venue Palanpur",Navigational / Transactional,High
Event + City,Product Launch Venues in Palanpur | VenueConnect,/palanpur/product-launch-venues/,Best Product Launch Venues in Palanpur | Book & Compare Prices - VenueConnect,"Find the best product launch venues in Palanpur. Compare product launch halls, banquet spaces & party plots. Get free quotes & instant leads. Browse 100+ options on VenueConnect.",Best Product Launch Venues in Palanpur,product launch venues in Palanpur,"product launch hall Palanpur, product launch venue booking Palanpur, best product launch venue Palanpur, product launch party venue Palanpur",Navigational / Transactional,High
Event + City,Conference Venues in Palanpur | VenueConnect,/palanpur/conference-venues/,Best Conference Venues in Palanpur | Book & Compare Prices - VenueConnect,"Find the best conference venues in Palanpur. Compare conference halls, banquet spaces & party plots. Get free quotes & instant leads. Browse 100+ options on VenueConnect.",Best Conference Venues in Palanpur,conference venues in Palanpur,"conference hall Palanpur, conference venue booking Palanpur, best conference venue Palanpur, conference party venue Palanpur",Navigational / Transactional,High
Event + City,Seminar Venues in Palanpur | VenueConnect,/palanpur/seminar-venues/,Best Seminar Venues in Palanpur | Book & Compare Prices - VenueConnect,"Find the best seminar venues in Palanpur. Compare seminar halls, banquet spaces & party plots. Get free quotes & instant leads. Browse 100+ options on VenueConnect.",Best Seminar Venues in Palanpur,seminar venues in Palanpur,"seminar hall Palanpur, seminar venue booking Palanpur, best seminar venue Palanpur, seminar party venue Palanpur",Navigational / Transactional,High
Event + City,Award Ceremony Venues in Palanpur | VenueConnect,/palanpur/award-ceremony-venues/,Best Award Ceremony Venues in Palanpur | Book & Compare Prices - VenueConnect,"Find the best award ceremony venues in Palanpur. Compare award ceremony halls, banquet spaces & party plots. Get free quotes & instant leads. Browse 100+ options on VenueConnect.",Best Award Ceremony Venues in Palanpur,award ceremony venues in Palanpur,"award ceremony hall Palanpur, award ceremony venue booking Palanpur, best award ceremony venue Palanpur, award ceremony party venue Palanpur",Navigational / Transactional,High
Event + City,Walkin Interview Venues in Palanpur | VenueConnect,/palanpur/walkin-interview-venues/,Best Walkin Interview Venues in Palanpur | Book & Compare Prices - VenueConnect,"Find the best walkin interview venues in Palanpur. Compare walkin interview halls, banquet spaces & party plots. Get free quotes & instant leads. Browse 100+ options on VenueConnect.",Best Walkin Interview Venues in Palanpur,walkin interview venues in Palanpur,"walkin interview hall Palanpur, walkin interview venue booking Palanpur, best walkin interview venue Palanpur, walkin interview party venue Palanpur",Navigational / Transactional,High
Event + City,Training Venues in Palanpur | VenueConnect,/palanpur/training-venues/,Best Training Venues in Palanpur | Book & Compare Prices - VenueConnect,"Find the best training venues in Palanpur. Compare training halls, banquet spaces & party plots. Get free quotes & instant leads. Browse 100+ options on VenueConnect.",Best Training Venues in Palanpur,training venues in Palanpur,"training hall Palanpur, training venue booking Palanpur, best training venue Palanpur, training party venue Palanpur",Navigational / Transactional,High
Event + City,Team Outing Venues in Palanpur | VenueConnect,/palanpur/team-outing-venues/,Best Team Outing Venues in Palanpur | Book & Compare Prices - VenueConnect,"Find the best team outing venues in Palanpur. Compare team outing halls, banquet spaces & party plots. Get free quotes & instant leads. Browse 100+ options on VenueConnect.",Best Team Outing Venues in Palanpur,team outing venues in Palanpur,"team outing hall Palanpur, team outing venue booking Palanpur, best team outing venue Palanpur, team outing party venue Palanpur",Navigational / Transactional,High
Event + City,Stage Event Venues in Palanpur | VenueConnect,/palanpur/stage-event-venues/,Best Stage Event Venues in Palanpur | Book & Compare Prices - VenueConnect,"Find the best stage event venues in Palanpur. Compare stage event halls, banquet spaces & party plots. Get free quotes & instant leads. Browse 100+ options on VenueConnect.",Best Stage Event Venues in Palanpur,stage event venues in Palanpur,"stage event hall Palanpur, stage event venue booking Palanpur, best stage event venue Palanpur, stage event party venue Palanpur",Navigational / Transactional,High
Event + City,Ring Ceremony Venues in Palanpur | VenueConnect,/palanpur/ring-ceremony-venues/,Best Ring Ceremony Venues in Palanpur | Book & Compare Prices - VenueConnect,"Find the best ring ceremony venues in Palanpur. Compare ring ceremony halls, banquet spaces & party plots. Get free quotes & instant leads. Browse 100+ options on VenueConnect.",Best Ring Ceremony Venues in Palanpur,ring ceremony venues in Palanpur,"ring ceremony hall Palanpur, ring ceremony venue booking Palanpur, best ring ceremony venue Palanpur, ring ceremony party venue Palanpur",Navigational / Transactional,High
Event + City,Residential Conference Venues in Palanpur | VenueConnect,/palanpur/residential-conference-venues/,Best Residential Conference Venues in Palanpur | Book & Compare Prices - VenueConnect,"Find the best residential conference venues in Palanpur. Compare residential conference halls, banquet spaces & party plots. Get free quotes & instant leads. Browse 100+ options on VenueConnect.",Best Residential Conference Venues in Palanpur,residential conference venues in Palanpur,"residential conference hall Palanpur, residential conference venue booking Palanpur, best residential conference venue Palanpur, residential conference party venue Palanpur",Navigational / Transactional,High
Event + City,Pre Wedding Mehendi Party Venues in Palanpur | VenueConnect,/palanpur/pre-wedding-mehendi-party-venues/,Best Pre Wedding Mehendi Party Venues in Palanpur | Book & Compare Prices - VenueConnect,"Find the best pre wedding mehendi party venues in Palanpur. Compare pre wedding mehendi party halls, banquet spaces & party plots. Get free quotes & instant leads. Browse 100+ options on VenueConnect.",Best Pre Wedding Mehendi Party Venues in Palanpur,pre wedding mehendi party venues in Palanpur,"pre wedding mehendi party hall Palanpur, pre wedding mehendi party venue booking Palanpur, best pre wedding mehendi party venue Palanpur, pre wedding mehendi party party venue Palanpur",Navigational / Transactional,High
Event + City,Photo Shoots Venues in Palanpur | VenueConnect,/palanpur/photo-shoots-venues/,Best Photo Shoots Venues in Palanpur | Book & Compare Prices - VenueConnect,"Find the best photo shoots venues in Palanpur. Compare photo shoots halls, banquet spaces & party plots. Get free quotes & instant leads. Browse 100+ options on VenueConnect.",Best Photo Shoots Venues in Palanpur,photo shoots venues in Palanpur,"photo shoots hall Palanpur, photo shoots venue booking Palanpur, best photo shoots venue Palanpur, photo shoots party venue Palanpur",Navigational / Transactional,High
Event + City,Naming Ceremony Venues in Palanpur | VenueConnect,/palanpur/naming-ceremony-venues/,Best Naming Ceremony Venues in Palanpur | Book & Compare Prices - VenueConnect,"Find the best naming ceremony venues in Palanpur. Compare naming ceremony halls, banquet spaces & party plots. Get free quotes & instant leads. Browse 100+ options on VenueConnect.",Best Naming Ceremony Venues in Palanpur,naming ceremony venues in Palanpur,"naming ceremony hall Palanpur, naming ceremony venue booking Palanpur, best naming ceremony venue Palanpur, naming ceremony party venue Palanpur",Navigational / Transactional,High
Event + City,Musical Concert Venues in Palanpur | VenueConnect,/palanpur/musical-concert-venues/,Best Musical Concert Venues in Palanpur | Book & Compare Prices - VenueConnect,"Find the best musical concert venues in Palanpur. Compare musical concert halls, banquet spaces & party plots. Get free quotes & instant leads. Browse 100+ options on VenueConnect.",Best Musical Concert Venues in Palanpur,musical concert venues in Palanpur,"musical concert hall Palanpur, musical concert venue booking Palanpur, best musical concert venue Palanpur, musical concert party venue Palanpur",Navigational / Transactional,High
Event + City,MICE Venues in Palanpur | VenueConnect,/palanpur/mice-venues/,Best MICE Venues in Palanpur | Book & Compare Prices - VenueConnect,"Find the best mice venues in Palanpur. Compare mice halls, banquet spaces & party plots. Get free quotes & instant leads. Browse 100+ options on VenueConnect.",Best MICE Venues in Palanpur,mice venues in Palanpur,"mice hall Palanpur, mice venue booking Palanpur, best mice venue Palanpur, mice party venue Palanpur",Navigational / Transactional,High
Event + City,Meeting Venues in Palanpur | VenueConnect,/palanpur/meeting-venues/,Best Meeting Venues in Palanpur | Book & Compare Prices - VenueConnect,"Find the best meeting venues in Palanpur. Compare meeting halls, banquet spaces & party plots. Get free quotes & instant leads. Browse 100+ options on VenueConnect.",Best Meeting Venues in Palanpur,meeting venues in Palanpur,"meeting hall Palanpur, meeting venue booking Palanpur, best meeting venue Palanpur, meeting party venue Palanpur",Navigational / Transactional,High
Event + City,Kids Birthday Party Venues in Palanpur | VenueConnect,/palanpur/kids-birthday-party-venues/,Best Kids Birthday Party Venues in Palanpur | Book & Compare Prices - VenueConnect,"Find the best kids birthday party venues in Palanpur. Compare kids birthday party halls, banquet spaces & party plots. Get free quotes & instant leads. Browse 100+ options on VenueConnect.",Best Kids Birthday Party Venues in Palanpur,kids birthday party venues in Palanpur,"kids birthday party hall Palanpur, kids birthday party venue booking Palanpur, best kids birthday party venue Palanpur, kids birthday party party venue Palanpur",Navigational / Transactional,High
Event + City,Holi Party Venues in Palanpur | VenueConnect,/palanpur/holi-party-venues/,Best Holi Party Venues in Palanpur | Book & Compare Prices - VenueConnect,"Find the best holi party venues in Palanpur. Compare holi party halls, banquet spaces & party plots. Get free quotes & instant leads. Browse 100+ options on VenueConnect.",Best Holi Party Venues in Palanpur,holi party venues in Palanpur,"holi party hall Palanpur, holi party venue booking Palanpur, best holi party venue Palanpur, holi party party venue Palanpur",Navigational / Transactional,High
Event + City,Group Dining Venues in Palanpur | VenueConnect,/palanpur/group-dining-venues/,Best Group Dining Venues in Palanpur | Book & Compare Prices - VenueConnect,"Find the best group dining venues in Palanpur. Compare group dining halls, banquet spaces & party plots. Get free quotes & instant leads. Browse 100+ options on VenueConnect.",Best Group Dining Venues in Palanpur,group dining venues in Palanpur,"group dining hall Palanpur, group dining venue booking Palanpur, best group dining venue Palanpur, group dining party venue Palanpur",Navigational / Transactional,High
Event + City,Get Together Venues in Palanpur | VenueConnect,/palanpur/get-together-venues/,Best Get Together Venues in Palanpur | Book & Compare Prices - VenueConnect,"Find the best get together venues in Palanpur. Compare get together halls, banquet spaces & party plots. Get free quotes & instant leads. Browse 100+ options on VenueConnect.",Best Get Together Venues in Palanpur,get together venues in Palanpur,"get together hall Palanpur, get together venue booking Palanpur, best get together venue Palanpur, get together party venue Palanpur",Navigational / Transactional,High
Event + City,Game Watch Venues in Palanpur | VenueConnect,/palanpur/game-watch-venues/,Best Game Watch Venues in Palanpur | Book & Compare Prices - VenueConnect,"Find the best game watch venues in Palanpur. Compare game watch halls, banquet spaces & party plots. Get free quotes & instant leads. Browse 100+ options on VenueConnect.",Best Game Watch Venues in Palanpur,game watch venues in Palanpur,"game watch hall Palanpur, game watch venue booking Palanpur, best game watch venue Palanpur, game watch party venue Palanpur",Navigational / Transactional,High
Event + City,Freshers Party Venues in Palanpur | VenueConnect,/palanpur/freshers-party-venues/,Best Freshers Party Venues in Palanpur | Book & Compare Prices - VenueConnect,"Find the best freshers party venues in Palanpur. Compare freshers party halls, banquet spaces & party plots. Get free quotes & instant leads. Browse 100+ options on VenueConnect.",Best Freshers Party Venues in Palanpur,freshers party venues in Palanpur,"freshers party hall Palanpur, freshers party venue booking Palanpur, best freshers party venue Palanpur, freshers party party venue Palanpur",Navigational / Transactional,High
Event + City,First Birthday Party Venues in Palanpur | VenueConnect,/palanpur/first-birthday-party-venues/,Best First Birthday Party Venues in Palanpur | Book & Compare Prices - VenueConnect,"Find the best first birthday party venues in Palanpur. Compare first birthday party halls, banquet spaces & party plots. Get free quotes & instant leads. Browse 100+ options on VenueConnect.",Best First Birthday Party Venues in Palanpur,first birthday party venues in Palanpur,"first birthday party hall Palanpur, first birthday party venue booking Palanpur, best first birthday party venue Palanpur, first birthday party party venue Palanpur",Navigational / Transactional,High
Event + City,Fashion Show Venues in Palanpur | VenueConnect,/palanpur/fashion-show-venues/,Best Fashion Show Venues in Palanpur | Book & Compare Prices - VenueConnect,"Find the best fashion show venues in Palanpur. Compare fashion show halls, banquet spaces & party plots. Get free quotes & instant leads. Browse 100+ options on VenueConnect.",Best Fashion Show Venues in Palanpur,fashion show venues in Palanpur,"fashion show hall Palanpur, fashion show venue booking Palanpur, best fashion show venue Palanpur, fashion show party venue Palanpur",Navigational / Transactional,High
Event + City,Family Function Venues in Palanpur | VenueConnect,/palanpur/family-function-venues/,Best Family Function Venues in Palanpur | Book & Compare Prices - VenueConnect,"Find the best family function venues in Palanpur. Compare family function halls, banquet spaces & party plots. Get free quotes & instant leads. Browse 100+ options on VenueConnect.",Best Family Function Venues in Palanpur,family function venues in Palanpur,"family function hall Palanpur, family function venue booking Palanpur, best family function venue Palanpur, family function party venue Palanpur",Navigational / Transactional,High
Event + City,Exhibition Venues in Palanpur | VenueConnect,/palanpur/exhibition-venues/,Best Exhibition Venues in Palanpur | Book & Compare Prices - VenueConnect,"Find the best exhibition venues in Palanpur. Compare exhibition halls, banquet spaces & party plots. Get free quotes & instant leads. Browse 100+ options on VenueConnect.",Best Exhibition Venues in Palanpur,exhibition venues in Palanpur,"exhibition hall Palanpur, exhibition venue booking Palanpur, best exhibition venue Palanpur, exhibition party venue Palanpur",Navigational / Transactional,High
Event + City,Corporate Training Venues in Palanpur | VenueConnect,/palanpur/corporate-training-venues/,Best Corporate Training Venues in Palanpur | Book & Compare Prices - VenueConnect,"Find the best corporate training venues in Palanpur. Compare corporate training halls, banquet spaces & party plots. Get free quotes & instant leads. Browse 100+ options on VenueConnect.",Best Corporate Training Venues in Palanpur,corporate training venues in Palanpur,"corporate training hall Palanpur, corporate training venue booking Palanpur, best corporate training venue Palanpur, corporate training party venue Palanpur",Navigational / Transactional,High
Event + City,Corporate Party Venues in Palanpur | VenueConnect,/palanpur/corporate-party-venues/,Best Corporate Party Venues in Palanpur | Book & Compare Prices - VenueConnect,"Find the best corporate party venues in Palanpur. Compare corporate party halls, banquet spaces & party plots. Get free quotes & instant leads. Browse 100+ options on VenueConnect.",Best Corporate Party Venues in Palanpur,corporate party venues in Palanpur,"corporate party hall Palanpur, corporate party venue booking Palanpur, best corporate party venue Palanpur, corporate party party venue Palanpur",Navigational / Transactional,High
Event + City,Corporate Offsite Venues in Palanpur | VenueConnect,/palanpur/corporate-offsite-venues/,Best Corporate Offsite Venues in Palanpur | Book & Compare Prices - VenueConnect,"Find the best corporate offsite venues in Palanpur. Compare corporate offsite halls, banquet spaces & party plots. Get free quotes & instant leads. Browse 100+ options on VenueConnect.",Best Corporate Offsite Venues in Palanpur,corporate offsite venues in Palanpur,"corporate offsite hall Palanpur, corporate offsite venue booking Palanpur, best corporate offsite venue Palanpur, corporate offsite party venue Palanpur",Navigational / Transactional,High
Event + City,Cocktail Dinner Venues in Palanpur | VenueConnect,/palanpur/cocktail-dinner-venues/,Best Cocktail Dinner Venues in Palanpur | Book & Compare Prices - VenueConnect,"Find the best cocktail dinner venues in Palanpur. Compare cocktail dinner halls, banquet spaces & party plots. Get free quotes & instant leads. Browse 100+ options on VenueConnect.",Best Cocktail Dinner Venues in Palanpur,cocktail dinner venues in Palanpur,"cocktail dinner hall Palanpur, cocktail dinner venue booking Palanpur, best cocktail dinner venue Palanpur, cocktail dinner party venue Palanpur",Navigational / Transactional,High
Event + City,Class Reunion Venues in Palanpur | VenueConnect,/palanpur/class-reunion-venues/,Best Class Reunion Venues in Palanpur | Book & Compare Prices - VenueConnect,"Find the best class reunion venues in Palanpur. Compare class reunion halls, banquet spaces & party plots. Get free quotes & instant leads. Browse 100+ options on VenueConnect.",Best Class Reunion Venues in Palanpur,class reunion venues in Palanpur,"class reunion hall Palanpur, class reunion venue booking Palanpur, best class reunion venue Palanpur, class reunion party venue Palanpur",Navigational / Transactional,High
Event + City,Christian Communion Venues in Palanpur | VenueConnect,/palanpur/christian-communion-venues/,Best Christian Communion Venues in Palanpur | Book & Compare Prices - VenueConnect,"Find the best christian communion venues in Palanpur. Compare christian communion halls, banquet spaces & party plots. Get free quotes & instant leads. Browse 100+ options on VenueConnect.",Best Christian Communion Venues in Palanpur,christian communion venues in Palanpur,"christian communion hall Palanpur, christian communion venue booking Palanpur, best christian communion venue Palanpur, christian communion party venue Palanpur",Navigational / Transactional,High
Event + City,Childrens Party Venues in Palanpur | VenueConnect,/palanpur/childrens-party-venues/,Best Childrens Party Venues in Palanpur | Book & Compare Prices - VenueConnect,"Find the best childrens party venues in Palanpur. Compare childrens party halls, banquet spaces & party plots. Get free quotes & instant leads. Browse 100+ options on VenueConnect.",Best Childrens Party Venues in Palanpur,childrens party venues in Palanpur,"childrens party hall Palanpur, childrens party venue booking Palanpur, best childrens party venue Palanpur, childrens party party venue Palanpur",Navigational / Transactional,High
Event + City,Business Dinner Venues in Palanpur | VenueConnect,/palanpur/business-dinner-venues/,Best Business Dinner Venues in Palanpur | Book & Compare Prices - VenueConnect,"Find the best business dinner venues in Palanpur. Compare business dinner halls, banquet spaces & party plots. Get free quotes & instant leads. Browse 100+ options on VenueConnect.",Best Business Dinner Venues in Palanpur,business dinner venues in Palanpur,"business dinner hall Palanpur, business dinner venue booking Palanpur, best business dinner venue Palanpur, business dinner party venue Palanpur",Navigational / Transactional,High
Event + City,Bridal Shower Venues in Palanpur | VenueConnect,/palanpur/bridal-shower-venues/,Best Bridal Shower Venues in Palanpur | Book & Compare Prices - VenueConnect,"Find the best bridal shower venues in Palanpur. Compare bridal shower halls, banquet spaces & party plots. Get free quotes & instant leads. Browse 100+ options on VenueConnect.",Best Bridal Shower Venues in Palanpur,bridal shower venues in Palanpur,"bridal shower hall Palanpur, bridal shower venue booking Palanpur, best bridal shower venue Palanpur, bridal shower party venue Palanpur",Navigational / Transactional,High
Event + City,Brand Promotion Venues in Palanpur | VenueConnect,/palanpur/brand-promotion-venues/,Best Brand Promotion Venues in Palanpur | Book & Compare Prices - VenueConnect,"Find the best brand promotion venues in Palanpur. Compare brand promotion halls, banquet spaces & party plots. Get free quotes & instant leads. Browse 100+ options on VenueConnect.",Best Brand Promotion Venues in Palanpur,brand promotion venues in Palanpur,"brand promotion hall Palanpur, brand promotion venue booking Palanpur, best brand promotion venue Palanpur, brand promotion party venue Palanpur",Navigational / Transactional,High
Event + City,Bachelor Party Venues in Palanpur | VenueConnect,/palanpur/bachelor-party-venues/,Best Bachelor Party Venues in Palanpur | Book & Compare Prices - VenueConnect,"Find the best bachelor party venues in Palanpur. Compare bachelor party halls, banquet spaces & party plots. Get free quotes & instant leads. Browse 100+ options on VenueConnect.",Best Bachelor Party Venues in Palanpur,bachelor party venues in Palanpur,"bachelor party hall Palanpur, bachelor party venue booking Palanpur, best bachelor party venue Palanpur, bachelor party party venue Palanpur",Navigational / Transactional,High
Event + City,Aqueeqa Ceremony Venues in Palanpur | VenueConnect,/palanpur/aqueeqa-ceremony-venues/,Best Aqueeqa Ceremony Venues in Palanpur | Book & Compare Prices - VenueConnect,"Find the best aqueeqa ceremony venues in Palanpur. Compare aqueeqa ceremony halls, banquet spaces & party plots. Get free quotes & instant leads. Browse 100+ options on VenueConnect.",Best Aqueeqa Ceremony Venues in Palanpur,aqueeqa ceremony venues in Palanpur,"aqueeqa ceremony hall Palanpur, aqueeqa ceremony venue booking Palanpur, best aqueeqa ceremony venue Palanpur, aqueeqa ceremony party venue Palanpur",Navigational / Transactional,High
Event + City,Annual Fest Venues in Palanpur | VenueConnect,/palanpur/annual-fest-venues/,Best Annual Fest Venues in Palanpur | Book & Compare Prices - VenueConnect,"Find the best annual fest venues in Palanpur. Compare annual fest halls, banquet spaces & party plots. Get free quotes & instant leads. Browse 100+ options on VenueConnect.",Best Annual Fest Venues in Palanpur,annual fest venues in Palanpur,"annual fest hall Palanpur, annual fest venue booking Palanpur, best annual fest venue Palanpur, annual fest party venue Palanpur",Navigational / Transactional,High
Event + City,Adventure Party Venues in Palanpur | VenueConnect,/palanpur/adventure-party-venues/,Best Adventure Party Venues in Palanpur | Book & Compare Prices - VenueConnect,"Find the best adventure party venues in Palanpur. Compare adventure party halls, banquet spaces & party plots. Get free quotes & instant leads. Browse 100+ options on VenueConnect.",Best Adventure Party Venues in Palanpur,adventure party venues in Palanpur,"adventure party hall Palanpur, adventure party venue booking Palanpur, best adventure party venue Palanpur, adventure party party venue Palanpur",Navigational / Transactional,High
Event + City,Haldi Ceremony Venues in Palanpur | VenueConnect,/palanpur/haldi-ceremony-venues/,Best Haldi Ceremony Venues in Palanpur | Book & Compare Prices - VenueConnect,"Find the best haldi ceremony venues in Palanpur. Compare haldi ceremony halls, banquet spaces & party plots. Get free quotes & instant leads. Browse 100+ options on VenueConnect.",Best Haldi Ceremony Venues in Palanpur,haldi ceremony venues in Palanpur,"haldi ceremony hall Palanpur, haldi ceremony venue booking Palanpur, best haldi ceremony venue Palanpur, haldi ceremony party venue Palanpur",Navigational / Transactional,High
  VENDOR + CITY PAGES,,,,,,,,,
Page Type,Page Title,URL Slug,Meta Title,Meta Description,H1 Tag,Target Keyword,Secondary Keywords,Search Intent,Priority
Vendor + City,Photographers in Palanpur | VenueConnect,/palanpur/vendors/photographers/,Top Photographers in Palanpur | Compare & Hire - VenueConnect,"Hire top photographers in Palanpur for weddings, birthdays & all events. Compare portfolios, pricing & reviews. Get direct leads via WhatsApp. Book on VenueConnect.",Top Photographers in Palanpur,photographers in Palanpur,"photographers for wedding Palanpur, best photographers Palanpur, affordable photographers Palanpur, photographers contact Palanpur",Transactional,High
Vendor + City,Caterers in Palanpur | VenueConnect,/palanpur/vendors/caterers/,Top Caterers in Palanpur | Compare & Hire - VenueConnect,"Hire top caterers in Palanpur for weddings, birthdays & all events. Compare portfolios, pricing & reviews. Get direct leads via WhatsApp. Book on VenueConnect.",Top Caterers in Palanpur,caterers in Palanpur,"caterers for wedding Palanpur, best caterers Palanpur, affordable caterers Palanpur, caterers contact Palanpur",Transactional,High
Vendor + City,Decorators in Palanpur | VenueConnect,/palanpur/vendors/decorators/,Top Decorators in Palanpur | Compare & Hire - VenueConnect,"Hire top decorators in Palanpur for weddings, birthdays & all events. Compare portfolios, pricing & reviews. Get direct leads via WhatsApp. Book on VenueConnect.",Top Decorators in Palanpur,decorators in Palanpur,"decorators for wedding Palanpur, best decorators Palanpur, affordable decorators Palanpur, decorators contact Palanpur",Transactional,High
Vendor + City,Mehndi Artists in Palanpur | VenueConnect,/palanpur/vendors/mehndi-artists/,Top Mehndi Artists in Palanpur | Compare & Hire - VenueConnect,"Hire top mehndi artists in Palanpur for weddings, birthdays & all events. Compare portfolios, pricing & reviews. Get direct leads via WhatsApp. Book on VenueConnect.",Top Mehndi Artists in Palanpur,mehndi artists in Palanpur,"mehndi artists for wedding Palanpur, best mehndi artists Palanpur, affordable mehndi artists Palanpur, mehndi artists contact Palanpur",Transactional,High
Vendor + City,DJs in Palanpur | VenueConnect,/palanpur/vendors/djs/,Top DJs in Palanpur | Compare & Hire - VenueConnect,"Hire top djs in Palanpur for weddings, birthdays & all events. Compare portfolios, pricing & reviews. Get direct leads via WhatsApp. Book on VenueConnect.",Top DJs in Palanpur,djs in Palanpur,"djs for wedding Palanpur, best djs Palanpur, affordable djs Palanpur, djs contact Palanpur",Transactional,High
Vendor + City,Bands in Palanpur | VenueConnect,/palanpur/vendors/bands/,Top Bands in Palanpur | Compare & Hire - VenueConnect,"Hire top bands in Palanpur for weddings, birthdays & all events. Compare portfolios, pricing & reviews. Get direct leads via WhatsApp. Book on VenueConnect.",Top Bands in Palanpur,bands in Palanpur,"bands for wedding Palanpur, best bands Palanpur, affordable bands Palanpur, bands contact Palanpur",Transactional,High
Vendor + City,Event Planners in Palanpur | VenueConnect,/palanpur/vendors/event-planners/,Top Event Planners in Palanpur | Compare & Hire - VenueConnect,"Hire top event planners in Palanpur for weddings, birthdays & all events. Compare portfolios, pricing & reviews. Get direct leads via WhatsApp. Book on VenueConnect.",Top Event Planners in Palanpur,event planners in Palanpur,"event planners for wedding Palanpur, best event planners Palanpur, affordable event planners Palanpur, event planners contact Palanpur",Transactional,High
Vendor + City,Bridal Wear in Palanpur | VenueConnect,/palanpur/vendors/bridal-wear/,Top Bridal Wear in Palanpur | Compare & Hire - VenueConnect,"Hire top bridal wear in Palanpur for weddings, birthdays & all events. Compare portfolios, pricing & reviews. Get direct leads via WhatsApp. Book on VenueConnect.",Top Bridal Wear in Palanpur,bridal wear in Palanpur,"bridal wear for wedding Palanpur, best bridal wear Palanpur, affordable bridal wear Palanpur, bridal wear contact Palanpur",Transactional,High
Vendor + City,Makeup Artists in Palanpur | VenueConnect,/palanpur/vendors/makeup-artists/,Top Makeup Artists in Palanpur | Compare & Hire - VenueConnect,"Hire top makeup artists in Palanpur for weddings, birthdays & all events. Compare portfolios, pricing & reviews. Get direct leads via WhatsApp. Book on VenueConnect.",Top Makeup Artists in Palanpur,makeup artists in Palanpur,"makeup artists for wedding Palanpur, best makeup artists Palanpur, affordable makeup artists Palanpur, makeup artists contact Palanpur",Transactional,High
Vendor + City,Florists in Palanpur | VenueConnect,/palanpur/vendors/florists/,Top Florists in Palanpur | Compare & Hire - VenueConnect,"Hire top florists in Palanpur for weddings, birthdays & all events. Compare portfolios, pricing & reviews. Get direct leads via WhatsApp. Book on VenueConnect.",Top Florists in Palanpur,florists in Palanpur,"florists for wedding Palanpur, best florists Palanpur, affordable florists Palanpur, florists contact Palanpur",Transactional,High
Vendor + City,Videographers in Palanpur | VenueConnect,/palanpur/vendors/videographers/,Top Videographers in Palanpur | Compare & Hire - VenueConnect,"Hire top videographers in Palanpur for weddings, birthdays & all events. Compare portfolios, pricing & reviews. Get direct leads via WhatsApp. Book on VenueConnect.",Top Videographers in Palanpur,videographers in Palanpur,"videographers for wedding Palanpur, best videographers Palanpur, affordable videographers Palanpur, videographers contact Palanpur",Transactional,High
Vendor + City,Wedding Planners in Palanpur | VenueConnect,/palanpur/vendors/wedding-planners/,Top Wedding Planners in Palanpur | Compare & Hire - VenueConnect,"Hire top wedding planners in Palanpur for weddings, birthdays & all events. Compare portfolios, pricing & reviews. Get direct leads via WhatsApp. Book on VenueConnect.",Top Wedding Planners in Palanpur,wedding planners in Palanpur,"wedding planners for wedding Palanpur, best wedding planners Palanpur, affordable wedding planners Palanpur, wedding planners contact Palanpur",Transactional,High
Vendor + City,Tent Houses in Palanpur | VenueConnect,/palanpur/vendors/tent-houses/,Top Tent Houses in Palanpur | Compare & Hire - VenueConnect,"Hire top tent houses in Palanpur for weddings, birthdays & all events. Compare portfolios, pricing & reviews. Get direct leads via WhatsApp. Book on VenueConnect.",Top Tent Houses in Palanpur,tent houses in Palanpur,"tent houses for wedding Palanpur, best tent houses Palanpur, affordable tent houses Palanpur, tent houses contact Palanpur",Transactional,High
Vendor + City,Choreographers in Palanpur | VenueConnect,/palanpur/vendors/choreographers/,Top Choreographers in Palanpur | Compare & Hire - VenueConnect,"Hire top choreographers in Palanpur for weddings, birthdays & all events. Compare portfolios, pricing & reviews. Get direct leads via WhatsApp. Book on VenueConnect.",Top Choreographers in Palanpur,choreographers in Palanpur,"choreographers for wedding Palanpur, best choreographers Palanpur, affordable choreographers Palanpur, choreographers contact Palanpur",Transactional,High
Vendor + City,Invitation Cards in Palanpur | VenueConnect,/palanpur/vendors/invitation-cards/,Top Invitation Cards in Palanpur | Compare & Hire - VenueConnect,"Hire top invitation cards in Palanpur for weddings, birthdays & all events. Compare portfolios, pricing & reviews. Get direct leads via WhatsApp. Book on VenueConnect.",Top Invitation Cards in Palanpur,invitation cards in Palanpur,"invitation cards for wedding Palanpur, best invitation cards Palanpur, affordable invitation cards Palanpur, invitation cards contact Palanpur",Transactional,High
Vendor + City,Cake Shops in Palanpur | VenueConnect,/palanpur/vendors/cake-shops/,Top Cake Shops in Palanpur | Compare & Hire - VenueConnect,"Hire top cake shops in Palanpur for weddings, birthdays & all events. Compare portfolios, pricing & reviews. Get direct leads via WhatsApp. Book on VenueConnect.",Top Cake Shops in Palanpur,cake shops in Palanpur,"cake shops for wedding Palanpur, best cake shops Palanpur, affordable cake shops Palanpur, cake shops contact Palanpur",Transactional,High
Vendor + City,Jewellers in Palanpur | VenueConnect,/palanpur/vendors/jewellers/,Top Jewellers in Palanpur | Compare & Hire - VenueConnect,"Hire top jewellers in Palanpur for weddings, birthdays & all events. Compare portfolios, pricing & reviews. Get direct leads via WhatsApp. Book on VenueConnect.",Top Jewellers in Palanpur,jewellers in Palanpur,"jewellers for wedding Palanpur, best jewellers Palanpur, affordable jewellers Palanpur, jewellers contact Palanpur",Transactional,High
Vendor + City,Astrologers in Palanpur | VenueConnect,/palanpur/vendors/astrologers/,Top Astrologers in Palanpur | Compare & Hire - VenueConnect,"Hire top astrologers in Palanpur for weddings, birthdays & all events. Compare portfolios, pricing & reviews. Get direct leads via WhatsApp. Book on VenueConnect.",Top Astrologers in Palanpur,astrologers in Palanpur,"astrologers for wedding Palanpur, best astrologers Palanpur, affordable astrologers Palanpur, astrologers contact Palanpur",Transactional,High
Vendor + City,Magicians in Palanpur | VenueConnect,/palanpur/vendors/magicians/,Top Magicians in Palanpur | Compare & Hire - VenueConnect,"Hire top magicians in Palanpur for weddings, birthdays & all events. Compare portfolios, pricing & reviews. Get direct leads via WhatsApp. Book on VenueConnect.",Top Magicians in Palanpur,magicians in Palanpur,"magicians for wedding Palanpur, best magicians Palanpur, affordable magicians Palanpur, magicians contact Palanpur",Transactional,High
Vendor + City,Entertainers in Palanpur | VenueConnect,/palanpur/vendors/entertainers/,Top Entertainers in Palanpur | Compare & Hire - VenueConnect,"Hire top entertainers in Palanpur for weddings, birthdays & all events. Compare portfolios, pricing & reviews. Get direct leads via WhatsApp. Book on VenueConnect.",Top Entertainers in Palanpur,entertainers in Palanpur,"entertainers for wedding Palanpur, best entertainers Palanpur, affordable entertainers Palanpur, entertainers contact Palanpur",Transactional,High
Vendor + City,Groom Wear in Palanpur | VenueConnect,/palanpur/vendors/groom-wear/,Top Groom Wear in Palanpur | Compare & Hire - VenueConnect,"Hire top groom wear in Palanpur for weddings, birthdays & all events. Compare portfolios, pricing & reviews. Get direct leads via WhatsApp. Book on VenueConnect.",Top Groom Wear in Palanpur,groom wear in Palanpur,"groom wear for wedding Palanpur, best groom wear Palanpur, affordable groom wear Palanpur, groom wear contact Palanpur",Transactional,High
Vendor + City,Wedding Photographers in Palanpur | VenueConnect,/palanpur/vendors/wedding-photographers/,Top Wedding Photographers in Palanpur | Compare & Hire - VenueConnect,"Hire top wedding photographers in Palanpur for weddings, birthdays & all events. Compare portfolios, pricing & reviews. Get direct leads via WhatsApp. Book on VenueConnect.",Top Wedding Photographers in Palanpur,wedding photographers in Palanpur,"wedding photographers for wedding Palanpur, best wedding photographers Palanpur, affordable wedding photographers Palanpur, wedding photographers contact Palanpur",Transactional,High
  VENUE TYPE + CITY PAGES,,,,,,,,,
Page Type,Page Title,URL Slug,Meta Title,Meta Description,H1 Tag,Target Keyword,Secondary Keywords,Search Intent,Priority
Venue + City,Banquet Halls in Palanpur | VenueConnect,/palanpur/banquet-halls/,Best Banquet Halls in Palanpur | Compare Prices & Book - VenueConnect,"Find top banquet halls in Palanpur for any occasion. Compare capacity, pricing & amenities. 100+ verified listings. Get free quotes on VenueConnect Gujarat.",Best Banquet Halls in Palanpur,banquet halls in Palanpur,"banquet halls for rent Palanpur, banquet halls booking Palanpur, best banquet halls Palanpur, affordable banquet halls Palanpur",Transactional,High
Venue + City,Farmhouses in Palanpur | VenueConnect,/palanpur/farmhouses/,Best Farmhouses in Palanpur | Compare Prices & Book - VenueConnect,"Find top farmhouses in Palanpur for any occasion. Compare capacity, pricing & amenities. 100+ verified listings. Get free quotes on VenueConnect Gujarat.",Best Farmhouses in Palanpur,farmhouses in Palanpur,"farmhouses for rent Palanpur, farmhouses booking Palanpur, best farmhouses Palanpur, affordable farmhouses Palanpur",Transactional,High
Venue + City,Party Plots in Palanpur | VenueConnect,/palanpur/party-plots/,Best Party Plots in Palanpur | Compare Prices & Book - VenueConnect,"Find top party plots in Palanpur for any occasion. Compare capacity, pricing & amenities. 100+ verified listings. Get free quotes on VenueConnect Gujarat.",Best Party Plots in Palanpur,party plots in Palanpur,"party plots for rent Palanpur, party plots booking Palanpur, best party plots Palanpur, affordable party plots Palanpur",Transactional,High
Venue + City,Hotels in Palanpur | VenueConnect,/palanpur/hotels/,Best Hotels in Palanpur | Compare Prices & Book - VenueConnect,"Find top hotels in Palanpur for any occasion. Compare capacity, pricing & amenities. 100+ verified listings. Get free quotes on VenueConnect Gujarat.",Best Hotels in Palanpur,hotels in Palanpur,"hotels for rent Palanpur, hotels booking Palanpur, best hotels Palanpur, affordable hotels Palanpur",Transactional,High
Venue + City,Resorts in Palanpur | VenueConnect,/palanpur/resorts/,Best Resorts in Palanpur | Compare Prices & Book - VenueConnect,"Find top resorts in Palanpur for any occasion. Compare capacity, pricing & amenities. 100+ verified listings. Get free quotes on VenueConnect Gujarat.",Best Resorts in Palanpur,resorts in Palanpur,"resorts for rent Palanpur, resorts booking Palanpur, best resorts Palanpur, affordable resorts Palanpur",Transactional,High
Venue + City,Restaurants in Palanpur | VenueConnect,/palanpur/restaurants/,Best Restaurants in Palanpur | Compare Prices & Book - VenueConnect,"Find top restaurants in Palanpur for any occasion. Compare capacity, pricing & amenities. 100+ verified listings. Get free quotes on VenueConnect Gujarat.",Best Restaurants in Palanpur,restaurants in Palanpur,"restaurants for rent Palanpur, restaurants booking Palanpur, best restaurants Palanpur, affordable restaurants Palanpur",Transactional,High
Venue + City,Convention Centers in Palanpur | VenueConnect,/palanpur/convention-centers/,Best Convention Centers in Palanpur | Compare Prices & Book - VenueConnect,"Find top convention centers in Palanpur for any occasion. Compare capacity, pricing & amenities. 100+ verified listings. Get free quotes on VenueConnect Gujarat.",Best Convention Centers in Palanpur,convention centers in Palanpur,"convention centers for rent Palanpur, convention centers booking Palanpur, best convention centers Palanpur, affordable convention centers Palanpur",Transactional,High
Venue + City,Clubs in Palanpur | VenueConnect,/palanpur/clubs/,Best Clubs in Palanpur | Compare Prices & Book - VenueConnect,"Find top clubs in Palanpur for any occasion. Compare capacity, pricing & amenities. 100+ verified listings. Get free quotes on VenueConnect Gujarat.",Best Clubs in Palanpur,clubs in Palanpur,"clubs for rent Palanpur, clubs booking Palanpur, best clubs Palanpur, affordable clubs Palanpur",Transactional,High
Venue + City,Rooftop Venues in Palanpur | VenueConnect,/palanpur/rooftop-venues/,Best Rooftop Venues in Palanpur | Compare Prices & Book - VenueConnect,"Find top rooftop venues in Palanpur for any occasion. Compare capacity, pricing & amenities. 100+ verified listings. Get free quotes on VenueConnect Gujarat.",Best Rooftop Venues in Palanpur,rooftop venues in Palanpur,"rooftop venues for rent Palanpur, rooftop venues booking Palanpur, best rooftop venues Palanpur, affordable rooftop venues Palanpur",Transactional,High
Venue + City,Garden Venues in Palanpur | VenueConnect,/palanpur/garden-venues/,Best Garden Venues in Palanpur | Compare Prices & Book - VenueConnect,"Find top garden venues in Palanpur for any occasion. Compare capacity, pricing & amenities. 100+ verified listings. Get free quotes on VenueConnect Gujarat.",Best Garden Venues in Palanpur,garden venues in Palanpur,"garden venues for rent Palanpur, garden venues booking Palanpur, best garden venues Palanpur, affordable garden venues Palanpur",Transactional,High
Venue + City,Heritage Venues in Palanpur | VenueConnect,/palanpur/heritage-venues/,Best Heritage Venues in Palanpur | Compare Prices & Book - VenueConnect,"Find top heritage venues in Palanpur for any occasion. Compare capacity, pricing & amenities. 100+ verified listings. Get free quotes on VenueConnect Gujarat.",Best Heritage Venues in Palanpur,heritage venues in Palanpur,"heritage venues for rent Palanpur, heritage venues booking Palanpur, best heritage venues Palanpur, affordable heritage venues Palanpur",Transactional,High
Venue + City,Luxury Venues in Palanpur | VenueConnect,/palanpur/luxury-venues/,Best Luxury Venues in Palanpur | Compare Prices & Book - VenueConnect,"Find top luxury venues in Palanpur for any occasion. Compare capacity, pricing & amenities. 100+ verified listings. Get free quotes on VenueConnect Gujarat.",Best Luxury Venues in Palanpur,luxury venues in Palanpur,"luxury venues for rent Palanpur, luxury venues booking Palanpur, best luxury venues Palanpur, affordable luxury venues Palanpur",Transactional,High
  EVENT + CITY AREA PAGES (Hyper-local),,,,,,,,,
Page Type,Page Title,URL Slug,Meta Title,Meta Description,H1 Tag,Target Keyword,Secondary Keywords,Search Intent,Priority
Event + City Area,"Wedding Venues in Station Road, Palanpur | VenueConnect",/palanpur/station-road/wedding-venues/,"Best Wedding Venues in Station Road, Palanpur | Book Near You - VenueConnect","Find the perfect wedding venue in Station Road, Palanpur. Compare halls, farmhouses & party plots near Station Road. Get instant leads & free quotes on VenueConnect.","Best Wedding Venues in Station Road, Palanpur",wedding venues in Station Road Palanpur,"wedding venue Station Road, wedding hall near Station Road Palanpur, wedding venue near Station Road",Transactional (Hyper-local),High
Event + City Area,"Birthday Party Venues in Station Road, Palanpur | VenueConnect",/palanpur/station-road/birthday-party-venues/,"Best Birthday Party Venues in Station Road, Palanpur | Book Near You - VenueConnect","Find the perfect birthday party venue in Station Road, Palanpur. Compare halls, farmhouses & party plots near Station Road. Get instant leads & free quotes on VenueConnect.","Best Birthday Party Venues in Station Road, Palanpur",birthday party venues in Station Road Palanpur,"birthday party venue Station Road, birthday party hall near Station Road Palanpur, birthday party venue near Station Road",Transactional (Hyper-local),High
Event + City Area,"Engagement Venues in Station Road, Palanpur | VenueConnect",/palanpur/station-road/engagement-venues/,"Best Engagement Venues in Station Road, Palanpur | Book Near You - VenueConnect","Find the perfect engagement venue in Station Road, Palanpur. Compare halls, farmhouses & party plots near Station Road. Get instant leads & free quotes on VenueConnect.","Best Engagement Venues in Station Road, Palanpur",engagement venues in Station Road Palanpur,"engagement venue Station Road, engagement hall near Station Road Palanpur, engagement venue near Station Road",Transactional (Hyper-local),High
Event + City Area,"Corporate Event Venues in Station Road, Palanpur | VenueConnect",/palanpur/station-road/corporate-event-venues/,"Best Corporate Event Venues in Station Road, Palanpur | Book Near You - VenueConnect","Find the perfect corporate event venue in Station Road, Palanpur. Compare halls, farmhouses & party plots near Station Road. Get instant leads & free quotes on VenueConnect.","Best Corporate Event Venues in Station Road, Palanpur",corporate event venues in Station Road Palanpur,"corporate event venue Station Road, corporate event hall near Station Road Palanpur, corporate event venue near Station Road",Transactional (Hyper-local),High
Event + City Area,"Reception Venues in Station Road, Palanpur | VenueConnect",/palanpur/station-road/reception-venues/,"Best Reception Venues in Station Road, Palanpur | Book Near You - VenueConnect","Find the perfect reception venue in Station Road, Palanpur. Compare halls, farmhouses & party plots near Station Road. Get instant leads & free quotes on VenueConnect.","Best Reception Venues in Station Road, Palanpur",reception venues in Station Road Palanpur,"reception venue Station Road, reception hall near Station Road Palanpur, reception venue near Station Road",Transactional (Hyper-local),High
Event + City Area,"Wedding Venues in Ambaji Road, Palanpur | VenueConnect",/palanpur/ambaji-road/wedding-venues/,"Best Wedding Venues in Ambaji Road, Palanpur | Book Near You - VenueConnect","Find the perfect wedding venue in Ambaji Road, Palanpur. Compare halls, farmhouses & party plots near Ambaji Road. Get instant leads & free quotes on VenueConnect.","Best Wedding Venues in Ambaji Road, Palanpur",wedding venues in Ambaji Road Palanpur,"wedding venue Ambaji Road, wedding hall near Ambaji Road Palanpur, wedding venue near Ambaji Road",Transactional (Hyper-local),High
Event + City Area,"Birthday Party Venues in Ambaji Road, Palanpur | VenueConnect",/palanpur/ambaji-road/birthday-party-venues/,"Best Birthday Party Venues in Ambaji Road, Palanpur | Book Near You - VenueConnect","Find the perfect birthday party venue in Ambaji Road, Palanpur. Compare halls, farmhouses & party plots near Ambaji Road. Get instant leads & free quotes on VenueConnect.","Best Birthday Party Venues in Ambaji Road, Palanpur",birthday party venues in Ambaji Road Palanpur,"birthday party venue Ambaji Road, birthday party hall near Ambaji Road Palanpur, birthday party venue near Ambaji Road",Transactional (Hyper-local),High
Event + City Area,"Engagement Venues in Ambaji Road, Palanpur | VenueConnect",/palanpur/ambaji-road/engagement-venues/,"Best Engagement Venues in Ambaji Road, Palanpur | Book Near You - VenueConnect","Find the perfect engagement venue in Ambaji Road, Palanpur. Compare halls, farmhouses & party plots near Ambaji Road. Get instant leads & free quotes on VenueConnect.","Best Engagement Venues in Ambaji Road, Palanpur",engagement venues in Ambaji Road Palanpur,"engagement venue Ambaji Road, engagement hall near Ambaji Road Palanpur, engagement venue near Ambaji Road",Transactional (Hyper-local),High
Event + City Area,"Corporate Event Venues in Ambaji Road, Palanpur | VenueConnect",/palanpur/ambaji-road/corporate-event-venues/,"Best Corporate Event Venues in Ambaji Road, Palanpur | Book Near You - VenueConnect","Find the perfect corporate event venue in Ambaji Road, Palanpur. Compare halls, farmhouses & party plots near Ambaji Road. Get instant leads & free quotes on VenueConnect.","Best Corporate Event Venues in Ambaji Road, Palanpur",corporate event venues in Ambaji Road Palanpur,"corporate event venue Ambaji Road, corporate event hall near Ambaji Road Palanpur, corporate event venue near Ambaji Road",Transactional (Hyper-local),High
Event + City Area,"Reception Venues in Ambaji Road, Palanpur | VenueConnect",/palanpur/ambaji-road/reception-venues/,"Best Reception Venues in Ambaji Road, Palanpur | Book Near You - VenueConnect","Find the perfect reception venue in Ambaji Road, Palanpur. Compare halls, farmhouses & party plots near Ambaji Road. Get instant leads & free quotes on VenueConnect.","Best Reception Venues in Ambaji Road, Palanpur",reception venues in Ambaji Road Palanpur,"reception venue Ambaji Road, reception hall near Ambaji Road Palanpur, reception venue near Ambaji Road",Transactional (Hyper-local),High
Event + City Area,"Wedding Venues in Deesa Road, Palanpur | VenueConnect",/palanpur/deesa-road/wedding-venues/,"Best Wedding Venues in Deesa Road, Palanpur | Book Near You - VenueConnect","Find the perfect wedding venue in Deesa Road, Palanpur. Compare halls, farmhouses & party plots near Deesa Road. Get instant leads & free quotes on VenueConnect.","Best Wedding Venues in Deesa Road, Palanpur",wedding venues in Deesa Road Palanpur,"wedding venue Deesa Road, wedding hall near Deesa Road Palanpur, wedding venue near Deesa Road",Transactional (Hyper-local),High
Event + City Area,"Birthday Party Venues in Deesa Road, Palanpur | VenueConnect",/palanpur/deesa-road/birthday-party-venues/,"Best Birthday Party Venues in Deesa Road, Palanpur | Book Near You - VenueConnect","Find the perfect birthday party venue in Deesa Road, Palanpur. Compare halls, farmhouses & party plots near Deesa Road. Get instant leads & free quotes on VenueConnect.","Best Birthday Party Venues in Deesa Road, Palanpur",birthday party venues in Deesa Road Palanpur,"birthday party venue Deesa Road, birthday party hall near Deesa Road Palanpur, birthday party venue near Deesa Road",Transactional (Hyper-local),High
Event + City Area,"Engagement Venues in Deesa Road, Palanpur | VenueConnect",/palanpur/deesa-road/engagement-venues/,"Best Engagement Venues in Deesa Road, Palanpur | Book Near You - VenueConnect","Find the perfect engagement venue in Deesa Road, Palanpur. Compare halls, farmhouses & party plots near Deesa Road. Get instant leads & free quotes on VenueConnect.","Best Engagement Venues in Deesa Road, Palanpur",engagement venues in Deesa Road Palanpur,"engagement venue Deesa Road, engagement hall near Deesa Road Palanpur, engagement venue near Deesa Road",Transactional (Hyper-local),High
Event + City Area,"Corporate Event Venues in Deesa Road, Palanpur | VenueConnect",/palanpur/deesa-road/corporate-event-venues/,"Best Corporate Event Venues in Deesa Road, Palanpur | Book Near You - VenueConnect","Find the perfect corporate event venue in Deesa Road, Palanpur. Compare halls, farmhouses & party plots near Deesa Road. Get instant leads & free quotes on VenueConnect.","Best Corporate Event Venues in Deesa Road, Palanpur",corporate event venues in Deesa Road Palanpur,"corporate event venue Deesa Road, corporate event hall near Deesa Road Palanpur, corporate event venue near Deesa Road",Transactional (Hyper-local),High
Event + City Area,"Reception Venues in Deesa Road, Palanpur | VenueConnect",/palanpur/deesa-road/reception-venues/,"Best Reception Venues in Deesa Road, Palanpur | Book Near You - VenueConnect","Find the perfect reception venue in Deesa Road, Palanpur. Compare halls, farmhouses & party plots near Deesa Road. Get instant leads & free quotes on VenueConnect.","Best Reception Venues in Deesa Road, Palanpur",reception venues in Deesa Road Palanpur,"reception venue Deesa Road, reception hall near Deesa Road Palanpur, reception venue near Deesa Road",Transactional (Hyper-local),High
Event + City Area,"Wedding Venues in GIDC, Palanpur | VenueConnect",/palanpur/gidc/wedding-venues/,"Best Wedding Venues in GIDC, Palanpur | Book Near You - VenueConnect","Find the perfect wedding venue in GIDC, Palanpur. Compare halls, farmhouses & party plots near GIDC. Get instant leads & free quotes on VenueConnect.","Best Wedding Venues in GIDC, Palanpur",wedding venues in GIDC Palanpur,"wedding venue GIDC, wedding hall near GIDC Palanpur, wedding venue near GIDC",Transactional (Hyper-local),High
Event + City Area,"Birthday Party Venues in GIDC, Palanpur | VenueConnect",/palanpur/gidc/birthday-party-venues/,"Best Birthday Party Venues in GIDC, Palanpur | Book Near You - VenueConnect","Find the perfect birthday party venue in GIDC, Palanpur. Compare halls, farmhouses & party plots near GIDC. Get instant leads & free quotes on VenueConnect.","Best Birthday Party Venues in GIDC, Palanpur",birthday party venues in GIDC Palanpur,"birthday party venue GIDC, birthday party hall near GIDC Palanpur, birthday party venue near GIDC",Transactional (Hyper-local),High
Event + City Area,"Engagement Venues in GIDC, Palanpur | VenueConnect",/palanpur/gidc/engagement-venues/,"Best Engagement Venues in GIDC, Palanpur | Book Near You - VenueConnect","Find the perfect engagement venue in GIDC, Palanpur. Compare halls, farmhouses & party plots near GIDC. Get instant leads & free quotes on VenueConnect.","Best Engagement Venues in GIDC, Palanpur",engagement venues in GIDC Palanpur,"engagement venue GIDC, engagement hall near GIDC Palanpur, engagement venue near GIDC",Transactional (Hyper-local),High
Event + City Area,"Corporate Event Venues in GIDC, Palanpur | VenueConnect",/palanpur/gidc/corporate-event-venues/,"Best Corporate Event Venues in GIDC, Palanpur | Book Near You - VenueConnect","Find the perfect corporate event venue in GIDC, Palanpur. Compare halls, farmhouses & party plots near GIDC. Get instant leads & free quotes on VenueConnect.","Best Corporate Event Venues in GIDC, Palanpur",corporate event venues in GIDC Palanpur,"corporate event venue GIDC, corporate event hall near GIDC Palanpur, corporate event venue near GIDC",Transactional (Hyper-local),High
Event + City Area,"Reception Venues in GIDC, Palanpur | VenueConnect",/palanpur/gidc/reception-venues/,"Best Reception Venues in GIDC, Palanpur | Book Near You - VenueConnect","Find the perfect reception venue in GIDC, Palanpur. Compare halls, farmhouses & party plots near GIDC. Get instant leads & free quotes on VenueConnect.","Best Reception Venues in GIDC, Palanpur",reception venues in GIDC Palanpur,"reception venue GIDC, reception hall near GIDC Palanpur, reception venue near GIDC",Transactional (Hyper-local),High
Event + City Area,"Wedding Venues in Malan Road, Palanpur | VenueConnect",/palanpur/malan-road/wedding-venues/,"Best Wedding Venues in Malan Road, Palanpur | Book Near You - VenueConnect","Find the perfect wedding venue in Malan Road, Palanpur. Compare halls, farmhouses & party plots near Malan Road. Get instant leads & free quotes on VenueConnect.","Best Wedding Venues in Malan Road, Palanpur",wedding venues in Malan Road Palanpur,"wedding venue Malan Road, wedding hall near Malan Road Palanpur, wedding venue near Malan Road",Transactional (Hyper-local),High
Event + City Area,"Birthday Party Venues in Malan Road, Palanpur | VenueConnect",/palanpur/malan-road/birthday-party-venues/,"Best Birthday Party Venues in Malan Road, Palanpur | Book Near You - VenueConnect","Find the perfect birthday party venue in Malan Road, Palanpur. Compare halls, farmhouses & party plots near Malan Road. Get instant leads & free quotes on VenueConnect.","Best Birthday Party Venues in Malan Road, Palanpur",birthday party venues in Malan Road Palanpur,"birthday party venue Malan Road, birthday party hall near Malan Road Palanpur, birthday party venue near Malan Road",Transactional (Hyper-local),High
Event + City Area,"Engagement Venues in Malan Road, Palanpur | VenueConnect",/palanpur/malan-road/engagement-venues/,"Best Engagement Venues in Malan Road, Palanpur | Book Near You - VenueConnect","Find the perfect engagement venue in Malan Road, Palanpur. Compare halls, farmhouses & party plots near Malan Road. Get instant leads & free quotes on VenueConnect.","Best Engagement Venues in Malan Road, Palanpur",engagement venues in Malan Road Palanpur,"engagement venue Malan Road, engagement hall near Malan Road Palanpur, engagement venue near Malan Road",Transactional (Hyper-local),High
Event + City Area,"Corporate Event Venues in Malan Road, Palanpur | VenueConnect",/palanpur/malan-road/corporate-event-venues/,"Best Corporate Event Venues in Malan Road, Palanpur | Book Near You - VenueConnect","Find the perfect corporate event venue in Malan Road, Palanpur. Compare halls, farmhouses & party plots near Malan Road. Get instant leads & free quotes on VenueConnect.","Best Corporate Event Venues in Malan Road, Palanpur",corporate event venues in Malan Road Palanpur,"corporate event venue Malan Road, corporate event hall near Malan Road Palanpur, corporate event venue near Malan Road",Transactional (Hyper-local),High
Event + City Area,"Reception Venues in Malan Road, Palanpur | VenueConnect",/palanpur/malan-road/reception-venues/,"Best Reception Venues in Malan Road, Palanpur | Book Near You - VenueConnect","Find the perfect reception venue in Malan Road, Palanpur. Compare halls, farmhouses & party plots near Malan Road. Get instant leads & free quotes on VenueConnect.","Best Reception Venues in Malan Road, Palanpur",reception venues in Malan Road Palanpur,"reception venue Malan Road, reception hall near Malan Road Palanpur, reception venue near Malan Road",Transactional (Hyper-local),High
Event + City Area,"Wedding Venues in Highway, Palanpur | VenueConnect",/palanpur/highway/wedding-venues/,"Best Wedding Venues in Highway, Palanpur | Book Near You - VenueConnect","Find the perfect wedding venue in Highway, Palanpur. Compare halls, farmhouses & party plots near Highway. Get instant leads & free quotes on VenueConnect.","Best Wedding Venues in Highway, Palanpur",wedding venues in Highway Palanpur,"wedding venue Highway, wedding hall near Highway Palanpur, wedding venue near Highway",Transactional (Hyper-local),High
Event + City Area,"Birthday Party Venues in Highway, Palanpur | VenueConnect",/palanpur/highway/birthday-party-venues/,"Best Birthday Party Venues in Highway, Palanpur | Book Near You - VenueConnect","Find the perfect birthday party venue in Highway, Palanpur. Compare halls, farmhouses & party plots near Highway. Get instant leads & free quotes on VenueConnect.","Best Birthday Party Venues in Highway, Palanpur",birthday party venues in Highway Palanpur,"birthday party venue Highway, birthday party hall near Highway Palanpur, birthday party venue near Highway",Transactional (Hyper-local),High
Event + City Area,"Engagement Venues in Highway, Palanpur | VenueConnect",/palanpur/highway/engagement-venues/,"Best Engagement Venues in Highway, Palanpur | Book Near You - VenueConnect","Find the perfect engagement venue in Highway, Palanpur. Compare halls, farmhouses & party plots near Highway. Get instant leads & free quotes on VenueConnect.","Best Engagement Venues in Highway, Palanpur",engagement venues in Highway Palanpur,"engagement venue Highway, engagement hall near Highway Palanpur, engagement venue near Highway",Transactional (Hyper-local),High
Event + City Area,"Corporate Event Venues in Highway, Palanpur | VenueConnect",/palanpur/highway/corporate-event-venues/,"Best Corporate Event Venues in Highway, Palanpur | Book Near You - VenueConnect","Find the perfect corporate event venue in Highway, Palanpur. Compare halls, farmhouses & party plots near Highway. Get instant leads & free quotes on VenueConnect.","Best Corporate Event Venues in Highway, Palanpur",corporate event venues in Highway Palanpur,"corporate event venue Highway, corporate event hall near Highway Palanpur, corporate event venue near Highway",Transactional (Hyper-local),High
Event + City Area,"Reception Venues in Highway, Palanpur | VenueConnect",/palanpur/highway/reception-venues/,"Best Reception Venues in Highway, Palanpur | Book Near You - VenueConnect","Find the perfect reception venue in Highway, Palanpur. Compare halls, farmhouses & party plots near Highway. Get instant leads & free quotes on VenueConnect.","Best Reception Venues in Highway, Palanpur",reception venues in Highway Palanpur,"reception venue Highway, reception hall near Highway Palanpur, reception venue near Highway",Transactional (Hyper-local),High
Event + City Area,"Wedding Venues in Abu Road, Palanpur | VenueConnect",/palanpur/abu-road/wedding-venues/,"Best Wedding Venues in Abu Road, Palanpur | Book Near You - VenueConnect","Find the perfect wedding venue in Abu Road, Palanpur. Compare halls, farmhouses & party plots near Abu Road. Get instant leads & free quotes on VenueConnect.","Best Wedding Venues in Abu Road, Palanpur",wedding venues in Abu Road Palanpur,"wedding venue Abu Road, wedding hall near Abu Road Palanpur, wedding venue near Abu Road",Transactional (Hyper-local),High
Event + City Area,"Birthday Party Venues in Abu Road, Palanpur | VenueConnect",/palanpur/abu-road/birthday-party-venues/,"Best Birthday Party Venues in Abu Road, Palanpur | Book Near You - VenueConnect","Find the perfect birthday party venue in Abu Road, Palanpur. Compare halls, farmhouses & party plots near Abu Road. Get instant leads & free quotes on VenueConnect.","Best Birthday Party Venues in Abu Road, Palanpur",birthday party venues in Abu Road Palanpur,"birthday party venue Abu Road, birthday party hall near Abu Road Palanpur, birthday party venue near Abu Road",Transactional (Hyper-local),High
Event + City Area,"Engagement Venues in Abu Road, Palanpur | VenueConnect",/palanpur/abu-road/engagement-venues/,"Best Engagement Venues in Abu Road, Palanpur | Book Near You - VenueConnect","Find the perfect engagement venue in Abu Road, Palanpur. Compare halls, farmhouses & party plots near Abu Road. Get instant leads & free quotes on VenueConnect.","Best Engagement Venues in Abu Road, Palanpur",engagement venues in Abu Road Palanpur,"engagement venue Abu Road, engagement hall near Abu Road Palanpur, engagement venue near Abu Road",Transactional (Hyper-local),High
Event + City Area,"Corporate Event Venues in Abu Road, Palanpur | VenueConnect",/palanpur/abu-road/corporate-event-venues/,"Best Corporate Event Venues in Abu Road, Palanpur | Book Near You - VenueConnect","Find the perfect corporate event venue in Abu Road, Palanpur. Compare halls, farmhouses & party plots near Abu Road. Get instant leads & free quotes on VenueConnect.","Best Corporate Event Venues in Abu Road, Palanpur",corporate event venues in Abu Road Palanpur,"corporate event venue Abu Road, corporate event hall near Abu Road Palanpur, corporate event venue near Abu Road",Transactional (Hyper-local),High
Event + City Area,"Reception Venues in Abu Road, Palanpur | VenueConnect",/palanpur/abu-road/reception-venues/,"Best Reception Venues in Abu Road, Palanpur | Book Near You - VenueConnect","Find the perfect reception venue in Abu Road, Palanpur. Compare halls, farmhouses & party plots near Abu Road. Get instant leads & free quotes on VenueConnect.","Best Reception Venues in Abu Road, Palanpur",reception venues in Abu Road Palanpur,"reception venue Abu Road, reception hall near Abu Road Palanpur, reception venue near Abu Road",Transactional (Hyper-local),High
Event + City Area,"Wedding Venues in Agam Talav, Palanpur | VenueConnect",/palanpur/agam-talav/wedding-venues/,"Best Wedding Venues in Agam Talav, Palanpur | Book Near You - VenueConnect","Find the perfect wedding venue in Agam Talav, Palanpur. Compare halls, farmhouses & party plots near Agam Talav. Get instant leads & free quotes on VenueConnect.","Best Wedding Venues in Agam Talav, Palanpur",wedding venues in Agam Talav Palanpur,"wedding venue Agam Talav, wedding hall near Agam Talav Palanpur, wedding venue near Agam Talav",Transactional (Hyper-local),High
Event + City Area,"Birthday Party Venues in Agam Talav, Palanpur | VenueConnect",/palanpur/agam-talav/birthday-party-venues/,"Best Birthday Party Venues in Agam Talav, Palanpur | Book Near You - VenueConnect","Find the perfect birthday party venue in Agam Talav, Palanpur. Compare halls, farmhouses & party plots near Agam Talav. Get instant leads & free quotes on VenueConnect.","Best Birthday Party Venues in Agam Talav, Palanpur",birthday party venues in Agam Talav Palanpur,"birthday party venue Agam Talav, birthday party hall near Agam Talav Palanpur, birthday party venue near Agam Talav",Transactional (Hyper-local),High
Event + City Area,"Engagement Venues in Agam Talav, Palanpur | VenueConnect",/palanpur/agam-talav/engagement-venues/,"Best Engagement Venues in Agam Talav, Palanpur | Book Near You - VenueConnect","Find the perfect engagement venue in Agam Talav, Palanpur. Compare halls, farmhouses & party plots near Agam Talav. Get instant leads & free quotes on VenueConnect.","Best Engagement Venues in Agam Talav, Palanpur",engagement venues in Agam Talav Palanpur,"engagement venue Agam Talav, engagement hall near Agam Talav Palanpur, engagement venue near Agam Talav",Transactional (Hyper-local),High
Event + City Area,"Corporate Event Venues in Agam Talav, Palanpur | VenueConnect",/palanpur/agam-talav/corporate-event-venues/,"Best Corporate Event Venues in Agam Talav, Palanpur | Book Near You - VenueConnect","Find the perfect corporate event venue in Agam Talav, Palanpur. Compare halls, farmhouses & party plots near Agam Talav. Get instant leads & free quotes on VenueConnect.","Best Corporate Event Venues in Agam Talav, Palanpur",corporate event venues in Agam Talav Palanpur,"corporate event venue Agam Talav, corporate event hall near Agam Talav Palanpur, corporate event venue near Agam Talav",Transactional (Hyper-local),High
Event + City Area,"Reception Venues in Agam Talav, Palanpur | VenueConnect",/palanpur/agam-talav/reception-venues/,"Best Reception Venues in Agam Talav, Palanpur | Book Near You - VenueConnect","Find the perfect reception venue in Agam Talav, Palanpur. Compare halls, farmhouses & party plots near Agam Talav. Get instant leads & free quotes on VenueConnect.","Best Reception Venues in Agam Talav, Palanpur",reception venues in Agam Talav Palanpur,"reception venue Agam Talav, reception hall near Agam Talav Palanpur, reception venue near Agam Talav",Transactional (Hyper-local),High
Event + City Area,"Wedding Venues in Balaram Road, Palanpur | VenueConnect",/palanpur/balaram-road/wedding-venues/,"Best Wedding Venues in Balaram Road, Palanpur | Book Near You - VenueConnect","Find the perfect wedding venue in Balaram Road, Palanpur. Compare halls, farmhouses & party plots near Balaram Road. Get instant leads & free quotes on VenueConnect.","Best Wedding Venues in Balaram Road, Palanpur",wedding venues in Balaram Road Palanpur,"wedding venue Balaram Road, wedding hall near Balaram Road Palanpur, wedding venue near Balaram Road",Transactional (Hyper-local),High
Event + City Area,"Birthday Party Venues in Balaram Road, Palanpur | VenueConnect",/palanpur/balaram-road/birthday-party-venues/,"Best Birthday Party Venues in Balaram Road, Palanpur | Book Near You - VenueConnect","Find the perfect birthday party venue in Balaram Road, Palanpur. Compare halls, farmhouses & party plots near Balaram Road. Get instant leads & free quotes on VenueConnect.","Best Birthday Party Venues in Balaram Road, Palanpur",birthday party venues in Balaram Road Palanpur,"birthday party venue Balaram Road, birthday party hall near Balaram Road Palanpur, birthday party venue near Balaram Road",Transactional (Hyper-local),High
Event + City Area,"Engagement Venues in Balaram Road, Palanpur | VenueConnect",/palanpur/balaram-road/engagement-venues/,"Best Engagement Venues in Balaram Road, Palanpur | Book Near You - VenueConnect","Find the perfect engagement venue in Balaram Road, Palanpur. Compare halls, farmhouses & party plots near Balaram Road. Get instant leads & free quotes on VenueConnect.","Best Engagement Venues in Balaram Road, Palanpur",engagement venues in Balaram Road Palanpur,"engagement venue Balaram Road, engagement hall near Balaram Road Palanpur, engagement venue near Balaram Road",Transactional (Hyper-local),High
Event + City Area,"Corporate Event Venues in Balaram Road, Palanpur | VenueConnect",/palanpur/balaram-road/corporate-event-venues/,"Best Corporate Event Venues in Balaram Road, Palanpur | Book Near You - VenueConnect","Find the perfect corporate event venue in Balaram Road, Palanpur. Compare halls, farmhouses & party plots near Balaram Road. Get instant leads & free quotes on VenueConnect.","Best Corporate Event Venues in Balaram Road, Palanpur",corporate event venues in Balaram Road Palanpur,"corporate event venue Balaram Road, corporate event hall near Balaram Road Palanpur, corporate event venue near Balaram Road",Transactional (Hyper-local),High
Event + City Area,"Reception Venues in Balaram Road, Palanpur | VenueConnect",/palanpur/balaram-road/reception-venues/,"Best Reception Venues in Balaram Road, Palanpur | Book Near You - VenueConnect","Find the perfect reception venue in Balaram Road, Palanpur. Compare halls, farmhouses & party plots near Balaram Road. Get instant leads & free quotes on VenueConnect.","Best Reception Venues in Balaram Road, Palanpur",reception venues in Balaram Road Palanpur,"reception venue Balaram Road, reception hall near Balaram Road Palanpur, reception venue near Balaram Road",Transactional (Hyper-local),High
Event + City Area,"Wedding Venues in Chanasma Road, Palanpur | VenueConnect",/palanpur/chanasma-road/wedding-venues/,"Best Wedding Venues in Chanasma Road, Palanpur | Book Near You - VenueConnect","Find the perfect wedding venue in Chanasma Road, Palanpur. Compare halls, farmhouses & party plots near Chanasma Road. Get instant leads & free quotes on VenueConnect.","Best Wedding Venues in Chanasma Road, Palanpur",wedding venues in Chanasma Road Palanpur,"wedding venue Chanasma Road, wedding hall near Chanasma Road Palanpur, wedding venue near Chanasma Road",Transactional (Hyper-local),High
Event + City Area,"Birthday Party Venues in Chanasma Road, Palanpur | VenueConnect",/palanpur/chanasma-road/birthday-party-venues/,"Best Birthday Party Venues in Chanasma Road, Palanpur | Book Near You - VenueConnect","Find the perfect birthday party venue in Chanasma Road, Palanpur. Compare halls, farmhouses & party plots near Chanasma Road. Get instant leads & free quotes on VenueConnect.","Best Birthday Party Venues in Chanasma Road, Palanpur",birthday party venues in Chanasma Road Palanpur,"birthday party venue Chanasma Road, birthday party hall near Chanasma Road Palanpur, birthday party venue near Chanasma Road",Transactional (Hyper-local),High
Event + City Area,"Engagement Venues in Chanasma Road, Palanpur | VenueConnect",/palanpur/chanasma-road/engagement-venues/,"Best Engagement Venues in Chanasma Road, Palanpur | Book Near You - VenueConnect","Find the perfect engagement venue in Chanasma Road, Palanpur. Compare halls, farmhouses & party plots near Chanasma Road. Get instant leads & free quotes on VenueConnect.","Best Engagement Venues in Chanasma Road, Palanpur",engagement venues in Chanasma Road Palanpur,"engagement venue Chanasma Road, engagement hall near Chanasma Road Palanpur, engagement venue near Chanasma Road",Transactional (Hyper-local),High
Event + City Area,"Corporate Event Venues in Chanasma Road, Palanpur | VenueConnect",/palanpur/chanasma-road/corporate-event-venues/,"Best Corporate Event Venues in Chanasma Road, Palanpur | Book Near You - VenueConnect","Find the perfect corporate event venue in Chanasma Road, Palanpur. Compare halls, farmhouses & party plots near Chanasma Road. Get instant leads & free quotes on VenueConnect.","Best Corporate Event Venues in Chanasma Road, Palanpur",corporate event venues in Chanasma Road Palanpur,"corporate event venue Chanasma Road, corporate event hall near Chanasma Road Palanpur, corporate event venue near Chanasma Road",Transactional (Hyper-local),High
Event + City Area,"Reception Venues in Chanasma Road, Palanpur | VenueConnect",/palanpur/chanasma-road/reception-venues/,"Best Reception Venues in Chanasma Road, Palanpur | Book Near You - VenueConnect","Find the perfect reception venue in Chanasma Road, Palanpur. Compare halls, farmhouses & party plots near Chanasma Road. Get instant leads & free quotes on VenueConnect.","Best Reception Venues in Chanasma Road, Palanpur",reception venues in Chanasma Road Palanpur,"reception venue Chanasma Road, reception hall near Chanasma Road Palanpur, reception venue near Chanasma Road",Transactional (Hyper-local),High
Event + City Area,"Wedding Venues in College Road, Palanpur | VenueConnect",/palanpur/college-road/wedding-venues/,"Best Wedding Venues in College Road, Palanpur | Book Near You - VenueConnect","Find the perfect wedding venue in College Road, Palanpur. Compare halls, farmhouses & party plots near College Road. Get instant leads & free quotes on VenueConnect.","Best Wedding Venues in College Road, Palanpur",wedding venues in College Road Palanpur,"wedding venue College Road, wedding hall near College Road Palanpur, wedding venue near College Road",Transactional (Hyper-local),High
Event + City Area,"Birthday Party Venues in College Road, Palanpur | VenueConnect",/palanpur/college-road/birthday-party-venues/,"Best Birthday Party Venues in College Road, Palanpur | Book Near You - VenueConnect","Find the perfect birthday party venue in College Road, Palanpur. Compare halls, farmhouses & party plots near College Road. Get instant leads & free quotes on VenueConnect.","Best Birthday Party Venues in College Road, Palanpur",birthday party venues in College Road Palanpur,"birthday party venue College Road, birthday party hall near College Road Palanpur, birthday party venue near College Road",Transactional (Hyper-local),High
Event + City Area,"Engagement Venues in College Road, Palanpur | VenueConnect",/palanpur/college-road/engagement-venues/,"Best Engagement Venues in College Road, Palanpur | Book Near You - VenueConnect","Find the perfect engagement venue in College Road, Palanpur. Compare halls, farmhouses & party plots near College Road. Get instant leads & free quotes on VenueConnect.","Best Engagement Venues in College Road, Palanpur",engagement venues in College Road Palanpur,"engagement venue College Road, engagement hall near College Road Palanpur, engagement venue near College Road",Transactional (Hyper-local),High
Event + City Area,"Corporate Event Venues in College Road, Palanpur | VenueConnect",/palanpur/college-road/corporate-event-venues/,"Best Corporate Event Venues in College Road, Palanpur | Book Near You - VenueConnect","Find the perfect corporate event venue in College Road, Palanpur. Compare halls, farmhouses & party plots near College Road. Get instant leads & free quotes on VenueConnect.","Best Corporate Event Venues in College Road, Palanpur",corporate event venues in College Road Palanpur,"corporate event venue College Road, corporate event hall near College Road Palanpur, corporate event venue near College Road",Transactional (Hyper-local),High
Event + City Area,"Reception Venues in College Road, Palanpur | VenueConnect",/palanpur/college-road/reception-venues/,"Best Reception Venues in College Road, Palanpur | Book Near You - VenueConnect","Find the perfect reception venue in College Road, Palanpur. Compare halls, farmhouses & party plots near College Road. Get instant leads & free quotes on VenueConnect.","Best Reception Venues in College Road, Palanpur",reception venues in College Road Palanpur,"reception venue College Road, reception hall near College Road Palanpur, reception venue near College Road",Transactional (Hyper-local),High
Event + City Area,"Wedding Venues in Court Road, Palanpur | VenueConnect",/palanpur/court-road/wedding-venues/,"Best Wedding Venues in Court Road, Palanpur | Book Near You - VenueConnect","Find the perfect wedding venue in Court Road, Palanpur. Compare halls, farmhouses & party plots near Court Road. Get instant leads & free quotes on VenueConnect.","Best Wedding Venues in Court Road, Palanpur",wedding venues in Court Road Palanpur,"wedding venue Court Road, wedding hall near Court Road Palanpur, wedding venue near Court Road",Transactional (Hyper-local),High
Event + City Area,"Birthday Party Venues in Court Road, Palanpur | VenueConnect",/palanpur/court-road/birthday-party-venues/,"Best Birthday Party Venues in Court Road, Palanpur | Book Near You - VenueConnect","Find the perfect birthday party venue in Court Road, Palanpur. Compare halls, farmhouses & party plots near Court Road. Get instant leads & free quotes on VenueConnect.","Best Birthday Party Venues in Court Road, Palanpur",birthday party venues in Court Road Palanpur,"birthday party venue Court Road, birthday party hall near Court Road Palanpur, birthday party venue near Court Road",Transactional (Hyper-local),High
Event + City Area,"Engagement Venues in Court Road, Palanpur | VenueConnect",/palanpur/court-road/engagement-venues/,"Best Engagement Venues in Court Road, Palanpur | Book Near You - VenueConnect","Find the perfect engagement venue in Court Road, Palanpur. Compare halls, farmhouses & party plots near Court Road. Get instant leads & free quotes on VenueConnect.","Best Engagement Venues in Court Road, Palanpur",engagement venues in Court Road Palanpur,"engagement venue Court Road, engagement hall near Court Road Palanpur, engagement venue near Court Road",Transactional (Hyper-local),High
Event + City Area,"Corporate Event Venues in Court Road, Palanpur | VenueConnect",/palanpur/court-road/corporate-event-venues/,"Best Corporate Event Venues in Court Road, Palanpur | Book Near You - VenueConnect","Find the perfect corporate event venue in Court Road, Palanpur. Compare halls, farmhouses & party plots near Court Road. Get instant leads & free quotes on VenueConnect.","Best Corporate Event Venues in Court Road, Palanpur",corporate event venues in Court Road Palanpur,"corporate event venue Court Road, corporate event hall near Court Road Palanpur, corporate event venue near Court Road",Transactional (Hyper-local),High
Event + City Area,"Reception Venues in Court Road, Palanpur | VenueConnect",/palanpur/court-road/reception-venues/,"Best Reception Venues in Court Road, Palanpur | Book Near You - VenueConnect","Find the perfect reception venue in Court Road, Palanpur. Compare halls, farmhouses & party plots near Court Road. Get instant leads & free quotes on VenueConnect.","Best Reception Venues in Court Road, Palanpur",reception venues in Court Road Palanpur,"reception venue Court Road, reception hall near Court Road Palanpur, reception venue near Court Road",Transactional (Hyper-local),High
Event + City Area,"Wedding Venues in Danta Road, Palanpur | VenueConnect",/palanpur/danta-road/wedding-venues/,"Best Wedding Venues in Danta Road, Palanpur | Book Near You - VenueConnect","Find the perfect wedding venue in Danta Road, Palanpur. Compare halls, farmhouses & party plots near Danta Road. Get instant leads & free quotes on VenueConnect.","Best Wedding Venues in Danta Road, Palanpur",wedding venues in Danta Road Palanpur,"wedding venue Danta Road, wedding hall near Danta Road Palanpur, wedding venue near Danta Road",Transactional (Hyper-local),High
Event + City Area,"Birthday Party Venues in Danta Road, Palanpur | VenueConnect",/palanpur/danta-road/birthday-party-venues/,"Best Birthday Party Venues in Danta Road, Palanpur | Book Near You - VenueConnect","Find the perfect birthday party venue in Danta Road, Palanpur. Compare halls, farmhouses & party plots near Danta Road. Get instant leads & free quotes on VenueConnect.","Best Birthday Party Venues in Danta Road, Palanpur",birthday party venues in Danta Road Palanpur,"birthday party venue Danta Road, birthday party hall near Danta Road Palanpur, birthday party venue near Danta Road",Transactional (Hyper-local),High
Event + City Area,"Engagement Venues in Danta Road, Palanpur | VenueConnect",/palanpur/danta-road/engagement-venues/,"Best Engagement Venues in Danta Road, Palanpur | Book Near You - VenueConnect","Find the perfect engagement venue in Danta Road, Palanpur. Compare halls, farmhouses & party plots near Danta Road. Get instant leads & free quotes on VenueConnect.","Best Engagement Venues in Danta Road, Palanpur",engagement venues in Danta Road Palanpur,"engagement venue Danta Road, engagement hall near Danta Road Palanpur, engagement venue near Danta Road",Transactional (Hyper-local),High
Event + City Area,"Corporate Event Venues in Danta Road, Palanpur | VenueConnect",/palanpur/danta-road/corporate-event-venues/,"Best Corporate Event Venues in Danta Road, Palanpur | Book Near You - VenueConnect","Find the perfect corporate event venue in Danta Road, Palanpur. Compare halls, farmhouses & party plots near Danta Road. Get instant leads & free quotes on VenueConnect.","Best Corporate Event Venues in Danta Road, Palanpur",corporate event venues in Danta Road Palanpur,"corporate event venue Danta Road, corporate event hall near Danta Road Palanpur, corporate event venue near Danta Road",Transactional (Hyper-local),High
Event + City Area,"Reception Venues in Danta Road, Palanpur | VenueConnect",/palanpur/danta-road/reception-venues/,"Best Reception Venues in Danta Road, Palanpur | Book Near You - VenueConnect","Find the perfect reception venue in Danta Road, Palanpur. Compare halls, farmhouses & party plots near Danta Road. Get instant leads & free quotes on VenueConnect.","Best Reception Venues in Danta Road, Palanpur",reception venues in Danta Road Palanpur,"reception venue Danta Road, reception hall near Danta Road Palanpur, reception venue near Danta Road",Transactional (Hyper-local),High
Event + City Area,"Wedding Venues in Dharoi Road, Palanpur | VenueConnect",/palanpur/dharoi-road/wedding-venues/,"Best Wedding Venues in Dharoi Road, Palanpur | Book Near You - VenueConnect","Find the perfect wedding venue in Dharoi Road, Palanpur. Compare halls, farmhouses & party plots near Dharoi Road. Get instant leads & free quotes on VenueConnect.","Best Wedding Venues in Dharoi Road, Palanpur",wedding venues in Dharoi Road Palanpur,"wedding venue Dharoi Road, wedding hall near Dharoi Road Palanpur, wedding venue near Dharoi Road",Transactional (Hyper-local),High
Event + City Area,"Birthday Party Venues in Dharoi Road, Palanpur | VenueConnect",/palanpur/dharoi-road/birthday-party-venues/,"Best Birthday Party Venues in Dharoi Road, Palanpur | Book Near You - VenueConnect","Find the perfect birthday party venue in Dharoi Road, Palanpur. Compare halls, farmhouses & party plots near Dharoi Road. Get instant leads & free quotes on VenueConnect.","Best Birthday Party Venues in Dharoi Road, Palanpur",birthday party venues in Dharoi Road Palanpur,"birthday party venue Dharoi Road, birthday party hall near Dharoi Road Palanpur, birthday party venue near Dharoi Road",Transactional (Hyper-local),High
Event + City Area,"Engagement Venues in Dharoi Road, Palanpur | VenueConnect",/palanpur/dharoi-road/engagement-venues/,"Best Engagement Venues in Dharoi Road, Palanpur | Book Near You - VenueConnect","Find the perfect engagement venue in Dharoi Road, Palanpur. Compare halls, farmhouses & party plots near Dharoi Road. Get instant leads & free quotes on VenueConnect.","Best Engagement Venues in Dharoi Road, Palanpur",engagement venues in Dharoi Road Palanpur,"engagement venue Dharoi Road, engagement hall near Dharoi Road Palanpur, engagement venue near Dharoi Road",Transactional (Hyper-local),High
Event + City Area,"Corporate Event Venues in Dharoi Road, Palanpur | VenueConnect",/palanpur/dharoi-road/corporate-event-venues/,"Best Corporate Event Venues in Dharoi Road, Palanpur | Book Near You - VenueConnect","Find the perfect corporate event venue in Dharoi Road, Palanpur. Compare halls, farmhouses & party plots near Dharoi Road. Get instant leads & free quotes on VenueConnect.","Best Corporate Event Venues in Dharoi Road, Palanpur",corporate event venues in Dharoi Road Palanpur,"corporate event venue Dharoi Road, corporate event hall near Dharoi Road Palanpur, corporate event venue near Dharoi Road",Transactional (Hyper-local),High
Event + City Area,"Reception Venues in Dharoi Road, Palanpur | VenueConnect",/palanpur/dharoi-road/reception-venues/,"Best Reception Venues in Dharoi Road, Palanpur | Book Near You - VenueConnect","Find the perfect reception venue in Dharoi Road, Palanpur. Compare halls, farmhouses & party plots near Dharoi Road. Get instant leads & free quotes on VenueConnect.","Best Reception Venues in Dharoi Road, Palanpur",reception venues in Dharoi Road Palanpur,"reception venue Dharoi Road, reception hall near Dharoi Road Palanpur, reception venue near Dharoi Road",Transactional (Hyper-local),High
Event + City Area,"Wedding Venues in Hadad Road, Palanpur | VenueConnect",/palanpur/hadad-road/wedding-venues/,"Best Wedding Venues in Hadad Road, Palanpur | Book Near You - VenueConnect","Find the perfect wedding venue in Hadad Road, Palanpur. Compare halls, farmhouses & party plots near Hadad Road. Get instant leads & free quotes on VenueConnect.","Best Wedding Venues in Hadad Road, Palanpur",wedding venues in Hadad Road Palanpur,"wedding venue Hadad Road, wedding hall near Hadad Road Palanpur, wedding venue near Hadad Road",Transactional (Hyper-local),High
Event + City Area,"Birthday Party Venues in Hadad Road, Palanpur | VenueConnect",/palanpur/hadad-road/birthday-party-venues/,"Best Birthday Party Venues in Hadad Road, Palanpur | Book Near You - VenueConnect","Find the perfect birthday party venue in Hadad Road, Palanpur. Compare halls, farmhouses & party plots near Hadad Road. Get instant leads & free quotes on VenueConnect.","Best Birthday Party Venues in Hadad Road, Palanpur",birthday party venues in Hadad Road Palanpur,"birthday party venue Hadad Road, birthday party hall near Hadad Road Palanpur, birthday party venue near Hadad Road",Transactional (Hyper-local),High
Event + City Area,"Engagement Venues in Hadad Road, Palanpur | VenueConnect",/palanpur/hadad-road/engagement-venues/,"Best Engagement Venues in Hadad Road, Palanpur | Book Near You - VenueConnect","Find the perfect engagement venue in Hadad Road, Palanpur. Compare halls, farmhouses & party plots near Hadad Road. Get instant leads & free quotes on VenueConnect.","Best Engagement Venues in Hadad Road, Palanpur",engagement venues in Hadad Road Palanpur,"engagement venue Hadad Road, engagement hall near Hadad Road Palanpur, engagement venue near Hadad Road",Transactional (Hyper-local),High
Event + City Area,"Corporate Event Venues in Hadad Road, Palanpur | VenueConnect",/palanpur/hadad-road/corporate-event-venues/,"Best Corporate Event Venues in Hadad Road, Palanpur | Book Near You - VenueConnect","Find the perfect corporate event venue in Hadad Road, Palanpur. Compare halls, farmhouses & party plots near Hadad Road. Get instant leads & free quotes on VenueConnect.","Best Corporate Event Venues in Hadad Road, Palanpur",corporate event venues in Hadad Road Palanpur,"corporate event venue Hadad Road, corporate event hall near Hadad Road Palanpur, corporate event venue near Hadad Road",Transactional (Hyper-local),High
Event + City Area,"Reception Venues in Hadad Road, Palanpur | VenueConnect",/palanpur/hadad-road/reception-venues/,"Best Reception Venues in Hadad Road, Palanpur | Book Near You - VenueConnect","Find the perfect reception venue in Hadad Road, Palanpur. Compare halls, farmhouses & party plots near Hadad Road. Get instant leads & free quotes on VenueConnect.","Best Reception Venues in Hadad Road, Palanpur",reception venues in Hadad Road Palanpur,"reception venue Hadad Road, reception hall near Hadad Road Palanpur, reception venue near Hadad Road",Transactional (Hyper-local),High
Event + City Area,"Wedding Venues in Jain Temple Road, Palanpur | VenueConnect",/palanpur/jain-temple-road/wedding-venues/,"Best Wedding Venues in Jain Temple Road, Palanpur | Book Near You - VenueConnect","Find the perfect wedding venue in Jain Temple Road, Palanpur. Compare halls, farmhouses & party plots near Jain Temple Road. Get instant leads & free quotes on VenueConnect.","Best Wedding Venues in Jain Temple Road, Palanpur",wedding venues in Jain Temple Road Palanpur,"wedding venue Jain Temple Road, wedding hall near Jain Temple Road Palanpur, wedding venue near Jain Temple Road",Transactional (Hyper-local),High
Event + City Area,"Birthday Party Venues in Jain Temple Road, Palanpur | VenueConnect",/palanpur/jain-temple-road/birthday-party-venues/,"Best Birthday Party Venues in Jain Temple Road, Palanpur | Book Near You - VenueConnect","Find the perfect birthday party venue in Jain Temple Road, Palanpur. Compare halls, farmhouses & party plots near Jain Temple Road. Get instant leads & free quotes on VenueConnect.","Best Birthday Party Venues in Jain Temple Road, Palanpur",birthday party venues in Jain Temple Road Palanpur,"birthday party venue Jain Temple Road, birthday party hall near Jain Temple Road Palanpur, birthday party venue near Jain Temple Road",Transactional (Hyper-local),High
Event + City Area,"Engagement Venues in Jain Temple Road, Palanpur | VenueConnect",/palanpur/jain-temple-road/engagement-venues/,"Best Engagement Venues in Jain Temple Road, Palanpur | Book Near You - VenueConnect","Find the perfect engagement venue in Jain Temple Road, Palanpur. Compare halls, farmhouses & party plots near Jain Temple Road. Get instant leads & free quotes on VenueConnect.","Best Engagement Venues in Jain Temple Road, Palanpur",engagement venues in Jain Temple Road Palanpur,"engagement venue Jain Temple Road, engagement hall near Jain Temple Road Palanpur, engagement venue near Jain Temple Road",Transactional (Hyper-local),High
Event + City Area,"Corporate Event Venues in Jain Temple Road, Palanpur | VenueConnect",/palanpur/jain-temple-road/corporate-event-venues/,"Best Corporate Event Venues in Jain Temple Road, Palanpur | Book Near You - VenueConnect","Find the perfect corporate event venue in Jain Temple Road, Palanpur. Compare halls, farmhouses & party plots near Jain Temple Road. Get instant leads & free quotes on VenueConnect.","Best Corporate Event Venues in Jain Temple Road, Palanpur",corporate event venues in Jain Temple Road Palanpur,"corporate event venue Jain Temple Road, corporate event hall near Jain Temple Road Palanpur, corporate event venue near Jain Temple Road",Transactional (Hyper-local),High
Event + City Area,"Reception Venues in Jain Temple Road, Palanpur | VenueConnect",/palanpur/jain-temple-road/reception-venues/,"Best Reception Venues in Jain Temple Road, Palanpur | Book Near You - VenueConnect","Find the perfect reception venue in Jain Temple Road, Palanpur. Compare halls, farmhouses & party plots near Jain Temple Road. Get instant leads & free quotes on VenueConnect.","Best Reception Venues in Jain Temple Road, Palanpur",reception venues in Jain Temple Road Palanpur,"reception venue Jain Temple Road, reception hall near Jain Temple Road Palanpur, reception venue near Jain Temple Road",Transactional (Hyper-local),High
Event + City Area,"Wedding Venues in Kankrej Road, Palanpur | VenueConnect",/palanpur/kankrej-road/wedding-venues/,"Best Wedding Venues in Kankrej Road, Palanpur | Book Near You - VenueConnect","Find the perfect wedding venue in Kankrej Road, Palanpur. Compare halls, farmhouses & party plots near Kankrej Road. Get instant leads & free quotes on VenueConnect.","Best Wedding Venues in Kankrej Road, Palanpur",wedding venues in Kankrej Road Palanpur,"wedding venue Kankrej Road, wedding hall near Kankrej Road Palanpur, wedding venue near Kankrej Road",Transactional (Hyper-local),High
Event + City Area,"Birthday Party Venues in Kankrej Road, Palanpur | VenueConnect",/palanpur/kankrej-road/birthday-party-venues/,"Best Birthday Party Venues in Kankrej Road, Palanpur | Book Near You - VenueConnect","Find the perfect birthday party venue in Kankrej Road, Palanpur. Compare halls, farmhouses & party plots near Kankrej Road. Get instant leads & free quotes on VenueConnect.","Best Birthday Party Venues in Kankrej Road, Palanpur",birthday party venues in Kankrej Road Palanpur,"birthday party venue Kankrej Road, birthday party hall near Kankrej Road Palanpur, birthday party venue near Kankrej Road",Transactional (Hyper-local),High
Event + City Area,"Engagement Venues in Kankrej Road, Palanpur | VenueConnect",/palanpur/kankrej-road/engagement-venues/,"Best Engagement Venues in Kankrej Road, Palanpur | Book Near You - VenueConnect","Find the perfect engagement venue in Kankrej Road, Palanpur. Compare halls, farmhouses & party plots near Kankrej Road. Get instant leads & free quotes on VenueConnect.","Best Engagement Venues in Kankrej Road, Palanpur",engagement venues in Kankrej Road Palanpur,"engagement venue Kankrej Road, engagement hall near Kankrej Road Palanpur, engagement venue near Kankrej Road",Transactional (Hyper-local),High
Event + City Area,"Corporate Event Venues in Kankrej Road, Palanpur | VenueConnect",/palanpur/kankrej-road/corporate-event-venues/,"Best Corporate Event Venues in Kankrej Road, Palanpur | Book Near You - VenueConnect","Find the perfect corporate event venue in Kankrej Road, Palanpur. Compare halls, farmhouses & party plots near Kankrej Road. Get instant leads & free quotes on VenueConnect.","Best Corporate Event Venues in Kankrej Road, Palanpur",corporate event venues in Kankrej Road Palanpur,"corporate event venue Kankrej Road, corporate event hall near Kankrej Road Palanpur, corporate event venue near Kankrej Road",Transactional (Hyper-local),High
Event + City Area,"Reception Venues in Kankrej Road, Palanpur | VenueConnect",/palanpur/kankrej-road/reception-venues/,"Best Reception Venues in Kankrej Road, Palanpur | Book Near You - VenueConnect","Find the perfect reception venue in Kankrej Road, Palanpur. Compare halls, farmhouses & party plots near Kankrej Road. Get instant leads & free quotes on VenueConnect.","Best Reception Venues in Kankrej Road, Palanpur",reception venues in Kankrej Road Palanpur,"reception venue Kankrej Road, reception hall near Kankrej Road Palanpur, reception venue near Kankrej Road",Transactional (Hyper-local),High
Event + City Area,"Wedding Venues in Mahesana Road, Palanpur | VenueConnect",/palanpur/mahesana-road/wedding-venues/,"Best Wedding Venues in Mahesana Road, Palanpur | Book Near You - VenueConnect","Find the perfect wedding venue in Mahesana Road, Palanpur. Compare halls, farmhouses & party plots near Mahesana Road. Get instant leads & free quotes on VenueConnect.","Best Wedding Venues in Mahesana Road, Palanpur",wedding venues in Mahesana Road Palanpur,"wedding venue Mahesana Road, wedding hall near Mahesana Road Palanpur, wedding venue near Mahesana Road",Transactional (Hyper-local),High
Event + City Area,"Birthday Party Venues in Mahesana Road, Palanpur | VenueConnect",/palanpur/mahesana-road/birthday-party-venues/,"Best Birthday Party Venues in Mahesana Road, Palanpur | Book Near You - VenueConnect","Find the perfect birthday party venue in Mahesana Road, Palanpur. Compare halls, farmhouses & party plots near Mahesana Road. Get instant leads & free quotes on VenueConnect.","Best Birthday Party Venues in Mahesana Road, Palanpur",birthday party venues in Mahesana Road Palanpur,"birthday party venue Mahesana Road, birthday party hall near Mahesana Road Palanpur, birthday party venue near Mahesana Road",Transactional (Hyper-local),High
Event + City Area,"Engagement Venues in Mahesana Road, Palanpur | VenueConnect",/palanpur/mahesana-road/engagement-venues/,"Best Engagement Venues in Mahesana Road, Palanpur | Book Near You - VenueConnect","Find the perfect engagement venue in Mahesana Road, Palanpur. Compare halls, farmhouses & party plots near Mahesana Road. Get instant leads & free quotes on VenueConnect.","Best Engagement Venues in Mahesana Road, Palanpur",engagement venues in Mahesana Road Palanpur,"engagement venue Mahesana Road, engagement hall near Mahesana Road Palanpur, engagement venue near Mahesana Road",Transactional (Hyper-local),High
Event + City Area,"Corporate Event Venues in Mahesana Road, Palanpur | VenueConnect",/palanpur/mahesana-road/corporate-event-venues/,"Best Corporate Event Venues in Mahesana Road, Palanpur | Book Near You - VenueConnect","Find the perfect corporate event venue in Mahesana Road, Palanpur. Compare halls, farmhouses & party plots near Mahesana Road. Get instant leads & free quotes on VenueConnect.","Best Corporate Event Venues in Mahesana Road, Palanpur",corporate event venues in Mahesana Road Palanpur,"corporate event venue Mahesana Road, corporate event hall near Mahesana Road Palanpur, corporate event venue near Mahesana Road",Transactional (Hyper-local),High
Event + City Area,"Reception Venues in Mahesana Road, Palanpur | VenueConnect",/palanpur/mahesana-road/reception-venues/,"Best Reception Venues in Mahesana Road, Palanpur | Book Near You - VenueConnect","Find the perfect reception venue in Mahesana Road, Palanpur. Compare halls, farmhouses & party plots near Mahesana Road. Get instant leads & free quotes on VenueConnect.","Best Reception Venues in Mahesana Road, Palanpur",reception venues in Mahesana Road Palanpur,"reception venue Mahesana Road, reception hall near Mahesana Road Palanpur, reception venue near Mahesana Road",Transactional (Hyper-local),High
Event + City Area,"Wedding Venues in Manpura, Palanpur | VenueConnect",/palanpur/manpura/wedding-venues/,"Best Wedding Venues in Manpura, Palanpur | Book Near You - VenueConnect","Find the perfect wedding venue in Manpura, Palanpur. Compare halls, farmhouses & party plots near Manpura. Get instant leads & free quotes on VenueConnect.","Best Wedding Venues in Manpura, Palanpur",wedding venues in Manpura Palanpur,"wedding venue Manpura, wedding hall near Manpura Palanpur, wedding venue near Manpura",Transactional (Hyper-local),High
Event + City Area,"Birthday Party Venues in Manpura, Palanpur | VenueConnect",/palanpur/manpura/birthday-party-venues/,"Best Birthday Party Venues in Manpura, Palanpur | Book Near You - VenueConnect","Find the perfect birthday party venue in Manpura, Palanpur. Compare halls, farmhouses & party plots near Manpura. Get instant leads & free quotes on VenueConnect.","Best Birthday Party Venues in Manpura, Palanpur",birthday party venues in Manpura Palanpur,"birthday party venue Manpura, birthday party hall near Manpura Palanpur, birthday party venue near Manpura",Transactional (Hyper-local),High
Event + City Area,"Engagement Venues in Manpura, Palanpur | VenueConnect",/palanpur/manpura/engagement-venues/,"Best Engagement Venues in Manpura, Palanpur | Book Near You - VenueConnect","Find the perfect engagement venue in Manpura, Palanpur. Compare halls, farmhouses & party plots near Manpura. Get instant leads & free quotes on VenueConnect.","Best Engagement Venues in Manpura, Palanpur",engagement venues in Manpura Palanpur,"engagement venue Manpura, engagement hall near Manpura Palanpur, engagement venue near Manpura",Transactional (Hyper-local),High
Event + City Area,"Corporate Event Venues in Manpura, Palanpur | VenueConnect",/palanpur/manpura/corporate-event-venues/,"Best Corporate Event Venues in Manpura, Palanpur | Book Near You - VenueConnect","Find the perfect corporate event venue in Manpura, Palanpur. Compare halls, farmhouses & party plots near Manpura. Get instant leads & free quotes on VenueConnect.","Best Corporate Event Venues in Manpura, Palanpur",corporate event venues in Manpura Palanpur,"corporate event venue Manpura, corporate event hall near Manpura Palanpur, corporate event venue near Manpura",Transactional (Hyper-local),High
Event + City Area,"Reception Venues in Manpura, Palanpur | VenueConnect",/palanpur/manpura/reception-venues/,"Best Reception Venues in Manpura, Palanpur | Book Near You - VenueConnect","Find the perfect reception venue in Manpura, Palanpur. Compare halls, farmhouses & party plots near Manpura. Get instant leads & free quotes on VenueConnect.","Best Reception Venues in Manpura, Palanpur",reception venues in Manpura Palanpur,"reception venue Manpura, reception hall near Manpura Palanpur, reception venue near Manpura",Transactional (Hyper-local),High
Event + City Area,"Wedding Venues in Modasa Road, Palanpur | VenueConnect",/palanpur/modasa-road/wedding-venues/,"Best Wedding Venues in Modasa Road, Palanpur | Book Near You - VenueConnect","Find the perfect wedding venue in Modasa Road, Palanpur. Compare halls, farmhouses & party plots near Modasa Road. Get instant leads & free quotes on VenueConnect.","Best Wedding Venues in Modasa Road, Palanpur",wedding venues in Modasa Road Palanpur,"wedding venue Modasa Road, wedding hall near Modasa Road Palanpur, wedding venue near Modasa Road",Transactional (Hyper-local),High
Event + City Area,"Birthday Party Venues in Modasa Road, Palanpur | VenueConnect",/palanpur/modasa-road/birthday-party-venues/,"Best Birthday Party Venues in Modasa Road, Palanpur | Book Near You - VenueConnect","Find the perfect birthday party venue in Modasa Road, Palanpur. Compare halls, farmhouses & party plots near Modasa Road. Get instant leads & free quotes on VenueConnect.","Best Birthday Party Venues in Modasa Road, Palanpur",birthday party venues in Modasa Road Palanpur,"birthday party venue Modasa Road, birthday party hall near Modasa Road Palanpur, birthday party venue near Modasa Road",Transactional (Hyper-local),High
Event + City Area,"Engagement Venues in Modasa Road, Palanpur | VenueConnect",/palanpur/modasa-road/engagement-venues/,"Best Engagement Venues in Modasa Road, Palanpur | Book Near You - VenueConnect","Find the perfect engagement venue in Modasa Road, Palanpur. Compare halls, farmhouses & party plots near Modasa Road. Get instant leads & free quotes on VenueConnect.","Best Engagement Venues in Modasa Road, Palanpur",engagement venues in Modasa Road Palanpur,"engagement venue Modasa Road, engagement hall near Modasa Road Palanpur, engagement venue near Modasa Road",Transactional (Hyper-local),High
Event + City Area,"Corporate Event Venues in Modasa Road, Palanpur | VenueConnect",/palanpur/modasa-road/corporate-event-venues/,"Best Corporate Event Venues in Modasa Road, Palanpur | Book Near You - VenueConnect","Find the perfect corporate event venue in Modasa Road, Palanpur. Compare halls, farmhouses & party plots near Modasa Road. Get instant leads & free quotes on VenueConnect.","Best Corporate Event Venues in Modasa Road, Palanpur",corporate event venues in Modasa Road Palanpur,"corporate event venue Modasa Road, corporate event hall near Modasa Road Palanpur, corporate event venue near Modasa Road",Transactional (Hyper-local),High
Event + City Area,"Reception Venues in Modasa Road, Palanpur | VenueConnect",/palanpur/modasa-road/reception-venues/,"Best Reception Venues in Modasa Road, Palanpur | Book Near You - VenueConnect","Find the perfect reception venue in Modasa Road, Palanpur. Compare halls, farmhouses & party plots near Modasa Road. Get instant leads & free quotes on VenueConnect.","Best Reception Venues in Modasa Road, Palanpur",reception venues in Modasa Road Palanpur,"reception venue Modasa Road, reception hall near Modasa Road Palanpur, reception venue near Modasa Road",Transactional (Hyper-local),High
Event + City Area,"Wedding Venues in New Bus Stand, Palanpur | VenueConnect",/palanpur/new-bus-stand/wedding-venues/,"Best Wedding Venues in New Bus Stand, Palanpur | Book Near You - VenueConnect","Find the perfect wedding venue in New Bus Stand, Palanpur. Compare halls, farmhouses & party plots near New Bus Stand. Get instant leads & free quotes on VenueConnect.","Best Wedding Venues in New Bus Stand, Palanpur",wedding venues in New Bus Stand Palanpur,"wedding venue New Bus Stand, wedding hall near New Bus Stand Palanpur, wedding venue near New Bus Stand",Transactional (Hyper-local),High
Event + City Area,"Birthday Party Venues in New Bus Stand, Palanpur | VenueConnect",/palanpur/new-bus-stand/birthday-party-venues/,"Best Birthday Party Venues in New Bus Stand, Palanpur | Book Near You - VenueConnect","Find the perfect birthday party venue in New Bus Stand, Palanpur. Compare halls, farmhouses & party plots near New Bus Stand. Get instant leads & free quotes on VenueConnect.","Best Birthday Party Venues in New Bus Stand, Palanpur",birthday party venues in New Bus Stand Palanpur,"birthday party venue New Bus Stand, birthday party hall near New Bus Stand Palanpur, birthday party venue near New Bus Stand",Transactional (Hyper-local),High
Event + City Area,"Engagement Venues in New Bus Stand, Palanpur | VenueConnect",/palanpur/new-bus-stand/engagement-venues/,"Best Engagement Venues in New Bus Stand, Palanpur | Book Near You - VenueConnect","Find the perfect engagement venue in New Bus Stand, Palanpur. Compare halls, farmhouses & party plots near New Bus Stand. Get instant leads & free quotes on VenueConnect.","Best Engagement Venues in New Bus Stand, Palanpur",engagement venues in New Bus Stand Palanpur,"engagement venue New Bus Stand, engagement hall near New Bus Stand Palanpur, engagement venue near New Bus Stand",Transactional (Hyper-local),High
Event + City Area,"Corporate Event Venues in New Bus Stand, Palanpur | VenueConnect",/palanpur/new-bus-stand/corporate-event-venues/,"Best Corporate Event Venues in New Bus Stand, Palanpur | Book Near You - VenueConnect","Find the perfect corporate event venue in New Bus Stand, Palanpur. Compare halls, farmhouses & party plots near New Bus Stand. Get instant leads & free quotes on VenueConnect.","Best Corporate Event Venues in New Bus Stand, Palanpur",corporate event venues in New Bus Stand Palanpur,"corporate event venue New Bus Stand, corporate event hall near New Bus Stand Palanpur, corporate event venue near New Bus Stand",Transactional (Hyper-local),High
Event + City Area,"Reception Venues in New Bus Stand, Palanpur | VenueConnect",/palanpur/new-bus-stand/reception-venues/,"Best Reception Venues in New Bus Stand, Palanpur | Book Near You - VenueConnect","Find the perfect reception venue in New Bus Stand, Palanpur. Compare halls, farmhouses & party plots near New Bus Stand. Get instant leads & free quotes on VenueConnect.","Best Reception Venues in New Bus Stand, Palanpur",reception venues in New Bus Stand Palanpur,"reception venue New Bus Stand, reception hall near New Bus Stand Palanpur, reception venue near New Bus Stand",Transactional (Hyper-local),High
Event + City Area,"Wedding Venues in Patan Road, Palanpur | VenueConnect",/palanpur/patan-road/wedding-venues/,"Best Wedding Venues in Patan Road, Palanpur | Book Near You - VenueConnect","Find the perfect wedding venue in Patan Road, Palanpur. Compare halls, farmhouses & party plots near Patan Road. Get instant leads & free quotes on VenueConnect.","Best Wedding Venues in Patan Road, Palanpur",wedding venues in Patan Road Palanpur,"wedding venue Patan Road, wedding hall near Patan Road Palanpur, wedding venue near Patan Road",Transactional (Hyper-local),High
Event + City Area,"Birthday Party Venues in Patan Road, Palanpur | VenueConnect",/palanpur/patan-road/birthday-party-venues/,"Best Birthday Party Venues in Patan Road, Palanpur | Book Near You - VenueConnect","Find the perfect birthday party venue in Patan Road, Palanpur. Compare halls, farmhouses & party plots near Patan Road. Get instant leads & free quotes on VenueConnect.","Best Birthday Party Venues in Patan Road, Palanpur",birthday party venues in Patan Road Palanpur,"birthday party venue Patan Road, birthday party hall near Patan Road Palanpur, birthday party venue near Patan Road",Transactional (Hyper-local),High
Event + City Area,"Engagement Venues in Patan Road, Palanpur | VenueConnect",/palanpur/patan-road/engagement-venues/,"Best Engagement Venues in Patan Road, Palanpur | Book Near You - VenueConnect","Find the perfect engagement venue in Patan Road, Palanpur. Compare halls, farmhouses & party plots near Patan Road. Get instant leads & free quotes on VenueConnect.","Best Engagement Venues in Patan Road, Palanpur",engagement venues in Patan Road Palanpur,"engagement venue Patan Road, engagement hall near Patan Road Palanpur, engagement venue near Patan Road",Transactional (Hyper-local),High
Event + City Area,"Corporate Event Venues in Patan Road, Palanpur | VenueConnect",/palanpur/patan-road/corporate-event-venues/,"Best Corporate Event Venues in Patan Road, Palanpur | Book Near You - VenueConnect","Find the perfect corporate event venue in Patan Road, Palanpur. Compare halls, farmhouses & party plots near Patan Road. Get instant leads & free quotes on VenueConnect.","Best Corporate Event Venues in Patan Road, Palanpur",corporate event venues in Patan Road Palanpur,"corporate event venue Patan Road, corporate event hall near Patan Road Palanpur, corporate event venue near Patan Road",Transactional (Hyper-local),High
Event + City Area,"Reception Venues in Patan Road, Palanpur | VenueConnect",/palanpur/patan-road/reception-venues/,"Best Reception Venues in Patan Road, Palanpur | Book Near You - VenueConnect","Find the perfect reception venue in Patan Road, Palanpur. Compare halls, farmhouses & party plots near Patan Road. Get instant leads & free quotes on VenueConnect.","Best Reception Venues in Patan Road, Palanpur",reception venues in Patan Road Palanpur,"reception venue Patan Road, reception hall near Patan Road Palanpur, reception venue near Patan Road",Transactional (Hyper-local),High
Event + City Area,"Wedding Venues in Radhanpur Road, Palanpur | VenueConnect",/palanpur/radhanpur-road/wedding-venues/,"Best Wedding Venues in Radhanpur Road, Palanpur | Book Near You - VenueConnect","Find the perfect wedding venue in Radhanpur Road, Palanpur. Compare halls, farmhouses & party plots near Radhanpur Road. Get instant leads & free quotes on VenueConnect.","Best Wedding Venues in Radhanpur Road, Palanpur",wedding venues in Radhanpur Road Palanpur,"wedding venue Radhanpur Road, wedding hall near Radhanpur Road Palanpur, wedding venue near Radhanpur Road",Transactional (Hyper-local),High
Event + City Area,"Birthday Party Venues in Radhanpur Road, Palanpur | VenueConnect",/palanpur/radhanpur-road/birthday-party-venues/,"Best Birthday Party Venues in Radhanpur Road, Palanpur | Book Near You - VenueConnect","Find the perfect birthday party venue in Radhanpur Road, Palanpur. Compare halls, farmhouses & party plots near Radhanpur Road. Get instant leads & free quotes on VenueConnect.","Best Birthday Party Venues in Radhanpur Road, Palanpur",birthday party venues in Radhanpur Road Palanpur,"birthday party venue Radhanpur Road, birthday party hall near Radhanpur Road Palanpur, birthday party venue near Radhanpur Road",Transactional (Hyper-local),High
Event + City Area,"Engagement Venues in Radhanpur Road, Palanpur | VenueConnect",/palanpur/radhanpur-road/engagement-venues/,"Best Engagement Venues in Radhanpur Road, Palanpur | Book Near You - VenueConnect","Find the perfect engagement venue in Radhanpur Road, Palanpur. Compare halls, farmhouses & party plots near Radhanpur Road. Get instant leads & free quotes on VenueConnect.","Best Engagement Venues in Radhanpur Road, Palanpur",engagement venues in Radhanpur Road Palanpur,"engagement venue Radhanpur Road, engagement hall near Radhanpur Road Palanpur, engagement venue near Radhanpur Road",Transactional (Hyper-local),High
Event + City Area,"Corporate Event Venues in Radhanpur Road, Palanpur | VenueConnect",/palanpur/radhanpur-road/corporate-event-venues/,"Best Corporate Event Venues in Radhanpur Road, Palanpur | Book Near You - VenueConnect","Find the perfect corporate event venue in Radhanpur Road, Palanpur. Compare halls, farmhouses & party plots near Radhanpur Road. Get instant leads & free quotes on VenueConnect.","Best Corporate Event Venues in Radhanpur Road, Palanpur",corporate event venues in Radhanpur Road Palanpur,"corporate event venue Radhanpur Road, corporate event hall near Radhanpur Road Palanpur, corporate event venue near Radhanpur Road",Transactional (Hyper-local),High
Event + City Area,"Reception Venues in Radhanpur Road, Palanpur | VenueConnect",/palanpur/radhanpur-road/reception-venues/,"Best Reception Venues in Radhanpur Road, Palanpur | Book Near You - VenueConnect","Find the perfect reception venue in Radhanpur Road, Palanpur. Compare halls, farmhouses & party plots near Radhanpur Road. Get instant leads & free quotes on VenueConnect.","Best Reception Venues in Radhanpur Road, Palanpur",reception venues in Radhanpur Road Palanpur,"reception venue Radhanpur Road, reception hall near Radhanpur Road Palanpur, reception venue near Radhanpur Road",Transactional (Hyper-local),High
Event + City Area,"Wedding Venues in Siddhapur Road, Palanpur | VenueConnect",/palanpur/siddhapur-road/wedding-venues/,"Best Wedding Venues in Siddhapur Road, Palanpur | Book Near You - VenueConnect","Find the perfect wedding venue in Siddhapur Road, Palanpur. Compare halls, farmhouses & party plots near Siddhapur Road. Get instant leads & free quotes on VenueConnect.","Best Wedding Venues in Siddhapur Road, Palanpur",wedding venues in Siddhapur Road Palanpur,"wedding venue Siddhapur Road, wedding hall near Siddhapur Road Palanpur, wedding venue near Siddhapur Road",Transactional (Hyper-local),High
Event + City Area,"Birthday Party Venues in Siddhapur Road, Palanpur | VenueConnect",/palanpur/siddhapur-road/birthday-party-venues/,"Best Birthday Party Venues in Siddhapur Road, Palanpur | Book Near You - VenueConnect","Find the perfect birthday party venue in Siddhapur Road, Palanpur. Compare halls, farmhouses & party plots near Siddhapur Road. Get instant leads & free quotes on VenueConnect.","Best Birthday Party Venues in Siddhapur Road, Palanpur",birthday party venues in Siddhapur Road Palanpur,"birthday party venue Siddhapur Road, birthday party hall near Siddhapur Road Palanpur, birthday party venue near Siddhapur Road",Transactional (Hyper-local),High
Event + City Area,"Engagement Venues in Siddhapur Road, Palanpur | VenueConnect",/palanpur/siddhapur-road/engagement-venues/,"Best Engagement Venues in Siddhapur Road, Palanpur | Book Near You - VenueConnect","Find the perfect engagement venue in Siddhapur Road, Palanpur. Compare halls, farmhouses & party plots near Siddhapur Road. Get instant leads & free quotes on VenueConnect.","Best Engagement Venues in Siddhapur Road, Palanpur",engagement venues in Siddhapur Road Palanpur,"engagement venue Siddhapur Road, engagement hall near Siddhapur Road Palanpur, engagement venue near Siddhapur Road",Transactional (Hyper-local),High
Event + City Area,"Corporate Event Venues in Siddhapur Road, Palanpur | VenueConnect",/palanpur/siddhapur-road/corporate-event-venues/,"Best Corporate Event Venues in Siddhapur Road, Palanpur | Book Near You - VenueConnect","Find the perfect corporate event venue in Siddhapur Road, Palanpur. Compare halls, farmhouses & party plots near Siddhapur Road. Get instant leads & free quotes on VenueConnect.","Best Corporate Event Venues in Siddhapur Road, Palanpur",corporate event venues in Siddhapur Road Palanpur,"corporate event venue Siddhapur Road, corporate event hall near Siddhapur Road Palanpur, corporate event venue near Siddhapur Road",Transactional (Hyper-local),High
Event + City Area,"Reception Venues in Siddhapur Road, Palanpur | VenueConnect",/palanpur/siddhapur-road/reception-venues/,"Best Reception Venues in Siddhapur Road, Palanpur | Book Near You - VenueConnect","Find the perfect reception venue in Siddhapur Road, Palanpur. Compare halls, farmhouses & party plots near Siddhapur Road. Get instant leads & free quotes on VenueConnect.","Best Reception Venues in Siddhapur Road, Palanpur",reception venues in Siddhapur Road Palanpur,"reception venue Siddhapur Road, reception hall near Siddhapur Road Palanpur, reception venue near Siddhapur Road",Transactional (Hyper-local),High
Event + City Area,"Wedding Venues in Tharad Road, Palanpur | VenueConnect",/palanpur/tharad-road/wedding-venues/,"Best Wedding Venues in Tharad Road, Palanpur | Book Near You - VenueConnect","Find the perfect wedding venue in Tharad Road, Palanpur. Compare halls, farmhouses & party plots near Tharad Road. Get instant leads & free quotes on VenueConnect.","Best Wedding Venues in Tharad Road, Palanpur",wedding venues in Tharad Road Palanpur,"wedding venue Tharad Road, wedding hall near Tharad Road Palanpur, wedding venue near Tharad Road",Transactional (Hyper-local),High
Event + City Area,"Birthday Party Venues in Tharad Road, Palanpur | VenueConnect",/palanpur/tharad-road/birthday-party-venues/,"Best Birthday Party Venues in Tharad Road, Palanpur | Book Near You - VenueConnect","Find the perfect birthday party venue in Tharad Road, Palanpur. Compare halls, farmhouses & party plots near Tharad Road. Get instant leads & free quotes on VenueConnect.","Best Birthday Party Venues in Tharad Road, Palanpur",birthday party venues in Tharad Road Palanpur,"birthday party venue Tharad Road, birthday party hall near Tharad Road Palanpur, birthday party venue near Tharad Road",Transactional (Hyper-local),High
Event + City Area,"Engagement Venues in Tharad Road, Palanpur | VenueConnect",/palanpur/tharad-road/engagement-venues/,"Best Engagement Venues in Tharad Road, Palanpur | Book Near You - VenueConnect","Find the perfect engagement venue in Tharad Road, Palanpur. Compare halls, farmhouses & party plots near Tharad Road. Get instant leads & free quotes on VenueConnect.","Best Engagement Venues in Tharad Road, Palanpur",engagement venues in Tharad Road Palanpur,"engagement venue Tharad Road, engagement hall near Tharad Road Palanpur, engagement venue near Tharad Road",Transactional (Hyper-local),High
Event + City Area,"Corporate Event Venues in Tharad Road, Palanpur | VenueConnect",/palanpur/tharad-road/corporate-event-venues/,"Best Corporate Event Venues in Tharad Road, Palanpur | Book Near You - VenueConnect","Find the perfect corporate event venue in Tharad Road, Palanpur. Compare halls, farmhouses & party plots near Tharad Road. Get instant leads & free quotes on VenueConnect.","Best Corporate Event Venues in Tharad Road, Palanpur",corporate event venues in Tharad Road Palanpur,"corporate event venue Tharad Road, corporate event hall near Tharad Road Palanpur, corporate event venue near Tharad Road",Transactional (Hyper-local),High
Event + City Area,"Reception Venues in Tharad Road, Palanpur | VenueConnect",/palanpur/tharad-road/reception-venues/,"Best Reception Venues in Tharad Road, Palanpur | Book Near You - VenueConnect","Find the perfect reception venue in Tharad Road, Palanpur. Compare halls, farmhouses & party plots near Tharad Road. Get instant leads & free quotes on VenueConnect.","Best Reception Venues in Tharad Road, Palanpur",reception venues in Tharad Road Palanpur,"reception venue Tharad Road, reception hall near Tharad Road Palanpur, reception venue near Tharad Road",Transactional (Hyper-local),High
Event + City Area,"Wedding Venues in Vadgam Road, Palanpur | VenueConnect",/palanpur/vadgam-road/wedding-venues/,"Best Wedding Venues in Vadgam Road, Palanpur | Book Near You - VenueConnect","Find the perfect wedding venue in Vadgam Road, Palanpur. Compare halls, farmhouses & party plots near Vadgam Road. Get instant leads & free quotes on VenueConnect.","Best Wedding Venues in Vadgam Road, Palanpur",wedding venues in Vadgam Road Palanpur,"wedding venue Vadgam Road, wedding hall near Vadgam Road Palanpur, wedding venue near Vadgam Road",Transactional (Hyper-local),High
Event + City Area,"Birthday Party Venues in Vadgam Road, Palanpur | VenueConnect",/palanpur/vadgam-road/birthday-party-venues/,"Best Birthday Party Venues in Vadgam Road, Palanpur | Book Near You - VenueConnect","Find the perfect birthday party venue in Vadgam Road, Palanpur. Compare halls, farmhouses & party plots near Vadgam Road. Get instant leads & free quotes on VenueConnect.","Best Birthday Party Venues in Vadgam Road, Palanpur",birthday party venues in Vadgam Road Palanpur,"birthday party venue Vadgam Road, birthday party hall near Vadgam Road Palanpur, birthday party venue near Vadgam Road",Transactional (Hyper-local),High
Event + City Area,"Engagement Venues in Vadgam Road, Palanpur | VenueConnect",/palanpur/vadgam-road/engagement-venues/,"Best Engagement Venues in Vadgam Road, Palanpur | Book Near You - VenueConnect","Find the perfect engagement venue in Vadgam Road, Palanpur. Compare halls, farmhouses & party plots near Vadgam Road. Get instant leads & free quotes on VenueConnect.","Best Engagement Venues in Vadgam Road, Palanpur",engagement venues in Vadgam Road Palanpur,"engagement venue Vadgam Road, engagement hall near Vadgam Road Palanpur, engagement venue near Vadgam Road",Transactional (Hyper-local),High
Event + City Area,"Corporate Event Venues in Vadgam Road, Palanpur | VenueConnect",/palanpur/vadgam-road/corporate-event-venues/,"Best Corporate Event Venues in Vadgam Road, Palanpur | Book Near You - VenueConnect","Find the perfect corporate event venue in Vadgam Road, Palanpur. Compare halls, farmhouses & party plots near Vadgam Road. Get instant leads & free quotes on VenueConnect.","Best Corporate Event Venues in Vadgam Road, Palanpur",corporate event venues in Vadgam Road Palanpur,"corporate event venue Vadgam Road, corporate event hall near Vadgam Road Palanpur, corporate event venue near Vadgam Road",Transactional (Hyper-local),High
Event + City Area,"Reception Venues in Vadgam Road, Palanpur | VenueConnect",/palanpur/vadgam-road/reception-venues/,"Best Reception Venues in Vadgam Road, Palanpur | Book Near You - VenueConnect","Find the perfect reception venue in Vadgam Road, Palanpur. Compare halls, farmhouses & party plots near Vadgam Road. Get instant leads & free quotes on VenueConnect.","Best Reception Venues in Vadgam Road, Palanpur",reception venues in Vadgam Road Palanpur,"reception venue Vadgam Road, reception hall near Vadgam Road Palanpur, reception venue near Vadgam Road",Transactional (Hyper-local),High
  VENDOR + CITY AREA PAGES (Hyper-local),,,,,,,,,
Page Type,Page Title,URL Slug,Meta Title,Meta Description,H1 Tag,Target Keyword,Secondary Keywords,Search Intent,Priority
Vendor + City Area,"Photographers in Station Road, Palanpur | VenueConnect",/palanpur/station-road/vendors/photographers/,"Top Photographers in Station Road, Palanpur | Hire Near You - VenueConnect","Find the best photographers in Station Road, Palanpur for your event. Browse verified profiles, compare pricing & get WhatsApp leads instantly on VenueConnect.","Top Photographers in Station Road, Palanpur",photographers in Station Road Palanpur,"photographers near Station Road, photographers Station Road Palanpur, best photographers near Station Road",Transactional (Hyper-local),Medium
Vendor + City Area,"Caterers in Station Road, Palanpur | VenueConnect",/palanpur/station-road/vendors/caterers/,"Top Caterers in Station Road, Palanpur | Hire Near You - VenueConnect","Find the best caterers in Station Road, Palanpur for your event. Browse verified profiles, compare pricing & get WhatsApp leads instantly on VenueConnect.","Top Caterers in Station Road, Palanpur",caterers in Station Road Palanpur,"caterers near Station Road, caterers Station Road Palanpur, best caterers near Station Road",Transactional (Hyper-local),Medium
Vendor + City Area,"Decorators in Station Road, Palanpur | VenueConnect",/palanpur/station-road/vendors/decorators/,"Top Decorators in Station Road, Palanpur | Hire Near You - VenueConnect","Find the best decorators in Station Road, Palanpur for your event. Browse verified profiles, compare pricing & get WhatsApp leads instantly on VenueConnect.","Top Decorators in Station Road, Palanpur",decorators in Station Road Palanpur,"decorators near Station Road, decorators Station Road Palanpur, best decorators near Station Road",Transactional (Hyper-local),Medium
Vendor + City Area,"Mehndi Artists in Station Road, Palanpur | VenueConnect",/palanpur/station-road/vendors/mehndi-artists/,"Top Mehndi Artists in Station Road, Palanpur | Hire Near You - VenueConnect","Find the best mehndi artists in Station Road, Palanpur for your event. Browse verified profiles, compare pricing & get WhatsApp leads instantly on VenueConnect.","Top Mehndi Artists in Station Road, Palanpur",mehndi artists in Station Road Palanpur,"mehndi artists near Station Road, mehndi artists Station Road Palanpur, best mehndi artists near Station Road",Transactional (Hyper-local),Medium
Vendor + City Area,"Photographers in Ambaji Road, Palanpur | VenueConnect",/palanpur/ambaji-road/vendors/photographers/,"Top Photographers in Ambaji Road, Palanpur | Hire Near You - VenueConnect","Find the best photographers in Ambaji Road, Palanpur for your event. Browse verified profiles, compare pricing & get WhatsApp leads instantly on VenueConnect.","Top Photographers in Ambaji Road, Palanpur",photographers in Ambaji Road Palanpur,"photographers near Ambaji Road, photographers Ambaji Road Palanpur, best photographers near Ambaji Road",Transactional (Hyper-local),Medium
Vendor + City Area,"Caterers in Ambaji Road, Palanpur | VenueConnect",/palanpur/ambaji-road/vendors/caterers/,"Top Caterers in Ambaji Road, Palanpur | Hire Near You - VenueConnect","Find the best caterers in Ambaji Road, Palanpur for your event. Browse verified profiles, compare pricing & get WhatsApp leads instantly on VenueConnect.","Top Caterers in Ambaji Road, Palanpur",caterers in Ambaji Road Palanpur,"caterers near Ambaji Road, caterers Ambaji Road Palanpur, best caterers near Ambaji Road",Transactional (Hyper-local),Medium
Vendor + City Area,"Decorators in Ambaji Road, Palanpur | VenueConnect",/palanpur/ambaji-road/vendors/decorators/,"Top Decorators in Ambaji Road, Palanpur | Hire Near You - VenueConnect","Find the best decorators in Ambaji Road, Palanpur for your event. Browse verified profiles, compare pricing & get WhatsApp leads instantly on VenueConnect.","Top Decorators in Ambaji Road, Palanpur",decorators in Ambaji Road Palanpur,"decorators near Ambaji Road, decorators Ambaji Road Palanpur, best decorators near Ambaji Road",Transactional (Hyper-local),Medium
Vendor + City Area,"Mehndi Artists in Ambaji Road, Palanpur | VenueConnect",/palanpur/ambaji-road/vendors/mehndi-artists/,"Top Mehndi Artists in Ambaji Road, Palanpur | Hire Near You - VenueConnect","Find the best mehndi artists in Ambaji Road, Palanpur for your event. Browse verified profiles, compare pricing & get WhatsApp leads instantly on VenueConnect.","Top Mehndi Artists in Ambaji Road, Palanpur",mehndi artists in Ambaji Road Palanpur,"mehndi artists near Ambaji Road, mehndi artists Ambaji Road Palanpur, best mehndi artists near Ambaji Road",Transactional (Hyper-local),Medium
Vendor + City Area,"Photographers in Deesa Road, Palanpur | VenueConnect",/palanpur/deesa-road/vendors/photographers/,"Top Photographers in Deesa Road, Palanpur | Hire Near You - VenueConnect","Find the best photographers in Deesa Road, Palanpur for your event. Browse verified profiles, compare pricing & get WhatsApp leads instantly on VenueConnect.","Top Photographers in Deesa Road, Palanpur",photographers in Deesa Road Palanpur,"photographers near Deesa Road, photographers Deesa Road Palanpur, best photographers near Deesa Road",Transactional (Hyper-local),Medium
Vendor + City Area,"Caterers in Deesa Road, Palanpur | VenueConnect",/palanpur/deesa-road/vendors/caterers/,"Top Caterers in Deesa Road, Palanpur | Hire Near You - VenueConnect","Find the best caterers in Deesa Road, Palanpur for your event. Browse verified profiles, compare pricing & get WhatsApp leads instantly on VenueConnect.","Top Caterers in Deesa Road, Palanpur",caterers in Deesa Road Palanpur,"caterers near Deesa Road, caterers Deesa Road Palanpur, best caterers near Deesa Road",Transactional (Hyper-local),Medium
Vendor + City Area,"Decorators in Deesa Road, Palanpur | VenueConnect",/palanpur/deesa-road/vendors/decorators/,"Top Decorators in Deesa Road, Palanpur | Hire Near You - VenueConnect","Find the best decorators in Deesa Road, Palanpur for your event. Browse verified profiles, compare pricing & get WhatsApp leads instantly on VenueConnect.","Top Decorators in Deesa Road, Palanpur",decorators in Deesa Road Palanpur,"decorators near Deesa Road, decorators Deesa Road Palanpur, best decorators near Deesa Road",Transactional (Hyper-local),Medium
Vendor + City Area,"Mehndi Artists in Deesa Road, Palanpur | VenueConnect",/palanpur/deesa-road/vendors/mehndi-artists/,"Top Mehndi Artists in Deesa Road, Palanpur | Hire Near You - VenueConnect","Find the best mehndi artists in Deesa Road, Palanpur for your event. Browse verified profiles, compare pricing & get WhatsApp leads instantly on VenueConnect.","Top Mehndi Artists in Deesa Road, Palanpur",mehndi artists in Deesa Road Palanpur,"mehndi artists near Deesa Road, mehndi artists Deesa Road Palanpur, best mehndi artists near Deesa Road",Transactional (Hyper-local),Medium
Vendor + City Area,"Photographers in GIDC, Palanpur | VenueConnect",/palanpur/gidc/vendors/photographers/,"Top Photographers in GIDC, Palanpur | Hire Near You - VenueConnect","Find the best photographers in GIDC, Palanpur for your event. Browse verified profiles, compare pricing & get WhatsApp leads instantly on VenueConnect.","Top Photographers in GIDC, Palanpur",photographers in GIDC Palanpur,"photographers near GIDC, photographers GIDC Palanpur, best photographers near GIDC",Transactional (Hyper-local),Medium
Vendor + City Area,"Caterers in GIDC, Palanpur | VenueConnect",/palanpur/gidc/vendors/caterers/,"Top Caterers in GIDC, Palanpur | Hire Near You - VenueConnect","Find the best caterers in GIDC, Palanpur for your event. Browse verified profiles, compare pricing & get WhatsApp leads instantly on VenueConnect.","Top Caterers in GIDC, Palanpur",caterers in GIDC Palanpur,"caterers near GIDC, caterers GIDC Palanpur, best caterers near GIDC",Transactional (Hyper-local),Medium
Vendor + City Area,"Decorators in GIDC, Palanpur | VenueConnect",/palanpur/gidc/vendors/decorators/,"Top Decorators in GIDC, Palanpur | Hire Near You - VenueConnect","Find the best decorators in GIDC, Palanpur for your event. Browse verified profiles, compare pricing & get WhatsApp leads instantly on VenueConnect.","Top Decorators in GIDC, Palanpur",decorators in GIDC Palanpur,"decorators near GIDC, decorators GIDC Palanpur, best decorators near GIDC",Transactional (Hyper-local),Medium
Vendor + City Area,"Mehndi Artists in GIDC, Palanpur | VenueConnect",/palanpur/gidc/vendors/mehndi-artists/,"Top Mehndi Artists in GIDC, Palanpur | Hire Near You - VenueConnect","Find the best mehndi artists in GIDC, Palanpur for your event. Browse verified profiles, compare pricing & get WhatsApp leads instantly on VenueConnect.","Top Mehndi Artists in GIDC, Palanpur",mehndi artists in GIDC Palanpur,"mehndi artists near GIDC, mehndi artists GIDC Palanpur, best mehndi artists near GIDC",Transactional (Hyper-local),Medium
Vendor + City Area,"Photographers in Malan Road, Palanpur | VenueConnect",/palanpur/malan-road/vendors/photographers/,"Top Photographers in Malan Road, Palanpur | Hire Near You - VenueConnect","Find the best photographers in Malan Road, Palanpur for your event. Browse verified profiles, compare pricing & get WhatsApp leads instantly on VenueConnect.","Top Photographers in Malan Road, Palanpur",photographers in Malan Road Palanpur,"photographers near Malan Road, photographers Malan Road Palanpur, best photographers near Malan Road",Transactional (Hyper-local),Medium
Vendor + City Area,"Caterers in Malan Road, Palanpur | VenueConnect",/palanpur/malan-road/vendors/caterers/,"Top Caterers in Malan Road, Palanpur | Hire Near You - VenueConnect","Find the best caterers in Malan Road, Palanpur for your event. Browse verified profiles, compare pricing & get WhatsApp leads instantly on VenueConnect.","Top Caterers in Malan Road, Palanpur",caterers in Malan Road Palanpur,"caterers near Malan Road, caterers Malan Road Palanpur, best caterers near Malan Road",Transactional (Hyper-local),Medium
Vendor + City Area,"Decorators in Malan Road, Palanpur | VenueConnect",/palanpur/malan-road/vendors/decorators/,"Top Decorators in Malan Road, Palanpur | Hire Near You - VenueConnect","Find the best decorators in Malan Road, Palanpur for your event. Browse verified profiles, compare pricing & get WhatsApp leads instantly on VenueConnect.","Top Decorators in Malan Road, Palanpur",decorators in Malan Road Palanpur,"decorators near Malan Road, decorators Malan Road Palanpur, best decorators near Malan Road",Transactional (Hyper-local),Medium
Vendor + City Area,"Mehndi Artists in Malan Road, Palanpur | VenueConnect",/palanpur/malan-road/vendors/mehndi-artists/,"Top Mehndi Artists in Malan Road, Palanpur | Hire Near You - VenueConnect","Find the best mehndi artists in Malan Road, Palanpur for your event. Browse verified profiles, compare pricing & get WhatsApp leads instantly on VenueConnect.","Top Mehndi Artists in Malan Road, Palanpur",mehndi artists in Malan Road Palanpur,"mehndi artists near Malan Road, mehndi artists Malan Road Palanpur, best mehndi artists near Malan Road",Transactional (Hyper-local),Medium
Vendor + City Area,"Photographers in Highway, Palanpur | VenueConnect",/palanpur/highway/vendors/photographers/,"Top Photographers in Highway, Palanpur | Hire Near You - VenueConnect","Find the best photographers in Highway, Palanpur for your event. Browse verified profiles, compare pricing & get WhatsApp leads instantly on VenueConnect.","Top Photographers in Highway, Palanpur",photographers in Highway Palanpur,"photographers near Highway, photographers Highway Palanpur, best photographers near Highway",Transactional (Hyper-local),Medium
Vendor + City Area,"Caterers in Highway, Palanpur | VenueConnect",/palanpur/highway/vendors/caterers/,"Top Caterers in Highway, Palanpur | Hire Near You - VenueConnect","Find the best caterers in Highway, Palanpur for your event. Browse verified profiles, compare pricing & get WhatsApp leads instantly on VenueConnect.","Top Caterers in Highway, Palanpur",caterers in Highway Palanpur,"caterers near Highway, caterers Highway Palanpur, best caterers near Highway",Transactional (Hyper-local),Medium
Vendor + City Area,"Decorators in Highway, Palanpur | VenueConnect",/palanpur/highway/vendors/decorators/,"Top Decorators in Highway, Palanpur | Hire Near You - VenueConnect","Find the best decorators in Highway, Palanpur for your event. Browse verified profiles, compare pricing & get WhatsApp leads instantly on VenueConnect.","Top Decorators in Highway, Palanpur",decorators in Highway Palanpur,"decorators near Highway, decorators Highway Palanpur, best decorators near Highway",Transactional (Hyper-local),Medium
Vendor + City Area,"Mehndi Artists in Highway, Palanpur | VenueConnect",/palanpur/highway/vendors/mehndi-artists/,"Top Mehndi Artists in Highway, Palanpur | Hire Near You - VenueConnect","Find the best mehndi artists in Highway, Palanpur for your event. Browse verified profiles, compare pricing & get WhatsApp leads instantly on VenueConnect.","Top Mehndi Artists in Highway, Palanpur",mehndi artists in Highway Palanpur,"mehndi artists near Highway, mehndi artists Highway Palanpur, best mehndi artists near Highway",Transactional (Hyper-local),Medium
Vendor + City Area,"Photographers in Abu Road, Palanpur | VenueConnect",/palanpur/abu-road/vendors/photographers/,"Top Photographers in Abu Road, Palanpur | Hire Near You - VenueConnect","Find the best photographers in Abu Road, Palanpur for your event. Browse verified profiles, compare pricing & get WhatsApp leads instantly on VenueConnect.","Top Photographers in Abu Road, Palanpur",photographers in Abu Road Palanpur,"photographers near Abu Road, photographers Abu Road Palanpur, best photographers near Abu Road",Transactional (Hyper-local),Medium
Vendor + City Area,"Caterers in Abu Road, Palanpur | VenueConnect",/palanpur/abu-road/vendors/caterers/,"Top Caterers in Abu Road, Palanpur | Hire Near You - VenueConnect","Find the best caterers in Abu Road, Palanpur for your event. Browse verified profiles, compare pricing & get WhatsApp leads instantly on VenueConnect.","Top Caterers in Abu Road, Palanpur",caterers in Abu Road Palanpur,"caterers near Abu Road, caterers Abu Road Palanpur, best caterers near Abu Road",Transactional (Hyper-local),Medium
Vendor + City Area,"Decorators in Abu Road, Palanpur | VenueConnect",/palanpur/abu-road/vendors/decorators/,"Top Decorators in Abu Road, Palanpur | Hire Near You - VenueConnect","Find the best decorators in Abu Road, Palanpur for your event. Browse verified profiles, compare pricing & get WhatsApp leads instantly on VenueConnect.","Top Decorators in Abu Road, Palanpur",decorators in Abu Road Palanpur,"decorators near Abu Road, decorators Abu Road Palanpur, best decorators near Abu Road",Transactional (Hyper-local),Medium
Vendor + City Area,"Mehndi Artists in Abu Road, Palanpur | VenueConnect",/palanpur/abu-road/vendors/mehndi-artists/,"Top Mehndi Artists in Abu Road, Palanpur | Hire Near You - VenueConnect","Find the best mehndi artists in Abu Road, Palanpur for your event. Browse verified profiles, compare pricing & get WhatsApp leads instantly on VenueConnect.","Top Mehndi Artists in Abu Road, Palanpur",mehndi artists in Abu Road Palanpur,"mehndi artists near Abu Road, mehndi artists Abu Road Palanpur, best mehndi artists near Abu Road",Transactional (Hyper-local),Medium
Vendor + City Area,"Photographers in Agam Talav, Palanpur | VenueConnect",/palanpur/agam-talav/vendors/photographers/,"Top Photographers in Agam Talav, Palanpur | Hire Near You - VenueConnect","Find the best photographers in Agam Talav, Palanpur for your event. Browse verified profiles, compare pricing & get WhatsApp leads instantly on VenueConnect.","Top Photographers in Agam Talav, Palanpur",photographers in Agam Talav Palanpur,"photographers near Agam Talav, photographers Agam Talav Palanpur, best photographers near Agam Talav",Transactional (Hyper-local),Medium
Vendor + City Area,"Caterers in Agam Talav, Palanpur | VenueConnect",/palanpur/agam-talav/vendors/caterers/,"Top Caterers in Agam Talav, Palanpur | Hire Near You - VenueConnect","Find the best caterers in Agam Talav, Palanpur for your event. Browse verified profiles, compare pricing & get WhatsApp leads instantly on VenueConnect.","Top Caterers in Agam Talav, Palanpur",caterers in Agam Talav Palanpur,"caterers near Agam Talav, caterers Agam Talav Palanpur, best caterers near Agam Talav",Transactional (Hyper-local),Medium
Vendor + City Area,"Decorators in Agam Talav, Palanpur | VenueConnect",/palanpur/agam-talav/vendors/decorators/,"Top Decorators in Agam Talav, Palanpur | Hire Near You - VenueConnect","Find the best decorators in Agam Talav, Palanpur for your event. Browse verified profiles, compare pricing & get WhatsApp leads instantly on VenueConnect.","Top Decorators in Agam Talav, Palanpur",decorators in Agam Talav Palanpur,"decorators near Agam Talav, decorators Agam Talav Palanpur, best decorators near Agam Talav",Transactional (Hyper-local),Medium
Vendor + City Area,"Mehndi Artists in Agam Talav, Palanpur | VenueConnect",/palanpur/agam-talav/vendors/mehndi-artists/,"Top Mehndi Artists in Agam Talav, Palanpur | Hire Near You - VenueConnect","Find the best mehndi artists in Agam Talav, Palanpur for your event. Browse verified profiles, compare pricing & get WhatsApp leads instantly on VenueConnect.","Top Mehndi Artists in Agam Talav, Palanpur",mehndi artists in Agam Talav Palanpur,"mehndi artists near Agam Talav, mehndi artists Agam Talav Palanpur, best mehndi artists near Agam Talav",Transactional (Hyper-local),Medium
Vendor + City Area,"Photographers in Balaram Road, Palanpur | VenueConnect",/palanpur/balaram-road/vendors/photographers/,"Top Photographers in Balaram Road, Palanpur | Hire Near You - VenueConnect","Find the best photographers in Balaram Road, Palanpur for your event. Browse verified profiles, compare pricing & get WhatsApp leads instantly on VenueConnect.","Top Photographers in Balaram Road, Palanpur",photographers in Balaram Road Palanpur,"photographers near Balaram Road, photographers Balaram Road Palanpur, best photographers near Balaram Road",Transactional (Hyper-local),Medium
Vendor + City Area,"Caterers in Balaram Road, Palanpur | VenueConnect",/palanpur/balaram-road/vendors/caterers/,"Top Caterers in Balaram Road, Palanpur | Hire Near You - VenueConnect","Find the best caterers in Balaram Road, Palanpur for your event. Browse verified profiles, compare pricing & get WhatsApp leads instantly on VenueConnect.","Top Caterers in Balaram Road, Palanpur",caterers in Balaram Road Palanpur,"caterers near Balaram Road, caterers Balaram Road Palanpur, best caterers near Balaram Road",Transactional (Hyper-local),Medium
Vendor + City Area,"Decorators in Balaram Road, Palanpur | VenueConnect",/palanpur/balaram-road/vendors/decorators/,"Top Decorators in Balaram Road, Palanpur | Hire Near You - VenueConnect","Find the best decorators in Balaram Road, Palanpur for your event. Browse verified profiles, compare pricing & get WhatsApp leads instantly on VenueConnect.","Top Decorators in Balaram Road, Palanpur",decorators in Balaram Road Palanpur,"decorators near Balaram Road, decorators Balaram Road Palanpur, best decorators near Balaram Road",Transactional (Hyper-local),Medium
Vendor + City Area,"Mehndi Artists in Balaram Road, Palanpur | VenueConnect",/palanpur/balaram-road/vendors/mehndi-artists/,"Top Mehndi Artists in Balaram Road, Palanpur | Hire Near You - VenueConnect","Find the best mehndi artists in Balaram Road, Palanpur for your event. Browse verified profiles, compare pricing & get WhatsApp leads instantly on VenueConnect.","Top Mehndi Artists in Balaram Road, Palanpur",mehndi artists in Balaram Road Palanpur,"mehndi artists near Balaram Road, mehndi artists Balaram Road Palanpur, best mehndi artists near Balaram Road",Transactional (Hyper-local),Medium
Vendor + City Area,"Photographers in Chanasma Road, Palanpur | VenueConnect",/palanpur/chanasma-road/vendors/photographers/,"Top Photographers in Chanasma Road, Palanpur | Hire Near You - VenueConnect","Find the best photographers in Chanasma Road, Palanpur for your event. Browse verified profiles, compare pricing & get WhatsApp leads instantly on VenueConnect.","Top Photographers in Chanasma Road, Palanpur",photographers in Chanasma Road Palanpur,"photographers near Chanasma Road, photographers Chanasma Road Palanpur, best photographers near Chanasma Road",Transactional (Hyper-local),Medium
Vendor + City Area,"Caterers in Chanasma Road, Palanpur | VenueConnect",/palanpur/chanasma-road/vendors/caterers/,"Top Caterers in Chanasma Road, Palanpur | Hire Near You - VenueConnect","Find the best caterers in Chanasma Road, Palanpur for your event. Browse verified profiles, compare pricing & get WhatsApp leads instantly on VenueConnect.","Top Caterers in Chanasma Road, Palanpur",caterers in Chanasma Road Palanpur,"caterers near Chanasma Road, caterers Chanasma Road Palanpur, best caterers near Chanasma Road",Transactional (Hyper-local),Medium
Vendor + City Area,"Decorators in Chanasma Road, Palanpur | VenueConnect",/palanpur/chanasma-road/vendors/decorators/,"Top Decorators in Chanasma Road, Palanpur | Hire Near You - VenueConnect","Find the best decorators in Chanasma Road, Palanpur for your event. Browse verified profiles, compare pricing & get WhatsApp leads instantly on VenueConnect.","Top Decorators in Chanasma Road, Palanpur",decorators in Chanasma Road Palanpur,"decorators near Chanasma Road, decorators Chanasma Road Palanpur, best decorators near Chanasma Road",Transactional (Hyper-local),Medium
Vendor + City Area,"Mehndi Artists in Chanasma Road, Palanpur | VenueConnect",/palanpur/chanasma-road/vendors/mehndi-artists/,"Top Mehndi Artists in Chanasma Road, Palanpur | Hire Near You - VenueConnect","Find the best mehndi artists in Chanasma Road, Palanpur for your event. Browse verified profiles, compare pricing & get WhatsApp leads instantly on VenueConnect.","Top Mehndi Artists in Chanasma Road, Palanpur",mehndi artists in Chanasma Road Palanpur,"mehndi artists near Chanasma Road, mehndi artists Chanasma Road Palanpur, best mehndi artists near Chanasma Road",Transactional (Hyper-local),Medium
Vendor + City Area,"Photographers in College Road, Palanpur | VenueConnect",/palanpur/college-road/vendors/photographers/,"Top Photographers in College Road, Palanpur | Hire Near You - VenueConnect","Find the best photographers in College Road, Palanpur for your event. Browse verified profiles, compare pricing & get WhatsApp leads instantly on VenueConnect.","Top Photographers in College Road, Palanpur",photographers in College Road Palanpur,"photographers near College Road, photographers College Road Palanpur, best photographers near College Road",Transactional (Hyper-local),Medium
Vendor + City Area,"Caterers in College Road, Palanpur | VenueConnect",/palanpur/college-road/vendors/caterers/,"Top Caterers in College Road, Palanpur | Hire Near You - VenueConnect","Find the best caterers in College Road, Palanpur for your event. Browse verified profiles, compare pricing & get WhatsApp leads instantly on VenueConnect.","Top Caterers in College Road, Palanpur",caterers in College Road Palanpur,"caterers near College Road, caterers College Road Palanpur, best caterers near College Road",Transactional (Hyper-local),Medium
Vendor + City Area,"Decorators in College Road, Palanpur | VenueConnect",/palanpur/college-road/vendors/decorators/,"Top Decorators in College Road, Palanpur | Hire Near You - VenueConnect","Find the best decorators in College Road, Palanpur for your event. Browse verified profiles, compare pricing & get WhatsApp leads instantly on VenueConnect.","Top Decorators in College Road, Palanpur",decorators in College Road Palanpur,"decorators near College Road, decorators College Road Palanpur, best decorators near College Road",Transactional (Hyper-local),Medium
Vendor + City Area,"Mehndi Artists in College Road, Palanpur | VenueConnect",/palanpur/college-road/vendors/mehndi-artists/,"Top Mehndi Artists in College Road, Palanpur | Hire Near You - VenueConnect","Find the best mehndi artists in College Road, Palanpur for your event. Browse verified profiles, compare pricing & get WhatsApp leads instantly on VenueConnect.","Top Mehndi Artists in College Road, Palanpur",mehndi artists in College Road Palanpur,"mehndi artists near College Road, mehndi artists College Road Palanpur, best mehndi artists near College Road",Transactional (Hyper-local),Medium
Vendor + City Area,"Photographers in Court Road, Palanpur | VenueConnect",/palanpur/court-road/vendors/photographers/,"Top Photographers in Court Road, Palanpur | Hire Near You - VenueConnect","Find the best photographers in Court Road, Palanpur for your event. Browse verified profiles, compare pricing & get WhatsApp leads instantly on VenueConnect.","Top Photographers in Court Road, Palanpur",photographers in Court Road Palanpur,"photographers near Court Road, photographers Court Road Palanpur, best photographers near Court Road",Transactional (Hyper-local),Medium
Vendor + City Area,"Caterers in Court Road, Palanpur | VenueConnect",/palanpur/court-road/vendors/caterers/,"Top Caterers in Court Road, Palanpur | Hire Near You - VenueConnect","Find the best caterers in Court Road, Palanpur for your event. Browse verified profiles, compare pricing & get WhatsApp leads instantly on VenueConnect.","Top Caterers in Court Road, Palanpur",caterers in Court Road Palanpur,"caterers near Court Road, caterers Court Road Palanpur, best caterers near Court Road",Transactional (Hyper-local),Medium
Vendor + City Area,"Decorators in Court Road, Palanpur | VenueConnect",/palanpur/court-road/vendors/decorators/,"Top Decorators in Court Road, Palanpur | Hire Near You - VenueConnect","Find the best decorators in Court Road, Palanpur for your event. Browse verified profiles, compare pricing & get WhatsApp leads instantly on VenueConnect.","Top Decorators in Court Road, Palanpur",decorators in Court Road Palanpur,"decorators near Court Road, decorators Court Road Palanpur, best decorators near Court Road",Transactional (Hyper-local),Medium
Vendor + City Area,"Mehndi Artists in Court Road, Palanpur | VenueConnect",/palanpur/court-road/vendors/mehndi-artists/,"Top Mehndi Artists in Court Road, Palanpur | Hire Near You - VenueConnect","Find the best mehndi artists in Court Road, Palanpur for your event. Browse verified profiles, compare pricing & get WhatsApp leads instantly on VenueConnect.","Top Mehndi Artists in Court Road, Palanpur",mehndi artists in Court Road Palanpur,"mehndi artists near Court Road, mehndi artists Court Road Palanpur, best mehndi artists near Court Road",Transactional (Hyper-local),Medium
Vendor + City Area,"Photographers in Danta Road, Palanpur | VenueConnect",/palanpur/danta-road/vendors/photographers/,"Top Photographers in Danta Road, Palanpur | Hire Near You - VenueConnect","Find the best photographers in Danta Road, Palanpur for your event. Browse verified profiles, compare pricing & get WhatsApp leads instantly on VenueConnect.","Top Photographers in Danta Road, Palanpur",photographers in Danta Road Palanpur,"photographers near Danta Road, photographers Danta Road Palanpur, best photographers near Danta Road",Transactional (Hyper-local),Medium
Vendor + City Area,"Caterers in Danta Road, Palanpur | VenueConnect",/palanpur/danta-road/vendors/caterers/,"Top Caterers in Danta Road, Palanpur | Hire Near You - VenueConnect","Find the best caterers in Danta Road, Palanpur for your event. Browse verified profiles, compare pricing & get WhatsApp leads instantly on VenueConnect.","Top Caterers in Danta Road, Palanpur",caterers in Danta Road Palanpur,"caterers near Danta Road, caterers Danta Road Palanpur, best caterers near Danta Road",Transactional (Hyper-local),Medium
Vendor + City Area,"Decorators in Danta Road, Palanpur | VenueConnect",/palanpur/danta-road/vendors/decorators/,"Top Decorators in Danta Road, Palanpur | Hire Near You - VenueConnect","Find the best decorators in Danta Road, Palanpur for your event. Browse verified profiles, compare pricing & get WhatsApp leads instantly on VenueConnect.","Top Decorators in Danta Road, Palanpur",decorators in Danta Road Palanpur,"decorators near Danta Road, decorators Danta Road Palanpur, best decorators near Danta Road",Transactional (Hyper-local),Medium
Vendor + City Area,"Mehndi Artists in Danta Road, Palanpur | VenueConnect",/palanpur/danta-road/vendors/mehndi-artists/,"Top Mehndi Artists in Danta Road, Palanpur | Hire Near You - VenueConnect","Find the best mehndi artists in Danta Road, Palanpur for your event. Browse verified profiles, compare pricing & get WhatsApp leads instantly on VenueConnect.","Top Mehndi Artists in Danta Road, Palanpur",mehndi artists in Danta Road Palanpur,"mehndi artists near Danta Road, mehndi artists Danta Road Palanpur, best mehndi artists near Danta Road",Transactional (Hyper-local),Medium
Vendor + City Area,"Photographers in Dharoi Road, Palanpur | VenueConnect",/palanpur/dharoi-road/vendors/photographers/,"Top Photographers in Dharoi Road, Palanpur | Hire Near You - VenueConnect","Find the best photographers in Dharoi Road, Palanpur for your event. Browse verified profiles, compare pricing & get WhatsApp leads instantly on VenueConnect.","Top Photographers in Dharoi Road, Palanpur",photographers in Dharoi Road Palanpur,"photographers near Dharoi Road, photographers Dharoi Road Palanpur, best photographers near Dharoi Road",Transactional (Hyper-local),Medium
Vendor + City Area,"Caterers in Dharoi Road, Palanpur | VenueConnect",/palanpur/dharoi-road/vendors/caterers/,"Top Caterers in Dharoi Road, Palanpur | Hire Near You - VenueConnect","Find the best caterers in Dharoi Road, Palanpur for your event. Browse verified profiles, compare pricing & get WhatsApp leads instantly on VenueConnect.","Top Caterers in Dharoi Road, Palanpur",caterers in Dharoi Road Palanpur,"caterers near Dharoi Road, caterers Dharoi Road Palanpur, best caterers near Dharoi Road",Transactional (Hyper-local),Medium
Vendor + City Area,"Decorators in Dharoi Road, Palanpur | VenueConnect",/palanpur/dharoi-road/vendors/decorators/,"Top Decorators in Dharoi Road, Palanpur | Hire Near You - VenueConnect","Find the best decorators in Dharoi Road, Palanpur for your event. Browse verified profiles, compare pricing & get WhatsApp leads instantly on VenueConnect.","Top Decorators in Dharoi Road, Palanpur",decorators in Dharoi Road Palanpur,"decorators near Dharoi Road, decorators Dharoi Road Palanpur, best decorators near Dharoi Road",Transactional (Hyper-local),Medium
Vendor + City Area,"Mehndi Artists in Dharoi Road, Palanpur | VenueConnect",/palanpur/dharoi-road/vendors/mehndi-artists/,"Top Mehndi Artists in Dharoi Road, Palanpur | Hire Near You - VenueConnect","Find the best mehndi artists in Dharoi Road, Palanpur for your event. Browse verified profiles, compare pricing & get WhatsApp leads instantly on VenueConnect.","Top Mehndi Artists in Dharoi Road, Palanpur",mehndi artists in Dharoi Road Palanpur,"mehndi artists near Dharoi Road, mehndi artists Dharoi Road Palanpur, best mehndi artists near Dharoi Road",Transactional (Hyper-local),Medium
Vendor + City Area,"Photographers in Hadad Road, Palanpur | VenueConnect",/palanpur/hadad-road/vendors/photographers/,"Top Photographers in Hadad Road, Palanpur | Hire Near You - VenueConnect","Find the best photographers in Hadad Road, Palanpur for your event. Browse verified profiles, compare pricing & get WhatsApp leads instantly on VenueConnect.","Top Photographers in Hadad Road, Palanpur",photographers in Hadad Road Palanpur,"photographers near Hadad Road, photographers Hadad Road Palanpur, best photographers near Hadad Road",Transactional (Hyper-local),Medium
Vendor + City Area,"Caterers in Hadad Road, Palanpur | VenueConnect",/palanpur/hadad-road/vendors/caterers/,"Top Caterers in Hadad Road, Palanpur | Hire Near You - VenueConnect","Find the best caterers in Hadad Road, Palanpur for your event. Browse verified profiles, compare pricing & get WhatsApp leads instantly on VenueConnect.","Top Caterers in Hadad Road, Palanpur",caterers in Hadad Road Palanpur,"caterers near Hadad Road, caterers Hadad Road Palanpur, best caterers near Hadad Road",Transactional (Hyper-local),Medium
Vendor + City Area,"Decorators in Hadad Road, Palanpur | VenueConnect",/palanpur/hadad-road/vendors/decorators/,"Top Decorators in Hadad Road, Palanpur | Hire Near You - VenueConnect","Find the best decorators in Hadad Road, Palanpur for your event. Browse verified profiles, compare pricing & get WhatsApp leads instantly on VenueConnect.","Top Decorators in Hadad Road, Palanpur",decorators in Hadad Road Palanpur,"decorators near Hadad Road, decorators Hadad Road Palanpur, best decorators near Hadad Road",Transactional (Hyper-local),Medium
Vendor + City Area,"Mehndi Artists in Hadad Road, Palanpur | VenueConnect",/palanpur/hadad-road/vendors/mehndi-artists/,"Top Mehndi Artists in Hadad Road, Palanpur | Hire Near You - VenueConnect","Find the best mehndi artists in Hadad Road, Palanpur for your event. Browse verified profiles, compare pricing & get WhatsApp leads instantly on VenueConnect.","Top Mehndi Artists in Hadad Road, Palanpur",mehndi artists in Hadad Road Palanpur,"mehndi artists near Hadad Road, mehndi artists Hadad Road Palanpur, best mehndi artists near Hadad Road",Transactional (Hyper-local),Medium
Vendor + City Area,"Photographers in Jain Temple Road, Palanpur | VenueConnect",/palanpur/jain-temple-road/vendors/photographers/,"Top Photographers in Jain Temple Road, Palanpur | Hire Near You - VenueConnect","Find the best photographers in Jain Temple Road, Palanpur for your event. Browse verified profiles, compare pricing & get WhatsApp leads instantly on VenueConnect.","Top Photographers in Jain Temple Road, Palanpur",photographers in Jain Temple Road Palanpur,"photographers near Jain Temple Road, photographers Jain Temple Road Palanpur, best photographers near Jain Temple Road",Transactional (Hyper-local),Medium
Vendor + City Area,"Caterers in Jain Temple Road, Palanpur | VenueConnect",/palanpur/jain-temple-road/vendors/caterers/,"Top Caterers in Jain Temple Road, Palanpur | Hire Near You - VenueConnect","Find the best caterers in Jain Temple Road, Palanpur for your event. Browse verified profiles, compare pricing & get WhatsApp leads instantly on VenueConnect.","Top Caterers in Jain Temple Road, Palanpur",caterers in Jain Temple Road Palanpur,"caterers near Jain Temple Road, caterers Jain Temple Road Palanpur, best caterers near Jain Temple Road",Transactional (Hyper-local),Medium
Vendor + City Area,"Decorators in Jain Temple Road, Palanpur | VenueConnect",/palanpur/jain-temple-road/vendors/decorators/,"Top Decorators in Jain Temple Road, Palanpur | Hire Near You - VenueConnect","Find the best decorators in Jain Temple Road, Palanpur for your event. Browse verified profiles, compare pricing & get WhatsApp leads instantly on VenueConnect.","Top Decorators in Jain Temple Road, Palanpur",decorators in Jain Temple Road Palanpur,"decorators near Jain Temple Road, decorators Jain Temple Road Palanpur, best decorators near Jain Temple Road",Transactional (Hyper-local),Medium
Vendor + City Area,"Mehndi Artists in Jain Temple Road, Palanpur | VenueConnect",/palanpur/jain-temple-road/vendors/mehndi-artists/,"Top Mehndi Artists in Jain Temple Road, Palanpur | Hire Near You - VenueConnect","Find the best mehndi artists in Jain Temple Road, Palanpur for your event. Browse verified profiles, compare pricing & get WhatsApp leads instantly on VenueConnect.","Top Mehndi Artists in Jain Temple Road, Palanpur",mehndi artists in Jain Temple Road Palanpur,"mehndi artists near Jain Temple Road, mehndi artists Jain Temple Road Palanpur, best mehndi artists near Jain Temple Road",Transactional (Hyper-local),Medium
Vendor + City Area,"Photographers in Kankrej Road, Palanpur | VenueConnect",/palanpur/kankrej-road/vendors/photographers/,"Top Photographers in Kankrej Road, Palanpur | Hire Near You - VenueConnect","Find the best photographers in Kankrej Road, Palanpur for your event. Browse verified profiles, compare pricing & get WhatsApp leads instantly on VenueConnect.","Top Photographers in Kankrej Road, Palanpur",photographers in Kankrej Road Palanpur,"photographers near Kankrej Road, photographers Kankrej Road Palanpur, best photographers near Kankrej Road",Transactional (Hyper-local),Medium
Vendor + City Area,"Caterers in Kankrej Road, Palanpur | VenueConnect",/palanpur/kankrej-road/vendors/caterers/,"Top Caterers in Kankrej Road, Palanpur | Hire Near You - VenueConnect","Find the best caterers in Kankrej Road, Palanpur for your event. Browse verified profiles, compare pricing & get WhatsApp leads instantly on VenueConnect.","Top Caterers in Kankrej Road, Palanpur",caterers in Kankrej Road Palanpur,"caterers near Kankrej Road, caterers Kankrej Road Palanpur, best caterers near Kankrej Road",Transactional (Hyper-local),Medium
Vendor + City Area,"Decorators in Kankrej Road, Palanpur | VenueConnect",/palanpur/kankrej-road/vendors/decorators/,"Top Decorators in Kankrej Road, Palanpur | Hire Near You - VenueConnect","Find the best decorators in Kankrej Road, Palanpur for your event. Browse verified profiles, compare pricing & get WhatsApp leads instantly on VenueConnect.","Top Decorators in Kankrej Road, Palanpur",decorators in Kankrej Road Palanpur,"decorators near Kankrej Road, decorators Kankrej Road Palanpur, best decorators near Kankrej Road",Transactional (Hyper-local),Medium
Vendor + City Area,"Mehndi Artists in Kankrej Road, Palanpur | VenueConnect",/palanpur/kankrej-road/vendors/mehndi-artists/,"Top Mehndi Artists in Kankrej Road, Palanpur | Hire Near You - VenueConnect","Find the best mehndi artists in Kankrej Road, Palanpur for your event. Browse verified profiles, compare pricing & get WhatsApp leads instantly on VenueConnect.","Top Mehndi Artists in Kankrej Road, Palanpur",mehndi artists in Kankrej Road Palanpur,"mehndi artists near Kankrej Road, mehndi artists Kankrej Road Palanpur, best mehndi artists near Kankrej Road",Transactional (Hyper-local),Medium
Vendor + City Area,"Photographers in Mahesana Road, Palanpur | VenueConnect",/palanpur/mahesana-road/vendors/photographers/,"Top Photographers in Mahesana Road, Palanpur | Hire Near You - VenueConnect","Find the best photographers in Mahesana Road, Palanpur for your event. Browse verified profiles, compare pricing & get WhatsApp leads instantly on VenueConnect.","Top Photographers in Mahesana Road, Palanpur",photographers in Mahesana Road Palanpur,"photographers near Mahesana Road, photographers Mahesana Road Palanpur, best photographers near Mahesana Road",Transactional (Hyper-local),Medium
Vendor + City Area,"Caterers in Mahesana Road, Palanpur | VenueConnect",/palanpur/mahesana-road/vendors/caterers/,"Top Caterers in Mahesana Road, Palanpur | Hire Near You - VenueConnect","Find the best caterers in Mahesana Road, Palanpur for your event. Browse verified profiles, compare pricing & get WhatsApp leads instantly on VenueConnect.","Top Caterers in Mahesana Road, Palanpur",caterers in Mahesana Road Palanpur,"caterers near Mahesana Road, caterers Mahesana Road Palanpur, best caterers near Mahesana Road",Transactional (Hyper-local),Medium
Vendor + City Area,"Decorators in Mahesana Road, Palanpur | VenueConnect",/palanpur/mahesana-road/vendors/decorators/,"Top Decorators in Mahesana Road, Palanpur | Hire Near You - VenueConnect","Find the best decorators in Mahesana Road, Palanpur for your event. Browse verified profiles, compare pricing & get WhatsApp leads instantly on VenueConnect.","Top Decorators in Mahesana Road, Palanpur",decorators in Mahesana Road Palanpur,"decorators near Mahesana Road, decorators Mahesana Road Palanpur, best decorators near Mahesana Road",Transactional (Hyper-local),Medium
Vendor + City Area,"Mehndi Artists in Mahesana Road, Palanpur | VenueConnect",/palanpur/mahesana-road/vendors/mehndi-artists/,"Top Mehndi Artists in Mahesana Road, Palanpur | Hire Near You - VenueConnect","Find the best mehndi artists in Mahesana Road, Palanpur for your event. Browse verified profiles, compare pricing & get WhatsApp leads instantly on VenueConnect.","Top Mehndi Artists in Mahesana Road, Palanpur",mehndi artists in Mahesana Road Palanpur,"mehndi artists near Mahesana Road, mehndi artists Mahesana Road Palanpur, best mehndi artists near Mahesana Road",Transactional (Hyper-local),Medium
Vendor + City Area,"Photographers in Manpura, Palanpur | VenueConnect",/palanpur/manpura/vendors/photographers/,"Top Photographers in Manpura, Palanpur | Hire Near You - VenueConnect","Find the best photographers in Manpura, Palanpur for your event. Browse verified profiles, compare pricing & get WhatsApp leads instantly on VenueConnect.","Top Photographers in Manpura, Palanpur",photographers in Manpura Palanpur,"photographers near Manpura, photographers Manpura Palanpur, best photographers near Manpura",Transactional (Hyper-local),Medium
Vendor + City Area,"Caterers in Manpura, Palanpur | VenueConnect",/palanpur/manpura/vendors/caterers/,"Top Caterers in Manpura, Palanpur | Hire Near You - VenueConnect","Find the best caterers in Manpura, Palanpur for your event. Browse verified profiles, compare pricing & get WhatsApp leads instantly on VenueConnect.","Top Caterers in Manpura, Palanpur",caterers in Manpura Palanpur,"caterers near Manpura, caterers Manpura Palanpur, best caterers near Manpura",Transactional (Hyper-local),Medium
Vendor + City Area,"Decorators in Manpura, Palanpur | VenueConnect",/palanpur/manpura/vendors/decorators/,"Top Decorators in Manpura, Palanpur | Hire Near You - VenueConnect","Find the best decorators in Manpura, Palanpur for your event. Browse verified profiles, compare pricing & get WhatsApp leads instantly on VenueConnect.","Top Decorators in Manpura, Palanpur",decorators in Manpura Palanpur,"decorators near Manpura, decorators Manpura Palanpur, best decorators near Manpura",Transactional (Hyper-local),Medium
Vendor + City Area,"Mehndi Artists in Manpura, Palanpur | VenueConnect",/palanpur/manpura/vendors/mehndi-artists/,"Top Mehndi Artists in Manpura, Palanpur | Hire Near You - VenueConnect","Find the best mehndi artists in Manpura, Palanpur for your event. Browse verified profiles, compare pricing & get WhatsApp leads instantly on VenueConnect.","Top Mehndi Artists in Manpura, Palanpur",mehndi artists in Manpura Palanpur,"mehndi artists near Manpura, mehndi artists Manpura Palanpur, best mehndi artists near Manpura",Transactional (Hyper-local),Medium
Vendor + City Area,"Photographers in Modasa Road, Palanpur | VenueConnect",/palanpur/modasa-road/vendors/photographers/,"Top Photographers in Modasa Road, Palanpur | Hire Near You - VenueConnect","Find the best photographers in Modasa Road, Palanpur for your event. Browse verified profiles, compare pricing & get WhatsApp leads instantly on VenueConnect.","Top Photographers in Modasa Road, Palanpur",photographers in Modasa Road Palanpur,"photographers near Modasa Road, photographers Modasa Road Palanpur, best photographers near Modasa Road",Transactional (Hyper-local),Medium
Vendor + City Area,"Caterers in Modasa Road, Palanpur | VenueConnect",/palanpur/modasa-road/vendors/caterers/,"Top Caterers in Modasa Road, Palanpur | Hire Near You - VenueConnect","Find the best caterers in Modasa Road, Palanpur for your event. Browse verified profiles, compare pricing & get WhatsApp leads instantly on VenueConnect.","Top Caterers in Modasa Road, Palanpur",caterers in Modasa Road Palanpur,"caterers near Modasa Road, caterers Modasa Road Palanpur, best caterers near Modasa Road",Transactional (Hyper-local),Medium
Vendor + City Area,"Decorators in Modasa Road, Palanpur | VenueConnect",/palanpur/modasa-road/vendors/decorators/,"Top Decorators in Modasa Road, Palanpur | Hire Near You - VenueConnect","Find the best decorators in Modasa Road, Palanpur for your event. Browse verified profiles, compare pricing & get WhatsApp leads instantly on VenueConnect.","Top Decorators in Modasa Road, Palanpur",decorators in Modasa Road Palanpur,"decorators near Modasa Road, decorators Modasa Road Palanpur, best decorators near Modasa Road",Transactional (Hyper-local),Medium
Vendor + City Area,"Mehndi Artists in Modasa Road, Palanpur | VenueConnect",/palanpur/modasa-road/vendors/mehndi-artists/,"Top Mehndi Artists in Modasa Road, Palanpur | Hire Near You - VenueConnect","Find the best mehndi artists in Modasa Road, Palanpur for your event. Browse verified profiles, compare pricing & get WhatsApp leads instantly on VenueConnect.","Top Mehndi Artists in Modasa Road, Palanpur",mehndi artists in Modasa Road Palanpur,"mehndi artists near Modasa Road, mehndi artists Modasa Road Palanpur, best mehndi artists near Modasa Road",Transactional (Hyper-local),Medium
Vendor + City Area,"Photographers in New Bus Stand, Palanpur | VenueConnect",/palanpur/new-bus-stand/vendors/photographers/,"Top Photographers in New Bus Stand, Palanpur | Hire Near You - VenueConnect","Find the best photographers in New Bus Stand, Palanpur for your event. Browse verified profiles, compare pricing & get WhatsApp leads instantly on VenueConnect.","Top Photographers in New Bus Stand, Palanpur",photographers in New Bus Stand Palanpur,"photographers near New Bus Stand, photographers New Bus Stand Palanpur, best photographers near New Bus Stand",Transactional (Hyper-local),Medium
Vendor + City Area,"Caterers in New Bus Stand, Palanpur | VenueConnect",/palanpur/new-bus-stand/vendors/caterers/,"Top Caterers in New Bus Stand, Palanpur | Hire Near You - VenueConnect","Find the best caterers in New Bus Stand, Palanpur for your event. Browse verified profiles, compare pricing & get WhatsApp leads instantly on VenueConnect.","Top Caterers in New Bus Stand, Palanpur",caterers in New Bus Stand Palanpur,"caterers near New Bus Stand, caterers New Bus Stand Palanpur, best caterers near New Bus Stand",Transactional (Hyper-local),Medium
Vendor + City Area,"Decorators in New Bus Stand, Palanpur | VenueConnect",/palanpur/new-bus-stand/vendors/decorators/,"Top Decorators in New Bus Stand, Palanpur | Hire Near You - VenueConnect","Find the best decorators in New Bus Stand, Palanpur for your event. Browse verified profiles, compare pricing & get WhatsApp leads instantly on VenueConnect.","Top Decorators in New Bus Stand, Palanpur",decorators in New Bus Stand Palanpur,"decorators near New Bus Stand, decorators New Bus Stand Palanpur, best decorators near New Bus Stand",Transactional (Hyper-local),Medium
Vendor + City Area,"Mehndi Artists in New Bus Stand, Palanpur | VenueConnect",/palanpur/new-bus-stand/vendors/mehndi-artists/,"Top Mehndi Artists in New Bus Stand, Palanpur | Hire Near You - VenueConnect","Find the best mehndi artists in New Bus Stand, Palanpur for your event. Browse verified profiles, compare pricing & get WhatsApp leads instantly on VenueConnect.","Top Mehndi Artists in New Bus Stand, Palanpur",mehndi artists in New Bus Stand Palanpur,"mehndi artists near New Bus Stand, mehndi artists New Bus Stand Palanpur, best mehndi artists near New Bus Stand",Transactional (Hyper-local),Medium
Vendor + City Area,"Photographers in Patan Road, Palanpur | VenueConnect",/palanpur/patan-road/vendors/photographers/,"Top Photographers in Patan Road, Palanpur | Hire Near You - VenueConnect","Find the best photographers in Patan Road, Palanpur for your event. Browse verified profiles, compare pricing & get WhatsApp leads instantly on VenueConnect.","Top Photographers in Patan Road, Palanpur",photographers in Patan Road Palanpur,"photographers near Patan Road, photographers Patan Road Palanpur, best photographers near Patan Road",Transactional (Hyper-local),Medium
Vendor + City Area,"Caterers in Patan Road, Palanpur | VenueConnect",/palanpur/patan-road/vendors/caterers/,"Top Caterers in Patan Road, Palanpur | Hire Near You - VenueConnect","Find the best caterers in Patan Road, Palanpur for your event. Browse verified profiles, compare pricing & get WhatsApp leads instantly on VenueConnect.","Top Caterers in Patan Road, Palanpur",caterers in Patan Road Palanpur,"caterers near Patan Road, caterers Patan Road Palanpur, best caterers near Patan Road",Transactional (Hyper-local),Medium
Vendor + City Area,"Decorators in Patan Road, Palanpur | VenueConnect",/palanpur/patan-road/vendors/decorators/,"Top Decorators in Patan Road, Palanpur | Hire Near You - VenueConnect","Find the best decorators in Patan Road, Palanpur for your event. Browse verified profiles, compare pricing & get WhatsApp leads instantly on VenueConnect.","Top Decorators in Patan Road, Palanpur",decorators in Patan Road Palanpur,"decorators near Patan Road, decorators Patan Road Palanpur, best decorators near Patan Road",Transactional (Hyper-local),Medium
Vendor + City Area,"Mehndi Artists in Patan Road, Palanpur | VenueConnect",/palanpur/patan-road/vendors/mehndi-artists/,"Top Mehndi Artists in Patan Road, Palanpur | Hire Near You - VenueConnect","Find the best mehndi artists in Patan Road, Palanpur for your event. Browse verified profiles, compare pricing & get WhatsApp leads instantly on VenueConnect.","Top Mehndi Artists in Patan Road, Palanpur",mehndi artists in Patan Road Palanpur,"mehndi artists near Patan Road, mehndi artists Patan Road Palanpur, best mehndi artists near Patan Road",Transactional (Hyper-local),Medium
Vendor + City Area,"Photographers in Radhanpur Road, Palanpur | VenueConnect",/palanpur/radhanpur-road/vendors/photographers/,"Top Photographers in Radhanpur Road, Palanpur | Hire Near You - VenueConnect","Find the best photographers in Radhanpur Road, Palanpur for your event. Browse verified profiles, compare pricing & get WhatsApp leads instantly on VenueConnect.","Top Photographers in Radhanpur Road, Palanpur",photographers in Radhanpur Road Palanpur,"photographers near Radhanpur Road, photographers Radhanpur Road Palanpur, best photographers near Radhanpur Road",Transactional (Hyper-local),Medium
Vendor + City Area,"Caterers in Radhanpur Road, Palanpur | VenueConnect",/palanpur/radhanpur-road/vendors/caterers/,"Top Caterers in Radhanpur Road, Palanpur | Hire Near You - VenueConnect","Find the best caterers in Radhanpur Road, Palanpur for your event. Browse verified profiles, compare pricing & get WhatsApp leads instantly on VenueConnect.","Top Caterers in Radhanpur Road, Palanpur",caterers in Radhanpur Road Palanpur,"caterers near Radhanpur Road, caterers Radhanpur Road Palanpur, best caterers near Radhanpur Road",Transactional (Hyper-local),Medium
Vendor + City Area,"Decorators in Radhanpur Road, Palanpur | VenueConnect",/palanpur/radhanpur-road/vendors/decorators/,"Top Decorators in Radhanpur Road, Palanpur | Hire Near You - VenueConnect","Find the best decorators in Radhanpur Road, Palanpur for your event. Browse verified profiles, compare pricing & get WhatsApp leads instantly on VenueConnect.","Top Decorators in Radhanpur Road, Palanpur",decorators in Radhanpur Road Palanpur,"decorators near Radhanpur Road, decorators Radhanpur Road Palanpur, best decorators near Radhanpur Road",Transactional (Hyper-local),Medium
Vendor + City Area,"Mehndi Artists in Radhanpur Road, Palanpur | VenueConnect",/palanpur/radhanpur-road/vendors/mehndi-artists/,"Top Mehndi Artists in Radhanpur Road, Palanpur | Hire Near You - VenueConnect","Find the best mehndi artists in Radhanpur Road, Palanpur for your event. Browse verified profiles, compare pricing & get WhatsApp leads instantly on VenueConnect.","Top Mehndi Artists in Radhanpur Road, Palanpur",mehndi artists in Radhanpur Road Palanpur,"mehndi artists near Radhanpur Road, mehndi artists Radhanpur Road Palanpur, best mehndi artists near Radhanpur Road",Transactional (Hyper-local),Medium
Vendor + City Area,"Photographers in Siddhapur Road, Palanpur | VenueConnect",/palanpur/siddhapur-road/vendors/photographers/,"Top Photographers in Siddhapur Road, Palanpur | Hire Near You - VenueConnect","Find the best photographers in Siddhapur Road, Palanpur for your event. Browse verified profiles, compare pricing & get WhatsApp leads instantly on VenueConnect.","Top Photographers in Siddhapur Road, Palanpur",photographers in Siddhapur Road Palanpur,"photographers near Siddhapur Road, photographers Siddhapur Road Palanpur, best photographers near Siddhapur Road",Transactional (Hyper-local),Medium
Vendor + City Area,"Caterers in Siddhapur Road, Palanpur | VenueConnect",/palanpur/siddhapur-road/vendors/caterers/,"Top Caterers in Siddhapur Road, Palanpur | Hire Near You - VenueConnect","Find the best caterers in Siddhapur Road, Palanpur for your event. Browse verified profiles, compare pricing & get WhatsApp leads instantly on VenueConnect.","Top Caterers in Siddhapur Road, Palanpur",caterers in Siddhapur Road Palanpur,"caterers near Siddhapur Road, caterers Siddhapur Road Palanpur, best caterers near Siddhapur Road",Transactional (Hyper-local),Medium
Vendor + City Area,"Decorators in Siddhapur Road, Palanpur | VenueConnect",/palanpur/siddhapur-road/vendors/decorators/,"Top Decorators in Siddhapur Road, Palanpur | Hire Near You - VenueConnect","Find the best decorators in Siddhapur Road, Palanpur for your event. Browse verified profiles, compare pricing & get WhatsApp leads instantly on VenueConnect.","Top Decorators in Siddhapur Road, Palanpur",decorators in Siddhapur Road Palanpur,"decorators near Siddhapur Road, decorators Siddhapur Road Palanpur, best decorators near Siddhapur Road",Transactional (Hyper-local),Medium
Vendor + City Area,"Mehndi Artists in Siddhapur Road, Palanpur | VenueConnect",/palanpur/siddhapur-road/vendors/mehndi-artists/,"Top Mehndi Artists in Siddhapur Road, Palanpur | Hire Near You - VenueConnect","Find the best mehndi artists in Siddhapur Road, Palanpur for your event. Browse verified profiles, compare pricing & get WhatsApp leads instantly on VenueConnect.","Top Mehndi Artists in Siddhapur Road, Palanpur",mehndi artists in Siddhapur Road Palanpur,"mehndi artists near Siddhapur Road, mehndi artists Siddhapur Road Palanpur, best mehndi artists near Siddhapur Road",Transactional (Hyper-local),Medium
Vendor + City Area,"Photographers in Tharad Road, Palanpur | VenueConnect",/palanpur/tharad-road/vendors/photographers/,"Top Photographers in Tharad Road, Palanpur | Hire Near You - VenueConnect","Find the best photographers in Tharad Road, Palanpur for your event. Browse verified profiles, compare pricing & get WhatsApp leads instantly on VenueConnect.","Top Photographers in Tharad Road, Palanpur",photographers in Tharad Road Palanpur,"photographers near Tharad Road, photographers Tharad Road Palanpur, best photographers near Tharad Road",Transactional (Hyper-local),Medium
Vendor + City Area,"Caterers in Tharad Road, Palanpur | VenueConnect",/palanpur/tharad-road/vendors/caterers/,"Top Caterers in Tharad Road, Palanpur | Hire Near You - VenueConnect","Find the best caterers in Tharad Road, Palanpur for your event. Browse verified profiles, compare pricing & get WhatsApp leads instantly on VenueConnect.","Top Caterers in Tharad Road, Palanpur",caterers in Tharad Road Palanpur,"caterers near Tharad Road, caterers Tharad Road Palanpur, best caterers near Tharad Road",Transactional (Hyper-local),Medium
Vendor + City Area,"Decorators in Tharad Road, Palanpur | VenueConnect",/palanpur/tharad-road/vendors/decorators/,"Top Decorators in Tharad Road, Palanpur | Hire Near You - VenueConnect","Find the best decorators in Tharad Road, Palanpur for your event. Browse verified profiles, compare pricing & get WhatsApp leads instantly on VenueConnect.","Top Decorators in Tharad Road, Palanpur",decorators in Tharad Road Palanpur,"decorators near Tharad Road, decorators Tharad Road Palanpur, best decorators near Tharad Road",Transactional (Hyper-local),Medium
Vendor + City Area,"Mehndi Artists in Tharad Road, Palanpur | VenueConnect",/palanpur/tharad-road/vendors/mehndi-artists/,"Top Mehndi Artists in Tharad Road, Palanpur | Hire Near You - VenueConnect","Find the best mehndi artists in Tharad Road, Palanpur for your event. Browse verified profiles, compare pricing & get WhatsApp leads instantly on VenueConnect.","Top Mehndi Artists in Tharad Road, Palanpur",mehndi artists in Tharad Road Palanpur,"mehndi artists near Tharad Road, mehndi artists Tharad Road Palanpur, best mehndi artists near Tharad Road",Transactional (Hyper-local),Medium
Vendor + City Area,"Photographers in Vadgam Road, Palanpur | VenueConnect",/palanpur/vadgam-road/vendors/photographers/,"Top Photographers in Vadgam Road, Palanpur | Hire Near You - VenueConnect","Find the best photographers in Vadgam Road, Palanpur for your event. Browse verified profiles, compare pricing & get WhatsApp leads instantly on VenueConnect.","Top Photographers in Vadgam Road, Palanpur",photographers in Vadgam Road Palanpur,"photographers near Vadgam Road, photographers Vadgam Road Palanpur, best photographers near Vadgam Road",Transactional (Hyper-local),Medium
Vendor + City Area,"Caterers in Vadgam Road, Palanpur | VenueConnect",/palanpur/vadgam-road/vendors/caterers/,"Top Caterers in Vadgam Road, Palanpur | Hire Near You - VenueConnect","Find the best caterers in Vadgam Road, Palanpur for your event. Browse verified profiles, compare pricing & get WhatsApp leads instantly on VenueConnect.","Top Caterers in Vadgam Road, Palanpur",caterers in Vadgam Road Palanpur,"caterers near Vadgam Road, caterers Vadgam Road Palanpur, best caterers near Vadgam Road",Transactional (Hyper-local),Medium
Vendor + City Area,"Decorators in Vadgam Road, Palanpur | VenueConnect",/palanpur/vadgam-road/vendors/decorators/,"Top Decorators in Vadgam Road, Palanpur | Hire Near You - VenueConnect","Find the best decorators in Vadgam Road, Palanpur for your event. Browse verified profiles, compare pricing & get WhatsApp leads instantly on VenueConnect.","Top Decorators in Vadgam Road, Palanpur",decorators in Vadgam Road Palanpur,"decorators near Vadgam Road, decorators Vadgam Road Palanpur, best decorators near Vadgam Road",Transactional (Hyper-local),Medium
Vendor + City Area,"Mehndi Artists in Vadgam Road, Palanpur | VenueConnect",/palanpur/vadgam-road/vendors/mehndi-artists/,"Top Mehndi Artists in Vadgam Road, Palanpur | Hire Near You - VenueConnect","Find the best mehndi artists in Vadgam Road, Palanpur for your event. Browse verified profiles, compare pricing & get WhatsApp leads instantly on VenueConnect.","Top Mehndi Artists in Vadgam Road, Palanpur",mehndi artists in Vadgam Road Palanpur,"mehndi artists near Vadgam Road, mehndi artists Vadgam Road Palanpur, best mehndi artists near Vadgam Road",Transactional (Hyper-local),Medium
  VENUE TYPE + CITY AREA PAGES (Hyper-local),,,,,,,,,
Page Type,Page Title,URL Slug,Meta Title,Meta Description,H1 Tag,Target Keyword,Secondary Keywords,Search Intent,Priority
Venue + City Area,"Banquet Halls in Station Road, Palanpur | VenueConnect",/palanpur/station-road/banquet-halls/,"Best Banquet Halls in Station Road, Palanpur | Compare Near You - VenueConnect","Looking for banquet halls in Station Road, Palanpur? Browse verified listings with pricing, capacity & photos. Book the perfect venue near Station Road on VenueConnect.","Best Banquet Halls in Station Road, Palanpur",banquet halls in Station Road Palanpur,"banquet halls near Station Road, banquet halls Station Road Palanpur, affordable banquet halls near Station Road",Transactional (Hyper-local),High
Venue + City Area,"Farmhouses in Station Road, Palanpur | VenueConnect",/palanpur/station-road/farmhouses/,"Best Farmhouses in Station Road, Palanpur | Compare Near You - VenueConnect","Looking for farmhouses in Station Road, Palanpur? Browse verified listings with pricing, capacity & photos. Book the perfect venue near Station Road on VenueConnect.","Best Farmhouses in Station Road, Palanpur",farmhouses in Station Road Palanpur,"farmhouses near Station Road, farmhouses Station Road Palanpur, affordable farmhouses near Station Road",Transactional (Hyper-local),High
Venue + City Area,"Party Plots in Station Road, Palanpur | VenueConnect",/palanpur/station-road/party-plots/,"Best Party Plots in Station Road, Palanpur | Compare Near You - VenueConnect","Looking for party plots in Station Road, Palanpur? Browse verified listings with pricing, capacity & photos. Book the perfect venue near Station Road on VenueConnect.","Best Party Plots in Station Road, Palanpur",party plots in Station Road Palanpur,"party plots near Station Road, party plots Station Road Palanpur, affordable party plots near Station Road",Transactional (Hyper-local),High
Venue + City Area,"Banquet Halls in Ambaji Road, Palanpur | VenueConnect",/palanpur/ambaji-road/banquet-halls/,"Best Banquet Halls in Ambaji Road, Palanpur | Compare Near You - VenueConnect","Looking for banquet halls in Ambaji Road, Palanpur? Browse verified listings with pricing, capacity & photos. Book the perfect venue near Ambaji Road on VenueConnect.","Best Banquet Halls in Ambaji Road, Palanpur",banquet halls in Ambaji Road Palanpur,"banquet halls near Ambaji Road, banquet halls Ambaji Road Palanpur, affordable banquet halls near Ambaji Road",Transactional (Hyper-local),High
Venue + City Area,"Farmhouses in Ambaji Road, Palanpur | VenueConnect",/palanpur/ambaji-road/farmhouses/,"Best Farmhouses in Ambaji Road, Palanpur | Compare Near You - VenueConnect","Looking for farmhouses in Ambaji Road, Palanpur? Browse verified listings with pricing, capacity & photos. Book the perfect venue near Ambaji Road on VenueConnect.","Best Farmhouses in Ambaji Road, Palanpur",farmhouses in Ambaji Road Palanpur,"farmhouses near Ambaji Road, farmhouses Ambaji Road Palanpur, affordable farmhouses near Ambaji Road",Transactional (Hyper-local),High
Venue + City Area,"Party Plots in Ambaji Road, Palanpur | VenueConnect",/palanpur/ambaji-road/party-plots/,"Best Party Plots in Ambaji Road, Palanpur | Compare Near You - VenueConnect","Looking for party plots in Ambaji Road, Palanpur? Browse verified listings with pricing, capacity & photos. Book the perfect venue near Ambaji Road on VenueConnect.","Best Party Plots in Ambaji Road, Palanpur",party plots in Ambaji Road Palanpur,"party plots near Ambaji Road, party plots Ambaji Road Palanpur, affordable party plots near Ambaji Road",Transactional (Hyper-local),High
Venue + City Area,"Banquet Halls in Deesa Road, Palanpur | VenueConnect",/palanpur/deesa-road/banquet-halls/,"Best Banquet Halls in Deesa Road, Palanpur | Compare Near You - VenueConnect","Looking for banquet halls in Deesa Road, Palanpur? Browse verified listings with pricing, capacity & photos. Book the perfect venue near Deesa Road on VenueConnect.","Best Banquet Halls in Deesa Road, Palanpur",banquet halls in Deesa Road Palanpur,"banquet halls near Deesa Road, banquet halls Deesa Road Palanpur, affordable banquet halls near Deesa Road",Transactional (Hyper-local),High
Venue + City Area,"Farmhouses in Deesa Road, Palanpur | VenueConnect",/palanpur/deesa-road/farmhouses/,"Best Farmhouses in Deesa Road, Palanpur | Compare Near You - VenueConnect","Looking for farmhouses in Deesa Road, Palanpur? Browse verified listings with pricing, capacity & photos. Book the perfect venue near Deesa Road on VenueConnect.","Best Farmhouses in Deesa Road, Palanpur",farmhouses in Deesa Road Palanpur,"farmhouses near Deesa Road, farmhouses Deesa Road Palanpur, affordable farmhouses near Deesa Road",Transactional (Hyper-local),High
Venue + City Area,"Party Plots in Deesa Road, Palanpur | VenueConnect",/palanpur/deesa-road/party-plots/,"Best Party Plots in Deesa Road, Palanpur | Compare Near You - VenueConnect","Looking for party plots in Deesa Road, Palanpur? Browse verified listings with pricing, capacity & photos. Book the perfect venue near Deesa Road on VenueConnect.","Best Party Plots in Deesa Road, Palanpur",party plots in Deesa Road Palanpur,"party plots near Deesa Road, party plots Deesa Road Palanpur, affordable party plots near Deesa Road",Transactional (Hyper-local),High
Venue + City Area,"Banquet Halls in GIDC, Palanpur | VenueConnect",/palanpur/gidc/banquet-halls/,"Best Banquet Halls in GIDC, Palanpur | Compare Near You - VenueConnect","Looking for banquet halls in GIDC, Palanpur? Browse verified listings with pricing, capacity & photos. Book the perfect venue near GIDC on VenueConnect.","Best Banquet Halls in GIDC, Palanpur",banquet halls in GIDC Palanpur,"banquet halls near GIDC, banquet halls GIDC Palanpur, affordable banquet halls near GIDC",Transactional (Hyper-local),High
Venue + City Area,"Farmhouses in GIDC, Palanpur | VenueConnect",/palanpur/gidc/farmhouses/,"Best Farmhouses in GIDC, Palanpur | Compare Near You - VenueConnect","Looking for farmhouses in GIDC, Palanpur? Browse verified listings with pricing, capacity & photos. Book the perfect venue near GIDC on VenueConnect.","Best Farmhouses in GIDC, Palanpur",farmhouses in GIDC Palanpur,"farmhouses near GIDC, farmhouses GIDC Palanpur, affordable farmhouses near GIDC",Transactional (Hyper-local),High
Venue + City Area,"Party Plots in GIDC, Palanpur | VenueConnect",/palanpur/gidc/party-plots/,"Best Party Plots in GIDC, Palanpur | Compare Near You - VenueConnect","Looking for party plots in GIDC, Palanpur? Browse verified listings with pricing, capacity & photos. Book the perfect venue near GIDC on VenueConnect.","Best Party Plots in GIDC, Palanpur",party plots in GIDC Palanpur,"party plots near GIDC, party plots GIDC Palanpur, affordable party plots near GIDC",Transactional (Hyper-local),High
Venue + City Area,"Banquet Halls in Malan Road, Palanpur | VenueConnect",/palanpur/malan-road/banquet-halls/,"Best Banquet Halls in Malan Road, Palanpur | Compare Near You - VenueConnect","Looking for banquet halls in Malan Road, Palanpur? Browse verified listings with pricing, capacity & photos. Book the perfect venue near Malan Road on VenueConnect.","Best Banquet Halls in Malan Road, Palanpur",banquet halls in Malan Road Palanpur,"banquet halls near Malan Road, banquet halls Malan Road Palanpur, affordable banquet halls near Malan Road",Transactional (Hyper-local),High
Venue + City Area,"Farmhouses in Malan Road, Palanpur | VenueConnect",/palanpur/malan-road/farmhouses/,"Best Farmhouses in Malan Road, Palanpur | Compare Near You - VenueConnect","Looking for farmhouses in Malan Road, Palanpur? Browse verified listings with pricing, capacity & photos. Book the perfect venue near Malan Road on VenueConnect.","Best Farmhouses in Malan Road, Palanpur",farmhouses in Malan Road Palanpur,"farmhouses near Malan Road, farmhouses Malan Road Palanpur, affordable farmhouses near Malan Road",Transactional (Hyper-local),High
Venue + City Area,"Party Plots in Malan Road, Palanpur | VenueConnect",/palanpur/malan-road/party-plots/,"Best Party Plots in Malan Road, Palanpur | Compare Near You - VenueConnect","Looking for party plots in Malan Road, Palanpur? Browse verified listings with pricing, capacity & photos. Book the perfect venue near Malan Road on VenueConnect.","Best Party Plots in Malan Road, Palanpur",party plots in Malan Road Palanpur,"party plots near Malan Road, party plots Malan Road Palanpur, affordable party plots near Malan Road",Transactional (Hyper-local),High
Venue + City Area,"Banquet Halls in Highway, Palanpur | VenueConnect",/palanpur/highway/banquet-halls/,"Best Banquet Halls in Highway, Palanpur | Compare Near You - VenueConnect","Looking for banquet halls in Highway, Palanpur? Browse verified listings with pricing, capacity & photos. Book the perfect venue near Highway on VenueConnect.","Best Banquet Halls in Highway, Palanpur",banquet halls in Highway Palanpur,"banquet halls near Highway, banquet halls Highway Palanpur, affordable banquet halls near Highway",Transactional (Hyper-local),High
Venue + City Area,"Farmhouses in Highway, Palanpur | VenueConnect",/palanpur/highway/farmhouses/,"Best Farmhouses in Highway, Palanpur | Compare Near You - VenueConnect","Looking for farmhouses in Highway, Palanpur? Browse verified listings with pricing, capacity & photos. Book the perfect venue near Highway on VenueConnect.","Best Farmhouses in Highway, Palanpur",farmhouses in Highway Palanpur,"farmhouses near Highway, farmhouses Highway Palanpur, affordable farmhouses near Highway",Transactional (Hyper-local),High
Venue + City Area,"Party Plots in Highway, Palanpur | VenueConnect",/palanpur/highway/party-plots/,"Best Party Plots in Highway, Palanpur | Compare Near You - VenueConnect","Looking for party plots in Highway, Palanpur? Browse verified listings with pricing, capacity & photos. Book the perfect venue near Highway on VenueConnect.","Best Party Plots in Highway, Palanpur",party plots in Highway Palanpur,"party plots near Highway, party plots Highway Palanpur, affordable party plots near Highway",Transactional (Hyper-local),High
Venue + City Area,"Banquet Halls in Abu Road, Palanpur | VenueConnect",/palanpur/abu-road/banquet-halls/,"Best Banquet Halls in Abu Road, Palanpur | Compare Near You - VenueConnect","Looking for banquet halls in Abu Road, Palanpur? Browse verified listings with pricing, capacity & photos. Book the perfect venue near Abu Road on VenueConnect.","Best Banquet Halls in Abu Road, Palanpur",banquet halls in Abu Road Palanpur,"banquet halls near Abu Road, banquet halls Abu Road Palanpur, affordable banquet halls near Abu Road",Transactional (Hyper-local),High
Venue + City Area,"Farmhouses in Abu Road, Palanpur | VenueConnect",/palanpur/abu-road/farmhouses/,"Best Farmhouses in Abu Road, Palanpur | Compare Near You - VenueConnect","Looking for farmhouses in Abu Road, Palanpur? Browse verified listings with pricing, capacity & photos. Book the perfect venue near Abu Road on VenueConnect.","Best Farmhouses in Abu Road, Palanpur",farmhouses in Abu Road Palanpur,"farmhouses near Abu Road, farmhouses Abu Road Palanpur, affordable farmhouses near Abu Road",Transactional (Hyper-local),High
Venue + City Area,"Party Plots in Abu Road, Palanpur | VenueConnect",/palanpur/abu-road/party-plots/,"Best Party Plots in Abu Road, Palanpur | Compare Near You - VenueConnect","Looking for party plots in Abu Road, Palanpur? Browse verified listings with pricing, capacity & photos. Book the perfect venue near Abu Road on VenueConnect.","Best Party Plots in Abu Road, Palanpur",party plots in Abu Road Palanpur,"party plots near Abu Road, party plots Abu Road Palanpur, affordable party plots near Abu Road",Transactional (Hyper-local),High
Venue + City Area,"Banquet Halls in Agam Talav, Palanpur | VenueConnect",/palanpur/agam-talav/banquet-halls/,"Best Banquet Halls in Agam Talav, Palanpur | Compare Near You - VenueConnect","Looking for banquet halls in Agam Talav, Palanpur? Browse verified listings with pricing, capacity & photos. Book the perfect venue near Agam Talav on VenueConnect.","Best Banquet Halls in Agam Talav, Palanpur",banquet halls in Agam Talav Palanpur,"banquet halls near Agam Talav, banquet halls Agam Talav Palanpur, affordable banquet halls near Agam Talav",Transactional (Hyper-local),High
Venue + City Area,"Farmhouses in Agam Talav, Palanpur | VenueConnect",/palanpur/agam-talav/farmhouses/,"Best Farmhouses in Agam Talav, Palanpur | Compare Near You - VenueConnect","Looking for farmhouses in Agam Talav, Palanpur? Browse verified listings with pricing, capacity & photos. Book the perfect venue near Agam Talav on VenueConnect.","Best Farmhouses in Agam Talav, Palanpur",farmhouses in Agam Talav Palanpur,"farmhouses near Agam Talav, farmhouses Agam Talav Palanpur, affordable farmhouses near Agam Talav",Transactional (Hyper-local),High
Venue + City Area,"Party Plots in Agam Talav, Palanpur | VenueConnect",/palanpur/agam-talav/party-plots/,"Best Party Plots in Agam Talav, Palanpur | Compare Near You - VenueConnect","Looking for party plots in Agam Talav, Palanpur? Browse verified listings with pricing, capacity & photos. Book the perfect venue near Agam Talav on VenueConnect.","Best Party Plots in Agam Talav, Palanpur",party plots in Agam Talav Palanpur,"party plots near Agam Talav, party plots Agam Talav Palanpur, affordable party plots near Agam Talav",Transactional (Hyper-local),High
Venue + City Area,"Banquet Halls in Balaram Road, Palanpur | VenueConnect",/palanpur/balaram-road/banquet-halls/,"Best Banquet Halls in Balaram Road, Palanpur | Compare Near You - VenueConnect","Looking for banquet halls in Balaram Road, Palanpur? Browse verified listings with pricing, capacity & photos. Book the perfect venue near Balaram Road on VenueConnect.","Best Banquet Halls in Balaram Road, Palanpur",banquet halls in Balaram Road Palanpur,"banquet halls near Balaram Road, banquet halls Balaram Road Palanpur, affordable banquet halls near Balaram Road",Transactional (Hyper-local),High
Venue + City Area,"Farmhouses in Balaram Road, Palanpur | VenueConnect",/palanpur/balaram-road/farmhouses/,"Best Farmhouses in Balaram Road, Palanpur | Compare Near You - VenueConnect","Looking for farmhouses in Balaram Road, Palanpur? Browse verified listings with pricing, capacity & photos. Book the perfect venue near Balaram Road on VenueConnect.","Best Farmhouses in Balaram Road, Palanpur",farmhouses in Balaram Road Palanpur,"farmhouses near Balaram Road, farmhouses Balaram Road Palanpur, affordable farmhouses near Balaram Road",Transactional (Hyper-local),High
Venue + City Area,"Party Plots in Balaram Road, Palanpur | VenueConnect",/palanpur/balaram-road/party-plots/,"Best Party Plots in Balaram Road, Palanpur | Compare Near You - VenueConnect","Looking for party plots in Balaram Road, Palanpur? Browse verified listings with pricing, capacity & photos. Book the perfect venue near Balaram Road on VenueConnect.","Best Party Plots in Balaram Road, Palanpur",party plots in Balaram Road Palanpur,"party plots near Balaram Road, party plots Balaram Road Palanpur, affordable party plots near Balaram Road",Transactional (Hyper-local),High
Venue + City Area,"Banquet Halls in Chanasma Road, Palanpur | VenueConnect",/palanpur/chanasma-road/banquet-halls/,"Best Banquet Halls in Chanasma Road, Palanpur | Compare Near You - VenueConnect","Looking for banquet halls in Chanasma Road, Palanpur? Browse verified listings with pricing, capacity & photos. Book the perfect venue near Chanasma Road on VenueConnect.","Best Banquet Halls in Chanasma Road, Palanpur",banquet halls in Chanasma Road Palanpur,"banquet halls near Chanasma Road, banquet halls Chanasma Road Palanpur, affordable banquet halls near Chanasma Road",Transactional (Hyper-local),High
Venue + City Area,"Farmhouses in Chanasma Road, Palanpur | VenueConnect",/palanpur/chanasma-road/farmhouses/,"Best Farmhouses in Chanasma Road, Palanpur | Compare Near You - VenueConnect","Looking for farmhouses in Chanasma Road, Palanpur? Browse verified listings with pricing, capacity & photos. Book the perfect venue near Chanasma Road on VenueConnect.","Best Farmhouses in Chanasma Road, Palanpur",farmhouses in Chanasma Road Palanpur,"farmhouses near Chanasma Road, farmhouses Chanasma Road Palanpur, affordable farmhouses near Chanasma Road",Transactional (Hyper-local),High
Venue + City Area,"Party Plots in Chanasma Road, Palanpur | VenueConnect",/palanpur/chanasma-road/party-plots/,"Best Party Plots in Chanasma Road, Palanpur | Compare Near You - VenueConnect","Looking for party plots in Chanasma Road, Palanpur? Browse verified listings with pricing, capacity & photos. Book the perfect venue near Chanasma Road on VenueConnect.","Best Party Plots in Chanasma Road, Palanpur",party plots in Chanasma Road Palanpur,"party plots near Chanasma Road, party plots Chanasma Road Palanpur, affordable party plots near Chanasma Road",Transactional (Hyper-local),High
Venue + City Area,"Banquet Halls in College Road, Palanpur | VenueConnect",/palanpur/college-road/banquet-halls/,"Best Banquet Halls in College Road, Palanpur | Compare Near You - VenueConnect","Looking for banquet halls in College Road, Palanpur? Browse verified listings with pricing, capacity & photos. Book the perfect venue near College Road on VenueConnect.","Best Banquet Halls in College Road, Palanpur",banquet halls in College Road Palanpur,"banquet halls near College Road, banquet halls College Road Palanpur, affordable banquet halls near College Road",Transactional (Hyper-local),High
Venue + City Area,"Farmhouses in College Road, Palanpur | VenueConnect",/palanpur/college-road/farmhouses/,"Best Farmhouses in College Road, Palanpur | Compare Near You - VenueConnect","Looking for farmhouses in College Road, Palanpur? Browse verified listings with pricing, capacity & photos. Book the perfect venue near College Road on VenueConnect.","Best Farmhouses in College Road, Palanpur",farmhouses in College Road Palanpur,"farmhouses near College Road, farmhouses College Road Palanpur, affordable farmhouses near College Road",Transactional (Hyper-local),High
Venue + City Area,"Party Plots in College Road, Palanpur | VenueConnect",/palanpur/college-road/party-plots/,"Best Party Plots in College Road, Palanpur | Compare Near You - VenueConnect","Looking for party plots in College Road, Palanpur? Browse verified listings with pricing, capacity & photos. Book the perfect venue near College Road on VenueConnect.","Best Party Plots in College Road, Palanpur",party plots in College Road Palanpur,"party plots near College Road, party plots College Road Palanpur, affordable party plots near College Road",Transactional (Hyper-local),High
Venue + City Area,"Banquet Halls in Court Road, Palanpur | VenueConnect",/palanpur/court-road/banquet-halls/,"Best Banquet Halls in Court Road, Palanpur | Compare Near You - VenueConnect","Looking for banquet halls in Court Road, Palanpur? Browse verified listings with pricing, capacity & photos. Book the perfect venue near Court Road on VenueConnect.","Best Banquet Halls in Court Road, Palanpur",banquet halls in Court Road Palanpur,"banquet halls near Court Road, banquet halls Court Road Palanpur, affordable banquet halls near Court Road",Transactional (Hyper-local),High
Venue + City Area,"Farmhouses in Court Road, Palanpur | VenueConnect",/palanpur/court-road/farmhouses/,"Best Farmhouses in Court Road, Palanpur | Compare Near You - VenueConnect","Looking for farmhouses in Court Road, Palanpur? Browse verified listings with pricing, capacity & photos. Book the perfect venue near Court Road on VenueConnect.","Best Farmhouses in Court Road, Palanpur",farmhouses in Court Road Palanpur,"farmhouses near Court Road, farmhouses Court Road Palanpur, affordable farmhouses near Court Road",Transactional (Hyper-local),High
Venue + City Area,"Party Plots in Court Road, Palanpur | VenueConnect",/palanpur/court-road/party-plots/,"Best Party Plots in Court Road, Palanpur | Compare Near You - VenueConnect","Looking for party plots in Court Road, Palanpur? Browse verified listings with pricing, capacity & photos. Book the perfect venue near Court Road on VenueConnect.","Best Party Plots in Court Road, Palanpur",party plots in Court Road Palanpur,"party plots near Court Road, party plots Court Road Palanpur, affordable party plots near Court Road",Transactional (Hyper-local),High
Venue + City Area,"Banquet Halls in Danta Road, Palanpur | VenueConnect",/palanpur/danta-road/banquet-halls/,"Best Banquet Halls in Danta Road, Palanpur | Compare Near You - VenueConnect","Looking for banquet halls in Danta Road, Palanpur? Browse verified listings with pricing, capacity & photos. Book the perfect venue near Danta Road on VenueConnect.","Best Banquet Halls in Danta Road, Palanpur",banquet halls in Danta Road Palanpur,"banquet halls near Danta Road, banquet halls Danta Road Palanpur, affordable banquet halls near Danta Road",Transactional (Hyper-local),High
Venue + City Area,"Farmhouses in Danta Road, Palanpur | VenueConnect",/palanpur/danta-road/farmhouses/,"Best Farmhouses in Danta Road, Palanpur | Compare Near You - VenueConnect","Looking for farmhouses in Danta Road, Palanpur? Browse verified listings with pricing, capacity & photos. Book the perfect venue near Danta Road on VenueConnect.","Best Farmhouses in Danta Road, Palanpur",farmhouses in Danta Road Palanpur,"farmhouses near Danta Road, farmhouses Danta Road Palanpur, affordable farmhouses near Danta Road",Transactional (Hyper-local),High
Venue + City Area,"Party Plots in Danta Road, Palanpur | VenueConnect",/palanpur/danta-road/party-plots/,"Best Party Plots in Danta Road, Palanpur | Compare Near You - VenueConnect","Looking for party plots in Danta Road, Palanpur? Browse verified listings with pricing, capacity & photos. Book the perfect venue near Danta Road on VenueConnect.","Best Party Plots in Danta Road, Palanpur",party plots in Danta Road Palanpur,"party plots near Danta Road, party plots Danta Road Palanpur, affordable party plots near Danta Road",Transactional (Hyper-local),High
Venue + City Area,"Banquet Halls in Dharoi Road, Palanpur | VenueConnect",/palanpur/dharoi-road/banquet-halls/,"Best Banquet Halls in Dharoi Road, Palanpur | Compare Near You - VenueConnect","Looking for banquet halls in Dharoi Road, Palanpur? Browse verified listings with pricing, capacity & photos. Book the perfect venue near Dharoi Road on VenueConnect.","Best Banquet Halls in Dharoi Road, Palanpur",banquet halls in Dharoi Road Palanpur,"banquet halls near Dharoi Road, banquet halls Dharoi Road Palanpur, affordable banquet halls near Dharoi Road",Transactional (Hyper-local),High
Venue + City Area,"Farmhouses in Dharoi Road, Palanpur | VenueConnect",/palanpur/dharoi-road/farmhouses/,"Best Farmhouses in Dharoi Road, Palanpur | Compare Near You - VenueConnect","Looking for farmhouses in Dharoi Road, Palanpur? Browse verified listings with pricing, capacity & photos. Book the perfect venue near Dharoi Road on VenueConnect.","Best Farmhouses in Dharoi Road, Palanpur",farmhouses in Dharoi Road Palanpur,"farmhouses near Dharoi Road, farmhouses Dharoi Road Palanpur, affordable farmhouses near Dharoi Road",Transactional (Hyper-local),High
Venue + City Area,"Party Plots in Dharoi Road, Palanpur | VenueConnect",/palanpur/dharoi-road/party-plots/,"Best Party Plots in Dharoi Road, Palanpur | Compare Near You - VenueConnect","Looking for party plots in Dharoi Road, Palanpur? Browse verified listings with pricing, capacity & photos. Book the perfect venue near Dharoi Road on VenueConnect.","Best Party Plots in Dharoi Road, Palanpur",party plots in Dharoi Road Palanpur,"party plots near Dharoi Road, party plots Dharoi Road Palanpur, affordable party plots near Dharoi Road",Transactional (Hyper-local),High
Venue + City Area,"Banquet Halls in Hadad Road, Palanpur | VenueConnect",/palanpur/hadad-road/banquet-halls/,"Best Banquet Halls in Hadad Road, Palanpur | Compare Near You - VenueConnect","Looking for banquet halls in Hadad Road, Palanpur? Browse verified listings with pricing, capacity & photos. Book the perfect venue near Hadad Road on VenueConnect.","Best Banquet Halls in Hadad Road, Palanpur",banquet halls in Hadad Road Palanpur,"banquet halls near Hadad Road, banquet halls Hadad Road Palanpur, affordable banquet halls near Hadad Road",Transactional (Hyper-local),High
Venue + City Area,"Farmhouses in Hadad Road, Palanpur | VenueConnect",/palanpur/hadad-road/farmhouses/,"Best Farmhouses in Hadad Road, Palanpur | Compare Near You - VenueConnect","Looking for farmhouses in Hadad Road, Palanpur? Browse verified listings with pricing, capacity & photos. Book the perfect venue near Hadad Road on VenueConnect.","Best Farmhouses in Hadad Road, Palanpur",farmhouses in Hadad Road Palanpur,"farmhouses near Hadad Road, farmhouses Hadad Road Palanpur, affordable farmhouses near Hadad Road",Transactional (Hyper-local),High
Venue + City Area,"Party Plots in Hadad Road, Palanpur | VenueConnect",/palanpur/hadad-road/party-plots/,"Best Party Plots in Hadad Road, Palanpur | Compare Near You - VenueConnect","Looking for party plots in Hadad Road, Palanpur? Browse verified listings with pricing, capacity & photos. Book the perfect venue near Hadad Road on VenueConnect.","Best Party Plots in Hadad Road, Palanpur",party plots in Hadad Road Palanpur,"party plots near Hadad Road, party plots Hadad Road Palanpur, affordable party plots near Hadad Road",Transactional (Hyper-local),High
Venue + City Area,"Banquet Halls in Jain Temple Road, Palanpur | VenueConnect",/palanpur/jain-temple-road/banquet-halls/,"Best Banquet Halls in Jain Temple Road, Palanpur | Compare Near You - VenueConnect","Looking for banquet halls in Jain Temple Road, Palanpur? Browse verified listings with pricing, capacity & photos. Book the perfect venue near Jain Temple Road on VenueConnect.","Best Banquet Halls in Jain Temple Road, Palanpur",banquet halls in Jain Temple Road Palanpur,"banquet halls near Jain Temple Road, banquet halls Jain Temple Road Palanpur, affordable banquet halls near Jain Temple Road",Transactional (Hyper-local),High
Venue + City Area,"Farmhouses in Jain Temple Road, Palanpur | VenueConnect",/palanpur/jain-temple-road/farmhouses/,"Best Farmhouses in Jain Temple Road, Palanpur | Compare Near You - VenueConnect","Looking for farmhouses in Jain Temple Road, Palanpur? Browse verified listings with pricing, capacity & photos. Book the perfect venue near Jain Temple Road on VenueConnect.","Best Farmhouses in Jain Temple Road, Palanpur",farmhouses in Jain Temple Road Palanpur,"farmhouses near Jain Temple Road, farmhouses Jain Temple Road Palanpur, affordable farmhouses near Jain Temple Road",Transactional (Hyper-local),High
Venue + City Area,"Party Plots in Jain Temple Road, Palanpur | VenueConnect",/palanpur/jain-temple-road/party-plots/,"Best Party Plots in Jain Temple Road, Palanpur | Compare Near You - VenueConnect","Looking for party plots in Jain Temple Road, Palanpur? Browse verified listings with pricing, capacity & photos. Book the perfect venue near Jain Temple Road on VenueConnect.","Best Party Plots in Jain Temple Road, Palanpur",party plots in Jain Temple Road Palanpur,"party plots near Jain Temple Road, party plots Jain Temple Road Palanpur, affordable party plots near Jain Temple Road",Transactional (Hyper-local),High
Venue + City Area,"Banquet Halls in Kankrej Road, Palanpur | VenueConnect",/palanpur/kankrej-road/banquet-halls/,"Best Banquet Halls in Kankrej Road, Palanpur | Compare Near You - VenueConnect","Looking for banquet halls in Kankrej Road, Palanpur? Browse verified listings with pricing, capacity & photos. Book the perfect venue near Kankrej Road on VenueConnect.","Best Banquet Halls in Kankrej Road, Palanpur",banquet halls in Kankrej Road Palanpur,"banquet halls near Kankrej Road, banquet halls Kankrej Road Palanpur, affordable banquet halls near Kankrej Road",Transactional (Hyper-local),High
Venue + City Area,"Farmhouses in Kankrej Road, Palanpur | VenueConnect",/palanpur/kankrej-road/farmhouses/,"Best Farmhouses in Kankrej Road, Palanpur | Compare Near You - VenueConnect","Looking for farmhouses in Kankrej Road, Palanpur? Browse verified listings with pricing, capacity & photos. Book the perfect venue near Kankrej Road on VenueConnect.","Best Farmhouses in Kankrej Road, Palanpur",farmhouses in Kankrej Road Palanpur,"farmhouses near Kankrej Road, farmhouses Kankrej Road Palanpur, affordable farmhouses near Kankrej Road",Transactional (Hyper-local),High
Venue + City Area,"Party Plots in Kankrej Road, Palanpur | VenueConnect",/palanpur/kankrej-road/party-plots/,"Best Party Plots in Kankrej Road, Palanpur | Compare Near You - VenueConnect","Looking for party plots in Kankrej Road, Palanpur? Browse verified listings with pricing, capacity & photos. Book the perfect venue near Kankrej Road on VenueConnect.","Best Party Plots in Kankrej Road, Palanpur",party plots in Kankrej Road Palanpur,"party plots near Kankrej Road, party plots Kankrej Road Palanpur, affordable party plots near Kankrej Road",Transactional (Hyper-local),High
Venue + City Area,"Banquet Halls in Mahesana Road, Palanpur | VenueConnect",/palanpur/mahesana-road/banquet-halls/,"Best Banquet Halls in Mahesana Road, Palanpur | Compare Near You - VenueConnect","Looking for banquet halls in Mahesana Road, Palanpur? Browse verified listings with pricing, capacity & photos. Book the perfect venue near Mahesana Road on VenueConnect.","Best Banquet Halls in Mahesana Road, Palanpur",banquet halls in Mahesana Road Palanpur,"banquet halls near Mahesana Road, banquet halls Mahesana Road Palanpur, affordable banquet halls near Mahesana Road",Transactional (Hyper-local),High
Venue + City Area,"Farmhouses in Mahesana Road, Palanpur | VenueConnect",/palanpur/mahesana-road/farmhouses/,"Best Farmhouses in Mahesana Road, Palanpur | Compare Near You - VenueConnect","Looking for farmhouses in Mahesana Road, Palanpur? Browse verified listings with pricing, capacity & photos. Book the perfect venue near Mahesana Road on VenueConnect.","Best Farmhouses in Mahesana Road, Palanpur",farmhouses in Mahesana Road Palanpur,"farmhouses near Mahesana Road, farmhouses Mahesana Road Palanpur, affordable farmhouses near Mahesana Road",Transactional (Hyper-local),High
Venue + City Area,"Party Plots in Mahesana Road, Palanpur | VenueConnect",/palanpur/mahesana-road/party-plots/,"Best Party Plots in Mahesana Road, Palanpur | Compare Near You - VenueConnect","Looking for party plots in Mahesana Road, Palanpur? Browse verified listings with pricing, capacity & photos. Book the perfect venue near Mahesana Road on VenueConnect.","Best Party Plots in Mahesana Road, Palanpur",party plots in Mahesana Road Palanpur,"party plots near Mahesana Road, party plots Mahesana Road Palanpur, affordable party plots near Mahesana Road",Transactional (Hyper-local),High
Venue + City Area,"Banquet Halls in Manpura, Palanpur | VenueConnect",/palanpur/manpura/banquet-halls/,"Best Banquet Halls in Manpura, Palanpur | Compare Near You - VenueConnect","Looking for banquet halls in Manpura, Palanpur? Browse verified listings with pricing, capacity & photos. Book the perfect venue near Manpura on VenueConnect.","Best Banquet Halls in Manpura, Palanpur",banquet halls in Manpura Palanpur,"banquet halls near Manpura, banquet halls Manpura Palanpur, affordable banquet halls near Manpura",Transactional (Hyper-local),High
Venue + City Area,"Farmhouses in Manpura, Palanpur | VenueConnect",/palanpur/manpura/farmhouses/,"Best Farmhouses in Manpura, Palanpur | Compare Near You - VenueConnect","Looking for farmhouses in Manpura, Palanpur? Browse verified listings with pricing, capacity & photos. Book the perfect venue near Manpura on VenueConnect.","Best Farmhouses in Manpura, Palanpur",farmhouses in Manpura Palanpur,"farmhouses near Manpura, farmhouses Manpura Palanpur, affordable farmhouses near Manpura",Transactional (Hyper-local),High
Venue + City Area,"Party Plots in Manpura, Palanpur | VenueConnect",/palanpur/manpura/party-plots/,"Best Party Plots in Manpura, Palanpur | Compare Near You - VenueConnect","Looking for party plots in Manpura, Palanpur? Browse verified listings with pricing, capacity & photos. Book the perfect venue near Manpura on VenueConnect.","Best Party Plots in Manpura, Palanpur",party plots in Manpura Palanpur,"party plots near Manpura, party plots Manpura Palanpur, affordable party plots near Manpura",Transactional (Hyper-local),High
Venue + City Area,"Banquet Halls in Modasa Road, Palanpur | VenueConnect",/palanpur/modasa-road/banquet-halls/,"Best Banquet Halls in Modasa Road, Palanpur | Compare Near You - VenueConnect","Looking for banquet halls in Modasa Road, Palanpur? Browse verified listings with pricing, capacity & photos. Book the perfect venue near Modasa Road on VenueConnect.","Best Banquet Halls in Modasa Road, Palanpur",banquet halls in Modasa Road Palanpur,"banquet halls near Modasa Road, banquet halls Modasa Road Palanpur, affordable banquet halls near Modasa Road",Transactional (Hyper-local),High
Venue + City Area,"Farmhouses in Modasa Road, Palanpur | VenueConnect",/palanpur/modasa-road/farmhouses/,"Best Farmhouses in Modasa Road, Palanpur | Compare Near You - VenueConnect","Looking for farmhouses in Modasa Road, Palanpur? Browse verified listings with pricing, capacity & photos. Book the perfect venue near Modasa Road on VenueConnect.","Best Farmhouses in Modasa Road, Palanpur",farmhouses in Modasa Road Palanpur,"farmhouses near Modasa Road, farmhouses Modasa Road Palanpur, affordable farmhouses near Modasa Road",Transactional (Hyper-local),High
Venue + City Area,"Party Plots in Modasa Road, Palanpur | VenueConnect",/palanpur/modasa-road/party-plots/,"Best Party Plots in Modasa Road, Palanpur | Compare Near You - VenueConnect","Looking for party plots in Modasa Road, Palanpur? Browse verified listings with pricing, capacity & photos. Book the perfect venue near Modasa Road on VenueConnect.","Best Party Plots in Modasa Road, Palanpur",party plots in Modasa Road Palanpur,"party plots near Modasa Road, party plots Modasa Road Palanpur, affordable party plots near Modasa Road",Transactional (Hyper-local),High
Venue + City Area,"Banquet Halls in New Bus Stand, Palanpur | VenueConnect",/palanpur/new-bus-stand/banquet-halls/,"Best Banquet Halls in New Bus Stand, Palanpur | Compare Near You - VenueConnect","Looking for banquet halls in New Bus Stand, Palanpur? Browse verified listings with pricing, capacity & photos. Book the perfect venue near New Bus Stand on VenueConnect.","Best Banquet Halls in New Bus Stand, Palanpur",banquet halls in New Bus Stand Palanpur,"banquet halls near New Bus Stand, banquet halls New Bus Stand Palanpur, affordable banquet halls near New Bus Stand",Transactional (Hyper-local),High
Venue + City Area,"Farmhouses in New Bus Stand, Palanpur | VenueConnect",/palanpur/new-bus-stand/farmhouses/,"Best Farmhouses in New Bus Stand, Palanpur | Compare Near You - VenueConnect","Looking for farmhouses in New Bus Stand, Palanpur? Browse verified listings with pricing, capacity & photos. Book the perfect venue near New Bus Stand on VenueConnect.","Best Farmhouses in New Bus Stand, Palanpur",farmhouses in New Bus Stand Palanpur,"farmhouses near New Bus Stand, farmhouses New Bus Stand Palanpur, affordable farmhouses near New Bus Stand",Transactional (Hyper-local),High
Venue + City Area,"Party Plots in New Bus Stand, Palanpur | VenueConnect",/palanpur/new-bus-stand/party-plots/,"Best Party Plots in New Bus Stand, Palanpur | Compare Near You - VenueConnect","Looking for party plots in New Bus Stand, Palanpur? Browse verified listings with pricing, capacity & photos. Book the perfect venue near New Bus Stand on VenueConnect.","Best Party Plots in New Bus Stand, Palanpur",party plots in New Bus Stand Palanpur,"party plots near New Bus Stand, party plots New Bus Stand Palanpur, affordable party plots near New Bus Stand",Transactional (Hyper-local),High
Venue + City Area,"Banquet Halls in Patan Road, Palanpur | VenueConnect",/palanpur/patan-road/banquet-halls/,"Best Banquet Halls in Patan Road, Palanpur | Compare Near You - VenueConnect","Looking for banquet halls in Patan Road, Palanpur? Browse verified listings with pricing, capacity & photos. Book the perfect venue near Patan Road on VenueConnect.","Best Banquet Halls in Patan Road, Palanpur",banquet halls in Patan Road Palanpur,"banquet halls near Patan Road, banquet halls Patan Road Palanpur, affordable banquet halls near Patan Road",Transactional (Hyper-local),High
Venue + City Area,"Farmhouses in Patan Road, Palanpur | VenueConnect",/palanpur/patan-road/farmhouses/,"Best Farmhouses in Patan Road, Palanpur | Compare Near You - VenueConnect","Looking for farmhouses in Patan Road, Palanpur? Browse verified listings with pricing, capacity & photos. Book the perfect venue near Patan Road on VenueConnect.","Best Farmhouses in Patan Road, Palanpur",farmhouses in Patan Road Palanpur,"farmhouses near Patan Road, farmhouses Patan Road Palanpur, affordable farmhouses near Patan Road",Transactional (Hyper-local),High
Venue + City Area,"Party Plots in Patan Road, Palanpur | VenueConnect",/palanpur/patan-road/party-plots/,"Best Party Plots in Patan Road, Palanpur | Compare Near You - VenueConnect","Looking for party plots in Patan Road, Palanpur? Browse verified listings with pricing, capacity & photos. Book the perfect venue near Patan Road on VenueConnect.","Best Party Plots in Patan Road, Palanpur",party plots in Patan Road Palanpur,"party plots near Patan Road, party plots Patan Road Palanpur, affordable party plots near Patan Road",Transactional (Hyper-local),High
Venue + City Area,"Banquet Halls in Radhanpur Road, Palanpur | VenueConnect",/palanpur/radhanpur-road/banquet-halls/,"Best Banquet Halls in Radhanpur Road, Palanpur | Compare Near You - VenueConnect","Looking for banquet halls in Radhanpur Road, Palanpur? Browse verified listings with pricing, capacity & photos. Book the perfect venue near Radhanpur Road on VenueConnect.","Best Banquet Halls in Radhanpur Road, Palanpur",banquet halls in Radhanpur Road Palanpur,"banquet halls near Radhanpur Road, banquet halls Radhanpur Road Palanpur, affordable banquet halls near Radhanpur Road",Transactional (Hyper-local),High
Venue + City Area,"Farmhouses in Radhanpur Road, Palanpur | VenueConnect",/palanpur/radhanpur-road/farmhouses/,"Best Farmhouses in Radhanpur Road, Palanpur | Compare Near You - VenueConnect","Looking for farmhouses in Radhanpur Road, Palanpur? Browse verified listings with pricing, capacity & photos. Book the perfect venue near Radhanpur Road on VenueConnect.","Best Farmhouses in Radhanpur Road, Palanpur",farmhouses in Radhanpur Road Palanpur,"farmhouses near Radhanpur Road, farmhouses Radhanpur Road Palanpur, affordable farmhouses near Radhanpur Road",Transactional (Hyper-local),High
Venue + City Area,"Party Plots in Radhanpur Road, Palanpur | VenueConnect",/palanpur/radhanpur-road/party-plots/,"Best Party Plots in Radhanpur Road, Palanpur | Compare Near You - VenueConnect","Looking for party plots in Radhanpur Road, Palanpur? Browse verified listings with pricing, capacity & photos. Book the perfect venue near Radhanpur Road on VenueConnect.","Best Party Plots in Radhanpur Road, Palanpur",party plots in Radhanpur Road Palanpur,"party plots near Radhanpur Road, party plots Radhanpur Road Palanpur, affordable party plots near Radhanpur Road",Transactional (Hyper-local),High
Venue + City Area,"Banquet Halls in Siddhapur Road, Palanpur | VenueConnect",/palanpur/siddhapur-road/banquet-halls/,"Best Banquet Halls in Siddhapur Road, Palanpur | Compare Near You - VenueConnect","Looking for banquet halls in Siddhapur Road, Palanpur? Browse verified listings with pricing, capacity & photos. Book the perfect venue near Siddhapur Road on VenueConnect.","Best Banquet Halls in Siddhapur Road, Palanpur",banquet halls in Siddhapur Road Palanpur,"banquet halls near Siddhapur Road, banquet halls Siddhapur Road Palanpur, affordable banquet halls near Siddhapur Road",Transactional (Hyper-local),High
Venue + City Area,"Farmhouses in Siddhapur Road, Palanpur | VenueConnect",/palanpur/siddhapur-road/farmhouses/,"Best Farmhouses in Siddhapur Road, Palanpur | Compare Near You - VenueConnect","Looking for farmhouses in Siddhapur Road, Palanpur? Browse verified listings with pricing, capacity & photos. Book the perfect venue near Siddhapur Road on VenueConnect.","Best Farmhouses in Siddhapur Road, Palanpur",farmhouses in Siddhapur Road Palanpur,"farmhouses near Siddhapur Road, farmhouses Siddhapur Road Palanpur, affordable farmhouses near Siddhapur Road",Transactional (Hyper-local),High
Venue + City Area,"Party Plots in Siddhapur Road, Palanpur | VenueConnect",/palanpur/siddhapur-road/party-plots/,"Best Party Plots in Siddhapur Road, Palanpur | Compare Near You - VenueConnect","Looking for party plots in Siddhapur Road, Palanpur? Browse verified listings with pricing, capacity & photos. Book the perfect venue near Siddhapur Road on VenueConnect.","Best Party Plots in Siddhapur Road, Palanpur",party plots in Siddhapur Road Palanpur,"party plots near Siddhapur Road, party plots Siddhapur Road Palanpur, affordable party plots near Siddhapur Road",Transactional (Hyper-local),High
Venue + City Area,"Banquet Halls in Tharad Road, Palanpur | VenueConnect",/palanpur/tharad-road/banquet-halls/,"Best Banquet Halls in Tharad Road, Palanpur | Compare Near You - VenueConnect","Looking for banquet halls in Tharad Road, Palanpur? Browse verified listings with pricing, capacity & photos. Book the perfect venue near Tharad Road on VenueConnect.","Best Banquet Halls in Tharad Road, Palanpur",banquet halls in Tharad Road Palanpur,"banquet halls near Tharad Road, banquet halls Tharad Road Palanpur, affordable banquet halls near Tharad Road",Transactional (Hyper-local),High
Venue + City Area,"Farmhouses in Tharad Road, Palanpur | VenueConnect",/palanpur/tharad-road/farmhouses/,"Best Farmhouses in Tharad Road, Palanpur | Compare Near You - VenueConnect","Looking for farmhouses in Tharad Road, Palanpur? Browse verified listings with pricing, capacity & photos. Book the perfect venue near Tharad Road on VenueConnect.","Best Farmhouses in Tharad Road, Palanpur",farmhouses in Tharad Road Palanpur,"farmhouses near Tharad Road, farmhouses Tharad Road Palanpur, affordable farmhouses near Tharad Road",Transactional (Hyper-local),High
Venue + City Area,"Party Plots in Tharad Road, Palanpur | VenueConnect",/palanpur/tharad-road/party-plots/,"Best Party Plots in Tharad Road, Palanpur | Compare Near You - VenueConnect","Looking for party plots in Tharad Road, Palanpur? Browse verified listings with pricing, capacity & photos. Book the perfect venue near Tharad Road on VenueConnect.","Best Party Plots in Tharad Road, Palanpur",party plots in Tharad Road Palanpur,"party plots near Tharad Road, party plots Tharad Road Palanpur, affordable party plots near Tharad Road",Transactional (Hyper-local),High
Venue + City Area,"Banquet Halls in Vadgam Road, Palanpur | VenueConnect",/palanpur/vadgam-road/banquet-halls/,"Best Banquet Halls in Vadgam Road, Palanpur | Compare Near You - VenueConnect","Looking for banquet halls in Vadgam Road, Palanpur? Browse verified listings with pricing, capacity & photos. Book the perfect venue near Vadgam Road on VenueConnect.","Best Banquet Halls in Vadgam Road, Palanpur",banquet halls in Vadgam Road Palanpur,"banquet halls near Vadgam Road, banquet halls Vadgam Road Palanpur, affordable banquet halls near Vadgam Road",Transactional (Hyper-local),High
Venue + City Area,"Farmhouses in Vadgam Road, Palanpur | VenueConnect",/palanpur/vadgam-road/farmhouses/,"Best Farmhouses in Vadgam Road, Palanpur | Compare Near You - VenueConnect","Looking for farmhouses in Vadgam Road, Palanpur? Browse verified listings with pricing, capacity & photos. Book the perfect venue near Vadgam Road on VenueConnect.","Best Farmhouses in Vadgam Road, Palanpur",farmhouses in Vadgam Road Palanpur,"farmhouses near Vadgam Road, farmhouses Vadgam Road Palanpur, affordable farmhouses near Vadgam Road",Transactional (Hyper-local),High
Venue + City Area,"Party Plots in Vadgam Road, Palanpur | VenueConnect",/palanpur/vadgam-road/party-plots/,"Best Party Plots in Vadgam Road, Palanpur | Compare Near You - VenueConnect","Looking for party plots in Vadgam Road, Palanpur? Browse verified listings with pricing, capacity & photos. Book the perfect venue near Vadgam Road on VenueConnect.","Best Party Plots in Vadgam Road, Palanpur",party plots in Vadgam Road Palanpur,"party plots near Vadgam Road, party plots Vadgam Road Palanpur, affordable party plots near Vadgam Road",Transactional (Hyper-local),High
,,,,,,,,,
,,,,,,,,,
,,,,,,,,,
,,,,,,,,,
,,,,,,,,,
,,,,,,,,,
,,,,,,,,,
,,,,,,,,,
,,,,,,,,,
,,,,,,,,,
,,,,,,,,,
,,,,,,,,,
,,,,,,,,,
,,,,,,,,,
,,,,,,,,,
,,,,,,,,,
,,,,,,,,,
,,,,,,,,,
,,,,,,,,,
,,,,,,,,,
,,,,,,,,,
,,,,,,,,,
,,,,,,,,,
,,,,,,,,,
,,,,,,,,,
,,,,,,,,,
,,,,,,,,,
,,,,,,,,,
,,,,,,,,,
,,,,,,,,,
,,,,,,,,,
,,,,,,,,,
,,,,,,,,,
,,,,,,,,,
,,,,,,,,,
,,,,,,,,,
,,,,,,,,,
,,,,,,,,,
,,,,,,,,,
,,,,,,,,,
,,,,,,,,,
,,,,,,,,,
,,,,,,,,,
,,,,,,,,,
,,,,,,,,,
,,,,,,,,,
,,,,,,,,,
,,,,,,,,,
,,,,,,,,,
,,,,,,,,,
,,,,,,,,,
,,,,,,,,,
,,,,,,,,,
,,,,,,,,,
,,,,,,,,,
,,,,,,,,,
,,,,,,,,,
,,,,,,,,,
,,,,,,,,,
,,,,,,,,,
,,,,,,,,,
,,,,,,,,,
,,,,,,,,,
,,,,,,,,,
,,,,,,,,,
,,,,,,,,,
,,,,,,,,,
,,,,,,,,,
,,,,,,,,,
,,,,,,,,,
,,,,,,,,,
,,,,,,,,,
,,,,,,,,,
,,,,,,,,,
,,,,,,,,,
,,,,,,,,,
,,,,,,,,,
,,,,,,,,,
,,,,,,,,,
,,,,,,,,,
,,,,,,,,,
,,,,,,,,,
,,,,,,,,,
,,,,,,,,,
,,,,,,,,,
,,,,,,,,,
,,,,,,,,,
,,,,,,,,,
,,,,,,,,,
,,,,,,,,,
,,,,,,,,,
,,,,,,,,,
,,,,,,,,,
,,,,,,,,,
,,,,,,,,,
,,,,,,,,,
,,,,,,,,,
,,,,,,,,,
,,,,,,,,,
,,,,,,,,,
,,,,,,,,,
,,,,,,,,,
,,,,,,,,,
,,,,,,,,,
,,,,,,,,,
,,,,,,,,,
,,,,,,,,,
,,,,,,,,,
,,,,,,,,,
,,,,,,,,,
,,,,,,,,,
,,,,,,,,,
,,,,,,,,,
,,,,,,,,,
,,,,,,,,,
,,,,,,,,,
,,,,,,,,,
,,,,,,,,,
,,,,,,,,,
,,,,,,,,,
,,,,,,,,,
,,,,,,,,,
,,,,,,,,,
,,,,,,,,,
,,,,,,,,,
,,,,,,,,,
,,,,,,,,,
,,,,,,,,,
,,,,,,,,,
,,,,,,,,,
,,,,,,,,,
,,,,,,,,,
,,,,,,,,,
,,,,,,,,,
,,,,,,,,,
,,,,,,,,,
,,,,,,,,,
,,,,,,,,,
,,,,,,,,,
,,,,,,,,,
,,,,,,,,,
,,,,,,,,,
,,,,,,,,,
,,,,,,,,,
,,,,,,,,,
,,,,,,,,,
,,,,,,,,,
,,,,,,,,,
,,,,,,,,,
,,,,,,,,,
,,,,,,,,,
,,,,,,,,,
,,,,,,,,,
,,,,,,,,,
,,,,,,,,,
,,,,,,,,,
,,,,,,,,,
,,,,,,,,,
,,,,,,,,,
,,,,,,,,,
,,,,,,,,,
,,,,,,,,,
,,,,,,,,,
,,,,,,,,,
,,,,,,,,,
,,,,,,,,,
,,,,,,,,,
,,,,,,,,,
,,,,,,,,,
,,,,,,,,,
,,,,,,,,,
,,,,,,,,,
,,,,,,,,,
,,,,,,,,,
,,,,,,,,,
,,,,,,,,,
,,,,,,,,,
,,,,,,,,,
,,,,,,,,,
,,,,,,,,,
,,,,,,,,,
,,,,,,,,,
,,,,,,,,,
,,,,,,,,,
,,,,,,,,,
,,,,,,,,,
,,,,,,,,,
,,,,,,,,,
,,,,,,,,,
,,,,,,,,,
,,,,,,,,,
,,,,,,,,,
,,,,,,,,,
,,,,,,,,,
,,,,,,,,,
,,,,,,,,,
,,,,,,,,,
,,,,,,,,,
,,,,,,,,,
,,,,,,,,,
,,,,,,,,,
,,,,,,,,,
,,,,,,,,,
,,,,,,,,,
,,,,,,,,,
,,,,,,,,,
,,,,,,,,,
,,,,,,,,,
,,,,,,,,,
,,,,,,,,,
,,,,,,,,,
,,,,,,,,,
,,,,,,,,,
,,,,,,,,,
,,,,,,,,,
,,,,,,,,,
,,,,,,,,,
,,,,,,,,,
,,,,,,,,,
,,,,,,,,,
,,,,,,,,,
,,,,,,,,,
,,,,,,,,,
,,,,,,,,,
,,,,,,,,,
,,,,,,,,,
,,,,,,,,,
,,,,,,,,,
,,,,,,,,,
,,,,,,,,,
,,,,,,,,,
,,,,,,,,,
,,,,,,,,,
,,,,,,,,,
,,,,,,,,,
,,,,,,,,,
,,,,,,,,,
,,,,,,,,,
,,,,,,,,,
,,,,,,,,,
,,,,,,,,,
,,,,,,,,,
,,,,,,,,,
,,,,,,,,,
,,,,,,,,,
,,,,,,,,,
,,,,,,,,,
,,,,,,,,,
,,,,,,,,,
,,,,,,,,,
,,,,,,,,,
,,,,,,,,,
,,,,,,,,,
,,,,,,,,,
,,,,,,,,,
,,,,,,,,,
,,,,,,,,,
,,,,,,,,,
,,,,,,,,,
,,,,,,,,,
,,,,,,,,,
,,,,,,,,,
,,,,,,,,,
,,,,,,,,,
,,,,,,,,,
,,,,,,,,,
,,,,,,,,,
,,,,,,,,,
,,,,,,,,,
,,,,,,,,,
,,,,,,,,,
,,,,,,,,,
,,,,,,,,,
,,,,,,,,,
,,,,,,,,,
,,,,,,,,,
,,,,,,,,,
,,,,,,,,,
,,,,,,,,,
,,,,,,,,,
,,,,,,,,,
,,,,,,,,,
,,,,,,,,,
,,,,,,,,,
,,,,,,,,,
,,,,,,,,,
,,,,,,,,,
,,,,,,,,,
,,,,,,,,,
,,,,,,,,,
,,,,,,,,,
,,,,,,,,,
,,,,,,,,,
,,,,,,,,,
,,,,,,,,,
,,,,,,,,,
,,,,,,,,,
,,,,,,,,,
,,,,,,,,,
,,,,,,,,,
,,,,,,,,,
,,,,,,,,,
,,,,,,,,,
,,,,,,,,,
,,,,,,,,,
,,,,,,,,,
,,,,,,,,,
,,,,,,,,,
,,,,,,,,,
,,,,,,,,,
,,,,,,,,,
,,,,,,,,,
,,,,,,,,,
,,,,,,,,,
,,,,,,,,,
,,,,,,,,,
,,,,,,,,,
,,,,,,,,,
,,,,,,,,,
,,,,,,,,,
,,,,,,,,,
,,,,,,,,,
,,,,,,,,,
,,,,,,,,,
,,,,,,,,,
,,,,,,,,,
,,,,,,,,,
,,,,,,,,,
,,,,,,,,,
,,,,,,,,,
,,,,,,,,,
,,,,,,,,,
,,,,,,,,,
,,,,,,,,,
,,,,,,,,,
,,,,,,,,,
,,,,,,,,,
,,,,,,,,,
,,,,,,,,,
,,,,,,,,,
,,,,,,,,,
,,,,,,,,,
,,,,,,,,,
,,,,,,,,,
,,,,,,,,,
,,,,,,,,,
,,,,,,,,,
,,,,,,,,,
,,,,,,,,,
,,,,,,,,,
,,,,,,,,,
,,,,,,,,,
,,,,,,,,,
,,,,,,,,,
,,,,,,,,,
,,,,,,,,,
,,,,,,,,,
,,,,,,,,,
,,,,,,,,,
,,,,,,,,,
,,,,,,,,,
,,,,,,,,,
,,,,,,,,,
,,,,,,,,,
,,,,,,,,,
,,,,,,,,,
,,,,,,,,,
,,,,,,,,,
,,,,,,,,,
,,,,,,,,,
,,,,,,,,,
,,,,,,,,,
,,,,,,,,,
,,,,,,,,,
,,,,,,,,,
,,,,,,,,,
,,,,,,,,,
,,,,,,,,,
,,,,,,,,,
,,,,,,,,,
,,,,,,,,,
,,,,,,,,,
,,,,,,,,,
,,,,,,,,,
,,,,,,,,,
,,,,,,,,,
,,,,,,,,,
,,,,,,,,,
,,,,,,,,,
,,,,,,,,,
,,,,,,,,,
,,,,,,,,,
,,,,,,,,,
,,,,,,,,,
,,,,,,,,,
,,,,,,,,,
,,,,,,,,,
,,,,,,,,,
,,,,,,,,,
,,,,,,,,,
,,,,,,,,,
,,,,,,,,,
,,,,,,,,,
,,,,,,,,,
,,,,,,,,,
,,,,,,,,,
,,,,,,,,,
,,,,,,,,,
,,,,,,,,,
,,,,,,,,,
,,,,,,,,,
,,,,,,,,,
,,,,,,,,,
,,,,,,,,,
,,,,,,,,,
,,,,,,,,,
,,,,,,,,,
,,,,,,,,,
,,,,,,,,,
,,,,,,,,,
,,,,,,,,,
,,,,,,,,,
,,,,,,,,,
,,,,,,,,,
,,,,,,,,,
,,,,,,,,,
,,,,,,,,,
,,,,,,,,,
,,,,,,,,,
,,,,,,,,,
,,,,,,,,,
,,,,,,,,,
,,,,,,,,,
,,,,,,,,,
,,,,,,,,,
,,,,,,,,,
,,,,,,,,,
,,,,,,,,,
,,,,,,,,,
,,,,,,,,,
,,,,,,,,,
,,,,,,,,,
,,,,,,,,,
,,,,,,,,,
,,,,,,,,,
,,,,,,,,,
,,,,,,,,,
,,,,,,,,,
,,,,,,,,,
,,,,,,,,,
,,,,,,,,,
,,,,,,,,,
,,,,,,,,,
,,,,,,,,,
,,,,,,,,,
,,,,,,,,,
,,,,,,,,,
,,,,,,,,,
,,,,,,,,,
,,,,,,,,,
,,,,,,,,,
,,,,,,,,,
,,,,,,,,,
,,,,,,,,,
,,,,,,,,,
,,,,,,,,,
,,,,,,,,,
,,,,,,,,,
,,,,,,,,,
,,,,,,,,,
,,,,,,,,,
,,,,,,,,,
,,,,,,,,,
,,,,,,,,,
,,,,,,,,,
,,,,,,,,,
,,,,,,,,,
,,,,,,,,,
,,,,,,,,,
,,,,,,,,,
,,,,,,,,,
,,,,,,,,,
,,,,,,,,,
,,,,,,,,,
,,,,,,,,,
,,,,,,,,,
,,,,,,,,,
,,,,,,,,,
,,,,,,,,,
,,,,,,,,,
,,,,,,,,,
,,,,,,,,,
,,,,,,,,,
,,,,,,,,,
,,,,,,,,,
,,,,,,,,,
,,,,,,,,,
,,,,,,,,,
,,,,,,,,,
,,,,,,,,,
,,,,,,,,,
,,,,,,,,,
,,,,,,,,,
,,,,,,,,,
,,,,,,,,,
,,,,,,,,,
,,,,,,,,,
,,,,,,,,,
,,,,,,,,,
,,,,,,,,,
,,,,,,,,,
,,,,,,,,,
,,,,,,,,,
,,,,,,,,,
,,,,,,,,,
,,,,,,,,,
,,,,,,,,,
,,,,,,,,,
,,,,,,,,,
,,,,,,,,,
,,,,,,,,,
,,,,,,,,,
,,,,,,,,,
,,,,,,,,,
,,,,,,,,,
,,,,,,,,,
,,,,,,,,,
,,,,,,,,,
,,,,,,,,,
,,,,,,,,,
,,,,,,,,,
,,,,,,,,,
,,,,,,,,,
,,,,,,,,,
,,,,,,,,,
,,,,,,,,,
,,,,,,,,,
,,,,,,,,,
,,,,,,,,,
,,,,,,,,,
,,,,,,,,,
,,,,,,,,,
,,,,,,,,,
,,,,,,,,,
,,,,,,,,,
,,,,,,,,,
,,,,,,,,,
,,,,,,,,,
,,,,,,,,,
,,,,,,,,,
,,,,,,,,,
,,,,,,,,,
,,,,,,,,,
,,,,,,,,,
,,,,,,,,,
,,,,,,,,,
,,,,,,,,,
,,,,,,,,,
,,,,,,,,,
,,,,,,,,,
,,,,,,,,,
,,,,,,,,,
,,,,,,,,,
,,,,,,,,,
,,,,,,,,,
,,,,,,,,,
,,,,,,,,,
,,,,,,,,,
,,,,,,,,,
,,,,,,,,,
,,,,,,,,,
,,,,,,,,,
,,,,,,,,,
,,,,,,,,,
,,,,,,,,,
,,,,,,,,,
,,,,,,,,,
,,,,,,,,,
,,,,,,,,,
,,,,,,,,,
,,,,,,,,,
,,,,,,,,,
,,,,,,,,,
,,,,,,,,,
,,,,,,,,,
,,,,,,,,,
