VenueConnect — SEO Pages: Rajkot,,,,,,,,,
  EVENT + CITY PAGES,,,,,,,,,
Page Type,Page Title,URL Slug,Meta Title,Meta Description,H1 Tag,Target Keyword,Secondary Keywords,Search Intent,Priority
Event + City,Wedding Venues in Rajkot | VenueConnect,/rajkot/wedding-venues/,Best Wedding Venues in Rajkot | Book & Compare Prices - VenueConnect,"Find the best wedding venues in Rajkot. Compare wedding halls, banquet spaces & party plots. Get free quotes & instant leads. Browse 100+ options on VenueConnect.",Best Wedding Venues in Rajkot,wedding venues in Rajkot,"wedding hall Rajkot, wedding venue booking Rajkot, best wedding venue Rajkot, wedding party venue Rajkot",Navigational / Transactional,High
Event + City,Birthday Party Venues in Rajkot | VenueConnect,/rajkot/birthday-party-venues/,Best Birthday Party Venues in Rajkot | Book & Compare Prices - VenueConnect,"Find the best birthday party venues in Rajkot. Compare birthday party halls, banquet spaces & party plots. Get free quotes & instant leads. Browse 100+ options on VenueConnect.",Best Birthday Party Venues in Rajkot,birthday party venues in Rajkot,"birthday party hall Rajkot, birthday party venue booking Rajkot, best birthday party venue Rajkot, birthday party party venue Rajkot",Navigational / Transactional,High
Event + City,Engagement Venues in Rajkot | VenueConnect,/rajkot/engagement-venues/,Best Engagement Venues in Rajkot | Book & Compare Prices - VenueConnect,"Find the best engagement venues in Rajkot. Compare engagement halls, banquet spaces & party plots. Get free quotes & instant leads. Browse 100+ options on VenueConnect.",Best Engagement Venues in Rajkot,engagement venues in Rajkot,"engagement hall Rajkot, engagement venue booking Rajkot, best engagement venue Rajkot, engagement party venue Rajkot",Navigational / Transactional,High
Event + City,Corporate Event Venues in Rajkot | VenueConnect,/rajkot/corporate-event-venues/,Best Corporate Event Venues in Rajkot | Book & Compare Prices - VenueConnect,"Find the best corporate event venues in Rajkot. Compare corporate event halls, banquet spaces & party plots. Get free quotes & instant leads. Browse 100+ options on VenueConnect.",Best Corporate Event Venues in Rajkot,corporate event venues in Rajkot,"corporate event hall Rajkot, corporate event venue booking Rajkot, best corporate event venue Rajkot, corporate event party venue Rajkot",Navigational / Transactional,High
Event + City,Reception Venues in Rajkot | VenueConnect,/rajkot/reception-venues/,Best Reception Venues in Rajkot | Book & Compare Prices - VenueConnect,"Find the best reception venues in Rajkot. Compare reception halls, banquet spaces & party plots. Get free quotes & instant leads. Browse 100+ options on VenueConnect.",Best Reception Venues in Rajkot,reception venues in Rajkot,"reception hall Rajkot, reception venue booking Rajkot, best reception venue Rajkot, reception party venue Rajkot",Navigational / Transactional,High
Event + City,Sangeet Ceremony Venues in Rajkot | VenueConnect,/rajkot/sangeet-ceremony-venues/,Best Sangeet Ceremony Venues in Rajkot | Book & Compare Prices - VenueConnect,"Find the best sangeet ceremony venues in Rajkot. Compare sangeet ceremony halls, banquet spaces & party plots. Get free quotes & instant leads. Browse 100+ options on VenueConnect.",Best Sangeet Ceremony Venues in Rajkot,sangeet ceremony venues in Rajkot,"sangeet ceremony hall Rajkot, sangeet ceremony venue booking Rajkot, best sangeet ceremony venue Rajkot, sangeet ceremony party venue Rajkot",Navigational / Transactional,High
Event + City,Garba Night Venues in Rajkot | VenueConnect,/rajkot/garba-night-venues/,Best Garba Night Venues in Rajkot | Book & Compare Prices - VenueConnect,"Find the best garba night venues in Rajkot. Compare garba night halls, banquet spaces & party plots. Get free quotes & instant leads. Browse 100+ options on VenueConnect.",Best Garba Night Venues in Rajkot,garba night venues in Rajkot,"garba night hall Rajkot, garba night venue booking Rajkot, best garba night venue Rajkot, garba night party venue Rajkot",Navigational / Transactional,High
Event + City,Pool Party Venues in Rajkot | VenueConnect,/rajkot/pool-party-venues/,Best Pool Party Venues in Rajkot | Book & Compare Prices - VenueConnect,"Find the best pool party venues in Rajkot. Compare pool party halls, banquet spaces & party plots. Get free quotes & instant leads. Browse 100+ options on VenueConnect.",Best Pool Party Venues in Rajkot,pool party venues in Rajkot,"pool party hall Rajkot, pool party venue booking Rajkot, best pool party venue Rajkot, pool party party venue Rajkot",Navigational / Transactional,High
Event + City,Kitty Party Venues in Rajkot | VenueConnect,/rajkot/kitty-party-venues/,Best Kitty Party Venues in Rajkot | Book & Compare Prices - VenueConnect,"Find the best kitty party venues in Rajkot. Compare kitty party halls, banquet spaces & party plots. Get free quotes & instant leads. Browse 100+ options on VenueConnect.",Best Kitty Party Venues in Rajkot,kitty party venues in Rajkot,"kitty party hall Rajkot, kitty party venue booking Rajkot, best kitty party venue Rajkot, kitty party party venue Rajkot",Navigational / Transactional,High
Event + City,Cocktail Party Venues in Rajkot | VenueConnect,/rajkot/cocktail-party-venues/,Best Cocktail Party Venues in Rajkot | Book & Compare Prices - VenueConnect,"Find the best cocktail party venues in Rajkot. Compare cocktail party halls, banquet spaces & party plots. Get free quotes & instant leads. Browse 100+ options on VenueConnect.",Best Cocktail Party Venues in Rajkot,cocktail party venues in Rajkot,"cocktail party hall Rajkot, cocktail party venue booking Rajkot, best cocktail party venue Rajkot, cocktail party party venue Rajkot",Navigational / Transactional,High
Event + City,Baby Shower Venues in Rajkot | VenueConnect,/rajkot/baby-shower-venues/,Best Baby Shower Venues in Rajkot | Book & Compare Prices - VenueConnect,"Find the best baby shower venues in Rajkot. Compare baby shower halls, banquet spaces & party plots. Get free quotes & instant leads. Browse 100+ options on VenueConnect.",Best Baby Shower Venues in Rajkot,baby shower venues in Rajkot,"baby shower hall Rajkot, baby shower venue booking Rajkot, best baby shower venue Rajkot, baby shower party venue Rajkot",Navigational / Transactional,High
Event + City,Anniversary Party Venues in Rajkot | VenueConnect,/rajkot/anniversary-party-venues/,Best Anniversary Party Venues in Rajkot | Book & Compare Prices - VenueConnect,"Find the best anniversary party venues in Rajkot. Compare anniversary party halls, banquet spaces & party plots. Get free quotes & instant leads. Browse 100+ options on VenueConnect.",Best Anniversary Party Venues in Rajkot,anniversary party venues in Rajkot,"anniversary party hall Rajkot, anniversary party venue booking Rajkot, best anniversary party venue Rajkot, anniversary party party venue Rajkot",Navigational / Transactional,High
Event + City,Farewell Party Venues in Rajkot | VenueConnect,/rajkot/farewell-party-venues/,Best Farewell Party Venues in Rajkot | Book & Compare Prices - VenueConnect,"Find the best farewell party venues in Rajkot. Compare farewell party halls, banquet spaces & party plots. Get free quotes & instant leads. Browse 100+ options on VenueConnect.",Best Farewell Party Venues in Rajkot,farewell party venues in Rajkot,"farewell party hall Rajkot, farewell party venue booking Rajkot, best farewell party venue Rajkot, farewell party party venue Rajkot",Navigational / Transactional,High
Event + City,Reunion Party Venues in Rajkot | VenueConnect,/rajkot/reunion-party-venues/,Best Reunion Party Venues in Rajkot | Book & Compare Prices - VenueConnect,"Find the best reunion party venues in Rajkot. Compare reunion party halls, banquet spaces & party plots. Get free quotes & instant leads. Browse 100+ options on VenueConnect.",Best Reunion Party Venues in Rajkot,reunion party venues in Rajkot,"reunion party hall Rajkot, reunion party venue booking Rajkot, best reunion party venue Rajkot, reunion party party venue Rajkot",Navigational / Transactional,High
Event + City,Product Launch Venues in Rajkot | VenueConnect,/rajkot/product-launch-venues/,Best Product Launch Venues in Rajkot | Book & Compare Prices - VenueConnect,"Find the best product launch venues in Rajkot. Compare product launch halls, banquet spaces & party plots. Get free quotes & instant leads. Browse 100+ options on VenueConnect.",Best Product Launch Venues in Rajkot,product launch venues in Rajkot,"product launch hall Rajkot, product launch venue booking Rajkot, best product launch venue Rajkot, product launch party venue Rajkot",Navigational / Transactional,High
Event + City,Conference Venues in Rajkot | VenueConnect,/rajkot/conference-venues/,Best Conference Venues in Rajkot | Book & Compare Prices - VenueConnect,"Find the best conference venues in Rajkot. Compare conference halls, banquet spaces & party plots. Get free quotes & instant leads. Browse 100+ options on VenueConnect.",Best Conference Venues in Rajkot,conference venues in Rajkot,"conference hall Rajkot, conference venue booking Rajkot, best conference venue Rajkot, conference party venue Rajkot",Navigational / Transactional,High
Event + City,Seminar Venues in Rajkot | VenueConnect,/rajkot/seminar-venues/,Best Seminar Venues in Rajkot | Book & Compare Prices - VenueConnect,"Find the best seminar venues in Rajkot. Compare seminar halls, banquet spaces & party plots. Get free quotes & instant leads. Browse 100+ options on VenueConnect.",Best Seminar Venues in Rajkot,seminar venues in Rajkot,"seminar hall Rajkot, seminar venue booking Rajkot, best seminar venue Rajkot, seminar party venue Rajkot",Navigational / Transactional,High
Event + City,Award Ceremony Venues in Rajkot | VenueConnect,/rajkot/award-ceremony-venues/,Best Award Ceremony Venues in Rajkot | Book & Compare Prices - VenueConnect,"Find the best award ceremony venues in Rajkot. Compare award ceremony halls, banquet spaces & party plots. Get free quotes & instant leads. Browse 100+ options on VenueConnect.",Best Award Ceremony Venues in Rajkot,award ceremony venues in Rajkot,"award ceremony hall Rajkot, award ceremony venue booking Rajkot, best award ceremony venue Rajkot, award ceremony party venue Rajkot",Navigational / Transactional,High
Event + City,Walkin Interview Venues in Rajkot | VenueConnect,/rajkot/walkin-interview-venues/,Best Walkin Interview Venues in Rajkot | Book & Compare Prices - VenueConnect,"Find the best walkin interview venues in Rajkot. Compare walkin interview halls, banquet spaces & party plots. Get free quotes & instant leads. Browse 100+ options on VenueConnect.",Best Walkin Interview Venues in Rajkot,walkin interview venues in Rajkot,"walkin interview hall Rajkot, walkin interview venue booking Rajkot, best walkin interview venue Rajkot, walkin interview party venue Rajkot",Navigational / Transactional,High
Event + City,Training Venues in Rajkot | VenueConnect,/rajkot/training-venues/,Best Training Venues in Rajkot | Book & Compare Prices - VenueConnect,"Find the best training venues in Rajkot. Compare training halls, banquet spaces & party plots. Get free quotes & instant leads. Browse 100+ options on VenueConnect.",Best Training Venues in Rajkot,training venues in Rajkot,"training hall Rajkot, training venue booking Rajkot, best training venue Rajkot, training party venue Rajkot",Navigational / Transactional,High
Event + City,Team Outing Venues in Rajkot | VenueConnect,/rajkot/team-outing-venues/,Best Team Outing Venues in Rajkot | Book & Compare Prices - VenueConnect,"Find the best team outing venues in Rajkot. Compare team outing halls, banquet spaces & party plots. Get free quotes & instant leads. Browse 100+ options on VenueConnect.",Best Team Outing Venues in Rajkot,team outing venues in Rajkot,"team outing hall Rajkot, team outing venue booking Rajkot, best team outing venue Rajkot, team outing party venue Rajkot",Navigational / Transactional,High
Event + City,Stage Event Venues in Rajkot | VenueConnect,/rajkot/stage-event-venues/,Best Stage Event Venues in Rajkot | Book & Compare Prices - VenueConnect,"Find the best stage event venues in Rajkot. Compare stage event halls, banquet spaces & party plots. Get free quotes & instant leads. Browse 100+ options on VenueConnect.",Best Stage Event Venues in Rajkot,stage event venues in Rajkot,"stage event hall Rajkot, stage event venue booking Rajkot, best stage event venue Rajkot, stage event party venue Rajkot",Navigational / Transactional,High
Event + City,Ring Ceremony Venues in Rajkot | VenueConnect,/rajkot/ring-ceremony-venues/,Best Ring Ceremony Venues in Rajkot | Book & Compare Prices - VenueConnect,"Find the best ring ceremony venues in Rajkot. Compare ring ceremony halls, banquet spaces & party plots. Get free quotes & instant leads. Browse 100+ options on VenueConnect.",Best Ring Ceremony Venues in Rajkot,ring ceremony venues in Rajkot,"ring ceremony hall Rajkot, ring ceremony venue booking Rajkot, best ring ceremony venue Rajkot, ring ceremony party venue Rajkot",Navigational / Transactional,High
Event + City,Residential Conference Venues in Rajkot | VenueConnect,/rajkot/residential-conference-venues/,Best Residential Conference Venues in Rajkot | Book & Compare Prices - VenueConnect,"Find the best residential conference venues in Rajkot. Compare residential conference halls, banquet spaces & party plots. Get free quotes & instant leads. Browse 100+ options on VenueConnect.",Best Residential Conference Venues in Rajkot,residential conference venues in Rajkot,"residential conference hall Rajkot, residential conference venue booking Rajkot, best residential conference venue Rajkot, residential conference party venue Rajkot",Navigational / Transactional,High
Event + City,Pre Wedding Mehendi Party Venues in Rajkot | VenueConnect,/rajkot/pre-wedding-mehendi-party-venues/,Best Pre Wedding Mehendi Party Venues in Rajkot | Book & Compare Prices - VenueConnect,"Find the best pre wedding mehendi party venues in Rajkot. Compare pre wedding mehendi party halls, banquet spaces & party plots. Get free quotes & instant leads. Browse 100+ options on VenueConnect.",Best Pre Wedding Mehendi Party Venues in Rajkot,pre wedding mehendi party venues in Rajkot,"pre wedding mehendi party hall Rajkot, pre wedding mehendi party venue booking Rajkot, best pre wedding mehendi party venue Rajkot, pre wedding mehendi party party venue Rajkot",Navigational / Transactional,High
Event + City,Photo Shoots Venues in Rajkot | VenueConnect,/rajkot/photo-shoots-venues/,Best Photo Shoots Venues in Rajkot | Book & Compare Prices - VenueConnect,"Find the best photo shoots venues in Rajkot. Compare photo shoots halls, banquet spaces & party plots. Get free quotes & instant leads. Browse 100+ options on VenueConnect.",Best Photo Shoots Venues in Rajkot,photo shoots venues in Rajkot,"photo shoots hall Rajkot, photo shoots venue booking Rajkot, best photo shoots venue Rajkot, photo shoots party venue Rajkot",Navigational / Transactional,High
Event + City,Naming Ceremony Venues in Rajkot | VenueConnect,/rajkot/naming-ceremony-venues/,Best Naming Ceremony Venues in Rajkot | Book & Compare Prices - VenueConnect,"Find the best naming ceremony venues in Rajkot. Compare naming ceremony halls, banquet spaces & party plots. Get free quotes & instant leads. Browse 100+ options on VenueConnect.",Best Naming Ceremony Venues in Rajkot,naming ceremony venues in Rajkot,"naming ceremony hall Rajkot, naming ceremony venue booking Rajkot, best naming ceremony venue Rajkot, naming ceremony party venue Rajkot",Navigational / Transactional,High
Event + City,Musical Concert Venues in Rajkot | VenueConnect,/rajkot/musical-concert-venues/,Best Musical Concert Venues in Rajkot | Book & Compare Prices - VenueConnect,"Find the best musical concert venues in Rajkot. Compare musical concert halls, banquet spaces & party plots. Get free quotes & instant leads. Browse 100+ options on VenueConnect.",Best Musical Concert Venues in Rajkot,musical concert venues in Rajkot,"musical concert hall Rajkot, musical concert venue booking Rajkot, best musical concert venue Rajkot, musical concert party venue Rajkot",Navigational / Transactional,High
Event + City,MICE Venues in Rajkot | VenueConnect,/rajkot/mice-venues/,Best MICE Venues in Rajkot | Book & Compare Prices - VenueConnect,"Find the best mice venues in Rajkot. Compare mice halls, banquet spaces & party plots. Get free quotes & instant leads. Browse 100+ options on VenueConnect.",Best MICE Venues in Rajkot,mice venues in Rajkot,"mice hall Rajkot, mice venue booking Rajkot, best mice venue Rajkot, mice party venue Rajkot",Navigational / Transactional,High
Event + City,Meeting Venues in Rajkot | VenueConnect,/rajkot/meeting-venues/,Best Meeting Venues in Rajkot | Book & Compare Prices - VenueConnect,"Find the best meeting venues in Rajkot. Compare meeting halls, banquet spaces & party plots. Get free quotes & instant leads. Browse 100+ options on VenueConnect.",Best Meeting Venues in Rajkot,meeting venues in Rajkot,"meeting hall Rajkot, meeting venue booking Rajkot, best meeting venue Rajkot, meeting party venue Rajkot",Navigational / Transactional,High
Event + City,Kids Birthday Party Venues in Rajkot | VenueConnect,/rajkot/kids-birthday-party-venues/,Best Kids Birthday Party Venues in Rajkot | Book & Compare Prices - VenueConnect,"Find the best kids birthday party venues in Rajkot. Compare kids birthday party halls, banquet spaces & party plots. Get free quotes & instant leads. Browse 100+ options on VenueConnect.",Best Kids Birthday Party Venues in Rajkot,kids birthday party venues in Rajkot,"kids birthday party hall Rajkot, kids birthday party venue booking Rajkot, best kids birthday party venue Rajkot, kids birthday party party venue Rajkot",Navigational / Transactional,High
Event + City,Holi Party Venues in Rajkot | VenueConnect,/rajkot/holi-party-venues/,Best Holi Party Venues in Rajkot | Book & Compare Prices - VenueConnect,"Find the best holi party venues in Rajkot. Compare holi party halls, banquet spaces & party plots. Get free quotes & instant leads. Browse 100+ options on VenueConnect.",Best Holi Party Venues in Rajkot,holi party venues in Rajkot,"holi party hall Rajkot, holi party venue booking Rajkot, best holi party venue Rajkot, holi party party venue Rajkot",Navigational / Transactional,High
Event + City,Group Dining Venues in Rajkot | VenueConnect,/rajkot/group-dining-venues/,Best Group Dining Venues in Rajkot | Book & Compare Prices - VenueConnect,"Find the best group dining venues in Rajkot. Compare group dining halls, banquet spaces & party plots. Get free quotes & instant leads. Browse 100+ options on VenueConnect.",Best Group Dining Venues in Rajkot,group dining venues in Rajkot,"group dining hall Rajkot, group dining venue booking Rajkot, best group dining venue Rajkot, group dining party venue Rajkot",Navigational / Transactional,High
Event + City,Get Together Venues in Rajkot | VenueConnect,/rajkot/get-together-venues/,Best Get Together Venues in Rajkot | Book & Compare Prices - VenueConnect,"Find the best get together venues in Rajkot. Compare get together halls, banquet spaces & party plots. Get free quotes & instant leads. Browse 100+ options on VenueConnect.",Best Get Together Venues in Rajkot,get together venues in Rajkot,"get together hall Rajkot, get together venue booking Rajkot, best get together venue Rajkot, get together party venue Rajkot",Navigational / Transactional,High
Event + City,Game Watch Venues in Rajkot | VenueConnect,/rajkot/game-watch-venues/,Best Game Watch Venues in Rajkot | Book & Compare Prices - VenueConnect,"Find the best game watch venues in Rajkot. Compare game watch halls, banquet spaces & party plots. Get free quotes & instant leads. Browse 100+ options on VenueConnect.",Best Game Watch Venues in Rajkot,game watch venues in Rajkot,"game watch hall Rajkot, game watch venue booking Rajkot, best game watch venue Rajkot, game watch party venue Rajkot",Navigational / Transactional,High
Event + City,Freshers Party Venues in Rajkot | VenueConnect,/rajkot/freshers-party-venues/,Best Freshers Party Venues in Rajkot | Book & Compare Prices - VenueConnect,"Find the best freshers party venues in Rajkot. Compare freshers party halls, banquet spaces & party plots. Get free quotes & instant leads. Browse 100+ options on VenueConnect.",Best Freshers Party Venues in Rajkot,freshers party venues in Rajkot,"freshers party hall Rajkot, freshers party venue booking Rajkot, best freshers party venue Rajkot, freshers party party venue Rajkot",Navigational / Transactional,High
Event + City,First Birthday Party Venues in Rajkot | VenueConnect,/rajkot/first-birthday-party-venues/,Best First Birthday Party Venues in Rajkot | Book & Compare Prices - VenueConnect,"Find the best first birthday party venues in Rajkot. Compare first birthday party halls, banquet spaces & party plots. Get free quotes & instant leads. Browse 100+ options on VenueConnect.",Best First Birthday Party Venues in Rajkot,first birthday party venues in Rajkot,"first birthday party hall Rajkot, first birthday party venue booking Rajkot, best first birthday party venue Rajkot, first birthday party party venue Rajkot",Navigational / Transactional,High
Event + City,Fashion Show Venues in Rajkot | VenueConnect,/rajkot/fashion-show-venues/,Best Fashion Show Venues in Rajkot | Book & Compare Prices - VenueConnect,"Find the best fashion show venues in Rajkot. Compare fashion show halls, banquet spaces & party plots. Get free quotes & instant leads. Browse 100+ options on VenueConnect.",Best Fashion Show Venues in Rajkot,fashion show venues in Rajkot,"fashion show hall Rajkot, fashion show venue booking Rajkot, best fashion show venue Rajkot, fashion show party venue Rajkot",Navigational / Transactional,High
Event + City,Family Function Venues in Rajkot | VenueConnect,/rajkot/family-function-venues/,Best Family Function Venues in Rajkot | Book & Compare Prices - VenueConnect,"Find the best family function venues in Rajkot. Compare family function halls, banquet spaces & party plots. Get free quotes & instant leads. Browse 100+ options on VenueConnect.",Best Family Function Venues in Rajkot,family function venues in Rajkot,"family function hall Rajkot, family function venue booking Rajkot, best family function venue Rajkot, family function party venue Rajkot",Navigational / Transactional,High
Event + City,Exhibition Venues in Rajkot | VenueConnect,/rajkot/exhibition-venues/,Best Exhibition Venues in Rajkot | Book & Compare Prices - VenueConnect,"Find the best exhibition venues in Rajkot. Compare exhibition halls, banquet spaces & party plots. Get free quotes & instant leads. Browse 100+ options on VenueConnect.",Best Exhibition Venues in Rajkot,exhibition venues in Rajkot,"exhibition hall Rajkot, exhibition venue booking Rajkot, best exhibition venue Rajkot, exhibition party venue Rajkot",Navigational / Transactional,High
Event + City,Corporate Training Venues in Rajkot | VenueConnect,/rajkot/corporate-training-venues/,Best Corporate Training Venues in Rajkot | Book & Compare Prices - VenueConnect,"Find the best corporate training venues in Rajkot. Compare corporate training halls, banquet spaces & party plots. Get free quotes & instant leads. Browse 100+ options on VenueConnect.",Best Corporate Training Venues in Rajkot,corporate training venues in Rajkot,"corporate training hall Rajkot, corporate training venue booking Rajkot, best corporate training venue Rajkot, corporate training party venue Rajkot",Navigational / Transactional,High
Event + City,Corporate Party Venues in Rajkot | VenueConnect,/rajkot/corporate-party-venues/,Best Corporate Party Venues in Rajkot | Book & Compare Prices - VenueConnect,"Find the best corporate party venues in Rajkot. Compare corporate party halls, banquet spaces & party plots. Get free quotes & instant leads. Browse 100+ options on VenueConnect.",Best Corporate Party Venues in Rajkot,corporate party venues in Rajkot,"corporate party hall Rajkot, corporate party venue booking Rajkot, best corporate party venue Rajkot, corporate party party venue Rajkot",Navigational / Transactional,High
Event + City,Corporate Offsite Venues in Rajkot | VenueConnect,/rajkot/corporate-offsite-venues/,Best Corporate Offsite Venues in Rajkot | Book & Compare Prices - VenueConnect,"Find the best corporate offsite venues in Rajkot. Compare corporate offsite halls, banquet spaces & party plots. Get free quotes & instant leads. Browse 100+ options on VenueConnect.",Best Corporate Offsite Venues in Rajkot,corporate offsite venues in Rajkot,"corporate offsite hall Rajkot, corporate offsite venue booking Rajkot, best corporate offsite venue Rajkot, corporate offsite party venue Rajkot",Navigational / Transactional,High
Event + City,Cocktail Dinner Venues in Rajkot | VenueConnect,/rajkot/cocktail-dinner-venues/,Best Cocktail Dinner Venues in Rajkot | Book & Compare Prices - VenueConnect,"Find the best cocktail dinner venues in Rajkot. Compare cocktail dinner halls, banquet spaces & party plots. Get free quotes & instant leads. Browse 100+ options on VenueConnect.",Best Cocktail Dinner Venues in Rajkot,cocktail dinner venues in Rajkot,"cocktail dinner hall Rajkot, cocktail dinner venue booking Rajkot, best cocktail dinner venue Rajkot, cocktail dinner party venue Rajkot",Navigational / Transactional,High
Event + City,Class Reunion Venues in Rajkot | VenueConnect,/rajkot/class-reunion-venues/,Best Class Reunion Venues in Rajkot | Book & Compare Prices - VenueConnect,"Find the best class reunion venues in Rajkot. Compare class reunion halls, banquet spaces & party plots. Get free quotes & instant leads. Browse 100+ options on VenueConnect.",Best Class Reunion Venues in Rajkot,class reunion venues in Rajkot,"class reunion hall Rajkot, class reunion venue booking Rajkot, best class reunion venue Rajkot, class reunion party venue Rajkot",Navigational / Transactional,High
Event + City,Christian Communion Venues in Rajkot | VenueConnect,/rajkot/christian-communion-venues/,Best Christian Communion Venues in Rajkot | Book & Compare Prices - VenueConnect,"Find the best christian communion venues in Rajkot. Compare christian communion halls, banquet spaces & party plots. Get free quotes & instant leads. Browse 100+ options on VenueConnect.",Best Christian Communion Venues in Rajkot,christian communion venues in Rajkot,"christian communion hall Rajkot, christian communion venue booking Rajkot, best christian communion venue Rajkot, christian communion party venue Rajkot",Navigational / Transactional,High
Event + City,Childrens Party Venues in Rajkot | VenueConnect,/rajkot/childrens-party-venues/,Best Childrens Party Venues in Rajkot | Book & Compare Prices - VenueConnect,"Find the best childrens party venues in Rajkot. Compare childrens party halls, banquet spaces & party plots. Get free quotes & instant leads. Browse 100+ options on VenueConnect.",Best Childrens Party Venues in Rajkot,childrens party venues in Rajkot,"childrens party hall Rajkot, childrens party venue booking Rajkot, best childrens party venue Rajkot, childrens party party venue Rajkot",Navigational / Transactional,High
Event + City,Business Dinner Venues in Rajkot | VenueConnect,/rajkot/business-dinner-venues/,Best Business Dinner Venues in Rajkot | Book & Compare Prices - VenueConnect,"Find the best business dinner venues in Rajkot. Compare business dinner halls, banquet spaces & party plots. Get free quotes & instant leads. Browse 100+ options on VenueConnect.",Best Business Dinner Venues in Rajkot,business dinner venues in Rajkot,"business dinner hall Rajkot, business dinner venue booking Rajkot, best business dinner venue Rajkot, business dinner party venue Rajkot",Navigational / Transactional,High
Event + City,Bridal Shower Venues in Rajkot | VenueConnect,/rajkot/bridal-shower-venues/,Best Bridal Shower Venues in Rajkot | Book & Compare Prices - VenueConnect,"Find the best bridal shower venues in Rajkot. Compare bridal shower halls, banquet spaces & party plots. Get free quotes & instant leads. Browse 100+ options on VenueConnect.",Best Bridal Shower Venues in Rajkot,bridal shower venues in Rajkot,"bridal shower hall Rajkot, bridal shower venue booking Rajkot, best bridal shower venue Rajkot, bridal shower party venue Rajkot",Navigational / Transactional,High
Event + City,Brand Promotion Venues in Rajkot | VenueConnect,/rajkot/brand-promotion-venues/,Best Brand Promotion Venues in Rajkot | Book & Compare Prices - VenueConnect,"Find the best brand promotion venues in Rajkot. Compare brand promotion halls, banquet spaces & party plots. Get free quotes & instant leads. Browse 100+ options on VenueConnect.",Best Brand Promotion Venues in Rajkot,brand promotion venues in Rajkot,"brand promotion hall Rajkot, brand promotion venue booking Rajkot, best brand promotion venue Rajkot, brand promotion party venue Rajkot",Navigational / Transactional,High
Event + City,Bachelor Party Venues in Rajkot | VenueConnect,/rajkot/bachelor-party-venues/,Best Bachelor Party Venues in Rajkot | Book & Compare Prices - VenueConnect,"Find the best bachelor party venues in Rajkot. Compare bachelor party halls, banquet spaces & party plots. Get free quotes & instant leads. Browse 100+ options on VenueConnect.",Best Bachelor Party Venues in Rajkot,bachelor party venues in Rajkot,"bachelor party hall Rajkot, bachelor party venue booking Rajkot, best bachelor party venue Rajkot, bachelor party party venue Rajkot",Navigational / Transactional,High
Event + City,Aqueeqa Ceremony Venues in Rajkot | VenueConnect,/rajkot/aqueeqa-ceremony-venues/,Best Aqueeqa Ceremony Venues in Rajkot | Book & Compare Prices - VenueConnect,"Find the best aqueeqa ceremony venues in Rajkot. Compare aqueeqa ceremony halls, banquet spaces & party plots. Get free quotes & instant leads. Browse 100+ options on VenueConnect.",Best Aqueeqa Ceremony Venues in Rajkot,aqueeqa ceremony venues in Rajkot,"aqueeqa ceremony hall Rajkot, aqueeqa ceremony venue booking Rajkot, best aqueeqa ceremony venue Rajkot, aqueeqa ceremony party venue Rajkot",Navigational / Transactional,High
Event + City,Annual Fest Venues in Rajkot | VenueConnect,/rajkot/annual-fest-venues/,Best Annual Fest Venues in Rajkot | Book & Compare Prices - VenueConnect,"Find the best annual fest venues in Rajkot. Compare annual fest halls, banquet spaces & party plots. Get free quotes & instant leads. Browse 100+ options on VenueConnect.",Best Annual Fest Venues in Rajkot,annual fest venues in Rajkot,"annual fest hall Rajkot, annual fest venue booking Rajkot, best annual fest venue Rajkot, annual fest party venue Rajkot",Navigational / Transactional,High
Event + City,Adventure Party Venues in Rajkot | VenueConnect,/rajkot/adventure-party-venues/,Best Adventure Party Venues in Rajkot | Book & Compare Prices - VenueConnect,"Find the best adventure party venues in Rajkot. Compare adventure party halls, banquet spaces & party plots. Get free quotes & instant leads. Browse 100+ options on VenueConnect.",Best Adventure Party Venues in Rajkot,adventure party venues in Rajkot,"adventure party hall Rajkot, adventure party venue booking Rajkot, best adventure party venue Rajkot, adventure party party venue Rajkot",Navigational / Transactional,High
Event + City,Haldi Ceremony Venues in Rajkot | VenueConnect,/rajkot/haldi-ceremony-venues/,Best Haldi Ceremony Venues in Rajkot | Book & Compare Prices - VenueConnect,"Find the best haldi ceremony venues in Rajkot. Compare haldi ceremony halls, banquet spaces & party plots. Get free quotes & instant leads. Browse 100+ options on VenueConnect.",Best Haldi Ceremony Venues in Rajkot,haldi ceremony venues in Rajkot,"haldi ceremony hall Rajkot, haldi ceremony venue booking Rajkot, best haldi ceremony venue Rajkot, haldi ceremony party venue Rajkot",Navigational / Transactional,High
  VENDOR + CITY PAGES,,,,,,,,,
Page Type,Page Title,URL Slug,Meta Title,Meta Description,H1 Tag,Target Keyword,Secondary Keywords,Search Intent,Priority
Vendor + City,Photographers in Rajkot | VenueConnect,/rajkot/vendors/photographers/,Top Photographers in Rajkot | Compare & Hire - VenueConnect,"Hire top photographers in Rajkot for weddings, birthdays & all events. Compare portfolios, pricing & reviews. Get direct leads via WhatsApp. Book on VenueConnect.",Top Photographers in Rajkot,photographers in Rajkot,"photographers for wedding Rajkot, best photographers Rajkot, affordable photographers Rajkot, photographers contact Rajkot",Transactional,High
Vendor + City,Caterers in Rajkot | VenueConnect,/rajkot/vendors/caterers/,Top Caterers in Rajkot | Compare & Hire - VenueConnect,"Hire top caterers in Rajkot for weddings, birthdays & all events. Compare portfolios, pricing & reviews. Get direct leads via WhatsApp. Book on VenueConnect.",Top Caterers in Rajkot,caterers in Rajkot,"caterers for wedding Rajkot, best caterers Rajkot, affordable caterers Rajkot, caterers contact Rajkot",Transactional,High
Vendor + City,Decorators in Rajkot | VenueConnect,/rajkot/vendors/decorators/,Top Decorators in Rajkot | Compare & Hire - VenueConnect,"Hire top decorators in Rajkot for weddings, birthdays & all events. Compare portfolios, pricing & reviews. Get direct leads via WhatsApp. Book on VenueConnect.",Top Decorators in Rajkot,decorators in Rajkot,"decorators for wedding Rajkot, best decorators Rajkot, affordable decorators Rajkot, decorators contact Rajkot",Transactional,High
Vendor + City,Mehndi Artists in Rajkot | VenueConnect,/rajkot/vendors/mehndi-artists/,Top Mehndi Artists in Rajkot | Compare & Hire - VenueConnect,"Hire top mehndi artists in Rajkot for weddings, birthdays & all events. Compare portfolios, pricing & reviews. Get direct leads via WhatsApp. Book on VenueConnect.",Top Mehndi Artists in Rajkot,mehndi artists in Rajkot,"mehndi artists for wedding Rajkot, best mehndi artists Rajkot, affordable mehndi artists Rajkot, mehndi artists contact Rajkot",Transactional,High
Vendor + City,DJs in Rajkot | VenueConnect,/rajkot/vendors/djs/,Top DJs in Rajkot | Compare & Hire - VenueConnect,"Hire top djs in Rajkot for weddings, birthdays & all events. Compare portfolios, pricing & reviews. Get direct leads via WhatsApp. Book on VenueConnect.",Top DJs in Rajkot,djs in Rajkot,"djs for wedding Rajkot, best djs Rajkot, affordable djs Rajkot, djs contact Rajkot",Transactional,High
Vendor + City,Bands in Rajkot | VenueConnect,/rajkot/vendors/bands/,Top Bands in Rajkot | Compare & Hire - VenueConnect,"Hire top bands in Rajkot for weddings, birthdays & all events. Compare portfolios, pricing & reviews. Get direct leads via WhatsApp. Book on VenueConnect.",Top Bands in Rajkot,bands in Rajkot,"bands for wedding Rajkot, best bands Rajkot, affordable bands Rajkot, bands contact Rajkot",Transactional,High
Vendor + City,Event Planners in Rajkot | VenueConnect,/rajkot/vendors/event-planners/,Top Event Planners in Rajkot | Compare & Hire - VenueConnect,"Hire top event planners in Rajkot for weddings, birthdays & all events. Compare portfolios, pricing & reviews. Get direct leads via WhatsApp. Book on VenueConnect.",Top Event Planners in Rajkot,event planners in Rajkot,"event planners for wedding Rajkot, best event planners Rajkot, affordable event planners Rajkot, event planners contact Rajkot",Transactional,High
Vendor + City,Bridal Wear in Rajkot | VenueConnect,/rajkot/vendors/bridal-wear/,Top Bridal Wear in Rajkot | Compare & Hire - VenueConnect,"Hire top bridal wear in Rajkot for weddings, birthdays & all events. Compare portfolios, pricing & reviews. Get direct leads via WhatsApp. Book on VenueConnect.",Top Bridal Wear in Rajkot,bridal wear in Rajkot,"bridal wear for wedding Rajkot, best bridal wear Rajkot, affordable bridal wear Rajkot, bridal wear contact Rajkot",Transactional,High
Vendor + City,Makeup Artists in Rajkot | VenueConnect,/rajkot/vendors/makeup-artists/,Top Makeup Artists in Rajkot | Compare & Hire - VenueConnect,"Hire top makeup artists in Rajkot for weddings, birthdays & all events. Compare portfolios, pricing & reviews. Get direct leads via WhatsApp. Book on VenueConnect.",Top Makeup Artists in Rajkot,makeup artists in Rajkot,"makeup artists for wedding Rajkot, best makeup artists Rajkot, affordable makeup artists Rajkot, makeup artists contact Rajkot",Transactional,High
Vendor + City,Florists in Rajkot | VenueConnect,/rajkot/vendors/florists/,Top Florists in Rajkot | Compare & Hire - VenueConnect,"Hire top florists in Rajkot for weddings, birthdays & all events. Compare portfolios, pricing & reviews. Get direct leads via WhatsApp. Book on VenueConnect.",Top Florists in Rajkot,florists in Rajkot,"florists for wedding Rajkot, best florists Rajkot, affordable florists Rajkot, florists contact Rajkot",Transactional,High
Vendor + City,Videographers in Rajkot | VenueConnect,/rajkot/vendors/videographers/,Top Videographers in Rajkot | Compare & Hire - VenueConnect,"Hire top videographers in Rajkot for weddings, birthdays & all events. Compare portfolios, pricing & reviews. Get direct leads via WhatsApp. Book on VenueConnect.",Top Videographers in Rajkot,videographers in Rajkot,"videographers for wedding Rajkot, best videographers Rajkot, affordable videographers Rajkot, videographers contact Rajkot",Transactional,High
Vendor + City,Wedding Planners in Rajkot | VenueConnect,/rajkot/vendors/wedding-planners/,Top Wedding Planners in Rajkot | Compare & Hire - VenueConnect,"Hire top wedding planners in Rajkot for weddings, birthdays & all events. Compare portfolios, pricing & reviews. Get direct leads via WhatsApp. Book on VenueConnect.",Top Wedding Planners in Rajkot,wedding planners in Rajkot,"wedding planners for wedding Rajkot, best wedding planners Rajkot, affordable wedding planners Rajkot, wedding planners contact Rajkot",Transactional,High
Vendor + City,Tent Houses in Rajkot | VenueConnect,/rajkot/vendors/tent-houses/,Top Tent Houses in Rajkot | Compare & Hire - VenueConnect,"Hire top tent houses in Rajkot for weddings, birthdays & all events. Compare portfolios, pricing & reviews. Get direct leads via WhatsApp. Book on VenueConnect.",Top Tent Houses in Rajkot,tent houses in Rajkot,"tent houses for wedding Rajkot, best tent houses Rajkot, affordable tent houses Rajkot, tent houses contact Rajkot",Transactional,High
Vendor + City,Choreographers in Rajkot | VenueConnect,/rajkot/vendors/choreographers/,Top Choreographers in Rajkot | Compare & Hire - VenueConnect,"Hire top choreographers in Rajkot for weddings, birthdays & all events. Compare portfolios, pricing & reviews. Get direct leads via WhatsApp. Book on VenueConnect.",Top Choreographers in Rajkot,choreographers in Rajkot,"choreographers for wedding Rajkot, best choreographers Rajkot, affordable choreographers Rajkot, choreographers contact Rajkot",Transactional,High
Vendor + City,Invitation Cards in Rajkot | VenueConnect,/rajkot/vendors/invitation-cards/,Top Invitation Cards in Rajkot | Compare & Hire - VenueConnect,"Hire top invitation cards in Rajkot for weddings, birthdays & all events. Compare portfolios, pricing & reviews. Get direct leads via WhatsApp. Book on VenueConnect.",Top Invitation Cards in Rajkot,invitation cards in Rajkot,"invitation cards for wedding Rajkot, best invitation cards Rajkot, affordable invitation cards Rajkot, invitation cards contact Rajkot",Transactional,High
Vendor + City,Cake Shops in Rajkot | VenueConnect,/rajkot/vendors/cake-shops/,Top Cake Shops in Rajkot | Compare & Hire - VenueConnect,"Hire top cake shops in Rajkot for weddings, birthdays & all events. Compare portfolios, pricing & reviews. Get direct leads via WhatsApp. Book on VenueConnect.",Top Cake Shops in Rajkot,cake shops in Rajkot,"cake shops for wedding Rajkot, best cake shops Rajkot, affordable cake shops Rajkot, cake shops contact Rajkot",Transactional,High
Vendor + City,Jewellers in Rajkot | VenueConnect,/rajkot/vendors/jewellers/,Top Jewellers in Rajkot | Compare & Hire - VenueConnect,"Hire top jewellers in Rajkot for weddings, birthdays & all events. Compare portfolios, pricing & reviews. Get direct leads via WhatsApp. Book on VenueConnect.",Top Jewellers in Rajkot,jewellers in Rajkot,"jewellers for wedding Rajkot, best jewellers Rajkot, affordable jewellers Rajkot, jewellers contact Rajkot",Transactional,High
Vendor + City,Astrologers in Rajkot | VenueConnect,/rajkot/vendors/astrologers/,Top Astrologers in Rajkot | Compare & Hire - VenueConnect,"Hire top astrologers in Rajkot for weddings, birthdays & all events. Compare portfolios, pricing & reviews. Get direct leads via WhatsApp. Book on VenueConnect.",Top Astrologers in Rajkot,astrologers in Rajkot,"astrologers for wedding Rajkot, best astrologers Rajkot, affordable astrologers Rajkot, astrologers contact Rajkot",Transactional,High
Vendor + City,Magicians in Rajkot | VenueConnect,/rajkot/vendors/magicians/,Top Magicians in Rajkot | Compare & Hire - VenueConnect,"Hire top magicians in Rajkot for weddings, birthdays & all events. Compare portfolios, pricing & reviews. Get direct leads via WhatsApp. Book on VenueConnect.",Top Magicians in Rajkot,magicians in Rajkot,"magicians for wedding Rajkot, best magicians Rajkot, affordable magicians Rajkot, magicians contact Rajkot",Transactional,High
Vendor + City,Entertainers in Rajkot | VenueConnect,/rajkot/vendors/entertainers/,Top Entertainers in Rajkot | Compare & Hire - VenueConnect,"Hire top entertainers in Rajkot for weddings, birthdays & all events. Compare portfolios, pricing & reviews. Get direct leads via WhatsApp. Book on VenueConnect.",Top Entertainers in Rajkot,entertainers in Rajkot,"entertainers for wedding Rajkot, best entertainers Rajkot, affordable entertainers Rajkot, entertainers contact Rajkot",Transactional,High
Vendor + City,Groom Wear in Rajkot | VenueConnect,/rajkot/vendors/groom-wear/,Top Groom Wear in Rajkot | Compare & Hire - VenueConnect,"Hire top groom wear in Rajkot for weddings, birthdays & all events. Compare portfolios, pricing & reviews. Get direct leads via WhatsApp. Book on VenueConnect.",Top Groom Wear in Rajkot,groom wear in Rajkot,"groom wear for wedding Rajkot, best groom wear Rajkot, affordable groom wear Rajkot, groom wear contact Rajkot",Transactional,High
Vendor + City,Wedding Photographers in Rajkot | VenueConnect,/rajkot/vendors/wedding-photographers/,Top Wedding Photographers in Rajkot | Compare & Hire - VenueConnect,"Hire top wedding photographers in Rajkot for weddings, birthdays & all events. Compare portfolios, pricing & reviews. Get direct leads via WhatsApp. Book on VenueConnect.",Top Wedding Photographers in Rajkot,wedding photographers in Rajkot,"wedding photographers for wedding Rajkot, best wedding photographers Rajkot, affordable wedding photographers Rajkot, wedding photographers contact Rajkot",Transactional,High
  VENUE TYPE + CITY PAGES,,,,,,,,,
Page Type,Page Title,URL Slug,Meta Title,Meta Description,H1 Tag,Target Keyword,Secondary Keywords,Search Intent,Priority
Venue + City,Banquet Halls in Rajkot | VenueConnect,/rajkot/banquet-halls/,Best Banquet Halls in Rajkot | Compare Prices & Book - VenueConnect,"Find top banquet halls in Rajkot for any occasion. Compare capacity, pricing & amenities. 100+ verified listings. Get free quotes on VenueConnect Gujarat.",Best Banquet Halls in Rajkot,banquet halls in Rajkot,"banquet halls for rent Rajkot, banquet halls booking Rajkot, best banquet halls Rajkot, affordable banquet halls Rajkot",Transactional,High
Venue + City,Farmhouses in Rajkot | VenueConnect,/rajkot/farmhouses/,Best Farmhouses in Rajkot | Compare Prices & Book - VenueConnect,"Find top farmhouses in Rajkot for any occasion. Compare capacity, pricing & amenities. 100+ verified listings. Get free quotes on VenueConnect Gujarat.",Best Farmhouses in Rajkot,farmhouses in Rajkot,"farmhouses for rent Rajkot, farmhouses booking Rajkot, best farmhouses Rajkot, affordable farmhouses Rajkot",Transactional,High
Venue + City,Party Plots in Rajkot | VenueConnect,/rajkot/party-plots/,Best Party Plots in Rajkot | Compare Prices & Book - VenueConnect,"Find top party plots in Rajkot for any occasion. Compare capacity, pricing & amenities. 100+ verified listings. Get free quotes on VenueConnect Gujarat.",Best Party Plots in Rajkot,party plots in Rajkot,"party plots for rent Rajkot, party plots booking Rajkot, best party plots Rajkot, affordable party plots Rajkot",Transactional,High
Venue + City,Hotels in Rajkot | VenueConnect,/rajkot/hotels/,Best Hotels in Rajkot | Compare Prices & Book - VenueConnect,"Find top hotels in Rajkot for any occasion. Compare capacity, pricing & amenities. 100+ verified listings. Get free quotes on VenueConnect Gujarat.",Best Hotels in Rajkot,hotels in Rajkot,"hotels for rent Rajkot, hotels booking Rajkot, best hotels Rajkot, affordable hotels Rajkot",Transactional,High
Venue + City,Resorts in Rajkot | VenueConnect,/rajkot/resorts/,Best Resorts in Rajkot | Compare Prices & Book - VenueConnect,"Find top resorts in Rajkot for any occasion. Compare capacity, pricing & amenities. 100+ verified listings. Get free quotes on VenueConnect Gujarat.",Best Resorts in Rajkot,resorts in Rajkot,"resorts for rent Rajkot, resorts booking Rajkot, best resorts Rajkot, affordable resorts Rajkot",Transactional,High
Venue + City,Restaurants in Rajkot | VenueConnect,/rajkot/restaurants/,Best Restaurants in Rajkot | Compare Prices & Book - VenueConnect,"Find top restaurants in Rajkot for any occasion. Compare capacity, pricing & amenities. 100+ verified listings. Get free quotes on VenueConnect Gujarat.",Best Restaurants in Rajkot,restaurants in Rajkot,"restaurants for rent Rajkot, restaurants booking Rajkot, best restaurants Rajkot, affordable restaurants Rajkot",Transactional,High
Venue + City,Convention Centers in Rajkot | VenueConnect,/rajkot/convention-centers/,Best Convention Centers in Rajkot | Compare Prices & Book - VenueConnect,"Find top convention centers in Rajkot for any occasion. Compare capacity, pricing & amenities. 100+ verified listings. Get free quotes on VenueConnect Gujarat.",Best Convention Centers in Rajkot,convention centers in Rajkot,"convention centers for rent Rajkot, convention centers booking Rajkot, best convention centers Rajkot, affordable convention centers Rajkot",Transactional,High
Venue + City,Clubs in Rajkot | VenueConnect,/rajkot/clubs/,Best Clubs in Rajkot | Compare Prices & Book - VenueConnect,"Find top clubs in Rajkot for any occasion. Compare capacity, pricing & amenities. 100+ verified listings. Get free quotes on VenueConnect Gujarat.",Best Clubs in Rajkot,clubs in Rajkot,"clubs for rent Rajkot, clubs booking Rajkot, best clubs Rajkot, affordable clubs Rajkot",Transactional,High
Venue + City,Rooftop Venues in Rajkot | VenueConnect,/rajkot/rooftop-venues/,Best Rooftop Venues in Rajkot | Compare Prices & Book - VenueConnect,"Find top rooftop venues in Rajkot for any occasion. Compare capacity, pricing & amenities. 100+ verified listings. Get free quotes on VenueConnect Gujarat.",Best Rooftop Venues in Rajkot,rooftop venues in Rajkot,"rooftop venues for rent Rajkot, rooftop venues booking Rajkot, best rooftop venues Rajkot, affordable rooftop venues Rajkot",Transactional,High
Venue + City,Garden Venues in Rajkot | VenueConnect,/rajkot/garden-venues/,Best Garden Venues in Rajkot | Compare Prices & Book - VenueConnect,"Find top garden venues in Rajkot for any occasion. Compare capacity, pricing & amenities. 100+ verified listings. Get free quotes on VenueConnect Gujarat.",Best Garden Venues in Rajkot,garden venues in Rajkot,"garden venues for rent Rajkot, garden venues booking Rajkot, best garden venues Rajkot, affordable garden venues Rajkot",Transactional,High
Venue + City,Heritage Venues in Rajkot | VenueConnect,/rajkot/heritage-venues/,Best Heritage Venues in Rajkot | Compare Prices & Book - VenueConnect,"Find top heritage venues in Rajkot for any occasion. Compare capacity, pricing & amenities. 100+ verified listings. Get free quotes on VenueConnect Gujarat.",Best Heritage Venues in Rajkot,heritage venues in Rajkot,"heritage venues for rent Rajkot, heritage venues booking Rajkot, best heritage venues Rajkot, affordable heritage venues Rajkot",Transactional,High
Venue + City,Luxury Venues in Rajkot | VenueConnect,/rajkot/luxury-venues/,Best Luxury Venues in Rajkot | Compare Prices & Book - VenueConnect,"Find top luxury venues in Rajkot for any occasion. Compare capacity, pricing & amenities. 100+ verified listings. Get free quotes on VenueConnect Gujarat.",Best Luxury Venues in Rajkot,luxury venues in Rajkot,"luxury venues for rent Rajkot, luxury venues booking Rajkot, best luxury venues Rajkot, affordable luxury venues Rajkot",Transactional,High
  EVENT + CITY AREA PAGES (Hyper-local),,,,,,,,,
Page Type,Page Title,URL Slug,Meta Title,Meta Description,H1 Tag,Target Keyword,Secondary Keywords,Search Intent,Priority
Event + City Area,"Wedding Venues in Kalawad Road, Rajkot | VenueConnect",/rajkot/kalawad-road/wedding-venues/,"Best Wedding Venues in Kalawad Road, Rajkot | Book Near You - VenueConnect","Find the perfect wedding venue in Kalawad Road, Rajkot. Compare halls, farmhouses & party plots near Kalawad Road. Get instant leads & free quotes on VenueConnect.","Best Wedding Venues in Kalawad Road, Rajkot",wedding venues in Kalawad Road Rajkot,"wedding venue Kalawad Road, wedding hall near Kalawad Road Rajkot, wedding venue near Kalawad Road",Transactional (Hyper-local),High
Event + City Area,"Birthday Party Venues in Kalawad Road, Rajkot | VenueConnect",/rajkot/kalawad-road/birthday-party-venues/,"Best Birthday Party Venues in Kalawad Road, Rajkot | Book Near You - VenueConnect","Find the perfect birthday party venue in Kalawad Road, Rajkot. Compare halls, farmhouses & party plots near Kalawad Road. Get instant leads & free quotes on VenueConnect.","Best Birthday Party Venues in Kalawad Road, Rajkot",birthday party venues in Kalawad Road Rajkot,"birthday party venue Kalawad Road, birthday party hall near Kalawad Road Rajkot, birthday party venue near Kalawad Road",Transactional (Hyper-local),High
Event + City Area,"Engagement Venues in Kalawad Road, Rajkot | VenueConnect",/rajkot/kalawad-road/engagement-venues/,"Best Engagement Venues in Kalawad Road, Rajkot | Book Near You - VenueConnect","Find the perfect engagement venue in Kalawad Road, Rajkot. Compare halls, farmhouses & party plots near Kalawad Road. Get instant leads & free quotes on VenueConnect.","Best Engagement Venues in Kalawad Road, Rajkot",engagement venues in Kalawad Road Rajkot,"engagement venue Kalawad Road, engagement hall near Kalawad Road Rajkot, engagement venue near Kalawad Road",Transactional (Hyper-local),High
Event + City Area,"Corporate Event Venues in Kalawad Road, Rajkot | VenueConnect",/rajkot/kalawad-road/corporate-event-venues/,"Best Corporate Event Venues in Kalawad Road, Rajkot | Book Near You - VenueConnect","Find the perfect corporate event venue in Kalawad Road, Rajkot. Compare halls, farmhouses & party plots near Kalawad Road. Get instant leads & free quotes on VenueConnect.","Best Corporate Event Venues in Kalawad Road, Rajkot",corporate event venues in Kalawad Road Rajkot,"corporate event venue Kalawad Road, corporate event hall near Kalawad Road Rajkot, corporate event venue near Kalawad Road",Transactional (Hyper-local),High
Event + City Area,"Reception Venues in Kalawad Road, Rajkot | VenueConnect",/rajkot/kalawad-road/reception-venues/,"Best Reception Venues in Kalawad Road, Rajkot | Book Near You - VenueConnect","Find the perfect reception venue in Kalawad Road, Rajkot. Compare halls, farmhouses & party plots near Kalawad Road. Get instant leads & free quotes on VenueConnect.","Best Reception Venues in Kalawad Road, Rajkot",reception venues in Kalawad Road Rajkot,"reception venue Kalawad Road, reception hall near Kalawad Road Rajkot, reception venue near Kalawad Road",Transactional (Hyper-local),High
Event + City Area,"Wedding Venues in University Road, Rajkot | VenueConnect",/rajkot/university-road/wedding-venues/,"Best Wedding Venues in University Road, Rajkot | Book Near You - VenueConnect","Find the perfect wedding venue in University Road, Rajkot. Compare halls, farmhouses & party plots near University Road. Get instant leads & free quotes on VenueConnect.","Best Wedding Venues in University Road, Rajkot",wedding venues in University Road Rajkot,"wedding venue University Road, wedding hall near University Road Rajkot, wedding venue near University Road",Transactional (Hyper-local),High
Event + City Area,"Birthday Party Venues in University Road, Rajkot | VenueConnect",/rajkot/university-road/birthday-party-venues/,"Best Birthday Party Venues in University Road, Rajkot | Book Near You - VenueConnect","Find the perfect birthday party venue in University Road, Rajkot. Compare halls, farmhouses & party plots near University Road. Get instant leads & free quotes on VenueConnect.","Best Birthday Party Venues in University Road, Rajkot",birthday party venues in University Road Rajkot,"birthday party venue University Road, birthday party hall near University Road Rajkot, birthday party venue near University Road",Transactional (Hyper-local),High
Event + City Area,"Engagement Venues in University Road, Rajkot | VenueConnect",/rajkot/university-road/engagement-venues/,"Best Engagement Venues in University Road, Rajkot | Book Near You - VenueConnect","Find the perfect engagement venue in University Road, Rajkot. Compare halls, farmhouses & party plots near University Road. Get instant leads & free quotes on VenueConnect.","Best Engagement Venues in University Road, Rajkot",engagement venues in University Road Rajkot,"engagement venue University Road, engagement hall near University Road Rajkot, engagement venue near University Road",Transactional (Hyper-local),High
Event + City Area,"Corporate Event Venues in University Road, Rajkot | VenueConnect",/rajkot/university-road/corporate-event-venues/,"Best Corporate Event Venues in University Road, Rajkot | Book Near You - VenueConnect","Find the perfect corporate event venue in University Road, Rajkot. Compare halls, farmhouses & party plots near University Road. Get instant leads & free quotes on VenueConnect.","Best Corporate Event Venues in University Road, Rajkot",corporate event venues in University Road Rajkot,"corporate event venue University Road, corporate event hall near University Road Rajkot, corporate event venue near University Road",Transactional (Hyper-local),High
Event + City Area,"Reception Venues in University Road, Rajkot | VenueConnect",/rajkot/university-road/reception-venues/,"Best Reception Venues in University Road, Rajkot | Book Near You - VenueConnect","Find the perfect reception venue in University Road, Rajkot. Compare halls, farmhouses & party plots near University Road. Get instant leads & free quotes on VenueConnect.","Best Reception Venues in University Road, Rajkot",reception venues in University Road Rajkot,"reception venue University Road, reception hall near University Road Rajkot, reception venue near University Road",Transactional (Hyper-local),High
Event + City Area,"Wedding Venues in Raiya Road, Rajkot | VenueConnect",/rajkot/raiya-road/wedding-venues/,"Best Wedding Venues in Raiya Road, Rajkot | Book Near You - VenueConnect","Find the perfect wedding venue in Raiya Road, Rajkot. Compare halls, farmhouses & party plots near Raiya Road. Get instant leads & free quotes on VenueConnect.","Best Wedding Venues in Raiya Road, Rajkot",wedding venues in Raiya Road Rajkot,"wedding venue Raiya Road, wedding hall near Raiya Road Rajkot, wedding venue near Raiya Road",Transactional (Hyper-local),High
Event + City Area,"Birthday Party Venues in Raiya Road, Rajkot | VenueConnect",/rajkot/raiya-road/birthday-party-venues/,"Best Birthday Party Venues in Raiya Road, Rajkot | Book Near You - VenueConnect","Find the perfect birthday party venue in Raiya Road, Rajkot. Compare halls, farmhouses & party plots near Raiya Road. Get instant leads & free quotes on VenueConnect.","Best Birthday Party Venues in Raiya Road, Rajkot",birthday party venues in Raiya Road Rajkot,"birthday party venue Raiya Road, birthday party hall near Raiya Road Rajkot, birthday party venue near Raiya Road",Transactional (Hyper-local),High
Event + City Area,"Engagement Venues in Raiya Road, Rajkot | VenueConnect",/rajkot/raiya-road/engagement-venues/,"Best Engagement Venues in Raiya Road, Rajkot | Book Near You - VenueConnect","Find the perfect engagement venue in Raiya Road, Rajkot. Compare halls, farmhouses & party plots near Raiya Road. Get instant leads & free quotes on VenueConnect.","Best Engagement Venues in Raiya Road, Rajkot",engagement venues in Raiya Road Rajkot,"engagement venue Raiya Road, engagement hall near Raiya Road Rajkot, engagement venue near Raiya Road",Transactional (Hyper-local),High
Event + City Area,"Corporate Event Venues in Raiya Road, Rajkot | VenueConnect",/rajkot/raiya-road/corporate-event-venues/,"Best Corporate Event Venues in Raiya Road, Rajkot | Book Near You - VenueConnect","Find the perfect corporate event venue in Raiya Road, Rajkot. Compare halls, farmhouses & party plots near Raiya Road. Get instant leads & free quotes on VenueConnect.","Best Corporate Event Venues in Raiya Road, Rajkot",corporate event venues in Raiya Road Rajkot,"corporate event venue Raiya Road, corporate event hall near Raiya Road Rajkot, corporate event venue near Raiya Road",Transactional (Hyper-local),High
Event + City Area,"Reception Venues in Raiya Road, Rajkot | VenueConnect",/rajkot/raiya-road/reception-venues/,"Best Reception Venues in Raiya Road, Rajkot | Book Near You - VenueConnect","Find the perfect reception venue in Raiya Road, Rajkot. Compare halls, farmhouses & party plots near Raiya Road. Get instant leads & free quotes on VenueConnect.","Best Reception Venues in Raiya Road, Rajkot",reception venues in Raiya Road Rajkot,"reception venue Raiya Road, reception hall near Raiya Road Rajkot, reception venue near Raiya Road",Transactional (Hyper-local),High
Event + City Area,"Wedding Venues in 150 Feet Ring Road, Rajkot | VenueConnect",/rajkot/150-feet-ring-road/wedding-venues/,"Best Wedding Venues in 150 Feet Ring Road, Rajkot | Book Near You - VenueConnect","Find the perfect wedding venue in 150 Feet Ring Road, Rajkot. Compare halls, farmhouses & party plots near 150 Feet Ring Road. Get instant leads & free quotes on VenueConnect.","Best Wedding Venues in 150 Feet Ring Road, Rajkot",wedding venues in 150 Feet Ring Road Rajkot,"wedding venue 150 Feet Ring Road, wedding hall near 150 Feet Ring Road Rajkot, wedding venue near 150 Feet Ring Road",Transactional (Hyper-local),High
Event + City Area,"Birthday Party Venues in 150 Feet Ring Road, Rajkot | VenueConnect",/rajkot/150-feet-ring-road/birthday-party-venues/,"Best Birthday Party Venues in 150 Feet Ring Road, Rajkot | Book Near You - VenueConnect","Find the perfect birthday party venue in 150 Feet Ring Road, Rajkot. Compare halls, farmhouses & party plots near 150 Feet Ring Road. Get instant leads & free quotes on VenueConnect.","Best Birthday Party Venues in 150 Feet Ring Road, Rajkot",birthday party venues in 150 Feet Ring Road Rajkot,"birthday party venue 150 Feet Ring Road, birthday party hall near 150 Feet Ring Road Rajkot, birthday party venue near 150 Feet Ring Road",Transactional (Hyper-local),High
Event + City Area,"Engagement Venues in 150 Feet Ring Road, Rajkot | VenueConnect",/rajkot/150-feet-ring-road/engagement-venues/,"Best Engagement Venues in 150 Feet Ring Road, Rajkot | Book Near You - VenueConnect","Find the perfect engagement venue in 150 Feet Ring Road, Rajkot. Compare halls, farmhouses & party plots near 150 Feet Ring Road. Get instant leads & free quotes on VenueConnect.","Best Engagement Venues in 150 Feet Ring Road, Rajkot",engagement venues in 150 Feet Ring Road Rajkot,"engagement venue 150 Feet Ring Road, engagement hall near 150 Feet Ring Road Rajkot, engagement venue near 150 Feet Ring Road",Transactional (Hyper-local),High
Event + City Area,"Corporate Event Venues in 150 Feet Ring Road, Rajkot | VenueConnect",/rajkot/150-feet-ring-road/corporate-event-venues/,"Best Corporate Event Venues in 150 Feet Ring Road, Rajkot | Book Near You - VenueConnect","Find the perfect corporate event venue in 150 Feet Ring Road, Rajkot. Compare halls, farmhouses & party plots near 150 Feet Ring Road. Get instant leads & free quotes on VenueConnect.","Best Corporate Event Venues in 150 Feet Ring Road, Rajkot",corporate event venues in 150 Feet Ring Road Rajkot,"corporate event venue 150 Feet Ring Road, corporate event hall near 150 Feet Ring Road Rajkot, corporate event venue near 150 Feet Ring Road",Transactional (Hyper-local),High
Event + City Area,"Reception Venues in 150 Feet Ring Road, Rajkot | VenueConnect",/rajkot/150-feet-ring-road/reception-venues/,"Best Reception Venues in 150 Feet Ring Road, Rajkot | Book Near You - VenueConnect","Find the perfect reception venue in 150 Feet Ring Road, Rajkot. Compare halls, farmhouses & party plots near 150 Feet Ring Road. Get instant leads & free quotes on VenueConnect.","Best Reception Venues in 150 Feet Ring Road, Rajkot",reception venues in 150 Feet Ring Road Rajkot,"reception venue 150 Feet Ring Road, reception hall near 150 Feet Ring Road Rajkot, reception venue near 150 Feet Ring Road",Transactional (Hyper-local),High
Event + City Area,"Wedding Venues in Mavdi, Rajkot | VenueConnect",/rajkot/mavdi/wedding-venues/,"Best Wedding Venues in Mavdi, Rajkot | Book Near You - VenueConnect","Find the perfect wedding venue in Mavdi, Rajkot. Compare halls, farmhouses & party plots near Mavdi. Get instant leads & free quotes on VenueConnect.","Best Wedding Venues in Mavdi, Rajkot",wedding venues in Mavdi Rajkot,"wedding venue Mavdi, wedding hall near Mavdi Rajkot, wedding venue near Mavdi",Transactional (Hyper-local),High
Event + City Area,"Birthday Party Venues in Mavdi, Rajkot | VenueConnect",/rajkot/mavdi/birthday-party-venues/,"Best Birthday Party Venues in Mavdi, Rajkot | Book Near You - VenueConnect","Find the perfect birthday party venue in Mavdi, Rajkot. Compare halls, farmhouses & party plots near Mavdi. Get instant leads & free quotes on VenueConnect.","Best Birthday Party Venues in Mavdi, Rajkot",birthday party venues in Mavdi Rajkot,"birthday party venue Mavdi, birthday party hall near Mavdi Rajkot, birthday party venue near Mavdi",Transactional (Hyper-local),High
Event + City Area,"Engagement Venues in Mavdi, Rajkot | VenueConnect",/rajkot/mavdi/engagement-venues/,"Best Engagement Venues in Mavdi, Rajkot | Book Near You - VenueConnect","Find the perfect engagement venue in Mavdi, Rajkot. Compare halls, farmhouses & party plots near Mavdi. Get instant leads & free quotes on VenueConnect.","Best Engagement Venues in Mavdi, Rajkot",engagement venues in Mavdi Rajkot,"engagement venue Mavdi, engagement hall near Mavdi Rajkot, engagement venue near Mavdi",Transactional (Hyper-local),High
Event + City Area,"Corporate Event Venues in Mavdi, Rajkot | VenueConnect",/rajkot/mavdi/corporate-event-venues/,"Best Corporate Event Venues in Mavdi, Rajkot | Book Near You - VenueConnect","Find the perfect corporate event venue in Mavdi, Rajkot. Compare halls, farmhouses & party plots near Mavdi. Get instant leads & free quotes on VenueConnect.","Best Corporate Event Venues in Mavdi, Rajkot",corporate event venues in Mavdi Rajkot,"corporate event venue Mavdi, corporate event hall near Mavdi Rajkot, corporate event venue near Mavdi",Transactional (Hyper-local),High
Event + City Area,"Reception Venues in Mavdi, Rajkot | VenueConnect",/rajkot/mavdi/reception-venues/,"Best Reception Venues in Mavdi, Rajkot | Book Near You - VenueConnect","Find the perfect reception venue in Mavdi, Rajkot. Compare halls, farmhouses & party plots near Mavdi. Get instant leads & free quotes on VenueConnect.","Best Reception Venues in Mavdi, Rajkot",reception venues in Mavdi Rajkot,"reception venue Mavdi, reception hall near Mavdi Rajkot, reception venue near Mavdi",Transactional (Hyper-local),High
Event + City Area,"Wedding Venues in Kotecha Chowk, Rajkot | VenueConnect",/rajkot/kotecha-chowk/wedding-venues/,"Best Wedding Venues in Kotecha Chowk, Rajkot | Book Near You - VenueConnect","Find the perfect wedding venue in Kotecha Chowk, Rajkot. Compare halls, farmhouses & party plots near Kotecha Chowk. Get instant leads & free quotes on VenueConnect.","Best Wedding Venues in Kotecha Chowk, Rajkot",wedding venues in Kotecha Chowk Rajkot,"wedding venue Kotecha Chowk, wedding hall near Kotecha Chowk Rajkot, wedding venue near Kotecha Chowk",Transactional (Hyper-local),High
Event + City Area,"Birthday Party Venues in Kotecha Chowk, Rajkot | VenueConnect",/rajkot/kotecha-chowk/birthday-party-venues/,"Best Birthday Party Venues in Kotecha Chowk, Rajkot | Book Near You - VenueConnect","Find the perfect birthday party venue in Kotecha Chowk, Rajkot. Compare halls, farmhouses & party plots near Kotecha Chowk. Get instant leads & free quotes on VenueConnect.","Best Birthday Party Venues in Kotecha Chowk, Rajkot",birthday party venues in Kotecha Chowk Rajkot,"birthday party venue Kotecha Chowk, birthday party hall near Kotecha Chowk Rajkot, birthday party venue near Kotecha Chowk",Transactional (Hyper-local),High
Event + City Area,"Engagement Venues in Kotecha Chowk, Rajkot | VenueConnect",/rajkot/kotecha-chowk/engagement-venues/,"Best Engagement Venues in Kotecha Chowk, Rajkot | Book Near You - VenueConnect","Find the perfect engagement venue in Kotecha Chowk, Rajkot. Compare halls, farmhouses & party plots near Kotecha Chowk. Get instant leads & free quotes on VenueConnect.","Best Engagement Venues in Kotecha Chowk, Rajkot",engagement venues in Kotecha Chowk Rajkot,"engagement venue Kotecha Chowk, engagement hall near Kotecha Chowk Rajkot, engagement venue near Kotecha Chowk",Transactional (Hyper-local),High
Event + City Area,"Corporate Event Venues in Kotecha Chowk, Rajkot | VenueConnect",/rajkot/kotecha-chowk/corporate-event-venues/,"Best Corporate Event Venues in Kotecha Chowk, Rajkot | Book Near You - VenueConnect","Find the perfect corporate event venue in Kotecha Chowk, Rajkot. Compare halls, farmhouses & party plots near Kotecha Chowk. Get instant leads & free quotes on VenueConnect.","Best Corporate Event Venues in Kotecha Chowk, Rajkot",corporate event venues in Kotecha Chowk Rajkot,"corporate event venue Kotecha Chowk, corporate event hall near Kotecha Chowk Rajkot, corporate event venue near Kotecha Chowk",Transactional (Hyper-local),High
Event + City Area,"Reception Venues in Kotecha Chowk, Rajkot | VenueConnect",/rajkot/kotecha-chowk/reception-venues/,"Best Reception Venues in Kotecha Chowk, Rajkot | Book Near You - VenueConnect","Find the perfect reception venue in Kotecha Chowk, Rajkot. Compare halls, farmhouses & party plots near Kotecha Chowk. Get instant leads & free quotes on VenueConnect.","Best Reception Venues in Kotecha Chowk, Rajkot",reception venues in Kotecha Chowk Rajkot,"reception venue Kotecha Chowk, reception hall near Kotecha Chowk Rajkot, reception venue near Kotecha Chowk",Transactional (Hyper-local),High
Event + City Area,"Wedding Venues in Yagnik Road, Rajkot | VenueConnect",/rajkot/yagnik-road/wedding-venues/,"Best Wedding Venues in Yagnik Road, Rajkot | Book Near You - VenueConnect","Find the perfect wedding venue in Yagnik Road, Rajkot. Compare halls, farmhouses & party plots near Yagnik Road. Get instant leads & free quotes on VenueConnect.","Best Wedding Venues in Yagnik Road, Rajkot",wedding venues in Yagnik Road Rajkot,"wedding venue Yagnik Road, wedding hall near Yagnik Road Rajkot, wedding venue near Yagnik Road",Transactional (Hyper-local),High
Event + City Area,"Birthday Party Venues in Yagnik Road, Rajkot | VenueConnect",/rajkot/yagnik-road/birthday-party-venues/,"Best Birthday Party Venues in Yagnik Road, Rajkot | Book Near You - VenueConnect","Find the perfect birthday party venue in Yagnik Road, Rajkot. Compare halls, farmhouses & party plots near Yagnik Road. Get instant leads & free quotes on VenueConnect.","Best Birthday Party Venues in Yagnik Road, Rajkot",birthday party venues in Yagnik Road Rajkot,"birthday party venue Yagnik Road, birthday party hall near Yagnik Road Rajkot, birthday party venue near Yagnik Road",Transactional (Hyper-local),High
Event + City Area,"Engagement Venues in Yagnik Road, Rajkot | VenueConnect",/rajkot/yagnik-road/engagement-venues/,"Best Engagement Venues in Yagnik Road, Rajkot | Book Near You - VenueConnect","Find the perfect engagement venue in Yagnik Road, Rajkot. Compare halls, farmhouses & party plots near Yagnik Road. Get instant leads & free quotes on VenueConnect.","Best Engagement Venues in Yagnik Road, Rajkot",engagement venues in Yagnik Road Rajkot,"engagement venue Yagnik Road, engagement hall near Yagnik Road Rajkot, engagement venue near Yagnik Road",Transactional (Hyper-local),High
Event + City Area,"Corporate Event Venues in Yagnik Road, Rajkot | VenueConnect",/rajkot/yagnik-road/corporate-event-venues/,"Best Corporate Event Venues in Yagnik Road, Rajkot | Book Near You - VenueConnect","Find the perfect corporate event venue in Yagnik Road, Rajkot. Compare halls, farmhouses & party plots near Yagnik Road. Get instant leads & free quotes on VenueConnect.","Best Corporate Event Venues in Yagnik Road, Rajkot",corporate event venues in Yagnik Road Rajkot,"corporate event venue Yagnik Road, corporate event hall near Yagnik Road Rajkot, corporate event venue near Yagnik Road",Transactional (Hyper-local),High
Event + City Area,"Reception Venues in Yagnik Road, Rajkot | VenueConnect",/rajkot/yagnik-road/reception-venues/,"Best Reception Venues in Yagnik Road, Rajkot | Book Near You - VenueConnect","Find the perfect reception venue in Yagnik Road, Rajkot. Compare halls, farmhouses & party plots near Yagnik Road. Get instant leads & free quotes on VenueConnect.","Best Reception Venues in Yagnik Road, Rajkot",reception venues in Yagnik Road Rajkot,"reception venue Yagnik Road, reception hall near Yagnik Road Rajkot, reception venue near Yagnik Road",Transactional (Hyper-local),High
Event + City Area,"Wedding Venues in Jamnagar Road, Rajkot | VenueConnect",/rajkot/jamnagar-road/wedding-venues/,"Best Wedding Venues in Jamnagar Road, Rajkot | Book Near You - VenueConnect","Find the perfect wedding venue in Jamnagar Road, Rajkot. Compare halls, farmhouses & party plots near Jamnagar Road. Get instant leads & free quotes on VenueConnect.","Best Wedding Venues in Jamnagar Road, Rajkot",wedding venues in Jamnagar Road Rajkot,"wedding venue Jamnagar Road, wedding hall near Jamnagar Road Rajkot, wedding venue near Jamnagar Road",Transactional (Hyper-local),High
Event + City Area,"Birthday Party Venues in Jamnagar Road, Rajkot | VenueConnect",/rajkot/jamnagar-road/birthday-party-venues/,"Best Birthday Party Venues in Jamnagar Road, Rajkot | Book Near You - VenueConnect","Find the perfect birthday party venue in Jamnagar Road, Rajkot. Compare halls, farmhouses & party plots near Jamnagar Road. Get instant leads & free quotes on VenueConnect.","Best Birthday Party Venues in Jamnagar Road, Rajkot",birthday party venues in Jamnagar Road Rajkot,"birthday party venue Jamnagar Road, birthday party hall near Jamnagar Road Rajkot, birthday party venue near Jamnagar Road",Transactional (Hyper-local),High
Event + City Area,"Engagement Venues in Jamnagar Road, Rajkot | VenueConnect",/rajkot/jamnagar-road/engagement-venues/,"Best Engagement Venues in Jamnagar Road, Rajkot | Book Near You - VenueConnect","Find the perfect engagement venue in Jamnagar Road, Rajkot. Compare halls, farmhouses & party plots near Jamnagar Road. Get instant leads & free quotes on VenueConnect.","Best Engagement Venues in Jamnagar Road, Rajkot",engagement venues in Jamnagar Road Rajkot,"engagement venue Jamnagar Road, engagement hall near Jamnagar Road Rajkot, engagement venue near Jamnagar Road",Transactional (Hyper-local),High
Event + City Area,"Corporate Event Venues in Jamnagar Road, Rajkot | VenueConnect",/rajkot/jamnagar-road/corporate-event-venues/,"Best Corporate Event Venues in Jamnagar Road, Rajkot | Book Near You - VenueConnect","Find the perfect corporate event venue in Jamnagar Road, Rajkot. Compare halls, farmhouses & party plots near Jamnagar Road. Get instant leads & free quotes on VenueConnect.","Best Corporate Event Venues in Jamnagar Road, Rajkot",corporate event venues in Jamnagar Road Rajkot,"corporate event venue Jamnagar Road, corporate event hall near Jamnagar Road Rajkot, corporate event venue near Jamnagar Road",Transactional (Hyper-local),High
Event + City Area,"Reception Venues in Jamnagar Road, Rajkot | VenueConnect",/rajkot/jamnagar-road/reception-venues/,"Best Reception Venues in Jamnagar Road, Rajkot | Book Near You - VenueConnect","Find the perfect reception venue in Jamnagar Road, Rajkot. Compare halls, farmhouses & party plots near Jamnagar Road. Get instant leads & free quotes on VenueConnect.","Best Reception Venues in Jamnagar Road, Rajkot",reception venues in Jamnagar Road Rajkot,"reception venue Jamnagar Road, reception hall near Jamnagar Road Rajkot, reception venue near Jamnagar Road",Transactional (Hyper-local),High
Event + City Area,"Wedding Venues in Gondal Road, Rajkot | VenueConnect",/rajkot/gondal-road/wedding-venues/,"Best Wedding Venues in Gondal Road, Rajkot | Book Near You - VenueConnect","Find the perfect wedding venue in Gondal Road, Rajkot. Compare halls, farmhouses & party plots near Gondal Road. Get instant leads & free quotes on VenueConnect.","Best Wedding Venues in Gondal Road, Rajkot",wedding venues in Gondal Road Rajkot,"wedding venue Gondal Road, wedding hall near Gondal Road Rajkot, wedding venue near Gondal Road",Transactional (Hyper-local),High
Event + City Area,"Birthday Party Venues in Gondal Road, Rajkot | VenueConnect",/rajkot/gondal-road/birthday-party-venues/,"Best Birthday Party Venues in Gondal Road, Rajkot | Book Near You - VenueConnect","Find the perfect birthday party venue in Gondal Road, Rajkot. Compare halls, farmhouses & party plots near Gondal Road. Get instant leads & free quotes on VenueConnect.","Best Birthday Party Venues in Gondal Road, Rajkot",birthday party venues in Gondal Road Rajkot,"birthday party venue Gondal Road, birthday party hall near Gondal Road Rajkot, birthday party venue near Gondal Road",Transactional (Hyper-local),High
Event + City Area,"Engagement Venues in Gondal Road, Rajkot | VenueConnect",/rajkot/gondal-road/engagement-venues/,"Best Engagement Venues in Gondal Road, Rajkot | Book Near You - VenueConnect","Find the perfect engagement venue in Gondal Road, Rajkot. Compare halls, farmhouses & party plots near Gondal Road. Get instant leads & free quotes on VenueConnect.","Best Engagement Venues in Gondal Road, Rajkot",engagement venues in Gondal Road Rajkot,"engagement venue Gondal Road, engagement hall near Gondal Road Rajkot, engagement venue near Gondal Road",Transactional (Hyper-local),High
Event + City Area,"Corporate Event Venues in Gondal Road, Rajkot | VenueConnect",/rajkot/gondal-road/corporate-event-venues/,"Best Corporate Event Venues in Gondal Road, Rajkot | Book Near You - VenueConnect","Find the perfect corporate event venue in Gondal Road, Rajkot. Compare halls, farmhouses & party plots near Gondal Road. Get instant leads & free quotes on VenueConnect.","Best Corporate Event Venues in Gondal Road, Rajkot",corporate event venues in Gondal Road Rajkot,"corporate event venue Gondal Road, corporate event hall near Gondal Road Rajkot, corporate event venue near Gondal Road",Transactional (Hyper-local),High
Event + City Area,"Reception Venues in Gondal Road, Rajkot | VenueConnect",/rajkot/gondal-road/reception-venues/,"Best Reception Venues in Gondal Road, Rajkot | Book Near You - VenueConnect","Find the perfect reception venue in Gondal Road, Rajkot. Compare halls, farmhouses & party plots near Gondal Road. Get instant leads & free quotes on VenueConnect.","Best Reception Venues in Gondal Road, Rajkot",reception venues in Gondal Road Rajkot,"reception venue Gondal Road, reception hall near Gondal Road Rajkot, reception venue near Gondal Road",Transactional (Hyper-local),High
Event + City Area,"Wedding Venues in Bhaktinagar, Rajkot | VenueConnect",/rajkot/bhaktinagar/wedding-venues/,"Best Wedding Venues in Bhaktinagar, Rajkot | Book Near You - VenueConnect","Find the perfect wedding venue in Bhaktinagar, Rajkot. Compare halls, farmhouses & party plots near Bhaktinagar. Get instant leads & free quotes on VenueConnect.","Best Wedding Venues in Bhaktinagar, Rajkot",wedding venues in Bhaktinagar Rajkot,"wedding venue Bhaktinagar, wedding hall near Bhaktinagar Rajkot, wedding venue near Bhaktinagar",Transactional (Hyper-local),High
Event + City Area,"Birthday Party Venues in Bhaktinagar, Rajkot | VenueConnect",/rajkot/bhaktinagar/birthday-party-venues/,"Best Birthday Party Venues in Bhaktinagar, Rajkot | Book Near You - VenueConnect","Find the perfect birthday party venue in Bhaktinagar, Rajkot. Compare halls, farmhouses & party plots near Bhaktinagar. Get instant leads & free quotes on VenueConnect.","Best Birthday Party Venues in Bhaktinagar, Rajkot",birthday party venues in Bhaktinagar Rajkot,"birthday party venue Bhaktinagar, birthday party hall near Bhaktinagar Rajkot, birthday party venue near Bhaktinagar",Transactional (Hyper-local),High
Event + City Area,"Engagement Venues in Bhaktinagar, Rajkot | VenueConnect",/rajkot/bhaktinagar/engagement-venues/,"Best Engagement Venues in Bhaktinagar, Rajkot | Book Near You - VenueConnect","Find the perfect engagement venue in Bhaktinagar, Rajkot. Compare halls, farmhouses & party plots near Bhaktinagar. Get instant leads & free quotes on VenueConnect.","Best Engagement Venues in Bhaktinagar, Rajkot",engagement venues in Bhaktinagar Rajkot,"engagement venue Bhaktinagar, engagement hall near Bhaktinagar Rajkot, engagement venue near Bhaktinagar",Transactional (Hyper-local),High
Event + City Area,"Corporate Event Venues in Bhaktinagar, Rajkot | VenueConnect",/rajkot/bhaktinagar/corporate-event-venues/,"Best Corporate Event Venues in Bhaktinagar, Rajkot | Book Near You - VenueConnect","Find the perfect corporate event venue in Bhaktinagar, Rajkot. Compare halls, farmhouses & party plots near Bhaktinagar. Get instant leads & free quotes on VenueConnect.","Best Corporate Event Venues in Bhaktinagar, Rajkot",corporate event venues in Bhaktinagar Rajkot,"corporate event venue Bhaktinagar, corporate event hall near Bhaktinagar Rajkot, corporate event venue near Bhaktinagar",Transactional (Hyper-local),High
Event + City Area,"Reception Venues in Bhaktinagar, Rajkot | VenueConnect",/rajkot/bhaktinagar/reception-venues/,"Best Reception Venues in Bhaktinagar, Rajkot | Book Near You - VenueConnect","Find the perfect reception venue in Bhaktinagar, Rajkot. Compare halls, farmhouses & party plots near Bhaktinagar. Get instant leads & free quotes on VenueConnect.","Best Reception Venues in Bhaktinagar, Rajkot",reception venues in Bhaktinagar Rajkot,"reception venue Bhaktinagar, reception hall near Bhaktinagar Rajkot, reception venue near Bhaktinagar",Transactional (Hyper-local),High
Event + City Area,"Wedding Venues in Kalavad Road, Rajkot | VenueConnect",/rajkot/kalavad-road/wedding-venues/,"Best Wedding Venues in Kalavad Road, Rajkot | Book Near You - VenueConnect","Find the perfect wedding venue in Kalavad Road, Rajkot. Compare halls, farmhouses & party plots near Kalavad Road. Get instant leads & free quotes on VenueConnect.","Best Wedding Venues in Kalavad Road, Rajkot",wedding venues in Kalavad Road Rajkot,"wedding venue Kalavad Road, wedding hall near Kalavad Road Rajkot, wedding venue near Kalavad Road",Transactional (Hyper-local),High
Event + City Area,"Birthday Party Venues in Kalavad Road, Rajkot | VenueConnect",/rajkot/kalavad-road/birthday-party-venues/,"Best Birthday Party Venues in Kalavad Road, Rajkot | Book Near You - VenueConnect","Find the perfect birthday party venue in Kalavad Road, Rajkot. Compare halls, farmhouses & party plots near Kalavad Road. Get instant leads & free quotes on VenueConnect.","Best Birthday Party Venues in Kalavad Road, Rajkot",birthday party venues in Kalavad Road Rajkot,"birthday party venue Kalavad Road, birthday party hall near Kalavad Road Rajkot, birthday party venue near Kalavad Road",Transactional (Hyper-local),High
Event + City Area,"Engagement Venues in Kalavad Road, Rajkot | VenueConnect",/rajkot/kalavad-road/engagement-venues/,"Best Engagement Venues in Kalavad Road, Rajkot | Book Near You - VenueConnect","Find the perfect engagement venue in Kalavad Road, Rajkot. Compare halls, farmhouses & party plots near Kalavad Road. Get instant leads & free quotes on VenueConnect.","Best Engagement Venues in Kalavad Road, Rajkot",engagement venues in Kalavad Road Rajkot,"engagement venue Kalavad Road, engagement hall near Kalavad Road Rajkot, engagement venue near Kalavad Road",Transactional (Hyper-local),High
Event + City Area,"Corporate Event Venues in Kalavad Road, Rajkot | VenueConnect",/rajkot/kalavad-road/corporate-event-venues/,"Best Corporate Event Venues in Kalavad Road, Rajkot | Book Near You - VenueConnect","Find the perfect corporate event venue in Kalavad Road, Rajkot. Compare halls, farmhouses & party plots near Kalavad Road. Get instant leads & free quotes on VenueConnect.","Best Corporate Event Venues in Kalavad Road, Rajkot",corporate event venues in Kalavad Road Rajkot,"corporate event venue Kalavad Road, corporate event hall near Kalavad Road Rajkot, corporate event venue near Kalavad Road",Transactional (Hyper-local),High
Event + City Area,"Reception Venues in Kalavad Road, Rajkot | VenueConnect",/rajkot/kalavad-road/reception-venues/,"Best Reception Venues in Kalavad Road, Rajkot | Book Near You - VenueConnect","Find the perfect reception venue in Kalavad Road, Rajkot. Compare halls, farmhouses & party plots near Kalavad Road. Get instant leads & free quotes on VenueConnect.","Best Reception Venues in Kalavad Road, Rajkot",reception venues in Kalavad Road Rajkot,"reception venue Kalavad Road, reception hall near Kalavad Road Rajkot, reception venue near Kalavad Road",Transactional (Hyper-local),High
Event + City Area,"Wedding Venues in Pedak Road, Rajkot | VenueConnect",/rajkot/pedak-road/wedding-venues/,"Best Wedding Venues in Pedak Road, Rajkot | Book Near You - VenueConnect","Find the perfect wedding venue in Pedak Road, Rajkot. Compare halls, farmhouses & party plots near Pedak Road. Get instant leads & free quotes on VenueConnect.","Best Wedding Venues in Pedak Road, Rajkot",wedding venues in Pedak Road Rajkot,"wedding venue Pedak Road, wedding hall near Pedak Road Rajkot, wedding venue near Pedak Road",Transactional (Hyper-local),High
Event + City Area,"Birthday Party Venues in Pedak Road, Rajkot | VenueConnect",/rajkot/pedak-road/birthday-party-venues/,"Best Birthday Party Venues in Pedak Road, Rajkot | Book Near You - VenueConnect","Find the perfect birthday party venue in Pedak Road, Rajkot. Compare halls, farmhouses & party plots near Pedak Road. Get instant leads & free quotes on VenueConnect.","Best Birthday Party Venues in Pedak Road, Rajkot",birthday party venues in Pedak Road Rajkot,"birthday party venue Pedak Road, birthday party hall near Pedak Road Rajkot, birthday party venue near Pedak Road",Transactional (Hyper-local),High
Event + City Area,"Engagement Venues in Pedak Road, Rajkot | VenueConnect",/rajkot/pedak-road/engagement-venues/,"Best Engagement Venues in Pedak Road, Rajkot | Book Near You - VenueConnect","Find the perfect engagement venue in Pedak Road, Rajkot. Compare halls, farmhouses & party plots near Pedak Road. Get instant leads & free quotes on VenueConnect.","Best Engagement Venues in Pedak Road, Rajkot",engagement venues in Pedak Road Rajkot,"engagement venue Pedak Road, engagement hall near Pedak Road Rajkot, engagement venue near Pedak Road",Transactional (Hyper-local),High
Event + City Area,"Corporate Event Venues in Pedak Road, Rajkot | VenueConnect",/rajkot/pedak-road/corporate-event-venues/,"Best Corporate Event Venues in Pedak Road, Rajkot | Book Near You - VenueConnect","Find the perfect corporate event venue in Pedak Road, Rajkot. Compare halls, farmhouses & party plots near Pedak Road. Get instant leads & free quotes on VenueConnect.","Best Corporate Event Venues in Pedak Road, Rajkot",corporate event venues in Pedak Road Rajkot,"corporate event venue Pedak Road, corporate event hall near Pedak Road Rajkot, corporate event venue near Pedak Road",Transactional (Hyper-local),High
Event + City Area,"Reception Venues in Pedak Road, Rajkot | VenueConnect",/rajkot/pedak-road/reception-venues/,"Best Reception Venues in Pedak Road, Rajkot | Book Near You - VenueConnect","Find the perfect reception venue in Pedak Road, Rajkot. Compare halls, farmhouses & party plots near Pedak Road. Get instant leads & free quotes on VenueConnect.","Best Reception Venues in Pedak Road, Rajkot",reception venues in Pedak Road Rajkot,"reception venue Pedak Road, reception hall near Pedak Road Rajkot, reception venue near Pedak Road",Transactional (Hyper-local),High
Event + City Area,"Wedding Venues in Aji Dam Road, Rajkot | VenueConnect",/rajkot/aji-dam-road/wedding-venues/,"Best Wedding Venues in Aji Dam Road, Rajkot | Book Near You - VenueConnect","Find the perfect wedding venue in Aji Dam Road, Rajkot. Compare halls, farmhouses & party plots near Aji Dam Road. Get instant leads & free quotes on VenueConnect.","Best Wedding Venues in Aji Dam Road, Rajkot",wedding venues in Aji Dam Road Rajkot,"wedding venue Aji Dam Road, wedding hall near Aji Dam Road Rajkot, wedding venue near Aji Dam Road",Transactional (Hyper-local),High
Event + City Area,"Birthday Party Venues in Aji Dam Road, Rajkot | VenueConnect",/rajkot/aji-dam-road/birthday-party-venues/,"Best Birthday Party Venues in Aji Dam Road, Rajkot | Book Near You - VenueConnect","Find the perfect birthday party venue in Aji Dam Road, Rajkot. Compare halls, farmhouses & party plots near Aji Dam Road. Get instant leads & free quotes on VenueConnect.","Best Birthday Party Venues in Aji Dam Road, Rajkot",birthday party venues in Aji Dam Road Rajkot,"birthday party venue Aji Dam Road, birthday party hall near Aji Dam Road Rajkot, birthday party venue near Aji Dam Road",Transactional (Hyper-local),High
Event + City Area,"Engagement Venues in Aji Dam Road, Rajkot | VenueConnect",/rajkot/aji-dam-road/engagement-venues/,"Best Engagement Venues in Aji Dam Road, Rajkot | Book Near You - VenueConnect","Find the perfect engagement venue in Aji Dam Road, Rajkot. Compare halls, farmhouses & party plots near Aji Dam Road. Get instant leads & free quotes on VenueConnect.","Best Engagement Venues in Aji Dam Road, Rajkot",engagement venues in Aji Dam Road Rajkot,"engagement venue Aji Dam Road, engagement hall near Aji Dam Road Rajkot, engagement venue near Aji Dam Road",Transactional (Hyper-local),High
Event + City Area,"Corporate Event Venues in Aji Dam Road, Rajkot | VenueConnect",/rajkot/aji-dam-road/corporate-event-venues/,"Best Corporate Event Venues in Aji Dam Road, Rajkot | Book Near You - VenueConnect","Find the perfect corporate event venue in Aji Dam Road, Rajkot. Compare halls, farmhouses & party plots near Aji Dam Road. Get instant leads & free quotes on VenueConnect.","Best Corporate Event Venues in Aji Dam Road, Rajkot",corporate event venues in Aji Dam Road Rajkot,"corporate event venue Aji Dam Road, corporate event hall near Aji Dam Road Rajkot, corporate event venue near Aji Dam Road",Transactional (Hyper-local),High
Event + City Area,"Reception Venues in Aji Dam Road, Rajkot | VenueConnect",/rajkot/aji-dam-road/reception-venues/,"Best Reception Venues in Aji Dam Road, Rajkot | Book Near You - VenueConnect","Find the perfect reception venue in Aji Dam Road, Rajkot. Compare halls, farmhouses & party plots near Aji Dam Road. Get instant leads & free quotes on VenueConnect.","Best Reception Venues in Aji Dam Road, Rajkot",reception venues in Aji Dam Road Rajkot,"reception venue Aji Dam Road, reception hall near Aji Dam Road Rajkot, reception venue near Aji Dam Road",Transactional (Hyper-local),High
Event + City Area,"Wedding Venues in Airport Road, Rajkot | VenueConnect",/rajkot/airport-road/wedding-venues/,"Best Wedding Venues in Airport Road, Rajkot | Book Near You - VenueConnect","Find the perfect wedding venue in Airport Road, Rajkot. Compare halls, farmhouses & party plots near Airport Road. Get instant leads & free quotes on VenueConnect.","Best Wedding Venues in Airport Road, Rajkot",wedding venues in Airport Road Rajkot,"wedding venue Airport Road, wedding hall near Airport Road Rajkot, wedding venue near Airport Road",Transactional (Hyper-local),High
Event + City Area,"Birthday Party Venues in Airport Road, Rajkot | VenueConnect",/rajkot/airport-road/birthday-party-venues/,"Best Birthday Party Venues in Airport Road, Rajkot | Book Near You - VenueConnect","Find the perfect birthday party venue in Airport Road, Rajkot. Compare halls, farmhouses & party plots near Airport Road. Get instant leads & free quotes on VenueConnect.","Best Birthday Party Venues in Airport Road, Rajkot",birthday party venues in Airport Road Rajkot,"birthday party venue Airport Road, birthday party hall near Airport Road Rajkot, birthday party venue near Airport Road",Transactional (Hyper-local),High
Event + City Area,"Engagement Venues in Airport Road, Rajkot | VenueConnect",/rajkot/airport-road/engagement-venues/,"Best Engagement Venues in Airport Road, Rajkot | Book Near You - VenueConnect","Find the perfect engagement venue in Airport Road, Rajkot. Compare halls, farmhouses & party plots near Airport Road. Get instant leads & free quotes on VenueConnect.","Best Engagement Venues in Airport Road, Rajkot",engagement venues in Airport Road Rajkot,"engagement venue Airport Road, engagement hall near Airport Road Rajkot, engagement venue near Airport Road",Transactional (Hyper-local),High
Event + City Area,"Corporate Event Venues in Airport Road, Rajkot | VenueConnect",/rajkot/airport-road/corporate-event-venues/,"Best Corporate Event Venues in Airport Road, Rajkot | Book Near You - VenueConnect","Find the perfect corporate event venue in Airport Road, Rajkot. Compare halls, farmhouses & party plots near Airport Road. Get instant leads & free quotes on VenueConnect.","Best Corporate Event Venues in Airport Road, Rajkot",corporate event venues in Airport Road Rajkot,"corporate event venue Airport Road, corporate event hall near Airport Road Rajkot, corporate event venue near Airport Road",Transactional (Hyper-local),High
Event + City Area,"Reception Venues in Airport Road, Rajkot | VenueConnect",/rajkot/airport-road/reception-venues/,"Best Reception Venues in Airport Road, Rajkot | Book Near You - VenueConnect","Find the perfect reception venue in Airport Road, Rajkot. Compare halls, farmhouses & party plots near Airport Road. Get instant leads & free quotes on VenueConnect.","Best Reception Venues in Airport Road, Rajkot",reception venues in Airport Road Rajkot,"reception venue Airport Road, reception hall near Airport Road Rajkot, reception venue near Airport Road",Transactional (Hyper-local),High
Event + City Area,"Wedding Venues in Astron Chowk, Rajkot | VenueConnect",/rajkot/astron-chowk/wedding-venues/,"Best Wedding Venues in Astron Chowk, Rajkot | Book Near You - VenueConnect","Find the perfect wedding venue in Astron Chowk, Rajkot. Compare halls, farmhouses & party plots near Astron Chowk. Get instant leads & free quotes on VenueConnect.","Best Wedding Venues in Astron Chowk, Rajkot",wedding venues in Astron Chowk Rajkot,"wedding venue Astron Chowk, wedding hall near Astron Chowk Rajkot, wedding venue near Astron Chowk",Transactional (Hyper-local),High
Event + City Area,"Birthday Party Venues in Astron Chowk, Rajkot | VenueConnect",/rajkot/astron-chowk/birthday-party-venues/,"Best Birthday Party Venues in Astron Chowk, Rajkot | Book Near You - VenueConnect","Find the perfect birthday party venue in Astron Chowk, Rajkot. Compare halls, farmhouses & party plots near Astron Chowk. Get instant leads & free quotes on VenueConnect.","Best Birthday Party Venues in Astron Chowk, Rajkot",birthday party venues in Astron Chowk Rajkot,"birthday party venue Astron Chowk, birthday party hall near Astron Chowk Rajkot, birthday party venue near Astron Chowk",Transactional (Hyper-local),High
Event + City Area,"Engagement Venues in Astron Chowk, Rajkot | VenueConnect",/rajkot/astron-chowk/engagement-venues/,"Best Engagement Venues in Astron Chowk, Rajkot | Book Near You - VenueConnect","Find the perfect engagement venue in Astron Chowk, Rajkot. Compare halls, farmhouses & party plots near Astron Chowk. Get instant leads & free quotes on VenueConnect.","Best Engagement Venues in Astron Chowk, Rajkot",engagement venues in Astron Chowk Rajkot,"engagement venue Astron Chowk, engagement hall near Astron Chowk Rajkot, engagement venue near Astron Chowk",Transactional (Hyper-local),High
Event + City Area,"Corporate Event Venues in Astron Chowk, Rajkot | VenueConnect",/rajkot/astron-chowk/corporate-event-venues/,"Best Corporate Event Venues in Astron Chowk, Rajkot | Book Near You - VenueConnect","Find the perfect corporate event venue in Astron Chowk, Rajkot. Compare halls, farmhouses & party plots near Astron Chowk. Get instant leads & free quotes on VenueConnect.","Best Corporate Event Venues in Astron Chowk, Rajkot",corporate event venues in Astron Chowk Rajkot,"corporate event venue Astron Chowk, corporate event hall near Astron Chowk Rajkot, corporate event venue near Astron Chowk",Transactional (Hyper-local),High
Event + City Area,"Reception Venues in Astron Chowk, Rajkot | VenueConnect",/rajkot/astron-chowk/reception-venues/,"Best Reception Venues in Astron Chowk, Rajkot | Book Near You - VenueConnect","Find the perfect reception venue in Astron Chowk, Rajkot. Compare halls, farmhouses & party plots near Astron Chowk. Get instant leads & free quotes on VenueConnect.","Best Reception Venues in Astron Chowk, Rajkot",reception venues in Astron Chowk Rajkot,"reception venue Astron Chowk, reception hall near Astron Chowk Rajkot, reception venue near Astron Chowk",Transactional (Hyper-local),High
Event + City Area,"Wedding Venues in Bahumali Bhavan, Rajkot | VenueConnect",/rajkot/bahumali-bhavan/wedding-venues/,"Best Wedding Venues in Bahumali Bhavan, Rajkot | Book Near You - VenueConnect","Find the perfect wedding venue in Bahumali Bhavan, Rajkot. Compare halls, farmhouses & party plots near Bahumali Bhavan. Get instant leads & free quotes on VenueConnect.","Best Wedding Venues in Bahumali Bhavan, Rajkot",wedding venues in Bahumali Bhavan Rajkot,"wedding venue Bahumali Bhavan, wedding hall near Bahumali Bhavan Rajkot, wedding venue near Bahumali Bhavan",Transactional (Hyper-local),High
Event + City Area,"Birthday Party Venues in Bahumali Bhavan, Rajkot | VenueConnect",/rajkot/bahumali-bhavan/birthday-party-venues/,"Best Birthday Party Venues in Bahumali Bhavan, Rajkot | Book Near You - VenueConnect","Find the perfect birthday party venue in Bahumali Bhavan, Rajkot. Compare halls, farmhouses & party plots near Bahumali Bhavan. Get instant leads & free quotes on VenueConnect.","Best Birthday Party Venues in Bahumali Bhavan, Rajkot",birthday party venues in Bahumali Bhavan Rajkot,"birthday party venue Bahumali Bhavan, birthday party hall near Bahumali Bhavan Rajkot, birthday party venue near Bahumali Bhavan",Transactional (Hyper-local),High
Event + City Area,"Engagement Venues in Bahumali Bhavan, Rajkot | VenueConnect",/rajkot/bahumali-bhavan/engagement-venues/,"Best Engagement Venues in Bahumali Bhavan, Rajkot | Book Near You - VenueConnect","Find the perfect engagement venue in Bahumali Bhavan, Rajkot. Compare halls, farmhouses & party plots near Bahumali Bhavan. Get instant leads & free quotes on VenueConnect.","Best Engagement Venues in Bahumali Bhavan, Rajkot",engagement venues in Bahumali Bhavan Rajkot,"engagement venue Bahumali Bhavan, engagement hall near Bahumali Bhavan Rajkot, engagement venue near Bahumali Bhavan",Transactional (Hyper-local),High
Event + City Area,"Corporate Event Venues in Bahumali Bhavan, Rajkot | VenueConnect",/rajkot/bahumali-bhavan/corporate-event-venues/,"Best Corporate Event Venues in Bahumali Bhavan, Rajkot | Book Near You - VenueConnect","Find the perfect corporate event venue in Bahumali Bhavan, Rajkot. Compare halls, farmhouses & party plots near Bahumali Bhavan. Get instant leads & free quotes on VenueConnect.","Best Corporate Event Venues in Bahumali Bhavan, Rajkot",corporate event venues in Bahumali Bhavan Rajkot,"corporate event venue Bahumali Bhavan, corporate event hall near Bahumali Bhavan Rajkot, corporate event venue near Bahumali Bhavan",Transactional (Hyper-local),High
Event + City Area,"Reception Venues in Bahumali Bhavan, Rajkot | VenueConnect",/rajkot/bahumali-bhavan/reception-venues/,"Best Reception Venues in Bahumali Bhavan, Rajkot | Book Near You - VenueConnect","Find the perfect reception venue in Bahumali Bhavan, Rajkot. Compare halls, farmhouses & party plots near Bahumali Bhavan. Get instant leads & free quotes on VenueConnect.","Best Reception Venues in Bahumali Bhavan, Rajkot",reception venues in Bahumali Bhavan Rajkot,"reception venue Bahumali Bhavan, reception hall near Bahumali Bhavan Rajkot, reception venue near Bahumali Bhavan",Transactional (Hyper-local),High
Event + City Area,"Wedding Venues in Doctor House, Rajkot | VenueConnect",/rajkot/doctor-house/wedding-venues/,"Best Wedding Venues in Doctor House, Rajkot | Book Near You - VenueConnect","Find the perfect wedding venue in Doctor House, Rajkot. Compare halls, farmhouses & party plots near Doctor House. Get instant leads & free quotes on VenueConnect.","Best Wedding Venues in Doctor House, Rajkot",wedding venues in Doctor House Rajkot,"wedding venue Doctor House, wedding hall near Doctor House Rajkot, wedding venue near Doctor House",Transactional (Hyper-local),High
Event + City Area,"Birthday Party Venues in Doctor House, Rajkot | VenueConnect",/rajkot/doctor-house/birthday-party-venues/,"Best Birthday Party Venues in Doctor House, Rajkot | Book Near You - VenueConnect","Find the perfect birthday party venue in Doctor House, Rajkot. Compare halls, farmhouses & party plots near Doctor House. Get instant leads & free quotes on VenueConnect.","Best Birthday Party Venues in Doctor House, Rajkot",birthday party venues in Doctor House Rajkot,"birthday party venue Doctor House, birthday party hall near Doctor House Rajkot, birthday party venue near Doctor House",Transactional (Hyper-local),High
Event + City Area,"Engagement Venues in Doctor House, Rajkot | VenueConnect",/rajkot/doctor-house/engagement-venues/,"Best Engagement Venues in Doctor House, Rajkot | Book Near You - VenueConnect","Find the perfect engagement venue in Doctor House, Rajkot. Compare halls, farmhouses & party plots near Doctor House. Get instant leads & free quotes on VenueConnect.","Best Engagement Venues in Doctor House, Rajkot",engagement venues in Doctor House Rajkot,"engagement venue Doctor House, engagement hall near Doctor House Rajkot, engagement venue near Doctor House",Transactional (Hyper-local),High
Event + City Area,"Corporate Event Venues in Doctor House, Rajkot | VenueConnect",/rajkot/doctor-house/corporate-event-venues/,"Best Corporate Event Venues in Doctor House, Rajkot | Book Near You - VenueConnect","Find the perfect corporate event venue in Doctor House, Rajkot. Compare halls, farmhouses & party plots near Doctor House. Get instant leads & free quotes on VenueConnect.","Best Corporate Event Venues in Doctor House, Rajkot",corporate event venues in Doctor House Rajkot,"corporate event venue Doctor House, corporate event hall near Doctor House Rajkot, corporate event venue near Doctor House",Transactional (Hyper-local),High
Event + City Area,"Reception Venues in Doctor House, Rajkot | VenueConnect",/rajkot/doctor-house/reception-venues/,"Best Reception Venues in Doctor House, Rajkot | Book Near You - VenueConnect","Find the perfect reception venue in Doctor House, Rajkot. Compare halls, farmhouses & party plots near Doctor House. Get instant leads & free quotes on VenueConnect.","Best Reception Venues in Doctor House, Rajkot",reception venues in Doctor House Rajkot,"reception venue Doctor House, reception hall near Doctor House Rajkot, reception venue near Doctor House",Transactional (Hyper-local),High
Event + City Area,"Wedding Venues in Ghanteshwar, Rajkot | VenueConnect",/rajkot/ghanteshwar/wedding-venues/,"Best Wedding Venues in Ghanteshwar, Rajkot | Book Near You - VenueConnect","Find the perfect wedding venue in Ghanteshwar, Rajkot. Compare halls, farmhouses & party plots near Ghanteshwar. Get instant leads & free quotes on VenueConnect.","Best Wedding Venues in Ghanteshwar, Rajkot",wedding venues in Ghanteshwar Rajkot,"wedding venue Ghanteshwar, wedding hall near Ghanteshwar Rajkot, wedding venue near Ghanteshwar",Transactional (Hyper-local),High
Event + City Area,"Birthday Party Venues in Ghanteshwar, Rajkot | VenueConnect",/rajkot/ghanteshwar/birthday-party-venues/,"Best Birthday Party Venues in Ghanteshwar, Rajkot | Book Near You - VenueConnect","Find the perfect birthday party venue in Ghanteshwar, Rajkot. Compare halls, farmhouses & party plots near Ghanteshwar. Get instant leads & free quotes on VenueConnect.","Best Birthday Party Venues in Ghanteshwar, Rajkot",birthday party venues in Ghanteshwar Rajkot,"birthday party venue Ghanteshwar, birthday party hall near Ghanteshwar Rajkot, birthday party venue near Ghanteshwar",Transactional (Hyper-local),High
Event + City Area,"Engagement Venues in Ghanteshwar, Rajkot | VenueConnect",/rajkot/ghanteshwar/engagement-venues/,"Best Engagement Venues in Ghanteshwar, Rajkot | Book Near You - VenueConnect","Find the perfect engagement venue in Ghanteshwar, Rajkot. Compare halls, farmhouses & party plots near Ghanteshwar. Get instant leads & free quotes on VenueConnect.","Best Engagement Venues in Ghanteshwar, Rajkot",engagement venues in Ghanteshwar Rajkot,"engagement venue Ghanteshwar, engagement hall near Ghanteshwar Rajkot, engagement venue near Ghanteshwar",Transactional (Hyper-local),High
Event + City Area,"Corporate Event Venues in Ghanteshwar, Rajkot | VenueConnect",/rajkot/ghanteshwar/corporate-event-venues/,"Best Corporate Event Venues in Ghanteshwar, Rajkot | Book Near You - VenueConnect","Find the perfect corporate event venue in Ghanteshwar, Rajkot. Compare halls, farmhouses & party plots near Ghanteshwar. Get instant leads & free quotes on VenueConnect.","Best Corporate Event Venues in Ghanteshwar, Rajkot",corporate event venues in Ghanteshwar Rajkot,"corporate event venue Ghanteshwar, corporate event hall near Ghanteshwar Rajkot, corporate event venue near Ghanteshwar",Transactional (Hyper-local),High
Event + City Area,"Reception Venues in Ghanteshwar, Rajkot | VenueConnect",/rajkot/ghanteshwar/reception-venues/,"Best Reception Venues in Ghanteshwar, Rajkot | Book Near You - VenueConnect","Find the perfect reception venue in Ghanteshwar, Rajkot. Compare halls, farmhouses & party plots near Ghanteshwar. Get instant leads & free quotes on VenueConnect.","Best Reception Venues in Ghanteshwar, Rajkot",reception venues in Ghanteshwar Rajkot,"reception venue Ghanteshwar, reception hall near Ghanteshwar Rajkot, reception venue near Ghanteshwar",Transactional (Hyper-local),High
Event + City Area,"Wedding Venues in Ishwar Nagar, Rajkot | VenueConnect",/rajkot/ishwar-nagar/wedding-venues/,"Best Wedding Venues in Ishwar Nagar, Rajkot | Book Near You - VenueConnect","Find the perfect wedding venue in Ishwar Nagar, Rajkot. Compare halls, farmhouses & party plots near Ishwar Nagar. Get instant leads & free quotes on VenueConnect.","Best Wedding Venues in Ishwar Nagar, Rajkot",wedding venues in Ishwar Nagar Rajkot,"wedding venue Ishwar Nagar, wedding hall near Ishwar Nagar Rajkot, wedding venue near Ishwar Nagar",Transactional (Hyper-local),High
Event + City Area,"Birthday Party Venues in Ishwar Nagar, Rajkot | VenueConnect",/rajkot/ishwar-nagar/birthday-party-venues/,"Best Birthday Party Venues in Ishwar Nagar, Rajkot | Book Near You - VenueConnect","Find the perfect birthday party venue in Ishwar Nagar, Rajkot. Compare halls, farmhouses & party plots near Ishwar Nagar. Get instant leads & free quotes on VenueConnect.","Best Birthday Party Venues in Ishwar Nagar, Rajkot",birthday party venues in Ishwar Nagar Rajkot,"birthday party venue Ishwar Nagar, birthday party hall near Ishwar Nagar Rajkot, birthday party venue near Ishwar Nagar",Transactional (Hyper-local),High
Event + City Area,"Engagement Venues in Ishwar Nagar, Rajkot | VenueConnect",/rajkot/ishwar-nagar/engagement-venues/,"Best Engagement Venues in Ishwar Nagar, Rajkot | Book Near You - VenueConnect","Find the perfect engagement venue in Ishwar Nagar, Rajkot. Compare halls, farmhouses & party plots near Ishwar Nagar. Get instant leads & free quotes on VenueConnect.","Best Engagement Venues in Ishwar Nagar, Rajkot",engagement venues in Ishwar Nagar Rajkot,"engagement venue Ishwar Nagar, engagement hall near Ishwar Nagar Rajkot, engagement venue near Ishwar Nagar",Transactional (Hyper-local),High
Event + City Area,"Corporate Event Venues in Ishwar Nagar, Rajkot | VenueConnect",/rajkot/ishwar-nagar/corporate-event-venues/,"Best Corporate Event Venues in Ishwar Nagar, Rajkot | Book Near You - VenueConnect","Find the perfect corporate event venue in Ishwar Nagar, Rajkot. Compare halls, farmhouses & party plots near Ishwar Nagar. Get instant leads & free quotes on VenueConnect.","Best Corporate Event Venues in Ishwar Nagar, Rajkot",corporate event venues in Ishwar Nagar Rajkot,"corporate event venue Ishwar Nagar, corporate event hall near Ishwar Nagar Rajkot, corporate event venue near Ishwar Nagar",Transactional (Hyper-local),High
Event + City Area,"Reception Venues in Ishwar Nagar, Rajkot | VenueConnect",/rajkot/ishwar-nagar/reception-venues/,"Best Reception Venues in Ishwar Nagar, Rajkot | Book Near You - VenueConnect","Find the perfect reception venue in Ishwar Nagar, Rajkot. Compare halls, farmhouses & party plots near Ishwar Nagar. Get instant leads & free quotes on VenueConnect.","Best Reception Venues in Ishwar Nagar, Rajkot",reception venues in Ishwar Nagar Rajkot,"reception venue Ishwar Nagar, reception hall near Ishwar Nagar Rajkot, reception venue near Ishwar Nagar",Transactional (Hyper-local),High
Event + City Area,"Wedding Venues in Jalaram, Rajkot | VenueConnect",/rajkot/jalaram/wedding-venues/,"Best Wedding Venues in Jalaram, Rajkot | Book Near You - VenueConnect","Find the perfect wedding venue in Jalaram, Rajkot. Compare halls, farmhouses & party plots near Jalaram. Get instant leads & free quotes on VenueConnect.","Best Wedding Venues in Jalaram, Rajkot",wedding venues in Jalaram Rajkot,"wedding venue Jalaram, wedding hall near Jalaram Rajkot, wedding venue near Jalaram",Transactional (Hyper-local),High
Event + City Area,"Birthday Party Venues in Jalaram, Rajkot | VenueConnect",/rajkot/jalaram/birthday-party-venues/,"Best Birthday Party Venues in Jalaram, Rajkot | Book Near You - VenueConnect","Find the perfect birthday party venue in Jalaram, Rajkot. Compare halls, farmhouses & party plots near Jalaram. Get instant leads & free quotes on VenueConnect.","Best Birthday Party Venues in Jalaram, Rajkot",birthday party venues in Jalaram Rajkot,"birthday party venue Jalaram, birthday party hall near Jalaram Rajkot, birthday party venue near Jalaram",Transactional (Hyper-local),High
Event + City Area,"Engagement Venues in Jalaram, Rajkot | VenueConnect",/rajkot/jalaram/engagement-venues/,"Best Engagement Venues in Jalaram, Rajkot | Book Near You - VenueConnect","Find the perfect engagement venue in Jalaram, Rajkot. Compare halls, farmhouses & party plots near Jalaram. Get instant leads & free quotes on VenueConnect.","Best Engagement Venues in Jalaram, Rajkot",engagement venues in Jalaram Rajkot,"engagement venue Jalaram, engagement hall near Jalaram Rajkot, engagement venue near Jalaram",Transactional (Hyper-local),High
Event + City Area,"Corporate Event Venues in Jalaram, Rajkot | VenueConnect",/rajkot/jalaram/corporate-event-venues/,"Best Corporate Event Venues in Jalaram, Rajkot | Book Near You - VenueConnect","Find the perfect corporate event venue in Jalaram, Rajkot. Compare halls, farmhouses & party plots near Jalaram. Get instant leads & free quotes on VenueConnect.","Best Corporate Event Venues in Jalaram, Rajkot",corporate event venues in Jalaram Rajkot,"corporate event venue Jalaram, corporate event hall near Jalaram Rajkot, corporate event venue near Jalaram",Transactional (Hyper-local),High
Event + City Area,"Reception Venues in Jalaram, Rajkot | VenueConnect",/rajkot/jalaram/reception-venues/,"Best Reception Venues in Jalaram, Rajkot | Book Near You - VenueConnect","Find the perfect reception venue in Jalaram, Rajkot. Compare halls, farmhouses & party plots near Jalaram. Get instant leads & free quotes on VenueConnect.","Best Reception Venues in Jalaram, Rajkot",reception venues in Jalaram Rajkot,"reception venue Jalaram, reception hall near Jalaram Rajkot, reception venue near Jalaram",Transactional (Hyper-local),High
Event + City Area,"Wedding Venues in Kanak Road, Rajkot | VenueConnect",/rajkot/kanak-road/wedding-venues/,"Best Wedding Venues in Kanak Road, Rajkot | Book Near You - VenueConnect","Find the perfect wedding venue in Kanak Road, Rajkot. Compare halls, farmhouses & party plots near Kanak Road. Get instant leads & free quotes on VenueConnect.","Best Wedding Venues in Kanak Road, Rajkot",wedding venues in Kanak Road Rajkot,"wedding venue Kanak Road, wedding hall near Kanak Road Rajkot, wedding venue near Kanak Road",Transactional (Hyper-local),High
Event + City Area,"Birthday Party Venues in Kanak Road, Rajkot | VenueConnect",/rajkot/kanak-road/birthday-party-venues/,"Best Birthday Party Venues in Kanak Road, Rajkot | Book Near You - VenueConnect","Find the perfect birthday party venue in Kanak Road, Rajkot. Compare halls, farmhouses & party plots near Kanak Road. Get instant leads & free quotes on VenueConnect.","Best Birthday Party Venues in Kanak Road, Rajkot",birthday party venues in Kanak Road Rajkot,"birthday party venue Kanak Road, birthday party hall near Kanak Road Rajkot, birthday party venue near Kanak Road",Transactional (Hyper-local),High
Event + City Area,"Engagement Venues in Kanak Road, Rajkot | VenueConnect",/rajkot/kanak-road/engagement-venues/,"Best Engagement Venues in Kanak Road, Rajkot | Book Near You - VenueConnect","Find the perfect engagement venue in Kanak Road, Rajkot. Compare halls, farmhouses & party plots near Kanak Road. Get instant leads & free quotes on VenueConnect.","Best Engagement Venues in Kanak Road, Rajkot",engagement venues in Kanak Road Rajkot,"engagement venue Kanak Road, engagement hall near Kanak Road Rajkot, engagement venue near Kanak Road",Transactional (Hyper-local),High
Event + City Area,"Corporate Event Venues in Kanak Road, Rajkot | VenueConnect",/rajkot/kanak-road/corporate-event-venues/,"Best Corporate Event Venues in Kanak Road, Rajkot | Book Near You - VenueConnect","Find the perfect corporate event venue in Kanak Road, Rajkot. Compare halls, farmhouses & party plots near Kanak Road. Get instant leads & free quotes on VenueConnect.","Best Corporate Event Venues in Kanak Road, Rajkot",corporate event venues in Kanak Road Rajkot,"corporate event venue Kanak Road, corporate event hall near Kanak Road Rajkot, corporate event venue near Kanak Road",Transactional (Hyper-local),High
Event + City Area,"Reception Venues in Kanak Road, Rajkot | VenueConnect",/rajkot/kanak-road/reception-venues/,"Best Reception Venues in Kanak Road, Rajkot | Book Near You - VenueConnect","Find the perfect reception venue in Kanak Road, Rajkot. Compare halls, farmhouses & party plots near Kanak Road. Get instant leads & free quotes on VenueConnect.","Best Reception Venues in Kanak Road, Rajkot",reception venues in Kanak Road Rajkot,"reception venue Kanak Road, reception hall near Kanak Road Rajkot, reception venue near Kanak Road",Transactional (Hyper-local),High
Event + City Area,"Wedding Venues in Kasturba Road, Rajkot | VenueConnect",/rajkot/kasturba-road/wedding-venues/,"Best Wedding Venues in Kasturba Road, Rajkot | Book Near You - VenueConnect","Find the perfect wedding venue in Kasturba Road, Rajkot. Compare halls, farmhouses & party plots near Kasturba Road. Get instant leads & free quotes on VenueConnect.","Best Wedding Venues in Kasturba Road, Rajkot",wedding venues in Kasturba Road Rajkot,"wedding venue Kasturba Road, wedding hall near Kasturba Road Rajkot, wedding venue near Kasturba Road",Transactional (Hyper-local),High
Event + City Area,"Birthday Party Venues in Kasturba Road, Rajkot | VenueConnect",/rajkot/kasturba-road/birthday-party-venues/,"Best Birthday Party Venues in Kasturba Road, Rajkot | Book Near You - VenueConnect","Find the perfect birthday party venue in Kasturba Road, Rajkot. Compare halls, farmhouses & party plots near Kasturba Road. Get instant leads & free quotes on VenueConnect.","Best Birthday Party Venues in Kasturba Road, Rajkot",birthday party venues in Kasturba Road Rajkot,"birthday party venue Kasturba Road, birthday party hall near Kasturba Road Rajkot, birthday party venue near Kasturba Road",Transactional (Hyper-local),High
Event + City Area,"Engagement Venues in Kasturba Road, Rajkot | VenueConnect",/rajkot/kasturba-road/engagement-venues/,"Best Engagement Venues in Kasturba Road, Rajkot | Book Near You - VenueConnect","Find the perfect engagement venue in Kasturba Road, Rajkot. Compare halls, farmhouses & party plots near Kasturba Road. Get instant leads & free quotes on VenueConnect.","Best Engagement Venues in Kasturba Road, Rajkot",engagement venues in Kasturba Road Rajkot,"engagement venue Kasturba Road, engagement hall near Kasturba Road Rajkot, engagement venue near Kasturba Road",Transactional (Hyper-local),High
Event + City Area,"Corporate Event Venues in Kasturba Road, Rajkot | VenueConnect",/rajkot/kasturba-road/corporate-event-venues/,"Best Corporate Event Venues in Kasturba Road, Rajkot | Book Near You - VenueConnect","Find the perfect corporate event venue in Kasturba Road, Rajkot. Compare halls, farmhouses & party plots near Kasturba Road. Get instant leads & free quotes on VenueConnect.","Best Corporate Event Venues in Kasturba Road, Rajkot",corporate event venues in Kasturba Road Rajkot,"corporate event venue Kasturba Road, corporate event hall near Kasturba Road Rajkot, corporate event venue near Kasturba Road",Transactional (Hyper-local),High
Event + City Area,"Reception Venues in Kasturba Road, Rajkot | VenueConnect",/rajkot/kasturba-road/reception-venues/,"Best Reception Venues in Kasturba Road, Rajkot | Book Near You - VenueConnect","Find the perfect reception venue in Kasturba Road, Rajkot. Compare halls, farmhouses & party plots near Kasturba Road. Get instant leads & free quotes on VenueConnect.","Best Reception Venues in Kasturba Road, Rajkot",reception venues in Kasturba Road Rajkot,"reception venue Kasturba Road, reception hall near Kasturba Road Rajkot, reception venue near Kasturba Road",Transactional (Hyper-local),High
Event + City Area,"Wedding Venues in Lalpari Lake, Rajkot | VenueConnect",/rajkot/lalpari-lake/wedding-venues/,"Best Wedding Venues in Lalpari Lake, Rajkot | Book Near You - VenueConnect","Find the perfect wedding venue in Lalpari Lake, Rajkot. Compare halls, farmhouses & party plots near Lalpari Lake. Get instant leads & free quotes on VenueConnect.","Best Wedding Venues in Lalpari Lake, Rajkot",wedding venues in Lalpari Lake Rajkot,"wedding venue Lalpari Lake, wedding hall near Lalpari Lake Rajkot, wedding venue near Lalpari Lake",Transactional (Hyper-local),High
Event + City Area,"Birthday Party Venues in Lalpari Lake, Rajkot | VenueConnect",/rajkot/lalpari-lake/birthday-party-venues/,"Best Birthday Party Venues in Lalpari Lake, Rajkot | Book Near You - VenueConnect","Find the perfect birthday party venue in Lalpari Lake, Rajkot. Compare halls, farmhouses & party plots near Lalpari Lake. Get instant leads & free quotes on VenueConnect.","Best Birthday Party Venues in Lalpari Lake, Rajkot",birthday party venues in Lalpari Lake Rajkot,"birthday party venue Lalpari Lake, birthday party hall near Lalpari Lake Rajkot, birthday party venue near Lalpari Lake",Transactional (Hyper-local),High
Event + City Area,"Engagement Venues in Lalpari Lake, Rajkot | VenueConnect",/rajkot/lalpari-lake/engagement-venues/,"Best Engagement Venues in Lalpari Lake, Rajkot | Book Near You - VenueConnect","Find the perfect engagement venue in Lalpari Lake, Rajkot. Compare halls, farmhouses & party plots near Lalpari Lake. Get instant leads & free quotes on VenueConnect.","Best Engagement Venues in Lalpari Lake, Rajkot",engagement venues in Lalpari Lake Rajkot,"engagement venue Lalpari Lake, engagement hall near Lalpari Lake Rajkot, engagement venue near Lalpari Lake",Transactional (Hyper-local),High
Event + City Area,"Corporate Event Venues in Lalpari Lake, Rajkot | VenueConnect",/rajkot/lalpari-lake/corporate-event-venues/,"Best Corporate Event Venues in Lalpari Lake, Rajkot | Book Near You - VenueConnect","Find the perfect corporate event venue in Lalpari Lake, Rajkot. Compare halls, farmhouses & party plots near Lalpari Lake. Get instant leads & free quotes on VenueConnect.","Best Corporate Event Venues in Lalpari Lake, Rajkot",corporate event venues in Lalpari Lake Rajkot,"corporate event venue Lalpari Lake, corporate event hall near Lalpari Lake Rajkot, corporate event venue near Lalpari Lake",Transactional (Hyper-local),High
Event + City Area,"Reception Venues in Lalpari Lake, Rajkot | VenueConnect",/rajkot/lalpari-lake/reception-venues/,"Best Reception Venues in Lalpari Lake, Rajkot | Book Near You - VenueConnect","Find the perfect reception venue in Lalpari Lake, Rajkot. Compare halls, farmhouses & party plots near Lalpari Lake. Get instant leads & free quotes on VenueConnect.","Best Reception Venues in Lalpari Lake, Rajkot",reception venues in Lalpari Lake Rajkot,"reception venue Lalpari Lake, reception hall near Lalpari Lake Rajkot, reception venue near Lalpari Lake",Transactional (Hyper-local),High
Event + City Area,"Wedding Venues in Madhapar, Rajkot | VenueConnect",/rajkot/madhapar/wedding-venues/,"Best Wedding Venues in Madhapar, Rajkot | Book Near You - VenueConnect","Find the perfect wedding venue in Madhapar, Rajkot. Compare halls, farmhouses & party plots near Madhapar. Get instant leads & free quotes on VenueConnect.","Best Wedding Venues in Madhapar, Rajkot",wedding venues in Madhapar Rajkot,"wedding venue Madhapar, wedding hall near Madhapar Rajkot, wedding venue near Madhapar",Transactional (Hyper-local),High
Event + City Area,"Birthday Party Venues in Madhapar, Rajkot | VenueConnect",/rajkot/madhapar/birthday-party-venues/,"Best Birthday Party Venues in Madhapar, Rajkot | Book Near You - VenueConnect","Find the perfect birthday party venue in Madhapar, Rajkot. Compare halls, farmhouses & party plots near Madhapar. Get instant leads & free quotes on VenueConnect.","Best Birthday Party Venues in Madhapar, Rajkot",birthday party venues in Madhapar Rajkot,"birthday party venue Madhapar, birthday party hall near Madhapar Rajkot, birthday party venue near Madhapar",Transactional (Hyper-local),High
Event + City Area,"Engagement Venues in Madhapar, Rajkot | VenueConnect",/rajkot/madhapar/engagement-venues/,"Best Engagement Venues in Madhapar, Rajkot | Book Near You - VenueConnect","Find the perfect engagement venue in Madhapar, Rajkot. Compare halls, farmhouses & party plots near Madhapar. Get instant leads & free quotes on VenueConnect.","Best Engagement Venues in Madhapar, Rajkot",engagement venues in Madhapar Rajkot,"engagement venue Madhapar, engagement hall near Madhapar Rajkot, engagement venue near Madhapar",Transactional (Hyper-local),High
Event + City Area,"Corporate Event Venues in Madhapar, Rajkot | VenueConnect",/rajkot/madhapar/corporate-event-venues/,"Best Corporate Event Venues in Madhapar, Rajkot | Book Near You - VenueConnect","Find the perfect corporate event venue in Madhapar, Rajkot. Compare halls, farmhouses & party plots near Madhapar. Get instant leads & free quotes on VenueConnect.","Best Corporate Event Venues in Madhapar, Rajkot",corporate event venues in Madhapar Rajkot,"corporate event venue Madhapar, corporate event hall near Madhapar Rajkot, corporate event venue near Madhapar",Transactional (Hyper-local),High
Event + City Area,"Reception Venues in Madhapar, Rajkot | VenueConnect",/rajkot/madhapar/reception-venues/,"Best Reception Venues in Madhapar, Rajkot | Book Near You - VenueConnect","Find the perfect reception venue in Madhapar, Rajkot. Compare halls, farmhouses & party plots near Madhapar. Get instant leads & free quotes on VenueConnect.","Best Reception Venues in Madhapar, Rajkot",reception venues in Madhapar Rajkot,"reception venue Madhapar, reception hall near Madhapar Rajkot, reception venue near Madhapar",Transactional (Hyper-local),High
Event + City Area,"Wedding Venues in Mavdi Chowk, Rajkot | VenueConnect",/rajkot/mavdi-chowk/wedding-venues/,"Best Wedding Venues in Mavdi Chowk, Rajkot | Book Near You - VenueConnect","Find the perfect wedding venue in Mavdi Chowk, Rajkot. Compare halls, farmhouses & party plots near Mavdi Chowk. Get instant leads & free quotes on VenueConnect.","Best Wedding Venues in Mavdi Chowk, Rajkot",wedding venues in Mavdi Chowk Rajkot,"wedding venue Mavdi Chowk, wedding hall near Mavdi Chowk Rajkot, wedding venue near Mavdi Chowk",Transactional (Hyper-local),High
Event + City Area,"Birthday Party Venues in Mavdi Chowk, Rajkot | VenueConnect",/rajkot/mavdi-chowk/birthday-party-venues/,"Best Birthday Party Venues in Mavdi Chowk, Rajkot | Book Near You - VenueConnect","Find the perfect birthday party venue in Mavdi Chowk, Rajkot. Compare halls, farmhouses & party plots near Mavdi Chowk. Get instant leads & free quotes on VenueConnect.","Best Birthday Party Venues in Mavdi Chowk, Rajkot",birthday party venues in Mavdi Chowk Rajkot,"birthday party venue Mavdi Chowk, birthday party hall near Mavdi Chowk Rajkot, birthday party venue near Mavdi Chowk",Transactional (Hyper-local),High
Event + City Area,"Engagement Venues in Mavdi Chowk, Rajkot | VenueConnect",/rajkot/mavdi-chowk/engagement-venues/,"Best Engagement Venues in Mavdi Chowk, Rajkot | Book Near You - VenueConnect","Find the perfect engagement venue in Mavdi Chowk, Rajkot. Compare halls, farmhouses & party plots near Mavdi Chowk. Get instant leads & free quotes on VenueConnect.","Best Engagement Venues in Mavdi Chowk, Rajkot",engagement venues in Mavdi Chowk Rajkot,"engagement venue Mavdi Chowk, engagement hall near Mavdi Chowk Rajkot, engagement venue near Mavdi Chowk",Transactional (Hyper-local),High
Event + City Area,"Corporate Event Venues in Mavdi Chowk, Rajkot | VenueConnect",/rajkot/mavdi-chowk/corporate-event-venues/,"Best Corporate Event Venues in Mavdi Chowk, Rajkot | Book Near You - VenueConnect","Find the perfect corporate event venue in Mavdi Chowk, Rajkot. Compare halls, farmhouses & party plots near Mavdi Chowk. Get instant leads & free quotes on VenueConnect.","Best Corporate Event Venues in Mavdi Chowk, Rajkot",corporate event venues in Mavdi Chowk Rajkot,"corporate event venue Mavdi Chowk, corporate event hall near Mavdi Chowk Rajkot, corporate event venue near Mavdi Chowk",Transactional (Hyper-local),High
Event + City Area,"Reception Venues in Mavdi Chowk, Rajkot | VenueConnect",/rajkot/mavdi-chowk/reception-venues/,"Best Reception Venues in Mavdi Chowk, Rajkot | Book Near You - VenueConnect","Find the perfect reception venue in Mavdi Chowk, Rajkot. Compare halls, farmhouses & party plots near Mavdi Chowk. Get instant leads & free quotes on VenueConnect.","Best Reception Venues in Mavdi Chowk, Rajkot",reception venues in Mavdi Chowk Rajkot,"reception venue Mavdi Chowk, reception hall near Mavdi Chowk Rajkot, reception venue near Mavdi Chowk",Transactional (Hyper-local),High
Event + City Area,"Wedding Venues in Metoda GIDC, Rajkot | VenueConnect",/rajkot/metoda-gidc/wedding-venues/,"Best Wedding Venues in Metoda GIDC, Rajkot | Book Near You - VenueConnect","Find the perfect wedding venue in Metoda GIDC, Rajkot. Compare halls, farmhouses & party plots near Metoda GIDC. Get instant leads & free quotes on VenueConnect.","Best Wedding Venues in Metoda GIDC, Rajkot",wedding venues in Metoda GIDC Rajkot,"wedding venue Metoda GIDC, wedding hall near Metoda GIDC Rajkot, wedding venue near Metoda GIDC",Transactional (Hyper-local),High
Event + City Area,"Birthday Party Venues in Metoda GIDC, Rajkot | VenueConnect",/rajkot/metoda-gidc/birthday-party-venues/,"Best Birthday Party Venues in Metoda GIDC, Rajkot | Book Near You - VenueConnect","Find the perfect birthday party venue in Metoda GIDC, Rajkot. Compare halls, farmhouses & party plots near Metoda GIDC. Get instant leads & free quotes on VenueConnect.","Best Birthday Party Venues in Metoda GIDC, Rajkot",birthday party venues in Metoda GIDC Rajkot,"birthday party venue Metoda GIDC, birthday party hall near Metoda GIDC Rajkot, birthday party venue near Metoda GIDC",Transactional (Hyper-local),High
Event + City Area,"Engagement Venues in Metoda GIDC, Rajkot | VenueConnect",/rajkot/metoda-gidc/engagement-venues/,"Best Engagement Venues in Metoda GIDC, Rajkot | Book Near You - VenueConnect","Find the perfect engagement venue in Metoda GIDC, Rajkot. Compare halls, farmhouses & party plots near Metoda GIDC. Get instant leads & free quotes on VenueConnect.","Best Engagement Venues in Metoda GIDC, Rajkot",engagement venues in Metoda GIDC Rajkot,"engagement venue Metoda GIDC, engagement hall near Metoda GIDC Rajkot, engagement venue near Metoda GIDC",Transactional (Hyper-local),High
Event + City Area,"Corporate Event Venues in Metoda GIDC, Rajkot | VenueConnect",/rajkot/metoda-gidc/corporate-event-venues/,"Best Corporate Event Venues in Metoda GIDC, Rajkot | Book Near You - VenueConnect","Find the perfect corporate event venue in Metoda GIDC, Rajkot. Compare halls, farmhouses & party plots near Metoda GIDC. Get instant leads & free quotes on VenueConnect.","Best Corporate Event Venues in Metoda GIDC, Rajkot",corporate event venues in Metoda GIDC Rajkot,"corporate event venue Metoda GIDC, corporate event hall near Metoda GIDC Rajkot, corporate event venue near Metoda GIDC",Transactional (Hyper-local),High
Event + City Area,"Reception Venues in Metoda GIDC, Rajkot | VenueConnect",/rajkot/metoda-gidc/reception-venues/,"Best Reception Venues in Metoda GIDC, Rajkot | Book Near You - VenueConnect","Find the perfect reception venue in Metoda GIDC, Rajkot. Compare halls, farmhouses & party plots near Metoda GIDC. Get instant leads & free quotes on VenueConnect.","Best Reception Venues in Metoda GIDC, Rajkot",reception venues in Metoda GIDC Rajkot,"reception venue Metoda GIDC, reception hall near Metoda GIDC Rajkot, reception venue near Metoda GIDC",Transactional (Hyper-local),High
Event + City Area,"Wedding Venues in Morbi Road, Rajkot | VenueConnect",/rajkot/morbi-road/wedding-venues/,"Best Wedding Venues in Morbi Road, Rajkot | Book Near You - VenueConnect","Find the perfect wedding venue in Morbi Road, Rajkot. Compare halls, farmhouses & party plots near Morbi Road. Get instant leads & free quotes on VenueConnect.","Best Wedding Venues in Morbi Road, Rajkot",wedding venues in Morbi Road Rajkot,"wedding venue Morbi Road, wedding hall near Morbi Road Rajkot, wedding venue near Morbi Road",Transactional (Hyper-local),High
Event + City Area,"Birthday Party Venues in Morbi Road, Rajkot | VenueConnect",/rajkot/morbi-road/birthday-party-venues/,"Best Birthday Party Venues in Morbi Road, Rajkot | Book Near You - VenueConnect","Find the perfect birthday party venue in Morbi Road, Rajkot. Compare halls, farmhouses & party plots near Morbi Road. Get instant leads & free quotes on VenueConnect.","Best Birthday Party Venues in Morbi Road, Rajkot",birthday party venues in Morbi Road Rajkot,"birthday party venue Morbi Road, birthday party hall near Morbi Road Rajkot, birthday party venue near Morbi Road",Transactional (Hyper-local),High
Event + City Area,"Engagement Venues in Morbi Road, Rajkot | VenueConnect",/rajkot/morbi-road/engagement-venues/,"Best Engagement Venues in Morbi Road, Rajkot | Book Near You - VenueConnect","Find the perfect engagement venue in Morbi Road, Rajkot. Compare halls, farmhouses & party plots near Morbi Road. Get instant leads & free quotes on VenueConnect.","Best Engagement Venues in Morbi Road, Rajkot",engagement venues in Morbi Road Rajkot,"engagement venue Morbi Road, engagement hall near Morbi Road Rajkot, engagement venue near Morbi Road",Transactional (Hyper-local),High
Event + City Area,"Corporate Event Venues in Morbi Road, Rajkot | VenueConnect",/rajkot/morbi-road/corporate-event-venues/,"Best Corporate Event Venues in Morbi Road, Rajkot | Book Near You - VenueConnect","Find the perfect corporate event venue in Morbi Road, Rajkot. Compare halls, farmhouses & party plots near Morbi Road. Get instant leads & free quotes on VenueConnect.","Best Corporate Event Venues in Morbi Road, Rajkot",corporate event venues in Morbi Road Rajkot,"corporate event venue Morbi Road, corporate event hall near Morbi Road Rajkot, corporate event venue near Morbi Road",Transactional (Hyper-local),High
Event + City Area,"Reception Venues in Morbi Road, Rajkot | VenueConnect",/rajkot/morbi-road/reception-venues/,"Best Reception Venues in Morbi Road, Rajkot | Book Near You - VenueConnect","Find the perfect reception venue in Morbi Road, Rajkot. Compare halls, farmhouses & party plots near Morbi Road. Get instant leads & free quotes on VenueConnect.","Best Reception Venues in Morbi Road, Rajkot",reception venues in Morbi Road Rajkot,"reception venue Morbi Road, reception hall near Morbi Road Rajkot, reception venue near Morbi Road",Transactional (Hyper-local),High
Event + City Area,"Wedding Venues in Nana Mava, Rajkot | VenueConnect",/rajkot/nana-mava/wedding-venues/,"Best Wedding Venues in Nana Mava, Rajkot | Book Near You - VenueConnect","Find the perfect wedding venue in Nana Mava, Rajkot. Compare halls, farmhouses & party plots near Nana Mava. Get instant leads & free quotes on VenueConnect.","Best Wedding Venues in Nana Mava, Rajkot",wedding venues in Nana Mava Rajkot,"wedding venue Nana Mava, wedding hall near Nana Mava Rajkot, wedding venue near Nana Mava",Transactional (Hyper-local),High
Event + City Area,"Birthday Party Venues in Nana Mava, Rajkot | VenueConnect",/rajkot/nana-mava/birthday-party-venues/,"Best Birthday Party Venues in Nana Mava, Rajkot | Book Near You - VenueConnect","Find the perfect birthday party venue in Nana Mava, Rajkot. Compare halls, farmhouses & party plots near Nana Mava. Get instant leads & free quotes on VenueConnect.","Best Birthday Party Venues in Nana Mava, Rajkot",birthday party venues in Nana Mava Rajkot,"birthday party venue Nana Mava, birthday party hall near Nana Mava Rajkot, birthday party venue near Nana Mava",Transactional (Hyper-local),High
Event + City Area,"Engagement Venues in Nana Mava, Rajkot | VenueConnect",/rajkot/nana-mava/engagement-venues/,"Best Engagement Venues in Nana Mava, Rajkot | Book Near You - VenueConnect","Find the perfect engagement venue in Nana Mava, Rajkot. Compare halls, farmhouses & party plots near Nana Mava. Get instant leads & free quotes on VenueConnect.","Best Engagement Venues in Nana Mava, Rajkot",engagement venues in Nana Mava Rajkot,"engagement venue Nana Mava, engagement hall near Nana Mava Rajkot, engagement venue near Nana Mava",Transactional (Hyper-local),High
Event + City Area,"Corporate Event Venues in Nana Mava, Rajkot | VenueConnect",/rajkot/nana-mava/corporate-event-venues/,"Best Corporate Event Venues in Nana Mava, Rajkot | Book Near You - VenueConnect","Find the perfect corporate event venue in Nana Mava, Rajkot. Compare halls, farmhouses & party plots near Nana Mava. Get instant leads & free quotes on VenueConnect.","Best Corporate Event Venues in Nana Mava, Rajkot",corporate event venues in Nana Mava Rajkot,"corporate event venue Nana Mava, corporate event hall near Nana Mava Rajkot, corporate event venue near Nana Mava",Transactional (Hyper-local),High
Event + City Area,"Reception Venues in Nana Mava, Rajkot | VenueConnect",/rajkot/nana-mava/reception-venues/,"Best Reception Venues in Nana Mava, Rajkot | Book Near You - VenueConnect","Find the perfect reception venue in Nana Mava, Rajkot. Compare halls, farmhouses & party plots near Nana Mava. Get instant leads & free quotes on VenueConnect.","Best Reception Venues in Nana Mava, Rajkot",reception venues in Nana Mava Rajkot,"reception venue Nana Mava, reception hall near Nana Mava Rajkot, reception venue near Nana Mava",Transactional (Hyper-local),High
Event + City Area,"Wedding Venues in Nirmala Convent Road, Rajkot | VenueConnect",/rajkot/nirmala-convent-road/wedding-venues/,"Best Wedding Venues in Nirmala Convent Road, Rajkot | Book Near You - VenueConnect","Find the perfect wedding venue in Nirmala Convent Road, Rajkot. Compare halls, farmhouses & party plots near Nirmala Convent Road. Get instant leads & free quotes on VenueConnect.","Best Wedding Venues in Nirmala Convent Road, Rajkot",wedding venues in Nirmala Convent Road Rajkot,"wedding venue Nirmala Convent Road, wedding hall near Nirmala Convent Road Rajkot, wedding venue near Nirmala Convent Road",Transactional (Hyper-local),High
Event + City Area,"Birthday Party Venues in Nirmala Convent Road, Rajkot | VenueConnect",/rajkot/nirmala-convent-road/birthday-party-venues/,"Best Birthday Party Venues in Nirmala Convent Road, Rajkot | Book Near You - VenueConnect","Find the perfect birthday party venue in Nirmala Convent Road, Rajkot. Compare halls, farmhouses & party plots near Nirmala Convent Road. Get instant leads & free quotes on VenueConnect.","Best Birthday Party Venues in Nirmala Convent Road, Rajkot",birthday party venues in Nirmala Convent Road Rajkot,"birthday party venue Nirmala Convent Road, birthday party hall near Nirmala Convent Road Rajkot, birthday party venue near Nirmala Convent Road",Transactional (Hyper-local),High
Event + City Area,"Engagement Venues in Nirmala Convent Road, Rajkot | VenueConnect",/rajkot/nirmala-convent-road/engagement-venues/,"Best Engagement Venues in Nirmala Convent Road, Rajkot | Book Near You - VenueConnect","Find the perfect engagement venue in Nirmala Convent Road, Rajkot. Compare halls, farmhouses & party plots near Nirmala Convent Road. Get instant leads & free quotes on VenueConnect.","Best Engagement Venues in Nirmala Convent Road, Rajkot",engagement venues in Nirmala Convent Road Rajkot,"engagement venue Nirmala Convent Road, engagement hall near Nirmala Convent Road Rajkot, engagement venue near Nirmala Convent Road",Transactional (Hyper-local),High
Event + City Area,"Corporate Event Venues in Nirmala Convent Road, Rajkot | VenueConnect",/rajkot/nirmala-convent-road/corporate-event-venues/,"Best Corporate Event Venues in Nirmala Convent Road, Rajkot | Book Near You - VenueConnect","Find the perfect corporate event venue in Nirmala Convent Road, Rajkot. Compare halls, farmhouses & party plots near Nirmala Convent Road. Get instant leads & free quotes on VenueConnect.","Best Corporate Event Venues in Nirmala Convent Road, Rajkot",corporate event venues in Nirmala Convent Road Rajkot,"corporate event venue Nirmala Convent Road, corporate event hall near Nirmala Convent Road Rajkot, corporate event venue near Nirmala Convent Road",Transactional (Hyper-local),High
Event + City Area,"Reception Venues in Nirmala Convent Road, Rajkot | VenueConnect",/rajkot/nirmala-convent-road/reception-venues/,"Best Reception Venues in Nirmala Convent Road, Rajkot | Book Near You - VenueConnect","Find the perfect reception venue in Nirmala Convent Road, Rajkot. Compare halls, farmhouses & party plots near Nirmala Convent Road. Get instant leads & free quotes on VenueConnect.","Best Reception Venues in Nirmala Convent Road, Rajkot",reception venues in Nirmala Convent Road Rajkot,"reception venue Nirmala Convent Road, reception hall near Nirmala Convent Road Rajkot, reception venue near Nirmala Convent Road",Transactional (Hyper-local),High
Event + City Area,"Wedding Venues in Paddhari, Rajkot | VenueConnect",/rajkot/paddhari/wedding-venues/,"Best Wedding Venues in Paddhari, Rajkot | Book Near You - VenueConnect","Find the perfect wedding venue in Paddhari, Rajkot. Compare halls, farmhouses & party plots near Paddhari. Get instant leads & free quotes on VenueConnect.","Best Wedding Venues in Paddhari, Rajkot",wedding venues in Paddhari Rajkot,"wedding venue Paddhari, wedding hall near Paddhari Rajkot, wedding venue near Paddhari",Transactional (Hyper-local),High
Event + City Area,"Birthday Party Venues in Paddhari, Rajkot | VenueConnect",/rajkot/paddhari/birthday-party-venues/,"Best Birthday Party Venues in Paddhari, Rajkot | Book Near You - VenueConnect","Find the perfect birthday party venue in Paddhari, Rajkot. Compare halls, farmhouses & party plots near Paddhari. Get instant leads & free quotes on VenueConnect.","Best Birthday Party Venues in Paddhari, Rajkot",birthday party venues in Paddhari Rajkot,"birthday party venue Paddhari, birthday party hall near Paddhari Rajkot, birthday party venue near Paddhari",Transactional (Hyper-local),High
Event + City Area,"Engagement Venues in Paddhari, Rajkot | VenueConnect",/rajkot/paddhari/engagement-venues/,"Best Engagement Venues in Paddhari, Rajkot | Book Near You - VenueConnect","Find the perfect engagement venue in Paddhari, Rajkot. Compare halls, farmhouses & party plots near Paddhari. Get instant leads & free quotes on VenueConnect.","Best Engagement Venues in Paddhari, Rajkot",engagement venues in Paddhari Rajkot,"engagement venue Paddhari, engagement hall near Paddhari Rajkot, engagement venue near Paddhari",Transactional (Hyper-local),High
Event + City Area,"Corporate Event Venues in Paddhari, Rajkot | VenueConnect",/rajkot/paddhari/corporate-event-venues/,"Best Corporate Event Venues in Paddhari, Rajkot | Book Near You - VenueConnect","Find the perfect corporate event venue in Paddhari, Rajkot. Compare halls, farmhouses & party plots near Paddhari. Get instant leads & free quotes on VenueConnect.","Best Corporate Event Venues in Paddhari, Rajkot",corporate event venues in Paddhari Rajkot,"corporate event venue Paddhari, corporate event hall near Paddhari Rajkot, corporate event venue near Paddhari",Transactional (Hyper-local),High
Event + City Area,"Reception Venues in Paddhari, Rajkot | VenueConnect",/rajkot/paddhari/reception-venues/,"Best Reception Venues in Paddhari, Rajkot | Book Near You - VenueConnect","Find the perfect reception venue in Paddhari, Rajkot. Compare halls, farmhouses & party plots near Paddhari. Get instant leads & free quotes on VenueConnect.","Best Reception Venues in Paddhari, Rajkot",reception venues in Paddhari Rajkot,"reception venue Paddhari, reception hall near Paddhari Rajkot, reception venue near Paddhari",Transactional (Hyper-local),High
Event + City Area,"Wedding Venues in Punjabi Para, Rajkot | VenueConnect",/rajkot/punjabi-para/wedding-venues/,"Best Wedding Venues in Punjabi Para, Rajkot | Book Near You - VenueConnect","Find the perfect wedding venue in Punjabi Para, Rajkot. Compare halls, farmhouses & party plots near Punjabi Para. Get instant leads & free quotes on VenueConnect.","Best Wedding Venues in Punjabi Para, Rajkot",wedding venues in Punjabi Para Rajkot,"wedding venue Punjabi Para, wedding hall near Punjabi Para Rajkot, wedding venue near Punjabi Para",Transactional (Hyper-local),High
Event + City Area,"Birthday Party Venues in Punjabi Para, Rajkot | VenueConnect",/rajkot/punjabi-para/birthday-party-venues/,"Best Birthday Party Venues in Punjabi Para, Rajkot | Book Near You - VenueConnect","Find the perfect birthday party venue in Punjabi Para, Rajkot. Compare halls, farmhouses & party plots near Punjabi Para. Get instant leads & free quotes on VenueConnect.","Best Birthday Party Venues in Punjabi Para, Rajkot",birthday party venues in Punjabi Para Rajkot,"birthday party venue Punjabi Para, birthday party hall near Punjabi Para Rajkot, birthday party venue near Punjabi Para",Transactional (Hyper-local),High
Event + City Area,"Engagement Venues in Punjabi Para, Rajkot | VenueConnect",/rajkot/punjabi-para/engagement-venues/,"Best Engagement Venues in Punjabi Para, Rajkot | Book Near You - VenueConnect","Find the perfect engagement venue in Punjabi Para, Rajkot. Compare halls, farmhouses & party plots near Punjabi Para. Get instant leads & free quotes on VenueConnect.","Best Engagement Venues in Punjabi Para, Rajkot",engagement venues in Punjabi Para Rajkot,"engagement venue Punjabi Para, engagement hall near Punjabi Para Rajkot, engagement venue near Punjabi Para",Transactional (Hyper-local),High
Event + City Area,"Corporate Event Venues in Punjabi Para, Rajkot | VenueConnect",/rajkot/punjabi-para/corporate-event-venues/,"Best Corporate Event Venues in Punjabi Para, Rajkot | Book Near You - VenueConnect","Find the perfect corporate event venue in Punjabi Para, Rajkot. Compare halls, farmhouses & party plots near Punjabi Para. Get instant leads & free quotes on VenueConnect.","Best Corporate Event Venues in Punjabi Para, Rajkot",corporate event venues in Punjabi Para Rajkot,"corporate event venue Punjabi Para, corporate event hall near Punjabi Para Rajkot, corporate event venue near Punjabi Para",Transactional (Hyper-local),High
Event + City Area,"Reception Venues in Punjabi Para, Rajkot | VenueConnect",/rajkot/punjabi-para/reception-venues/,"Best Reception Venues in Punjabi Para, Rajkot | Book Near You - VenueConnect","Find the perfect reception venue in Punjabi Para, Rajkot. Compare halls, farmhouses & party plots near Punjabi Para. Get instant leads & free quotes on VenueConnect.","Best Reception Venues in Punjabi Para, Rajkot",reception venues in Punjabi Para Rajkot,"reception venue Punjabi Para, reception hall near Punjabi Para Rajkot, reception venue near Punjabi Para",Transactional (Hyper-local),High
Event + City Area,"Wedding Venues in Sadhuvasvani Road, Rajkot | VenueConnect",/rajkot/sadhuvasvani-road/wedding-venues/,"Best Wedding Venues in Sadhuvasvani Road, Rajkot | Book Near You - VenueConnect","Find the perfect wedding venue in Sadhuvasvani Road, Rajkot. Compare halls, farmhouses & party plots near Sadhuvasvani Road. Get instant leads & free quotes on VenueConnect.","Best Wedding Venues in Sadhuvasvani Road, Rajkot",wedding venues in Sadhuvasvani Road Rajkot,"wedding venue Sadhuvasvani Road, wedding hall near Sadhuvasvani Road Rajkot, wedding venue near Sadhuvasvani Road",Transactional (Hyper-local),High
Event + City Area,"Birthday Party Venues in Sadhuvasvani Road, Rajkot | VenueConnect",/rajkot/sadhuvasvani-road/birthday-party-venues/,"Best Birthday Party Venues in Sadhuvasvani Road, Rajkot | Book Near You - VenueConnect","Find the perfect birthday party venue in Sadhuvasvani Road, Rajkot. Compare halls, farmhouses & party plots near Sadhuvasvani Road. Get instant leads & free quotes on VenueConnect.","Best Birthday Party Venues in Sadhuvasvani Road, Rajkot",birthday party venues in Sadhuvasvani Road Rajkot,"birthday party venue Sadhuvasvani Road, birthday party hall near Sadhuvasvani Road Rajkot, birthday party venue near Sadhuvasvani Road",Transactional (Hyper-local),High
Event + City Area,"Engagement Venues in Sadhuvasvani Road, Rajkot | VenueConnect",/rajkot/sadhuvasvani-road/engagement-venues/,"Best Engagement Venues in Sadhuvasvani Road, Rajkot | Book Near You - VenueConnect","Find the perfect engagement venue in Sadhuvasvani Road, Rajkot. Compare halls, farmhouses & party plots near Sadhuvasvani Road. Get instant leads & free quotes on VenueConnect.","Best Engagement Venues in Sadhuvasvani Road, Rajkot",engagement venues in Sadhuvasvani Road Rajkot,"engagement venue Sadhuvasvani Road, engagement hall near Sadhuvasvani Road Rajkot, engagement venue near Sadhuvasvani Road",Transactional (Hyper-local),High
Event + City Area,"Corporate Event Venues in Sadhuvasvani Road, Rajkot | VenueConnect",/rajkot/sadhuvasvani-road/corporate-event-venues/,"Best Corporate Event Venues in Sadhuvasvani Road, Rajkot | Book Near You - VenueConnect","Find the perfect corporate event venue in Sadhuvasvani Road, Rajkot. Compare halls, farmhouses & party plots near Sadhuvasvani Road. Get instant leads & free quotes on VenueConnect.","Best Corporate Event Venues in Sadhuvasvani Road, Rajkot",corporate event venues in Sadhuvasvani Road Rajkot,"corporate event venue Sadhuvasvani Road, corporate event hall near Sadhuvasvani Road Rajkot, corporate event venue near Sadhuvasvani Road",Transactional (Hyper-local),High
Event + City Area,"Reception Venues in Sadhuvasvani Road, Rajkot | VenueConnect",/rajkot/sadhuvasvani-road/reception-venues/,"Best Reception Venues in Sadhuvasvani Road, Rajkot | Book Near You - VenueConnect","Find the perfect reception venue in Sadhuvasvani Road, Rajkot. Compare halls, farmhouses & party plots near Sadhuvasvani Road. Get instant leads & free quotes on VenueConnect.","Best Reception Venues in Sadhuvasvani Road, Rajkot",reception venues in Sadhuvasvani Road Rajkot,"reception venue Sadhuvasvani Road, reception hall near Sadhuvasvani Road Rajkot, reception venue near Sadhuvasvani Road",Transactional (Hyper-local),High
Event + City Area,"Wedding Venues in Shashtri Maidan, Rajkot | VenueConnect",/rajkot/shashtri-maidan/wedding-venues/,"Best Wedding Venues in Shashtri Maidan, Rajkot | Book Near You - VenueConnect","Find the perfect wedding venue in Shashtri Maidan, Rajkot. Compare halls, farmhouses & party plots near Shashtri Maidan. Get instant leads & free quotes on VenueConnect.","Best Wedding Venues in Shashtri Maidan, Rajkot",wedding venues in Shashtri Maidan Rajkot,"wedding venue Shashtri Maidan, wedding hall near Shashtri Maidan Rajkot, wedding venue near Shashtri Maidan",Transactional (Hyper-local),High
Event + City Area,"Birthday Party Venues in Shashtri Maidan, Rajkot | VenueConnect",/rajkot/shashtri-maidan/birthday-party-venues/,"Best Birthday Party Venues in Shashtri Maidan, Rajkot | Book Near You - VenueConnect","Find the perfect birthday party venue in Shashtri Maidan, Rajkot. Compare halls, farmhouses & party plots near Shashtri Maidan. Get instant leads & free quotes on VenueConnect.","Best Birthday Party Venues in Shashtri Maidan, Rajkot",birthday party venues in Shashtri Maidan Rajkot,"birthday party venue Shashtri Maidan, birthday party hall near Shashtri Maidan Rajkot, birthday party venue near Shashtri Maidan",Transactional (Hyper-local),High
Event + City Area,"Engagement Venues in Shashtri Maidan, Rajkot | VenueConnect",/rajkot/shashtri-maidan/engagement-venues/,"Best Engagement Venues in Shashtri Maidan, Rajkot | Book Near You - VenueConnect","Find the perfect engagement venue in Shashtri Maidan, Rajkot. Compare halls, farmhouses & party plots near Shashtri Maidan. Get instant leads & free quotes on VenueConnect.","Best Engagement Venues in Shashtri Maidan, Rajkot",engagement venues in Shashtri Maidan Rajkot,"engagement venue Shashtri Maidan, engagement hall near Shashtri Maidan Rajkot, engagement venue near Shashtri Maidan",Transactional (Hyper-local),High
Event + City Area,"Corporate Event Venues in Shashtri Maidan, Rajkot | VenueConnect",/rajkot/shashtri-maidan/corporate-event-venues/,"Best Corporate Event Venues in Shashtri Maidan, Rajkot | Book Near You - VenueConnect","Find the perfect corporate event venue in Shashtri Maidan, Rajkot. Compare halls, farmhouses & party plots near Shashtri Maidan. Get instant leads & free quotes on VenueConnect.","Best Corporate Event Venues in Shashtri Maidan, Rajkot",corporate event venues in Shashtri Maidan Rajkot,"corporate event venue Shashtri Maidan, corporate event hall near Shashtri Maidan Rajkot, corporate event venue near Shashtri Maidan",Transactional (Hyper-local),High
Event + City Area,"Reception Venues in Shashtri Maidan, Rajkot | VenueConnect",/rajkot/shashtri-maidan/reception-venues/,"Best Reception Venues in Shashtri Maidan, Rajkot | Book Near You - VenueConnect","Find the perfect reception venue in Shashtri Maidan, Rajkot. Compare halls, farmhouses & party plots near Shashtri Maidan. Get instant leads & free quotes on VenueConnect.","Best Reception Venues in Shashtri Maidan, Rajkot",reception venues in Shashtri Maidan Rajkot,"reception venue Shashtri Maidan, reception hall near Shashtri Maidan Rajkot, reception venue near Shashtri Maidan",Transactional (Hyper-local),High
Event + City Area,"Wedding Venues in Shrimali Society, Rajkot | VenueConnect",/rajkot/shrimali-society/wedding-venues/,"Best Wedding Venues in Shrimali Society, Rajkot | Book Near You - VenueConnect","Find the perfect wedding venue in Shrimali Society, Rajkot. Compare halls, farmhouses & party plots near Shrimali Society. Get instant leads & free quotes on VenueConnect.","Best Wedding Venues in Shrimali Society, Rajkot",wedding venues in Shrimali Society Rajkot,"wedding venue Shrimali Society, wedding hall near Shrimali Society Rajkot, wedding venue near Shrimali Society",Transactional (Hyper-local),High
Event + City Area,"Birthday Party Venues in Shrimali Society, Rajkot | VenueConnect",/rajkot/shrimali-society/birthday-party-venues/,"Best Birthday Party Venues in Shrimali Society, Rajkot | Book Near You - VenueConnect","Find the perfect birthday party venue in Shrimali Society, Rajkot. Compare halls, farmhouses & party plots near Shrimali Society. Get instant leads & free quotes on VenueConnect.","Best Birthday Party Venues in Shrimali Society, Rajkot",birthday party venues in Shrimali Society Rajkot,"birthday party venue Shrimali Society, birthday party hall near Shrimali Society Rajkot, birthday party venue near Shrimali Society",Transactional (Hyper-local),High
Event + City Area,"Engagement Venues in Shrimali Society, Rajkot | VenueConnect",/rajkot/shrimali-society/engagement-venues/,"Best Engagement Venues in Shrimali Society, Rajkot | Book Near You - VenueConnect","Find the perfect engagement venue in Shrimali Society, Rajkot. Compare halls, farmhouses & party plots near Shrimali Society. Get instant leads & free quotes on VenueConnect.","Best Engagement Venues in Shrimali Society, Rajkot",engagement venues in Shrimali Society Rajkot,"engagement venue Shrimali Society, engagement hall near Shrimali Society Rajkot, engagement venue near Shrimali Society",Transactional (Hyper-local),High
Event + City Area,"Corporate Event Venues in Shrimali Society, Rajkot | VenueConnect",/rajkot/shrimali-society/corporate-event-venues/,"Best Corporate Event Venues in Shrimali Society, Rajkot | Book Near You - VenueConnect","Find the perfect corporate event venue in Shrimali Society, Rajkot. Compare halls, farmhouses & party plots near Shrimali Society. Get instant leads & free quotes on VenueConnect.","Best Corporate Event Venues in Shrimali Society, Rajkot",corporate event venues in Shrimali Society Rajkot,"corporate event venue Shrimali Society, corporate event hall near Shrimali Society Rajkot, corporate event venue near Shrimali Society",Transactional (Hyper-local),High
Event + City Area,"Reception Venues in Shrimali Society, Rajkot | VenueConnect",/rajkot/shrimali-society/reception-venues/,"Best Reception Venues in Shrimali Society, Rajkot | Book Near You - VenueConnect","Find the perfect reception venue in Shrimali Society, Rajkot. Compare halls, farmhouses & party plots near Shrimali Society. Get instant leads & free quotes on VenueConnect.","Best Reception Venues in Shrimali Society, Rajkot",reception venues in Shrimali Society Rajkot,"reception venue Shrimali Society, reception hall near Shrimali Society Rajkot, reception venue near Shrimali Society",Transactional (Hyper-local),High
Event + City Area,"Wedding Venues in Tagore Road, Rajkot | VenueConnect",/rajkot/tagore-road/wedding-venues/,"Best Wedding Venues in Tagore Road, Rajkot | Book Near You - VenueConnect","Find the perfect wedding venue in Tagore Road, Rajkot. Compare halls, farmhouses & party plots near Tagore Road. Get instant leads & free quotes on VenueConnect.","Best Wedding Venues in Tagore Road, Rajkot",wedding venues in Tagore Road Rajkot,"wedding venue Tagore Road, wedding hall near Tagore Road Rajkot, wedding venue near Tagore Road",Transactional (Hyper-local),High
Event + City Area,"Birthday Party Venues in Tagore Road, Rajkot | VenueConnect",/rajkot/tagore-road/birthday-party-venues/,"Best Birthday Party Venues in Tagore Road, Rajkot | Book Near You - VenueConnect","Find the perfect birthday party venue in Tagore Road, Rajkot. Compare halls, farmhouses & party plots near Tagore Road. Get instant leads & free quotes on VenueConnect.","Best Birthday Party Venues in Tagore Road, Rajkot",birthday party venues in Tagore Road Rajkot,"birthday party venue Tagore Road, birthday party hall near Tagore Road Rajkot, birthday party venue near Tagore Road",Transactional (Hyper-local),High
Event + City Area,"Engagement Venues in Tagore Road, Rajkot | VenueConnect",/rajkot/tagore-road/engagement-venues/,"Best Engagement Venues in Tagore Road, Rajkot | Book Near You - VenueConnect","Find the perfect engagement venue in Tagore Road, Rajkot. Compare halls, farmhouses & party plots near Tagore Road. Get instant leads & free quotes on VenueConnect.","Best Engagement Venues in Tagore Road, Rajkot",engagement venues in Tagore Road Rajkot,"engagement venue Tagore Road, engagement hall near Tagore Road Rajkot, engagement venue near Tagore Road",Transactional (Hyper-local),High
Event + City Area,"Corporate Event Venues in Tagore Road, Rajkot | VenueConnect",/rajkot/tagore-road/corporate-event-venues/,"Best Corporate Event Venues in Tagore Road, Rajkot | Book Near You - VenueConnect","Find the perfect corporate event venue in Tagore Road, Rajkot. Compare halls, farmhouses & party plots near Tagore Road. Get instant leads & free quotes on VenueConnect.","Best Corporate Event Venues in Tagore Road, Rajkot",corporate event venues in Tagore Road Rajkot,"corporate event venue Tagore Road, corporate event hall near Tagore Road Rajkot, corporate event venue near Tagore Road",Transactional (Hyper-local),High
Event + City Area,"Reception Venues in Tagore Road, Rajkot | VenueConnect",/rajkot/tagore-road/reception-venues/,"Best Reception Venues in Tagore Road, Rajkot | Book Near You - VenueConnect","Find the perfect reception venue in Tagore Road, Rajkot. Compare halls, farmhouses & party plots near Tagore Road. Get instant leads & free quotes on VenueConnect.","Best Reception Venues in Tagore Road, Rajkot",reception venues in Tagore Road Rajkot,"reception venue Tagore Road, reception hall near Tagore Road Rajkot, reception venue near Tagore Road",Transactional (Hyper-local),High
Event + City Area,"Wedding Venues in Vavdi, Rajkot | VenueConnect",/rajkot/vavdi/wedding-venues/,"Best Wedding Venues in Vavdi, Rajkot | Book Near You - VenueConnect","Find the perfect wedding venue in Vavdi, Rajkot. Compare halls, farmhouses & party plots near Vavdi. Get instant leads & free quotes on VenueConnect.","Best Wedding Venues in Vavdi, Rajkot",wedding venues in Vavdi Rajkot,"wedding venue Vavdi, wedding hall near Vavdi Rajkot, wedding venue near Vavdi",Transactional (Hyper-local),High
Event + City Area,"Birthday Party Venues in Vavdi, Rajkot | VenueConnect",/rajkot/vavdi/birthday-party-venues/,"Best Birthday Party Venues in Vavdi, Rajkot | Book Near You - VenueConnect","Find the perfect birthday party venue in Vavdi, Rajkot. Compare halls, farmhouses & party plots near Vavdi. Get instant leads & free quotes on VenueConnect.","Best Birthday Party Venues in Vavdi, Rajkot",birthday party venues in Vavdi Rajkot,"birthday party venue Vavdi, birthday party hall near Vavdi Rajkot, birthday party venue near Vavdi",Transactional (Hyper-local),High
Event + City Area,"Engagement Venues in Vavdi, Rajkot | VenueConnect",/rajkot/vavdi/engagement-venues/,"Best Engagement Venues in Vavdi, Rajkot | Book Near You - VenueConnect","Find the perfect engagement venue in Vavdi, Rajkot. Compare halls, farmhouses & party plots near Vavdi. Get instant leads & free quotes on VenueConnect.","Best Engagement Venues in Vavdi, Rajkot",engagement venues in Vavdi Rajkot,"engagement venue Vavdi, engagement hall near Vavdi Rajkot, engagement venue near Vavdi",Transactional (Hyper-local),High
Event + City Area,"Corporate Event Venues in Vavdi, Rajkot | VenueConnect",/rajkot/vavdi/corporate-event-venues/,"Best Corporate Event Venues in Vavdi, Rajkot | Book Near You - VenueConnect","Find the perfect corporate event venue in Vavdi, Rajkot. Compare halls, farmhouses & party plots near Vavdi. Get instant leads & free quotes on VenueConnect.","Best Corporate Event Venues in Vavdi, Rajkot",corporate event venues in Vavdi Rajkot,"corporate event venue Vavdi, corporate event hall near Vavdi Rajkot, corporate event venue near Vavdi",Transactional (Hyper-local),High
Event + City Area,"Reception Venues in Vavdi, Rajkot | VenueConnect",/rajkot/vavdi/reception-venues/,"Best Reception Venues in Vavdi, Rajkot | Book Near You - VenueConnect","Find the perfect reception venue in Vavdi, Rajkot. Compare halls, farmhouses & party plots near Vavdi. Get instant leads & free quotes on VenueConnect.","Best Reception Venues in Vavdi, Rajkot",reception venues in Vavdi Rajkot,"reception venue Vavdi, reception hall near Vavdi Rajkot, reception venue near Vavdi",Transactional (Hyper-local),High
Event + City Area,"Wedding Venues in Virani Circle, Rajkot | VenueConnect",/rajkot/virani-circle/wedding-venues/,"Best Wedding Venues in Virani Circle, Rajkot | Book Near You - VenueConnect","Find the perfect wedding venue in Virani Circle, Rajkot. Compare halls, farmhouses & party plots near Virani Circle. Get instant leads & free quotes on VenueConnect.","Best Wedding Venues in Virani Circle, Rajkot",wedding venues in Virani Circle Rajkot,"wedding venue Virani Circle, wedding hall near Virani Circle Rajkot, wedding venue near Virani Circle",Transactional (Hyper-local),High
Event + City Area,"Birthday Party Venues in Virani Circle, Rajkot | VenueConnect",/rajkot/virani-circle/birthday-party-venues/,"Best Birthday Party Venues in Virani Circle, Rajkot | Book Near You - VenueConnect","Find the perfect birthday party venue in Virani Circle, Rajkot. Compare halls, farmhouses & party plots near Virani Circle. Get instant leads & free quotes on VenueConnect.","Best Birthday Party Venues in Virani Circle, Rajkot",birthday party venues in Virani Circle Rajkot,"birthday party venue Virani Circle, birthday party hall near Virani Circle Rajkot, birthday party venue near Virani Circle",Transactional (Hyper-local),High
Event + City Area,"Engagement Venues in Virani Circle, Rajkot | VenueConnect",/rajkot/virani-circle/engagement-venues/,"Best Engagement Venues in Virani Circle, Rajkot | Book Near You - VenueConnect","Find the perfect engagement venue in Virani Circle, Rajkot. Compare halls, farmhouses & party plots near Virani Circle. Get instant leads & free quotes on VenueConnect.","Best Engagement Venues in Virani Circle, Rajkot",engagement venues in Virani Circle Rajkot,"engagement venue Virani Circle, engagement hall near Virani Circle Rajkot, engagement venue near Virani Circle",Transactional (Hyper-local),High
Event + City Area,"Corporate Event Venues in Virani Circle, Rajkot | VenueConnect",/rajkot/virani-circle/corporate-event-venues/,"Best Corporate Event Venues in Virani Circle, Rajkot | Book Near You - VenueConnect","Find the perfect corporate event venue in Virani Circle, Rajkot. Compare halls, farmhouses & party plots near Virani Circle. Get instant leads & free quotes on VenueConnect.","Best Corporate Event Venues in Virani Circle, Rajkot",corporate event venues in Virani Circle Rajkot,"corporate event venue Virani Circle, corporate event hall near Virani Circle Rajkot, corporate event venue near Virani Circle",Transactional (Hyper-local),High
Event + City Area,"Reception Venues in Virani Circle, Rajkot | VenueConnect",/rajkot/virani-circle/reception-venues/,"Best Reception Venues in Virani Circle, Rajkot | Book Near You - VenueConnect","Find the perfect reception venue in Virani Circle, Rajkot. Compare halls, farmhouses & party plots near Virani Circle. Get instant leads & free quotes on VenueConnect.","Best Reception Venues in Virani Circle, Rajkot",reception venues in Virani Circle Rajkot,"reception venue Virani Circle, reception hall near Virani Circle Rajkot, reception venue near Virani Circle",Transactional (Hyper-local),High
Event + City Area,"Wedding Venues in Zankar Chowk, Rajkot | VenueConnect",/rajkot/zankar-chowk/wedding-venues/,"Best Wedding Venues in Zankar Chowk, Rajkot | Book Near You - VenueConnect","Find the perfect wedding venue in Zankar Chowk, Rajkot. Compare halls, farmhouses & party plots near Zankar Chowk. Get instant leads & free quotes on VenueConnect.","Best Wedding Venues in Zankar Chowk, Rajkot",wedding venues in Zankar Chowk Rajkot,"wedding venue Zankar Chowk, wedding hall near Zankar Chowk Rajkot, wedding venue near Zankar Chowk",Transactional (Hyper-local),High
Event + City Area,"Birthday Party Venues in Zankar Chowk, Rajkot | VenueConnect",/rajkot/zankar-chowk/birthday-party-venues/,"Best Birthday Party Venues in Zankar Chowk, Rajkot | Book Near You - VenueConnect","Find the perfect birthday party venue in Zankar Chowk, Rajkot. Compare halls, farmhouses & party plots near Zankar Chowk. Get instant leads & free quotes on VenueConnect.","Best Birthday Party Venues in Zankar Chowk, Rajkot",birthday party venues in Zankar Chowk Rajkot,"birthday party venue Zankar Chowk, birthday party hall near Zankar Chowk Rajkot, birthday party venue near Zankar Chowk",Transactional (Hyper-local),High
Event + City Area,"Engagement Venues in Zankar Chowk, Rajkot | VenueConnect",/rajkot/zankar-chowk/engagement-venues/,"Best Engagement Venues in Zankar Chowk, Rajkot | Book Near You - VenueConnect","Find the perfect engagement venue in Zankar Chowk, Rajkot. Compare halls, farmhouses & party plots near Zankar Chowk. Get instant leads & free quotes on VenueConnect.","Best Engagement Venues in Zankar Chowk, Rajkot",engagement venues in Zankar Chowk Rajkot,"engagement venue Zankar Chowk, engagement hall near Zankar Chowk Rajkot, engagement venue near Zankar Chowk",Transactional (Hyper-local),High
Event + City Area,"Corporate Event Venues in Zankar Chowk, Rajkot | VenueConnect",/rajkot/zankar-chowk/corporate-event-venues/,"Best Corporate Event Venues in Zankar Chowk, Rajkot | Book Near You - VenueConnect","Find the perfect corporate event venue in Zankar Chowk, Rajkot. Compare halls, farmhouses & party plots near Zankar Chowk. Get instant leads & free quotes on VenueConnect.","Best Corporate Event Venues in Zankar Chowk, Rajkot",corporate event venues in Zankar Chowk Rajkot,"corporate event venue Zankar Chowk, corporate event hall near Zankar Chowk Rajkot, corporate event venue near Zankar Chowk",Transactional (Hyper-local),High
Event + City Area,"Reception Venues in Zankar Chowk, Rajkot | VenueConnect",/rajkot/zankar-chowk/reception-venues/,"Best Reception Venues in Zankar Chowk, Rajkot | Book Near You - VenueConnect","Find the perfect reception venue in Zankar Chowk, Rajkot. Compare halls, farmhouses & party plots near Zankar Chowk. Get instant leads & free quotes on VenueConnect.","Best Reception Venues in Zankar Chowk, Rajkot",reception venues in Zankar Chowk Rajkot,"reception venue Zankar Chowk, reception hall near Zankar Chowk Rajkot, reception venue near Zankar Chowk",Transactional (Hyper-local),High
Event + City Area,"Wedding Venues in Raiyadhar, Rajkot | VenueConnect",/rajkot/raiyadhar/wedding-venues/,"Best Wedding Venues in Raiyadhar, Rajkot | Book Near You - VenueConnect","Find the perfect wedding venue in Raiyadhar, Rajkot. Compare halls, farmhouses & party plots near Raiyadhar. Get instant leads & free quotes on VenueConnect.","Best Wedding Venues in Raiyadhar, Rajkot",wedding venues in Raiyadhar Rajkot,"wedding venue Raiyadhar, wedding hall near Raiyadhar Rajkot, wedding venue near Raiyadhar",Transactional (Hyper-local),High
Event + City Area,"Birthday Party Venues in Raiyadhar, Rajkot | VenueConnect",/rajkot/raiyadhar/birthday-party-venues/,"Best Birthday Party Venues in Raiyadhar, Rajkot | Book Near You - VenueConnect","Find the perfect birthday party venue in Raiyadhar, Rajkot. Compare halls, farmhouses & party plots near Raiyadhar. Get instant leads & free quotes on VenueConnect.","Best Birthday Party Venues in Raiyadhar, Rajkot",birthday party venues in Raiyadhar Rajkot,"birthday party venue Raiyadhar, birthday party hall near Raiyadhar Rajkot, birthday party venue near Raiyadhar",Transactional (Hyper-local),High
Event + City Area,"Engagement Venues in Raiyadhar, Rajkot | VenueConnect",/rajkot/raiyadhar/engagement-venues/,"Best Engagement Venues in Raiyadhar, Rajkot | Book Near You - VenueConnect","Find the perfect engagement venue in Raiyadhar, Rajkot. Compare halls, farmhouses & party plots near Raiyadhar. Get instant leads & free quotes on VenueConnect.","Best Engagement Venues in Raiyadhar, Rajkot",engagement venues in Raiyadhar Rajkot,"engagement venue Raiyadhar, engagement hall near Raiyadhar Rajkot, engagement venue near Raiyadhar",Transactional (Hyper-local),High
Event + City Area,"Corporate Event Venues in Raiyadhar, Rajkot | VenueConnect",/rajkot/raiyadhar/corporate-event-venues/,"Best Corporate Event Venues in Raiyadhar, Rajkot | Book Near You - VenueConnect","Find the perfect corporate event venue in Raiyadhar, Rajkot. Compare halls, farmhouses & party plots near Raiyadhar. Get instant leads & free quotes on VenueConnect.","Best Corporate Event Venues in Raiyadhar, Rajkot",corporate event venues in Raiyadhar Rajkot,"corporate event venue Raiyadhar, corporate event hall near Raiyadhar Rajkot, corporate event venue near Raiyadhar",Transactional (Hyper-local),High
Event + City Area,"Reception Venues in Raiyadhar, Rajkot | VenueConnect",/rajkot/raiyadhar/reception-venues/,"Best Reception Venues in Raiyadhar, Rajkot | Book Near You - VenueConnect","Find the perfect reception venue in Raiyadhar, Rajkot. Compare halls, farmhouses & party plots near Raiyadhar. Get instant leads & free quotes on VenueConnect.","Best Reception Venues in Raiyadhar, Rajkot",reception venues in Raiyadhar Rajkot,"reception venue Raiyadhar, reception hall near Raiyadhar Rajkot, reception venue near Raiyadhar",Transactional (Hyper-local),High
Event + City Area,"Wedding Venues in Hariom Nagar, Rajkot | VenueConnect",/rajkot/hariom-nagar/wedding-venues/,"Best Wedding Venues in Hariom Nagar, Rajkot | Book Near You - VenueConnect","Find the perfect wedding venue in Hariom Nagar, Rajkot. Compare halls, farmhouses & party plots near Hariom Nagar. Get instant leads & free quotes on VenueConnect.","Best Wedding Venues in Hariom Nagar, Rajkot",wedding venues in Hariom Nagar Rajkot,"wedding venue Hariom Nagar, wedding hall near Hariom Nagar Rajkot, wedding venue near Hariom Nagar",Transactional (Hyper-local),High
Event + City Area,"Birthday Party Venues in Hariom Nagar, Rajkot | VenueConnect",/rajkot/hariom-nagar/birthday-party-venues/,"Best Birthday Party Venues in Hariom Nagar, Rajkot | Book Near You - VenueConnect","Find the perfect birthday party venue in Hariom Nagar, Rajkot. Compare halls, farmhouses & party plots near Hariom Nagar. Get instant leads & free quotes on VenueConnect.","Best Birthday Party Venues in Hariom Nagar, Rajkot",birthday party venues in Hariom Nagar Rajkot,"birthday party venue Hariom Nagar, birthday party hall near Hariom Nagar Rajkot, birthday party venue near Hariom Nagar",Transactional (Hyper-local),High
Event + City Area,"Engagement Venues in Hariom Nagar, Rajkot | VenueConnect",/rajkot/hariom-nagar/engagement-venues/,"Best Engagement Venues in Hariom Nagar, Rajkot | Book Near You - VenueConnect","Find the perfect engagement venue in Hariom Nagar, Rajkot. Compare halls, farmhouses & party plots near Hariom Nagar. Get instant leads & free quotes on VenueConnect.","Best Engagement Venues in Hariom Nagar, Rajkot",engagement venues in Hariom Nagar Rajkot,"engagement venue Hariom Nagar, engagement hall near Hariom Nagar Rajkot, engagement venue near Hariom Nagar",Transactional (Hyper-local),High
Event + City Area,"Corporate Event Venues in Hariom Nagar, Rajkot | VenueConnect",/rajkot/hariom-nagar/corporate-event-venues/,"Best Corporate Event Venues in Hariom Nagar, Rajkot | Book Near You - VenueConnect","Find the perfect corporate event venue in Hariom Nagar, Rajkot. Compare halls, farmhouses & party plots near Hariom Nagar. Get instant leads & free quotes on VenueConnect.","Best Corporate Event Venues in Hariom Nagar, Rajkot",corporate event venues in Hariom Nagar Rajkot,"corporate event venue Hariom Nagar, corporate event hall near Hariom Nagar Rajkot, corporate event venue near Hariom Nagar",Transactional (Hyper-local),High
Event + City Area,"Reception Venues in Hariom Nagar, Rajkot | VenueConnect",/rajkot/hariom-nagar/reception-venues/,"Best Reception Venues in Hariom Nagar, Rajkot | Book Near You - VenueConnect","Find the perfect reception venue in Hariom Nagar, Rajkot. Compare halls, farmhouses & party plots near Hariom Nagar. Get instant leads & free quotes on VenueConnect.","Best Reception Venues in Hariom Nagar, Rajkot",reception venues in Hariom Nagar Rajkot,"reception venue Hariom Nagar, reception hall near Hariom Nagar Rajkot, reception venue near Hariom Nagar",Transactional (Hyper-local),High
Event + City Area,"Wedding Venues in Digvijay Plot, Rajkot | VenueConnect",/rajkot/digvijay-plot/wedding-venues/,"Best Wedding Venues in Digvijay Plot, Rajkot | Book Near You - VenueConnect","Find the perfect wedding venue in Digvijay Plot, Rajkot. Compare halls, farmhouses & party plots near Digvijay Plot. Get instant leads & free quotes on VenueConnect.","Best Wedding Venues in Digvijay Plot, Rajkot",wedding venues in Digvijay Plot Rajkot,"wedding venue Digvijay Plot, wedding hall near Digvijay Plot Rajkot, wedding venue near Digvijay Plot",Transactional (Hyper-local),High
Event + City Area,"Birthday Party Venues in Digvijay Plot, Rajkot | VenueConnect",/rajkot/digvijay-plot/birthday-party-venues/,"Best Birthday Party Venues in Digvijay Plot, Rajkot | Book Near You - VenueConnect","Find the perfect birthday party venue in Digvijay Plot, Rajkot. Compare halls, farmhouses & party plots near Digvijay Plot. Get instant leads & free quotes on VenueConnect.","Best Birthday Party Venues in Digvijay Plot, Rajkot",birthday party venues in Digvijay Plot Rajkot,"birthday party venue Digvijay Plot, birthday party hall near Digvijay Plot Rajkot, birthday party venue near Digvijay Plot",Transactional (Hyper-local),High
Event + City Area,"Engagement Venues in Digvijay Plot, Rajkot | VenueConnect",/rajkot/digvijay-plot/engagement-venues/,"Best Engagement Venues in Digvijay Plot, Rajkot | Book Near You - VenueConnect","Find the perfect engagement venue in Digvijay Plot, Rajkot. Compare halls, farmhouses & party plots near Digvijay Plot. Get instant leads & free quotes on VenueConnect.","Best Engagement Venues in Digvijay Plot, Rajkot",engagement venues in Digvijay Plot Rajkot,"engagement venue Digvijay Plot, engagement hall near Digvijay Plot Rajkot, engagement venue near Digvijay Plot",Transactional (Hyper-local),High
Event + City Area,"Corporate Event Venues in Digvijay Plot, Rajkot | VenueConnect",/rajkot/digvijay-plot/corporate-event-venues/,"Best Corporate Event Venues in Digvijay Plot, Rajkot | Book Near You - VenueConnect","Find the perfect corporate event venue in Digvijay Plot, Rajkot. Compare halls, farmhouses & party plots near Digvijay Plot. Get instant leads & free quotes on VenueConnect.","Best Corporate Event Venues in Digvijay Plot, Rajkot",corporate event venues in Digvijay Plot Rajkot,"corporate event venue Digvijay Plot, corporate event hall near Digvijay Plot Rajkot, corporate event venue near Digvijay Plot",Transactional (Hyper-local),High
Event + City Area,"Reception Venues in Digvijay Plot, Rajkot | VenueConnect",/rajkot/digvijay-plot/reception-venues/,"Best Reception Venues in Digvijay Plot, Rajkot | Book Near You - VenueConnect","Find the perfect reception venue in Digvijay Plot, Rajkot. Compare halls, farmhouses & party plots near Digvijay Plot. Get instant leads & free quotes on VenueConnect.","Best Reception Venues in Digvijay Plot, Rajkot",reception venues in Digvijay Plot Rajkot,"reception venue Digvijay Plot, reception hall near Digvijay Plot Rajkot, reception venue near Digvijay Plot",Transactional (Hyper-local),High
  VENDOR + CITY AREA PAGES (Hyper-local),,,,,,,,,
Page Type,Page Title,URL Slug,Meta Title,Meta Description,H1 Tag,Target Keyword,Secondary Keywords,Search Intent,Priority
Vendor + City Area,"Photographers in Kalawad Road, Rajkot | VenueConnect",/rajkot/kalawad-road/vendors/photographers/,"Top Photographers in Kalawad Road, Rajkot | Hire Near You - VenueConnect","Find the best photographers in Kalawad Road, Rajkot for your event. Browse verified profiles, compare pricing & get WhatsApp leads instantly on VenueConnect.","Top Photographers in Kalawad Road, Rajkot",photographers in Kalawad Road Rajkot,"photographers near Kalawad Road, photographers Kalawad Road Rajkot, best photographers near Kalawad Road",Transactional (Hyper-local),Medium
Vendor + City Area,"Caterers in Kalawad Road, Rajkot | VenueConnect",/rajkot/kalawad-road/vendors/caterers/,"Top Caterers in Kalawad Road, Rajkot | Hire Near You - VenueConnect","Find the best caterers in Kalawad Road, Rajkot for your event. Browse verified profiles, compare pricing & get WhatsApp leads instantly on VenueConnect.","Top Caterers in Kalawad Road, Rajkot",caterers in Kalawad Road Rajkot,"caterers near Kalawad Road, caterers Kalawad Road Rajkot, best caterers near Kalawad Road",Transactional (Hyper-local),Medium
Vendor + City Area,"Decorators in Kalawad Road, Rajkot | VenueConnect",/rajkot/kalawad-road/vendors/decorators/,"Top Decorators in Kalawad Road, Rajkot | Hire Near You - VenueConnect","Find the best decorators in Kalawad Road, Rajkot for your event. Browse verified profiles, compare pricing & get WhatsApp leads instantly on VenueConnect.","Top Decorators in Kalawad Road, Rajkot",decorators in Kalawad Road Rajkot,"decorators near Kalawad Road, decorators Kalawad Road Rajkot, best decorators near Kalawad Road",Transactional (Hyper-local),Medium
Vendor + City Area,"Mehndi Artists in Kalawad Road, Rajkot | VenueConnect",/rajkot/kalawad-road/vendors/mehndi-artists/,"Top Mehndi Artists in Kalawad Road, Rajkot | Hire Near You - VenueConnect","Find the best mehndi artists in Kalawad Road, Rajkot for your event. Browse verified profiles, compare pricing & get WhatsApp leads instantly on VenueConnect.","Top Mehndi Artists in Kalawad Road, Rajkot",mehndi artists in Kalawad Road Rajkot,"mehndi artists near Kalawad Road, mehndi artists Kalawad Road Rajkot, best mehndi artists near Kalawad Road",Transactional (Hyper-local),Medium
Vendor + City Area,"Photographers in University Road, Rajkot | VenueConnect",/rajkot/university-road/vendors/photographers/,"Top Photographers in University Road, Rajkot | Hire Near You - VenueConnect","Find the best photographers in University Road, Rajkot for your event. Browse verified profiles, compare pricing & get WhatsApp leads instantly on VenueConnect.","Top Photographers in University Road, Rajkot",photographers in University Road Rajkot,"photographers near University Road, photographers University Road Rajkot, best photographers near University Road",Transactional (Hyper-local),Medium
Vendor + City Area,"Caterers in University Road, Rajkot | VenueConnect",/rajkot/university-road/vendors/caterers/,"Top Caterers in University Road, Rajkot | Hire Near You - VenueConnect","Find the best caterers in University Road, Rajkot for your event. Browse verified profiles, compare pricing & get WhatsApp leads instantly on VenueConnect.","Top Caterers in University Road, Rajkot",caterers in University Road Rajkot,"caterers near University Road, caterers University Road Rajkot, best caterers near University Road",Transactional (Hyper-local),Medium
Vendor + City Area,"Decorators in University Road, Rajkot | VenueConnect",/rajkot/university-road/vendors/decorators/,"Top Decorators in University Road, Rajkot | Hire Near You - VenueConnect","Find the best decorators in University Road, Rajkot for your event. Browse verified profiles, compare pricing & get WhatsApp leads instantly on VenueConnect.","Top Decorators in University Road, Rajkot",decorators in University Road Rajkot,"decorators near University Road, decorators University Road Rajkot, best decorators near University Road",Transactional (Hyper-local),Medium
Vendor + City Area,"Mehndi Artists in University Road, Rajkot | VenueConnect",/rajkot/university-road/vendors/mehndi-artists/,"Top Mehndi Artists in University Road, Rajkot | Hire Near You - VenueConnect","Find the best mehndi artists in University Road, Rajkot for your event. Browse verified profiles, compare pricing & get WhatsApp leads instantly on VenueConnect.","Top Mehndi Artists in University Road, Rajkot",mehndi artists in University Road Rajkot,"mehndi artists near University Road, mehndi artists University Road Rajkot, best mehndi artists near University Road",Transactional (Hyper-local),Medium
Vendor + City Area,"Photographers in Raiya Road, Rajkot | VenueConnect",/rajkot/raiya-road/vendors/photographers/,"Top Photographers in Raiya Road, Rajkot | Hire Near You - VenueConnect","Find the best photographers in Raiya Road, Rajkot for your event. Browse verified profiles, compare pricing & get WhatsApp leads instantly on VenueConnect.","Top Photographers in Raiya Road, Rajkot",photographers in Raiya Road Rajkot,"photographers near Raiya Road, photographers Raiya Road Rajkot, best photographers near Raiya Road",Transactional (Hyper-local),Medium
Vendor + City Area,"Caterers in Raiya Road, Rajkot | VenueConnect",/rajkot/raiya-road/vendors/caterers/,"Top Caterers in Raiya Road, Rajkot | Hire Near You - VenueConnect","Find the best caterers in Raiya Road, Rajkot for your event. Browse verified profiles, compare pricing & get WhatsApp leads instantly on VenueConnect.","Top Caterers in Raiya Road, Rajkot",caterers in Raiya Road Rajkot,"caterers near Raiya Road, caterers Raiya Road Rajkot, best caterers near Raiya Road",Transactional (Hyper-local),Medium
Vendor + City Area,"Decorators in Raiya Road, Rajkot | VenueConnect",/rajkot/raiya-road/vendors/decorators/,"Top Decorators in Raiya Road, Rajkot | Hire Near You - VenueConnect","Find the best decorators in Raiya Road, Rajkot for your event. Browse verified profiles, compare pricing & get WhatsApp leads instantly on VenueConnect.","Top Decorators in Raiya Road, Rajkot",decorators in Raiya Road Rajkot,"decorators near Raiya Road, decorators Raiya Road Rajkot, best decorators near Raiya Road",Transactional (Hyper-local),Medium
Vendor + City Area,"Mehndi Artists in Raiya Road, Rajkot | VenueConnect",/rajkot/raiya-road/vendors/mehndi-artists/,"Top Mehndi Artists in Raiya Road, Rajkot | Hire Near You - VenueConnect","Find the best mehndi artists in Raiya Road, Rajkot for your event. Browse verified profiles, compare pricing & get WhatsApp leads instantly on VenueConnect.","Top Mehndi Artists in Raiya Road, Rajkot",mehndi artists in Raiya Road Rajkot,"mehndi artists near Raiya Road, mehndi artists Raiya Road Rajkot, best mehndi artists near Raiya Road",Transactional (Hyper-local),Medium
Vendor + City Area,"Photographers in 150 Feet Ring Road, Rajkot | VenueConnect",/rajkot/150-feet-ring-road/vendors/photographers/,"Top Photographers in 150 Feet Ring Road, Rajkot | Hire Near You - VenueConnect","Find the best photographers in 150 Feet Ring Road, Rajkot for your event. Browse verified profiles, compare pricing & get WhatsApp leads instantly on VenueConnect.","Top Photographers in 150 Feet Ring Road, Rajkot",photographers in 150 Feet Ring Road Rajkot,"photographers near 150 Feet Ring Road, photographers 150 Feet Ring Road Rajkot, best photographers near 150 Feet Ring Road",Transactional (Hyper-local),Medium
Vendor + City Area,"Caterers in 150 Feet Ring Road, Rajkot | VenueConnect",/rajkot/150-feet-ring-road/vendors/caterers/,"Top Caterers in 150 Feet Ring Road, Rajkot | Hire Near You - VenueConnect","Find the best caterers in 150 Feet Ring Road, Rajkot for your event. Browse verified profiles, compare pricing & get WhatsApp leads instantly on VenueConnect.","Top Caterers in 150 Feet Ring Road, Rajkot",caterers in 150 Feet Ring Road Rajkot,"caterers near 150 Feet Ring Road, caterers 150 Feet Ring Road Rajkot, best caterers near 150 Feet Ring Road",Transactional (Hyper-local),Medium
Vendor + City Area,"Decorators in 150 Feet Ring Road, Rajkot | VenueConnect",/rajkot/150-feet-ring-road/vendors/decorators/,"Top Decorators in 150 Feet Ring Road, Rajkot | Hire Near You - VenueConnect","Find the best decorators in 150 Feet Ring Road, Rajkot for your event. Browse verified profiles, compare pricing & get WhatsApp leads instantly on VenueConnect.","Top Decorators in 150 Feet Ring Road, Rajkot",decorators in 150 Feet Ring Road Rajkot,"decorators near 150 Feet Ring Road, decorators 150 Feet Ring Road Rajkot, best decorators near 150 Feet Ring Road",Transactional (Hyper-local),Medium
Vendor + City Area,"Mehndi Artists in 150 Feet Ring Road, Rajkot | VenueConnect",/rajkot/150-feet-ring-road/vendors/mehndi-artists/,"Top Mehndi Artists in 150 Feet Ring Road, Rajkot | Hire Near You - VenueConnect","Find the best mehndi artists in 150 Feet Ring Road, Rajkot for your event. Browse verified profiles, compare pricing & get WhatsApp leads instantly on VenueConnect.","Top Mehndi Artists in 150 Feet Ring Road, Rajkot",mehndi artists in 150 Feet Ring Road Rajkot,"mehndi artists near 150 Feet Ring Road, mehndi artists 150 Feet Ring Road Rajkot, best mehndi artists near 150 Feet Ring Road",Transactional (Hyper-local),Medium
Vendor + City Area,"Photographers in Mavdi, Rajkot | VenueConnect",/rajkot/mavdi/vendors/photographers/,"Top Photographers in Mavdi, Rajkot | Hire Near You - VenueConnect","Find the best photographers in Mavdi, Rajkot for your event. Browse verified profiles, compare pricing & get WhatsApp leads instantly on VenueConnect.","Top Photographers in Mavdi, Rajkot",photographers in Mavdi Rajkot,"photographers near Mavdi, photographers Mavdi Rajkot, best photographers near Mavdi",Transactional (Hyper-local),Medium
Vendor + City Area,"Caterers in Mavdi, Rajkot | VenueConnect",/rajkot/mavdi/vendors/caterers/,"Top Caterers in Mavdi, Rajkot | Hire Near You - VenueConnect","Find the best caterers in Mavdi, Rajkot for your event. Browse verified profiles, compare pricing & get WhatsApp leads instantly on VenueConnect.","Top Caterers in Mavdi, Rajkot",caterers in Mavdi Rajkot,"caterers near Mavdi, caterers Mavdi Rajkot, best caterers near Mavdi",Transactional (Hyper-local),Medium
Vendor + City Area,"Decorators in Mavdi, Rajkot | VenueConnect",/rajkot/mavdi/vendors/decorators/,"Top Decorators in Mavdi, Rajkot | Hire Near You - VenueConnect","Find the best decorators in Mavdi, Rajkot for your event. Browse verified profiles, compare pricing & get WhatsApp leads instantly on VenueConnect.","Top Decorators in Mavdi, Rajkot",decorators in Mavdi Rajkot,"decorators near Mavdi, decorators Mavdi Rajkot, best decorators near Mavdi",Transactional (Hyper-local),Medium
Vendor + City Area,"Mehndi Artists in Mavdi, Rajkot | VenueConnect",/rajkot/mavdi/vendors/mehndi-artists/,"Top Mehndi Artists in Mavdi, Rajkot | Hire Near You - VenueConnect","Find the best mehndi artists in Mavdi, Rajkot for your event. Browse verified profiles, compare pricing & get WhatsApp leads instantly on VenueConnect.","Top Mehndi Artists in Mavdi, Rajkot",mehndi artists in Mavdi Rajkot,"mehndi artists near Mavdi, mehndi artists Mavdi Rajkot, best mehndi artists near Mavdi",Transactional (Hyper-local),Medium
Vendor + City Area,"Photographers in Kotecha Chowk, Rajkot | VenueConnect",/rajkot/kotecha-chowk/vendors/photographers/,"Top Photographers in Kotecha Chowk, Rajkot | Hire Near You - VenueConnect","Find the best photographers in Kotecha Chowk, Rajkot for your event. Browse verified profiles, compare pricing & get WhatsApp leads instantly on VenueConnect.","Top Photographers in Kotecha Chowk, Rajkot",photographers in Kotecha Chowk Rajkot,"photographers near Kotecha Chowk, photographers Kotecha Chowk Rajkot, best photographers near Kotecha Chowk",Transactional (Hyper-local),Medium
Vendor + City Area,"Caterers in Kotecha Chowk, Rajkot | VenueConnect",/rajkot/kotecha-chowk/vendors/caterers/,"Top Caterers in Kotecha Chowk, Rajkot | Hire Near You - VenueConnect","Find the best caterers in Kotecha Chowk, Rajkot for your event. Browse verified profiles, compare pricing & get WhatsApp leads instantly on VenueConnect.","Top Caterers in Kotecha Chowk, Rajkot",caterers in Kotecha Chowk Rajkot,"caterers near Kotecha Chowk, caterers Kotecha Chowk Rajkot, best caterers near Kotecha Chowk",Transactional (Hyper-local),Medium
Vendor + City Area,"Decorators in Kotecha Chowk, Rajkot | VenueConnect",/rajkot/kotecha-chowk/vendors/decorators/,"Top Decorators in Kotecha Chowk, Rajkot | Hire Near You - VenueConnect","Find the best decorators in Kotecha Chowk, Rajkot for your event. Browse verified profiles, compare pricing & get WhatsApp leads instantly on VenueConnect.","Top Decorators in Kotecha Chowk, Rajkot",decorators in Kotecha Chowk Rajkot,"decorators near Kotecha Chowk, decorators Kotecha Chowk Rajkot, best decorators near Kotecha Chowk",Transactional (Hyper-local),Medium
Vendor + City Area,"Mehndi Artists in Kotecha Chowk, Rajkot | VenueConnect",/rajkot/kotecha-chowk/vendors/mehndi-artists/,"Top Mehndi Artists in Kotecha Chowk, Rajkot | Hire Near You - VenueConnect","Find the best mehndi artists in Kotecha Chowk, Rajkot for your event. Browse verified profiles, compare pricing & get WhatsApp leads instantly on VenueConnect.","Top Mehndi Artists in Kotecha Chowk, Rajkot",mehndi artists in Kotecha Chowk Rajkot,"mehndi artists near Kotecha Chowk, mehndi artists Kotecha Chowk Rajkot, best mehndi artists near Kotecha Chowk",Transactional (Hyper-local),Medium
Vendor + City Area,"Photographers in Yagnik Road, Rajkot | VenueConnect",/rajkot/yagnik-road/vendors/photographers/,"Top Photographers in Yagnik Road, Rajkot | Hire Near You - VenueConnect","Find the best photographers in Yagnik Road, Rajkot for your event. Browse verified profiles, compare pricing & get WhatsApp leads instantly on VenueConnect.","Top Photographers in Yagnik Road, Rajkot",photographers in Yagnik Road Rajkot,"photographers near Yagnik Road, photographers Yagnik Road Rajkot, best photographers near Yagnik Road",Transactional (Hyper-local),Medium
Vendor + City Area,"Caterers in Yagnik Road, Rajkot | VenueConnect",/rajkot/yagnik-road/vendors/caterers/,"Top Caterers in Yagnik Road, Rajkot | Hire Near You - VenueConnect","Find the best caterers in Yagnik Road, Rajkot for your event. Browse verified profiles, compare pricing & get WhatsApp leads instantly on VenueConnect.","Top Caterers in Yagnik Road, Rajkot",caterers in Yagnik Road Rajkot,"caterers near Yagnik Road, caterers Yagnik Road Rajkot, best caterers near Yagnik Road",Transactional (Hyper-local),Medium
Vendor + City Area,"Decorators in Yagnik Road, Rajkot | VenueConnect",/rajkot/yagnik-road/vendors/decorators/,"Top Decorators in Yagnik Road, Rajkot | Hire Near You - VenueConnect","Find the best decorators in Yagnik Road, Rajkot for your event. Browse verified profiles, compare pricing & get WhatsApp leads instantly on VenueConnect.","Top Decorators in Yagnik Road, Rajkot",decorators in Yagnik Road Rajkot,"decorators near Yagnik Road, decorators Yagnik Road Rajkot, best decorators near Yagnik Road",Transactional (Hyper-local),Medium
Vendor + City Area,"Mehndi Artists in Yagnik Road, Rajkot | VenueConnect",/rajkot/yagnik-road/vendors/mehndi-artists/,"Top Mehndi Artists in Yagnik Road, Rajkot | Hire Near You - VenueConnect","Find the best mehndi artists in Yagnik Road, Rajkot for your event. Browse verified profiles, compare pricing & get WhatsApp leads instantly on VenueConnect.","Top Mehndi Artists in Yagnik Road, Rajkot",mehndi artists in Yagnik Road Rajkot,"mehndi artists near Yagnik Road, mehndi artists Yagnik Road Rajkot, best mehndi artists near Yagnik Road",Transactional (Hyper-local),Medium
Vendor + City Area,"Photographers in Jamnagar Road, Rajkot | VenueConnect",/rajkot/jamnagar-road/vendors/photographers/,"Top Photographers in Jamnagar Road, Rajkot | Hire Near You - VenueConnect","Find the best photographers in Jamnagar Road, Rajkot for your event. Browse verified profiles, compare pricing & get WhatsApp leads instantly on VenueConnect.","Top Photographers in Jamnagar Road, Rajkot",photographers in Jamnagar Road Rajkot,"photographers near Jamnagar Road, photographers Jamnagar Road Rajkot, best photographers near Jamnagar Road",Transactional (Hyper-local),Medium
Vendor + City Area,"Caterers in Jamnagar Road, Rajkot | VenueConnect",/rajkot/jamnagar-road/vendors/caterers/,"Top Caterers in Jamnagar Road, Rajkot | Hire Near You - VenueConnect","Find the best caterers in Jamnagar Road, Rajkot for your event. Browse verified profiles, compare pricing & get WhatsApp leads instantly on VenueConnect.","Top Caterers in Jamnagar Road, Rajkot",caterers in Jamnagar Road Rajkot,"caterers near Jamnagar Road, caterers Jamnagar Road Rajkot, best caterers near Jamnagar Road",Transactional (Hyper-local),Medium
Vendor + City Area,"Decorators in Jamnagar Road, Rajkot | VenueConnect",/rajkot/jamnagar-road/vendors/decorators/,"Top Decorators in Jamnagar Road, Rajkot | Hire Near You - VenueConnect","Find the best decorators in Jamnagar Road, Rajkot for your event. Browse verified profiles, compare pricing & get WhatsApp leads instantly on VenueConnect.","Top Decorators in Jamnagar Road, Rajkot",decorators in Jamnagar Road Rajkot,"decorators near Jamnagar Road, decorators Jamnagar Road Rajkot, best decorators near Jamnagar Road",Transactional (Hyper-local),Medium
Vendor + City Area,"Mehndi Artists in Jamnagar Road, Rajkot | VenueConnect",/rajkot/jamnagar-road/vendors/mehndi-artists/,"Top Mehndi Artists in Jamnagar Road, Rajkot | Hire Near You - VenueConnect","Find the best mehndi artists in Jamnagar Road, Rajkot for your event. Browse verified profiles, compare pricing & get WhatsApp leads instantly on VenueConnect.","Top Mehndi Artists in Jamnagar Road, Rajkot",mehndi artists in Jamnagar Road Rajkot,"mehndi artists near Jamnagar Road, mehndi artists Jamnagar Road Rajkot, best mehndi artists near Jamnagar Road",Transactional (Hyper-local),Medium
Vendor + City Area,"Photographers in Gondal Road, Rajkot | VenueConnect",/rajkot/gondal-road/vendors/photographers/,"Top Photographers in Gondal Road, Rajkot | Hire Near You - VenueConnect","Find the best photographers in Gondal Road, Rajkot for your event. Browse verified profiles, compare pricing & get WhatsApp leads instantly on VenueConnect.","Top Photographers in Gondal Road, Rajkot",photographers in Gondal Road Rajkot,"photographers near Gondal Road, photographers Gondal Road Rajkot, best photographers near Gondal Road",Transactional (Hyper-local),Medium
Vendor + City Area,"Caterers in Gondal Road, Rajkot | VenueConnect",/rajkot/gondal-road/vendors/caterers/,"Top Caterers in Gondal Road, Rajkot | Hire Near You - VenueConnect","Find the best caterers in Gondal Road, Rajkot for your event. Browse verified profiles, compare pricing & get WhatsApp leads instantly on VenueConnect.","Top Caterers in Gondal Road, Rajkot",caterers in Gondal Road Rajkot,"caterers near Gondal Road, caterers Gondal Road Rajkot, best caterers near Gondal Road",Transactional (Hyper-local),Medium
Vendor + City Area,"Decorators in Gondal Road, Rajkot | VenueConnect",/rajkot/gondal-road/vendors/decorators/,"Top Decorators in Gondal Road, Rajkot | Hire Near You - VenueConnect","Find the best decorators in Gondal Road, Rajkot for your event. Browse verified profiles, compare pricing & get WhatsApp leads instantly on VenueConnect.","Top Decorators in Gondal Road, Rajkot",decorators in Gondal Road Rajkot,"decorators near Gondal Road, decorators Gondal Road Rajkot, best decorators near Gondal Road",Transactional (Hyper-local),Medium
Vendor + City Area,"Mehndi Artists in Gondal Road, Rajkot | VenueConnect",/rajkot/gondal-road/vendors/mehndi-artists/,"Top Mehndi Artists in Gondal Road, Rajkot | Hire Near You - VenueConnect","Find the best mehndi artists in Gondal Road, Rajkot for your event. Browse verified profiles, compare pricing & get WhatsApp leads instantly on VenueConnect.","Top Mehndi Artists in Gondal Road, Rajkot",mehndi artists in Gondal Road Rajkot,"mehndi artists near Gondal Road, mehndi artists Gondal Road Rajkot, best mehndi artists near Gondal Road",Transactional (Hyper-local),Medium
Vendor + City Area,"Photographers in Bhaktinagar, Rajkot | VenueConnect",/rajkot/bhaktinagar/vendors/photographers/,"Top Photographers in Bhaktinagar, Rajkot | Hire Near You - VenueConnect","Find the best photographers in Bhaktinagar, Rajkot for your event. Browse verified profiles, compare pricing & get WhatsApp leads instantly on VenueConnect.","Top Photographers in Bhaktinagar, Rajkot",photographers in Bhaktinagar Rajkot,"photographers near Bhaktinagar, photographers Bhaktinagar Rajkot, best photographers near Bhaktinagar",Transactional (Hyper-local),Medium
Vendor + City Area,"Caterers in Bhaktinagar, Rajkot | VenueConnect",/rajkot/bhaktinagar/vendors/caterers/,"Top Caterers in Bhaktinagar, Rajkot | Hire Near You - VenueConnect","Find the best caterers in Bhaktinagar, Rajkot for your event. Browse verified profiles, compare pricing & get WhatsApp leads instantly on VenueConnect.","Top Caterers in Bhaktinagar, Rajkot",caterers in Bhaktinagar Rajkot,"caterers near Bhaktinagar, caterers Bhaktinagar Rajkot, best caterers near Bhaktinagar",Transactional (Hyper-local),Medium
Vendor + City Area,"Decorators in Bhaktinagar, Rajkot | VenueConnect",/rajkot/bhaktinagar/vendors/decorators/,"Top Decorators in Bhaktinagar, Rajkot | Hire Near You - VenueConnect","Find the best decorators in Bhaktinagar, Rajkot for your event. Browse verified profiles, compare pricing & get WhatsApp leads instantly on VenueConnect.","Top Decorators in Bhaktinagar, Rajkot",decorators in Bhaktinagar Rajkot,"decorators near Bhaktinagar, decorators Bhaktinagar Rajkot, best decorators near Bhaktinagar",Transactional (Hyper-local),Medium
Vendor + City Area,"Mehndi Artists in Bhaktinagar, Rajkot | VenueConnect",/rajkot/bhaktinagar/vendors/mehndi-artists/,"Top Mehndi Artists in Bhaktinagar, Rajkot | Hire Near You - VenueConnect","Find the best mehndi artists in Bhaktinagar, Rajkot for your event. Browse verified profiles, compare pricing & get WhatsApp leads instantly on VenueConnect.","Top Mehndi Artists in Bhaktinagar, Rajkot",mehndi artists in Bhaktinagar Rajkot,"mehndi artists near Bhaktinagar, mehndi artists Bhaktinagar Rajkot, best mehndi artists near Bhaktinagar",Transactional (Hyper-local),Medium
Vendor + City Area,"Photographers in Kalavad Road, Rajkot | VenueConnect",/rajkot/kalavad-road/vendors/photographers/,"Top Photographers in Kalavad Road, Rajkot | Hire Near You - VenueConnect","Find the best photographers in Kalavad Road, Rajkot for your event. Browse verified profiles, compare pricing & get WhatsApp leads instantly on VenueConnect.","Top Photographers in Kalavad Road, Rajkot",photographers in Kalavad Road Rajkot,"photographers near Kalavad Road, photographers Kalavad Road Rajkot, best photographers near Kalavad Road",Transactional (Hyper-local),Medium
Vendor + City Area,"Caterers in Kalavad Road, Rajkot | VenueConnect",/rajkot/kalavad-road/vendors/caterers/,"Top Caterers in Kalavad Road, Rajkot | Hire Near You - VenueConnect","Find the best caterers in Kalavad Road, Rajkot for your event. Browse verified profiles, compare pricing & get WhatsApp leads instantly on VenueConnect.","Top Caterers in Kalavad Road, Rajkot",caterers in Kalavad Road Rajkot,"caterers near Kalavad Road, caterers Kalavad Road Rajkot, best caterers near Kalavad Road",Transactional (Hyper-local),Medium
Vendor + City Area,"Decorators in Kalavad Road, Rajkot | VenueConnect",/rajkot/kalavad-road/vendors/decorators/,"Top Decorators in Kalavad Road, Rajkot | Hire Near You - VenueConnect","Find the best decorators in Kalavad Road, Rajkot for your event. Browse verified profiles, compare pricing & get WhatsApp leads instantly on VenueConnect.","Top Decorators in Kalavad Road, Rajkot",decorators in Kalavad Road Rajkot,"decorators near Kalavad Road, decorators Kalavad Road Rajkot, best decorators near Kalavad Road",Transactional (Hyper-local),Medium
Vendor + City Area,"Mehndi Artists in Kalavad Road, Rajkot | VenueConnect",/rajkot/kalavad-road/vendors/mehndi-artists/,"Top Mehndi Artists in Kalavad Road, Rajkot | Hire Near You - VenueConnect","Find the best mehndi artists in Kalavad Road, Rajkot for your event. Browse verified profiles, compare pricing & get WhatsApp leads instantly on VenueConnect.","Top Mehndi Artists in Kalavad Road, Rajkot",mehndi artists in Kalavad Road Rajkot,"mehndi artists near Kalavad Road, mehndi artists Kalavad Road Rajkot, best mehndi artists near Kalavad Road",Transactional (Hyper-local),Medium
Vendor + City Area,"Photographers in Pedak Road, Rajkot | VenueConnect",/rajkot/pedak-road/vendors/photographers/,"Top Photographers in Pedak Road, Rajkot | Hire Near You - VenueConnect","Find the best photographers in Pedak Road, Rajkot for your event. Browse verified profiles, compare pricing & get WhatsApp leads instantly on VenueConnect.","Top Photographers in Pedak Road, Rajkot",photographers in Pedak Road Rajkot,"photographers near Pedak Road, photographers Pedak Road Rajkot, best photographers near Pedak Road",Transactional (Hyper-local),Medium
Vendor + City Area,"Caterers in Pedak Road, Rajkot | VenueConnect",/rajkot/pedak-road/vendors/caterers/,"Top Caterers in Pedak Road, Rajkot | Hire Near You - VenueConnect","Find the best caterers in Pedak Road, Rajkot for your event. Browse verified profiles, compare pricing & get WhatsApp leads instantly on VenueConnect.","Top Caterers in Pedak Road, Rajkot",caterers in Pedak Road Rajkot,"caterers near Pedak Road, caterers Pedak Road Rajkot, best caterers near Pedak Road",Transactional (Hyper-local),Medium
Vendor + City Area,"Decorators in Pedak Road, Rajkot | VenueConnect",/rajkot/pedak-road/vendors/decorators/,"Top Decorators in Pedak Road, Rajkot | Hire Near You - VenueConnect","Find the best decorators in Pedak Road, Rajkot for your event. Browse verified profiles, compare pricing & get WhatsApp leads instantly on VenueConnect.","Top Decorators in Pedak Road, Rajkot",decorators in Pedak Road Rajkot,"decorators near Pedak Road, decorators Pedak Road Rajkot, best decorators near Pedak Road",Transactional (Hyper-local),Medium
Vendor + City Area,"Mehndi Artists in Pedak Road, Rajkot | VenueConnect",/rajkot/pedak-road/vendors/mehndi-artists/,"Top Mehndi Artists in Pedak Road, Rajkot | Hire Near You - VenueConnect","Find the best mehndi artists in Pedak Road, Rajkot for your event. Browse verified profiles, compare pricing & get WhatsApp leads instantly on VenueConnect.","Top Mehndi Artists in Pedak Road, Rajkot",mehndi artists in Pedak Road Rajkot,"mehndi artists near Pedak Road, mehndi artists Pedak Road Rajkot, best mehndi artists near Pedak Road",Transactional (Hyper-local),Medium
Vendor + City Area,"Photographers in Aji Dam Road, Rajkot | VenueConnect",/rajkot/aji-dam-road/vendors/photographers/,"Top Photographers in Aji Dam Road, Rajkot | Hire Near You - VenueConnect","Find the best photographers in Aji Dam Road, Rajkot for your event. Browse verified profiles, compare pricing & get WhatsApp leads instantly on VenueConnect.","Top Photographers in Aji Dam Road, Rajkot",photographers in Aji Dam Road Rajkot,"photographers near Aji Dam Road, photographers Aji Dam Road Rajkot, best photographers near Aji Dam Road",Transactional (Hyper-local),Medium
Vendor + City Area,"Caterers in Aji Dam Road, Rajkot | VenueConnect",/rajkot/aji-dam-road/vendors/caterers/,"Top Caterers in Aji Dam Road, Rajkot | Hire Near You - VenueConnect","Find the best caterers in Aji Dam Road, Rajkot for your event. Browse verified profiles, compare pricing & get WhatsApp leads instantly on VenueConnect.","Top Caterers in Aji Dam Road, Rajkot",caterers in Aji Dam Road Rajkot,"caterers near Aji Dam Road, caterers Aji Dam Road Rajkot, best caterers near Aji Dam Road",Transactional (Hyper-local),Medium
Vendor + City Area,"Decorators in Aji Dam Road, Rajkot | VenueConnect",/rajkot/aji-dam-road/vendors/decorators/,"Top Decorators in Aji Dam Road, Rajkot | Hire Near You - VenueConnect","Find the best decorators in Aji Dam Road, Rajkot for your event. Browse verified profiles, compare pricing & get WhatsApp leads instantly on VenueConnect.","Top Decorators in Aji Dam Road, Rajkot",decorators in Aji Dam Road Rajkot,"decorators near Aji Dam Road, decorators Aji Dam Road Rajkot, best decorators near Aji Dam Road",Transactional (Hyper-local),Medium
Vendor + City Area,"Mehndi Artists in Aji Dam Road, Rajkot | VenueConnect",/rajkot/aji-dam-road/vendors/mehndi-artists/,"Top Mehndi Artists in Aji Dam Road, Rajkot | Hire Near You - VenueConnect","Find the best mehndi artists in Aji Dam Road, Rajkot for your event. Browse verified profiles, compare pricing & get WhatsApp leads instantly on VenueConnect.","Top Mehndi Artists in Aji Dam Road, Rajkot",mehndi artists in Aji Dam Road Rajkot,"mehndi artists near Aji Dam Road, mehndi artists Aji Dam Road Rajkot, best mehndi artists near Aji Dam Road",Transactional (Hyper-local),Medium
Vendor + City Area,"Photographers in Airport Road, Rajkot | VenueConnect",/rajkot/airport-road/vendors/photographers/,"Top Photographers in Airport Road, Rajkot | Hire Near You - VenueConnect","Find the best photographers in Airport Road, Rajkot for your event. Browse verified profiles, compare pricing & get WhatsApp leads instantly on VenueConnect.","Top Photographers in Airport Road, Rajkot",photographers in Airport Road Rajkot,"photographers near Airport Road, photographers Airport Road Rajkot, best photographers near Airport Road",Transactional (Hyper-local),Medium
Vendor + City Area,"Caterers in Airport Road, Rajkot | VenueConnect",/rajkot/airport-road/vendors/caterers/,"Top Caterers in Airport Road, Rajkot | Hire Near You - VenueConnect","Find the best caterers in Airport Road, Rajkot for your event. Browse verified profiles, compare pricing & get WhatsApp leads instantly on VenueConnect.","Top Caterers in Airport Road, Rajkot",caterers in Airport Road Rajkot,"caterers near Airport Road, caterers Airport Road Rajkot, best caterers near Airport Road",Transactional (Hyper-local),Medium
Vendor + City Area,"Decorators in Airport Road, Rajkot | VenueConnect",/rajkot/airport-road/vendors/decorators/,"Top Decorators in Airport Road, Rajkot | Hire Near You - VenueConnect","Find the best decorators in Airport Road, Rajkot for your event. Browse verified profiles, compare pricing & get WhatsApp leads instantly on VenueConnect.","Top Decorators in Airport Road, Rajkot",decorators in Airport Road Rajkot,"decorators near Airport Road, decorators Airport Road Rajkot, best decorators near Airport Road",Transactional (Hyper-local),Medium
Vendor + City Area,"Mehndi Artists in Airport Road, Rajkot | VenueConnect",/rajkot/airport-road/vendors/mehndi-artists/,"Top Mehndi Artists in Airport Road, Rajkot | Hire Near You - VenueConnect","Find the best mehndi artists in Airport Road, Rajkot for your event. Browse verified profiles, compare pricing & get WhatsApp leads instantly on VenueConnect.","Top Mehndi Artists in Airport Road, Rajkot",mehndi artists in Airport Road Rajkot,"mehndi artists near Airport Road, mehndi artists Airport Road Rajkot, best mehndi artists near Airport Road",Transactional (Hyper-local),Medium
Vendor + City Area,"Photographers in Astron Chowk, Rajkot | VenueConnect",/rajkot/astron-chowk/vendors/photographers/,"Top Photographers in Astron Chowk, Rajkot | Hire Near You - VenueConnect","Find the best photographers in Astron Chowk, Rajkot for your event. Browse verified profiles, compare pricing & get WhatsApp leads instantly on VenueConnect.","Top Photographers in Astron Chowk, Rajkot",photographers in Astron Chowk Rajkot,"photographers near Astron Chowk, photographers Astron Chowk Rajkot, best photographers near Astron Chowk",Transactional (Hyper-local),Medium
Vendor + City Area,"Caterers in Astron Chowk, Rajkot | VenueConnect",/rajkot/astron-chowk/vendors/caterers/,"Top Caterers in Astron Chowk, Rajkot | Hire Near You - VenueConnect","Find the best caterers in Astron Chowk, Rajkot for your event. Browse verified profiles, compare pricing & get WhatsApp leads instantly on VenueConnect.","Top Caterers in Astron Chowk, Rajkot",caterers in Astron Chowk Rajkot,"caterers near Astron Chowk, caterers Astron Chowk Rajkot, best caterers near Astron Chowk",Transactional (Hyper-local),Medium
Vendor + City Area,"Decorators in Astron Chowk, Rajkot | VenueConnect",/rajkot/astron-chowk/vendors/decorators/,"Top Decorators in Astron Chowk, Rajkot | Hire Near You - VenueConnect","Find the best decorators in Astron Chowk, Rajkot for your event. Browse verified profiles, compare pricing & get WhatsApp leads instantly on VenueConnect.","Top Decorators in Astron Chowk, Rajkot",decorators in Astron Chowk Rajkot,"decorators near Astron Chowk, decorators Astron Chowk Rajkot, best decorators near Astron Chowk",Transactional (Hyper-local),Medium
Vendor + City Area,"Mehndi Artists in Astron Chowk, Rajkot | VenueConnect",/rajkot/astron-chowk/vendors/mehndi-artists/,"Top Mehndi Artists in Astron Chowk, Rajkot | Hire Near You - VenueConnect","Find the best mehndi artists in Astron Chowk, Rajkot for your event. Browse verified profiles, compare pricing & get WhatsApp leads instantly on VenueConnect.","Top Mehndi Artists in Astron Chowk, Rajkot",mehndi artists in Astron Chowk Rajkot,"mehndi artists near Astron Chowk, mehndi artists Astron Chowk Rajkot, best mehndi artists near Astron Chowk",Transactional (Hyper-local),Medium
Vendor + City Area,"Photographers in Bahumali Bhavan, Rajkot | VenueConnect",/rajkot/bahumali-bhavan/vendors/photographers/,"Top Photographers in Bahumali Bhavan, Rajkot | Hire Near You - VenueConnect","Find the best photographers in Bahumali Bhavan, Rajkot for your event. Browse verified profiles, compare pricing & get WhatsApp leads instantly on VenueConnect.","Top Photographers in Bahumali Bhavan, Rajkot",photographers in Bahumali Bhavan Rajkot,"photographers near Bahumali Bhavan, photographers Bahumali Bhavan Rajkot, best photographers near Bahumali Bhavan",Transactional (Hyper-local),Medium
Vendor + City Area,"Caterers in Bahumali Bhavan, Rajkot | VenueConnect",/rajkot/bahumali-bhavan/vendors/caterers/,"Top Caterers in Bahumali Bhavan, Rajkot | Hire Near You - VenueConnect","Find the best caterers in Bahumali Bhavan, Rajkot for your event. Browse verified profiles, compare pricing & get WhatsApp leads instantly on VenueConnect.","Top Caterers in Bahumali Bhavan, Rajkot",caterers in Bahumali Bhavan Rajkot,"caterers near Bahumali Bhavan, caterers Bahumali Bhavan Rajkot, best caterers near Bahumali Bhavan",Transactional (Hyper-local),Medium
Vendor + City Area,"Decorators in Bahumali Bhavan, Rajkot | VenueConnect",/rajkot/bahumali-bhavan/vendors/decorators/,"Top Decorators in Bahumali Bhavan, Rajkot | Hire Near You - VenueConnect","Find the best decorators in Bahumali Bhavan, Rajkot for your event. Browse verified profiles, compare pricing & get WhatsApp leads instantly on VenueConnect.","Top Decorators in Bahumali Bhavan, Rajkot",decorators in Bahumali Bhavan Rajkot,"decorators near Bahumali Bhavan, decorators Bahumali Bhavan Rajkot, best decorators near Bahumali Bhavan",Transactional (Hyper-local),Medium
Vendor + City Area,"Mehndi Artists in Bahumali Bhavan, Rajkot | VenueConnect",/rajkot/bahumali-bhavan/vendors/mehndi-artists/,"Top Mehndi Artists in Bahumali Bhavan, Rajkot | Hire Near You - VenueConnect","Find the best mehndi artists in Bahumali Bhavan, Rajkot for your event. Browse verified profiles, compare pricing & get WhatsApp leads instantly on VenueConnect.","Top Mehndi Artists in Bahumali Bhavan, Rajkot",mehndi artists in Bahumali Bhavan Rajkot,"mehndi artists near Bahumali Bhavan, mehndi artists Bahumali Bhavan Rajkot, best mehndi artists near Bahumali Bhavan",Transactional (Hyper-local),Medium
Vendor + City Area,"Photographers in Doctor House, Rajkot | VenueConnect",/rajkot/doctor-house/vendors/photographers/,"Top Photographers in Doctor House, Rajkot | Hire Near You - VenueConnect","Find the best photographers in Doctor House, Rajkot for your event. Browse verified profiles, compare pricing & get WhatsApp leads instantly on VenueConnect.","Top Photographers in Doctor House, Rajkot",photographers in Doctor House Rajkot,"photographers near Doctor House, photographers Doctor House Rajkot, best photographers near Doctor House",Transactional (Hyper-local),Medium
Vendor + City Area,"Caterers in Doctor House, Rajkot | VenueConnect",/rajkot/doctor-house/vendors/caterers/,"Top Caterers in Doctor House, Rajkot | Hire Near You - VenueConnect","Find the best caterers in Doctor House, Rajkot for your event. Browse verified profiles, compare pricing & get WhatsApp leads instantly on VenueConnect.","Top Caterers in Doctor House, Rajkot",caterers in Doctor House Rajkot,"caterers near Doctor House, caterers Doctor House Rajkot, best caterers near Doctor House",Transactional (Hyper-local),Medium
Vendor + City Area,"Decorators in Doctor House, Rajkot | VenueConnect",/rajkot/doctor-house/vendors/decorators/,"Top Decorators in Doctor House, Rajkot | Hire Near You - VenueConnect","Find the best decorators in Doctor House, Rajkot for your event. Browse verified profiles, compare pricing & get WhatsApp leads instantly on VenueConnect.","Top Decorators in Doctor House, Rajkot",decorators in Doctor House Rajkot,"decorators near Doctor House, decorators Doctor House Rajkot, best decorators near Doctor House",Transactional (Hyper-local),Medium
Vendor + City Area,"Mehndi Artists in Doctor House, Rajkot | VenueConnect",/rajkot/doctor-house/vendors/mehndi-artists/,"Top Mehndi Artists in Doctor House, Rajkot | Hire Near You - VenueConnect","Find the best mehndi artists in Doctor House, Rajkot for your event. Browse verified profiles, compare pricing & get WhatsApp leads instantly on VenueConnect.","Top Mehndi Artists in Doctor House, Rajkot",mehndi artists in Doctor House Rajkot,"mehndi artists near Doctor House, mehndi artists Doctor House Rajkot, best mehndi artists near Doctor House",Transactional (Hyper-local),Medium
Vendor + City Area,"Photographers in Ghanteshwar, Rajkot | VenueConnect",/rajkot/ghanteshwar/vendors/photographers/,"Top Photographers in Ghanteshwar, Rajkot | Hire Near You - VenueConnect","Find the best photographers in Ghanteshwar, Rajkot for your event. Browse verified profiles, compare pricing & get WhatsApp leads instantly on VenueConnect.","Top Photographers in Ghanteshwar, Rajkot",photographers in Ghanteshwar Rajkot,"photographers near Ghanteshwar, photographers Ghanteshwar Rajkot, best photographers near Ghanteshwar",Transactional (Hyper-local),Medium
Vendor + City Area,"Caterers in Ghanteshwar, Rajkot | VenueConnect",/rajkot/ghanteshwar/vendors/caterers/,"Top Caterers in Ghanteshwar, Rajkot | Hire Near You - VenueConnect","Find the best caterers in Ghanteshwar, Rajkot for your event. Browse verified profiles, compare pricing & get WhatsApp leads instantly on VenueConnect.","Top Caterers in Ghanteshwar, Rajkot",caterers in Ghanteshwar Rajkot,"caterers near Ghanteshwar, caterers Ghanteshwar Rajkot, best caterers near Ghanteshwar",Transactional (Hyper-local),Medium
Vendor + City Area,"Decorators in Ghanteshwar, Rajkot | VenueConnect",/rajkot/ghanteshwar/vendors/decorators/,"Top Decorators in Ghanteshwar, Rajkot | Hire Near You - VenueConnect","Find the best decorators in Ghanteshwar, Rajkot for your event. Browse verified profiles, compare pricing & get WhatsApp leads instantly on VenueConnect.","Top Decorators in Ghanteshwar, Rajkot",decorators in Ghanteshwar Rajkot,"decorators near Ghanteshwar, decorators Ghanteshwar Rajkot, best decorators near Ghanteshwar",Transactional (Hyper-local),Medium
Vendor + City Area,"Mehndi Artists in Ghanteshwar, Rajkot | VenueConnect",/rajkot/ghanteshwar/vendors/mehndi-artists/,"Top Mehndi Artists in Ghanteshwar, Rajkot | Hire Near You - VenueConnect","Find the best mehndi artists in Ghanteshwar, Rajkot for your event. Browse verified profiles, compare pricing & get WhatsApp leads instantly on VenueConnect.","Top Mehndi Artists in Ghanteshwar, Rajkot",mehndi artists in Ghanteshwar Rajkot,"mehndi artists near Ghanteshwar, mehndi artists Ghanteshwar Rajkot, best mehndi artists near Ghanteshwar",Transactional (Hyper-local),Medium
Vendor + City Area,"Photographers in Ishwar Nagar, Rajkot | VenueConnect",/rajkot/ishwar-nagar/vendors/photographers/,"Top Photographers in Ishwar Nagar, Rajkot | Hire Near You - VenueConnect","Find the best photographers in Ishwar Nagar, Rajkot for your event. Browse verified profiles, compare pricing & get WhatsApp leads instantly on VenueConnect.","Top Photographers in Ishwar Nagar, Rajkot",photographers in Ishwar Nagar Rajkot,"photographers near Ishwar Nagar, photographers Ishwar Nagar Rajkot, best photographers near Ishwar Nagar",Transactional (Hyper-local),Medium
Vendor + City Area,"Caterers in Ishwar Nagar, Rajkot | VenueConnect",/rajkot/ishwar-nagar/vendors/caterers/,"Top Caterers in Ishwar Nagar, Rajkot | Hire Near You - VenueConnect","Find the best caterers in Ishwar Nagar, Rajkot for your event. Browse verified profiles, compare pricing & get WhatsApp leads instantly on VenueConnect.","Top Caterers in Ishwar Nagar, Rajkot",caterers in Ishwar Nagar Rajkot,"caterers near Ishwar Nagar, caterers Ishwar Nagar Rajkot, best caterers near Ishwar Nagar",Transactional (Hyper-local),Medium
Vendor + City Area,"Decorators in Ishwar Nagar, Rajkot | VenueConnect",/rajkot/ishwar-nagar/vendors/decorators/,"Top Decorators in Ishwar Nagar, Rajkot | Hire Near You - VenueConnect","Find the best decorators in Ishwar Nagar, Rajkot for your event. Browse verified profiles, compare pricing & get WhatsApp leads instantly on VenueConnect.","Top Decorators in Ishwar Nagar, Rajkot",decorators in Ishwar Nagar Rajkot,"decorators near Ishwar Nagar, decorators Ishwar Nagar Rajkot, best decorators near Ishwar Nagar",Transactional (Hyper-local),Medium
Vendor + City Area,"Mehndi Artists in Ishwar Nagar, Rajkot | VenueConnect",/rajkot/ishwar-nagar/vendors/mehndi-artists/,"Top Mehndi Artists in Ishwar Nagar, Rajkot | Hire Near You - VenueConnect","Find the best mehndi artists in Ishwar Nagar, Rajkot for your event. Browse verified profiles, compare pricing & get WhatsApp leads instantly on VenueConnect.","Top Mehndi Artists in Ishwar Nagar, Rajkot",mehndi artists in Ishwar Nagar Rajkot,"mehndi artists near Ishwar Nagar, mehndi artists Ishwar Nagar Rajkot, best mehndi artists near Ishwar Nagar",Transactional (Hyper-local),Medium
Vendor + City Area,"Photographers in Jalaram, Rajkot | VenueConnect",/rajkot/jalaram/vendors/photographers/,"Top Photographers in Jalaram, Rajkot | Hire Near You - VenueConnect","Find the best photographers in Jalaram, Rajkot for your event. Browse verified profiles, compare pricing & get WhatsApp leads instantly on VenueConnect.","Top Photographers in Jalaram, Rajkot",photographers in Jalaram Rajkot,"photographers near Jalaram, photographers Jalaram Rajkot, best photographers near Jalaram",Transactional (Hyper-local),Medium
Vendor + City Area,"Caterers in Jalaram, Rajkot | VenueConnect",/rajkot/jalaram/vendors/caterers/,"Top Caterers in Jalaram, Rajkot | Hire Near You - VenueConnect","Find the best caterers in Jalaram, Rajkot for your event. Browse verified profiles, compare pricing & get WhatsApp leads instantly on VenueConnect.","Top Caterers in Jalaram, Rajkot",caterers in Jalaram Rajkot,"caterers near Jalaram, caterers Jalaram Rajkot, best caterers near Jalaram",Transactional (Hyper-local),Medium
Vendor + City Area,"Decorators in Jalaram, Rajkot | VenueConnect",/rajkot/jalaram/vendors/decorators/,"Top Decorators in Jalaram, Rajkot | Hire Near You - VenueConnect","Find the best decorators in Jalaram, Rajkot for your event. Browse verified profiles, compare pricing & get WhatsApp leads instantly on VenueConnect.","Top Decorators in Jalaram, Rajkot",decorators in Jalaram Rajkot,"decorators near Jalaram, decorators Jalaram Rajkot, best decorators near Jalaram",Transactional (Hyper-local),Medium
Vendor + City Area,"Mehndi Artists in Jalaram, Rajkot | VenueConnect",/rajkot/jalaram/vendors/mehndi-artists/,"Top Mehndi Artists in Jalaram, Rajkot | Hire Near You - VenueConnect","Find the best mehndi artists in Jalaram, Rajkot for your event. Browse verified profiles, compare pricing & get WhatsApp leads instantly on VenueConnect.","Top Mehndi Artists in Jalaram, Rajkot",mehndi artists in Jalaram Rajkot,"mehndi artists near Jalaram, mehndi artists Jalaram Rajkot, best mehndi artists near Jalaram",Transactional (Hyper-local),Medium
Vendor + City Area,"Photographers in Kanak Road, Rajkot | VenueConnect",/rajkot/kanak-road/vendors/photographers/,"Top Photographers in Kanak Road, Rajkot | Hire Near You - VenueConnect","Find the best photographers in Kanak Road, Rajkot for your event. Browse verified profiles, compare pricing & get WhatsApp leads instantly on VenueConnect.","Top Photographers in Kanak Road, Rajkot",photographers in Kanak Road Rajkot,"photographers near Kanak Road, photographers Kanak Road Rajkot, best photographers near Kanak Road",Transactional (Hyper-local),Medium
Vendor + City Area,"Caterers in Kanak Road, Rajkot | VenueConnect",/rajkot/kanak-road/vendors/caterers/,"Top Caterers in Kanak Road, Rajkot | Hire Near You - VenueConnect","Find the best caterers in Kanak Road, Rajkot for your event. Browse verified profiles, compare pricing & get WhatsApp leads instantly on VenueConnect.","Top Caterers in Kanak Road, Rajkot",caterers in Kanak Road Rajkot,"caterers near Kanak Road, caterers Kanak Road Rajkot, best caterers near Kanak Road",Transactional (Hyper-local),Medium
Vendor + City Area,"Decorators in Kanak Road, Rajkot | VenueConnect",/rajkot/kanak-road/vendors/decorators/,"Top Decorators in Kanak Road, Rajkot | Hire Near You - VenueConnect","Find the best decorators in Kanak Road, Rajkot for your event. Browse verified profiles, compare pricing & get WhatsApp leads instantly on VenueConnect.","Top Decorators in Kanak Road, Rajkot",decorators in Kanak Road Rajkot,"decorators near Kanak Road, decorators Kanak Road Rajkot, best decorators near Kanak Road",Transactional (Hyper-local),Medium
Vendor + City Area,"Mehndi Artists in Kanak Road, Rajkot | VenueConnect",/rajkot/kanak-road/vendors/mehndi-artists/,"Top Mehndi Artists in Kanak Road, Rajkot | Hire Near You - VenueConnect","Find the best mehndi artists in Kanak Road, Rajkot for your event. Browse verified profiles, compare pricing & get WhatsApp leads instantly on VenueConnect.","Top Mehndi Artists in Kanak Road, Rajkot",mehndi artists in Kanak Road Rajkot,"mehndi artists near Kanak Road, mehndi artists Kanak Road Rajkot, best mehndi artists near Kanak Road",Transactional (Hyper-local),Medium
Vendor + City Area,"Photographers in Kasturba Road, Rajkot | VenueConnect",/rajkot/kasturba-road/vendors/photographers/,"Top Photographers in Kasturba Road, Rajkot | Hire Near You - VenueConnect","Find the best photographers in Kasturba Road, Rajkot for your event. Browse verified profiles, compare pricing & get WhatsApp leads instantly on VenueConnect.","Top Photographers in Kasturba Road, Rajkot",photographers in Kasturba Road Rajkot,"photographers near Kasturba Road, photographers Kasturba Road Rajkot, best photographers near Kasturba Road",Transactional (Hyper-local),Medium
Vendor + City Area,"Caterers in Kasturba Road, Rajkot | VenueConnect",/rajkot/kasturba-road/vendors/caterers/,"Top Caterers in Kasturba Road, Rajkot | Hire Near You - VenueConnect","Find the best caterers in Kasturba Road, Rajkot for your event. Browse verified profiles, compare pricing & get WhatsApp leads instantly on VenueConnect.","Top Caterers in Kasturba Road, Rajkot",caterers in Kasturba Road Rajkot,"caterers near Kasturba Road, caterers Kasturba Road Rajkot, best caterers near Kasturba Road",Transactional (Hyper-local),Medium
Vendor + City Area,"Decorators in Kasturba Road, Rajkot | VenueConnect",/rajkot/kasturba-road/vendors/decorators/,"Top Decorators in Kasturba Road, Rajkot | Hire Near You - VenueConnect","Find the best decorators in Kasturba Road, Rajkot for your event. Browse verified profiles, compare pricing & get WhatsApp leads instantly on VenueConnect.","Top Decorators in Kasturba Road, Rajkot",decorators in Kasturba Road Rajkot,"decorators near Kasturba Road, decorators Kasturba Road Rajkot, best decorators near Kasturba Road",Transactional (Hyper-local),Medium
Vendor + City Area,"Mehndi Artists in Kasturba Road, Rajkot | VenueConnect",/rajkot/kasturba-road/vendors/mehndi-artists/,"Top Mehndi Artists in Kasturba Road, Rajkot | Hire Near You - VenueConnect","Find the best mehndi artists in Kasturba Road, Rajkot for your event. Browse verified profiles, compare pricing & get WhatsApp leads instantly on VenueConnect.","Top Mehndi Artists in Kasturba Road, Rajkot",mehndi artists in Kasturba Road Rajkot,"mehndi artists near Kasturba Road, mehndi artists Kasturba Road Rajkot, best mehndi artists near Kasturba Road",Transactional (Hyper-local),Medium
Vendor + City Area,"Photographers in Lalpari Lake, Rajkot | VenueConnect",/rajkot/lalpari-lake/vendors/photographers/,"Top Photographers in Lalpari Lake, Rajkot | Hire Near You - VenueConnect","Find the best photographers in Lalpari Lake, Rajkot for your event. Browse verified profiles, compare pricing & get WhatsApp leads instantly on VenueConnect.","Top Photographers in Lalpari Lake, Rajkot",photographers in Lalpari Lake Rajkot,"photographers near Lalpari Lake, photographers Lalpari Lake Rajkot, best photographers near Lalpari Lake",Transactional (Hyper-local),Medium
Vendor + City Area,"Caterers in Lalpari Lake, Rajkot | VenueConnect",/rajkot/lalpari-lake/vendors/caterers/,"Top Caterers in Lalpari Lake, Rajkot | Hire Near You - VenueConnect","Find the best caterers in Lalpari Lake, Rajkot for your event. Browse verified profiles, compare pricing & get WhatsApp leads instantly on VenueConnect.","Top Caterers in Lalpari Lake, Rajkot",caterers in Lalpari Lake Rajkot,"caterers near Lalpari Lake, caterers Lalpari Lake Rajkot, best caterers near Lalpari Lake",Transactional (Hyper-local),Medium
Vendor + City Area,"Decorators in Lalpari Lake, Rajkot | VenueConnect",/rajkot/lalpari-lake/vendors/decorators/,"Top Decorators in Lalpari Lake, Rajkot | Hire Near You - VenueConnect","Find the best decorators in Lalpari Lake, Rajkot for your event. Browse verified profiles, compare pricing & get WhatsApp leads instantly on VenueConnect.","Top Decorators in Lalpari Lake, Rajkot",decorators in Lalpari Lake Rajkot,"decorators near Lalpari Lake, decorators Lalpari Lake Rajkot, best decorators near Lalpari Lake",Transactional (Hyper-local),Medium
Vendor + City Area,"Mehndi Artists in Lalpari Lake, Rajkot | VenueConnect",/rajkot/lalpari-lake/vendors/mehndi-artists/,"Top Mehndi Artists in Lalpari Lake, Rajkot | Hire Near You - VenueConnect","Find the best mehndi artists in Lalpari Lake, Rajkot for your event. Browse verified profiles, compare pricing & get WhatsApp leads instantly on VenueConnect.","Top Mehndi Artists in Lalpari Lake, Rajkot",mehndi artists in Lalpari Lake Rajkot,"mehndi artists near Lalpari Lake, mehndi artists Lalpari Lake Rajkot, best mehndi artists near Lalpari Lake",Transactional (Hyper-local),Medium
Vendor + City Area,"Photographers in Madhapar, Rajkot | VenueConnect",/rajkot/madhapar/vendors/photographers/,"Top Photographers in Madhapar, Rajkot | Hire Near You - VenueConnect","Find the best photographers in Madhapar, Rajkot for your event. Browse verified profiles, compare pricing & get WhatsApp leads instantly on VenueConnect.","Top Photographers in Madhapar, Rajkot",photographers in Madhapar Rajkot,"photographers near Madhapar, photographers Madhapar Rajkot, best photographers near Madhapar",Transactional (Hyper-local),Medium
Vendor + City Area,"Caterers in Madhapar, Rajkot | VenueConnect",/rajkot/madhapar/vendors/caterers/,"Top Caterers in Madhapar, Rajkot | Hire Near You - VenueConnect","Find the best caterers in Madhapar, Rajkot for your event. Browse verified profiles, compare pricing & get WhatsApp leads instantly on VenueConnect.","Top Caterers in Madhapar, Rajkot",caterers in Madhapar Rajkot,"caterers near Madhapar, caterers Madhapar Rajkot, best caterers near Madhapar",Transactional (Hyper-local),Medium
Vendor + City Area,"Decorators in Madhapar, Rajkot | VenueConnect",/rajkot/madhapar/vendors/decorators/,"Top Decorators in Madhapar, Rajkot | Hire Near You - VenueConnect","Find the best decorators in Madhapar, Rajkot for your event. Browse verified profiles, compare pricing & get WhatsApp leads instantly on VenueConnect.","Top Decorators in Madhapar, Rajkot",decorators in Madhapar Rajkot,"decorators near Madhapar, decorators Madhapar Rajkot, best decorators near Madhapar",Transactional (Hyper-local),Medium
Vendor + City Area,"Mehndi Artists in Madhapar, Rajkot | VenueConnect",/rajkot/madhapar/vendors/mehndi-artists/,"Top Mehndi Artists in Madhapar, Rajkot | Hire Near You - VenueConnect","Find the best mehndi artists in Madhapar, Rajkot for your event. Browse verified profiles, compare pricing & get WhatsApp leads instantly on VenueConnect.","Top Mehndi Artists in Madhapar, Rajkot",mehndi artists in Madhapar Rajkot,"mehndi artists near Madhapar, mehndi artists Madhapar Rajkot, best mehndi artists near Madhapar",Transactional (Hyper-local),Medium
Vendor + City Area,"Photographers in Mavdi Chowk, Rajkot | VenueConnect",/rajkot/mavdi-chowk/vendors/photographers/,"Top Photographers in Mavdi Chowk, Rajkot | Hire Near You - VenueConnect","Find the best photographers in Mavdi Chowk, Rajkot for your event. Browse verified profiles, compare pricing & get WhatsApp leads instantly on VenueConnect.","Top Photographers in Mavdi Chowk, Rajkot",photographers in Mavdi Chowk Rajkot,"photographers near Mavdi Chowk, photographers Mavdi Chowk Rajkot, best photographers near Mavdi Chowk",Transactional (Hyper-local),Medium
Vendor + City Area,"Caterers in Mavdi Chowk, Rajkot | VenueConnect",/rajkot/mavdi-chowk/vendors/caterers/,"Top Caterers in Mavdi Chowk, Rajkot | Hire Near You - VenueConnect","Find the best caterers in Mavdi Chowk, Rajkot for your event. Browse verified profiles, compare pricing & get WhatsApp leads instantly on VenueConnect.","Top Caterers in Mavdi Chowk, Rajkot",caterers in Mavdi Chowk Rajkot,"caterers near Mavdi Chowk, caterers Mavdi Chowk Rajkot, best caterers near Mavdi Chowk",Transactional (Hyper-local),Medium
Vendor + City Area,"Decorators in Mavdi Chowk, Rajkot | VenueConnect",/rajkot/mavdi-chowk/vendors/decorators/,"Top Decorators in Mavdi Chowk, Rajkot | Hire Near You - VenueConnect","Find the best decorators in Mavdi Chowk, Rajkot for your event. Browse verified profiles, compare pricing & get WhatsApp leads instantly on VenueConnect.","Top Decorators in Mavdi Chowk, Rajkot",decorators in Mavdi Chowk Rajkot,"decorators near Mavdi Chowk, decorators Mavdi Chowk Rajkot, best decorators near Mavdi Chowk",Transactional (Hyper-local),Medium
Vendor + City Area,"Mehndi Artists in Mavdi Chowk, Rajkot | VenueConnect",/rajkot/mavdi-chowk/vendors/mehndi-artists/,"Top Mehndi Artists in Mavdi Chowk, Rajkot | Hire Near You - VenueConnect","Find the best mehndi artists in Mavdi Chowk, Rajkot for your event. Browse verified profiles, compare pricing & get WhatsApp leads instantly on VenueConnect.","Top Mehndi Artists in Mavdi Chowk, Rajkot",mehndi artists in Mavdi Chowk Rajkot,"mehndi artists near Mavdi Chowk, mehndi artists Mavdi Chowk Rajkot, best mehndi artists near Mavdi Chowk",Transactional (Hyper-local),Medium
Vendor + City Area,"Photographers in Metoda GIDC, Rajkot | VenueConnect",/rajkot/metoda-gidc/vendors/photographers/,"Top Photographers in Metoda GIDC, Rajkot | Hire Near You - VenueConnect","Find the best photographers in Metoda GIDC, Rajkot for your event. Browse verified profiles, compare pricing & get WhatsApp leads instantly on VenueConnect.","Top Photographers in Metoda GIDC, Rajkot",photographers in Metoda GIDC Rajkot,"photographers near Metoda GIDC, photographers Metoda GIDC Rajkot, best photographers near Metoda GIDC",Transactional (Hyper-local),Medium
Vendor + City Area,"Caterers in Metoda GIDC, Rajkot | VenueConnect",/rajkot/metoda-gidc/vendors/caterers/,"Top Caterers in Metoda GIDC, Rajkot | Hire Near You - VenueConnect","Find the best caterers in Metoda GIDC, Rajkot for your event. Browse verified profiles, compare pricing & get WhatsApp leads instantly on VenueConnect.","Top Caterers in Metoda GIDC, Rajkot",caterers in Metoda GIDC Rajkot,"caterers near Metoda GIDC, caterers Metoda GIDC Rajkot, best caterers near Metoda GIDC",Transactional (Hyper-local),Medium
Vendor + City Area,"Decorators in Metoda GIDC, Rajkot | VenueConnect",/rajkot/metoda-gidc/vendors/decorators/,"Top Decorators in Metoda GIDC, Rajkot | Hire Near You - VenueConnect","Find the best decorators in Metoda GIDC, Rajkot for your event. Browse verified profiles, compare pricing & get WhatsApp leads instantly on VenueConnect.","Top Decorators in Metoda GIDC, Rajkot",decorators in Metoda GIDC Rajkot,"decorators near Metoda GIDC, decorators Metoda GIDC Rajkot, best decorators near Metoda GIDC",Transactional (Hyper-local),Medium
Vendor + City Area,"Mehndi Artists in Metoda GIDC, Rajkot | VenueConnect",/rajkot/metoda-gidc/vendors/mehndi-artists/,"Top Mehndi Artists in Metoda GIDC, Rajkot | Hire Near You - VenueConnect","Find the best mehndi artists in Metoda GIDC, Rajkot for your event. Browse verified profiles, compare pricing & get WhatsApp leads instantly on VenueConnect.","Top Mehndi Artists in Metoda GIDC, Rajkot",mehndi artists in Metoda GIDC Rajkot,"mehndi artists near Metoda GIDC, mehndi artists Metoda GIDC Rajkot, best mehndi artists near Metoda GIDC",Transactional (Hyper-local),Medium
Vendor + City Area,"Photographers in Morbi Road, Rajkot | VenueConnect",/rajkot/morbi-road/vendors/photographers/,"Top Photographers in Morbi Road, Rajkot | Hire Near You - VenueConnect","Find the best photographers in Morbi Road, Rajkot for your event. Browse verified profiles, compare pricing & get WhatsApp leads instantly on VenueConnect.","Top Photographers in Morbi Road, Rajkot",photographers in Morbi Road Rajkot,"photographers near Morbi Road, photographers Morbi Road Rajkot, best photographers near Morbi Road",Transactional (Hyper-local),Medium
Vendor + City Area,"Caterers in Morbi Road, Rajkot | VenueConnect",/rajkot/morbi-road/vendors/caterers/,"Top Caterers in Morbi Road, Rajkot | Hire Near You - VenueConnect","Find the best caterers in Morbi Road, Rajkot for your event. Browse verified profiles, compare pricing & get WhatsApp leads instantly on VenueConnect.","Top Caterers in Morbi Road, Rajkot",caterers in Morbi Road Rajkot,"caterers near Morbi Road, caterers Morbi Road Rajkot, best caterers near Morbi Road",Transactional (Hyper-local),Medium
Vendor + City Area,"Decorators in Morbi Road, Rajkot | VenueConnect",/rajkot/morbi-road/vendors/decorators/,"Top Decorators in Morbi Road, Rajkot | Hire Near You - VenueConnect","Find the best decorators in Morbi Road, Rajkot for your event. Browse verified profiles, compare pricing & get WhatsApp leads instantly on VenueConnect.","Top Decorators in Morbi Road, Rajkot",decorators in Morbi Road Rajkot,"decorators near Morbi Road, decorators Morbi Road Rajkot, best decorators near Morbi Road",Transactional (Hyper-local),Medium
Vendor + City Area,"Mehndi Artists in Morbi Road, Rajkot | VenueConnect",/rajkot/morbi-road/vendors/mehndi-artists/,"Top Mehndi Artists in Morbi Road, Rajkot | Hire Near You - VenueConnect","Find the best mehndi artists in Morbi Road, Rajkot for your event. Browse verified profiles, compare pricing & get WhatsApp leads instantly on VenueConnect.","Top Mehndi Artists in Morbi Road, Rajkot",mehndi artists in Morbi Road Rajkot,"mehndi artists near Morbi Road, mehndi artists Morbi Road Rajkot, best mehndi artists near Morbi Road",Transactional (Hyper-local),Medium
Vendor + City Area,"Photographers in Nana Mava, Rajkot | VenueConnect",/rajkot/nana-mava/vendors/photographers/,"Top Photographers in Nana Mava, Rajkot | Hire Near You - VenueConnect","Find the best photographers in Nana Mava, Rajkot for your event. Browse verified profiles, compare pricing & get WhatsApp leads instantly on VenueConnect.","Top Photographers in Nana Mava, Rajkot",photographers in Nana Mava Rajkot,"photographers near Nana Mava, photographers Nana Mava Rajkot, best photographers near Nana Mava",Transactional (Hyper-local),Medium
Vendor + City Area,"Caterers in Nana Mava, Rajkot | VenueConnect",/rajkot/nana-mava/vendors/caterers/,"Top Caterers in Nana Mava, Rajkot | Hire Near You - VenueConnect","Find the best caterers in Nana Mava, Rajkot for your event. Browse verified profiles, compare pricing & get WhatsApp leads instantly on VenueConnect.","Top Caterers in Nana Mava, Rajkot",caterers in Nana Mava Rajkot,"caterers near Nana Mava, caterers Nana Mava Rajkot, best caterers near Nana Mava",Transactional (Hyper-local),Medium
Vendor + City Area,"Decorators in Nana Mava, Rajkot | VenueConnect",/rajkot/nana-mava/vendors/decorators/,"Top Decorators in Nana Mava, Rajkot | Hire Near You - VenueConnect","Find the best decorators in Nana Mava, Rajkot for your event. Browse verified profiles, compare pricing & get WhatsApp leads instantly on VenueConnect.","Top Decorators in Nana Mava, Rajkot",decorators in Nana Mava Rajkot,"decorators near Nana Mava, decorators Nana Mava Rajkot, best decorators near Nana Mava",Transactional (Hyper-local),Medium
Vendor + City Area,"Mehndi Artists in Nana Mava, Rajkot | VenueConnect",/rajkot/nana-mava/vendors/mehndi-artists/,"Top Mehndi Artists in Nana Mava, Rajkot | Hire Near You - VenueConnect","Find the best mehndi artists in Nana Mava, Rajkot for your event. Browse verified profiles, compare pricing & get WhatsApp leads instantly on VenueConnect.","Top Mehndi Artists in Nana Mava, Rajkot",mehndi artists in Nana Mava Rajkot,"mehndi artists near Nana Mava, mehndi artists Nana Mava Rajkot, best mehndi artists near Nana Mava",Transactional (Hyper-local),Medium
Vendor + City Area,"Photographers in Nirmala Convent Road, Rajkot | VenueConnect",/rajkot/nirmala-convent-road/vendors/photographers/,"Top Photographers in Nirmala Convent Road, Rajkot | Hire Near You - VenueConnect","Find the best photographers in Nirmala Convent Road, Rajkot for your event. Browse verified profiles, compare pricing & get WhatsApp leads instantly on VenueConnect.","Top Photographers in Nirmala Convent Road, Rajkot",photographers in Nirmala Convent Road Rajkot,"photographers near Nirmala Convent Road, photographers Nirmala Convent Road Rajkot, best photographers near Nirmala Convent Road",Transactional (Hyper-local),Medium
Vendor + City Area,"Caterers in Nirmala Convent Road, Rajkot | VenueConnect",/rajkot/nirmala-convent-road/vendors/caterers/,"Top Caterers in Nirmala Convent Road, Rajkot | Hire Near You - VenueConnect","Find the best caterers in Nirmala Convent Road, Rajkot for your event. Browse verified profiles, compare pricing & get WhatsApp leads instantly on VenueConnect.","Top Caterers in Nirmala Convent Road, Rajkot",caterers in Nirmala Convent Road Rajkot,"caterers near Nirmala Convent Road, caterers Nirmala Convent Road Rajkot, best caterers near Nirmala Convent Road",Transactional (Hyper-local),Medium
Vendor + City Area,"Decorators in Nirmala Convent Road, Rajkot | VenueConnect",/rajkot/nirmala-convent-road/vendors/decorators/,"Top Decorators in Nirmala Convent Road, Rajkot | Hire Near You - VenueConnect","Find the best decorators in Nirmala Convent Road, Rajkot for your event. Browse verified profiles, compare pricing & get WhatsApp leads instantly on VenueConnect.","Top Decorators in Nirmala Convent Road, Rajkot",decorators in Nirmala Convent Road Rajkot,"decorators near Nirmala Convent Road, decorators Nirmala Convent Road Rajkot, best decorators near Nirmala Convent Road",Transactional (Hyper-local),Medium
Vendor + City Area,"Mehndi Artists in Nirmala Convent Road, Rajkot | VenueConnect",/rajkot/nirmala-convent-road/vendors/mehndi-artists/,"Top Mehndi Artists in Nirmala Convent Road, Rajkot | Hire Near You - VenueConnect","Find the best mehndi artists in Nirmala Convent Road, Rajkot for your event. Browse verified profiles, compare pricing & get WhatsApp leads instantly on VenueConnect.","Top Mehndi Artists in Nirmala Convent Road, Rajkot",mehndi artists in Nirmala Convent Road Rajkot,"mehndi artists near Nirmala Convent Road, mehndi artists Nirmala Convent Road Rajkot, best mehndi artists near Nirmala Convent Road",Transactional (Hyper-local),Medium
Vendor + City Area,"Photographers in Paddhari, Rajkot | VenueConnect",/rajkot/paddhari/vendors/photographers/,"Top Photographers in Paddhari, Rajkot | Hire Near You - VenueConnect","Find the best photographers in Paddhari, Rajkot for your event. Browse verified profiles, compare pricing & get WhatsApp leads instantly on VenueConnect.","Top Photographers in Paddhari, Rajkot",photographers in Paddhari Rajkot,"photographers near Paddhari, photographers Paddhari Rajkot, best photographers near Paddhari",Transactional (Hyper-local),Medium
Vendor + City Area,"Caterers in Paddhari, Rajkot | VenueConnect",/rajkot/paddhari/vendors/caterers/,"Top Caterers in Paddhari, Rajkot | Hire Near You - VenueConnect","Find the best caterers in Paddhari, Rajkot for your event. Browse verified profiles, compare pricing & get WhatsApp leads instantly on VenueConnect.","Top Caterers in Paddhari, Rajkot",caterers in Paddhari Rajkot,"caterers near Paddhari, caterers Paddhari Rajkot, best caterers near Paddhari",Transactional (Hyper-local),Medium
Vendor + City Area,"Decorators in Paddhari, Rajkot | VenueConnect",/rajkot/paddhari/vendors/decorators/,"Top Decorators in Paddhari, Rajkot | Hire Near You - VenueConnect","Find the best decorators in Paddhari, Rajkot for your event. Browse verified profiles, compare pricing & get WhatsApp leads instantly on VenueConnect.","Top Decorators in Paddhari, Rajkot",decorators in Paddhari Rajkot,"decorators near Paddhari, decorators Paddhari Rajkot, best decorators near Paddhari",Transactional (Hyper-local),Medium
Vendor + City Area,"Mehndi Artists in Paddhari, Rajkot | VenueConnect",/rajkot/paddhari/vendors/mehndi-artists/,"Top Mehndi Artists in Paddhari, Rajkot | Hire Near You - VenueConnect","Find the best mehndi artists in Paddhari, Rajkot for your event. Browse verified profiles, compare pricing & get WhatsApp leads instantly on VenueConnect.","Top Mehndi Artists in Paddhari, Rajkot",mehndi artists in Paddhari Rajkot,"mehndi artists near Paddhari, mehndi artists Paddhari Rajkot, best mehndi artists near Paddhari",Transactional (Hyper-local),Medium
Vendor + City Area,"Photographers in Punjabi Para, Rajkot | VenueConnect",/rajkot/punjabi-para/vendors/photographers/,"Top Photographers in Punjabi Para, Rajkot | Hire Near You - VenueConnect","Find the best photographers in Punjabi Para, Rajkot for your event. Browse verified profiles, compare pricing & get WhatsApp leads instantly on VenueConnect.","Top Photographers in Punjabi Para, Rajkot",photographers in Punjabi Para Rajkot,"photographers near Punjabi Para, photographers Punjabi Para Rajkot, best photographers near Punjabi Para",Transactional (Hyper-local),Medium
Vendor + City Area,"Caterers in Punjabi Para, Rajkot | VenueConnect",/rajkot/punjabi-para/vendors/caterers/,"Top Caterers in Punjabi Para, Rajkot | Hire Near You - VenueConnect","Find the best caterers in Punjabi Para, Rajkot for your event. Browse verified profiles, compare pricing & get WhatsApp leads instantly on VenueConnect.","Top Caterers in Punjabi Para, Rajkot",caterers in Punjabi Para Rajkot,"caterers near Punjabi Para, caterers Punjabi Para Rajkot, best caterers near Punjabi Para",Transactional (Hyper-local),Medium
Vendor + City Area,"Decorators in Punjabi Para, Rajkot | VenueConnect",/rajkot/punjabi-para/vendors/decorators/,"Top Decorators in Punjabi Para, Rajkot | Hire Near You - VenueConnect","Find the best decorators in Punjabi Para, Rajkot for your event. Browse verified profiles, compare pricing & get WhatsApp leads instantly on VenueConnect.","Top Decorators in Punjabi Para, Rajkot",decorators in Punjabi Para Rajkot,"decorators near Punjabi Para, decorators Punjabi Para Rajkot, best decorators near Punjabi Para",Transactional (Hyper-local),Medium
Vendor + City Area,"Mehndi Artists in Punjabi Para, Rajkot | VenueConnect",/rajkot/punjabi-para/vendors/mehndi-artists/,"Top Mehndi Artists in Punjabi Para, Rajkot | Hire Near You - VenueConnect","Find the best mehndi artists in Punjabi Para, Rajkot for your event. Browse verified profiles, compare pricing & get WhatsApp leads instantly on VenueConnect.","Top Mehndi Artists in Punjabi Para, Rajkot",mehndi artists in Punjabi Para Rajkot,"mehndi artists near Punjabi Para, mehndi artists Punjabi Para Rajkot, best mehndi artists near Punjabi Para",Transactional (Hyper-local),Medium
Vendor + City Area,"Photographers in Sadhuvasvani Road, Rajkot | VenueConnect",/rajkot/sadhuvasvani-road/vendors/photographers/,"Top Photographers in Sadhuvasvani Road, Rajkot | Hire Near You - VenueConnect","Find the best photographers in Sadhuvasvani Road, Rajkot for your event. Browse verified profiles, compare pricing & get WhatsApp leads instantly on VenueConnect.","Top Photographers in Sadhuvasvani Road, Rajkot",photographers in Sadhuvasvani Road Rajkot,"photographers near Sadhuvasvani Road, photographers Sadhuvasvani Road Rajkot, best photographers near Sadhuvasvani Road",Transactional (Hyper-local),Medium
Vendor + City Area,"Caterers in Sadhuvasvani Road, Rajkot | VenueConnect",/rajkot/sadhuvasvani-road/vendors/caterers/,"Top Caterers in Sadhuvasvani Road, Rajkot | Hire Near You - VenueConnect","Find the best caterers in Sadhuvasvani Road, Rajkot for your event. Browse verified profiles, compare pricing & get WhatsApp leads instantly on VenueConnect.","Top Caterers in Sadhuvasvani Road, Rajkot",caterers in Sadhuvasvani Road Rajkot,"caterers near Sadhuvasvani Road, caterers Sadhuvasvani Road Rajkot, best caterers near Sadhuvasvani Road",Transactional (Hyper-local),Medium
Vendor + City Area,"Decorators in Sadhuvasvani Road, Rajkot | VenueConnect",/rajkot/sadhuvasvani-road/vendors/decorators/,"Top Decorators in Sadhuvasvani Road, Rajkot | Hire Near You - VenueConnect","Find the best decorators in Sadhuvasvani Road, Rajkot for your event. Browse verified profiles, compare pricing & get WhatsApp leads instantly on VenueConnect.","Top Decorators in Sadhuvasvani Road, Rajkot",decorators in Sadhuvasvani Road Rajkot,"decorators near Sadhuvasvani Road, decorators Sadhuvasvani Road Rajkot, best decorators near Sadhuvasvani Road",Transactional (Hyper-local),Medium
Vendor + City Area,"Mehndi Artists in Sadhuvasvani Road, Rajkot | VenueConnect",/rajkot/sadhuvasvani-road/vendors/mehndi-artists/,"Top Mehndi Artists in Sadhuvasvani Road, Rajkot | Hire Near You - VenueConnect","Find the best mehndi artists in Sadhuvasvani Road, Rajkot for your event. Browse verified profiles, compare pricing & get WhatsApp leads instantly on VenueConnect.","Top Mehndi Artists in Sadhuvasvani Road, Rajkot",mehndi artists in Sadhuvasvani Road Rajkot,"mehndi artists near Sadhuvasvani Road, mehndi artists Sadhuvasvani Road Rajkot, best mehndi artists near Sadhuvasvani Road",Transactional (Hyper-local),Medium
Vendor + City Area,"Photographers in Shashtri Maidan, Rajkot | VenueConnect",/rajkot/shashtri-maidan/vendors/photographers/,"Top Photographers in Shashtri Maidan, Rajkot | Hire Near You - VenueConnect","Find the best photographers in Shashtri Maidan, Rajkot for your event. Browse verified profiles, compare pricing & get WhatsApp leads instantly on VenueConnect.","Top Photographers in Shashtri Maidan, Rajkot",photographers in Shashtri Maidan Rajkot,"photographers near Shashtri Maidan, photographers Shashtri Maidan Rajkot, best photographers near Shashtri Maidan",Transactional (Hyper-local),Medium
Vendor + City Area,"Caterers in Shashtri Maidan, Rajkot | VenueConnect",/rajkot/shashtri-maidan/vendors/caterers/,"Top Caterers in Shashtri Maidan, Rajkot | Hire Near You - VenueConnect","Find the best caterers in Shashtri Maidan, Rajkot for your event. Browse verified profiles, compare pricing & get WhatsApp leads instantly on VenueConnect.","Top Caterers in Shashtri Maidan, Rajkot",caterers in Shashtri Maidan Rajkot,"caterers near Shashtri Maidan, caterers Shashtri Maidan Rajkot, best caterers near Shashtri Maidan",Transactional (Hyper-local),Medium
Vendor + City Area,"Decorators in Shashtri Maidan, Rajkot | VenueConnect",/rajkot/shashtri-maidan/vendors/decorators/,"Top Decorators in Shashtri Maidan, Rajkot | Hire Near You - VenueConnect","Find the best decorators in Shashtri Maidan, Rajkot for your event. Browse verified profiles, compare pricing & get WhatsApp leads instantly on VenueConnect.","Top Decorators in Shashtri Maidan, Rajkot",decorators in Shashtri Maidan Rajkot,"decorators near Shashtri Maidan, decorators Shashtri Maidan Rajkot, best decorators near Shashtri Maidan",Transactional (Hyper-local),Medium
Vendor + City Area,"Mehndi Artists in Shashtri Maidan, Rajkot | VenueConnect",/rajkot/shashtri-maidan/vendors/mehndi-artists/,"Top Mehndi Artists in Shashtri Maidan, Rajkot | Hire Near You - VenueConnect","Find the best mehndi artists in Shashtri Maidan, Rajkot for your event. Browse verified profiles, compare pricing & get WhatsApp leads instantly on VenueConnect.","Top Mehndi Artists in Shashtri Maidan, Rajkot",mehndi artists in Shashtri Maidan Rajkot,"mehndi artists near Shashtri Maidan, mehndi artists Shashtri Maidan Rajkot, best mehndi artists near Shashtri Maidan",Transactional (Hyper-local),Medium
Vendor + City Area,"Photographers in Shrimali Society, Rajkot | VenueConnect",/rajkot/shrimali-society/vendors/photographers/,"Top Photographers in Shrimali Society, Rajkot | Hire Near You - VenueConnect","Find the best photographers in Shrimali Society, Rajkot for your event. Browse verified profiles, compare pricing & get WhatsApp leads instantly on VenueConnect.","Top Photographers in Shrimali Society, Rajkot",photographers in Shrimali Society Rajkot,"photographers near Shrimali Society, photographers Shrimali Society Rajkot, best photographers near Shrimali Society",Transactional (Hyper-local),Medium
Vendor + City Area,"Caterers in Shrimali Society, Rajkot | VenueConnect",/rajkot/shrimali-society/vendors/caterers/,"Top Caterers in Shrimali Society, Rajkot | Hire Near You - VenueConnect","Find the best caterers in Shrimali Society, Rajkot for your event. Browse verified profiles, compare pricing & get WhatsApp leads instantly on VenueConnect.","Top Caterers in Shrimali Society, Rajkot",caterers in Shrimali Society Rajkot,"caterers near Shrimali Society, caterers Shrimali Society Rajkot, best caterers near Shrimali Society",Transactional (Hyper-local),Medium
Vendor + City Area,"Decorators in Shrimali Society, Rajkot | VenueConnect",/rajkot/shrimali-society/vendors/decorators/,"Top Decorators in Shrimali Society, Rajkot | Hire Near You - VenueConnect","Find the best decorators in Shrimali Society, Rajkot for your event. Browse verified profiles, compare pricing & get WhatsApp leads instantly on VenueConnect.","Top Decorators in Shrimali Society, Rajkot",decorators in Shrimali Society Rajkot,"decorators near Shrimali Society, decorators Shrimali Society Rajkot, best decorators near Shrimali Society",Transactional (Hyper-local),Medium
Vendor + City Area,"Mehndi Artists in Shrimali Society, Rajkot | VenueConnect",/rajkot/shrimali-society/vendors/mehndi-artists/,"Top Mehndi Artists in Shrimali Society, Rajkot | Hire Near You - VenueConnect","Find the best mehndi artists in Shrimali Society, Rajkot for your event. Browse verified profiles, compare pricing & get WhatsApp leads instantly on VenueConnect.","Top Mehndi Artists in Shrimali Society, Rajkot",mehndi artists in Shrimali Society Rajkot,"mehndi artists near Shrimali Society, mehndi artists Shrimali Society Rajkot, best mehndi artists near Shrimali Society",Transactional (Hyper-local),Medium
Vendor + City Area,"Photographers in Tagore Road, Rajkot | VenueConnect",/rajkot/tagore-road/vendors/photographers/,"Top Photographers in Tagore Road, Rajkot | Hire Near You - VenueConnect","Find the best photographers in Tagore Road, Rajkot for your event. Browse verified profiles, compare pricing & get WhatsApp leads instantly on VenueConnect.","Top Photographers in Tagore Road, Rajkot",photographers in Tagore Road Rajkot,"photographers near Tagore Road, photographers Tagore Road Rajkot, best photographers near Tagore Road",Transactional (Hyper-local),Medium
Vendor + City Area,"Caterers in Tagore Road, Rajkot | VenueConnect",/rajkot/tagore-road/vendors/caterers/,"Top Caterers in Tagore Road, Rajkot | Hire Near You - VenueConnect","Find the best caterers in Tagore Road, Rajkot for your event. Browse verified profiles, compare pricing & get WhatsApp leads instantly on VenueConnect.","Top Caterers in Tagore Road, Rajkot",caterers in Tagore Road Rajkot,"caterers near Tagore Road, caterers Tagore Road Rajkot, best caterers near Tagore Road",Transactional (Hyper-local),Medium
Vendor + City Area,"Decorators in Tagore Road, Rajkot | VenueConnect",/rajkot/tagore-road/vendors/decorators/,"Top Decorators in Tagore Road, Rajkot | Hire Near You - VenueConnect","Find the best decorators in Tagore Road, Rajkot for your event. Browse verified profiles, compare pricing & get WhatsApp leads instantly on VenueConnect.","Top Decorators in Tagore Road, Rajkot",decorators in Tagore Road Rajkot,"decorators near Tagore Road, decorators Tagore Road Rajkot, best decorators near Tagore Road",Transactional (Hyper-local),Medium
Vendor + City Area,"Mehndi Artists in Tagore Road, Rajkot | VenueConnect",/rajkot/tagore-road/vendors/mehndi-artists/,"Top Mehndi Artists in Tagore Road, Rajkot | Hire Near You - VenueConnect","Find the best mehndi artists in Tagore Road, Rajkot for your event. Browse verified profiles, compare pricing & get WhatsApp leads instantly on VenueConnect.","Top Mehndi Artists in Tagore Road, Rajkot",mehndi artists in Tagore Road Rajkot,"mehndi artists near Tagore Road, mehndi artists Tagore Road Rajkot, best mehndi artists near Tagore Road",Transactional (Hyper-local),Medium
Vendor + City Area,"Photographers in Vavdi, Rajkot | VenueConnect",/rajkot/vavdi/vendors/photographers/,"Top Photographers in Vavdi, Rajkot | Hire Near You - VenueConnect","Find the best photographers in Vavdi, Rajkot for your event. Browse verified profiles, compare pricing & get WhatsApp leads instantly on VenueConnect.","Top Photographers in Vavdi, Rajkot",photographers in Vavdi Rajkot,"photographers near Vavdi, photographers Vavdi Rajkot, best photographers near Vavdi",Transactional (Hyper-local),Medium
Vendor + City Area,"Caterers in Vavdi, Rajkot | VenueConnect",/rajkot/vavdi/vendors/caterers/,"Top Caterers in Vavdi, Rajkot | Hire Near You - VenueConnect","Find the best caterers in Vavdi, Rajkot for your event. Browse verified profiles, compare pricing & get WhatsApp leads instantly on VenueConnect.","Top Caterers in Vavdi, Rajkot",caterers in Vavdi Rajkot,"caterers near Vavdi, caterers Vavdi Rajkot, best caterers near Vavdi",Transactional (Hyper-local),Medium
Vendor + City Area,"Decorators in Vavdi, Rajkot | VenueConnect",/rajkot/vavdi/vendors/decorators/,"Top Decorators in Vavdi, Rajkot | Hire Near You - VenueConnect","Find the best decorators in Vavdi, Rajkot for your event. Browse verified profiles, compare pricing & get WhatsApp leads instantly on VenueConnect.","Top Decorators in Vavdi, Rajkot",decorators in Vavdi Rajkot,"decorators near Vavdi, decorators Vavdi Rajkot, best decorators near Vavdi",Transactional (Hyper-local),Medium
Vendor + City Area,"Mehndi Artists in Vavdi, Rajkot | VenueConnect",/rajkot/vavdi/vendors/mehndi-artists/,"Top Mehndi Artists in Vavdi, Rajkot | Hire Near You - VenueConnect","Find the best mehndi artists in Vavdi, Rajkot for your event. Browse verified profiles, compare pricing & get WhatsApp leads instantly on VenueConnect.","Top Mehndi Artists in Vavdi, Rajkot",mehndi artists in Vavdi Rajkot,"mehndi artists near Vavdi, mehndi artists Vavdi Rajkot, best mehndi artists near Vavdi",Transactional (Hyper-local),Medium
Vendor + City Area,"Photographers in Virani Circle, Rajkot | VenueConnect",/rajkot/virani-circle/vendors/photographers/,"Top Photographers in Virani Circle, Rajkot | Hire Near You - VenueConnect","Find the best photographers in Virani Circle, Rajkot for your event. Browse verified profiles, compare pricing & get WhatsApp leads instantly on VenueConnect.","Top Photographers in Virani Circle, Rajkot",photographers in Virani Circle Rajkot,"photographers near Virani Circle, photographers Virani Circle Rajkot, best photographers near Virani Circle",Transactional (Hyper-local),Medium
Vendor + City Area,"Caterers in Virani Circle, Rajkot | VenueConnect",/rajkot/virani-circle/vendors/caterers/,"Top Caterers in Virani Circle, Rajkot | Hire Near You - VenueConnect","Find the best caterers in Virani Circle, Rajkot for your event. Browse verified profiles, compare pricing & get WhatsApp leads instantly on VenueConnect.","Top Caterers in Virani Circle, Rajkot",caterers in Virani Circle Rajkot,"caterers near Virani Circle, caterers Virani Circle Rajkot, best caterers near Virani Circle",Transactional (Hyper-local),Medium
Vendor + City Area,"Decorators in Virani Circle, Rajkot | VenueConnect",/rajkot/virani-circle/vendors/decorators/,"Top Decorators in Virani Circle, Rajkot | Hire Near You - VenueConnect","Find the best decorators in Virani Circle, Rajkot for your event. Browse verified profiles, compare pricing & get WhatsApp leads instantly on VenueConnect.","Top Decorators in Virani Circle, Rajkot",decorators in Virani Circle Rajkot,"decorators near Virani Circle, decorators Virani Circle Rajkot, best decorators near Virani Circle",Transactional (Hyper-local),Medium
Vendor + City Area,"Mehndi Artists in Virani Circle, Rajkot | VenueConnect",/rajkot/virani-circle/vendors/mehndi-artists/,"Top Mehndi Artists in Virani Circle, Rajkot | Hire Near You - VenueConnect","Find the best mehndi artists in Virani Circle, Rajkot for your event. Browse verified profiles, compare pricing & get WhatsApp leads instantly on VenueConnect.","Top Mehndi Artists in Virani Circle, Rajkot",mehndi artists in Virani Circle Rajkot,"mehndi artists near Virani Circle, mehndi artists Virani Circle Rajkot, best mehndi artists near Virani Circle",Transactional (Hyper-local),Medium
Vendor + City Area,"Photographers in Zankar Chowk, Rajkot | VenueConnect",/rajkot/zankar-chowk/vendors/photographers/,"Top Photographers in Zankar Chowk, Rajkot | Hire Near You - VenueConnect","Find the best photographers in Zankar Chowk, Rajkot for your event. Browse verified profiles, compare pricing & get WhatsApp leads instantly on VenueConnect.","Top Photographers in Zankar Chowk, Rajkot",photographers in Zankar Chowk Rajkot,"photographers near Zankar Chowk, photographers Zankar Chowk Rajkot, best photographers near Zankar Chowk",Transactional (Hyper-local),Medium
Vendor + City Area,"Caterers in Zankar Chowk, Rajkot | VenueConnect",/rajkot/zankar-chowk/vendors/caterers/,"Top Caterers in Zankar Chowk, Rajkot | Hire Near You - VenueConnect","Find the best caterers in Zankar Chowk, Rajkot for your event. Browse verified profiles, compare pricing & get WhatsApp leads instantly on VenueConnect.","Top Caterers in Zankar Chowk, Rajkot",caterers in Zankar Chowk Rajkot,"caterers near Zankar Chowk, caterers Zankar Chowk Rajkot, best caterers near Zankar Chowk",Transactional (Hyper-local),Medium
Vendor + City Area,"Decorators in Zankar Chowk, Rajkot | VenueConnect",/rajkot/zankar-chowk/vendors/decorators/,"Top Decorators in Zankar Chowk, Rajkot | Hire Near You - VenueConnect","Find the best decorators in Zankar Chowk, Rajkot for your event. Browse verified profiles, compare pricing & get WhatsApp leads instantly on VenueConnect.","Top Decorators in Zankar Chowk, Rajkot",decorators in Zankar Chowk Rajkot,"decorators near Zankar Chowk, decorators Zankar Chowk Rajkot, best decorators near Zankar Chowk",Transactional (Hyper-local),Medium
Vendor + City Area,"Mehndi Artists in Zankar Chowk, Rajkot | VenueConnect",/rajkot/zankar-chowk/vendors/mehndi-artists/,"Top Mehndi Artists in Zankar Chowk, Rajkot | Hire Near You - VenueConnect","Find the best mehndi artists in Zankar Chowk, Rajkot for your event. Browse verified profiles, compare pricing & get WhatsApp leads instantly on VenueConnect.","Top Mehndi Artists in Zankar Chowk, Rajkot",mehndi artists in Zankar Chowk Rajkot,"mehndi artists near Zankar Chowk, mehndi artists Zankar Chowk Rajkot, best mehndi artists near Zankar Chowk",Transactional (Hyper-local),Medium
Vendor + City Area,"Photographers in Raiyadhar, Rajkot | VenueConnect",/rajkot/raiyadhar/vendors/photographers/,"Top Photographers in Raiyadhar, Rajkot | Hire Near You - VenueConnect","Find the best photographers in Raiyadhar, Rajkot for your event. Browse verified profiles, compare pricing & get WhatsApp leads instantly on VenueConnect.","Top Photographers in Raiyadhar, Rajkot",photographers in Raiyadhar Rajkot,"photographers near Raiyadhar, photographers Raiyadhar Rajkot, best photographers near Raiyadhar",Transactional (Hyper-local),Medium
Vendor + City Area,"Caterers in Raiyadhar, Rajkot | VenueConnect",/rajkot/raiyadhar/vendors/caterers/,"Top Caterers in Raiyadhar, Rajkot | Hire Near You - VenueConnect","Find the best caterers in Raiyadhar, Rajkot for your event. Browse verified profiles, compare pricing & get WhatsApp leads instantly on VenueConnect.","Top Caterers in Raiyadhar, Rajkot",caterers in Raiyadhar Rajkot,"caterers near Raiyadhar, caterers Raiyadhar Rajkot, best caterers near Raiyadhar",Transactional (Hyper-local),Medium
Vendor + City Area,"Decorators in Raiyadhar, Rajkot | VenueConnect",/rajkot/raiyadhar/vendors/decorators/,"Top Decorators in Raiyadhar, Rajkot | Hire Near You - VenueConnect","Find the best decorators in Raiyadhar, Rajkot for your event. Browse verified profiles, compare pricing & get WhatsApp leads instantly on VenueConnect.","Top Decorators in Raiyadhar, Rajkot",decorators in Raiyadhar Rajkot,"decorators near Raiyadhar, decorators Raiyadhar Rajkot, best decorators near Raiyadhar",Transactional (Hyper-local),Medium
Vendor + City Area,"Mehndi Artists in Raiyadhar, Rajkot | VenueConnect",/rajkot/raiyadhar/vendors/mehndi-artists/,"Top Mehndi Artists in Raiyadhar, Rajkot | Hire Near You - VenueConnect","Find the best mehndi artists in Raiyadhar, Rajkot for your event. Browse verified profiles, compare pricing & get WhatsApp leads instantly on VenueConnect.","Top Mehndi Artists in Raiyadhar, Rajkot",mehndi artists in Raiyadhar Rajkot,"mehndi artists near Raiyadhar, mehndi artists Raiyadhar Rajkot, best mehndi artists near Raiyadhar",Transactional (Hyper-local),Medium
Vendor + City Area,"Photographers in Hariom Nagar, Rajkot | VenueConnect",/rajkot/hariom-nagar/vendors/photographers/,"Top Photographers in Hariom Nagar, Rajkot | Hire Near You - VenueConnect","Find the best photographers in Hariom Nagar, Rajkot for your event. Browse verified profiles, compare pricing & get WhatsApp leads instantly on VenueConnect.","Top Photographers in Hariom Nagar, Rajkot",photographers in Hariom Nagar Rajkot,"photographers near Hariom Nagar, photographers Hariom Nagar Rajkot, best photographers near Hariom Nagar",Transactional (Hyper-local),Medium
Vendor + City Area,"Caterers in Hariom Nagar, Rajkot | VenueConnect",/rajkot/hariom-nagar/vendors/caterers/,"Top Caterers in Hariom Nagar, Rajkot | Hire Near You - VenueConnect","Find the best caterers in Hariom Nagar, Rajkot for your event. Browse verified profiles, compare pricing & get WhatsApp leads instantly on VenueConnect.","Top Caterers in Hariom Nagar, Rajkot",caterers in Hariom Nagar Rajkot,"caterers near Hariom Nagar, caterers Hariom Nagar Rajkot, best caterers near Hariom Nagar",Transactional (Hyper-local),Medium
Vendor + City Area,"Decorators in Hariom Nagar, Rajkot | VenueConnect",/rajkot/hariom-nagar/vendors/decorators/,"Top Decorators in Hariom Nagar, Rajkot | Hire Near You - VenueConnect","Find the best decorators in Hariom Nagar, Rajkot for your event. Browse verified profiles, compare pricing & get WhatsApp leads instantly on VenueConnect.","Top Decorators in Hariom Nagar, Rajkot",decorators in Hariom Nagar Rajkot,"decorators near Hariom Nagar, decorators Hariom Nagar Rajkot, best decorators near Hariom Nagar",Transactional (Hyper-local),Medium
Vendor + City Area,"Mehndi Artists in Hariom Nagar, Rajkot | VenueConnect",/rajkot/hariom-nagar/vendors/mehndi-artists/,"Top Mehndi Artists in Hariom Nagar, Rajkot | Hire Near You - VenueConnect","Find the best mehndi artists in Hariom Nagar, Rajkot for your event. Browse verified profiles, compare pricing & get WhatsApp leads instantly on VenueConnect.","Top Mehndi Artists in Hariom Nagar, Rajkot",mehndi artists in Hariom Nagar Rajkot,"mehndi artists near Hariom Nagar, mehndi artists Hariom Nagar Rajkot, best mehndi artists near Hariom Nagar",Transactional (Hyper-local),Medium
Vendor + City Area,"Photographers in Digvijay Plot, Rajkot | VenueConnect",/rajkot/digvijay-plot/vendors/photographers/,"Top Photographers in Digvijay Plot, Rajkot | Hire Near You - VenueConnect","Find the best photographers in Digvijay Plot, Rajkot for your event. Browse verified profiles, compare pricing & get WhatsApp leads instantly on VenueConnect.","Top Photographers in Digvijay Plot, Rajkot",photographers in Digvijay Plot Rajkot,"photographers near Digvijay Plot, photographers Digvijay Plot Rajkot, best photographers near Digvijay Plot",Transactional (Hyper-local),Medium
Vendor + City Area,"Caterers in Digvijay Plot, Rajkot | VenueConnect",/rajkot/digvijay-plot/vendors/caterers/,"Top Caterers in Digvijay Plot, Rajkot | Hire Near You - VenueConnect","Find the best caterers in Digvijay Plot, Rajkot for your event. Browse verified profiles, compare pricing & get WhatsApp leads instantly on VenueConnect.","Top Caterers in Digvijay Plot, Rajkot",caterers in Digvijay Plot Rajkot,"caterers near Digvijay Plot, caterers Digvijay Plot Rajkot, best caterers near Digvijay Plot",Transactional (Hyper-local),Medium
Vendor + City Area,"Decorators in Digvijay Plot, Rajkot | VenueConnect",/rajkot/digvijay-plot/vendors/decorators/,"Top Decorators in Digvijay Plot, Rajkot | Hire Near You - VenueConnect","Find the best decorators in Digvijay Plot, Rajkot for your event. Browse verified profiles, compare pricing & get WhatsApp leads instantly on VenueConnect.","Top Decorators in Digvijay Plot, Rajkot",decorators in Digvijay Plot Rajkot,"decorators near Digvijay Plot, decorators Digvijay Plot Rajkot, best decorators near Digvijay Plot",Transactional (Hyper-local),Medium
Vendor + City Area,"Mehndi Artists in Digvijay Plot, Rajkot | VenueConnect",/rajkot/digvijay-plot/vendors/mehndi-artists/,"Top Mehndi Artists in Digvijay Plot, Rajkot | Hire Near You - VenueConnect","Find the best mehndi artists in Digvijay Plot, Rajkot for your event. Browse verified profiles, compare pricing & get WhatsApp leads instantly on VenueConnect.","Top Mehndi Artists in Digvijay Plot, Rajkot",mehndi artists in Digvijay Plot Rajkot,"mehndi artists near Digvijay Plot, mehndi artists Digvijay Plot Rajkot, best mehndi artists near Digvijay Plot",Transactional (Hyper-local),Medium
  VENUE TYPE + CITY AREA PAGES (Hyper-local),,,,,,,,,
Page Type,Page Title,URL Slug,Meta Title,Meta Description,H1 Tag,Target Keyword,Secondary Keywords,Search Intent,Priority
Venue + City Area,"Banquet Halls in Kalawad Road, Rajkot | VenueConnect",/rajkot/kalawad-road/banquet-halls/,"Best Banquet Halls in Kalawad Road, Rajkot | Compare Near You - VenueConnect","Looking for banquet halls in Kalawad Road, Rajkot? Browse verified listings with pricing, capacity & photos. Book the perfect venue near Kalawad Road on VenueConnect.","Best Banquet Halls in Kalawad Road, Rajkot",banquet halls in Kalawad Road Rajkot,"banquet halls near Kalawad Road, banquet halls Kalawad Road Rajkot, affordable banquet halls near Kalawad Road",Transactional (Hyper-local),High
Venue + City Area,"Farmhouses in Kalawad Road, Rajkot | VenueConnect",/rajkot/kalawad-road/farmhouses/,"Best Farmhouses in Kalawad Road, Rajkot | Compare Near You - VenueConnect","Looking for farmhouses in Kalawad Road, Rajkot? Browse verified listings with pricing, capacity & photos. Book the perfect venue near Kalawad Road on VenueConnect.","Best Farmhouses in Kalawad Road, Rajkot",farmhouses in Kalawad Road Rajkot,"farmhouses near Kalawad Road, farmhouses Kalawad Road Rajkot, affordable farmhouses near Kalawad Road",Transactional (Hyper-local),High
Venue + City Area,"Party Plots in Kalawad Road, Rajkot | VenueConnect",/rajkot/kalawad-road/party-plots/,"Best Party Plots in Kalawad Road, Rajkot | Compare Near You - VenueConnect","Looking for party plots in Kalawad Road, Rajkot? Browse verified listings with pricing, capacity & photos. Book the perfect venue near Kalawad Road on VenueConnect.","Best Party Plots in Kalawad Road, Rajkot",party plots in Kalawad Road Rajkot,"party plots near Kalawad Road, party plots Kalawad Road Rajkot, affordable party plots near Kalawad Road",Transactional (Hyper-local),High
Venue + City Area,"Banquet Halls in University Road, Rajkot | VenueConnect",/rajkot/university-road/banquet-halls/,"Best Banquet Halls in University Road, Rajkot | Compare Near You - VenueConnect","Looking for banquet halls in University Road, Rajkot? Browse verified listings with pricing, capacity & photos. Book the perfect venue near University Road on VenueConnect.","Best Banquet Halls in University Road, Rajkot",banquet halls in University Road Rajkot,"banquet halls near University Road, banquet halls University Road Rajkot, affordable banquet halls near University Road",Transactional (Hyper-local),High
Venue + City Area,"Farmhouses in University Road, Rajkot | VenueConnect",/rajkot/university-road/farmhouses/,"Best Farmhouses in University Road, Rajkot | Compare Near You - VenueConnect","Looking for farmhouses in University Road, Rajkot? Browse verified listings with pricing, capacity & photos. Book the perfect venue near University Road on VenueConnect.","Best Farmhouses in University Road, Rajkot",farmhouses in University Road Rajkot,"farmhouses near University Road, farmhouses University Road Rajkot, affordable farmhouses near University Road",Transactional (Hyper-local),High
Venue + City Area,"Party Plots in University Road, Rajkot | VenueConnect",/rajkot/university-road/party-plots/,"Best Party Plots in University Road, Rajkot | Compare Near You - VenueConnect","Looking for party plots in University Road, Rajkot? Browse verified listings with pricing, capacity & photos. Book the perfect venue near University Road on VenueConnect.","Best Party Plots in University Road, Rajkot",party plots in University Road Rajkot,"party plots near University Road, party plots University Road Rajkot, affordable party plots near University Road",Transactional (Hyper-local),High
Venue + City Area,"Banquet Halls in Raiya Road, Rajkot | VenueConnect",/rajkot/raiya-road/banquet-halls/,"Best Banquet Halls in Raiya Road, Rajkot | Compare Near You - VenueConnect","Looking for banquet halls in Raiya Road, Rajkot? Browse verified listings with pricing, capacity & photos. Book the perfect venue near Raiya Road on VenueConnect.","Best Banquet Halls in Raiya Road, Rajkot",banquet halls in Raiya Road Rajkot,"banquet halls near Raiya Road, banquet halls Raiya Road Rajkot, affordable banquet halls near Raiya Road",Transactional (Hyper-local),High
Venue + City Area,"Farmhouses in Raiya Road, Rajkot | VenueConnect",/rajkot/raiya-road/farmhouses/,"Best Farmhouses in Raiya Road, Rajkot | Compare Near You - VenueConnect","Looking for farmhouses in Raiya Road, Rajkot? Browse verified listings with pricing, capacity & photos. Book the perfect venue near Raiya Road on VenueConnect.","Best Farmhouses in Raiya Road, Rajkot",farmhouses in Raiya Road Rajkot,"farmhouses near Raiya Road, farmhouses Raiya Road Rajkot, affordable farmhouses near Raiya Road",Transactional (Hyper-local),High
Venue + City Area,"Party Plots in Raiya Road, Rajkot | VenueConnect",/rajkot/raiya-road/party-plots/,"Best Party Plots in Raiya Road, Rajkot | Compare Near You - VenueConnect","Looking for party plots in Raiya Road, Rajkot? Browse verified listings with pricing, capacity & photos. Book the perfect venue near Raiya Road on VenueConnect.","Best Party Plots in Raiya Road, Rajkot",party plots in Raiya Road Rajkot,"party plots near Raiya Road, party plots Raiya Road Rajkot, affordable party plots near Raiya Road",Transactional (Hyper-local),High
Venue + City Area,"Banquet Halls in 150 Feet Ring Road, Rajkot | VenueConnect",/rajkot/150-feet-ring-road/banquet-halls/,"Best Banquet Halls in 150 Feet Ring Road, Rajkot | Compare Near You - VenueConnect","Looking for banquet halls in 150 Feet Ring Road, Rajkot? Browse verified listings with pricing, capacity & photos. Book the perfect venue near 150 Feet Ring Road on VenueConnect.","Best Banquet Halls in 150 Feet Ring Road, Rajkot",banquet halls in 150 Feet Ring Road Rajkot,"banquet halls near 150 Feet Ring Road, banquet halls 150 Feet Ring Road Rajkot, affordable banquet halls near 150 Feet Ring Road",Transactional (Hyper-local),High
Venue + City Area,"Farmhouses in 150 Feet Ring Road, Rajkot | VenueConnect",/rajkot/150-feet-ring-road/farmhouses/,"Best Farmhouses in 150 Feet Ring Road, Rajkot | Compare Near You - VenueConnect","Looking for farmhouses in 150 Feet Ring Road, Rajkot? Browse verified listings with pricing, capacity & photos. Book the perfect venue near 150 Feet Ring Road on VenueConnect.","Best Farmhouses in 150 Feet Ring Road, Rajkot",farmhouses in 150 Feet Ring Road Rajkot,"farmhouses near 150 Feet Ring Road, farmhouses 150 Feet Ring Road Rajkot, affordable farmhouses near 150 Feet Ring Road",Transactional (Hyper-local),High
Venue + City Area,"Party Plots in 150 Feet Ring Road, Rajkot | VenueConnect",/rajkot/150-feet-ring-road/party-plots/,"Best Party Plots in 150 Feet Ring Road, Rajkot | Compare Near You - VenueConnect","Looking for party plots in 150 Feet Ring Road, Rajkot? Browse verified listings with pricing, capacity & photos. Book the perfect venue near 150 Feet Ring Road on VenueConnect.","Best Party Plots in 150 Feet Ring Road, Rajkot",party plots in 150 Feet Ring Road Rajkot,"party plots near 150 Feet Ring Road, party plots 150 Feet Ring Road Rajkot, affordable party plots near 150 Feet Ring Road",Transactional (Hyper-local),High
Venue + City Area,"Banquet Halls in Mavdi, Rajkot | VenueConnect",/rajkot/mavdi/banquet-halls/,"Best Banquet Halls in Mavdi, Rajkot | Compare Near You - VenueConnect","Looking for banquet halls in Mavdi, Rajkot? Browse verified listings with pricing, capacity & photos. Book the perfect venue near Mavdi on VenueConnect.","Best Banquet Halls in Mavdi, Rajkot",banquet halls in Mavdi Rajkot,"banquet halls near Mavdi, banquet halls Mavdi Rajkot, affordable banquet halls near Mavdi",Transactional (Hyper-local),High
Venue + City Area,"Farmhouses in Mavdi, Rajkot | VenueConnect",/rajkot/mavdi/farmhouses/,"Best Farmhouses in Mavdi, Rajkot | Compare Near You - VenueConnect","Looking for farmhouses in Mavdi, Rajkot? Browse verified listings with pricing, capacity & photos. Book the perfect venue near Mavdi on VenueConnect.","Best Farmhouses in Mavdi, Rajkot",farmhouses in Mavdi Rajkot,"farmhouses near Mavdi, farmhouses Mavdi Rajkot, affordable farmhouses near Mavdi",Transactional (Hyper-local),High
Venue + City Area,"Party Plots in Mavdi, Rajkot | VenueConnect",/rajkot/mavdi/party-plots/,"Best Party Plots in Mavdi, Rajkot | Compare Near You - VenueConnect","Looking for party plots in Mavdi, Rajkot? Browse verified listings with pricing, capacity & photos. Book the perfect venue near Mavdi on VenueConnect.","Best Party Plots in Mavdi, Rajkot",party plots in Mavdi Rajkot,"party plots near Mavdi, party plots Mavdi Rajkot, affordable party plots near Mavdi",Transactional (Hyper-local),High
Venue + City Area,"Banquet Halls in Kotecha Chowk, Rajkot | VenueConnect",/rajkot/kotecha-chowk/banquet-halls/,"Best Banquet Halls in Kotecha Chowk, Rajkot | Compare Near You - VenueConnect","Looking for banquet halls in Kotecha Chowk, Rajkot? Browse verified listings with pricing, capacity & photos. Book the perfect venue near Kotecha Chowk on VenueConnect.","Best Banquet Halls in Kotecha Chowk, Rajkot",banquet halls in Kotecha Chowk Rajkot,"banquet halls near Kotecha Chowk, banquet halls Kotecha Chowk Rajkot, affordable banquet halls near Kotecha Chowk",Transactional (Hyper-local),High
Venue + City Area,"Farmhouses in Kotecha Chowk, Rajkot | VenueConnect",/rajkot/kotecha-chowk/farmhouses/,"Best Farmhouses in Kotecha Chowk, Rajkot | Compare Near You - VenueConnect","Looking for farmhouses in Kotecha Chowk, Rajkot? Browse verified listings with pricing, capacity & photos. Book the perfect venue near Kotecha Chowk on VenueConnect.","Best Farmhouses in Kotecha Chowk, Rajkot",farmhouses in Kotecha Chowk Rajkot,"farmhouses near Kotecha Chowk, farmhouses Kotecha Chowk Rajkot, affordable farmhouses near Kotecha Chowk",Transactional (Hyper-local),High
Venue + City Area,"Party Plots in Kotecha Chowk, Rajkot | VenueConnect",/rajkot/kotecha-chowk/party-plots/,"Best Party Plots in Kotecha Chowk, Rajkot | Compare Near You - VenueConnect","Looking for party plots in Kotecha Chowk, Rajkot? Browse verified listings with pricing, capacity & photos. Book the perfect venue near Kotecha Chowk on VenueConnect.","Best Party Plots in Kotecha Chowk, Rajkot",party plots in Kotecha Chowk Rajkot,"party plots near Kotecha Chowk, party plots Kotecha Chowk Rajkot, affordable party plots near Kotecha Chowk",Transactional (Hyper-local),High
Venue + City Area,"Banquet Halls in Yagnik Road, Rajkot | VenueConnect",/rajkot/yagnik-road/banquet-halls/,"Best Banquet Halls in Yagnik Road, Rajkot | Compare Near You - VenueConnect","Looking for banquet halls in Yagnik Road, Rajkot? Browse verified listings with pricing, capacity & photos. Book the perfect venue near Yagnik Road on VenueConnect.","Best Banquet Halls in Yagnik Road, Rajkot",banquet halls in Yagnik Road Rajkot,"banquet halls near Yagnik Road, banquet halls Yagnik Road Rajkot, affordable banquet halls near Yagnik Road",Transactional (Hyper-local),High
Venue + City Area,"Farmhouses in Yagnik Road, Rajkot | VenueConnect",/rajkot/yagnik-road/farmhouses/,"Best Farmhouses in Yagnik Road, Rajkot | Compare Near You - VenueConnect","Looking for farmhouses in Yagnik Road, Rajkot? Browse verified listings with pricing, capacity & photos. Book the perfect venue near Yagnik Road on VenueConnect.","Best Farmhouses in Yagnik Road, Rajkot",farmhouses in Yagnik Road Rajkot,"farmhouses near Yagnik Road, farmhouses Yagnik Road Rajkot, affordable farmhouses near Yagnik Road",Transactional (Hyper-local),High
Venue + City Area,"Party Plots in Yagnik Road, Rajkot | VenueConnect",/rajkot/yagnik-road/party-plots/,"Best Party Plots in Yagnik Road, Rajkot | Compare Near You - VenueConnect","Looking for party plots in Yagnik Road, Rajkot? Browse verified listings with pricing, capacity & photos. Book the perfect venue near Yagnik Road on VenueConnect.","Best Party Plots in Yagnik Road, Rajkot",party plots in Yagnik Road Rajkot,"party plots near Yagnik Road, party plots Yagnik Road Rajkot, affordable party plots near Yagnik Road",Transactional (Hyper-local),High
Venue + City Area,"Banquet Halls in Jamnagar Road, Rajkot | VenueConnect",/rajkot/jamnagar-road/banquet-halls/,"Best Banquet Halls in Jamnagar Road, Rajkot | Compare Near You - VenueConnect","Looking for banquet halls in Jamnagar Road, Rajkot? Browse verified listings with pricing, capacity & photos. Book the perfect venue near Jamnagar Road on VenueConnect.","Best Banquet Halls in Jamnagar Road, Rajkot",banquet halls in Jamnagar Road Rajkot,"banquet halls near Jamnagar Road, banquet halls Jamnagar Road Rajkot, affordable banquet halls near Jamnagar Road",Transactional (Hyper-local),High
Venue + City Area,"Farmhouses in Jamnagar Road, Rajkot | VenueConnect",/rajkot/jamnagar-road/farmhouses/,"Best Farmhouses in Jamnagar Road, Rajkot | Compare Near You - VenueConnect","Looking for farmhouses in Jamnagar Road, Rajkot? Browse verified listings with pricing, capacity & photos. Book the perfect venue near Jamnagar Road on VenueConnect.","Best Farmhouses in Jamnagar Road, Rajkot",farmhouses in Jamnagar Road Rajkot,"farmhouses near Jamnagar Road, farmhouses Jamnagar Road Rajkot, affordable farmhouses near Jamnagar Road",Transactional (Hyper-local),High
Venue + City Area,"Party Plots in Jamnagar Road, Rajkot | VenueConnect",/rajkot/jamnagar-road/party-plots/,"Best Party Plots in Jamnagar Road, Rajkot | Compare Near You - VenueConnect","Looking for party plots in Jamnagar Road, Rajkot? Browse verified listings with pricing, capacity & photos. Book the perfect venue near Jamnagar Road on VenueConnect.","Best Party Plots in Jamnagar Road, Rajkot",party plots in Jamnagar Road Rajkot,"party plots near Jamnagar Road, party plots Jamnagar Road Rajkot, affordable party plots near Jamnagar Road",Transactional (Hyper-local),High
Venue + City Area,"Banquet Halls in Gondal Road, Rajkot | VenueConnect",/rajkot/gondal-road/banquet-halls/,"Best Banquet Halls in Gondal Road, Rajkot | Compare Near You - VenueConnect","Looking for banquet halls in Gondal Road, Rajkot? Browse verified listings with pricing, capacity & photos. Book the perfect venue near Gondal Road on VenueConnect.","Best Banquet Halls in Gondal Road, Rajkot",banquet halls in Gondal Road Rajkot,"banquet halls near Gondal Road, banquet halls Gondal Road Rajkot, affordable banquet halls near Gondal Road",Transactional (Hyper-local),High
Venue + City Area,"Farmhouses in Gondal Road, Rajkot | VenueConnect",/rajkot/gondal-road/farmhouses/,"Best Farmhouses in Gondal Road, Rajkot | Compare Near You - VenueConnect","Looking for farmhouses in Gondal Road, Rajkot? Browse verified listings with pricing, capacity & photos. Book the perfect venue near Gondal Road on VenueConnect.","Best Farmhouses in Gondal Road, Rajkot",farmhouses in Gondal Road Rajkot,"farmhouses near Gondal Road, farmhouses Gondal Road Rajkot, affordable farmhouses near Gondal Road",Transactional (Hyper-local),High
Venue + City Area,"Party Plots in Gondal Road, Rajkot | VenueConnect",/rajkot/gondal-road/party-plots/,"Best Party Plots in Gondal Road, Rajkot | Compare Near You - VenueConnect","Looking for party plots in Gondal Road, Rajkot? Browse verified listings with pricing, capacity & photos. Book the perfect venue near Gondal Road on VenueConnect.","Best Party Plots in Gondal Road, Rajkot",party plots in Gondal Road Rajkot,"party plots near Gondal Road, party plots Gondal Road Rajkot, affordable party plots near Gondal Road",Transactional (Hyper-local),High
Venue + City Area,"Banquet Halls in Bhaktinagar, Rajkot | VenueConnect",/rajkot/bhaktinagar/banquet-halls/,"Best Banquet Halls in Bhaktinagar, Rajkot | Compare Near You - VenueConnect","Looking for banquet halls in Bhaktinagar, Rajkot? Browse verified listings with pricing, capacity & photos. Book the perfect venue near Bhaktinagar on VenueConnect.","Best Banquet Halls in Bhaktinagar, Rajkot",banquet halls in Bhaktinagar Rajkot,"banquet halls near Bhaktinagar, banquet halls Bhaktinagar Rajkot, affordable banquet halls near Bhaktinagar",Transactional (Hyper-local),High
Venue + City Area,"Farmhouses in Bhaktinagar, Rajkot | VenueConnect",/rajkot/bhaktinagar/farmhouses/,"Best Farmhouses in Bhaktinagar, Rajkot | Compare Near You - VenueConnect","Looking for farmhouses in Bhaktinagar, Rajkot? Browse verified listings with pricing, capacity & photos. Book the perfect venue near Bhaktinagar on VenueConnect.","Best Farmhouses in Bhaktinagar, Rajkot",farmhouses in Bhaktinagar Rajkot,"farmhouses near Bhaktinagar, farmhouses Bhaktinagar Rajkot, affordable farmhouses near Bhaktinagar",Transactional (Hyper-local),High
Venue + City Area,"Party Plots in Bhaktinagar, Rajkot | VenueConnect",/rajkot/bhaktinagar/party-plots/,"Best Party Plots in Bhaktinagar, Rajkot | Compare Near You - VenueConnect","Looking for party plots in Bhaktinagar, Rajkot? Browse verified listings with pricing, capacity & photos. Book the perfect venue near Bhaktinagar on VenueConnect.","Best Party Plots in Bhaktinagar, Rajkot",party plots in Bhaktinagar Rajkot,"party plots near Bhaktinagar, party plots Bhaktinagar Rajkot, affordable party plots near Bhaktinagar",Transactional (Hyper-local),High
Venue + City Area,"Banquet Halls in Kalavad Road, Rajkot | VenueConnect",/rajkot/kalavad-road/banquet-halls/,"Best Banquet Halls in Kalavad Road, Rajkot | Compare Near You - VenueConnect","Looking for banquet halls in Kalavad Road, Rajkot? Browse verified listings with pricing, capacity & photos. Book the perfect venue near Kalavad Road on VenueConnect.","Best Banquet Halls in Kalavad Road, Rajkot",banquet halls in Kalavad Road Rajkot,"banquet halls near Kalavad Road, banquet halls Kalavad Road Rajkot, affordable banquet halls near Kalavad Road",Transactional (Hyper-local),High
Venue + City Area,"Farmhouses in Kalavad Road, Rajkot | VenueConnect",/rajkot/kalavad-road/farmhouses/,"Best Farmhouses in Kalavad Road, Rajkot | Compare Near You - VenueConnect","Looking for farmhouses in Kalavad Road, Rajkot? Browse verified listings with pricing, capacity & photos. Book the perfect venue near Kalavad Road on VenueConnect.","Best Farmhouses in Kalavad Road, Rajkot",farmhouses in Kalavad Road Rajkot,"farmhouses near Kalavad Road, farmhouses Kalavad Road Rajkot, affordable farmhouses near Kalavad Road",Transactional (Hyper-local),High
Venue + City Area,"Party Plots in Kalavad Road, Rajkot | VenueConnect",/rajkot/kalavad-road/party-plots/,"Best Party Plots in Kalavad Road, Rajkot | Compare Near You - VenueConnect","Looking for party plots in Kalavad Road, Rajkot? Browse verified listings with pricing, capacity & photos. Book the perfect venue near Kalavad Road on VenueConnect.","Best Party Plots in Kalavad Road, Rajkot",party plots in Kalavad Road Rajkot,"party plots near Kalavad Road, party plots Kalavad Road Rajkot, affordable party plots near Kalavad Road",Transactional (Hyper-local),High
Venue + City Area,"Banquet Halls in Pedak Road, Rajkot | VenueConnect",/rajkot/pedak-road/banquet-halls/,"Best Banquet Halls in Pedak Road, Rajkot | Compare Near You - VenueConnect","Looking for banquet halls in Pedak Road, Rajkot? Browse verified listings with pricing, capacity & photos. Book the perfect venue near Pedak Road on VenueConnect.","Best Banquet Halls in Pedak Road, Rajkot",banquet halls in Pedak Road Rajkot,"banquet halls near Pedak Road, banquet halls Pedak Road Rajkot, affordable banquet halls near Pedak Road",Transactional (Hyper-local),High
Venue + City Area,"Farmhouses in Pedak Road, Rajkot | VenueConnect",/rajkot/pedak-road/farmhouses/,"Best Farmhouses in Pedak Road, Rajkot | Compare Near You - VenueConnect","Looking for farmhouses in Pedak Road, Rajkot? Browse verified listings with pricing, capacity & photos. Book the perfect venue near Pedak Road on VenueConnect.","Best Farmhouses in Pedak Road, Rajkot",farmhouses in Pedak Road Rajkot,"farmhouses near Pedak Road, farmhouses Pedak Road Rajkot, affordable farmhouses near Pedak Road",Transactional (Hyper-local),High
Venue + City Area,"Party Plots in Pedak Road, Rajkot | VenueConnect",/rajkot/pedak-road/party-plots/,"Best Party Plots in Pedak Road, Rajkot | Compare Near You - VenueConnect","Looking for party plots in Pedak Road, Rajkot? Browse verified listings with pricing, capacity & photos. Book the perfect venue near Pedak Road on VenueConnect.","Best Party Plots in Pedak Road, Rajkot",party plots in Pedak Road Rajkot,"party plots near Pedak Road, party plots Pedak Road Rajkot, affordable party plots near Pedak Road",Transactional (Hyper-local),High
Venue + City Area,"Banquet Halls in Aji Dam Road, Rajkot | VenueConnect",/rajkot/aji-dam-road/banquet-halls/,"Best Banquet Halls in Aji Dam Road, Rajkot | Compare Near You - VenueConnect","Looking for banquet halls in Aji Dam Road, Rajkot? Browse verified listings with pricing, capacity & photos. Book the perfect venue near Aji Dam Road on VenueConnect.","Best Banquet Halls in Aji Dam Road, Rajkot",banquet halls in Aji Dam Road Rajkot,"banquet halls near Aji Dam Road, banquet halls Aji Dam Road Rajkot, affordable banquet halls near Aji Dam Road",Transactional (Hyper-local),High
Venue + City Area,"Farmhouses in Aji Dam Road, Rajkot | VenueConnect",/rajkot/aji-dam-road/farmhouses/,"Best Farmhouses in Aji Dam Road, Rajkot | Compare Near You - VenueConnect","Looking for farmhouses in Aji Dam Road, Rajkot? Browse verified listings with pricing, capacity & photos. Book the perfect venue near Aji Dam Road on VenueConnect.","Best Farmhouses in Aji Dam Road, Rajkot",farmhouses in Aji Dam Road Rajkot,"farmhouses near Aji Dam Road, farmhouses Aji Dam Road Rajkot, affordable farmhouses near Aji Dam Road",Transactional (Hyper-local),High
Venue + City Area,"Party Plots in Aji Dam Road, Rajkot | VenueConnect",/rajkot/aji-dam-road/party-plots/,"Best Party Plots in Aji Dam Road, Rajkot | Compare Near You - VenueConnect","Looking for party plots in Aji Dam Road, Rajkot? Browse verified listings with pricing, capacity & photos. Book the perfect venue near Aji Dam Road on VenueConnect.","Best Party Plots in Aji Dam Road, Rajkot",party plots in Aji Dam Road Rajkot,"party plots near Aji Dam Road, party plots Aji Dam Road Rajkot, affordable party plots near Aji Dam Road",Transactional (Hyper-local),High
Venue + City Area,"Banquet Halls in Airport Road, Rajkot | VenueConnect",/rajkot/airport-road/banquet-halls/,"Best Banquet Halls in Airport Road, Rajkot | Compare Near You - VenueConnect","Looking for banquet halls in Airport Road, Rajkot? Browse verified listings with pricing, capacity & photos. Book the perfect venue near Airport Road on VenueConnect.","Best Banquet Halls in Airport Road, Rajkot",banquet halls in Airport Road Rajkot,"banquet halls near Airport Road, banquet halls Airport Road Rajkot, affordable banquet halls near Airport Road",Transactional (Hyper-local),High
Venue + City Area,"Farmhouses in Airport Road, Rajkot | VenueConnect",/rajkot/airport-road/farmhouses/,"Best Farmhouses in Airport Road, Rajkot | Compare Near You - VenueConnect","Looking for farmhouses in Airport Road, Rajkot? Browse verified listings with pricing, capacity & photos. Book the perfect venue near Airport Road on VenueConnect.","Best Farmhouses in Airport Road, Rajkot",farmhouses in Airport Road Rajkot,"farmhouses near Airport Road, farmhouses Airport Road Rajkot, affordable farmhouses near Airport Road",Transactional (Hyper-local),High
Venue + City Area,"Party Plots in Airport Road, Rajkot | VenueConnect",/rajkot/airport-road/party-plots/,"Best Party Plots in Airport Road, Rajkot | Compare Near You - VenueConnect","Looking for party plots in Airport Road, Rajkot? Browse verified listings with pricing, capacity & photos. Book the perfect venue near Airport Road on VenueConnect.","Best Party Plots in Airport Road, Rajkot",party plots in Airport Road Rajkot,"party plots near Airport Road, party plots Airport Road Rajkot, affordable party plots near Airport Road",Transactional (Hyper-local),High
Venue + City Area,"Banquet Halls in Astron Chowk, Rajkot | VenueConnect",/rajkot/astron-chowk/banquet-halls/,"Best Banquet Halls in Astron Chowk, Rajkot | Compare Near You - VenueConnect","Looking for banquet halls in Astron Chowk, Rajkot? Browse verified listings with pricing, capacity & photos. Book the perfect venue near Astron Chowk on VenueConnect.","Best Banquet Halls in Astron Chowk, Rajkot",banquet halls in Astron Chowk Rajkot,"banquet halls near Astron Chowk, banquet halls Astron Chowk Rajkot, affordable banquet halls near Astron Chowk",Transactional (Hyper-local),High
Venue + City Area,"Farmhouses in Astron Chowk, Rajkot | VenueConnect",/rajkot/astron-chowk/farmhouses/,"Best Farmhouses in Astron Chowk, Rajkot | Compare Near You - VenueConnect","Looking for farmhouses in Astron Chowk, Rajkot? Browse verified listings with pricing, capacity & photos. Book the perfect venue near Astron Chowk on VenueConnect.","Best Farmhouses in Astron Chowk, Rajkot",farmhouses in Astron Chowk Rajkot,"farmhouses near Astron Chowk, farmhouses Astron Chowk Rajkot, affordable farmhouses near Astron Chowk",Transactional (Hyper-local),High
Venue + City Area,"Party Plots in Astron Chowk, Rajkot | VenueConnect",/rajkot/astron-chowk/party-plots/,"Best Party Plots in Astron Chowk, Rajkot | Compare Near You - VenueConnect","Looking for party plots in Astron Chowk, Rajkot? Browse verified listings with pricing, capacity & photos. Book the perfect venue near Astron Chowk on VenueConnect.","Best Party Plots in Astron Chowk, Rajkot",party plots in Astron Chowk Rajkot,"party plots near Astron Chowk, party plots Astron Chowk Rajkot, affordable party plots near Astron Chowk",Transactional (Hyper-local),High
Venue + City Area,"Banquet Halls in Bahumali Bhavan, Rajkot | VenueConnect",/rajkot/bahumali-bhavan/banquet-halls/,"Best Banquet Halls in Bahumali Bhavan, Rajkot | Compare Near You - VenueConnect","Looking for banquet halls in Bahumali Bhavan, Rajkot? Browse verified listings with pricing, capacity & photos. Book the perfect venue near Bahumali Bhavan on VenueConnect.","Best Banquet Halls in Bahumali Bhavan, Rajkot",banquet halls in Bahumali Bhavan Rajkot,"banquet halls near Bahumali Bhavan, banquet halls Bahumali Bhavan Rajkot, affordable banquet halls near Bahumali Bhavan",Transactional (Hyper-local),High
Venue + City Area,"Farmhouses in Bahumali Bhavan, Rajkot | VenueConnect",/rajkot/bahumali-bhavan/farmhouses/,"Best Farmhouses in Bahumali Bhavan, Rajkot | Compare Near You - VenueConnect","Looking for farmhouses in Bahumali Bhavan, Rajkot? Browse verified listings with pricing, capacity & photos. Book the perfect venue near Bahumali Bhavan on VenueConnect.","Best Farmhouses in Bahumali Bhavan, Rajkot",farmhouses in Bahumali Bhavan Rajkot,"farmhouses near Bahumali Bhavan, farmhouses Bahumali Bhavan Rajkot, affordable farmhouses near Bahumali Bhavan",Transactional (Hyper-local),High
Venue + City Area,"Party Plots in Bahumali Bhavan, Rajkot | VenueConnect",/rajkot/bahumali-bhavan/party-plots/,"Best Party Plots in Bahumali Bhavan, Rajkot | Compare Near You - VenueConnect","Looking for party plots in Bahumali Bhavan, Rajkot? Browse verified listings with pricing, capacity & photos. Book the perfect venue near Bahumali Bhavan on VenueConnect.","Best Party Plots in Bahumali Bhavan, Rajkot",party plots in Bahumali Bhavan Rajkot,"party plots near Bahumali Bhavan, party plots Bahumali Bhavan Rajkot, affordable party plots near Bahumali Bhavan",Transactional (Hyper-local),High
Venue + City Area,"Banquet Halls in Doctor House, Rajkot | VenueConnect",/rajkot/doctor-house/banquet-halls/,"Best Banquet Halls in Doctor House, Rajkot | Compare Near You - VenueConnect","Looking for banquet halls in Doctor House, Rajkot? Browse verified listings with pricing, capacity & photos. Book the perfect venue near Doctor House on VenueConnect.","Best Banquet Halls in Doctor House, Rajkot",banquet halls in Doctor House Rajkot,"banquet halls near Doctor House, banquet halls Doctor House Rajkot, affordable banquet halls near Doctor House",Transactional (Hyper-local),High
Venue + City Area,"Farmhouses in Doctor House, Rajkot | VenueConnect",/rajkot/doctor-house/farmhouses/,"Best Farmhouses in Doctor House, Rajkot | Compare Near You - VenueConnect","Looking for farmhouses in Doctor House, Rajkot? Browse verified listings with pricing, capacity & photos. Book the perfect venue near Doctor House on VenueConnect.","Best Farmhouses in Doctor House, Rajkot",farmhouses in Doctor House Rajkot,"farmhouses near Doctor House, farmhouses Doctor House Rajkot, affordable farmhouses near Doctor House",Transactional (Hyper-local),High
Venue + City Area,"Party Plots in Doctor House, Rajkot | VenueConnect",/rajkot/doctor-house/party-plots/,"Best Party Plots in Doctor House, Rajkot | Compare Near You - VenueConnect","Looking for party plots in Doctor House, Rajkot? Browse verified listings with pricing, capacity & photos. Book the perfect venue near Doctor House on VenueConnect.","Best Party Plots in Doctor House, Rajkot",party plots in Doctor House Rajkot,"party plots near Doctor House, party plots Doctor House Rajkot, affordable party plots near Doctor House",Transactional (Hyper-local),High
Venue + City Area,"Banquet Halls in Ghanteshwar, Rajkot | VenueConnect",/rajkot/ghanteshwar/banquet-halls/,"Best Banquet Halls in Ghanteshwar, Rajkot | Compare Near You - VenueConnect","Looking for banquet halls in Ghanteshwar, Rajkot? Browse verified listings with pricing, capacity & photos. Book the perfect venue near Ghanteshwar on VenueConnect.","Best Banquet Halls in Ghanteshwar, Rajkot",banquet halls in Ghanteshwar Rajkot,"banquet halls near Ghanteshwar, banquet halls Ghanteshwar Rajkot, affordable banquet halls near Ghanteshwar",Transactional (Hyper-local),High
Venue + City Area,"Farmhouses in Ghanteshwar, Rajkot | VenueConnect",/rajkot/ghanteshwar/farmhouses/,"Best Farmhouses in Ghanteshwar, Rajkot | Compare Near You - VenueConnect","Looking for farmhouses in Ghanteshwar, Rajkot? Browse verified listings with pricing, capacity & photos. Book the perfect venue near Ghanteshwar on VenueConnect.","Best Farmhouses in Ghanteshwar, Rajkot",farmhouses in Ghanteshwar Rajkot,"farmhouses near Ghanteshwar, farmhouses Ghanteshwar Rajkot, affordable farmhouses near Ghanteshwar",Transactional (Hyper-local),High
Venue + City Area,"Party Plots in Ghanteshwar, Rajkot | VenueConnect",/rajkot/ghanteshwar/party-plots/,"Best Party Plots in Ghanteshwar, Rajkot | Compare Near You - VenueConnect","Looking for party plots in Ghanteshwar, Rajkot? Browse verified listings with pricing, capacity & photos. Book the perfect venue near Ghanteshwar on VenueConnect.","Best Party Plots in Ghanteshwar, Rajkot",party plots in Ghanteshwar Rajkot,"party plots near Ghanteshwar, party plots Ghanteshwar Rajkot, affordable party plots near Ghanteshwar",Transactional (Hyper-local),High
Venue + City Area,"Banquet Halls in Ishwar Nagar, Rajkot | VenueConnect",/rajkot/ishwar-nagar/banquet-halls/,"Best Banquet Halls in Ishwar Nagar, Rajkot | Compare Near You - VenueConnect","Looking for banquet halls in Ishwar Nagar, Rajkot? Browse verified listings with pricing, capacity & photos. Book the perfect venue near Ishwar Nagar on VenueConnect.","Best Banquet Halls in Ishwar Nagar, Rajkot",banquet halls in Ishwar Nagar Rajkot,"banquet halls near Ishwar Nagar, banquet halls Ishwar Nagar Rajkot, affordable banquet halls near Ishwar Nagar",Transactional (Hyper-local),High
Venue + City Area,"Farmhouses in Ishwar Nagar, Rajkot | VenueConnect",/rajkot/ishwar-nagar/farmhouses/,"Best Farmhouses in Ishwar Nagar, Rajkot | Compare Near You - VenueConnect","Looking for farmhouses in Ishwar Nagar, Rajkot? Browse verified listings with pricing, capacity & photos. Book the perfect venue near Ishwar Nagar on VenueConnect.","Best Farmhouses in Ishwar Nagar, Rajkot",farmhouses in Ishwar Nagar Rajkot,"farmhouses near Ishwar Nagar, farmhouses Ishwar Nagar Rajkot, affordable farmhouses near Ishwar Nagar",Transactional (Hyper-local),High
Venue + City Area,"Party Plots in Ishwar Nagar, Rajkot | VenueConnect",/rajkot/ishwar-nagar/party-plots/,"Best Party Plots in Ishwar Nagar, Rajkot | Compare Near You - VenueConnect","Looking for party plots in Ishwar Nagar, Rajkot? Browse verified listings with pricing, capacity & photos. Book the perfect venue near Ishwar Nagar on VenueConnect.","Best Party Plots in Ishwar Nagar, Rajkot",party plots in Ishwar Nagar Rajkot,"party plots near Ishwar Nagar, party plots Ishwar Nagar Rajkot, affordable party plots near Ishwar Nagar",Transactional (Hyper-local),High
Venue + City Area,"Banquet Halls in Jalaram, Rajkot | VenueConnect",/rajkot/jalaram/banquet-halls/,"Best Banquet Halls in Jalaram, Rajkot | Compare Near You - VenueConnect","Looking for banquet halls in Jalaram, Rajkot? Browse verified listings with pricing, capacity & photos. Book the perfect venue near Jalaram on VenueConnect.","Best Banquet Halls in Jalaram, Rajkot",banquet halls in Jalaram Rajkot,"banquet halls near Jalaram, banquet halls Jalaram Rajkot, affordable banquet halls near Jalaram",Transactional (Hyper-local),High
Venue + City Area,"Farmhouses in Jalaram, Rajkot | VenueConnect",/rajkot/jalaram/farmhouses/,"Best Farmhouses in Jalaram, Rajkot | Compare Near You - VenueConnect","Looking for farmhouses in Jalaram, Rajkot? Browse verified listings with pricing, capacity & photos. Book the perfect venue near Jalaram on VenueConnect.","Best Farmhouses in Jalaram, Rajkot",farmhouses in Jalaram Rajkot,"farmhouses near Jalaram, farmhouses Jalaram Rajkot, affordable farmhouses near Jalaram",Transactional (Hyper-local),High
Venue + City Area,"Party Plots in Jalaram, Rajkot | VenueConnect",/rajkot/jalaram/party-plots/,"Best Party Plots in Jalaram, Rajkot | Compare Near You - VenueConnect","Looking for party plots in Jalaram, Rajkot? Browse verified listings with pricing, capacity & photos. Book the perfect venue near Jalaram on VenueConnect.","Best Party Plots in Jalaram, Rajkot",party plots in Jalaram Rajkot,"party plots near Jalaram, party plots Jalaram Rajkot, affordable party plots near Jalaram",Transactional (Hyper-local),High
Venue + City Area,"Banquet Halls in Kanak Road, Rajkot | VenueConnect",/rajkot/kanak-road/banquet-halls/,"Best Banquet Halls in Kanak Road, Rajkot | Compare Near You - VenueConnect","Looking for banquet halls in Kanak Road, Rajkot? Browse verified listings with pricing, capacity & photos. Book the perfect venue near Kanak Road on VenueConnect.","Best Banquet Halls in Kanak Road, Rajkot",banquet halls in Kanak Road Rajkot,"banquet halls near Kanak Road, banquet halls Kanak Road Rajkot, affordable banquet halls near Kanak Road",Transactional (Hyper-local),High
Venue + City Area,"Farmhouses in Kanak Road, Rajkot | VenueConnect",/rajkot/kanak-road/farmhouses/,"Best Farmhouses in Kanak Road, Rajkot | Compare Near You - VenueConnect","Looking for farmhouses in Kanak Road, Rajkot? Browse verified listings with pricing, capacity & photos. Book the perfect venue near Kanak Road on VenueConnect.","Best Farmhouses in Kanak Road, Rajkot",farmhouses in Kanak Road Rajkot,"farmhouses near Kanak Road, farmhouses Kanak Road Rajkot, affordable farmhouses near Kanak Road",Transactional (Hyper-local),High
Venue + City Area,"Party Plots in Kanak Road, Rajkot | VenueConnect",/rajkot/kanak-road/party-plots/,"Best Party Plots in Kanak Road, Rajkot | Compare Near You - VenueConnect","Looking for party plots in Kanak Road, Rajkot? Browse verified listings with pricing, capacity & photos. Book the perfect venue near Kanak Road on VenueConnect.","Best Party Plots in Kanak Road, Rajkot",party plots in Kanak Road Rajkot,"party plots near Kanak Road, party plots Kanak Road Rajkot, affordable party plots near Kanak Road",Transactional (Hyper-local),High
Venue + City Area,"Banquet Halls in Kasturba Road, Rajkot | VenueConnect",/rajkot/kasturba-road/banquet-halls/,"Best Banquet Halls in Kasturba Road, Rajkot | Compare Near You - VenueConnect","Looking for banquet halls in Kasturba Road, Rajkot? Browse verified listings with pricing, capacity & photos. Book the perfect venue near Kasturba Road on VenueConnect.","Best Banquet Halls in Kasturba Road, Rajkot",banquet halls in Kasturba Road Rajkot,"banquet halls near Kasturba Road, banquet halls Kasturba Road Rajkot, affordable banquet halls near Kasturba Road",Transactional (Hyper-local),High
Venue + City Area,"Farmhouses in Kasturba Road, Rajkot | VenueConnect",/rajkot/kasturba-road/farmhouses/,"Best Farmhouses in Kasturba Road, Rajkot | Compare Near You - VenueConnect","Looking for farmhouses in Kasturba Road, Rajkot? Browse verified listings with pricing, capacity & photos. Book the perfect venue near Kasturba Road on VenueConnect.","Best Farmhouses in Kasturba Road, Rajkot",farmhouses in Kasturba Road Rajkot,"farmhouses near Kasturba Road, farmhouses Kasturba Road Rajkot, affordable farmhouses near Kasturba Road",Transactional (Hyper-local),High
Venue + City Area,"Party Plots in Kasturba Road, Rajkot | VenueConnect",/rajkot/kasturba-road/party-plots/,"Best Party Plots in Kasturba Road, Rajkot | Compare Near You - VenueConnect","Looking for party plots in Kasturba Road, Rajkot? Browse verified listings with pricing, capacity & photos. Book the perfect venue near Kasturba Road on VenueConnect.","Best Party Plots in Kasturba Road, Rajkot",party plots in Kasturba Road Rajkot,"party plots near Kasturba Road, party plots Kasturba Road Rajkot, affordable party plots near Kasturba Road",Transactional (Hyper-local),High
Venue + City Area,"Banquet Halls in Lalpari Lake, Rajkot | VenueConnect",/rajkot/lalpari-lake/banquet-halls/,"Best Banquet Halls in Lalpari Lake, Rajkot | Compare Near You - VenueConnect","Looking for banquet halls in Lalpari Lake, Rajkot? Browse verified listings with pricing, capacity & photos. Book the perfect venue near Lalpari Lake on VenueConnect.","Best Banquet Halls in Lalpari Lake, Rajkot",banquet halls in Lalpari Lake Rajkot,"banquet halls near Lalpari Lake, banquet halls Lalpari Lake Rajkot, affordable banquet halls near Lalpari Lake",Transactional (Hyper-local),High
Venue + City Area,"Farmhouses in Lalpari Lake, Rajkot | VenueConnect",/rajkot/lalpari-lake/farmhouses/,"Best Farmhouses in Lalpari Lake, Rajkot | Compare Near You - VenueConnect","Looking for farmhouses in Lalpari Lake, Rajkot? Browse verified listings with pricing, capacity & photos. Book the perfect venue near Lalpari Lake on VenueConnect.","Best Farmhouses in Lalpari Lake, Rajkot",farmhouses in Lalpari Lake Rajkot,"farmhouses near Lalpari Lake, farmhouses Lalpari Lake Rajkot, affordable farmhouses near Lalpari Lake",Transactional (Hyper-local),High
Venue + City Area,"Party Plots in Lalpari Lake, Rajkot | VenueConnect",/rajkot/lalpari-lake/party-plots/,"Best Party Plots in Lalpari Lake, Rajkot | Compare Near You - VenueConnect","Looking for party plots in Lalpari Lake, Rajkot? Browse verified listings with pricing, capacity & photos. Book the perfect venue near Lalpari Lake on VenueConnect.","Best Party Plots in Lalpari Lake, Rajkot",party plots in Lalpari Lake Rajkot,"party plots near Lalpari Lake, party plots Lalpari Lake Rajkot, affordable party plots near Lalpari Lake",Transactional (Hyper-local),High
Venue + City Area,"Banquet Halls in Madhapar, Rajkot | VenueConnect",/rajkot/madhapar/banquet-halls/,"Best Banquet Halls in Madhapar, Rajkot | Compare Near You - VenueConnect","Looking for banquet halls in Madhapar, Rajkot? Browse verified listings with pricing, capacity & photos. Book the perfect venue near Madhapar on VenueConnect.","Best Banquet Halls in Madhapar, Rajkot",banquet halls in Madhapar Rajkot,"banquet halls near Madhapar, banquet halls Madhapar Rajkot, affordable banquet halls near Madhapar",Transactional (Hyper-local),High
Venue + City Area,"Farmhouses in Madhapar, Rajkot | VenueConnect",/rajkot/madhapar/farmhouses/,"Best Farmhouses in Madhapar, Rajkot | Compare Near You - VenueConnect","Looking for farmhouses in Madhapar, Rajkot? Browse verified listings with pricing, capacity & photos. Book the perfect venue near Madhapar on VenueConnect.","Best Farmhouses in Madhapar, Rajkot",farmhouses in Madhapar Rajkot,"farmhouses near Madhapar, farmhouses Madhapar Rajkot, affordable farmhouses near Madhapar",Transactional (Hyper-local),High
Venue + City Area,"Party Plots in Madhapar, Rajkot | VenueConnect",/rajkot/madhapar/party-plots/,"Best Party Plots in Madhapar, Rajkot | Compare Near You - VenueConnect","Looking for party plots in Madhapar, Rajkot? Browse verified listings with pricing, capacity & photos. Book the perfect venue near Madhapar on VenueConnect.","Best Party Plots in Madhapar, Rajkot",party plots in Madhapar Rajkot,"party plots near Madhapar, party plots Madhapar Rajkot, affordable party plots near Madhapar",Transactional (Hyper-local),High
Venue + City Area,"Banquet Halls in Mavdi Chowk, Rajkot | VenueConnect",/rajkot/mavdi-chowk/banquet-halls/,"Best Banquet Halls in Mavdi Chowk, Rajkot | Compare Near You - VenueConnect","Looking for banquet halls in Mavdi Chowk, Rajkot? Browse verified listings with pricing, capacity & photos. Book the perfect venue near Mavdi Chowk on VenueConnect.","Best Banquet Halls in Mavdi Chowk, Rajkot",banquet halls in Mavdi Chowk Rajkot,"banquet halls near Mavdi Chowk, banquet halls Mavdi Chowk Rajkot, affordable banquet halls near Mavdi Chowk",Transactional (Hyper-local),High
Venue + City Area,"Farmhouses in Mavdi Chowk, Rajkot | VenueConnect",/rajkot/mavdi-chowk/farmhouses/,"Best Farmhouses in Mavdi Chowk, Rajkot | Compare Near You - VenueConnect","Looking for farmhouses in Mavdi Chowk, Rajkot? Browse verified listings with pricing, capacity & photos. Book the perfect venue near Mavdi Chowk on VenueConnect.","Best Farmhouses in Mavdi Chowk, Rajkot",farmhouses in Mavdi Chowk Rajkot,"farmhouses near Mavdi Chowk, farmhouses Mavdi Chowk Rajkot, affordable farmhouses near Mavdi Chowk",Transactional (Hyper-local),High
Venue + City Area,"Party Plots in Mavdi Chowk, Rajkot | VenueConnect",/rajkot/mavdi-chowk/party-plots/,"Best Party Plots in Mavdi Chowk, Rajkot | Compare Near You - VenueConnect","Looking for party plots in Mavdi Chowk, Rajkot? Browse verified listings with pricing, capacity & photos. Book the perfect venue near Mavdi Chowk on VenueConnect.","Best Party Plots in Mavdi Chowk, Rajkot",party plots in Mavdi Chowk Rajkot,"party plots near Mavdi Chowk, party plots Mavdi Chowk Rajkot, affordable party plots near Mavdi Chowk",Transactional (Hyper-local),High
Venue + City Area,"Banquet Halls in Metoda GIDC, Rajkot | VenueConnect",/rajkot/metoda-gidc/banquet-halls/,"Best Banquet Halls in Metoda GIDC, Rajkot | Compare Near You - VenueConnect","Looking for banquet halls in Metoda GIDC, Rajkot? Browse verified listings with pricing, capacity & photos. Book the perfect venue near Metoda GIDC on VenueConnect.","Best Banquet Halls in Metoda GIDC, Rajkot",banquet halls in Metoda GIDC Rajkot,"banquet halls near Metoda GIDC, banquet halls Metoda GIDC Rajkot, affordable banquet halls near Metoda GIDC",Transactional (Hyper-local),High
Venue + City Area,"Farmhouses in Metoda GIDC, Rajkot | VenueConnect",/rajkot/metoda-gidc/farmhouses/,"Best Farmhouses in Metoda GIDC, Rajkot | Compare Near You - VenueConnect","Looking for farmhouses in Metoda GIDC, Rajkot? Browse verified listings with pricing, capacity & photos. Book the perfect venue near Metoda GIDC on VenueConnect.","Best Farmhouses in Metoda GIDC, Rajkot",farmhouses in Metoda GIDC Rajkot,"farmhouses near Metoda GIDC, farmhouses Metoda GIDC Rajkot, affordable farmhouses near Metoda GIDC",Transactional (Hyper-local),High
Venue + City Area,"Party Plots in Metoda GIDC, Rajkot | VenueConnect",/rajkot/metoda-gidc/party-plots/,"Best Party Plots in Metoda GIDC, Rajkot | Compare Near You - VenueConnect","Looking for party plots in Metoda GIDC, Rajkot? Browse verified listings with pricing, capacity & photos. Book the perfect venue near Metoda GIDC on VenueConnect.","Best Party Plots in Metoda GIDC, Rajkot",party plots in Metoda GIDC Rajkot,"party plots near Metoda GIDC, party plots Metoda GIDC Rajkot, affordable party plots near Metoda GIDC",Transactional (Hyper-local),High
Venue + City Area,"Banquet Halls in Morbi Road, Rajkot | VenueConnect",/rajkot/morbi-road/banquet-halls/,"Best Banquet Halls in Morbi Road, Rajkot | Compare Near You - VenueConnect","Looking for banquet halls in Morbi Road, Rajkot? Browse verified listings with pricing, capacity & photos. Book the perfect venue near Morbi Road on VenueConnect.","Best Banquet Halls in Morbi Road, Rajkot",banquet halls in Morbi Road Rajkot,"banquet halls near Morbi Road, banquet halls Morbi Road Rajkot, affordable banquet halls near Morbi Road",Transactional (Hyper-local),High
Venue + City Area,"Farmhouses in Morbi Road, Rajkot | VenueConnect",/rajkot/morbi-road/farmhouses/,"Best Farmhouses in Morbi Road, Rajkot | Compare Near You - VenueConnect","Looking for farmhouses in Morbi Road, Rajkot? Browse verified listings with pricing, capacity & photos. Book the perfect venue near Morbi Road on VenueConnect.","Best Farmhouses in Morbi Road, Rajkot",farmhouses in Morbi Road Rajkot,"farmhouses near Morbi Road, farmhouses Morbi Road Rajkot, affordable farmhouses near Morbi Road",Transactional (Hyper-local),High
Venue + City Area,"Party Plots in Morbi Road, Rajkot | VenueConnect",/rajkot/morbi-road/party-plots/,"Best Party Plots in Morbi Road, Rajkot | Compare Near You - VenueConnect","Looking for party plots in Morbi Road, Rajkot? Browse verified listings with pricing, capacity & photos. Book the perfect venue near Morbi Road on VenueConnect.","Best Party Plots in Morbi Road, Rajkot",party plots in Morbi Road Rajkot,"party plots near Morbi Road, party plots Morbi Road Rajkot, affordable party plots near Morbi Road",Transactional (Hyper-local),High
Venue + City Area,"Banquet Halls in Nana Mava, Rajkot | VenueConnect",/rajkot/nana-mava/banquet-halls/,"Best Banquet Halls in Nana Mava, Rajkot | Compare Near You - VenueConnect","Looking for banquet halls in Nana Mava, Rajkot? Browse verified listings with pricing, capacity & photos. Book the perfect venue near Nana Mava on VenueConnect.","Best Banquet Halls in Nana Mava, Rajkot",banquet halls in Nana Mava Rajkot,"banquet halls near Nana Mava, banquet halls Nana Mava Rajkot, affordable banquet halls near Nana Mava",Transactional (Hyper-local),High
Venue + City Area,"Farmhouses in Nana Mava, Rajkot | VenueConnect",/rajkot/nana-mava/farmhouses/,"Best Farmhouses in Nana Mava, Rajkot | Compare Near You - VenueConnect","Looking for farmhouses in Nana Mava, Rajkot? Browse verified listings with pricing, capacity & photos. Book the perfect venue near Nana Mava on VenueConnect.","Best Farmhouses in Nana Mava, Rajkot",farmhouses in Nana Mava Rajkot,"farmhouses near Nana Mava, farmhouses Nana Mava Rajkot, affordable farmhouses near Nana Mava",Transactional (Hyper-local),High
Venue + City Area,"Party Plots in Nana Mava, Rajkot | VenueConnect",/rajkot/nana-mava/party-plots/,"Best Party Plots in Nana Mava, Rajkot | Compare Near You - VenueConnect","Looking for party plots in Nana Mava, Rajkot? Browse verified listings with pricing, capacity & photos. Book the perfect venue near Nana Mava on VenueConnect.","Best Party Plots in Nana Mava, Rajkot",party plots in Nana Mava Rajkot,"party plots near Nana Mava, party plots Nana Mava Rajkot, affordable party plots near Nana Mava",Transactional (Hyper-local),High
Venue + City Area,"Banquet Halls in Nirmala Convent Road, Rajkot | VenueConnect",/rajkot/nirmala-convent-road/banquet-halls/,"Best Banquet Halls in Nirmala Convent Road, Rajkot | Compare Near You - VenueConnect","Looking for banquet halls in Nirmala Convent Road, Rajkot? Browse verified listings with pricing, capacity & photos. Book the perfect venue near Nirmala Convent Road on VenueConnect.","Best Banquet Halls in Nirmala Convent Road, Rajkot",banquet halls in Nirmala Convent Road Rajkot,"banquet halls near Nirmala Convent Road, banquet halls Nirmala Convent Road Rajkot, affordable banquet halls near Nirmala Convent Road",Transactional (Hyper-local),High
Venue + City Area,"Farmhouses in Nirmala Convent Road, Rajkot | VenueConnect",/rajkot/nirmala-convent-road/farmhouses/,"Best Farmhouses in Nirmala Convent Road, Rajkot | Compare Near You - VenueConnect","Looking for farmhouses in Nirmala Convent Road, Rajkot? Browse verified listings with pricing, capacity & photos. Book the perfect venue near Nirmala Convent Road on VenueConnect.","Best Farmhouses in Nirmala Convent Road, Rajkot",farmhouses in Nirmala Convent Road Rajkot,"farmhouses near Nirmala Convent Road, farmhouses Nirmala Convent Road Rajkot, affordable farmhouses near Nirmala Convent Road",Transactional (Hyper-local),High
Venue + City Area,"Party Plots in Nirmala Convent Road, Rajkot | VenueConnect",/rajkot/nirmala-convent-road/party-plots/,"Best Party Plots in Nirmala Convent Road, Rajkot | Compare Near You - VenueConnect","Looking for party plots in Nirmala Convent Road, Rajkot? Browse verified listings with pricing, capacity & photos. Book the perfect venue near Nirmala Convent Road on VenueConnect.","Best Party Plots in Nirmala Convent Road, Rajkot",party plots in Nirmala Convent Road Rajkot,"party plots near Nirmala Convent Road, party plots Nirmala Convent Road Rajkot, affordable party plots near Nirmala Convent Road",Transactional (Hyper-local),High
Venue + City Area,"Banquet Halls in Paddhari, Rajkot | VenueConnect",/rajkot/paddhari/banquet-halls/,"Best Banquet Halls in Paddhari, Rajkot | Compare Near You - VenueConnect","Looking for banquet halls in Paddhari, Rajkot? Browse verified listings with pricing, capacity & photos. Book the perfect venue near Paddhari on VenueConnect.","Best Banquet Halls in Paddhari, Rajkot",banquet halls in Paddhari Rajkot,"banquet halls near Paddhari, banquet halls Paddhari Rajkot, affordable banquet halls near Paddhari",Transactional (Hyper-local),High
Venue + City Area,"Farmhouses in Paddhari, Rajkot | VenueConnect",/rajkot/paddhari/farmhouses/,"Best Farmhouses in Paddhari, Rajkot | Compare Near You - VenueConnect","Looking for farmhouses in Paddhari, Rajkot? Browse verified listings with pricing, capacity & photos. Book the perfect venue near Paddhari on VenueConnect.","Best Farmhouses in Paddhari, Rajkot",farmhouses in Paddhari Rajkot,"farmhouses near Paddhari, farmhouses Paddhari Rajkot, affordable farmhouses near Paddhari",Transactional (Hyper-local),High
Venue + City Area,"Party Plots in Paddhari, Rajkot | VenueConnect",/rajkot/paddhari/party-plots/,"Best Party Plots in Paddhari, Rajkot | Compare Near You - VenueConnect","Looking for party plots in Paddhari, Rajkot? Browse verified listings with pricing, capacity & photos. Book the perfect venue near Paddhari on VenueConnect.","Best Party Plots in Paddhari, Rajkot",party plots in Paddhari Rajkot,"party plots near Paddhari, party plots Paddhari Rajkot, affordable party plots near Paddhari",Transactional (Hyper-local),High
Venue + City Area,"Banquet Halls in Punjabi Para, Rajkot | VenueConnect",/rajkot/punjabi-para/banquet-halls/,"Best Banquet Halls in Punjabi Para, Rajkot | Compare Near You - VenueConnect","Looking for banquet halls in Punjabi Para, Rajkot? Browse verified listings with pricing, capacity & photos. Book the perfect venue near Punjabi Para on VenueConnect.","Best Banquet Halls in Punjabi Para, Rajkot",banquet halls in Punjabi Para Rajkot,"banquet halls near Punjabi Para, banquet halls Punjabi Para Rajkot, affordable banquet halls near Punjabi Para",Transactional (Hyper-local),High
Venue + City Area,"Farmhouses in Punjabi Para, Rajkot | VenueConnect",/rajkot/punjabi-para/farmhouses/,"Best Farmhouses in Punjabi Para, Rajkot | Compare Near You - VenueConnect","Looking for farmhouses in Punjabi Para, Rajkot? Browse verified listings with pricing, capacity & photos. Book the perfect venue near Punjabi Para on VenueConnect.","Best Farmhouses in Punjabi Para, Rajkot",farmhouses in Punjabi Para Rajkot,"farmhouses near Punjabi Para, farmhouses Punjabi Para Rajkot, affordable farmhouses near Punjabi Para",Transactional (Hyper-local),High
Venue + City Area,"Party Plots in Punjabi Para, Rajkot | VenueConnect",/rajkot/punjabi-para/party-plots/,"Best Party Plots in Punjabi Para, Rajkot | Compare Near You - VenueConnect","Looking for party plots in Punjabi Para, Rajkot? Browse verified listings with pricing, capacity & photos. Book the perfect venue near Punjabi Para on VenueConnect.","Best Party Plots in Punjabi Para, Rajkot",party plots in Punjabi Para Rajkot,"party plots near Punjabi Para, party plots Punjabi Para Rajkot, affordable party plots near Punjabi Para",Transactional (Hyper-local),High
Venue + City Area,"Banquet Halls in Sadhuvasvani Road, Rajkot | VenueConnect",/rajkot/sadhuvasvani-road/banquet-halls/,"Best Banquet Halls in Sadhuvasvani Road, Rajkot | Compare Near You - VenueConnect","Looking for banquet halls in Sadhuvasvani Road, Rajkot? Browse verified listings with pricing, capacity & photos. Book the perfect venue near Sadhuvasvani Road on VenueConnect.","Best Banquet Halls in Sadhuvasvani Road, Rajkot",banquet halls in Sadhuvasvani Road Rajkot,"banquet halls near Sadhuvasvani Road, banquet halls Sadhuvasvani Road Rajkot, affordable banquet halls near Sadhuvasvani Road",Transactional (Hyper-local),High
Venue + City Area,"Farmhouses in Sadhuvasvani Road, Rajkot | VenueConnect",/rajkot/sadhuvasvani-road/farmhouses/,"Best Farmhouses in Sadhuvasvani Road, Rajkot | Compare Near You - VenueConnect","Looking for farmhouses in Sadhuvasvani Road, Rajkot? Browse verified listings with pricing, capacity & photos. Book the perfect venue near Sadhuvasvani Road on VenueConnect.","Best Farmhouses in Sadhuvasvani Road, Rajkot",farmhouses in Sadhuvasvani Road Rajkot,"farmhouses near Sadhuvasvani Road, farmhouses Sadhuvasvani Road Rajkot, affordable farmhouses near Sadhuvasvani Road",Transactional (Hyper-local),High
Venue + City Area,"Party Plots in Sadhuvasvani Road, Rajkot | VenueConnect",/rajkot/sadhuvasvani-road/party-plots/,"Best Party Plots in Sadhuvasvani Road, Rajkot | Compare Near You - VenueConnect","Looking for party plots in Sadhuvasvani Road, Rajkot? Browse verified listings with pricing, capacity & photos. Book the perfect venue near Sadhuvasvani Road on VenueConnect.","Best Party Plots in Sadhuvasvani Road, Rajkot",party plots in Sadhuvasvani Road Rajkot,"party plots near Sadhuvasvani Road, party plots Sadhuvasvani Road Rajkot, affordable party plots near Sadhuvasvani Road",Transactional (Hyper-local),High
Venue + City Area,"Banquet Halls in Shashtri Maidan, Rajkot | VenueConnect",/rajkot/shashtri-maidan/banquet-halls/,"Best Banquet Halls in Shashtri Maidan, Rajkot | Compare Near You - VenueConnect","Looking for banquet halls in Shashtri Maidan, Rajkot? Browse verified listings with pricing, capacity & photos. Book the perfect venue near Shashtri Maidan on VenueConnect.","Best Banquet Halls in Shashtri Maidan, Rajkot",banquet halls in Shashtri Maidan Rajkot,"banquet halls near Shashtri Maidan, banquet halls Shashtri Maidan Rajkot, affordable banquet halls near Shashtri Maidan",Transactional (Hyper-local),High
Venue + City Area,"Farmhouses in Shashtri Maidan, Rajkot | VenueConnect",/rajkot/shashtri-maidan/farmhouses/,"Best Farmhouses in Shashtri Maidan, Rajkot | Compare Near You - VenueConnect","Looking for farmhouses in Shashtri Maidan, Rajkot? Browse verified listings with pricing, capacity & photos. Book the perfect venue near Shashtri Maidan on VenueConnect.","Best Farmhouses in Shashtri Maidan, Rajkot",farmhouses in Shashtri Maidan Rajkot,"farmhouses near Shashtri Maidan, farmhouses Shashtri Maidan Rajkot, affordable farmhouses near Shashtri Maidan",Transactional (Hyper-local),High
Venue + City Area,"Party Plots in Shashtri Maidan, Rajkot | VenueConnect",/rajkot/shashtri-maidan/party-plots/,"Best Party Plots in Shashtri Maidan, Rajkot | Compare Near You - VenueConnect","Looking for party plots in Shashtri Maidan, Rajkot? Browse verified listings with pricing, capacity & photos. Book the perfect venue near Shashtri Maidan on VenueConnect.","Best Party Plots in Shashtri Maidan, Rajkot",party plots in Shashtri Maidan Rajkot,"party plots near Shashtri Maidan, party plots Shashtri Maidan Rajkot, affordable party plots near Shashtri Maidan",Transactional (Hyper-local),High
Venue + City Area,"Banquet Halls in Shrimali Society, Rajkot | VenueConnect",/rajkot/shrimali-society/banquet-halls/,"Best Banquet Halls in Shrimali Society, Rajkot | Compare Near You - VenueConnect","Looking for banquet halls in Shrimali Society, Rajkot? Browse verified listings with pricing, capacity & photos. Book the perfect venue near Shrimali Society on VenueConnect.","Best Banquet Halls in Shrimali Society, Rajkot",banquet halls in Shrimali Society Rajkot,"banquet halls near Shrimali Society, banquet halls Shrimali Society Rajkot, affordable banquet halls near Shrimali Society",Transactional (Hyper-local),High
Venue + City Area,"Farmhouses in Shrimali Society, Rajkot | VenueConnect",/rajkot/shrimali-society/farmhouses/,"Best Farmhouses in Shrimali Society, Rajkot | Compare Near You - VenueConnect","Looking for farmhouses in Shrimali Society, Rajkot? Browse verified listings with pricing, capacity & photos. Book the perfect venue near Shrimali Society on VenueConnect.","Best Farmhouses in Shrimali Society, Rajkot",farmhouses in Shrimali Society Rajkot,"farmhouses near Shrimali Society, farmhouses Shrimali Society Rajkot, affordable farmhouses near Shrimali Society",Transactional (Hyper-local),High
Venue + City Area,"Party Plots in Shrimali Society, Rajkot | VenueConnect",/rajkot/shrimali-society/party-plots/,"Best Party Plots in Shrimali Society, Rajkot | Compare Near You - VenueConnect","Looking for party plots in Shrimali Society, Rajkot? Browse verified listings with pricing, capacity & photos. Book the perfect venue near Shrimali Society on VenueConnect.","Best Party Plots in Shrimali Society, Rajkot",party plots in Shrimali Society Rajkot,"party plots near Shrimali Society, party plots Shrimali Society Rajkot, affordable party plots near Shrimali Society",Transactional (Hyper-local),High
Venue + City Area,"Banquet Halls in Tagore Road, Rajkot | VenueConnect",/rajkot/tagore-road/banquet-halls/,"Best Banquet Halls in Tagore Road, Rajkot | Compare Near You - VenueConnect","Looking for banquet halls in Tagore Road, Rajkot? Browse verified listings with pricing, capacity & photos. Book the perfect venue near Tagore Road on VenueConnect.","Best Banquet Halls in Tagore Road, Rajkot",banquet halls in Tagore Road Rajkot,"banquet halls near Tagore Road, banquet halls Tagore Road Rajkot, affordable banquet halls near Tagore Road",Transactional (Hyper-local),High
Venue + City Area,"Farmhouses in Tagore Road, Rajkot | VenueConnect",/rajkot/tagore-road/farmhouses/,"Best Farmhouses in Tagore Road, Rajkot | Compare Near You - VenueConnect","Looking for farmhouses in Tagore Road, Rajkot? Browse verified listings with pricing, capacity & photos. Book the perfect venue near Tagore Road on VenueConnect.","Best Farmhouses in Tagore Road, Rajkot",farmhouses in Tagore Road Rajkot,"farmhouses near Tagore Road, farmhouses Tagore Road Rajkot, affordable farmhouses near Tagore Road",Transactional (Hyper-local),High
Venue + City Area,"Party Plots in Tagore Road, Rajkot | VenueConnect",/rajkot/tagore-road/party-plots/,"Best Party Plots in Tagore Road, Rajkot | Compare Near You - VenueConnect","Looking for party plots in Tagore Road, Rajkot? Browse verified listings with pricing, capacity & photos. Book the perfect venue near Tagore Road on VenueConnect.","Best Party Plots in Tagore Road, Rajkot",party plots in Tagore Road Rajkot,"party plots near Tagore Road, party plots Tagore Road Rajkot, affordable party plots near Tagore Road",Transactional (Hyper-local),High
Venue + City Area,"Banquet Halls in Vavdi, Rajkot | VenueConnect",/rajkot/vavdi/banquet-halls/,"Best Banquet Halls in Vavdi, Rajkot | Compare Near You - VenueConnect","Looking for banquet halls in Vavdi, Rajkot? Browse verified listings with pricing, capacity & photos. Book the perfect venue near Vavdi on VenueConnect.","Best Banquet Halls in Vavdi, Rajkot",banquet halls in Vavdi Rajkot,"banquet halls near Vavdi, banquet halls Vavdi Rajkot, affordable banquet halls near Vavdi",Transactional (Hyper-local),High
Venue + City Area,"Farmhouses in Vavdi, Rajkot | VenueConnect",/rajkot/vavdi/farmhouses/,"Best Farmhouses in Vavdi, Rajkot | Compare Near You - VenueConnect","Looking for farmhouses in Vavdi, Rajkot? Browse verified listings with pricing, capacity & photos. Book the perfect venue near Vavdi on VenueConnect.","Best Farmhouses in Vavdi, Rajkot",farmhouses in Vavdi Rajkot,"farmhouses near Vavdi, farmhouses Vavdi Rajkot, affordable farmhouses near Vavdi",Transactional (Hyper-local),High
Venue + City Area,"Party Plots in Vavdi, Rajkot | VenueConnect",/rajkot/vavdi/party-plots/,"Best Party Plots in Vavdi, Rajkot | Compare Near You - VenueConnect","Looking for party plots in Vavdi, Rajkot? Browse verified listings with pricing, capacity & photos. Book the perfect venue near Vavdi on VenueConnect.","Best Party Plots in Vavdi, Rajkot",party plots in Vavdi Rajkot,"party plots near Vavdi, party plots Vavdi Rajkot, affordable party plots near Vavdi",Transactional (Hyper-local),High
Venue + City Area,"Banquet Halls in Virani Circle, Rajkot | VenueConnect",/rajkot/virani-circle/banquet-halls/,"Best Banquet Halls in Virani Circle, Rajkot | Compare Near You - VenueConnect","Looking for banquet halls in Virani Circle, Rajkot? Browse verified listings with pricing, capacity & photos. Book the perfect venue near Virani Circle on VenueConnect.","Best Banquet Halls in Virani Circle, Rajkot",banquet halls in Virani Circle Rajkot,"banquet halls near Virani Circle, banquet halls Virani Circle Rajkot, affordable banquet halls near Virani Circle",Transactional (Hyper-local),High
Venue + City Area,"Farmhouses in Virani Circle, Rajkot | VenueConnect",/rajkot/virani-circle/farmhouses/,"Best Farmhouses in Virani Circle, Rajkot | Compare Near You - VenueConnect","Looking for farmhouses in Virani Circle, Rajkot? Browse verified listings with pricing, capacity & photos. Book the perfect venue near Virani Circle on VenueConnect.","Best Farmhouses in Virani Circle, Rajkot",farmhouses in Virani Circle Rajkot,"farmhouses near Virani Circle, farmhouses Virani Circle Rajkot, affordable farmhouses near Virani Circle",Transactional (Hyper-local),High
Venue + City Area,"Party Plots in Virani Circle, Rajkot | VenueConnect",/rajkot/virani-circle/party-plots/,"Best Party Plots in Virani Circle, Rajkot | Compare Near You - VenueConnect","Looking for party plots in Virani Circle, Rajkot? Browse verified listings with pricing, capacity & photos. Book the perfect venue near Virani Circle on VenueConnect.","Best Party Plots in Virani Circle, Rajkot",party plots in Virani Circle Rajkot,"party plots near Virani Circle, party plots Virani Circle Rajkot, affordable party plots near Virani Circle",Transactional (Hyper-local),High
Venue + City Area,"Banquet Halls in Zankar Chowk, Rajkot | VenueConnect",/rajkot/zankar-chowk/banquet-halls/,"Best Banquet Halls in Zankar Chowk, Rajkot | Compare Near You - VenueConnect","Looking for banquet halls in Zankar Chowk, Rajkot? Browse verified listings with pricing, capacity & photos. Book the perfect venue near Zankar Chowk on VenueConnect.","Best Banquet Halls in Zankar Chowk, Rajkot",banquet halls in Zankar Chowk Rajkot,"banquet halls near Zankar Chowk, banquet halls Zankar Chowk Rajkot, affordable banquet halls near Zankar Chowk",Transactional (Hyper-local),High
Venue + City Area,"Farmhouses in Zankar Chowk, Rajkot | VenueConnect",/rajkot/zankar-chowk/farmhouses/,"Best Farmhouses in Zankar Chowk, Rajkot | Compare Near You - VenueConnect","Looking for farmhouses in Zankar Chowk, Rajkot? Browse verified listings with pricing, capacity & photos. Book the perfect venue near Zankar Chowk on VenueConnect.","Best Farmhouses in Zankar Chowk, Rajkot",farmhouses in Zankar Chowk Rajkot,"farmhouses near Zankar Chowk, farmhouses Zankar Chowk Rajkot, affordable farmhouses near Zankar Chowk",Transactional (Hyper-local),High
Venue + City Area,"Party Plots in Zankar Chowk, Rajkot | VenueConnect",/rajkot/zankar-chowk/party-plots/,"Best Party Plots in Zankar Chowk, Rajkot | Compare Near You - VenueConnect","Looking for party plots in Zankar Chowk, Rajkot? Browse verified listings with pricing, capacity & photos. Book the perfect venue near Zankar Chowk on VenueConnect.","Best Party Plots in Zankar Chowk, Rajkot",party plots in Zankar Chowk Rajkot,"party plots near Zankar Chowk, party plots Zankar Chowk Rajkot, affordable party plots near Zankar Chowk",Transactional (Hyper-local),High
Venue + City Area,"Banquet Halls in Raiyadhar, Rajkot | VenueConnect",/rajkot/raiyadhar/banquet-halls/,"Best Banquet Halls in Raiyadhar, Rajkot | Compare Near You - VenueConnect","Looking for banquet halls in Raiyadhar, Rajkot? Browse verified listings with pricing, capacity & photos. Book the perfect venue near Raiyadhar on VenueConnect.","Best Banquet Halls in Raiyadhar, Rajkot",banquet halls in Raiyadhar Rajkot,"banquet halls near Raiyadhar, banquet halls Raiyadhar Rajkot, affordable banquet halls near Raiyadhar",Transactional (Hyper-local),High
Venue + City Area,"Farmhouses in Raiyadhar, Rajkot | VenueConnect",/rajkot/raiyadhar/farmhouses/,"Best Farmhouses in Raiyadhar, Rajkot | Compare Near You - VenueConnect","Looking for farmhouses in Raiyadhar, Rajkot? Browse verified listings with pricing, capacity & photos. Book the perfect venue near Raiyadhar on VenueConnect.","Best Farmhouses in Raiyadhar, Rajkot",farmhouses in Raiyadhar Rajkot,"farmhouses near Raiyadhar, farmhouses Raiyadhar Rajkot, affordable farmhouses near Raiyadhar",Transactional (Hyper-local),High
Venue + City Area,"Party Plots in Raiyadhar, Rajkot | VenueConnect",/rajkot/raiyadhar/party-plots/,"Best Party Plots in Raiyadhar, Rajkot | Compare Near You - VenueConnect","Looking for party plots in Raiyadhar, Rajkot? Browse verified listings with pricing, capacity & photos. Book the perfect venue near Raiyadhar on VenueConnect.","Best Party Plots in Raiyadhar, Rajkot",party plots in Raiyadhar Rajkot,"party plots near Raiyadhar, party plots Raiyadhar Rajkot, affordable party plots near Raiyadhar",Transactional (Hyper-local),High
Venue + City Area,"Banquet Halls in Hariom Nagar, Rajkot | VenueConnect",/rajkot/hariom-nagar/banquet-halls/,"Best Banquet Halls in Hariom Nagar, Rajkot | Compare Near You - VenueConnect","Looking for banquet halls in Hariom Nagar, Rajkot? Browse verified listings with pricing, capacity & photos. Book the perfect venue near Hariom Nagar on VenueConnect.","Best Banquet Halls in Hariom Nagar, Rajkot",banquet halls in Hariom Nagar Rajkot,"banquet halls near Hariom Nagar, banquet halls Hariom Nagar Rajkot, affordable banquet halls near Hariom Nagar",Transactional (Hyper-local),High
Venue + City Area,"Farmhouses in Hariom Nagar, Rajkot | VenueConnect",/rajkot/hariom-nagar/farmhouses/,"Best Farmhouses in Hariom Nagar, Rajkot | Compare Near You - VenueConnect","Looking for farmhouses in Hariom Nagar, Rajkot? Browse verified listings with pricing, capacity & photos. Book the perfect venue near Hariom Nagar on VenueConnect.","Best Farmhouses in Hariom Nagar, Rajkot",farmhouses in Hariom Nagar Rajkot,"farmhouses near Hariom Nagar, farmhouses Hariom Nagar Rajkot, affordable farmhouses near Hariom Nagar",Transactional (Hyper-local),High
Venue + City Area,"Party Plots in Hariom Nagar, Rajkot | VenueConnect",/rajkot/hariom-nagar/party-plots/,"Best Party Plots in Hariom Nagar, Rajkot | Compare Near You - VenueConnect","Looking for party plots in Hariom Nagar, Rajkot? Browse verified listings with pricing, capacity & photos. Book the perfect venue near Hariom Nagar on VenueConnect.","Best Party Plots in Hariom Nagar, Rajkot",party plots in Hariom Nagar Rajkot,"party plots near Hariom Nagar, party plots Hariom Nagar Rajkot, affordable party plots near Hariom Nagar",Transactional (Hyper-local),High
Venue + City Area,"Banquet Halls in Digvijay Plot, Rajkot | VenueConnect",/rajkot/digvijay-plot/banquet-halls/,"Best Banquet Halls in Digvijay Plot, Rajkot | Compare Near You - VenueConnect","Looking for banquet halls in Digvijay Plot, Rajkot? Browse verified listings with pricing, capacity & photos. Book the perfect venue near Digvijay Plot on VenueConnect.","Best Banquet Halls in Digvijay Plot, Rajkot",banquet halls in Digvijay Plot Rajkot,"banquet halls near Digvijay Plot, banquet halls Digvijay Plot Rajkot, affordable banquet halls near Digvijay Plot",Transactional (Hyper-local),High
Venue + City Area,"Farmhouses in Digvijay Plot, Rajkot | VenueConnect",/rajkot/digvijay-plot/farmhouses/,"Best Farmhouses in Digvijay Plot, Rajkot | Compare Near You - VenueConnect","Looking for farmhouses in Digvijay Plot, Rajkot? Browse verified listings with pricing, capacity & photos. Book the perfect venue near Digvijay Plot on VenueConnect.","Best Farmhouses in Digvijay Plot, Rajkot",farmhouses in Digvijay Plot Rajkot,"farmhouses near Digvijay Plot, farmhouses Digvijay Plot Rajkot, affordable farmhouses near Digvijay Plot",Transactional (Hyper-local),High
Venue + City Area,"Party Plots in Digvijay Plot, Rajkot | VenueConnect",/rajkot/digvijay-plot/party-plots/,"Best Party Plots in Digvijay Plot, Rajkot | Compare Near You - VenueConnect","Looking for party plots in Digvijay Plot, Rajkot? Browse verified listings with pricing, capacity & photos. Book the perfect venue near Digvijay Plot on VenueConnect.","Best Party Plots in Digvijay Plot, Rajkot",party plots in Digvijay Plot Rajkot,"party plots near Digvijay Plot, party plots Digvijay Plot Rajkot, affordable party plots near Digvijay Plot",Transactional (Hyper-local),High
,,,,,,,,,
,,,,,,,,,
,,,,,,,,,
,,,,,,,,,
,,,,,,,,,
,,,,,,,,,
,,,,,,,,,
,,,,,,,,,
,,,,,,,,,
,,,,,,,,,
,,,,,,,,,
,,,,,,,,,
,,,,,,,,,
,,,,,,,,,
,,,,,,,,,
,,,,,,,,,
,,,,,,,,,
,,,,,,,,,
,,,,,,,,,
,,,,,,,,,
,,,,,,,,,
,,,,,,,,,
,,,,,,,,,
,,,,,,,,,
,,,,,,,,,
,,,,,,,,,
,,,,,,,,,
,,,,,,,,,
,,,,,,,,,
,,,,,,,,,
,,,,,,,,,
,,,,,,,,,
,,,,,,,,,
,,,,,,,,,
,,,,,,,,,
,,,,,,,,,
,,,,,,,,,
,,,,,,,,,
,,,,,,,,,
,,,,,,,,,
,,,,,,,,,
,,,,,,,,,
,,,,,,,,,
,,,,,,,,,
,,,,,,,,,
,,,,,,,,,
,,,,,,,,,
,,,,,,,,,
,,,,,,,,,
,,,,,,,,,
,,,,,,,,,
,,,,,,,,,
,,,,,,,,,
,,,,,,,,,
,,,,,,,,,
,,,,,,,,,
,,,,,,,,,
,,,,,,,,,
,,,,,,,,,
,,,,,,,,,
,,,,,,,,,
,,,,,,,,,
,,,,,,,,,
,,,,,,,,,
,,,,,,,,,
,,,,,,,,,
,,,,,,,,,
,,,,,,,,,
,,,,,,,,,
,,,,,,,,,
,,,,,,,,,
,,,,,,,,,
,,,,,,,,,
,,,,,,,,,
,,,,,,,,,
,,,,,,,,,
,,,,,,,,,
,,,,,,,,,
,,,,,,,,,
,,,,,,,,,
,,,,,,,,,
,,,,,,,,,
,,,,,,,,,
,,,,,,,,,
,,,,,,,,,
,,,,,,,,,
,,,,,,,,,
,,,,,,,,,
,,,,,,,,,
,,,,,,,,,
,,,,,,,,,
,,,,,,,,,
,,,,,,,,,
,,,,,,,,,
,,,,,,,,,
,,,,,,,,,
,,,,,,,,,
,,,,,,,,,
,,,,,,,,,
,,,,,,,,,
,,,,,,,,,
,,,,,,,,,
,,,,,,,,,
,,,,,,,,,
,,,,,,,,,
,,,,,,,,,
,,,,,,,,,
,,,,,,,,,
,,,,,,,,,
,,,,,,,,,
,,,,,,,,,
,,,,,,,,,
,,,,,,,,,
,,,,,,,,,
,,,,,,,,,
,,,,,,,,,
,,,,,,,,,
,,,,,,,,,
,,,,,,,,,
,,,,,,,,,
,,,,,,,,,
,,,,,,,,,
,,,,,,,,,
,,,,,,,,,
,,,,,,,,,
,,,,,,,,,
,,,,,,,,,
,,,,,,,,,
,,,,,,,,,
,,,,,,,,,
,,,,,,,,,
,,,,,,,,,
,,,,,,,,,
,,,,,,,,,
,,,,,,,,,
,,,,,,,,,
,,,,,,,,,
,,,,,,,,,
,,,,,,,,,
,,,,,,,,,
,,,,,,,,,
,,,,,,,,,
,,,,,,,,,
,,,,,,,,,
,,,,,,,,,
,,,,,,,,,
,,,,,,,,,
,,,,,,,,,
,,,,,,,,,
,,,,,,,,,
,,,,,,,,,
,,,,,,,,,
,,,,,,,,,
,,,,,,,,,
,,,,,,,,,
,,,,,,,,,
,,,,,,,,,
,,,,,,,,,
,,,,,,,,,
,,,,,,,,,
,,,,,,,,,
,,,,,,,,,
,,,,,,,,,
,,,,,,,,,
,,,,,,,,,
,,,,,,,,,
,,,,,,,,,
,,,,,,,,,
,,,,,,,,,
,,,,,,,,,
,,,,,,,,,
,,,,,,,,,
,,,,,,,,,
,,,,,,,,,
,,,,,,,,,
,,,,,,,,,
,,,,,,,,,
,,,,,,,,,
,,,,,,,,,
,,,,,,,,,
,,,,,,,,,
,,,,,,,,,
,,,,,,,,,
,,,,,,,,,
,,,,,,,,,
,,,,,,,,,
,,,,,,,,,
,,,,,,,,,
,,,,,,,,,
,,,,,,,,,
,,,,,,,,,
,,,,,,,,,
,,,,,,,,,
,,,,,,,,,
,,,,,,,,,
,,,,,,,,,
,,,,,,,,,
,,,,,,,,,
,,,,,,,,,
,,,,,,,,,
,,,,,,,,,
,,,,,,,,,
,,,,,,,,,
,,,,,,,,,
,,,,,,,,,
,,,,,,,,,
,,,,,,,,,
,,,,,,,,,
,,,,,,,,,
,,,,,,,,,
,,,,,,,,,
,,,,,,,,,
,,,,,,,,,
,,,,,,,,,
,,,,,,,,,
,,,,,,,,,
,,,,,,,,,
,,,,,,,,,
,,,,,,,,,
,,,,,,,,,
,,,,,,,,,
,,,,,,,,,
,,,,,,,,,
,,,,,,,,,
,,,,,,,,,
,,,,,,,,,
,,,,,,,,,
,,,,,,,,,
,,,,,,,,,
,,,,,,,,,
,,,,,,,,,
,,,,,,,,,
,,,,,,,,,
,,,,,,,,,
,,,,,,,,,
,,,,,,,,,
,,,,,,,,,
,,,,,,,,,
,,,,,,,,,
,,,,,,,,,
,,,,,,,,,
,,,,,,,,,
,,,,,,,,,
,,,,,,,,,
,,,,,,,,,
,,,,,,,,,
,,,,,,,,,
,,,,,,,,,
,,,,,,,,,
,,,,,,,,,
,,,,,,,,,
,,,,,,,,,
,,,,,,,,,
,,,,,,,,,
,,,,,,,,,
,,,,,,,,,
,,,,,,,,,
,,,,,,,,,
,,,,,,,,,
,,,,,,,,,
,,,,,,,,,
,,,,,,,,,
,,,,,,,,,
,,,,,,,,,
,,,,,,,,,
,,,,,,,,,
,,,,,,,,,
,,,,,,,,,
,,,,,,,,,
,,,,,,,,,
,,,,,,,,,
,,,,,,,,,
,,,,,,,,,
,,,,,,,,,
,,,,,,,,,
,,,,,,,,,
,,,,,,,,,
,,,,,,,,,
,,,,,,,,,
,,,,,,,,,
,,,,,,,,,
,,,,,,,,,
,,,,,,,,,
,,,,,,,,,
,,,,,,,,,
,,,,,,,,,
,,,,,,,,,
,,,,,,,,,
,,,,,,,,,
,,,,,,,,,
,,,,,,,,,
,,,,,,,,,
,,,,,,,,,
,,,,,,,,,
,,,,,,,,,
,,,,,,,,,
,,,,,,,,,
,,,,,,,,,
,,,,,,,,,
,,,,,,,,,
,,,,,,,,,
,,,,,,,,,
,,,,,,,,,
,,,,,,,,,
,,,,,,,,,
,,,,,,,,,
,,,,,,,,,
,,,,,,,,,
,,,,,,,,,
,,,,,,,,,
,,,,,,,,,
,,,,,,,,,
,,,,,,,,,
,,,,,,,,,
,,,,,,,,,
,,,,,,,,,
,,,,,,,,,
,,,,,,,,,
,,,,,,,,,
,,,,,,,,,
,,,,,,,,,
,,,,,,,,,
,,,,,,,,,
,,,,,,,,,
,,,,,,,,,
,,,,,,,,,
,,,,,,,,,
,,,,,,,,,
,,,,,,,,,
,,,,,,,,,
,,,,,,,,,
,,,,,,,,,
,,,,,,,,,
,,,,,,,,,
,,,,,,,,,
,,,,,,,,,
,,,,,,,,,
,,,,,,,,,
,,,,,,,,,
,,,,,,,,,
,,,,,,,,,
,,,,,,,,,
,,,,,,,,,
,,,,,,,,,
,,,,,,,,,
,,,,,,,,,
,,,,,,,,,
,,,,,,,,,
,,,,,,,,,
,,,,,,,,,
,,,,,,,,,
,,,,,,,,,
,,,,,,,,,
,,,,,,,,,
,,,,,,,,,
,,,,,,,,,
,,,,,,,,,
,,,,,,,,,
,,,,,,,,,
,,,,,,,,,
,,,,,,,,,
,,,,,,,,,
,,,,,,,,,
,,,,,,,,,
,,,,,,,,,
,,,,,,,,,
,,,,,,,,,
,,,,,,,,,
,,,,,,,,,
,,,,,,,,,
,,,,,,,,,
,,,,,,,,,
,,,,,,,,,
,,,,,,,,,
,,,,,,,,,
,,,,,,,,,
,,,,,,,,,
,,,,,,,,,
,,,,,,,,,
,,,,,,,,,
,,,,,,,,,
,,,,,,,,,
,,,,,,,,,
,,,,,,,,,
,,,,,,,,,
,,,,,,,,,
,,,,,,,,,
,,,,,,,,,
,,,,,,,,,
,,,,,,,,,
,,,,,,,,,
,,,,,,,,,
,,,,,,,,,
,,,,,,,,,
,,,,,,,,,
,,,,,,,,,
,,,,,,,,,
,,,,,,,,,
,,,,,,,,,
,,,,,,,,,
,,,,,,,,,
,,,,,,,,,
,,,,,,,,,
,,,,,,,,,
,,,,,,,,,
,,,,,,,,,
