VenueConnect — SEO Pages: Surat,,,,,,,,,
  EVENT + CITY PAGES,,,,,,,,,
Page Type,Page Title,URL Slug,Meta Title,Meta Description,H1 Tag,Target Keyword,Secondary Keywords,Search Intent,Priority
Event + City,Wedding Venues in Surat | VenueConnect,/surat/wedding-venues/,Best Wedding Venues in Surat | Book & Compare Prices - VenueConnect,"Find the best wedding venues in Surat. Compare wedding halls, banquet spaces & party plots. Get free quotes & instant leads. Browse 100+ options on VenueConnect.",Best Wedding Venues in Surat,wedding venues in Surat,"wedding hall Surat, wedding venue booking Surat, best wedding venue Surat, wedding party venue Surat",Navigational / Transactional,High
Event + City,Birthday Party Venues in Surat | VenueConnect,/surat/birthday-party-venues/,Best Birthday Party Venues in Surat | Book & Compare Prices - VenueConnect,"Find the best birthday party venues in Surat. Compare birthday party halls, banquet spaces & party plots. Get free quotes & instant leads. Browse 100+ options on VenueConnect.",Best Birthday Party Venues in Surat,birthday party venues in Surat,"birthday party hall Surat, birthday party venue booking Surat, best birthday party venue Surat, birthday party party venue Surat",Navigational / Transactional,High
Event + City,Engagement Venues in Surat | VenueConnect,/surat/engagement-venues/,Best Engagement Venues in Surat | Book & Compare Prices - VenueConnect,"Find the best engagement venues in Surat. Compare engagement halls, banquet spaces & party plots. Get free quotes & instant leads. Browse 100+ options on VenueConnect.",Best Engagement Venues in Surat,engagement venues in Surat,"engagement hall Surat, engagement venue booking Surat, best engagement venue Surat, engagement party venue Surat",Navigational / Transactional,High
Event + City,Corporate Event Venues in Surat | VenueConnect,/surat/corporate-event-venues/,Best Corporate Event Venues in Surat | Book & Compare Prices - VenueConnect,"Find the best corporate event venues in Surat. Compare corporate event halls, banquet spaces & party plots. Get free quotes & instant leads. Browse 100+ options on VenueConnect.",Best Corporate Event Venues in Surat,corporate event venues in Surat,"corporate event hall Surat, corporate event venue booking Surat, best corporate event venue Surat, corporate event party venue Surat",Navigational / Transactional,High
Event + City,Reception Venues in Surat | VenueConnect,/surat/reception-venues/,Best Reception Venues in Surat | Book & Compare Prices - VenueConnect,"Find the best reception venues in Surat. Compare reception halls, banquet spaces & party plots. Get free quotes & instant leads. Browse 100+ options on VenueConnect.",Best Reception Venues in Surat,reception venues in Surat,"reception hall Surat, reception venue booking Surat, best reception venue Surat, reception party venue Surat",Navigational / Transactional,High
Event + City,Sangeet Ceremony Venues in Surat | VenueConnect,/surat/sangeet-ceremony-venues/,Best Sangeet Ceremony Venues in Surat | Book & Compare Prices - VenueConnect,"Find the best sangeet ceremony venues in Surat. Compare sangeet ceremony halls, banquet spaces & party plots. Get free quotes & instant leads. Browse 100+ options on VenueConnect.",Best Sangeet Ceremony Venues in Surat,sangeet ceremony venues in Surat,"sangeet ceremony hall Surat, sangeet ceremony venue booking Surat, best sangeet ceremony venue Surat, sangeet ceremony party venue Surat",Navigational / Transactional,High
Event + City,Garba Night Venues in Surat | VenueConnect,/surat/garba-night-venues/,Best Garba Night Venues in Surat | Book & Compare Prices - VenueConnect,"Find the best garba night venues in Surat. Compare garba night halls, banquet spaces & party plots. Get free quotes & instant leads. Browse 100+ options on VenueConnect.",Best Garba Night Venues in Surat,garba night venues in Surat,"garba night hall Surat, garba night venue booking Surat, best garba night venue Surat, garba night party venue Surat",Navigational / Transactional,High
Event + City,Pool Party Venues in Surat | VenueConnect,/surat/pool-party-venues/,Best Pool Party Venues in Surat | Book & Compare Prices - VenueConnect,"Find the best pool party venues in Surat. Compare pool party halls, banquet spaces & party plots. Get free quotes & instant leads. Browse 100+ options on VenueConnect.",Best Pool Party Venues in Surat,pool party venues in Surat,"pool party hall Surat, pool party venue booking Surat, best pool party venue Surat, pool party party venue Surat",Navigational / Transactional,High
Event + City,Kitty Party Venues in Surat | VenueConnect,/surat/kitty-party-venues/,Best Kitty Party Venues in Surat | Book & Compare Prices - VenueConnect,"Find the best kitty party venues in Surat. Compare kitty party halls, banquet spaces & party plots. Get free quotes & instant leads. Browse 100+ options on VenueConnect.",Best Kitty Party Venues in Surat,kitty party venues in Surat,"kitty party hall Surat, kitty party venue booking Surat, best kitty party venue Surat, kitty party party venue Surat",Navigational / Transactional,High
Event + City,Cocktail Party Venues in Surat | VenueConnect,/surat/cocktail-party-venues/,Best Cocktail Party Venues in Surat | Book & Compare Prices - VenueConnect,"Find the best cocktail party venues in Surat. Compare cocktail party halls, banquet spaces & party plots. Get free quotes & instant leads. Browse 100+ options on VenueConnect.",Best Cocktail Party Venues in Surat,cocktail party venues in Surat,"cocktail party hall Surat, cocktail party venue booking Surat, best cocktail party venue Surat, cocktail party party venue Surat",Navigational / Transactional,High
Event + City,Baby Shower Venues in Surat | VenueConnect,/surat/baby-shower-venues/,Best Baby Shower Venues in Surat | Book & Compare Prices - VenueConnect,"Find the best baby shower venues in Surat. Compare baby shower halls, banquet spaces & party plots. Get free quotes & instant leads. Browse 100+ options on VenueConnect.",Best Baby Shower Venues in Surat,baby shower venues in Surat,"baby shower hall Surat, baby shower venue booking Surat, best baby shower venue Surat, baby shower party venue Surat",Navigational / Transactional,High
Event + City,Anniversary Party Venues in Surat | VenueConnect,/surat/anniversary-party-venues/,Best Anniversary Party Venues in Surat | Book & Compare Prices - VenueConnect,"Find the best anniversary party venues in Surat. Compare anniversary party halls, banquet spaces & party plots. Get free quotes & instant leads. Browse 100+ options on VenueConnect.",Best Anniversary Party Venues in Surat,anniversary party venues in Surat,"anniversary party hall Surat, anniversary party venue booking Surat, best anniversary party venue Surat, anniversary party party venue Surat",Navigational / Transactional,High
Event + City,Farewell Party Venues in Surat | VenueConnect,/surat/farewell-party-venues/,Best Farewell Party Venues in Surat | Book & Compare Prices - VenueConnect,"Find the best farewell party venues in Surat. Compare farewell party halls, banquet spaces & party plots. Get free quotes & instant leads. Browse 100+ options on VenueConnect.",Best Farewell Party Venues in Surat,farewell party venues in Surat,"farewell party hall Surat, farewell party venue booking Surat, best farewell party venue Surat, farewell party party venue Surat",Navigational / Transactional,High
Event + City,Reunion Party Venues in Surat | VenueConnect,/surat/reunion-party-venues/,Best Reunion Party Venues in Surat | Book & Compare Prices - VenueConnect,"Find the best reunion party venues in Surat. Compare reunion party halls, banquet spaces & party plots. Get free quotes & instant leads. Browse 100+ options on VenueConnect.",Best Reunion Party Venues in Surat,reunion party venues in Surat,"reunion party hall Surat, reunion party venue booking Surat, best reunion party venue Surat, reunion party party venue Surat",Navigational / Transactional,High
Event + City,Product Launch Venues in Surat | VenueConnect,/surat/product-launch-venues/,Best Product Launch Venues in Surat | Book & Compare Prices - VenueConnect,"Find the best product launch venues in Surat. Compare product launch halls, banquet spaces & party plots. Get free quotes & instant leads. Browse 100+ options on VenueConnect.",Best Product Launch Venues in Surat,product launch venues in Surat,"product launch hall Surat, product launch venue booking Surat, best product launch venue Surat, product launch party venue Surat",Navigational / Transactional,High
Event + City,Conference Venues in Surat | VenueConnect,/surat/conference-venues/,Best Conference Venues in Surat | Book & Compare Prices - VenueConnect,"Find the best conference venues in Surat. Compare conference halls, banquet spaces & party plots. Get free quotes & instant leads. Browse 100+ options on VenueConnect.",Best Conference Venues in Surat,conference venues in Surat,"conference hall Surat, conference venue booking Surat, best conference venue Surat, conference party venue Surat",Navigational / Transactional,High
Event + City,Seminar Venues in Surat | VenueConnect,/surat/seminar-venues/,Best Seminar Venues in Surat | Book & Compare Prices - VenueConnect,"Find the best seminar venues in Surat. Compare seminar halls, banquet spaces & party plots. Get free quotes & instant leads. Browse 100+ options on VenueConnect.",Best Seminar Venues in Surat,seminar venues in Surat,"seminar hall Surat, seminar venue booking Surat, best seminar venue Surat, seminar party venue Surat",Navigational / Transactional,High
Event + City,Award Ceremony Venues in Surat | VenueConnect,/surat/award-ceremony-venues/,Best Award Ceremony Venues in Surat | Book & Compare Prices - VenueConnect,"Find the best award ceremony venues in Surat. Compare award ceremony halls, banquet spaces & party plots. Get free quotes & instant leads. Browse 100+ options on VenueConnect.",Best Award Ceremony Venues in Surat,award ceremony venues in Surat,"award ceremony hall Surat, award ceremony venue booking Surat, best award ceremony venue Surat, award ceremony party venue Surat",Navigational / Transactional,High
Event + City,Walkin Interview Venues in Surat | VenueConnect,/surat/walkin-interview-venues/,Best Walkin Interview Venues in Surat | Book & Compare Prices - VenueConnect,"Find the best walkin interview venues in Surat. Compare walkin interview halls, banquet spaces & party plots. Get free quotes & instant leads. Browse 100+ options on VenueConnect.",Best Walkin Interview Venues in Surat,walkin interview venues in Surat,"walkin interview hall Surat, walkin interview venue booking Surat, best walkin interview venue Surat, walkin interview party venue Surat",Navigational / Transactional,High
Event + City,Training Venues in Surat | VenueConnect,/surat/training-venues/,Best Training Venues in Surat | Book & Compare Prices - VenueConnect,"Find the best training venues in Surat. Compare training halls, banquet spaces & party plots. Get free quotes & instant leads. Browse 100+ options on VenueConnect.",Best Training Venues in Surat,training venues in Surat,"training hall Surat, training venue booking Surat, best training venue Surat, training party venue Surat",Navigational / Transactional,High
Event + City,Team Outing Venues in Surat | VenueConnect,/surat/team-outing-venues/,Best Team Outing Venues in Surat | Book & Compare Prices - VenueConnect,"Find the best team outing venues in Surat. Compare team outing halls, banquet spaces & party plots. Get free quotes & instant leads. Browse 100+ options on VenueConnect.",Best Team Outing Venues in Surat,team outing venues in Surat,"team outing hall Surat, team outing venue booking Surat, best team outing venue Surat, team outing party venue Surat",Navigational / Transactional,High
Event + City,Stage Event Venues in Surat | VenueConnect,/surat/stage-event-venues/,Best Stage Event Venues in Surat | Book & Compare Prices - VenueConnect,"Find the best stage event venues in Surat. Compare stage event halls, banquet spaces & party plots. Get free quotes & instant leads. Browse 100+ options on VenueConnect.",Best Stage Event Venues in Surat,stage event venues in Surat,"stage event hall Surat, stage event venue booking Surat, best stage event venue Surat, stage event party venue Surat",Navigational / Transactional,High
Event + City,Ring Ceremony Venues in Surat | VenueConnect,/surat/ring-ceremony-venues/,Best Ring Ceremony Venues in Surat | Book & Compare Prices - VenueConnect,"Find the best ring ceremony venues in Surat. Compare ring ceremony halls, banquet spaces & party plots. Get free quotes & instant leads. Browse 100+ options on VenueConnect.",Best Ring Ceremony Venues in Surat,ring ceremony venues in Surat,"ring ceremony hall Surat, ring ceremony venue booking Surat, best ring ceremony venue Surat, ring ceremony party venue Surat",Navigational / Transactional,High
Event + City,Residential Conference Venues in Surat | VenueConnect,/surat/residential-conference-venues/,Best Residential Conference Venues in Surat | Book & Compare Prices - VenueConnect,"Find the best residential conference venues in Surat. Compare residential conference halls, banquet spaces & party plots. Get free quotes & instant leads. Browse 100+ options on VenueConnect.",Best Residential Conference Venues in Surat,residential conference venues in Surat,"residential conference hall Surat, residential conference venue booking Surat, best residential conference venue Surat, residential conference party venue Surat",Navigational / Transactional,High
Event + City,Pre Wedding Mehendi Party Venues in Surat | VenueConnect,/surat/pre-wedding-mehendi-party-venues/,Best Pre Wedding Mehendi Party Venues in Surat | Book & Compare Prices - VenueConnect,"Find the best pre wedding mehendi party venues in Surat. Compare pre wedding mehendi party halls, banquet spaces & party plots. Get free quotes & instant leads. Browse 100+ options on VenueConnect.",Best Pre Wedding Mehendi Party Venues in Surat,pre wedding mehendi party venues in Surat,"pre wedding mehendi party hall Surat, pre wedding mehendi party venue booking Surat, best pre wedding mehendi party venue Surat, pre wedding mehendi party party venue Surat",Navigational / Transactional,High
Event + City,Photo Shoots Venues in Surat | VenueConnect,/surat/photo-shoots-venues/,Best Photo Shoots Venues in Surat | Book & Compare Prices - VenueConnect,"Find the best photo shoots venues in Surat. Compare photo shoots halls, banquet spaces & party plots. Get free quotes & instant leads. Browse 100+ options on VenueConnect.",Best Photo Shoots Venues in Surat,photo shoots venues in Surat,"photo shoots hall Surat, photo shoots venue booking Surat, best photo shoots venue Surat, photo shoots party venue Surat",Navigational / Transactional,High
Event + City,Naming Ceremony Venues in Surat | VenueConnect,/surat/naming-ceremony-venues/,Best Naming Ceremony Venues in Surat | Book & Compare Prices - VenueConnect,"Find the best naming ceremony venues in Surat. Compare naming ceremony halls, banquet spaces & party plots. Get free quotes & instant leads. Browse 100+ options on VenueConnect.",Best Naming Ceremony Venues in Surat,naming ceremony venues in Surat,"naming ceremony hall Surat, naming ceremony venue booking Surat, best naming ceremony venue Surat, naming ceremony party venue Surat",Navigational / Transactional,High
Event + City,Musical Concert Venues in Surat | VenueConnect,/surat/musical-concert-venues/,Best Musical Concert Venues in Surat | Book & Compare Prices - VenueConnect,"Find the best musical concert venues in Surat. Compare musical concert halls, banquet spaces & party plots. Get free quotes & instant leads. Browse 100+ options on VenueConnect.",Best Musical Concert Venues in Surat,musical concert venues in Surat,"musical concert hall Surat, musical concert venue booking Surat, best musical concert venue Surat, musical concert party venue Surat",Navigational / Transactional,High
Event + City,MICE Venues in Surat | VenueConnect,/surat/mice-venues/,Best MICE Venues in Surat | Book & Compare Prices - VenueConnect,"Find the best mice venues in Surat. Compare mice halls, banquet spaces & party plots. Get free quotes & instant leads. Browse 100+ options on VenueConnect.",Best MICE Venues in Surat,mice venues in Surat,"mice hall Surat, mice venue booking Surat, best mice venue Surat, mice party venue Surat",Navigational / Transactional,High
Event + City,Meeting Venues in Surat | VenueConnect,/surat/meeting-venues/,Best Meeting Venues in Surat | Book & Compare Prices - VenueConnect,"Find the best meeting venues in Surat. Compare meeting halls, banquet spaces & party plots. Get free quotes & instant leads. Browse 100+ options on VenueConnect.",Best Meeting Venues in Surat,meeting venues in Surat,"meeting hall Surat, meeting venue booking Surat, best meeting venue Surat, meeting party venue Surat",Navigational / Transactional,High
Event + City,Kids Birthday Party Venues in Surat | VenueConnect,/surat/kids-birthday-party-venues/,Best Kids Birthday Party Venues in Surat | Book & Compare Prices - VenueConnect,"Find the best kids birthday party venues in Surat. Compare kids birthday party halls, banquet spaces & party plots. Get free quotes & instant leads. Browse 100+ options on VenueConnect.",Best Kids Birthday Party Venues in Surat,kids birthday party venues in Surat,"kids birthday party hall Surat, kids birthday party venue booking Surat, best kids birthday party venue Surat, kids birthday party party venue Surat",Navigational / Transactional,High
Event + City,Holi Party Venues in Surat | VenueConnect,/surat/holi-party-venues/,Best Holi Party Venues in Surat | Book & Compare Prices - VenueConnect,"Find the best holi party venues in Surat. Compare holi party halls, banquet spaces & party plots. Get free quotes & instant leads. Browse 100+ options on VenueConnect.",Best Holi Party Venues in Surat,holi party venues in Surat,"holi party hall Surat, holi party venue booking Surat, best holi party venue Surat, holi party party venue Surat",Navigational / Transactional,High
Event + City,Group Dining Venues in Surat | VenueConnect,/surat/group-dining-venues/,Best Group Dining Venues in Surat | Book & Compare Prices - VenueConnect,"Find the best group dining venues in Surat. Compare group dining halls, banquet spaces & party plots. Get free quotes & instant leads. Browse 100+ options on VenueConnect.",Best Group Dining Venues in Surat,group dining venues in Surat,"group dining hall Surat, group dining venue booking Surat, best group dining venue Surat, group dining party venue Surat",Navigational / Transactional,High
Event + City,Get Together Venues in Surat | VenueConnect,/surat/get-together-venues/,Best Get Together Venues in Surat | Book & Compare Prices - VenueConnect,"Find the best get together venues in Surat. Compare get together halls, banquet spaces & party plots. Get free quotes & instant leads. Browse 100+ options on VenueConnect.",Best Get Together Venues in Surat,get together venues in Surat,"get together hall Surat, get together venue booking Surat, best get together venue Surat, get together party venue Surat",Navigational / Transactional,High
Event + City,Game Watch Venues in Surat | VenueConnect,/surat/game-watch-venues/,Best Game Watch Venues in Surat | Book & Compare Prices - VenueConnect,"Find the best game watch venues in Surat. Compare game watch halls, banquet spaces & party plots. Get free quotes & instant leads. Browse 100+ options on VenueConnect.",Best Game Watch Venues in Surat,game watch venues in Surat,"game watch hall Surat, game watch venue booking Surat, best game watch venue Surat, game watch party venue Surat",Navigational / Transactional,High
Event + City,Freshers Party Venues in Surat | VenueConnect,/surat/freshers-party-venues/,Best Freshers Party Venues in Surat | Book & Compare Prices - VenueConnect,"Find the best freshers party venues in Surat. Compare freshers party halls, banquet spaces & party plots. Get free quotes & instant leads. Browse 100+ options on VenueConnect.",Best Freshers Party Venues in Surat,freshers party venues in Surat,"freshers party hall Surat, freshers party venue booking Surat, best freshers party venue Surat, freshers party party venue Surat",Navigational / Transactional,High
Event + City,First Birthday Party Venues in Surat | VenueConnect,/surat/first-birthday-party-venues/,Best First Birthday Party Venues in Surat | Book & Compare Prices - VenueConnect,"Find the best first birthday party venues in Surat. Compare first birthday party halls, banquet spaces & party plots. Get free quotes & instant leads. Browse 100+ options on VenueConnect.",Best First Birthday Party Venues in Surat,first birthday party venues in Surat,"first birthday party hall Surat, first birthday party venue booking Surat, best first birthday party venue Surat, first birthday party party venue Surat",Navigational / Transactional,High
Event + City,Fashion Show Venues in Surat | VenueConnect,/surat/fashion-show-venues/,Best Fashion Show Venues in Surat | Book & Compare Prices - VenueConnect,"Find the best fashion show venues in Surat. Compare fashion show halls, banquet spaces & party plots. Get free quotes & instant leads. Browse 100+ options on VenueConnect.",Best Fashion Show Venues in Surat,fashion show venues in Surat,"fashion show hall Surat, fashion show venue booking Surat, best fashion show venue Surat, fashion show party venue Surat",Navigational / Transactional,High
Event + City,Family Function Venues in Surat | VenueConnect,/surat/family-function-venues/,Best Family Function Venues in Surat | Book & Compare Prices - VenueConnect,"Find the best family function venues in Surat. Compare family function halls, banquet spaces & party plots. Get free quotes & instant leads. Browse 100+ options on VenueConnect.",Best Family Function Venues in Surat,family function venues in Surat,"family function hall Surat, family function venue booking Surat, best family function venue Surat, family function party venue Surat",Navigational / Transactional,High
Event + City,Exhibition Venues in Surat | VenueConnect,/surat/exhibition-venues/,Best Exhibition Venues in Surat | Book & Compare Prices - VenueConnect,"Find the best exhibition venues in Surat. Compare exhibition halls, banquet spaces & party plots. Get free quotes & instant leads. Browse 100+ options on VenueConnect.",Best Exhibition Venues in Surat,exhibition venues in Surat,"exhibition hall Surat, exhibition venue booking Surat, best exhibition venue Surat, exhibition party venue Surat",Navigational / Transactional,High
Event + City,Corporate Training Venues in Surat | VenueConnect,/surat/corporate-training-venues/,Best Corporate Training Venues in Surat | Book & Compare Prices - VenueConnect,"Find the best corporate training venues in Surat. Compare corporate training halls, banquet spaces & party plots. Get free quotes & instant leads. Browse 100+ options on VenueConnect.",Best Corporate Training Venues in Surat,corporate training venues in Surat,"corporate training hall Surat, corporate training venue booking Surat, best corporate training venue Surat, corporate training party venue Surat",Navigational / Transactional,High
Event + City,Corporate Party Venues in Surat | VenueConnect,/surat/corporate-party-venues/,Best Corporate Party Venues in Surat | Book & Compare Prices - VenueConnect,"Find the best corporate party venues in Surat. Compare corporate party halls, banquet spaces & party plots. Get free quotes & instant leads. Browse 100+ options on VenueConnect.",Best Corporate Party Venues in Surat,corporate party venues in Surat,"corporate party hall Surat, corporate party venue booking Surat, best corporate party venue Surat, corporate party party venue Surat",Navigational / Transactional,High
Event + City,Corporate Offsite Venues in Surat | VenueConnect,/surat/corporate-offsite-venues/,Best Corporate Offsite Venues in Surat | Book & Compare Prices - VenueConnect,"Find the best corporate offsite venues in Surat. Compare corporate offsite halls, banquet spaces & party plots. Get free quotes & instant leads. Browse 100+ options on VenueConnect.",Best Corporate Offsite Venues in Surat,corporate offsite venues in Surat,"corporate offsite hall Surat, corporate offsite venue booking Surat, best corporate offsite venue Surat, corporate offsite party venue Surat",Navigational / Transactional,High
Event + City,Cocktail Dinner Venues in Surat | VenueConnect,/surat/cocktail-dinner-venues/,Best Cocktail Dinner Venues in Surat | Book & Compare Prices - VenueConnect,"Find the best cocktail dinner venues in Surat. Compare cocktail dinner halls, banquet spaces & party plots. Get free quotes & instant leads. Browse 100+ options on VenueConnect.",Best Cocktail Dinner Venues in Surat,cocktail dinner venues in Surat,"cocktail dinner hall Surat, cocktail dinner venue booking Surat, best cocktail dinner venue Surat, cocktail dinner party venue Surat",Navigational / Transactional,High
Event + City,Class Reunion Venues in Surat | VenueConnect,/surat/class-reunion-venues/,Best Class Reunion Venues in Surat | Book & Compare Prices - VenueConnect,"Find the best class reunion venues in Surat. Compare class reunion halls, banquet spaces & party plots. Get free quotes & instant leads. Browse 100+ options on VenueConnect.",Best Class Reunion Venues in Surat,class reunion venues in Surat,"class reunion hall Surat, class reunion venue booking Surat, best class reunion venue Surat, class reunion party venue Surat",Navigational / Transactional,High
Event + City,Christian Communion Venues in Surat | VenueConnect,/surat/christian-communion-venues/,Best Christian Communion Venues in Surat | Book & Compare Prices - VenueConnect,"Find the best christian communion venues in Surat. Compare christian communion halls, banquet spaces & party plots. Get free quotes & instant leads. Browse 100+ options on VenueConnect.",Best Christian Communion Venues in Surat,christian communion venues in Surat,"christian communion hall Surat, christian communion venue booking Surat, best christian communion venue Surat, christian communion party venue Surat",Navigational / Transactional,High
Event + City,Childrens Party Venues in Surat | VenueConnect,/surat/childrens-party-venues/,Best Childrens Party Venues in Surat | Book & Compare Prices - VenueConnect,"Find the best childrens party venues in Surat. Compare childrens party halls, banquet spaces & party plots. Get free quotes & instant leads. Browse 100+ options on VenueConnect.",Best Childrens Party Venues in Surat,childrens party venues in Surat,"childrens party hall Surat, childrens party venue booking Surat, best childrens party venue Surat, childrens party party venue Surat",Navigational / Transactional,High
Event + City,Business Dinner Venues in Surat | VenueConnect,/surat/business-dinner-venues/,Best Business Dinner Venues in Surat | Book & Compare Prices - VenueConnect,"Find the best business dinner venues in Surat. Compare business dinner halls, banquet spaces & party plots. Get free quotes & instant leads. Browse 100+ options on VenueConnect.",Best Business Dinner Venues in Surat,business dinner venues in Surat,"business dinner hall Surat, business dinner venue booking Surat, best business dinner venue Surat, business dinner party venue Surat",Navigational / Transactional,High
Event + City,Bridal Shower Venues in Surat | VenueConnect,/surat/bridal-shower-venues/,Best Bridal Shower Venues in Surat | Book & Compare Prices - VenueConnect,"Find the best bridal shower venues in Surat. Compare bridal shower halls, banquet spaces & party plots. Get free quotes & instant leads. Browse 100+ options on VenueConnect.",Best Bridal Shower Venues in Surat,bridal shower venues in Surat,"bridal shower hall Surat, bridal shower venue booking Surat, best bridal shower venue Surat, bridal shower party venue Surat",Navigational / Transactional,High
Event + City,Brand Promotion Venues in Surat | VenueConnect,/surat/brand-promotion-venues/,Best Brand Promotion Venues in Surat | Book & Compare Prices - VenueConnect,"Find the best brand promotion venues in Surat. Compare brand promotion halls, banquet spaces & party plots. Get free quotes & instant leads. Browse 100+ options on VenueConnect.",Best Brand Promotion Venues in Surat,brand promotion venues in Surat,"brand promotion hall Surat, brand promotion venue booking Surat, best brand promotion venue Surat, brand promotion party venue Surat",Navigational / Transactional,High
Event + City,Bachelor Party Venues in Surat | VenueConnect,/surat/bachelor-party-venues/,Best Bachelor Party Venues in Surat | Book & Compare Prices - VenueConnect,"Find the best bachelor party venues in Surat. Compare bachelor party halls, banquet spaces & party plots. Get free quotes & instant leads. Browse 100+ options on VenueConnect.",Best Bachelor Party Venues in Surat,bachelor party venues in Surat,"bachelor party hall Surat, bachelor party venue booking Surat, best bachelor party venue Surat, bachelor party party venue Surat",Navigational / Transactional,High
Event + City,Aqueeqa Ceremony Venues in Surat | VenueConnect,/surat/aqueeqa-ceremony-venues/,Best Aqueeqa Ceremony Venues in Surat | Book & Compare Prices - VenueConnect,"Find the best aqueeqa ceremony venues in Surat. Compare aqueeqa ceremony halls, banquet spaces & party plots. Get free quotes & instant leads. Browse 100+ options on VenueConnect.",Best Aqueeqa Ceremony Venues in Surat,aqueeqa ceremony venues in Surat,"aqueeqa ceremony hall Surat, aqueeqa ceremony venue booking Surat, best aqueeqa ceremony venue Surat, aqueeqa ceremony party venue Surat",Navigational / Transactional,High
Event + City,Annual Fest Venues in Surat | VenueConnect,/surat/annual-fest-venues/,Best Annual Fest Venues in Surat | Book & Compare Prices - VenueConnect,"Find the best annual fest venues in Surat. Compare annual fest halls, banquet spaces & party plots. Get free quotes & instant leads. Browse 100+ options on VenueConnect.",Best Annual Fest Venues in Surat,annual fest venues in Surat,"annual fest hall Surat, annual fest venue booking Surat, best annual fest venue Surat, annual fest party venue Surat",Navigational / Transactional,High
Event + City,Adventure Party Venues in Surat | VenueConnect,/surat/adventure-party-venues/,Best Adventure Party Venues in Surat | Book & Compare Prices - VenueConnect,"Find the best adventure party venues in Surat. Compare adventure party halls, banquet spaces & party plots. Get free quotes & instant leads. Browse 100+ options on VenueConnect.",Best Adventure Party Venues in Surat,adventure party venues in Surat,"adventure party hall Surat, adventure party venue booking Surat, best adventure party venue Surat, adventure party party venue Surat",Navigational / Transactional,High
Event + City,Haldi Ceremony Venues in Surat | VenueConnect,/surat/haldi-ceremony-venues/,Best Haldi Ceremony Venues in Surat | Book & Compare Prices - VenueConnect,"Find the best haldi ceremony venues in Surat. Compare haldi ceremony halls, banquet spaces & party plots. Get free quotes & instant leads. Browse 100+ options on VenueConnect.",Best Haldi Ceremony Venues in Surat,haldi ceremony venues in Surat,"haldi ceremony hall Surat, haldi ceremony venue booking Surat, best haldi ceremony venue Surat, haldi ceremony party venue Surat",Navigational / Transactional,High
  VENDOR + CITY PAGES,,,,,,,,,
Page Type,Page Title,URL Slug,Meta Title,Meta Description,H1 Tag,Target Keyword,Secondary Keywords,Search Intent,Priority
Vendor + City,Photographers in Surat | VenueConnect,/surat/vendors/photographers/,Top Photographers in Surat | Compare & Hire - VenueConnect,"Hire top photographers in Surat for weddings, birthdays & all events. Compare portfolios, pricing & reviews. Get direct leads via WhatsApp. Book on VenueConnect.",Top Photographers in Surat,photographers in Surat,"photographers for wedding Surat, best photographers Surat, affordable photographers Surat, photographers contact Surat",Transactional,High
Vendor + City,Caterers in Surat | VenueConnect,/surat/vendors/caterers/,Top Caterers in Surat | Compare & Hire - VenueConnect,"Hire top caterers in Surat for weddings, birthdays & all events. Compare portfolios, pricing & reviews. Get direct leads via WhatsApp. Book on VenueConnect.",Top Caterers in Surat,caterers in Surat,"caterers for wedding Surat, best caterers Surat, affordable caterers Surat, caterers contact Surat",Transactional,High
Vendor + City,Decorators in Surat | VenueConnect,/surat/vendors/decorators/,Top Decorators in Surat | Compare & Hire - VenueConnect,"Hire top decorators in Surat for weddings, birthdays & all events. Compare portfolios, pricing & reviews. Get direct leads via WhatsApp. Book on VenueConnect.",Top Decorators in Surat,decorators in Surat,"decorators for wedding Surat, best decorators Surat, affordable decorators Surat, decorators contact Surat",Transactional,High
Vendor + City,Mehndi Artists in Surat | VenueConnect,/surat/vendors/mehndi-artists/,Top Mehndi Artists in Surat | Compare & Hire - VenueConnect,"Hire top mehndi artists in Surat for weddings, birthdays & all events. Compare portfolios, pricing & reviews. Get direct leads via WhatsApp. Book on VenueConnect.",Top Mehndi Artists in Surat,mehndi artists in Surat,"mehndi artists for wedding Surat, best mehndi artists Surat, affordable mehndi artists Surat, mehndi artists contact Surat",Transactional,High
Vendor + City,DJs in Surat | VenueConnect,/surat/vendors/djs/,Top DJs in Surat | Compare & Hire - VenueConnect,"Hire top djs in Surat for weddings, birthdays & all events. Compare portfolios, pricing & reviews. Get direct leads via WhatsApp. Book on VenueConnect.",Top DJs in Surat,djs in Surat,"djs for wedding Surat, best djs Surat, affordable djs Surat, djs contact Surat",Transactional,High
Vendor + City,Bands in Surat | VenueConnect,/surat/vendors/bands/,Top Bands in Surat | Compare & Hire - VenueConnect,"Hire top bands in Surat for weddings, birthdays & all events. Compare portfolios, pricing & reviews. Get direct leads via WhatsApp. Book on VenueConnect.",Top Bands in Surat,bands in Surat,"bands for wedding Surat, best bands Surat, affordable bands Surat, bands contact Surat",Transactional,High
Vendor + City,Event Planners in Surat | VenueConnect,/surat/vendors/event-planners/,Top Event Planners in Surat | Compare & Hire - VenueConnect,"Hire top event planners in Surat for weddings, birthdays & all events. Compare portfolios, pricing & reviews. Get direct leads via WhatsApp. Book on VenueConnect.",Top Event Planners in Surat,event planners in Surat,"event planners for wedding Surat, best event planners Surat, affordable event planners Surat, event planners contact Surat",Transactional,High
Vendor + City,Bridal Wear in Surat | VenueConnect,/surat/vendors/bridal-wear/,Top Bridal Wear in Surat | Compare & Hire - VenueConnect,"Hire top bridal wear in Surat for weddings, birthdays & all events. Compare portfolios, pricing & reviews. Get direct leads via WhatsApp. Book on VenueConnect.",Top Bridal Wear in Surat,bridal wear in Surat,"bridal wear for wedding Surat, best bridal wear Surat, affordable bridal wear Surat, bridal wear contact Surat",Transactional,High
Vendor + City,Makeup Artists in Surat | VenueConnect,/surat/vendors/makeup-artists/,Top Makeup Artists in Surat | Compare & Hire - VenueConnect,"Hire top makeup artists in Surat for weddings, birthdays & all events. Compare portfolios, pricing & reviews. Get direct leads via WhatsApp. Book on VenueConnect.",Top Makeup Artists in Surat,makeup artists in Surat,"makeup artists for wedding Surat, best makeup artists Surat, affordable makeup artists Surat, makeup artists contact Surat",Transactional,High
Vendor + City,Florists in Surat | VenueConnect,/surat/vendors/florists/,Top Florists in Surat | Compare & Hire - VenueConnect,"Hire top florists in Surat for weddings, birthdays & all events. Compare portfolios, pricing & reviews. Get direct leads via WhatsApp. Book on VenueConnect.",Top Florists in Surat,florists in Surat,"florists for wedding Surat, best florists Surat, affordable florists Surat, florists contact Surat",Transactional,High
Vendor + City,Videographers in Surat | VenueConnect,/surat/vendors/videographers/,Top Videographers in Surat | Compare & Hire - VenueConnect,"Hire top videographers in Surat for weddings, birthdays & all events. Compare portfolios, pricing & reviews. Get direct leads via WhatsApp. Book on VenueConnect.",Top Videographers in Surat,videographers in Surat,"videographers for wedding Surat, best videographers Surat, affordable videographers Surat, videographers contact Surat",Transactional,High
Vendor + City,Wedding Planners in Surat | VenueConnect,/surat/vendors/wedding-planners/,Top Wedding Planners in Surat | Compare & Hire - VenueConnect,"Hire top wedding planners in Surat for weddings, birthdays & all events. Compare portfolios, pricing & reviews. Get direct leads via WhatsApp. Book on VenueConnect.",Top Wedding Planners in Surat,wedding planners in Surat,"wedding planners for wedding Surat, best wedding planners Surat, affordable wedding planners Surat, wedding planners contact Surat",Transactional,High
Vendor + City,Tent Houses in Surat | VenueConnect,/surat/vendors/tent-houses/,Top Tent Houses in Surat | Compare & Hire - VenueConnect,"Hire top tent houses in Surat for weddings, birthdays & all events. Compare portfolios, pricing & reviews. Get direct leads via WhatsApp. Book on VenueConnect.",Top Tent Houses in Surat,tent houses in Surat,"tent houses for wedding Surat, best tent houses Surat, affordable tent houses Surat, tent houses contact Surat",Transactional,High
Vendor + City,Choreographers in Surat | VenueConnect,/surat/vendors/choreographers/,Top Choreographers in Surat | Compare & Hire - VenueConnect,"Hire top choreographers in Surat for weddings, birthdays & all events. Compare portfolios, pricing & reviews. Get direct leads via WhatsApp. Book on VenueConnect.",Top Choreographers in Surat,choreographers in Surat,"choreographers for wedding Surat, best choreographers Surat, affordable choreographers Surat, choreographers contact Surat",Transactional,High
Vendor + City,Invitation Cards in Surat | VenueConnect,/surat/vendors/invitation-cards/,Top Invitation Cards in Surat | Compare & Hire - VenueConnect,"Hire top invitation cards in Surat for weddings, birthdays & all events. Compare portfolios, pricing & reviews. Get direct leads via WhatsApp. Book on VenueConnect.",Top Invitation Cards in Surat,invitation cards in Surat,"invitation cards for wedding Surat, best invitation cards Surat, affordable invitation cards Surat, invitation cards contact Surat",Transactional,High
Vendor + City,Cake Shops in Surat | VenueConnect,/surat/vendors/cake-shops/,Top Cake Shops in Surat | Compare & Hire - VenueConnect,"Hire top cake shops in Surat for weddings, birthdays & all events. Compare portfolios, pricing & reviews. Get direct leads via WhatsApp. Book on VenueConnect.",Top Cake Shops in Surat,cake shops in Surat,"cake shops for wedding Surat, best cake shops Surat, affordable cake shops Surat, cake shops contact Surat",Transactional,High
Vendor + City,Jewellers in Surat | VenueConnect,/surat/vendors/jewellers/,Top Jewellers in Surat | Compare & Hire - VenueConnect,"Hire top jewellers in Surat for weddings, birthdays & all events. Compare portfolios, pricing & reviews. Get direct leads via WhatsApp. Book on VenueConnect.",Top Jewellers in Surat,jewellers in Surat,"jewellers for wedding Surat, best jewellers Surat, affordable jewellers Surat, jewellers contact Surat",Transactional,High
Vendor + City,Astrologers in Surat | VenueConnect,/surat/vendors/astrologers/,Top Astrologers in Surat | Compare & Hire - VenueConnect,"Hire top astrologers in Surat for weddings, birthdays & all events. Compare portfolios, pricing & reviews. Get direct leads via WhatsApp. Book on VenueConnect.",Top Astrologers in Surat,astrologers in Surat,"astrologers for wedding Surat, best astrologers Surat, affordable astrologers Surat, astrologers contact Surat",Transactional,High
Vendor + City,Magicians in Surat | VenueConnect,/surat/vendors/magicians/,Top Magicians in Surat | Compare & Hire - VenueConnect,"Hire top magicians in Surat for weddings, birthdays & all events. Compare portfolios, pricing & reviews. Get direct leads via WhatsApp. Book on VenueConnect.",Top Magicians in Surat,magicians in Surat,"magicians for wedding Surat, best magicians Surat, affordable magicians Surat, magicians contact Surat",Transactional,High
Vendor + City,Entertainers in Surat | VenueConnect,/surat/vendors/entertainers/,Top Entertainers in Surat | Compare & Hire - VenueConnect,"Hire top entertainers in Surat for weddings, birthdays & all events. Compare portfolios, pricing & reviews. Get direct leads via WhatsApp. Book on VenueConnect.",Top Entertainers in Surat,entertainers in Surat,"entertainers for wedding Surat, best entertainers Surat, affordable entertainers Surat, entertainers contact Surat",Transactional,High
Vendor + City,Groom Wear in Surat | VenueConnect,/surat/vendors/groom-wear/,Top Groom Wear in Surat | Compare & Hire - VenueConnect,"Hire top groom wear in Surat for weddings, birthdays & all events. Compare portfolios, pricing & reviews. Get direct leads via WhatsApp. Book on VenueConnect.",Top Groom Wear in Surat,groom wear in Surat,"groom wear for wedding Surat, best groom wear Surat, affordable groom wear Surat, groom wear contact Surat",Transactional,High
Vendor + City,Wedding Photographers in Surat | VenueConnect,/surat/vendors/wedding-photographers/,Top Wedding Photographers in Surat | Compare & Hire - VenueConnect,"Hire top wedding photographers in Surat for weddings, birthdays & all events. Compare portfolios, pricing & reviews. Get direct leads via WhatsApp. Book on VenueConnect.",Top Wedding Photographers in Surat,wedding photographers in Surat,"wedding photographers for wedding Surat, best wedding photographers Surat, affordable wedding photographers Surat, wedding photographers contact Surat",Transactional,High
  VENUE TYPE + CITY PAGES,,,,,,,,,
Page Type,Page Title,URL Slug,Meta Title,Meta Description,H1 Tag,Target Keyword,Secondary Keywords,Search Intent,Priority
Venue + City,Banquet Halls in Surat | VenueConnect,/surat/banquet-halls/,Best Banquet Halls in Surat | Compare Prices & Book - VenueConnect,"Find top banquet halls in Surat for any occasion. Compare capacity, pricing & amenities. 100+ verified listings. Get free quotes on VenueConnect Gujarat.",Best Banquet Halls in Surat,banquet halls in Surat,"banquet halls for rent Surat, banquet halls booking Surat, best banquet halls Surat, affordable banquet halls Surat",Transactional,High
Venue + City,Farmhouses in Surat | VenueConnect,/surat/farmhouses/,Best Farmhouses in Surat | Compare Prices & Book - VenueConnect,"Find top farmhouses in Surat for any occasion. Compare capacity, pricing & amenities. 100+ verified listings. Get free quotes on VenueConnect Gujarat.",Best Farmhouses in Surat,farmhouses in Surat,"farmhouses for rent Surat, farmhouses booking Surat, best farmhouses Surat, affordable farmhouses Surat",Transactional,High
Venue + City,Party Plots in Surat | VenueConnect,/surat/party-plots/,Best Party Plots in Surat | Compare Prices & Book - VenueConnect,"Find top party plots in Surat for any occasion. Compare capacity, pricing & amenities. 100+ verified listings. Get free quotes on VenueConnect Gujarat.",Best Party Plots in Surat,party plots in Surat,"party plots for rent Surat, party plots booking Surat, best party plots Surat, affordable party plots Surat",Transactional,High
Venue + City,Hotels in Surat | VenueConnect,/surat/hotels/,Best Hotels in Surat | Compare Prices & Book - VenueConnect,"Find top hotels in Surat for any occasion. Compare capacity, pricing & amenities. 100+ verified listings. Get free quotes on VenueConnect Gujarat.",Best Hotels in Surat,hotels in Surat,"hotels for rent Surat, hotels booking Surat, best hotels Surat, affordable hotels Surat",Transactional,High
Venue + City,Resorts in Surat | VenueConnect,/surat/resorts/,Best Resorts in Surat | Compare Prices & Book - VenueConnect,"Find top resorts in Surat for any occasion. Compare capacity, pricing & amenities. 100+ verified listings. Get free quotes on VenueConnect Gujarat.",Best Resorts in Surat,resorts in Surat,"resorts for rent Surat, resorts booking Surat, best resorts Surat, affordable resorts Surat",Transactional,High
Venue + City,Restaurants in Surat | VenueConnect,/surat/restaurants/,Best Restaurants in Surat | Compare Prices & Book - VenueConnect,"Find top restaurants in Surat for any occasion. Compare capacity, pricing & amenities. 100+ verified listings. Get free quotes on VenueConnect Gujarat.",Best Restaurants in Surat,restaurants in Surat,"restaurants for rent Surat, restaurants booking Surat, best restaurants Surat, affordable restaurants Surat",Transactional,High
Venue + City,Convention Centers in Surat | VenueConnect,/surat/convention-centers/,Best Convention Centers in Surat | Compare Prices & Book - VenueConnect,"Find top convention centers in Surat for any occasion. Compare capacity, pricing & amenities. 100+ verified listings. Get free quotes on VenueConnect Gujarat.",Best Convention Centers in Surat,convention centers in Surat,"convention centers for rent Surat, convention centers booking Surat, best convention centers Surat, affordable convention centers Surat",Transactional,High
Venue + City,Clubs in Surat | VenueConnect,/surat/clubs/,Best Clubs in Surat | Compare Prices & Book - VenueConnect,"Find top clubs in Surat for any occasion. Compare capacity, pricing & amenities. 100+ verified listings. Get free quotes on VenueConnect Gujarat.",Best Clubs in Surat,clubs in Surat,"clubs for rent Surat, clubs booking Surat, best clubs Surat, affordable clubs Surat",Transactional,High
Venue + City,Rooftop Venues in Surat | VenueConnect,/surat/rooftop-venues/,Best Rooftop Venues in Surat | Compare Prices & Book - VenueConnect,"Find top rooftop venues in Surat for any occasion. Compare capacity, pricing & amenities. 100+ verified listings. Get free quotes on VenueConnect Gujarat.",Best Rooftop Venues in Surat,rooftop venues in Surat,"rooftop venues for rent Surat, rooftop venues booking Surat, best rooftop venues Surat, affordable rooftop venues Surat",Transactional,High
Venue + City,Garden Venues in Surat | VenueConnect,/surat/garden-venues/,Best Garden Venues in Surat | Compare Prices & Book - VenueConnect,"Find top garden venues in Surat for any occasion. Compare capacity, pricing & amenities. 100+ verified listings. Get free quotes on VenueConnect Gujarat.",Best Garden Venues in Surat,garden venues in Surat,"garden venues for rent Surat, garden venues booking Surat, best garden venues Surat, affordable garden venues Surat",Transactional,High
Venue + City,Heritage Venues in Surat | VenueConnect,/surat/heritage-venues/,Best Heritage Venues in Surat | Compare Prices & Book - VenueConnect,"Find top heritage venues in Surat for any occasion. Compare capacity, pricing & amenities. 100+ verified listings. Get free quotes on VenueConnect Gujarat.",Best Heritage Venues in Surat,heritage venues in Surat,"heritage venues for rent Surat, heritage venues booking Surat, best heritage venues Surat, affordable heritage venues Surat",Transactional,High
Venue + City,Luxury Venues in Surat | VenueConnect,/surat/luxury-venues/,Best Luxury Venues in Surat | Compare Prices & Book - VenueConnect,"Find top luxury venues in Surat for any occasion. Compare capacity, pricing & amenities. 100+ verified listings. Get free quotes on VenueConnect Gujarat.",Best Luxury Venues in Surat,luxury venues in Surat,"luxury venues for rent Surat, luxury venues booking Surat, best luxury venues Surat, affordable luxury venues Surat",Transactional,High
  EVENT + CITY AREA PAGES (Hyper-local),,,,,,,,,
Page Type,Page Title,URL Slug,Meta Title,Meta Description,H1 Tag,Target Keyword,Secondary Keywords,Search Intent,Priority
Event + City Area,"Wedding Venues in Adajan, Surat | VenueConnect",/surat/adajan/wedding-venues/,"Best Wedding Venues in Adajan, Surat | Book Near You - VenueConnect","Find the perfect wedding venue in Adajan, Surat. Compare halls, farmhouses & party plots near Adajan. Get instant leads & free quotes on VenueConnect.","Best Wedding Venues in Adajan, Surat",wedding venues in Adajan Surat,"wedding venue Adajan, wedding hall near Adajan Surat, wedding venue near Adajan",Transactional (Hyper-local),High
Event + City Area,"Birthday Party Venues in Adajan, Surat | VenueConnect",/surat/adajan/birthday-party-venues/,"Best Birthday Party Venues in Adajan, Surat | Book Near You - VenueConnect","Find the perfect birthday party venue in Adajan, Surat. Compare halls, farmhouses & party plots near Adajan. Get instant leads & free quotes on VenueConnect.","Best Birthday Party Venues in Adajan, Surat",birthday party venues in Adajan Surat,"birthday party venue Adajan, birthday party hall near Adajan Surat, birthday party venue near Adajan",Transactional (Hyper-local),High
Event + City Area,"Engagement Venues in Adajan, Surat | VenueConnect",/surat/adajan/engagement-venues/,"Best Engagement Venues in Adajan, Surat | Book Near You - VenueConnect","Find the perfect engagement venue in Adajan, Surat. Compare halls, farmhouses & party plots near Adajan. Get instant leads & free quotes on VenueConnect.","Best Engagement Venues in Adajan, Surat",engagement venues in Adajan Surat,"engagement venue Adajan, engagement hall near Adajan Surat, engagement venue near Adajan",Transactional (Hyper-local),High
Event + City Area,"Corporate Event Venues in Adajan, Surat | VenueConnect",/surat/adajan/corporate-event-venues/,"Best Corporate Event Venues in Adajan, Surat | Book Near You - VenueConnect","Find the perfect corporate event venue in Adajan, Surat. Compare halls, farmhouses & party plots near Adajan. Get instant leads & free quotes on VenueConnect.","Best Corporate Event Venues in Adajan, Surat",corporate event venues in Adajan Surat,"corporate event venue Adajan, corporate event hall near Adajan Surat, corporate event venue near Adajan",Transactional (Hyper-local),High
Event + City Area,"Reception Venues in Adajan, Surat | VenueConnect",/surat/adajan/reception-venues/,"Best Reception Venues in Adajan, Surat | Book Near You - VenueConnect","Find the perfect reception venue in Adajan, Surat. Compare halls, farmhouses & party plots near Adajan. Get instant leads & free quotes on VenueConnect.","Best Reception Venues in Adajan, Surat",reception venues in Adajan Surat,"reception venue Adajan, reception hall near Adajan Surat, reception venue near Adajan",Transactional (Hyper-local),High
Event + City Area,"Wedding Venues in Vesu, Surat | VenueConnect",/surat/vesu/wedding-venues/,"Best Wedding Venues in Vesu, Surat | Book Near You - VenueConnect","Find the perfect wedding venue in Vesu, Surat. Compare halls, farmhouses & party plots near Vesu. Get instant leads & free quotes on VenueConnect.","Best Wedding Venues in Vesu, Surat",wedding venues in Vesu Surat,"wedding venue Vesu, wedding hall near Vesu Surat, wedding venue near Vesu",Transactional (Hyper-local),High
Event + City Area,"Birthday Party Venues in Vesu, Surat | VenueConnect",/surat/vesu/birthday-party-venues/,"Best Birthday Party Venues in Vesu, Surat | Book Near You - VenueConnect","Find the perfect birthday party venue in Vesu, Surat. Compare halls, farmhouses & party plots near Vesu. Get instant leads & free quotes on VenueConnect.","Best Birthday Party Venues in Vesu, Surat",birthday party venues in Vesu Surat,"birthday party venue Vesu, birthday party hall near Vesu Surat, birthday party venue near Vesu",Transactional (Hyper-local),High
Event + City Area,"Engagement Venues in Vesu, Surat | VenueConnect",/surat/vesu/engagement-venues/,"Best Engagement Venues in Vesu, Surat | Book Near You - VenueConnect","Find the perfect engagement venue in Vesu, Surat. Compare halls, farmhouses & party plots near Vesu. Get instant leads & free quotes on VenueConnect.","Best Engagement Venues in Vesu, Surat",engagement venues in Vesu Surat,"engagement venue Vesu, engagement hall near Vesu Surat, engagement venue near Vesu",Transactional (Hyper-local),High
Event + City Area,"Corporate Event Venues in Vesu, Surat | VenueConnect",/surat/vesu/corporate-event-venues/,"Best Corporate Event Venues in Vesu, Surat | Book Near You - VenueConnect","Find the perfect corporate event venue in Vesu, Surat. Compare halls, farmhouses & party plots near Vesu. Get instant leads & free quotes on VenueConnect.","Best Corporate Event Venues in Vesu, Surat",corporate event venues in Vesu Surat,"corporate event venue Vesu, corporate event hall near Vesu Surat, corporate event venue near Vesu",Transactional (Hyper-local),High
Event + City Area,"Reception Venues in Vesu, Surat | VenueConnect",/surat/vesu/reception-venues/,"Best Reception Venues in Vesu, Surat | Book Near You - VenueConnect","Find the perfect reception venue in Vesu, Surat. Compare halls, farmhouses & party plots near Vesu. Get instant leads & free quotes on VenueConnect.","Best Reception Venues in Vesu, Surat",reception venues in Vesu Surat,"reception venue Vesu, reception hall near Vesu Surat, reception venue near Vesu",Transactional (Hyper-local),High
Event + City Area,"Wedding Venues in Pal, Surat | VenueConnect",/surat/pal/wedding-venues/,"Best Wedding Venues in Pal, Surat | Book Near You - VenueConnect","Find the perfect wedding venue in Pal, Surat. Compare halls, farmhouses & party plots near Pal. Get instant leads & free quotes on VenueConnect.","Best Wedding Venues in Pal, Surat",wedding venues in Pal Surat,"wedding venue Pal, wedding hall near Pal Surat, wedding venue near Pal",Transactional (Hyper-local),High
Event + City Area,"Birthday Party Venues in Pal, Surat | VenueConnect",/surat/pal/birthday-party-venues/,"Best Birthday Party Venues in Pal, Surat | Book Near You - VenueConnect","Find the perfect birthday party venue in Pal, Surat. Compare halls, farmhouses & party plots near Pal. Get instant leads & free quotes on VenueConnect.","Best Birthday Party Venues in Pal, Surat",birthday party venues in Pal Surat,"birthday party venue Pal, birthday party hall near Pal Surat, birthday party venue near Pal",Transactional (Hyper-local),High
Event + City Area,"Engagement Venues in Pal, Surat | VenueConnect",/surat/pal/engagement-venues/,"Best Engagement Venues in Pal, Surat | Book Near You - VenueConnect","Find the perfect engagement venue in Pal, Surat. Compare halls, farmhouses & party plots near Pal. Get instant leads & free quotes on VenueConnect.","Best Engagement Venues in Pal, Surat",engagement venues in Pal Surat,"engagement venue Pal, engagement hall near Pal Surat, engagement venue near Pal",Transactional (Hyper-local),High
Event + City Area,"Corporate Event Venues in Pal, Surat | VenueConnect",/surat/pal/corporate-event-venues/,"Best Corporate Event Venues in Pal, Surat | Book Near You - VenueConnect","Find the perfect corporate event venue in Pal, Surat. Compare halls, farmhouses & party plots near Pal. Get instant leads & free quotes on VenueConnect.","Best Corporate Event Venues in Pal, Surat",corporate event venues in Pal Surat,"corporate event venue Pal, corporate event hall near Pal Surat, corporate event venue near Pal",Transactional (Hyper-local),High
Event + City Area,"Reception Venues in Pal, Surat | VenueConnect",/surat/pal/reception-venues/,"Best Reception Venues in Pal, Surat | Book Near You - VenueConnect","Find the perfect reception venue in Pal, Surat. Compare halls, farmhouses & party plots near Pal. Get instant leads & free quotes on VenueConnect.","Best Reception Venues in Pal, Surat",reception venues in Pal Surat,"reception venue Pal, reception hall near Pal Surat, reception venue near Pal",Transactional (Hyper-local),High
Event + City Area,"Wedding Venues in Althan, Surat | VenueConnect",/surat/althan/wedding-venues/,"Best Wedding Venues in Althan, Surat | Book Near You - VenueConnect","Find the perfect wedding venue in Althan, Surat. Compare halls, farmhouses & party plots near Althan. Get instant leads & free quotes on VenueConnect.","Best Wedding Venues in Althan, Surat",wedding venues in Althan Surat,"wedding venue Althan, wedding hall near Althan Surat, wedding venue near Althan",Transactional (Hyper-local),High
Event + City Area,"Birthday Party Venues in Althan, Surat | VenueConnect",/surat/althan/birthday-party-venues/,"Best Birthday Party Venues in Althan, Surat | Book Near You - VenueConnect","Find the perfect birthday party venue in Althan, Surat. Compare halls, farmhouses & party plots near Althan. Get instant leads & free quotes on VenueConnect.","Best Birthday Party Venues in Althan, Surat",birthday party venues in Althan Surat,"birthday party venue Althan, birthday party hall near Althan Surat, birthday party venue near Althan",Transactional (Hyper-local),High
Event + City Area,"Engagement Venues in Althan, Surat | VenueConnect",/surat/althan/engagement-venues/,"Best Engagement Venues in Althan, Surat | Book Near You - VenueConnect","Find the perfect engagement venue in Althan, Surat. Compare halls, farmhouses & party plots near Althan. Get instant leads & free quotes on VenueConnect.","Best Engagement Venues in Althan, Surat",engagement venues in Althan Surat,"engagement venue Althan, engagement hall near Althan Surat, engagement venue near Althan",Transactional (Hyper-local),High
Event + City Area,"Corporate Event Venues in Althan, Surat | VenueConnect",/surat/althan/corporate-event-venues/,"Best Corporate Event Venues in Althan, Surat | Book Near You - VenueConnect","Find the perfect corporate event venue in Althan, Surat. Compare halls, farmhouses & party plots near Althan. Get instant leads & free quotes on VenueConnect.","Best Corporate Event Venues in Althan, Surat",corporate event venues in Althan Surat,"corporate event venue Althan, corporate event hall near Althan Surat, corporate event venue near Althan",Transactional (Hyper-local),High
Event + City Area,"Reception Venues in Althan, Surat | VenueConnect",/surat/althan/reception-venues/,"Best Reception Venues in Althan, Surat | Book Near You - VenueConnect","Find the perfect reception venue in Althan, Surat. Compare halls, farmhouses & party plots near Althan. Get instant leads & free quotes on VenueConnect.","Best Reception Venues in Althan, Surat",reception venues in Althan Surat,"reception venue Althan, reception hall near Althan Surat, reception venue near Althan",Transactional (Hyper-local),High
Event + City Area,"Wedding Venues in Piplod, Surat | VenueConnect",/surat/piplod/wedding-venues/,"Best Wedding Venues in Piplod, Surat | Book Near You - VenueConnect","Find the perfect wedding venue in Piplod, Surat. Compare halls, farmhouses & party plots near Piplod. Get instant leads & free quotes on VenueConnect.","Best Wedding Venues in Piplod, Surat",wedding venues in Piplod Surat,"wedding venue Piplod, wedding hall near Piplod Surat, wedding venue near Piplod",Transactional (Hyper-local),High
Event + City Area,"Birthday Party Venues in Piplod, Surat | VenueConnect",/surat/piplod/birthday-party-venues/,"Best Birthday Party Venues in Piplod, Surat | Book Near You - VenueConnect","Find the perfect birthday party venue in Piplod, Surat. Compare halls, farmhouses & party plots near Piplod. Get instant leads & free quotes on VenueConnect.","Best Birthday Party Venues in Piplod, Surat",birthday party venues in Piplod Surat,"birthday party venue Piplod, birthday party hall near Piplod Surat, birthday party venue near Piplod",Transactional (Hyper-local),High
Event + City Area,"Engagement Venues in Piplod, Surat | VenueConnect",/surat/piplod/engagement-venues/,"Best Engagement Venues in Piplod, Surat | Book Near You - VenueConnect","Find the perfect engagement venue in Piplod, Surat. Compare halls, farmhouses & party plots near Piplod. Get instant leads & free quotes on VenueConnect.","Best Engagement Venues in Piplod, Surat",engagement venues in Piplod Surat,"engagement venue Piplod, engagement hall near Piplod Surat, engagement venue near Piplod",Transactional (Hyper-local),High
Event + City Area,"Corporate Event Venues in Piplod, Surat | VenueConnect",/surat/piplod/corporate-event-venues/,"Best Corporate Event Venues in Piplod, Surat | Book Near You - VenueConnect","Find the perfect corporate event venue in Piplod, Surat. Compare halls, farmhouses & party plots near Piplod. Get instant leads & free quotes on VenueConnect.","Best Corporate Event Venues in Piplod, Surat",corporate event venues in Piplod Surat,"corporate event venue Piplod, corporate event hall near Piplod Surat, corporate event venue near Piplod",Transactional (Hyper-local),High
Event + City Area,"Reception Venues in Piplod, Surat | VenueConnect",/surat/piplod/reception-venues/,"Best Reception Venues in Piplod, Surat | Book Near You - VenueConnect","Find the perfect reception venue in Piplod, Surat. Compare halls, farmhouses & party plots near Piplod. Get instant leads & free quotes on VenueConnect.","Best Reception Venues in Piplod, Surat",reception venues in Piplod Surat,"reception venue Piplod, reception hall near Piplod Surat, reception venue near Piplod",Transactional (Hyper-local),High
Event + City Area,"Wedding Venues in Citylight, Surat | VenueConnect",/surat/citylight/wedding-venues/,"Best Wedding Venues in Citylight, Surat | Book Near You - VenueConnect","Find the perfect wedding venue in Citylight, Surat. Compare halls, farmhouses & party plots near Citylight. Get instant leads & free quotes on VenueConnect.","Best Wedding Venues in Citylight, Surat",wedding venues in Citylight Surat,"wedding venue Citylight, wedding hall near Citylight Surat, wedding venue near Citylight",Transactional (Hyper-local),High
Event + City Area,"Birthday Party Venues in Citylight, Surat | VenueConnect",/surat/citylight/birthday-party-venues/,"Best Birthday Party Venues in Citylight, Surat | Book Near You - VenueConnect","Find the perfect birthday party venue in Citylight, Surat. Compare halls, farmhouses & party plots near Citylight. Get instant leads & free quotes on VenueConnect.","Best Birthday Party Venues in Citylight, Surat",birthday party venues in Citylight Surat,"birthday party venue Citylight, birthday party hall near Citylight Surat, birthday party venue near Citylight",Transactional (Hyper-local),High
Event + City Area,"Engagement Venues in Citylight, Surat | VenueConnect",/surat/citylight/engagement-venues/,"Best Engagement Venues in Citylight, Surat | Book Near You - VenueConnect","Find the perfect engagement venue in Citylight, Surat. Compare halls, farmhouses & party plots near Citylight. Get instant leads & free quotes on VenueConnect.","Best Engagement Venues in Citylight, Surat",engagement venues in Citylight Surat,"engagement venue Citylight, engagement hall near Citylight Surat, engagement venue near Citylight",Transactional (Hyper-local),High
Event + City Area,"Corporate Event Venues in Citylight, Surat | VenueConnect",/surat/citylight/corporate-event-venues/,"Best Corporate Event Venues in Citylight, Surat | Book Near You - VenueConnect","Find the perfect corporate event venue in Citylight, Surat. Compare halls, farmhouses & party plots near Citylight. Get instant leads & free quotes on VenueConnect.","Best Corporate Event Venues in Citylight, Surat",corporate event venues in Citylight Surat,"corporate event venue Citylight, corporate event hall near Citylight Surat, corporate event venue near Citylight",Transactional (Hyper-local),High
Event + City Area,"Reception Venues in Citylight, Surat | VenueConnect",/surat/citylight/reception-venues/,"Best Reception Venues in Citylight, Surat | Book Near You - VenueConnect","Find the perfect reception venue in Citylight, Surat. Compare halls, farmhouses & party plots near Citylight. Get instant leads & free quotes on VenueConnect.","Best Reception Venues in Citylight, Surat",reception venues in Citylight Surat,"reception venue Citylight, reception hall near Citylight Surat, reception venue near Citylight",Transactional (Hyper-local),High
Event + City Area,"Wedding Venues in Ghod Dod Road, Surat | VenueConnect",/surat/ghod-dod-road/wedding-venues/,"Best Wedding Venues in Ghod Dod Road, Surat | Book Near You - VenueConnect","Find the perfect wedding venue in Ghod Dod Road, Surat. Compare halls, farmhouses & party plots near Ghod Dod Road. Get instant leads & free quotes on VenueConnect.","Best Wedding Venues in Ghod Dod Road, Surat",wedding venues in Ghod Dod Road Surat,"wedding venue Ghod Dod Road, wedding hall near Ghod Dod Road Surat, wedding venue near Ghod Dod Road",Transactional (Hyper-local),High
Event + City Area,"Birthday Party Venues in Ghod Dod Road, Surat | VenueConnect",/surat/ghod-dod-road/birthday-party-venues/,"Best Birthday Party Venues in Ghod Dod Road, Surat | Book Near You - VenueConnect","Find the perfect birthday party venue in Ghod Dod Road, Surat. Compare halls, farmhouses & party plots near Ghod Dod Road. Get instant leads & free quotes on VenueConnect.","Best Birthday Party Venues in Ghod Dod Road, Surat",birthday party venues in Ghod Dod Road Surat,"birthday party venue Ghod Dod Road, birthday party hall near Ghod Dod Road Surat, birthday party venue near Ghod Dod Road",Transactional (Hyper-local),High
Event + City Area,"Engagement Venues in Ghod Dod Road, Surat | VenueConnect",/surat/ghod-dod-road/engagement-venues/,"Best Engagement Venues in Ghod Dod Road, Surat | Book Near You - VenueConnect","Find the perfect engagement venue in Ghod Dod Road, Surat. Compare halls, farmhouses & party plots near Ghod Dod Road. Get instant leads & free quotes on VenueConnect.","Best Engagement Venues in Ghod Dod Road, Surat",engagement venues in Ghod Dod Road Surat,"engagement venue Ghod Dod Road, engagement hall near Ghod Dod Road Surat, engagement venue near Ghod Dod Road",Transactional (Hyper-local),High
Event + City Area,"Corporate Event Venues in Ghod Dod Road, Surat | VenueConnect",/surat/ghod-dod-road/corporate-event-venues/,"Best Corporate Event Venues in Ghod Dod Road, Surat | Book Near You - VenueConnect","Find the perfect corporate event venue in Ghod Dod Road, Surat. Compare halls, farmhouses & party plots near Ghod Dod Road. Get instant leads & free quotes on VenueConnect.","Best Corporate Event Venues in Ghod Dod Road, Surat",corporate event venues in Ghod Dod Road Surat,"corporate event venue Ghod Dod Road, corporate event hall near Ghod Dod Road Surat, corporate event venue near Ghod Dod Road",Transactional (Hyper-local),High
Event + City Area,"Reception Venues in Ghod Dod Road, Surat | VenueConnect",/surat/ghod-dod-road/reception-venues/,"Best Reception Venues in Ghod Dod Road, Surat | Book Near You - VenueConnect","Find the perfect reception venue in Ghod Dod Road, Surat. Compare halls, farmhouses & party plots near Ghod Dod Road. Get instant leads & free quotes on VenueConnect.","Best Reception Venues in Ghod Dod Road, Surat",reception venues in Ghod Dod Road Surat,"reception venue Ghod Dod Road, reception hall near Ghod Dod Road Surat, reception venue near Ghod Dod Road",Transactional (Hyper-local),High
Event + City Area,"Wedding Venues in Udhna, Surat | VenueConnect",/surat/udhna/wedding-venues/,"Best Wedding Venues in Udhna, Surat | Book Near You - VenueConnect","Find the perfect wedding venue in Udhna, Surat. Compare halls, farmhouses & party plots near Udhna. Get instant leads & free quotes on VenueConnect.","Best Wedding Venues in Udhna, Surat",wedding venues in Udhna Surat,"wedding venue Udhna, wedding hall near Udhna Surat, wedding venue near Udhna",Transactional (Hyper-local),High
Event + City Area,"Birthday Party Venues in Udhna, Surat | VenueConnect",/surat/udhna/birthday-party-venues/,"Best Birthday Party Venues in Udhna, Surat | Book Near You - VenueConnect","Find the perfect birthday party venue in Udhna, Surat. Compare halls, farmhouses & party plots near Udhna. Get instant leads & free quotes on VenueConnect.","Best Birthday Party Venues in Udhna, Surat",birthday party venues in Udhna Surat,"birthday party venue Udhna, birthday party hall near Udhna Surat, birthday party venue near Udhna",Transactional (Hyper-local),High
Event + City Area,"Engagement Venues in Udhna, Surat | VenueConnect",/surat/udhna/engagement-venues/,"Best Engagement Venues in Udhna, Surat | Book Near You - VenueConnect","Find the perfect engagement venue in Udhna, Surat. Compare halls, farmhouses & party plots near Udhna. Get instant leads & free quotes on VenueConnect.","Best Engagement Venues in Udhna, Surat",engagement venues in Udhna Surat,"engagement venue Udhna, engagement hall near Udhna Surat, engagement venue near Udhna",Transactional (Hyper-local),High
Event + City Area,"Corporate Event Venues in Udhna, Surat | VenueConnect",/surat/udhna/corporate-event-venues/,"Best Corporate Event Venues in Udhna, Surat | Book Near You - VenueConnect","Find the perfect corporate event venue in Udhna, Surat. Compare halls, farmhouses & party plots near Udhna. Get instant leads & free quotes on VenueConnect.","Best Corporate Event Venues in Udhna, Surat",corporate event venues in Udhna Surat,"corporate event venue Udhna, corporate event hall near Udhna Surat, corporate event venue near Udhna",Transactional (Hyper-local),High
Event + City Area,"Reception Venues in Udhna, Surat | VenueConnect",/surat/udhna/reception-venues/,"Best Reception Venues in Udhna, Surat | Book Near You - VenueConnect","Find the perfect reception venue in Udhna, Surat. Compare halls, farmhouses & party plots near Udhna. Get instant leads & free quotes on VenueConnect.","Best Reception Venues in Udhna, Surat",reception venues in Udhna Surat,"reception venue Udhna, reception hall near Udhna Surat, reception venue near Udhna",Transactional (Hyper-local),High
Event + City Area,"Wedding Venues in Katargam, Surat | VenueConnect",/surat/katargam/wedding-venues/,"Best Wedding Venues in Katargam, Surat | Book Near You - VenueConnect","Find the perfect wedding venue in Katargam, Surat. Compare halls, farmhouses & party plots near Katargam. Get instant leads & free quotes on VenueConnect.","Best Wedding Venues in Katargam, Surat",wedding venues in Katargam Surat,"wedding venue Katargam, wedding hall near Katargam Surat, wedding venue near Katargam",Transactional (Hyper-local),High
Event + City Area,"Birthday Party Venues in Katargam, Surat | VenueConnect",/surat/katargam/birthday-party-venues/,"Best Birthday Party Venues in Katargam, Surat | Book Near You - VenueConnect","Find the perfect birthday party venue in Katargam, Surat. Compare halls, farmhouses & party plots near Katargam. Get instant leads & free quotes on VenueConnect.","Best Birthday Party Venues in Katargam, Surat",birthday party venues in Katargam Surat,"birthday party venue Katargam, birthday party hall near Katargam Surat, birthday party venue near Katargam",Transactional (Hyper-local),High
Event + City Area,"Engagement Venues in Katargam, Surat | VenueConnect",/surat/katargam/engagement-venues/,"Best Engagement Venues in Katargam, Surat | Book Near You - VenueConnect","Find the perfect engagement venue in Katargam, Surat. Compare halls, farmhouses & party plots near Katargam. Get instant leads & free quotes on VenueConnect.","Best Engagement Venues in Katargam, Surat",engagement venues in Katargam Surat,"engagement venue Katargam, engagement hall near Katargam Surat, engagement venue near Katargam",Transactional (Hyper-local),High
Event + City Area,"Corporate Event Venues in Katargam, Surat | VenueConnect",/surat/katargam/corporate-event-venues/,"Best Corporate Event Venues in Katargam, Surat | Book Near You - VenueConnect","Find the perfect corporate event venue in Katargam, Surat. Compare halls, farmhouses & party plots near Katargam. Get instant leads & free quotes on VenueConnect.","Best Corporate Event Venues in Katargam, Surat",corporate event venues in Katargam Surat,"corporate event venue Katargam, corporate event hall near Katargam Surat, corporate event venue near Katargam",Transactional (Hyper-local),High
Event + City Area,"Reception Venues in Katargam, Surat | VenueConnect",/surat/katargam/reception-venues/,"Best Reception Venues in Katargam, Surat | Book Near You - VenueConnect","Find the perfect reception venue in Katargam, Surat. Compare halls, farmhouses & party plots near Katargam. Get instant leads & free quotes on VenueConnect.","Best Reception Venues in Katargam, Surat",reception venues in Katargam Surat,"reception venue Katargam, reception hall near Katargam Surat, reception venue near Katargam",Transactional (Hyper-local),High
Event + City Area,"Wedding Venues in Rander, Surat | VenueConnect",/surat/rander/wedding-venues/,"Best Wedding Venues in Rander, Surat | Book Near You - VenueConnect","Find the perfect wedding venue in Rander, Surat. Compare halls, farmhouses & party plots near Rander. Get instant leads & free quotes on VenueConnect.","Best Wedding Venues in Rander, Surat",wedding venues in Rander Surat,"wedding venue Rander, wedding hall near Rander Surat, wedding venue near Rander",Transactional (Hyper-local),High
Event + City Area,"Birthday Party Venues in Rander, Surat | VenueConnect",/surat/rander/birthday-party-venues/,"Best Birthday Party Venues in Rander, Surat | Book Near You - VenueConnect","Find the perfect birthday party venue in Rander, Surat. Compare halls, farmhouses & party plots near Rander. Get instant leads & free quotes on VenueConnect.","Best Birthday Party Venues in Rander, Surat",birthday party venues in Rander Surat,"birthday party venue Rander, birthday party hall near Rander Surat, birthday party venue near Rander",Transactional (Hyper-local),High
Event + City Area,"Engagement Venues in Rander, Surat | VenueConnect",/surat/rander/engagement-venues/,"Best Engagement Venues in Rander, Surat | Book Near You - VenueConnect","Find the perfect engagement venue in Rander, Surat. Compare halls, farmhouses & party plots near Rander. Get instant leads & free quotes on VenueConnect.","Best Engagement Venues in Rander, Surat",engagement venues in Rander Surat,"engagement venue Rander, engagement hall near Rander Surat, engagement venue near Rander",Transactional (Hyper-local),High
Event + City Area,"Corporate Event Venues in Rander, Surat | VenueConnect",/surat/rander/corporate-event-venues/,"Best Corporate Event Venues in Rander, Surat | Book Near You - VenueConnect","Find the perfect corporate event venue in Rander, Surat. Compare halls, farmhouses & party plots near Rander. Get instant leads & free quotes on VenueConnect.","Best Corporate Event Venues in Rander, Surat",corporate event venues in Rander Surat,"corporate event venue Rander, corporate event hall near Rander Surat, corporate event venue near Rander",Transactional (Hyper-local),High
Event + City Area,"Reception Venues in Rander, Surat | VenueConnect",/surat/rander/reception-venues/,"Best Reception Venues in Rander, Surat | Book Near You - VenueConnect","Find the perfect reception venue in Rander, Surat. Compare halls, farmhouses & party plots near Rander. Get instant leads & free quotes on VenueConnect.","Best Reception Venues in Rander, Surat",reception venues in Rander Surat,"reception venue Rander, reception hall near Rander Surat, reception venue near Rander",Transactional (Hyper-local),High
Event + City Area,"Wedding Venues in Dumas, Surat | VenueConnect",/surat/dumas/wedding-venues/,"Best Wedding Venues in Dumas, Surat | Book Near You - VenueConnect","Find the perfect wedding venue in Dumas, Surat. Compare halls, farmhouses & party plots near Dumas. Get instant leads & free quotes on VenueConnect.","Best Wedding Venues in Dumas, Surat",wedding venues in Dumas Surat,"wedding venue Dumas, wedding hall near Dumas Surat, wedding venue near Dumas",Transactional (Hyper-local),High
Event + City Area,"Birthday Party Venues in Dumas, Surat | VenueConnect",/surat/dumas/birthday-party-venues/,"Best Birthday Party Venues in Dumas, Surat | Book Near You - VenueConnect","Find the perfect birthday party venue in Dumas, Surat. Compare halls, farmhouses & party plots near Dumas. Get instant leads & free quotes on VenueConnect.","Best Birthday Party Venues in Dumas, Surat",birthday party venues in Dumas Surat,"birthday party venue Dumas, birthday party hall near Dumas Surat, birthday party venue near Dumas",Transactional (Hyper-local),High
Event + City Area,"Engagement Venues in Dumas, Surat | VenueConnect",/surat/dumas/engagement-venues/,"Best Engagement Venues in Dumas, Surat | Book Near You - VenueConnect","Find the perfect engagement venue in Dumas, Surat. Compare halls, farmhouses & party plots near Dumas. Get instant leads & free quotes on VenueConnect.","Best Engagement Venues in Dumas, Surat",engagement venues in Dumas Surat,"engagement venue Dumas, engagement hall near Dumas Surat, engagement venue near Dumas",Transactional (Hyper-local),High
Event + City Area,"Corporate Event Venues in Dumas, Surat | VenueConnect",/surat/dumas/corporate-event-venues/,"Best Corporate Event Venues in Dumas, Surat | Book Near You - VenueConnect","Find the perfect corporate event venue in Dumas, Surat. Compare halls, farmhouses & party plots near Dumas. Get instant leads & free quotes on VenueConnect.","Best Corporate Event Venues in Dumas, Surat",corporate event venues in Dumas Surat,"corporate event venue Dumas, corporate event hall near Dumas Surat, corporate event venue near Dumas",Transactional (Hyper-local),High
Event + City Area,"Reception Venues in Dumas, Surat | VenueConnect",/surat/dumas/reception-venues/,"Best Reception Venues in Dumas, Surat | Book Near You - VenueConnect","Find the perfect reception venue in Dumas, Surat. Compare halls, farmhouses & party plots near Dumas. Get instant leads & free quotes on VenueConnect.","Best Reception Venues in Dumas, Surat",reception venues in Dumas Surat,"reception venue Dumas, reception hall near Dumas Surat, reception venue near Dumas",Transactional (Hyper-local),High
Event + City Area,"Wedding Venues in Athwa, Surat | VenueConnect",/surat/athwa/wedding-venues/,"Best Wedding Venues in Athwa, Surat | Book Near You - VenueConnect","Find the perfect wedding venue in Athwa, Surat. Compare halls, farmhouses & party plots near Athwa. Get instant leads & free quotes on VenueConnect.","Best Wedding Venues in Athwa, Surat",wedding venues in Athwa Surat,"wedding venue Athwa, wedding hall near Athwa Surat, wedding venue near Athwa",Transactional (Hyper-local),High
Event + City Area,"Birthday Party Venues in Athwa, Surat | VenueConnect",/surat/athwa/birthday-party-venues/,"Best Birthday Party Venues in Athwa, Surat | Book Near You - VenueConnect","Find the perfect birthday party venue in Athwa, Surat. Compare halls, farmhouses & party plots near Athwa. Get instant leads & free quotes on VenueConnect.","Best Birthday Party Venues in Athwa, Surat",birthday party venues in Athwa Surat,"birthday party venue Athwa, birthday party hall near Athwa Surat, birthday party venue near Athwa",Transactional (Hyper-local),High
Event + City Area,"Engagement Venues in Athwa, Surat | VenueConnect",/surat/athwa/engagement-venues/,"Best Engagement Venues in Athwa, Surat | Book Near You - VenueConnect","Find the perfect engagement venue in Athwa, Surat. Compare halls, farmhouses & party plots near Athwa. Get instant leads & free quotes on VenueConnect.","Best Engagement Venues in Athwa, Surat",engagement venues in Athwa Surat,"engagement venue Athwa, engagement hall near Athwa Surat, engagement venue near Athwa",Transactional (Hyper-local),High
Event + City Area,"Corporate Event Venues in Athwa, Surat | VenueConnect",/surat/athwa/corporate-event-venues/,"Best Corporate Event Venues in Athwa, Surat | Book Near You - VenueConnect","Find the perfect corporate event venue in Athwa, Surat. Compare halls, farmhouses & party plots near Athwa. Get instant leads & free quotes on VenueConnect.","Best Corporate Event Venues in Athwa, Surat",corporate event venues in Athwa Surat,"corporate event venue Athwa, corporate event hall near Athwa Surat, corporate event venue near Athwa",Transactional (Hyper-local),High
Event + City Area,"Reception Venues in Athwa, Surat | VenueConnect",/surat/athwa/reception-venues/,"Best Reception Venues in Athwa, Surat | Book Near You - VenueConnect","Find the perfect reception venue in Athwa, Surat. Compare halls, farmhouses & party plots near Athwa. Get instant leads & free quotes on VenueConnect.","Best Reception Venues in Athwa, Surat",reception venues in Athwa Surat,"reception venue Athwa, reception hall near Athwa Surat, reception venue near Athwa",Transactional (Hyper-local),High
Event + City Area,"Wedding Venues in Parle Point, Surat | VenueConnect",/surat/parle-point/wedding-venues/,"Best Wedding Venues in Parle Point, Surat | Book Near You - VenueConnect","Find the perfect wedding venue in Parle Point, Surat. Compare halls, farmhouses & party plots near Parle Point. Get instant leads & free quotes on VenueConnect.","Best Wedding Venues in Parle Point, Surat",wedding venues in Parle Point Surat,"wedding venue Parle Point, wedding hall near Parle Point Surat, wedding venue near Parle Point",Transactional (Hyper-local),High
Event + City Area,"Birthday Party Venues in Parle Point, Surat | VenueConnect",/surat/parle-point/birthday-party-venues/,"Best Birthday Party Venues in Parle Point, Surat | Book Near You - VenueConnect","Find the perfect birthday party venue in Parle Point, Surat. Compare halls, farmhouses & party plots near Parle Point. Get instant leads & free quotes on VenueConnect.","Best Birthday Party Venues in Parle Point, Surat",birthday party venues in Parle Point Surat,"birthday party venue Parle Point, birthday party hall near Parle Point Surat, birthday party venue near Parle Point",Transactional (Hyper-local),High
Event + City Area,"Engagement Venues in Parle Point, Surat | VenueConnect",/surat/parle-point/engagement-venues/,"Best Engagement Venues in Parle Point, Surat | Book Near You - VenueConnect","Find the perfect engagement venue in Parle Point, Surat. Compare halls, farmhouses & party plots near Parle Point. Get instant leads & free quotes on VenueConnect.","Best Engagement Venues in Parle Point, Surat",engagement venues in Parle Point Surat,"engagement venue Parle Point, engagement hall near Parle Point Surat, engagement venue near Parle Point",Transactional (Hyper-local),High
Event + City Area,"Corporate Event Venues in Parle Point, Surat | VenueConnect",/surat/parle-point/corporate-event-venues/,"Best Corporate Event Venues in Parle Point, Surat | Book Near You - VenueConnect","Find the perfect corporate event venue in Parle Point, Surat. Compare halls, farmhouses & party plots near Parle Point. Get instant leads & free quotes on VenueConnect.","Best Corporate Event Venues in Parle Point, Surat",corporate event venues in Parle Point Surat,"corporate event venue Parle Point, corporate event hall near Parle Point Surat, corporate event venue near Parle Point",Transactional (Hyper-local),High
Event + City Area,"Reception Venues in Parle Point, Surat | VenueConnect",/surat/parle-point/reception-venues/,"Best Reception Venues in Parle Point, Surat | Book Near You - VenueConnect","Find the perfect reception venue in Parle Point, Surat. Compare halls, farmhouses & party plots near Parle Point. Get instant leads & free quotes on VenueConnect.","Best Reception Venues in Parle Point, Surat",reception venues in Parle Point Surat,"reception venue Parle Point, reception hall near Parle Point Surat, reception venue near Parle Point",Transactional (Hyper-local),High
Event + City Area,"Wedding Venues in Majura Gate, Surat | VenueConnect",/surat/majura-gate/wedding-venues/,"Best Wedding Venues in Majura Gate, Surat | Book Near You - VenueConnect","Find the perfect wedding venue in Majura Gate, Surat. Compare halls, farmhouses & party plots near Majura Gate. Get instant leads & free quotes on VenueConnect.","Best Wedding Venues in Majura Gate, Surat",wedding venues in Majura Gate Surat,"wedding venue Majura Gate, wedding hall near Majura Gate Surat, wedding venue near Majura Gate",Transactional (Hyper-local),High
Event + City Area,"Birthday Party Venues in Majura Gate, Surat | VenueConnect",/surat/majura-gate/birthday-party-venues/,"Best Birthday Party Venues in Majura Gate, Surat | Book Near You - VenueConnect","Find the perfect birthday party venue in Majura Gate, Surat. Compare halls, farmhouses & party plots near Majura Gate. Get instant leads & free quotes on VenueConnect.","Best Birthday Party Venues in Majura Gate, Surat",birthday party venues in Majura Gate Surat,"birthday party venue Majura Gate, birthday party hall near Majura Gate Surat, birthday party venue near Majura Gate",Transactional (Hyper-local),High
Event + City Area,"Engagement Venues in Majura Gate, Surat | VenueConnect",/surat/majura-gate/engagement-venues/,"Best Engagement Venues in Majura Gate, Surat | Book Near You - VenueConnect","Find the perfect engagement venue in Majura Gate, Surat. Compare halls, farmhouses & party plots near Majura Gate. Get instant leads & free quotes on VenueConnect.","Best Engagement Venues in Majura Gate, Surat",engagement venues in Majura Gate Surat,"engagement venue Majura Gate, engagement hall near Majura Gate Surat, engagement venue near Majura Gate",Transactional (Hyper-local),High
Event + City Area,"Corporate Event Venues in Majura Gate, Surat | VenueConnect",/surat/majura-gate/corporate-event-venues/,"Best Corporate Event Venues in Majura Gate, Surat | Book Near You - VenueConnect","Find the perfect corporate event venue in Majura Gate, Surat. Compare halls, farmhouses & party plots near Majura Gate. Get instant leads & free quotes on VenueConnect.","Best Corporate Event Venues in Majura Gate, Surat",corporate event venues in Majura Gate Surat,"corporate event venue Majura Gate, corporate event hall near Majura Gate Surat, corporate event venue near Majura Gate",Transactional (Hyper-local),High
Event + City Area,"Reception Venues in Majura Gate, Surat | VenueConnect",/surat/majura-gate/reception-venues/,"Best Reception Venues in Majura Gate, Surat | Book Near You - VenueConnect","Find the perfect reception venue in Majura Gate, Surat. Compare halls, farmhouses & party plots near Majura Gate. Get instant leads & free quotes on VenueConnect.","Best Reception Venues in Majura Gate, Surat",reception venues in Majura Gate Surat,"reception venue Majura Gate, reception hall near Majura Gate Surat, reception venue near Majura Gate",Transactional (Hyper-local),High
Event + City Area,"Wedding Venues in Nanpura, Surat | VenueConnect",/surat/nanpura/wedding-venues/,"Best Wedding Venues in Nanpura, Surat | Book Near You - VenueConnect","Find the perfect wedding venue in Nanpura, Surat. Compare halls, farmhouses & party plots near Nanpura. Get instant leads & free quotes on VenueConnect.","Best Wedding Venues in Nanpura, Surat",wedding venues in Nanpura Surat,"wedding venue Nanpura, wedding hall near Nanpura Surat, wedding venue near Nanpura",Transactional (Hyper-local),High
Event + City Area,"Birthday Party Venues in Nanpura, Surat | VenueConnect",/surat/nanpura/birthday-party-venues/,"Best Birthday Party Venues in Nanpura, Surat | Book Near You - VenueConnect","Find the perfect birthday party venue in Nanpura, Surat. Compare halls, farmhouses & party plots near Nanpura. Get instant leads & free quotes on VenueConnect.","Best Birthday Party Venues in Nanpura, Surat",birthday party venues in Nanpura Surat,"birthday party venue Nanpura, birthday party hall near Nanpura Surat, birthday party venue near Nanpura",Transactional (Hyper-local),High
Event + City Area,"Engagement Venues in Nanpura, Surat | VenueConnect",/surat/nanpura/engagement-venues/,"Best Engagement Venues in Nanpura, Surat | Book Near You - VenueConnect","Find the perfect engagement venue in Nanpura, Surat. Compare halls, farmhouses & party plots near Nanpura. Get instant leads & free quotes on VenueConnect.","Best Engagement Venues in Nanpura, Surat",engagement venues in Nanpura Surat,"engagement venue Nanpura, engagement hall near Nanpura Surat, engagement venue near Nanpura",Transactional (Hyper-local),High
Event + City Area,"Corporate Event Venues in Nanpura, Surat | VenueConnect",/surat/nanpura/corporate-event-venues/,"Best Corporate Event Venues in Nanpura, Surat | Book Near You - VenueConnect","Find the perfect corporate event venue in Nanpura, Surat. Compare halls, farmhouses & party plots near Nanpura. Get instant leads & free quotes on VenueConnect.","Best Corporate Event Venues in Nanpura, Surat",corporate event venues in Nanpura Surat,"corporate event venue Nanpura, corporate event hall near Nanpura Surat, corporate event venue near Nanpura",Transactional (Hyper-local),High
Event + City Area,"Reception Venues in Nanpura, Surat | VenueConnect",/surat/nanpura/reception-venues/,"Best Reception Venues in Nanpura, Surat | Book Near You - VenueConnect","Find the perfect reception venue in Nanpura, Surat. Compare halls, farmhouses & party plots near Nanpura. Get instant leads & free quotes on VenueConnect.","Best Reception Venues in Nanpura, Surat",reception venues in Nanpura Surat,"reception venue Nanpura, reception hall near Nanpura Surat, reception venue near Nanpura",Transactional (Hyper-local),High
Event + City Area,"Wedding Venues in Ring Road, Surat | VenueConnect",/surat/ring-road/wedding-venues/,"Best Wedding Venues in Ring Road, Surat | Book Near You - VenueConnect","Find the perfect wedding venue in Ring Road, Surat. Compare halls, farmhouses & party plots near Ring Road. Get instant leads & free quotes on VenueConnect.","Best Wedding Venues in Ring Road, Surat",wedding venues in Ring Road Surat,"wedding venue Ring Road, wedding hall near Ring Road Surat, wedding venue near Ring Road",Transactional (Hyper-local),High
Event + City Area,"Birthday Party Venues in Ring Road, Surat | VenueConnect",/surat/ring-road/birthday-party-venues/,"Best Birthday Party Venues in Ring Road, Surat | Book Near You - VenueConnect","Find the perfect birthday party venue in Ring Road, Surat. Compare halls, farmhouses & party plots near Ring Road. Get instant leads & free quotes on VenueConnect.","Best Birthday Party Venues in Ring Road, Surat",birthday party venues in Ring Road Surat,"birthday party venue Ring Road, birthday party hall near Ring Road Surat, birthday party venue near Ring Road",Transactional (Hyper-local),High
Event + City Area,"Engagement Venues in Ring Road, Surat | VenueConnect",/surat/ring-road/engagement-venues/,"Best Engagement Venues in Ring Road, Surat | Book Near You - VenueConnect","Find the perfect engagement venue in Ring Road, Surat. Compare halls, farmhouses & party plots near Ring Road. Get instant leads & free quotes on VenueConnect.","Best Engagement Venues in Ring Road, Surat",engagement venues in Ring Road Surat,"engagement venue Ring Road, engagement hall near Ring Road Surat, engagement venue near Ring Road",Transactional (Hyper-local),High
Event + City Area,"Corporate Event Venues in Ring Road, Surat | VenueConnect",/surat/ring-road/corporate-event-venues/,"Best Corporate Event Venues in Ring Road, Surat | Book Near You - VenueConnect","Find the perfect corporate event venue in Ring Road, Surat. Compare halls, farmhouses & party plots near Ring Road. Get instant leads & free quotes on VenueConnect.","Best Corporate Event Venues in Ring Road, Surat",corporate event venues in Ring Road Surat,"corporate event venue Ring Road, corporate event hall near Ring Road Surat, corporate event venue near Ring Road",Transactional (Hyper-local),High
Event + City Area,"Reception Venues in Ring Road, Surat | VenueConnect",/surat/ring-road/reception-venues/,"Best Reception Venues in Ring Road, Surat | Book Near You - VenueConnect","Find the perfect reception venue in Ring Road, Surat. Compare halls, farmhouses & party plots near Ring Road. Get instant leads & free quotes on VenueConnect.","Best Reception Venues in Ring Road, Surat",reception venues in Ring Road Surat,"reception venue Ring Road, reception hall near Ring Road Surat, reception venue near Ring Road",Transactional (Hyper-local),High
Event + City Area,"Wedding Venues in Sarthana, Surat | VenueConnect",/surat/sarthana/wedding-venues/,"Best Wedding Venues in Sarthana, Surat | Book Near You - VenueConnect","Find the perfect wedding venue in Sarthana, Surat. Compare halls, farmhouses & party plots near Sarthana. Get instant leads & free quotes on VenueConnect.","Best Wedding Venues in Sarthana, Surat",wedding venues in Sarthana Surat,"wedding venue Sarthana, wedding hall near Sarthana Surat, wedding venue near Sarthana",Transactional (Hyper-local),High
Event + City Area,"Birthday Party Venues in Sarthana, Surat | VenueConnect",/surat/sarthana/birthday-party-venues/,"Best Birthday Party Venues in Sarthana, Surat | Book Near You - VenueConnect","Find the perfect birthday party venue in Sarthana, Surat. Compare halls, farmhouses & party plots near Sarthana. Get instant leads & free quotes on VenueConnect.","Best Birthday Party Venues in Sarthana, Surat",birthday party venues in Sarthana Surat,"birthday party venue Sarthana, birthday party hall near Sarthana Surat, birthday party venue near Sarthana",Transactional (Hyper-local),High
Event + City Area,"Engagement Venues in Sarthana, Surat | VenueConnect",/surat/sarthana/engagement-venues/,"Best Engagement Venues in Sarthana, Surat | Book Near You - VenueConnect","Find the perfect engagement venue in Sarthana, Surat. Compare halls, farmhouses & party plots near Sarthana. Get instant leads & free quotes on VenueConnect.","Best Engagement Venues in Sarthana, Surat",engagement venues in Sarthana Surat,"engagement venue Sarthana, engagement hall near Sarthana Surat, engagement venue near Sarthana",Transactional (Hyper-local),High
Event + City Area,"Corporate Event Venues in Sarthana, Surat | VenueConnect",/surat/sarthana/corporate-event-venues/,"Best Corporate Event Venues in Sarthana, Surat | Book Near You - VenueConnect","Find the perfect corporate event venue in Sarthana, Surat. Compare halls, farmhouses & party plots near Sarthana. Get instant leads & free quotes on VenueConnect.","Best Corporate Event Venues in Sarthana, Surat",corporate event venues in Sarthana Surat,"corporate event venue Sarthana, corporate event hall near Sarthana Surat, corporate event venue near Sarthana",Transactional (Hyper-local),High
Event + City Area,"Reception Venues in Sarthana, Surat | VenueConnect",/surat/sarthana/reception-venues/,"Best Reception Venues in Sarthana, Surat | Book Near You - VenueConnect","Find the perfect reception venue in Sarthana, Surat. Compare halls, farmhouses & party plots near Sarthana. Get instant leads & free quotes on VenueConnect.","Best Reception Venues in Sarthana, Surat",reception venues in Sarthana Surat,"reception venue Sarthana, reception hall near Sarthana Surat, reception venue near Sarthana",Transactional (Hyper-local),High
Event + City Area,"Wedding Venues in Varachha, Surat | VenueConnect",/surat/varachha/wedding-venues/,"Best Wedding Venues in Varachha, Surat | Book Near You - VenueConnect","Find the perfect wedding venue in Varachha, Surat. Compare halls, farmhouses & party plots near Varachha. Get instant leads & free quotes on VenueConnect.","Best Wedding Venues in Varachha, Surat",wedding venues in Varachha Surat,"wedding venue Varachha, wedding hall near Varachha Surat, wedding venue near Varachha",Transactional (Hyper-local),High
Event + City Area,"Birthday Party Venues in Varachha, Surat | VenueConnect",/surat/varachha/birthday-party-venues/,"Best Birthday Party Venues in Varachha, Surat | Book Near You - VenueConnect","Find the perfect birthday party venue in Varachha, Surat. Compare halls, farmhouses & party plots near Varachha. Get instant leads & free quotes on VenueConnect.","Best Birthday Party Venues in Varachha, Surat",birthday party venues in Varachha Surat,"birthday party venue Varachha, birthday party hall near Varachha Surat, birthday party venue near Varachha",Transactional (Hyper-local),High
Event + City Area,"Engagement Venues in Varachha, Surat | VenueConnect",/surat/varachha/engagement-venues/,"Best Engagement Venues in Varachha, Surat | Book Near You - VenueConnect","Find the perfect engagement venue in Varachha, Surat. Compare halls, farmhouses & party plots near Varachha. Get instant leads & free quotes on VenueConnect.","Best Engagement Venues in Varachha, Surat",engagement venues in Varachha Surat,"engagement venue Varachha, engagement hall near Varachha Surat, engagement venue near Varachha",Transactional (Hyper-local),High
Event + City Area,"Corporate Event Venues in Varachha, Surat | VenueConnect",/surat/varachha/corporate-event-venues/,"Best Corporate Event Venues in Varachha, Surat | Book Near You - VenueConnect","Find the perfect corporate event venue in Varachha, Surat. Compare halls, farmhouses & party plots near Varachha. Get instant leads & free quotes on VenueConnect.","Best Corporate Event Venues in Varachha, Surat",corporate event venues in Varachha Surat,"corporate event venue Varachha, corporate event hall near Varachha Surat, corporate event venue near Varachha",Transactional (Hyper-local),High
Event + City Area,"Reception Venues in Varachha, Surat | VenueConnect",/surat/varachha/reception-venues/,"Best Reception Venues in Varachha, Surat | Book Near You - VenueConnect","Find the perfect reception venue in Varachha, Surat. Compare halls, farmhouses & party plots near Varachha. Get instant leads & free quotes on VenueConnect.","Best Reception Venues in Varachha, Surat",reception venues in Varachha Surat,"reception venue Varachha, reception hall near Varachha Surat, reception venue near Varachha",Transactional (Hyper-local),High
Event + City Area,"Wedding Venues in Limbayat, Surat | VenueConnect",/surat/limbayat/wedding-venues/,"Best Wedding Venues in Limbayat, Surat | Book Near You - VenueConnect","Find the perfect wedding venue in Limbayat, Surat. Compare halls, farmhouses & party plots near Limbayat. Get instant leads & free quotes on VenueConnect.","Best Wedding Venues in Limbayat, Surat",wedding venues in Limbayat Surat,"wedding venue Limbayat, wedding hall near Limbayat Surat, wedding venue near Limbayat",Transactional (Hyper-local),High
Event + City Area,"Birthday Party Venues in Limbayat, Surat | VenueConnect",/surat/limbayat/birthday-party-venues/,"Best Birthday Party Venues in Limbayat, Surat | Book Near You - VenueConnect","Find the perfect birthday party venue in Limbayat, Surat. Compare halls, farmhouses & party plots near Limbayat. Get instant leads & free quotes on VenueConnect.","Best Birthday Party Venues in Limbayat, Surat",birthday party venues in Limbayat Surat,"birthday party venue Limbayat, birthday party hall near Limbayat Surat, birthday party venue near Limbayat",Transactional (Hyper-local),High
Event + City Area,"Engagement Venues in Limbayat, Surat | VenueConnect",/surat/limbayat/engagement-venues/,"Best Engagement Venues in Limbayat, Surat | Book Near You - VenueConnect","Find the perfect engagement venue in Limbayat, Surat. Compare halls, farmhouses & party plots near Limbayat. Get instant leads & free quotes on VenueConnect.","Best Engagement Venues in Limbayat, Surat",engagement venues in Limbayat Surat,"engagement venue Limbayat, engagement hall near Limbayat Surat, engagement venue near Limbayat",Transactional (Hyper-local),High
Event + City Area,"Corporate Event Venues in Limbayat, Surat | VenueConnect",/surat/limbayat/corporate-event-venues/,"Best Corporate Event Venues in Limbayat, Surat | Book Near You - VenueConnect","Find the perfect corporate event venue in Limbayat, Surat. Compare halls, farmhouses & party plots near Limbayat. Get instant leads & free quotes on VenueConnect.","Best Corporate Event Venues in Limbayat, Surat",corporate event venues in Limbayat Surat,"corporate event venue Limbayat, corporate event hall near Limbayat Surat, corporate event venue near Limbayat",Transactional (Hyper-local),High
Event + City Area,"Reception Venues in Limbayat, Surat | VenueConnect",/surat/limbayat/reception-venues/,"Best Reception Venues in Limbayat, Surat | Book Near You - VenueConnect","Find the perfect reception venue in Limbayat, Surat. Compare halls, farmhouses & party plots near Limbayat. Get instant leads & free quotes on VenueConnect.","Best Reception Venues in Limbayat, Surat",reception venues in Limbayat Surat,"reception venue Limbayat, reception hall near Limbayat Surat, reception venue near Limbayat",Transactional (Hyper-local),High
Event + City Area,"Wedding Venues in Laskana, Surat | VenueConnect",/surat/laskana/wedding-venues/,"Best Wedding Venues in Laskana, Surat | Book Near You - VenueConnect","Find the perfect wedding venue in Laskana, Surat. Compare halls, farmhouses & party plots near Laskana. Get instant leads & free quotes on VenueConnect.","Best Wedding Venues in Laskana, Surat",wedding venues in Laskana Surat,"wedding venue Laskana, wedding hall near Laskana Surat, wedding venue near Laskana",Transactional (Hyper-local),High
Event + City Area,"Birthday Party Venues in Laskana, Surat | VenueConnect",/surat/laskana/birthday-party-venues/,"Best Birthday Party Venues in Laskana, Surat | Book Near You - VenueConnect","Find the perfect birthday party venue in Laskana, Surat. Compare halls, farmhouses & party plots near Laskana. Get instant leads & free quotes on VenueConnect.","Best Birthday Party Venues in Laskana, Surat",birthday party venues in Laskana Surat,"birthday party venue Laskana, birthday party hall near Laskana Surat, birthday party venue near Laskana",Transactional (Hyper-local),High
Event + City Area,"Engagement Venues in Laskana, Surat | VenueConnect",/surat/laskana/engagement-venues/,"Best Engagement Venues in Laskana, Surat | Book Near You - VenueConnect","Find the perfect engagement venue in Laskana, Surat. Compare halls, farmhouses & party plots near Laskana. Get instant leads & free quotes on VenueConnect.","Best Engagement Venues in Laskana, Surat",engagement venues in Laskana Surat,"engagement venue Laskana, engagement hall near Laskana Surat, engagement venue near Laskana",Transactional (Hyper-local),High
Event + City Area,"Corporate Event Venues in Laskana, Surat | VenueConnect",/surat/laskana/corporate-event-venues/,"Best Corporate Event Venues in Laskana, Surat | Book Near You - VenueConnect","Find the perfect corporate event venue in Laskana, Surat. Compare halls, farmhouses & party plots near Laskana. Get instant leads & free quotes on VenueConnect.","Best Corporate Event Venues in Laskana, Surat",corporate event venues in Laskana Surat,"corporate event venue Laskana, corporate event hall near Laskana Surat, corporate event venue near Laskana",Transactional (Hyper-local),High
Event + City Area,"Reception Venues in Laskana, Surat | VenueConnect",/surat/laskana/reception-venues/,"Best Reception Venues in Laskana, Surat | Book Near You - VenueConnect","Find the perfect reception venue in Laskana, Surat. Compare halls, farmhouses & party plots near Laskana. Get instant leads & free quotes on VenueConnect.","Best Reception Venues in Laskana, Surat",reception venues in Laskana Surat,"reception venue Laskana, reception hall near Laskana Surat, reception venue near Laskana",Transactional (Hyper-local),High
Event + City Area,"Wedding Venues in Pandesara, Surat | VenueConnect",/surat/pandesara/wedding-venues/,"Best Wedding Venues in Pandesara, Surat | Book Near You - VenueConnect","Find the perfect wedding venue in Pandesara, Surat. Compare halls, farmhouses & party plots near Pandesara. Get instant leads & free quotes on VenueConnect.","Best Wedding Venues in Pandesara, Surat",wedding venues in Pandesara Surat,"wedding venue Pandesara, wedding hall near Pandesara Surat, wedding venue near Pandesara",Transactional (Hyper-local),High
Event + City Area,"Birthday Party Venues in Pandesara, Surat | VenueConnect",/surat/pandesara/birthday-party-venues/,"Best Birthday Party Venues in Pandesara, Surat | Book Near You - VenueConnect","Find the perfect birthday party venue in Pandesara, Surat. Compare halls, farmhouses & party plots near Pandesara. Get instant leads & free quotes on VenueConnect.","Best Birthday Party Venues in Pandesara, Surat",birthday party venues in Pandesara Surat,"birthday party venue Pandesara, birthday party hall near Pandesara Surat, birthday party venue near Pandesara",Transactional (Hyper-local),High
Event + City Area,"Engagement Venues in Pandesara, Surat | VenueConnect",/surat/pandesara/engagement-venues/,"Best Engagement Venues in Pandesara, Surat | Book Near You - VenueConnect","Find the perfect engagement venue in Pandesara, Surat. Compare halls, farmhouses & party plots near Pandesara. Get instant leads & free quotes on VenueConnect.","Best Engagement Venues in Pandesara, Surat",engagement venues in Pandesara Surat,"engagement venue Pandesara, engagement hall near Pandesara Surat, engagement venue near Pandesara",Transactional (Hyper-local),High
Event + City Area,"Corporate Event Venues in Pandesara, Surat | VenueConnect",/surat/pandesara/corporate-event-venues/,"Best Corporate Event Venues in Pandesara, Surat | Book Near You - VenueConnect","Find the perfect corporate event venue in Pandesara, Surat. Compare halls, farmhouses & party plots near Pandesara. Get instant leads & free quotes on VenueConnect.","Best Corporate Event Venues in Pandesara, Surat",corporate event venues in Pandesara Surat,"corporate event venue Pandesara, corporate event hall near Pandesara Surat, corporate event venue near Pandesara",Transactional (Hyper-local),High
Event + City Area,"Reception Venues in Pandesara, Surat | VenueConnect",/surat/pandesara/reception-venues/,"Best Reception Venues in Pandesara, Surat | Book Near You - VenueConnect","Find the perfect reception venue in Pandesara, Surat. Compare halls, farmhouses & party plots near Pandesara. Get instant leads & free quotes on VenueConnect.","Best Reception Venues in Pandesara, Surat",reception venues in Pandesara Surat,"reception venue Pandesara, reception hall near Pandesara Surat, reception venue near Pandesara",Transactional (Hyper-local),High
Event + City Area,"Wedding Venues in Sachin, Surat | VenueConnect",/surat/sachin/wedding-venues/,"Best Wedding Venues in Sachin, Surat | Book Near You - VenueConnect","Find the perfect wedding venue in Sachin, Surat. Compare halls, farmhouses & party plots near Sachin. Get instant leads & free quotes on VenueConnect.","Best Wedding Venues in Sachin, Surat",wedding venues in Sachin Surat,"wedding venue Sachin, wedding hall near Sachin Surat, wedding venue near Sachin",Transactional (Hyper-local),High
Event + City Area,"Birthday Party Venues in Sachin, Surat | VenueConnect",/surat/sachin/birthday-party-venues/,"Best Birthday Party Venues in Sachin, Surat | Book Near You - VenueConnect","Find the perfect birthday party venue in Sachin, Surat. Compare halls, farmhouses & party plots near Sachin. Get instant leads & free quotes on VenueConnect.","Best Birthday Party Venues in Sachin, Surat",birthday party venues in Sachin Surat,"birthday party venue Sachin, birthday party hall near Sachin Surat, birthday party venue near Sachin",Transactional (Hyper-local),High
Event + City Area,"Engagement Venues in Sachin, Surat | VenueConnect",/surat/sachin/engagement-venues/,"Best Engagement Venues in Sachin, Surat | Book Near You - VenueConnect","Find the perfect engagement venue in Sachin, Surat. Compare halls, farmhouses & party plots near Sachin. Get instant leads & free quotes on VenueConnect.","Best Engagement Venues in Sachin, Surat",engagement venues in Sachin Surat,"engagement venue Sachin, engagement hall near Sachin Surat, engagement venue near Sachin",Transactional (Hyper-local),High
Event + City Area,"Corporate Event Venues in Sachin, Surat | VenueConnect",/surat/sachin/corporate-event-venues/,"Best Corporate Event Venues in Sachin, Surat | Book Near You - VenueConnect","Find the perfect corporate event venue in Sachin, Surat. Compare halls, farmhouses & party plots near Sachin. Get instant leads & free quotes on VenueConnect.","Best Corporate Event Venues in Sachin, Surat",corporate event venues in Sachin Surat,"corporate event venue Sachin, corporate event hall near Sachin Surat, corporate event venue near Sachin",Transactional (Hyper-local),High
Event + City Area,"Reception Venues in Sachin, Surat | VenueConnect",/surat/sachin/reception-venues/,"Best Reception Venues in Sachin, Surat | Book Near You - VenueConnect","Find the perfect reception venue in Sachin, Surat. Compare halls, farmhouses & party plots near Sachin. Get instant leads & free quotes on VenueConnect.","Best Reception Venues in Sachin, Surat",reception venues in Sachin Surat,"reception venue Sachin, reception hall near Sachin Surat, reception venue near Sachin",Transactional (Hyper-local),High
Event + City Area,"Wedding Venues in Dindoli, Surat | VenueConnect",/surat/dindoli/wedding-venues/,"Best Wedding Venues in Dindoli, Surat | Book Near You - VenueConnect","Find the perfect wedding venue in Dindoli, Surat. Compare halls, farmhouses & party plots near Dindoli. Get instant leads & free quotes on VenueConnect.","Best Wedding Venues in Dindoli, Surat",wedding venues in Dindoli Surat,"wedding venue Dindoli, wedding hall near Dindoli Surat, wedding venue near Dindoli",Transactional (Hyper-local),High
Event + City Area,"Birthday Party Venues in Dindoli, Surat | VenueConnect",/surat/dindoli/birthday-party-venues/,"Best Birthday Party Venues in Dindoli, Surat | Book Near You - VenueConnect","Find the perfect birthday party venue in Dindoli, Surat. Compare halls, farmhouses & party plots near Dindoli. Get instant leads & free quotes on VenueConnect.","Best Birthday Party Venues in Dindoli, Surat",birthday party venues in Dindoli Surat,"birthday party venue Dindoli, birthday party hall near Dindoli Surat, birthday party venue near Dindoli",Transactional (Hyper-local),High
Event + City Area,"Engagement Venues in Dindoli, Surat | VenueConnect",/surat/dindoli/engagement-venues/,"Best Engagement Venues in Dindoli, Surat | Book Near You - VenueConnect","Find the perfect engagement venue in Dindoli, Surat. Compare halls, farmhouses & party plots near Dindoli. Get instant leads & free quotes on VenueConnect.","Best Engagement Venues in Dindoli, Surat",engagement venues in Dindoli Surat,"engagement venue Dindoli, engagement hall near Dindoli Surat, engagement venue near Dindoli",Transactional (Hyper-local),High
Event + City Area,"Corporate Event Venues in Dindoli, Surat | VenueConnect",/surat/dindoli/corporate-event-venues/,"Best Corporate Event Venues in Dindoli, Surat | Book Near You - VenueConnect","Find the perfect corporate event venue in Dindoli, Surat. Compare halls, farmhouses & party plots near Dindoli. Get instant leads & free quotes on VenueConnect.","Best Corporate Event Venues in Dindoli, Surat",corporate event venues in Dindoli Surat,"corporate event venue Dindoli, corporate event hall near Dindoli Surat, corporate event venue near Dindoli",Transactional (Hyper-local),High
Event + City Area,"Reception Venues in Dindoli, Surat | VenueConnect",/surat/dindoli/reception-venues/,"Best Reception Venues in Dindoli, Surat | Book Near You - VenueConnect","Find the perfect reception venue in Dindoli, Surat. Compare halls, farmhouses & party plots near Dindoli. Get instant leads & free quotes on VenueConnect.","Best Reception Venues in Dindoli, Surat",reception venues in Dindoli Surat,"reception venue Dindoli, reception hall near Dindoli Surat, reception venue near Dindoli",Transactional (Hyper-local),High
Event + City Area,"Wedding Venues in Amroli, Surat | VenueConnect",/surat/amroli/wedding-venues/,"Best Wedding Venues in Amroli, Surat | Book Near You - VenueConnect","Find the perfect wedding venue in Amroli, Surat. Compare halls, farmhouses & party plots near Amroli. Get instant leads & free quotes on VenueConnect.","Best Wedding Venues in Amroli, Surat",wedding venues in Amroli Surat,"wedding venue Amroli, wedding hall near Amroli Surat, wedding venue near Amroli",Transactional (Hyper-local),High
Event + City Area,"Birthday Party Venues in Amroli, Surat | VenueConnect",/surat/amroli/birthday-party-venues/,"Best Birthday Party Venues in Amroli, Surat | Book Near You - VenueConnect","Find the perfect birthday party venue in Amroli, Surat. Compare halls, farmhouses & party plots near Amroli. Get instant leads & free quotes on VenueConnect.","Best Birthday Party Venues in Amroli, Surat",birthday party venues in Amroli Surat,"birthday party venue Amroli, birthday party hall near Amroli Surat, birthday party venue near Amroli",Transactional (Hyper-local),High
Event + City Area,"Engagement Venues in Amroli, Surat | VenueConnect",/surat/amroli/engagement-venues/,"Best Engagement Venues in Amroli, Surat | Book Near You - VenueConnect","Find the perfect engagement venue in Amroli, Surat. Compare halls, farmhouses & party plots near Amroli. Get instant leads & free quotes on VenueConnect.","Best Engagement Venues in Amroli, Surat",engagement venues in Amroli Surat,"engagement venue Amroli, engagement hall near Amroli Surat, engagement venue near Amroli",Transactional (Hyper-local),High
Event + City Area,"Corporate Event Venues in Amroli, Surat | VenueConnect",/surat/amroli/corporate-event-venues/,"Best Corporate Event Venues in Amroli, Surat | Book Near You - VenueConnect","Find the perfect corporate event venue in Amroli, Surat. Compare halls, farmhouses & party plots near Amroli. Get instant leads & free quotes on VenueConnect.","Best Corporate Event Venues in Amroli, Surat",corporate event venues in Amroli Surat,"corporate event venue Amroli, corporate event hall near Amroli Surat, corporate event venue near Amroli",Transactional (Hyper-local),High
Event + City Area,"Reception Venues in Amroli, Surat | VenueConnect",/surat/amroli/reception-venues/,"Best Reception Venues in Amroli, Surat | Book Near You - VenueConnect","Find the perfect reception venue in Amroli, Surat. Compare halls, farmhouses & party plots near Amroli. Get instant leads & free quotes on VenueConnect.","Best Reception Venues in Amroli, Surat",reception venues in Amroli Surat,"reception venue Amroli, reception hall near Amroli Surat, reception venue near Amroli",Transactional (Hyper-local),High
Event + City Area,"Wedding Venues in Bhestan, Surat | VenueConnect",/surat/bhestan/wedding-venues/,"Best Wedding Venues in Bhestan, Surat | Book Near You - VenueConnect","Find the perfect wedding venue in Bhestan, Surat. Compare halls, farmhouses & party plots near Bhestan. Get instant leads & free quotes on VenueConnect.","Best Wedding Venues in Bhestan, Surat",wedding venues in Bhestan Surat,"wedding venue Bhestan, wedding hall near Bhestan Surat, wedding venue near Bhestan",Transactional (Hyper-local),High
Event + City Area,"Birthday Party Venues in Bhestan, Surat | VenueConnect",/surat/bhestan/birthday-party-venues/,"Best Birthday Party Venues in Bhestan, Surat | Book Near You - VenueConnect","Find the perfect birthday party venue in Bhestan, Surat. Compare halls, farmhouses & party plots near Bhestan. Get instant leads & free quotes on VenueConnect.","Best Birthday Party Venues in Bhestan, Surat",birthday party venues in Bhestan Surat,"birthday party venue Bhestan, birthday party hall near Bhestan Surat, birthday party venue near Bhestan",Transactional (Hyper-local),High
Event + City Area,"Engagement Venues in Bhestan, Surat | VenueConnect",/surat/bhestan/engagement-venues/,"Best Engagement Venues in Bhestan, Surat | Book Near You - VenueConnect","Find the perfect engagement venue in Bhestan, Surat. Compare halls, farmhouses & party plots near Bhestan. Get instant leads & free quotes on VenueConnect.","Best Engagement Venues in Bhestan, Surat",engagement venues in Bhestan Surat,"engagement venue Bhestan, engagement hall near Bhestan Surat, engagement venue near Bhestan",Transactional (Hyper-local),High
Event + City Area,"Corporate Event Venues in Bhestan, Surat | VenueConnect",/surat/bhestan/corporate-event-venues/,"Best Corporate Event Venues in Bhestan, Surat | Book Near You - VenueConnect","Find the perfect corporate event venue in Bhestan, Surat. Compare halls, farmhouses & party plots near Bhestan. Get instant leads & free quotes on VenueConnect.","Best Corporate Event Venues in Bhestan, Surat",corporate event venues in Bhestan Surat,"corporate event venue Bhestan, corporate event hall near Bhestan Surat, corporate event venue near Bhestan",Transactional (Hyper-local),High
Event + City Area,"Reception Venues in Bhestan, Surat | VenueConnect",/surat/bhestan/reception-venues/,"Best Reception Venues in Bhestan, Surat | Book Near You - VenueConnect","Find the perfect reception venue in Bhestan, Surat. Compare halls, farmhouses & party plots near Bhestan. Get instant leads & free quotes on VenueConnect.","Best Reception Venues in Bhestan, Surat",reception venues in Bhestan Surat,"reception venue Bhestan, reception hall near Bhestan Surat, reception venue near Bhestan",Transactional (Hyper-local),High
Event + City Area,"Wedding Venues in Chalthan, Surat | VenueConnect",/surat/chalthan/wedding-venues/,"Best Wedding Venues in Chalthan, Surat | Book Near You - VenueConnect","Find the perfect wedding venue in Chalthan, Surat. Compare halls, farmhouses & party plots near Chalthan. Get instant leads & free quotes on VenueConnect.","Best Wedding Venues in Chalthan, Surat",wedding venues in Chalthan Surat,"wedding venue Chalthan, wedding hall near Chalthan Surat, wedding venue near Chalthan",Transactional (Hyper-local),High
Event + City Area,"Birthday Party Venues in Chalthan, Surat | VenueConnect",/surat/chalthan/birthday-party-venues/,"Best Birthday Party Venues in Chalthan, Surat | Book Near You - VenueConnect","Find the perfect birthday party venue in Chalthan, Surat. Compare halls, farmhouses & party plots near Chalthan. Get instant leads & free quotes on VenueConnect.","Best Birthday Party Venues in Chalthan, Surat",birthday party venues in Chalthan Surat,"birthday party venue Chalthan, birthday party hall near Chalthan Surat, birthday party venue near Chalthan",Transactional (Hyper-local),High
Event + City Area,"Engagement Venues in Chalthan, Surat | VenueConnect",/surat/chalthan/engagement-venues/,"Best Engagement Venues in Chalthan, Surat | Book Near You - VenueConnect","Find the perfect engagement venue in Chalthan, Surat. Compare halls, farmhouses & party plots near Chalthan. Get instant leads & free quotes on VenueConnect.","Best Engagement Venues in Chalthan, Surat",engagement venues in Chalthan Surat,"engagement venue Chalthan, engagement hall near Chalthan Surat, engagement venue near Chalthan",Transactional (Hyper-local),High
Event + City Area,"Corporate Event Venues in Chalthan, Surat | VenueConnect",/surat/chalthan/corporate-event-venues/,"Best Corporate Event Venues in Chalthan, Surat | Book Near You - VenueConnect","Find the perfect corporate event venue in Chalthan, Surat. Compare halls, farmhouses & party plots near Chalthan. Get instant leads & free quotes on VenueConnect.","Best Corporate Event Venues in Chalthan, Surat",corporate event venues in Chalthan Surat,"corporate event venue Chalthan, corporate event hall near Chalthan Surat, corporate event venue near Chalthan",Transactional (Hyper-local),High
Event + City Area,"Reception Venues in Chalthan, Surat | VenueConnect",/surat/chalthan/reception-venues/,"Best Reception Venues in Chalthan, Surat | Book Near You - VenueConnect","Find the perfect reception venue in Chalthan, Surat. Compare halls, farmhouses & party plots near Chalthan. Get instant leads & free quotes on VenueConnect.","Best Reception Venues in Chalthan, Surat",reception venues in Chalthan Surat,"reception venue Chalthan, reception hall near Chalthan Surat, reception venue near Chalthan",Transactional (Hyper-local),High
Event + City Area,"Wedding Venues in Olpad Road, Surat | VenueConnect",/surat/olpad-road/wedding-venues/,"Best Wedding Venues in Olpad Road, Surat | Book Near You - VenueConnect","Find the perfect wedding venue in Olpad Road, Surat. Compare halls, farmhouses & party plots near Olpad Road. Get instant leads & free quotes on VenueConnect.","Best Wedding Venues in Olpad Road, Surat",wedding venues in Olpad Road Surat,"wedding venue Olpad Road, wedding hall near Olpad Road Surat, wedding venue near Olpad Road",Transactional (Hyper-local),High
Event + City Area,"Birthday Party Venues in Olpad Road, Surat | VenueConnect",/surat/olpad-road/birthday-party-venues/,"Best Birthday Party Venues in Olpad Road, Surat | Book Near You - VenueConnect","Find the perfect birthday party venue in Olpad Road, Surat. Compare halls, farmhouses & party plots near Olpad Road. Get instant leads & free quotes on VenueConnect.","Best Birthday Party Venues in Olpad Road, Surat",birthday party venues in Olpad Road Surat,"birthday party venue Olpad Road, birthday party hall near Olpad Road Surat, birthday party venue near Olpad Road",Transactional (Hyper-local),High
Event + City Area,"Engagement Venues in Olpad Road, Surat | VenueConnect",/surat/olpad-road/engagement-venues/,"Best Engagement Venues in Olpad Road, Surat | Book Near You - VenueConnect","Find the perfect engagement venue in Olpad Road, Surat. Compare halls, farmhouses & party plots near Olpad Road. Get instant leads & free quotes on VenueConnect.","Best Engagement Venues in Olpad Road, Surat",engagement venues in Olpad Road Surat,"engagement venue Olpad Road, engagement hall near Olpad Road Surat, engagement venue near Olpad Road",Transactional (Hyper-local),High
Event + City Area,"Corporate Event Venues in Olpad Road, Surat | VenueConnect",/surat/olpad-road/corporate-event-venues/,"Best Corporate Event Venues in Olpad Road, Surat | Book Near You - VenueConnect","Find the perfect corporate event venue in Olpad Road, Surat. Compare halls, farmhouses & party plots near Olpad Road. Get instant leads & free quotes on VenueConnect.","Best Corporate Event Venues in Olpad Road, Surat",corporate event venues in Olpad Road Surat,"corporate event venue Olpad Road, corporate event hall near Olpad Road Surat, corporate event venue near Olpad Road",Transactional (Hyper-local),High
Event + City Area,"Reception Venues in Olpad Road, Surat | VenueConnect",/surat/olpad-road/reception-venues/,"Best Reception Venues in Olpad Road, Surat | Book Near You - VenueConnect","Find the perfect reception venue in Olpad Road, Surat. Compare halls, farmhouses & party plots near Olpad Road. Get instant leads & free quotes on VenueConnect.","Best Reception Venues in Olpad Road, Surat",reception venues in Olpad Road Surat,"reception venue Olpad Road, reception hall near Olpad Road Surat, reception venue near Olpad Road",Transactional (Hyper-local),High
Event + City Area,"Wedding Venues in Palanpur Jakatnaka, Surat | VenueConnect",/surat/palanpur-jakatnaka/wedding-venues/,"Best Wedding Venues in Palanpur Jakatnaka, Surat | Book Near You - VenueConnect","Find the perfect wedding venue in Palanpur Jakatnaka, Surat. Compare halls, farmhouses & party plots near Palanpur Jakatnaka. Get instant leads & free quotes on VenueConnect.","Best Wedding Venues in Palanpur Jakatnaka, Surat",wedding venues in Palanpur Jakatnaka Surat,"wedding venue Palanpur Jakatnaka, wedding hall near Palanpur Jakatnaka Surat, wedding venue near Palanpur Jakatnaka",Transactional (Hyper-local),High
Event + City Area,"Birthday Party Venues in Palanpur Jakatnaka, Surat | VenueConnect",/surat/palanpur-jakatnaka/birthday-party-venues/,"Best Birthday Party Venues in Palanpur Jakatnaka, Surat | Book Near You - VenueConnect","Find the perfect birthday party venue in Palanpur Jakatnaka, Surat. Compare halls, farmhouses & party plots near Palanpur Jakatnaka. Get instant leads & free quotes on VenueConnect.","Best Birthday Party Venues in Palanpur Jakatnaka, Surat",birthday party venues in Palanpur Jakatnaka Surat,"birthday party venue Palanpur Jakatnaka, birthday party hall near Palanpur Jakatnaka Surat, birthday party venue near Palanpur Jakatnaka",Transactional (Hyper-local),High
Event + City Area,"Engagement Venues in Palanpur Jakatnaka, Surat | VenueConnect",/surat/palanpur-jakatnaka/engagement-venues/,"Best Engagement Venues in Palanpur Jakatnaka, Surat | Book Near You - VenueConnect","Find the perfect engagement venue in Palanpur Jakatnaka, Surat. Compare halls, farmhouses & party plots near Palanpur Jakatnaka. Get instant leads & free quotes on VenueConnect.","Best Engagement Venues in Palanpur Jakatnaka, Surat",engagement venues in Palanpur Jakatnaka Surat,"engagement venue Palanpur Jakatnaka, engagement hall near Palanpur Jakatnaka Surat, engagement venue near Palanpur Jakatnaka",Transactional (Hyper-local),High
Event + City Area,"Corporate Event Venues in Palanpur Jakatnaka, Surat | VenueConnect",/surat/palanpur-jakatnaka/corporate-event-venues/,"Best Corporate Event Venues in Palanpur Jakatnaka, Surat | Book Near You - VenueConnect","Find the perfect corporate event venue in Palanpur Jakatnaka, Surat. Compare halls, farmhouses & party plots near Palanpur Jakatnaka. Get instant leads & free quotes on VenueConnect.","Best Corporate Event Venues in Palanpur Jakatnaka, Surat",corporate event venues in Palanpur Jakatnaka Surat,"corporate event venue Palanpur Jakatnaka, corporate event hall near Palanpur Jakatnaka Surat, corporate event venue near Palanpur Jakatnaka",Transactional (Hyper-local),High
Event + City Area,"Reception Venues in Palanpur Jakatnaka, Surat | VenueConnect",/surat/palanpur-jakatnaka/reception-venues/,"Best Reception Venues in Palanpur Jakatnaka, Surat | Book Near You - VenueConnect","Find the perfect reception venue in Palanpur Jakatnaka, Surat. Compare halls, farmhouses & party plots near Palanpur Jakatnaka. Get instant leads & free quotes on VenueConnect.","Best Reception Venues in Palanpur Jakatnaka, Surat",reception venues in Palanpur Jakatnaka Surat,"reception venue Palanpur Jakatnaka, reception hall near Palanpur Jakatnaka Surat, reception venue near Palanpur Jakatnaka",Transactional (Hyper-local),High
Event + City Area,"Wedding Venues in Kamrej, Surat | VenueConnect",/surat/kamrej/wedding-venues/,"Best Wedding Venues in Kamrej, Surat | Book Near You - VenueConnect","Find the perfect wedding venue in Kamrej, Surat. Compare halls, farmhouses & party plots near Kamrej. Get instant leads & free quotes on VenueConnect.","Best Wedding Venues in Kamrej, Surat",wedding venues in Kamrej Surat,"wedding venue Kamrej, wedding hall near Kamrej Surat, wedding venue near Kamrej",Transactional (Hyper-local),High
Event + City Area,"Birthday Party Venues in Kamrej, Surat | VenueConnect",/surat/kamrej/birthday-party-venues/,"Best Birthday Party Venues in Kamrej, Surat | Book Near You - VenueConnect","Find the perfect birthday party venue in Kamrej, Surat. Compare halls, farmhouses & party plots near Kamrej. Get instant leads & free quotes on VenueConnect.","Best Birthday Party Venues in Kamrej, Surat",birthday party venues in Kamrej Surat,"birthday party venue Kamrej, birthday party hall near Kamrej Surat, birthday party venue near Kamrej",Transactional (Hyper-local),High
Event + City Area,"Engagement Venues in Kamrej, Surat | VenueConnect",/surat/kamrej/engagement-venues/,"Best Engagement Venues in Kamrej, Surat | Book Near You - VenueConnect","Find the perfect engagement venue in Kamrej, Surat. Compare halls, farmhouses & party plots near Kamrej. Get instant leads & free quotes on VenueConnect.","Best Engagement Venues in Kamrej, Surat",engagement venues in Kamrej Surat,"engagement venue Kamrej, engagement hall near Kamrej Surat, engagement venue near Kamrej",Transactional (Hyper-local),High
Event + City Area,"Corporate Event Venues in Kamrej, Surat | VenueConnect",/surat/kamrej/corporate-event-venues/,"Best Corporate Event Venues in Kamrej, Surat | Book Near You - VenueConnect","Find the perfect corporate event venue in Kamrej, Surat. Compare halls, farmhouses & party plots near Kamrej. Get instant leads & free quotes on VenueConnect.","Best Corporate Event Venues in Kamrej, Surat",corporate event venues in Kamrej Surat,"corporate event venue Kamrej, corporate event hall near Kamrej Surat, corporate event venue near Kamrej",Transactional (Hyper-local),High
Event + City Area,"Reception Venues in Kamrej, Surat | VenueConnect",/surat/kamrej/reception-venues/,"Best Reception Venues in Kamrej, Surat | Book Near You - VenueConnect","Find the perfect reception venue in Kamrej, Surat. Compare halls, farmhouses & party plots near Kamrej. Get instant leads & free quotes on VenueConnect.","Best Reception Venues in Kamrej, Surat",reception venues in Kamrej Surat,"reception venue Kamrej, reception hall near Kamrej Surat, reception venue near Kamrej",Transactional (Hyper-local),High
Event + City Area,"Wedding Venues in Puna, Surat | VenueConnect",/surat/puna/wedding-venues/,"Best Wedding Venues in Puna, Surat | Book Near You - VenueConnect","Find the perfect wedding venue in Puna, Surat. Compare halls, farmhouses & party plots near Puna. Get instant leads & free quotes on VenueConnect.","Best Wedding Venues in Puna, Surat",wedding venues in Puna Surat,"wedding venue Puna, wedding hall near Puna Surat, wedding venue near Puna",Transactional (Hyper-local),High
Event + City Area,"Birthday Party Venues in Puna, Surat | VenueConnect",/surat/puna/birthday-party-venues/,"Best Birthday Party Venues in Puna, Surat | Book Near You - VenueConnect","Find the perfect birthday party venue in Puna, Surat. Compare halls, farmhouses & party plots near Puna. Get instant leads & free quotes on VenueConnect.","Best Birthday Party Venues in Puna, Surat",birthday party venues in Puna Surat,"birthday party venue Puna, birthday party hall near Puna Surat, birthday party venue near Puna",Transactional (Hyper-local),High
Event + City Area,"Engagement Venues in Puna, Surat | VenueConnect",/surat/puna/engagement-venues/,"Best Engagement Venues in Puna, Surat | Book Near You - VenueConnect","Find the perfect engagement venue in Puna, Surat. Compare halls, farmhouses & party plots near Puna. Get instant leads & free quotes on VenueConnect.","Best Engagement Venues in Puna, Surat",engagement venues in Puna Surat,"engagement venue Puna, engagement hall near Puna Surat, engagement venue near Puna",Transactional (Hyper-local),High
Event + City Area,"Corporate Event Venues in Puna, Surat | VenueConnect",/surat/puna/corporate-event-venues/,"Best Corporate Event Venues in Puna, Surat | Book Near You - VenueConnect","Find the perfect corporate event venue in Puna, Surat. Compare halls, farmhouses & party plots near Puna. Get instant leads & free quotes on VenueConnect.","Best Corporate Event Venues in Puna, Surat",corporate event venues in Puna Surat,"corporate event venue Puna, corporate event hall near Puna Surat, corporate event venue near Puna",Transactional (Hyper-local),High
Event + City Area,"Reception Venues in Puna, Surat | VenueConnect",/surat/puna/reception-venues/,"Best Reception Venues in Puna, Surat | Book Near You - VenueConnect","Find the perfect reception venue in Puna, Surat. Compare halls, farmhouses & party plots near Puna. Get instant leads & free quotes on VenueConnect.","Best Reception Venues in Puna, Surat",reception venues in Puna Surat,"reception venue Puna, reception hall near Puna Surat, reception venue near Puna",Transactional (Hyper-local),High
Event + City Area,"Wedding Venues in Ichchhapor, Surat | VenueConnect",/surat/ichchhapor/wedding-venues/,"Best Wedding Venues in Ichchhapor, Surat | Book Near You - VenueConnect","Find the perfect wedding venue in Ichchhapor, Surat. Compare halls, farmhouses & party plots near Ichchhapor. Get instant leads & free quotes on VenueConnect.","Best Wedding Venues in Ichchhapor, Surat",wedding venues in Ichchhapor Surat,"wedding venue Ichchhapor, wedding hall near Ichchhapor Surat, wedding venue near Ichchhapor",Transactional (Hyper-local),High
Event + City Area,"Birthday Party Venues in Ichchhapor, Surat | VenueConnect",/surat/ichchhapor/birthday-party-venues/,"Best Birthday Party Venues in Ichchhapor, Surat | Book Near You - VenueConnect","Find the perfect birthday party venue in Ichchhapor, Surat. Compare halls, farmhouses & party plots near Ichchhapor. Get instant leads & free quotes on VenueConnect.","Best Birthday Party Venues in Ichchhapor, Surat",birthday party venues in Ichchhapor Surat,"birthday party venue Ichchhapor, birthday party hall near Ichchhapor Surat, birthday party venue near Ichchhapor",Transactional (Hyper-local),High
Event + City Area,"Engagement Venues in Ichchhapor, Surat | VenueConnect",/surat/ichchhapor/engagement-venues/,"Best Engagement Venues in Ichchhapor, Surat | Book Near You - VenueConnect","Find the perfect engagement venue in Ichchhapor, Surat. Compare halls, farmhouses & party plots near Ichchhapor. Get instant leads & free quotes on VenueConnect.","Best Engagement Venues in Ichchhapor, Surat",engagement venues in Ichchhapor Surat,"engagement venue Ichchhapor, engagement hall near Ichchhapor Surat, engagement venue near Ichchhapor",Transactional (Hyper-local),High
Event + City Area,"Corporate Event Venues in Ichchhapor, Surat | VenueConnect",/surat/ichchhapor/corporate-event-venues/,"Best Corporate Event Venues in Ichchhapor, Surat | Book Near You - VenueConnect","Find the perfect corporate event venue in Ichchhapor, Surat. Compare halls, farmhouses & party plots near Ichchhapor. Get instant leads & free quotes on VenueConnect.","Best Corporate Event Venues in Ichchhapor, Surat",corporate event venues in Ichchhapor Surat,"corporate event venue Ichchhapor, corporate event hall near Ichchhapor Surat, corporate event venue near Ichchhapor",Transactional (Hyper-local),High
Event + City Area,"Reception Venues in Ichchhapor, Surat | VenueConnect",/surat/ichchhapor/reception-venues/,"Best Reception Venues in Ichchhapor, Surat | Book Near You - VenueConnect","Find the perfect reception venue in Ichchhapor, Surat. Compare halls, farmhouses & party plots near Ichchhapor. Get instant leads & free quotes on VenueConnect.","Best Reception Venues in Ichchhapor, Surat",reception venues in Ichchhapor Surat,"reception venue Ichchhapor, reception hall near Ichchhapor Surat, reception venue near Ichchhapor",Transactional (Hyper-local),High
Event + City Area,"Wedding Venues in Hazira, Surat | VenueConnect",/surat/hazira/wedding-venues/,"Best Wedding Venues in Hazira, Surat | Book Near You - VenueConnect","Find the perfect wedding venue in Hazira, Surat. Compare halls, farmhouses & party plots near Hazira. Get instant leads & free quotes on VenueConnect.","Best Wedding Venues in Hazira, Surat",wedding venues in Hazira Surat,"wedding venue Hazira, wedding hall near Hazira Surat, wedding venue near Hazira",Transactional (Hyper-local),High
Event + City Area,"Birthday Party Venues in Hazira, Surat | VenueConnect",/surat/hazira/birthday-party-venues/,"Best Birthday Party Venues in Hazira, Surat | Book Near You - VenueConnect","Find the perfect birthday party venue in Hazira, Surat. Compare halls, farmhouses & party plots near Hazira. Get instant leads & free quotes on VenueConnect.","Best Birthday Party Venues in Hazira, Surat",birthday party venues in Hazira Surat,"birthday party venue Hazira, birthday party hall near Hazira Surat, birthday party venue near Hazira",Transactional (Hyper-local),High
Event + City Area,"Engagement Venues in Hazira, Surat | VenueConnect",/surat/hazira/engagement-venues/,"Best Engagement Venues in Hazira, Surat | Book Near You - VenueConnect","Find the perfect engagement venue in Hazira, Surat. Compare halls, farmhouses & party plots near Hazira. Get instant leads & free quotes on VenueConnect.","Best Engagement Venues in Hazira, Surat",engagement venues in Hazira Surat,"engagement venue Hazira, engagement hall near Hazira Surat, engagement venue near Hazira",Transactional (Hyper-local),High
Event + City Area,"Corporate Event Venues in Hazira, Surat | VenueConnect",/surat/hazira/corporate-event-venues/,"Best Corporate Event Venues in Hazira, Surat | Book Near You - VenueConnect","Find the perfect corporate event venue in Hazira, Surat. Compare halls, farmhouses & party plots near Hazira. Get instant leads & free quotes on VenueConnect.","Best Corporate Event Venues in Hazira, Surat",corporate event venues in Hazira Surat,"corporate event venue Hazira, corporate event hall near Hazira Surat, corporate event venue near Hazira",Transactional (Hyper-local),High
Event + City Area,"Reception Venues in Hazira, Surat | VenueConnect",/surat/hazira/reception-venues/,"Best Reception Venues in Hazira, Surat | Book Near You - VenueConnect","Find the perfect reception venue in Hazira, Surat. Compare halls, farmhouses & party plots near Hazira. Get instant leads & free quotes on VenueConnect.","Best Reception Venues in Hazira, Surat",reception venues in Hazira Surat,"reception venue Hazira, reception hall near Hazira Surat, reception venue near Hazira",Transactional (Hyper-local),High
Event + City Area,"Wedding Venues in Kim, Surat | VenueConnect",/surat/kim/wedding-venues/,"Best Wedding Venues in Kim, Surat | Book Near You - VenueConnect","Find the perfect wedding venue in Kim, Surat. Compare halls, farmhouses & party plots near Kim. Get instant leads & free quotes on VenueConnect.","Best Wedding Venues in Kim, Surat",wedding venues in Kim Surat,"wedding venue Kim, wedding hall near Kim Surat, wedding venue near Kim",Transactional (Hyper-local),High
Event + City Area,"Birthday Party Venues in Kim, Surat | VenueConnect",/surat/kim/birthday-party-venues/,"Best Birthday Party Venues in Kim, Surat | Book Near You - VenueConnect","Find the perfect birthday party venue in Kim, Surat. Compare halls, farmhouses & party plots near Kim. Get instant leads & free quotes on VenueConnect.","Best Birthday Party Venues in Kim, Surat",birthday party venues in Kim Surat,"birthday party venue Kim, birthday party hall near Kim Surat, birthday party venue near Kim",Transactional (Hyper-local),High
Event + City Area,"Engagement Venues in Kim, Surat | VenueConnect",/surat/kim/engagement-venues/,"Best Engagement Venues in Kim, Surat | Book Near You - VenueConnect","Find the perfect engagement venue in Kim, Surat. Compare halls, farmhouses & party plots near Kim. Get instant leads & free quotes on VenueConnect.","Best Engagement Venues in Kim, Surat",engagement venues in Kim Surat,"engagement venue Kim, engagement hall near Kim Surat, engagement venue near Kim",Transactional (Hyper-local),High
Event + City Area,"Corporate Event Venues in Kim, Surat | VenueConnect",/surat/kim/corporate-event-venues/,"Best Corporate Event Venues in Kim, Surat | Book Near You - VenueConnect","Find the perfect corporate event venue in Kim, Surat. Compare halls, farmhouses & party plots near Kim. Get instant leads & free quotes on VenueConnect.","Best Corporate Event Venues in Kim, Surat",corporate event venues in Kim Surat,"corporate event venue Kim, corporate event hall near Kim Surat, corporate event venue near Kim",Transactional (Hyper-local),High
Event + City Area,"Reception Venues in Kim, Surat | VenueConnect",/surat/kim/reception-venues/,"Best Reception Venues in Kim, Surat | Book Near You - VenueConnect","Find the perfect reception venue in Kim, Surat. Compare halls, farmhouses & party plots near Kim. Get instant leads & free quotes on VenueConnect.","Best Reception Venues in Kim, Surat",reception venues in Kim Surat,"reception venue Kim, reception hall near Kim Surat, reception venue near Kim",Transactional (Hyper-local),High
Event + City Area,"Wedding Venues in Bardoli Road, Surat | VenueConnect",/surat/bardoli-road/wedding-venues/,"Best Wedding Venues in Bardoli Road, Surat | Book Near You - VenueConnect","Find the perfect wedding venue in Bardoli Road, Surat. Compare halls, farmhouses & party plots near Bardoli Road. Get instant leads & free quotes on VenueConnect.","Best Wedding Venues in Bardoli Road, Surat",wedding venues in Bardoli Road Surat,"wedding venue Bardoli Road, wedding hall near Bardoli Road Surat, wedding venue near Bardoli Road",Transactional (Hyper-local),High
Event + City Area,"Birthday Party Venues in Bardoli Road, Surat | VenueConnect",/surat/bardoli-road/birthday-party-venues/,"Best Birthday Party Venues in Bardoli Road, Surat | Book Near You - VenueConnect","Find the perfect birthday party venue in Bardoli Road, Surat. Compare halls, farmhouses & party plots near Bardoli Road. Get instant leads & free quotes on VenueConnect.","Best Birthday Party Venues in Bardoli Road, Surat",birthday party venues in Bardoli Road Surat,"birthday party venue Bardoli Road, birthday party hall near Bardoli Road Surat, birthday party venue near Bardoli Road",Transactional (Hyper-local),High
Event + City Area,"Engagement Venues in Bardoli Road, Surat | VenueConnect",/surat/bardoli-road/engagement-venues/,"Best Engagement Venues in Bardoli Road, Surat | Book Near You - VenueConnect","Find the perfect engagement venue in Bardoli Road, Surat. Compare halls, farmhouses & party plots near Bardoli Road. Get instant leads & free quotes on VenueConnect.","Best Engagement Venues in Bardoli Road, Surat",engagement venues in Bardoli Road Surat,"engagement venue Bardoli Road, engagement hall near Bardoli Road Surat, engagement venue near Bardoli Road",Transactional (Hyper-local),High
Event + City Area,"Corporate Event Venues in Bardoli Road, Surat | VenueConnect",/surat/bardoli-road/corporate-event-venues/,"Best Corporate Event Venues in Bardoli Road, Surat | Book Near You - VenueConnect","Find the perfect corporate event venue in Bardoli Road, Surat. Compare halls, farmhouses & party plots near Bardoli Road. Get instant leads & free quotes on VenueConnect.","Best Corporate Event Venues in Bardoli Road, Surat",corporate event venues in Bardoli Road Surat,"corporate event venue Bardoli Road, corporate event hall near Bardoli Road Surat, corporate event venue near Bardoli Road",Transactional (Hyper-local),High
Event + City Area,"Reception Venues in Bardoli Road, Surat | VenueConnect",/surat/bardoli-road/reception-venues/,"Best Reception Venues in Bardoli Road, Surat | Book Near You - VenueConnect","Find the perfect reception venue in Bardoli Road, Surat. Compare halls, farmhouses & party plots near Bardoli Road. Get instant leads & free quotes on VenueConnect.","Best Reception Venues in Bardoli Road, Surat",reception venues in Bardoli Road Surat,"reception venue Bardoli Road, reception hall near Bardoli Road Surat, reception venue near Bardoli Road",Transactional (Hyper-local),High
Event + City Area,"Wedding Venues in Tapi, Surat | VenueConnect",/surat/tapi/wedding-venues/,"Best Wedding Venues in Tapi, Surat | Book Near You - VenueConnect","Find the perfect wedding venue in Tapi, Surat. Compare halls, farmhouses & party plots near Tapi. Get instant leads & free quotes on VenueConnect.","Best Wedding Venues in Tapi, Surat",wedding venues in Tapi Surat,"wedding venue Tapi, wedding hall near Tapi Surat, wedding venue near Tapi",Transactional (Hyper-local),High
Event + City Area,"Birthday Party Venues in Tapi, Surat | VenueConnect",/surat/tapi/birthday-party-venues/,"Best Birthday Party Venues in Tapi, Surat | Book Near You - VenueConnect","Find the perfect birthday party venue in Tapi, Surat. Compare halls, farmhouses & party plots near Tapi. Get instant leads & free quotes on VenueConnect.","Best Birthday Party Venues in Tapi, Surat",birthday party venues in Tapi Surat,"birthday party venue Tapi, birthday party hall near Tapi Surat, birthday party venue near Tapi",Transactional (Hyper-local),High
Event + City Area,"Engagement Venues in Tapi, Surat | VenueConnect",/surat/tapi/engagement-venues/,"Best Engagement Venues in Tapi, Surat | Book Near You - VenueConnect","Find the perfect engagement venue in Tapi, Surat. Compare halls, farmhouses & party plots near Tapi. Get instant leads & free quotes on VenueConnect.","Best Engagement Venues in Tapi, Surat",engagement venues in Tapi Surat,"engagement venue Tapi, engagement hall near Tapi Surat, engagement venue near Tapi",Transactional (Hyper-local),High
Event + City Area,"Corporate Event Venues in Tapi, Surat | VenueConnect",/surat/tapi/corporate-event-venues/,"Best Corporate Event Venues in Tapi, Surat | Book Near You - VenueConnect","Find the perfect corporate event venue in Tapi, Surat. Compare halls, farmhouses & party plots near Tapi. Get instant leads & free quotes on VenueConnect.","Best Corporate Event Venues in Tapi, Surat",corporate event venues in Tapi Surat,"corporate event venue Tapi, corporate event hall near Tapi Surat, corporate event venue near Tapi",Transactional (Hyper-local),High
Event + City Area,"Reception Venues in Tapi, Surat | VenueConnect",/surat/tapi/reception-venues/,"Best Reception Venues in Tapi, Surat | Book Near You - VenueConnect","Find the perfect reception venue in Tapi, Surat. Compare halls, farmhouses & party plots near Tapi. Get instant leads & free quotes on VenueConnect.","Best Reception Venues in Tapi, Surat",reception venues in Tapi Surat,"reception venue Tapi, reception hall near Tapi Surat, reception venue near Tapi",Transactional (Hyper-local),High
Event + City Area,"Wedding Venues in Bamroli, Surat | VenueConnect",/surat/bamroli/wedding-venues/,"Best Wedding Venues in Bamroli, Surat | Book Near You - VenueConnect","Find the perfect wedding venue in Bamroli, Surat. Compare halls, farmhouses & party plots near Bamroli. Get instant leads & free quotes on VenueConnect.","Best Wedding Venues in Bamroli, Surat",wedding venues in Bamroli Surat,"wedding venue Bamroli, wedding hall near Bamroli Surat, wedding venue near Bamroli",Transactional (Hyper-local),High
Event + City Area,"Birthday Party Venues in Bamroli, Surat | VenueConnect",/surat/bamroli/birthday-party-venues/,"Best Birthday Party Venues in Bamroli, Surat | Book Near You - VenueConnect","Find the perfect birthday party venue in Bamroli, Surat. Compare halls, farmhouses & party plots near Bamroli. Get instant leads & free quotes on VenueConnect.","Best Birthday Party Venues in Bamroli, Surat",birthday party venues in Bamroli Surat,"birthday party venue Bamroli, birthday party hall near Bamroli Surat, birthday party venue near Bamroli",Transactional (Hyper-local),High
Event + City Area,"Engagement Venues in Bamroli, Surat | VenueConnect",/surat/bamroli/engagement-venues/,"Best Engagement Venues in Bamroli, Surat | Book Near You - VenueConnect","Find the perfect engagement venue in Bamroli, Surat. Compare halls, farmhouses & party plots near Bamroli. Get instant leads & free quotes on VenueConnect.","Best Engagement Venues in Bamroli, Surat",engagement venues in Bamroli Surat,"engagement venue Bamroli, engagement hall near Bamroli Surat, engagement venue near Bamroli",Transactional (Hyper-local),High
Event + City Area,"Corporate Event Venues in Bamroli, Surat | VenueConnect",/surat/bamroli/corporate-event-venues/,"Best Corporate Event Venues in Bamroli, Surat | Book Near You - VenueConnect","Find the perfect corporate event venue in Bamroli, Surat. Compare halls, farmhouses & party plots near Bamroli. Get instant leads & free quotes on VenueConnect.","Best Corporate Event Venues in Bamroli, Surat",corporate event venues in Bamroli Surat,"corporate event venue Bamroli, corporate event hall near Bamroli Surat, corporate event venue near Bamroli",Transactional (Hyper-local),High
Event + City Area,"Reception Venues in Bamroli, Surat | VenueConnect",/surat/bamroli/reception-venues/,"Best Reception Venues in Bamroli, Surat | Book Near You - VenueConnect","Find the perfect reception venue in Bamroli, Surat. Compare halls, farmhouses & party plots near Bamroli. Get instant leads & free quotes on VenueConnect.","Best Reception Venues in Bamroli, Surat",reception venues in Bamroli Surat,"reception venue Bamroli, reception hall near Bamroli Surat, reception venue near Bamroli",Transactional (Hyper-local),High
Event + City Area,"Wedding Venues in Godadara, Surat | VenueConnect",/surat/godadara/wedding-venues/,"Best Wedding Venues in Godadara, Surat | Book Near You - VenueConnect","Find the perfect wedding venue in Godadara, Surat. Compare halls, farmhouses & party plots near Godadara. Get instant leads & free quotes on VenueConnect.","Best Wedding Venues in Godadara, Surat",wedding venues in Godadara Surat,"wedding venue Godadara, wedding hall near Godadara Surat, wedding venue near Godadara",Transactional (Hyper-local),High
Event + City Area,"Birthday Party Venues in Godadara, Surat | VenueConnect",/surat/godadara/birthday-party-venues/,"Best Birthday Party Venues in Godadara, Surat | Book Near You - VenueConnect","Find the perfect birthday party venue in Godadara, Surat. Compare halls, farmhouses & party plots near Godadara. Get instant leads & free quotes on VenueConnect.","Best Birthday Party Venues in Godadara, Surat",birthday party venues in Godadara Surat,"birthday party venue Godadara, birthday party hall near Godadara Surat, birthday party venue near Godadara",Transactional (Hyper-local),High
Event + City Area,"Engagement Venues in Godadara, Surat | VenueConnect",/surat/godadara/engagement-venues/,"Best Engagement Venues in Godadara, Surat | Book Near You - VenueConnect","Find the perfect engagement venue in Godadara, Surat. Compare halls, farmhouses & party plots near Godadara. Get instant leads & free quotes on VenueConnect.","Best Engagement Venues in Godadara, Surat",engagement venues in Godadara Surat,"engagement venue Godadara, engagement hall near Godadara Surat, engagement venue near Godadara",Transactional (Hyper-local),High
Event + City Area,"Corporate Event Venues in Godadara, Surat | VenueConnect",/surat/godadara/corporate-event-venues/,"Best Corporate Event Venues in Godadara, Surat | Book Near You - VenueConnect","Find the perfect corporate event venue in Godadara, Surat. Compare halls, farmhouses & party plots near Godadara. Get instant leads & free quotes on VenueConnect.","Best Corporate Event Venues in Godadara, Surat",corporate event venues in Godadara Surat,"corporate event venue Godadara, corporate event hall near Godadara Surat, corporate event venue near Godadara",Transactional (Hyper-local),High
Event + City Area,"Reception Venues in Godadara, Surat | VenueConnect",/surat/godadara/reception-venues/,"Best Reception Venues in Godadara, Surat | Book Near You - VenueConnect","Find the perfect reception venue in Godadara, Surat. Compare halls, farmhouses & party plots near Godadara. Get instant leads & free quotes on VenueConnect.","Best Reception Venues in Godadara, Surat",reception venues in Godadara Surat,"reception venue Godadara, reception hall near Godadara Surat, reception venue near Godadara",Transactional (Hyper-local),High
Event + City Area,"Wedding Venues in Jahangirabad, Surat | VenueConnect",/surat/jahangirabad/wedding-venues/,"Best Wedding Venues in Jahangirabad, Surat | Book Near You - VenueConnect","Find the perfect wedding venue in Jahangirabad, Surat. Compare halls, farmhouses & party plots near Jahangirabad. Get instant leads & free quotes on VenueConnect.","Best Wedding Venues in Jahangirabad, Surat",wedding venues in Jahangirabad Surat,"wedding venue Jahangirabad, wedding hall near Jahangirabad Surat, wedding venue near Jahangirabad",Transactional (Hyper-local),High
Event + City Area,"Birthday Party Venues in Jahangirabad, Surat | VenueConnect",/surat/jahangirabad/birthday-party-venues/,"Best Birthday Party Venues in Jahangirabad, Surat | Book Near You - VenueConnect","Find the perfect birthday party venue in Jahangirabad, Surat. Compare halls, farmhouses & party plots near Jahangirabad. Get instant leads & free quotes on VenueConnect.","Best Birthday Party Venues in Jahangirabad, Surat",birthday party venues in Jahangirabad Surat,"birthday party venue Jahangirabad, birthday party hall near Jahangirabad Surat, birthday party venue near Jahangirabad",Transactional (Hyper-local),High
Event + City Area,"Engagement Venues in Jahangirabad, Surat | VenueConnect",/surat/jahangirabad/engagement-venues/,"Best Engagement Venues in Jahangirabad, Surat | Book Near You - VenueConnect","Find the perfect engagement venue in Jahangirabad, Surat. Compare halls, farmhouses & party plots near Jahangirabad. Get instant leads & free quotes on VenueConnect.","Best Engagement Venues in Jahangirabad, Surat",engagement venues in Jahangirabad Surat,"engagement venue Jahangirabad, engagement hall near Jahangirabad Surat, engagement venue near Jahangirabad",Transactional (Hyper-local),High
Event + City Area,"Corporate Event Venues in Jahangirabad, Surat | VenueConnect",/surat/jahangirabad/corporate-event-venues/,"Best Corporate Event Venues in Jahangirabad, Surat | Book Near You - VenueConnect","Find the perfect corporate event venue in Jahangirabad, Surat. Compare halls, farmhouses & party plots near Jahangirabad. Get instant leads & free quotes on VenueConnect.","Best Corporate Event Venues in Jahangirabad, Surat",corporate event venues in Jahangirabad Surat,"corporate event venue Jahangirabad, corporate event hall near Jahangirabad Surat, corporate event venue near Jahangirabad",Transactional (Hyper-local),High
Event + City Area,"Reception Venues in Jahangirabad, Surat | VenueConnect",/surat/jahangirabad/reception-venues/,"Best Reception Venues in Jahangirabad, Surat | Book Near You - VenueConnect","Find the perfect reception venue in Jahangirabad, Surat. Compare halls, farmhouses & party plots near Jahangirabad. Get instant leads & free quotes on VenueConnect.","Best Reception Venues in Jahangirabad, Surat",reception venues in Jahangirabad Surat,"reception venue Jahangirabad, reception hall near Jahangirabad Surat, reception venue near Jahangirabad",Transactional (Hyper-local),High
Event + City Area,"Wedding Venues in Khatodara, Surat | VenueConnect",/surat/khatodara/wedding-venues/,"Best Wedding Venues in Khatodara, Surat | Book Near You - VenueConnect","Find the perfect wedding venue in Khatodara, Surat. Compare halls, farmhouses & party plots near Khatodara. Get instant leads & free quotes on VenueConnect.","Best Wedding Venues in Khatodara, Surat",wedding venues in Khatodara Surat,"wedding venue Khatodara, wedding hall near Khatodara Surat, wedding venue near Khatodara",Transactional (Hyper-local),High
Event + City Area,"Birthday Party Venues in Khatodara, Surat | VenueConnect",/surat/khatodara/birthday-party-venues/,"Best Birthday Party Venues in Khatodara, Surat | Book Near You - VenueConnect","Find the perfect birthday party venue in Khatodara, Surat. Compare halls, farmhouses & party plots near Khatodara. Get instant leads & free quotes on VenueConnect.","Best Birthday Party Venues in Khatodara, Surat",birthday party venues in Khatodara Surat,"birthday party venue Khatodara, birthday party hall near Khatodara Surat, birthday party venue near Khatodara",Transactional (Hyper-local),High
Event + City Area,"Engagement Venues in Khatodara, Surat | VenueConnect",/surat/khatodara/engagement-venues/,"Best Engagement Venues in Khatodara, Surat | Book Near You - VenueConnect","Find the perfect engagement venue in Khatodara, Surat. Compare halls, farmhouses & party plots near Khatodara. Get instant leads & free quotes on VenueConnect.","Best Engagement Venues in Khatodara, Surat",engagement venues in Khatodara Surat,"engagement venue Khatodara, engagement hall near Khatodara Surat, engagement venue near Khatodara",Transactional (Hyper-local),High
Event + City Area,"Corporate Event Venues in Khatodara, Surat | VenueConnect",/surat/khatodara/corporate-event-venues/,"Best Corporate Event Venues in Khatodara, Surat | Book Near You - VenueConnect","Find the perfect corporate event venue in Khatodara, Surat. Compare halls, farmhouses & party plots near Khatodara. Get instant leads & free quotes on VenueConnect.","Best Corporate Event Venues in Khatodara, Surat",corporate event venues in Khatodara Surat,"corporate event venue Khatodara, corporate event hall near Khatodara Surat, corporate event venue near Khatodara",Transactional (Hyper-local),High
Event + City Area,"Reception Venues in Khatodara, Surat | VenueConnect",/surat/khatodara/reception-venues/,"Best Reception Venues in Khatodara, Surat | Book Near You - VenueConnect","Find the perfect reception venue in Khatodara, Surat. Compare halls, farmhouses & party plots near Khatodara. Get instant leads & free quotes on VenueConnect.","Best Reception Venues in Khatodara, Surat",reception venues in Khatodara Surat,"reception venue Khatodara, reception hall near Khatodara Surat, reception venue near Khatodara",Transactional (Hyper-local),High
Event + City Area,"Wedding Venues in Singanpor, Surat | VenueConnect",/surat/singanpor/wedding-venues/,"Best Wedding Venues in Singanpor, Surat | Book Near You - VenueConnect","Find the perfect wedding venue in Singanpor, Surat. Compare halls, farmhouses & party plots near Singanpor. Get instant leads & free quotes on VenueConnect.","Best Wedding Venues in Singanpor, Surat",wedding venues in Singanpor Surat,"wedding venue Singanpor, wedding hall near Singanpor Surat, wedding venue near Singanpor",Transactional (Hyper-local),High
Event + City Area,"Birthday Party Venues in Singanpor, Surat | VenueConnect",/surat/singanpor/birthday-party-venues/,"Best Birthday Party Venues in Singanpor, Surat | Book Near You - VenueConnect","Find the perfect birthday party venue in Singanpor, Surat. Compare halls, farmhouses & party plots near Singanpor. Get instant leads & free quotes on VenueConnect.","Best Birthday Party Venues in Singanpor, Surat",birthday party venues in Singanpor Surat,"birthday party venue Singanpor, birthday party hall near Singanpor Surat, birthday party venue near Singanpor",Transactional (Hyper-local),High
Event + City Area,"Engagement Venues in Singanpor, Surat | VenueConnect",/surat/singanpor/engagement-venues/,"Best Engagement Venues in Singanpor, Surat | Book Near You - VenueConnect","Find the perfect engagement venue in Singanpor, Surat. Compare halls, farmhouses & party plots near Singanpor. Get instant leads & free quotes on VenueConnect.","Best Engagement Venues in Singanpor, Surat",engagement venues in Singanpor Surat,"engagement venue Singanpor, engagement hall near Singanpor Surat, engagement venue near Singanpor",Transactional (Hyper-local),High
Event + City Area,"Corporate Event Venues in Singanpor, Surat | VenueConnect",/surat/singanpor/corporate-event-venues/,"Best Corporate Event Venues in Singanpor, Surat | Book Near You - VenueConnect","Find the perfect corporate event venue in Singanpor, Surat. Compare halls, farmhouses & party plots near Singanpor. Get instant leads & free quotes on VenueConnect.","Best Corporate Event Venues in Singanpor, Surat",corporate event venues in Singanpor Surat,"corporate event venue Singanpor, corporate event hall near Singanpor Surat, corporate event venue near Singanpor",Transactional (Hyper-local),High
Event + City Area,"Reception Venues in Singanpor, Surat | VenueConnect",/surat/singanpor/reception-venues/,"Best Reception Venues in Singanpor, Surat | Book Near You - VenueConnect","Find the perfect reception venue in Singanpor, Surat. Compare halls, farmhouses & party plots near Singanpor. Get instant leads & free quotes on VenueConnect.","Best Reception Venues in Singanpor, Surat",reception venues in Singanpor Surat,"reception venue Singanpor, reception hall near Singanpor Surat, reception venue near Singanpor",Transactional (Hyper-local),High
Event + City Area,"Wedding Venues in Vav, Surat | VenueConnect",/surat/vav/wedding-venues/,"Best Wedding Venues in Vav, Surat | Book Near You - VenueConnect","Find the perfect wedding venue in Vav, Surat. Compare halls, farmhouses & party plots near Vav. Get instant leads & free quotes on VenueConnect.","Best Wedding Venues in Vav, Surat",wedding venues in Vav Surat,"wedding venue Vav, wedding hall near Vav Surat, wedding venue near Vav",Transactional (Hyper-local),High
Event + City Area,"Birthday Party Venues in Vav, Surat | VenueConnect",/surat/vav/birthday-party-venues/,"Best Birthday Party Venues in Vav, Surat | Book Near You - VenueConnect","Find the perfect birthday party venue in Vav, Surat. Compare halls, farmhouses & party plots near Vav. Get instant leads & free quotes on VenueConnect.","Best Birthday Party Venues in Vav, Surat",birthday party venues in Vav Surat,"birthday party venue Vav, birthday party hall near Vav Surat, birthday party venue near Vav",Transactional (Hyper-local),High
Event + City Area,"Engagement Venues in Vav, Surat | VenueConnect",/surat/vav/engagement-venues/,"Best Engagement Venues in Vav, Surat | Book Near You - VenueConnect","Find the perfect engagement venue in Vav, Surat. Compare halls, farmhouses & party plots near Vav. Get instant leads & free quotes on VenueConnect.","Best Engagement Venues in Vav, Surat",engagement venues in Vav Surat,"engagement venue Vav, engagement hall near Vav Surat, engagement venue near Vav",Transactional (Hyper-local),High
Event + City Area,"Corporate Event Venues in Vav, Surat | VenueConnect",/surat/vav/corporate-event-venues/,"Best Corporate Event Venues in Vav, Surat | Book Near You - VenueConnect","Find the perfect corporate event venue in Vav, Surat. Compare halls, farmhouses & party plots near Vav. Get instant leads & free quotes on VenueConnect.","Best Corporate Event Venues in Vav, Surat",corporate event venues in Vav Surat,"corporate event venue Vav, corporate event hall near Vav Surat, corporate event venue near Vav",Transactional (Hyper-local),High
Event + City Area,"Reception Venues in Vav, Surat | VenueConnect",/surat/vav/reception-venues/,"Best Reception Venues in Vav, Surat | Book Near You - VenueConnect","Find the perfect reception venue in Vav, Surat. Compare halls, farmhouses & party plots near Vav. Get instant leads & free quotes on VenueConnect.","Best Reception Venues in Vav, Surat",reception venues in Vav Surat,"reception venue Vav, reception hall near Vav Surat, reception venue near Vav",Transactional (Hyper-local),High
Event + City Area,"Wedding Venues in Mora, Surat | VenueConnect",/surat/mora/wedding-venues/,"Best Wedding Venues in Mora, Surat | Book Near You - VenueConnect","Find the perfect wedding venue in Mora, Surat. Compare halls, farmhouses & party plots near Mora. Get instant leads & free quotes on VenueConnect.","Best Wedding Venues in Mora, Surat",wedding venues in Mora Surat,"wedding venue Mora, wedding hall near Mora Surat, wedding venue near Mora",Transactional (Hyper-local),High
Event + City Area,"Birthday Party Venues in Mora, Surat | VenueConnect",/surat/mora/birthday-party-venues/,"Best Birthday Party Venues in Mora, Surat | Book Near You - VenueConnect","Find the perfect birthday party venue in Mora, Surat. Compare halls, farmhouses & party plots near Mora. Get instant leads & free quotes on VenueConnect.","Best Birthday Party Venues in Mora, Surat",birthday party venues in Mora Surat,"birthday party venue Mora, birthday party hall near Mora Surat, birthday party venue near Mora",Transactional (Hyper-local),High
Event + City Area,"Engagement Venues in Mora, Surat | VenueConnect",/surat/mora/engagement-venues/,"Best Engagement Venues in Mora, Surat | Book Near You - VenueConnect","Find the perfect engagement venue in Mora, Surat. Compare halls, farmhouses & party plots near Mora. Get instant leads & free quotes on VenueConnect.","Best Engagement Venues in Mora, Surat",engagement venues in Mora Surat,"engagement venue Mora, engagement hall near Mora Surat, engagement venue near Mora",Transactional (Hyper-local),High
Event + City Area,"Corporate Event Venues in Mora, Surat | VenueConnect",/surat/mora/corporate-event-venues/,"Best Corporate Event Venues in Mora, Surat | Book Near You - VenueConnect","Find the perfect corporate event venue in Mora, Surat. Compare halls, farmhouses & party plots near Mora. Get instant leads & free quotes on VenueConnect.","Best Corporate Event Venues in Mora, Surat",corporate event venues in Mora Surat,"corporate event venue Mora, corporate event hall near Mora Surat, corporate event venue near Mora",Transactional (Hyper-local),High
Event + City Area,"Reception Venues in Mora, Surat | VenueConnect",/surat/mora/reception-venues/,"Best Reception Venues in Mora, Surat | Book Near You - VenueConnect","Find the perfect reception venue in Mora, Surat. Compare halls, farmhouses & party plots near Mora. Get instant leads & free quotes on VenueConnect.","Best Reception Venues in Mora, Surat",reception venues in Mora Surat,"reception venue Mora, reception hall near Mora Surat, reception venue near Mora",Transactional (Hyper-local),High
Event + City Area,"Wedding Venues in Khajod, Surat | VenueConnect",/surat/khajod/wedding-venues/,"Best Wedding Venues in Khajod, Surat | Book Near You - VenueConnect","Find the perfect wedding venue in Khajod, Surat. Compare halls, farmhouses & party plots near Khajod. Get instant leads & free quotes on VenueConnect.","Best Wedding Venues in Khajod, Surat",wedding venues in Khajod Surat,"wedding venue Khajod, wedding hall near Khajod Surat, wedding venue near Khajod",Transactional (Hyper-local),High
Event + City Area,"Birthday Party Venues in Khajod, Surat | VenueConnect",/surat/khajod/birthday-party-venues/,"Best Birthday Party Venues in Khajod, Surat | Book Near You - VenueConnect","Find the perfect birthday party venue in Khajod, Surat. Compare halls, farmhouses & party plots near Khajod. Get instant leads & free quotes on VenueConnect.","Best Birthday Party Venues in Khajod, Surat",birthday party venues in Khajod Surat,"birthday party venue Khajod, birthday party hall near Khajod Surat, birthday party venue near Khajod",Transactional (Hyper-local),High
Event + City Area,"Engagement Venues in Khajod, Surat | VenueConnect",/surat/khajod/engagement-venues/,"Best Engagement Venues in Khajod, Surat | Book Near You - VenueConnect","Find the perfect engagement venue in Khajod, Surat. Compare halls, farmhouses & party plots near Khajod. Get instant leads & free quotes on VenueConnect.","Best Engagement Venues in Khajod, Surat",engagement venues in Khajod Surat,"engagement venue Khajod, engagement hall near Khajod Surat, engagement venue near Khajod",Transactional (Hyper-local),High
Event + City Area,"Corporate Event Venues in Khajod, Surat | VenueConnect",/surat/khajod/corporate-event-venues/,"Best Corporate Event Venues in Khajod, Surat | Book Near You - VenueConnect","Find the perfect corporate event venue in Khajod, Surat. Compare halls, farmhouses & party plots near Khajod. Get instant leads & free quotes on VenueConnect.","Best Corporate Event Venues in Khajod, Surat",corporate event venues in Khajod Surat,"corporate event venue Khajod, corporate event hall near Khajod Surat, corporate event venue near Khajod",Transactional (Hyper-local),High
Event + City Area,"Reception Venues in Khajod, Surat | VenueConnect",/surat/khajod/reception-venues/,"Best Reception Venues in Khajod, Surat | Book Near You - VenueConnect","Find the perfect reception venue in Khajod, Surat. Compare halls, farmhouses & party plots near Khajod. Get instant leads & free quotes on VenueConnect.","Best Reception Venues in Khajod, Surat",reception venues in Khajod Surat,"reception venue Khajod, reception hall near Khajod Surat, reception venue near Khajod",Transactional (Hyper-local),High
Event + City Area,"Wedding Venues in Nandej, Surat | VenueConnect",/surat/nandej/wedding-venues/,"Best Wedding Venues in Nandej, Surat | Book Near You - VenueConnect","Find the perfect wedding venue in Nandej, Surat. Compare halls, farmhouses & party plots near Nandej. Get instant leads & free quotes on VenueConnect.","Best Wedding Venues in Nandej, Surat",wedding venues in Nandej Surat,"wedding venue Nandej, wedding hall near Nandej Surat, wedding venue near Nandej",Transactional (Hyper-local),High
Event + City Area,"Birthday Party Venues in Nandej, Surat | VenueConnect",/surat/nandej/birthday-party-venues/,"Best Birthday Party Venues in Nandej, Surat | Book Near You - VenueConnect","Find the perfect birthday party venue in Nandej, Surat. Compare halls, farmhouses & party plots near Nandej. Get instant leads & free quotes on VenueConnect.","Best Birthday Party Venues in Nandej, Surat",birthday party venues in Nandej Surat,"birthday party venue Nandej, birthday party hall near Nandej Surat, birthday party venue near Nandej",Transactional (Hyper-local),High
Event + City Area,"Engagement Venues in Nandej, Surat | VenueConnect",/surat/nandej/engagement-venues/,"Best Engagement Venues in Nandej, Surat | Book Near You - VenueConnect","Find the perfect engagement venue in Nandej, Surat. Compare halls, farmhouses & party plots near Nandej. Get instant leads & free quotes on VenueConnect.","Best Engagement Venues in Nandej, Surat",engagement venues in Nandej Surat,"engagement venue Nandej, engagement hall near Nandej Surat, engagement venue near Nandej",Transactional (Hyper-local),High
Event + City Area,"Corporate Event Venues in Nandej, Surat | VenueConnect",/surat/nandej/corporate-event-venues/,"Best Corporate Event Venues in Nandej, Surat | Book Near You - VenueConnect","Find the perfect corporate event venue in Nandej, Surat. Compare halls, farmhouses & party plots near Nandej. Get instant leads & free quotes on VenueConnect.","Best Corporate Event Venues in Nandej, Surat",corporate event venues in Nandej Surat,"corporate event venue Nandej, corporate event hall near Nandej Surat, corporate event venue near Nandej",Transactional (Hyper-local),High
Event + City Area,"Reception Venues in Nandej, Surat | VenueConnect",/surat/nandej/reception-venues/,"Best Reception Venues in Nandej, Surat | Book Near You - VenueConnect","Find the perfect reception venue in Nandej, Surat. Compare halls, farmhouses & party plots near Nandej. Get instant leads & free quotes on VenueConnect.","Best Reception Venues in Nandej, Surat",reception venues in Nandej Surat,"reception venue Nandej, reception hall near Nandej Surat, reception venue near Nandej",Transactional (Hyper-local),High
Event + City Area,"Wedding Venues in Mota Varachha, Surat | VenueConnect",/surat/mota-varachha/wedding-venues/,"Best Wedding Venues in Mota Varachha, Surat | Book Near You - VenueConnect","Find the perfect wedding venue in Mota Varachha, Surat. Compare halls, farmhouses & party plots near Mota Varachha. Get instant leads & free quotes on VenueConnect.","Best Wedding Venues in Mota Varachha, Surat",wedding venues in Mota Varachha Surat,"wedding venue Mota Varachha, wedding hall near Mota Varachha Surat, wedding venue near Mota Varachha",Transactional (Hyper-local),High
Event + City Area,"Birthday Party Venues in Mota Varachha, Surat | VenueConnect",/surat/mota-varachha/birthday-party-venues/,"Best Birthday Party Venues in Mota Varachha, Surat | Book Near You - VenueConnect","Find the perfect birthday party venue in Mota Varachha, Surat. Compare halls, farmhouses & party plots near Mota Varachha. Get instant leads & free quotes on VenueConnect.","Best Birthday Party Venues in Mota Varachha, Surat",birthday party venues in Mota Varachha Surat,"birthday party venue Mota Varachha, birthday party hall near Mota Varachha Surat, birthday party venue near Mota Varachha",Transactional (Hyper-local),High
Event + City Area,"Engagement Venues in Mota Varachha, Surat | VenueConnect",/surat/mota-varachha/engagement-venues/,"Best Engagement Venues in Mota Varachha, Surat | Book Near You - VenueConnect","Find the perfect engagement venue in Mota Varachha, Surat. Compare halls, farmhouses & party plots near Mota Varachha. Get instant leads & free quotes on VenueConnect.","Best Engagement Venues in Mota Varachha, Surat",engagement venues in Mota Varachha Surat,"engagement venue Mota Varachha, engagement hall near Mota Varachha Surat, engagement venue near Mota Varachha",Transactional (Hyper-local),High
Event + City Area,"Corporate Event Venues in Mota Varachha, Surat | VenueConnect",/surat/mota-varachha/corporate-event-venues/,"Best Corporate Event Venues in Mota Varachha, Surat | Book Near You - VenueConnect","Find the perfect corporate event venue in Mota Varachha, Surat. Compare halls, farmhouses & party plots near Mota Varachha. Get instant leads & free quotes on VenueConnect.","Best Corporate Event Venues in Mota Varachha, Surat",corporate event venues in Mota Varachha Surat,"corporate event venue Mota Varachha, corporate event hall near Mota Varachha Surat, corporate event venue near Mota Varachha",Transactional (Hyper-local),High
Event + City Area,"Reception Venues in Mota Varachha, Surat | VenueConnect",/surat/mota-varachha/reception-venues/,"Best Reception Venues in Mota Varachha, Surat | Book Near You - VenueConnect","Find the perfect reception venue in Mota Varachha, Surat. Compare halls, farmhouses & party plots near Mota Varachha. Get instant leads & free quotes on VenueConnect.","Best Reception Venues in Mota Varachha, Surat",reception venues in Mota Varachha Surat,"reception venue Mota Varachha, reception hall near Mota Varachha Surat, reception venue near Mota Varachha",Transactional (Hyper-local),High
Event + City Area,"Wedding Venues in Kapodra, Surat | VenueConnect",/surat/kapodra/wedding-venues/,"Best Wedding Venues in Kapodra, Surat | Book Near You - VenueConnect","Find the perfect wedding venue in Kapodra, Surat. Compare halls, farmhouses & party plots near Kapodra. Get instant leads & free quotes on VenueConnect.","Best Wedding Venues in Kapodra, Surat",wedding venues in Kapodra Surat,"wedding venue Kapodra, wedding hall near Kapodra Surat, wedding venue near Kapodra",Transactional (Hyper-local),High
Event + City Area,"Birthday Party Venues in Kapodra, Surat | VenueConnect",/surat/kapodra/birthday-party-venues/,"Best Birthday Party Venues in Kapodra, Surat | Book Near You - VenueConnect","Find the perfect birthday party venue in Kapodra, Surat. Compare halls, farmhouses & party plots near Kapodra. Get instant leads & free quotes on VenueConnect.","Best Birthday Party Venues in Kapodra, Surat",birthday party venues in Kapodra Surat,"birthday party venue Kapodra, birthday party hall near Kapodra Surat, birthday party venue near Kapodra",Transactional (Hyper-local),High
Event + City Area,"Engagement Venues in Kapodra, Surat | VenueConnect",/surat/kapodra/engagement-venues/,"Best Engagement Venues in Kapodra, Surat | Book Near You - VenueConnect","Find the perfect engagement venue in Kapodra, Surat. Compare halls, farmhouses & party plots near Kapodra. Get instant leads & free quotes on VenueConnect.","Best Engagement Venues in Kapodra, Surat",engagement venues in Kapodra Surat,"engagement venue Kapodra, engagement hall near Kapodra Surat, engagement venue near Kapodra",Transactional (Hyper-local),High
Event + City Area,"Corporate Event Venues in Kapodra, Surat | VenueConnect",/surat/kapodra/corporate-event-venues/,"Best Corporate Event Venues in Kapodra, Surat | Book Near You - VenueConnect","Find the perfect corporate event venue in Kapodra, Surat. Compare halls, farmhouses & party plots near Kapodra. Get instant leads & free quotes on VenueConnect.","Best Corporate Event Venues in Kapodra, Surat",corporate event venues in Kapodra Surat,"corporate event venue Kapodra, corporate event hall near Kapodra Surat, corporate event venue near Kapodra",Transactional (Hyper-local),High
Event + City Area,"Reception Venues in Kapodra, Surat | VenueConnect",/surat/kapodra/reception-venues/,"Best Reception Venues in Kapodra, Surat | Book Near You - VenueConnect","Find the perfect reception venue in Kapodra, Surat. Compare halls, farmhouses & party plots near Kapodra. Get instant leads & free quotes on VenueConnect.","Best Reception Venues in Kapodra, Surat",reception venues in Kapodra Surat,"reception venue Kapodra, reception hall near Kapodra Surat, reception venue near Kapodra",Transactional (Hyper-local),High
Event + City Area,"Wedding Venues in Rundh, Surat | VenueConnect",/surat/rundh/wedding-venues/,"Best Wedding Venues in Rundh, Surat | Book Near You - VenueConnect","Find the perfect wedding venue in Rundh, Surat. Compare halls, farmhouses & party plots near Rundh. Get instant leads & free quotes on VenueConnect.","Best Wedding Venues in Rundh, Surat",wedding venues in Rundh Surat,"wedding venue Rundh, wedding hall near Rundh Surat, wedding venue near Rundh",Transactional (Hyper-local),High
Event + City Area,"Birthday Party Venues in Rundh, Surat | VenueConnect",/surat/rundh/birthday-party-venues/,"Best Birthday Party Venues in Rundh, Surat | Book Near You - VenueConnect","Find the perfect birthday party venue in Rundh, Surat. Compare halls, farmhouses & party plots near Rundh. Get instant leads & free quotes on VenueConnect.","Best Birthday Party Venues in Rundh, Surat",birthday party venues in Rundh Surat,"birthday party venue Rundh, birthday party hall near Rundh Surat, birthday party venue near Rundh",Transactional (Hyper-local),High
Event + City Area,"Engagement Venues in Rundh, Surat | VenueConnect",/surat/rundh/engagement-venues/,"Best Engagement Venues in Rundh, Surat | Book Near You - VenueConnect","Find the perfect engagement venue in Rundh, Surat. Compare halls, farmhouses & party plots near Rundh. Get instant leads & free quotes on VenueConnect.","Best Engagement Venues in Rundh, Surat",engagement venues in Rundh Surat,"engagement venue Rundh, engagement hall near Rundh Surat, engagement venue near Rundh",Transactional (Hyper-local),High
Event + City Area,"Corporate Event Venues in Rundh, Surat | VenueConnect",/surat/rundh/corporate-event-venues/,"Best Corporate Event Venues in Rundh, Surat | Book Near You - VenueConnect","Find the perfect corporate event venue in Rundh, Surat. Compare halls, farmhouses & party plots near Rundh. Get instant leads & free quotes on VenueConnect.","Best Corporate Event Venues in Rundh, Surat",corporate event venues in Rundh Surat,"corporate event venue Rundh, corporate event hall near Rundh Surat, corporate event venue near Rundh",Transactional (Hyper-local),High
Event + City Area,"Reception Venues in Rundh, Surat | VenueConnect",/surat/rundh/reception-venues/,"Best Reception Venues in Rundh, Surat | Book Near You - VenueConnect","Find the perfect reception venue in Rundh, Surat. Compare halls, farmhouses & party plots near Rundh. Get instant leads & free quotes on VenueConnect.","Best Reception Venues in Rundh, Surat",reception venues in Rundh Surat,"reception venue Rundh, reception hall near Rundh Surat, reception venue near Rundh",Transactional (Hyper-local),High
Event + City Area,"Wedding Venues in Bhatpore, Surat | VenueConnect",/surat/bhatpore/wedding-venues/,"Best Wedding Venues in Bhatpore, Surat | Book Near You - VenueConnect","Find the perfect wedding venue in Bhatpore, Surat. Compare halls, farmhouses & party plots near Bhatpore. Get instant leads & free quotes on VenueConnect.","Best Wedding Venues in Bhatpore, Surat",wedding venues in Bhatpore Surat,"wedding venue Bhatpore, wedding hall near Bhatpore Surat, wedding venue near Bhatpore",Transactional (Hyper-local),High
Event + City Area,"Birthday Party Venues in Bhatpore, Surat | VenueConnect",/surat/bhatpore/birthday-party-venues/,"Best Birthday Party Venues in Bhatpore, Surat | Book Near You - VenueConnect","Find the perfect birthday party venue in Bhatpore, Surat. Compare halls, farmhouses & party plots near Bhatpore. Get instant leads & free quotes on VenueConnect.","Best Birthday Party Venues in Bhatpore, Surat",birthday party venues in Bhatpore Surat,"birthday party venue Bhatpore, birthday party hall near Bhatpore Surat, birthday party venue near Bhatpore",Transactional (Hyper-local),High
Event + City Area,"Engagement Venues in Bhatpore, Surat | VenueConnect",/surat/bhatpore/engagement-venues/,"Best Engagement Venues in Bhatpore, Surat | Book Near You - VenueConnect","Find the perfect engagement venue in Bhatpore, Surat. Compare halls, farmhouses & party plots near Bhatpore. Get instant leads & free quotes on VenueConnect.","Best Engagement Venues in Bhatpore, Surat",engagement venues in Bhatpore Surat,"engagement venue Bhatpore, engagement hall near Bhatpore Surat, engagement venue near Bhatpore",Transactional (Hyper-local),High
Event + City Area,"Corporate Event Venues in Bhatpore, Surat | VenueConnect",/surat/bhatpore/corporate-event-venues/,"Best Corporate Event Venues in Bhatpore, Surat | Book Near You - VenueConnect","Find the perfect corporate event venue in Bhatpore, Surat. Compare halls, farmhouses & party plots near Bhatpore. Get instant leads & free quotes on VenueConnect.","Best Corporate Event Venues in Bhatpore, Surat",corporate event venues in Bhatpore Surat,"corporate event venue Bhatpore, corporate event hall near Bhatpore Surat, corporate event venue near Bhatpore",Transactional (Hyper-local),High
Event + City Area,"Reception Venues in Bhatpore, Surat | VenueConnect",/surat/bhatpore/reception-venues/,"Best Reception Venues in Bhatpore, Surat | Book Near You - VenueConnect","Find the perfect reception venue in Bhatpore, Surat. Compare halls, farmhouses & party plots near Bhatpore. Get instant leads & free quotes on VenueConnect.","Best Reception Venues in Bhatpore, Surat",reception venues in Bhatpore Surat,"reception venue Bhatpore, reception hall near Bhatpore Surat, reception venue near Bhatpore",Transactional (Hyper-local),High
Event + City Area,"Wedding Venues in Nana Varachha, Surat | VenueConnect",/surat/nana-varachha/wedding-venues/,"Best Wedding Venues in Nana Varachha, Surat | Book Near You - VenueConnect","Find the perfect wedding venue in Nana Varachha, Surat. Compare halls, farmhouses & party plots near Nana Varachha. Get instant leads & free quotes on VenueConnect.","Best Wedding Venues in Nana Varachha, Surat",wedding venues in Nana Varachha Surat,"wedding venue Nana Varachha, wedding hall near Nana Varachha Surat, wedding venue near Nana Varachha",Transactional (Hyper-local),High
Event + City Area,"Birthday Party Venues in Nana Varachha, Surat | VenueConnect",/surat/nana-varachha/birthday-party-venues/,"Best Birthday Party Venues in Nana Varachha, Surat | Book Near You - VenueConnect","Find the perfect birthday party venue in Nana Varachha, Surat. Compare halls, farmhouses & party plots near Nana Varachha. Get instant leads & free quotes on VenueConnect.","Best Birthday Party Venues in Nana Varachha, Surat",birthday party venues in Nana Varachha Surat,"birthday party venue Nana Varachha, birthday party hall near Nana Varachha Surat, birthday party venue near Nana Varachha",Transactional (Hyper-local),High
Event + City Area,"Engagement Venues in Nana Varachha, Surat | VenueConnect",/surat/nana-varachha/engagement-venues/,"Best Engagement Venues in Nana Varachha, Surat | Book Near You - VenueConnect","Find the perfect engagement venue in Nana Varachha, Surat. Compare halls, farmhouses & party plots near Nana Varachha. Get instant leads & free quotes on VenueConnect.","Best Engagement Venues in Nana Varachha, Surat",engagement venues in Nana Varachha Surat,"engagement venue Nana Varachha, engagement hall near Nana Varachha Surat, engagement venue near Nana Varachha",Transactional (Hyper-local),High
Event + City Area,"Corporate Event Venues in Nana Varachha, Surat | VenueConnect",/surat/nana-varachha/corporate-event-venues/,"Best Corporate Event Venues in Nana Varachha, Surat | Book Near You - VenueConnect","Find the perfect corporate event venue in Nana Varachha, Surat. Compare halls, farmhouses & party plots near Nana Varachha. Get instant leads & free quotes on VenueConnect.","Best Corporate Event Venues in Nana Varachha, Surat",corporate event venues in Nana Varachha Surat,"corporate event venue Nana Varachha, corporate event hall near Nana Varachha Surat, corporate event venue near Nana Varachha",Transactional (Hyper-local),High
Event + City Area,"Reception Venues in Nana Varachha, Surat | VenueConnect",/surat/nana-varachha/reception-venues/,"Best Reception Venues in Nana Varachha, Surat | Book Near You - VenueConnect","Find the perfect reception venue in Nana Varachha, Surat. Compare halls, farmhouses & party plots near Nana Varachha. Get instant leads & free quotes on VenueConnect.","Best Reception Venues in Nana Varachha, Surat",reception venues in Nana Varachha Surat,"reception venue Nana Varachha, reception hall near Nana Varachha Surat, reception venue near Nana Varachha",Transactional (Hyper-local),High
Event + City Area,"Wedding Venues in Utran, Surat | VenueConnect",/surat/utran/wedding-venues/,"Best Wedding Venues in Utran, Surat | Book Near You - VenueConnect","Find the perfect wedding venue in Utran, Surat. Compare halls, farmhouses & party plots near Utran. Get instant leads & free quotes on VenueConnect.","Best Wedding Venues in Utran, Surat",wedding venues in Utran Surat,"wedding venue Utran, wedding hall near Utran Surat, wedding venue near Utran",Transactional (Hyper-local),High
Event + City Area,"Birthday Party Venues in Utran, Surat | VenueConnect",/surat/utran/birthday-party-venues/,"Best Birthday Party Venues in Utran, Surat | Book Near You - VenueConnect","Find the perfect birthday party venue in Utran, Surat. Compare halls, farmhouses & party plots near Utran. Get instant leads & free quotes on VenueConnect.","Best Birthday Party Venues in Utran, Surat",birthday party venues in Utran Surat,"birthday party venue Utran, birthday party hall near Utran Surat, birthday party venue near Utran",Transactional (Hyper-local),High
Event + City Area,"Engagement Venues in Utran, Surat | VenueConnect",/surat/utran/engagement-venues/,"Best Engagement Venues in Utran, Surat | Book Near You - VenueConnect","Find the perfect engagement venue in Utran, Surat. Compare halls, farmhouses & party plots near Utran. Get instant leads & free quotes on VenueConnect.","Best Engagement Venues in Utran, Surat",engagement venues in Utran Surat,"engagement venue Utran, engagement hall near Utran Surat, engagement venue near Utran",Transactional (Hyper-local),High
Event + City Area,"Corporate Event Venues in Utran, Surat | VenueConnect",/surat/utran/corporate-event-venues/,"Best Corporate Event Venues in Utran, Surat | Book Near You - VenueConnect","Find the perfect corporate event venue in Utran, Surat. Compare halls, farmhouses & party plots near Utran. Get instant leads & free quotes on VenueConnect.","Best Corporate Event Venues in Utran, Surat",corporate event venues in Utran Surat,"corporate event venue Utran, corporate event hall near Utran Surat, corporate event venue near Utran",Transactional (Hyper-local),High
Event + City Area,"Reception Venues in Utran, Surat | VenueConnect",/surat/utran/reception-venues/,"Best Reception Venues in Utran, Surat | Book Near You - VenueConnect","Find the perfect reception venue in Utran, Surat. Compare halls, farmhouses & party plots near Utran. Get instant leads & free quotes on VenueConnect.","Best Reception Venues in Utran, Surat",reception venues in Utran Surat,"reception venue Utran, reception hall near Utran Surat, reception venue near Utran",Transactional (Hyper-local),High
  VENDOR + CITY AREA PAGES (Hyper-local),,,,,,,,,
Page Type,Page Title,URL Slug,Meta Title,Meta Description,H1 Tag,Target Keyword,Secondary Keywords,Search Intent,Priority
Vendor + City Area,"Photographers in Adajan, Surat | VenueConnect",/surat/adajan/vendors/photographers/,"Top Photographers in Adajan, Surat | Hire Near You - VenueConnect","Find the best photographers in Adajan, Surat for your event. Browse verified profiles, compare pricing & get WhatsApp leads instantly on VenueConnect.","Top Photographers in Adajan, Surat",photographers in Adajan Surat,"photographers near Adajan, photographers Adajan Surat, best photographers near Adajan",Transactional (Hyper-local),Medium
Vendor + City Area,"Caterers in Adajan, Surat | VenueConnect",/surat/adajan/vendors/caterers/,"Top Caterers in Adajan, Surat | Hire Near You - VenueConnect","Find the best caterers in Adajan, Surat for your event. Browse verified profiles, compare pricing & get WhatsApp leads instantly on VenueConnect.","Top Caterers in Adajan, Surat",caterers in Adajan Surat,"caterers near Adajan, caterers Adajan Surat, best caterers near Adajan",Transactional (Hyper-local),Medium
Vendor + City Area,"Decorators in Adajan, Surat | VenueConnect",/surat/adajan/vendors/decorators/,"Top Decorators in Adajan, Surat | Hire Near You - VenueConnect","Find the best decorators in Adajan, Surat for your event. Browse verified profiles, compare pricing & get WhatsApp leads instantly on VenueConnect.","Top Decorators in Adajan, Surat",decorators in Adajan Surat,"decorators near Adajan, decorators Adajan Surat, best decorators near Adajan",Transactional (Hyper-local),Medium
Vendor + City Area,"Mehndi Artists in Adajan, Surat | VenueConnect",/surat/adajan/vendors/mehndi-artists/,"Top Mehndi Artists in Adajan, Surat | Hire Near You - VenueConnect","Find the best mehndi artists in Adajan, Surat for your event. Browse verified profiles, compare pricing & get WhatsApp leads instantly on VenueConnect.","Top Mehndi Artists in Adajan, Surat",mehndi artists in Adajan Surat,"mehndi artists near Adajan, mehndi artists Adajan Surat, best mehndi artists near Adajan",Transactional (Hyper-local),Medium
Vendor + City Area,"Photographers in Vesu, Surat | VenueConnect",/surat/vesu/vendors/photographers/,"Top Photographers in Vesu, Surat | Hire Near You - VenueConnect","Find the best photographers in Vesu, Surat for your event. Browse verified profiles, compare pricing & get WhatsApp leads instantly on VenueConnect.","Top Photographers in Vesu, Surat",photographers in Vesu Surat,"photographers near Vesu, photographers Vesu Surat, best photographers near Vesu",Transactional (Hyper-local),Medium
Vendor + City Area,"Caterers in Vesu, Surat | VenueConnect",/surat/vesu/vendors/caterers/,"Top Caterers in Vesu, Surat | Hire Near You - VenueConnect","Find the best caterers in Vesu, Surat for your event. Browse verified profiles, compare pricing & get WhatsApp leads instantly on VenueConnect.","Top Caterers in Vesu, Surat",caterers in Vesu Surat,"caterers near Vesu, caterers Vesu Surat, best caterers near Vesu",Transactional (Hyper-local),Medium
Vendor + City Area,"Decorators in Vesu, Surat | VenueConnect",/surat/vesu/vendors/decorators/,"Top Decorators in Vesu, Surat | Hire Near You - VenueConnect","Find the best decorators in Vesu, Surat for your event. Browse verified profiles, compare pricing & get WhatsApp leads instantly on VenueConnect.","Top Decorators in Vesu, Surat",decorators in Vesu Surat,"decorators near Vesu, decorators Vesu Surat, best decorators near Vesu",Transactional (Hyper-local),Medium
Vendor + City Area,"Mehndi Artists in Vesu, Surat | VenueConnect",/surat/vesu/vendors/mehndi-artists/,"Top Mehndi Artists in Vesu, Surat | Hire Near You - VenueConnect","Find the best mehndi artists in Vesu, Surat for your event. Browse verified profiles, compare pricing & get WhatsApp leads instantly on VenueConnect.","Top Mehndi Artists in Vesu, Surat",mehndi artists in Vesu Surat,"mehndi artists near Vesu, mehndi artists Vesu Surat, best mehndi artists near Vesu",Transactional (Hyper-local),Medium
Vendor + City Area,"Photographers in Pal, Surat | VenueConnect",/surat/pal/vendors/photographers/,"Top Photographers in Pal, Surat | Hire Near You - VenueConnect","Find the best photographers in Pal, Surat for your event. Browse verified profiles, compare pricing & get WhatsApp leads instantly on VenueConnect.","Top Photographers in Pal, Surat",photographers in Pal Surat,"photographers near Pal, photographers Pal Surat, best photographers near Pal",Transactional (Hyper-local),Medium
Vendor + City Area,"Caterers in Pal, Surat | VenueConnect",/surat/pal/vendors/caterers/,"Top Caterers in Pal, Surat | Hire Near You - VenueConnect","Find the best caterers in Pal, Surat for your event. Browse verified profiles, compare pricing & get WhatsApp leads instantly on VenueConnect.","Top Caterers in Pal, Surat",caterers in Pal Surat,"caterers near Pal, caterers Pal Surat, best caterers near Pal",Transactional (Hyper-local),Medium
Vendor + City Area,"Decorators in Pal, Surat | VenueConnect",/surat/pal/vendors/decorators/,"Top Decorators in Pal, Surat | Hire Near You - VenueConnect","Find the best decorators in Pal, Surat for your event. Browse verified profiles, compare pricing & get WhatsApp leads instantly on VenueConnect.","Top Decorators in Pal, Surat",decorators in Pal Surat,"decorators near Pal, decorators Pal Surat, best decorators near Pal",Transactional (Hyper-local),Medium
Vendor + City Area,"Mehndi Artists in Pal, Surat | VenueConnect",/surat/pal/vendors/mehndi-artists/,"Top Mehndi Artists in Pal, Surat | Hire Near You - VenueConnect","Find the best mehndi artists in Pal, Surat for your event. Browse verified profiles, compare pricing & get WhatsApp leads instantly on VenueConnect.","Top Mehndi Artists in Pal, Surat",mehndi artists in Pal Surat,"mehndi artists near Pal, mehndi artists Pal Surat, best mehndi artists near Pal",Transactional (Hyper-local),Medium
Vendor + City Area,"Photographers in Althan, Surat | VenueConnect",/surat/althan/vendors/photographers/,"Top Photographers in Althan, Surat | Hire Near You - VenueConnect","Find the best photographers in Althan, Surat for your event. Browse verified profiles, compare pricing & get WhatsApp leads instantly on VenueConnect.","Top Photographers in Althan, Surat",photographers in Althan Surat,"photographers near Althan, photographers Althan Surat, best photographers near Althan",Transactional (Hyper-local),Medium
Vendor + City Area,"Caterers in Althan, Surat | VenueConnect",/surat/althan/vendors/caterers/,"Top Caterers in Althan, Surat | Hire Near You - VenueConnect","Find the best caterers in Althan, Surat for your event. Browse verified profiles, compare pricing & get WhatsApp leads instantly on VenueConnect.","Top Caterers in Althan, Surat",caterers in Althan Surat,"caterers near Althan, caterers Althan Surat, best caterers near Althan",Transactional (Hyper-local),Medium
Vendor + City Area,"Decorators in Althan, Surat | VenueConnect",/surat/althan/vendors/decorators/,"Top Decorators in Althan, Surat | Hire Near You - VenueConnect","Find the best decorators in Althan, Surat for your event. Browse verified profiles, compare pricing & get WhatsApp leads instantly on VenueConnect.","Top Decorators in Althan, Surat",decorators in Althan Surat,"decorators near Althan, decorators Althan Surat, best decorators near Althan",Transactional (Hyper-local),Medium
Vendor + City Area,"Mehndi Artists in Althan, Surat | VenueConnect",/surat/althan/vendors/mehndi-artists/,"Top Mehndi Artists in Althan, Surat | Hire Near You - VenueConnect","Find the best mehndi artists in Althan, Surat for your event. Browse verified profiles, compare pricing & get WhatsApp leads instantly on VenueConnect.","Top Mehndi Artists in Althan, Surat",mehndi artists in Althan Surat,"mehndi artists near Althan, mehndi artists Althan Surat, best mehndi artists near Althan",Transactional (Hyper-local),Medium
Vendor + City Area,"Photographers in Piplod, Surat | VenueConnect",/surat/piplod/vendors/photographers/,"Top Photographers in Piplod, Surat | Hire Near You - VenueConnect","Find the best photographers in Piplod, Surat for your event. Browse verified profiles, compare pricing & get WhatsApp leads instantly on VenueConnect.","Top Photographers in Piplod, Surat",photographers in Piplod Surat,"photographers near Piplod, photographers Piplod Surat, best photographers near Piplod",Transactional (Hyper-local),Medium
Vendor + City Area,"Caterers in Piplod, Surat | VenueConnect",/surat/piplod/vendors/caterers/,"Top Caterers in Piplod, Surat | Hire Near You - VenueConnect","Find the best caterers in Piplod, Surat for your event. Browse verified profiles, compare pricing & get WhatsApp leads instantly on VenueConnect.","Top Caterers in Piplod, Surat",caterers in Piplod Surat,"caterers near Piplod, caterers Piplod Surat, best caterers near Piplod",Transactional (Hyper-local),Medium
Vendor + City Area,"Decorators in Piplod, Surat | VenueConnect",/surat/piplod/vendors/decorators/,"Top Decorators in Piplod, Surat | Hire Near You - VenueConnect","Find the best decorators in Piplod, Surat for your event. Browse verified profiles, compare pricing & get WhatsApp leads instantly on VenueConnect.","Top Decorators in Piplod, Surat",decorators in Piplod Surat,"decorators near Piplod, decorators Piplod Surat, best decorators near Piplod",Transactional (Hyper-local),Medium
Vendor + City Area,"Mehndi Artists in Piplod, Surat | VenueConnect",/surat/piplod/vendors/mehndi-artists/,"Top Mehndi Artists in Piplod, Surat | Hire Near You - VenueConnect","Find the best mehndi artists in Piplod, Surat for your event. Browse verified profiles, compare pricing & get WhatsApp leads instantly on VenueConnect.","Top Mehndi Artists in Piplod, Surat",mehndi artists in Piplod Surat,"mehndi artists near Piplod, mehndi artists Piplod Surat, best mehndi artists near Piplod",Transactional (Hyper-local),Medium
Vendor + City Area,"Photographers in Citylight, Surat | VenueConnect",/surat/citylight/vendors/photographers/,"Top Photographers in Citylight, Surat | Hire Near You - VenueConnect","Find the best photographers in Citylight, Surat for your event. Browse verified profiles, compare pricing & get WhatsApp leads instantly on VenueConnect.","Top Photographers in Citylight, Surat",photographers in Citylight Surat,"photographers near Citylight, photographers Citylight Surat, best photographers near Citylight",Transactional (Hyper-local),Medium
Vendor + City Area,"Caterers in Citylight, Surat | VenueConnect",/surat/citylight/vendors/caterers/,"Top Caterers in Citylight, Surat | Hire Near You - VenueConnect","Find the best caterers in Citylight, Surat for your event. Browse verified profiles, compare pricing & get WhatsApp leads instantly on VenueConnect.","Top Caterers in Citylight, Surat",caterers in Citylight Surat,"caterers near Citylight, caterers Citylight Surat, best caterers near Citylight",Transactional (Hyper-local),Medium
Vendor + City Area,"Decorators in Citylight, Surat | VenueConnect",/surat/citylight/vendors/decorators/,"Top Decorators in Citylight, Surat | Hire Near You - VenueConnect","Find the best decorators in Citylight, Surat for your event. Browse verified profiles, compare pricing & get WhatsApp leads instantly on VenueConnect.","Top Decorators in Citylight, Surat",decorators in Citylight Surat,"decorators near Citylight, decorators Citylight Surat, best decorators near Citylight",Transactional (Hyper-local),Medium
Vendor + City Area,"Mehndi Artists in Citylight, Surat | VenueConnect",/surat/citylight/vendors/mehndi-artists/,"Top Mehndi Artists in Citylight, Surat | Hire Near You - VenueConnect","Find the best mehndi artists in Citylight, Surat for your event. Browse verified profiles, compare pricing & get WhatsApp leads instantly on VenueConnect.","Top Mehndi Artists in Citylight, Surat",mehndi artists in Citylight Surat,"mehndi artists near Citylight, mehndi artists Citylight Surat, best mehndi artists near Citylight",Transactional (Hyper-local),Medium
Vendor + City Area,"Photographers in Ghod Dod Road, Surat | VenueConnect",/surat/ghod-dod-road/vendors/photographers/,"Top Photographers in Ghod Dod Road, Surat | Hire Near You - VenueConnect","Find the best photographers in Ghod Dod Road, Surat for your event. Browse verified profiles, compare pricing & get WhatsApp leads instantly on VenueConnect.","Top Photographers in Ghod Dod Road, Surat",photographers in Ghod Dod Road Surat,"photographers near Ghod Dod Road, photographers Ghod Dod Road Surat, best photographers near Ghod Dod Road",Transactional (Hyper-local),Medium
Vendor + City Area,"Caterers in Ghod Dod Road, Surat | VenueConnect",/surat/ghod-dod-road/vendors/caterers/,"Top Caterers in Ghod Dod Road, Surat | Hire Near You - VenueConnect","Find the best caterers in Ghod Dod Road, Surat for your event. Browse verified profiles, compare pricing & get WhatsApp leads instantly on VenueConnect.","Top Caterers in Ghod Dod Road, Surat",caterers in Ghod Dod Road Surat,"caterers near Ghod Dod Road, caterers Ghod Dod Road Surat, best caterers near Ghod Dod Road",Transactional (Hyper-local),Medium
Vendor + City Area,"Decorators in Ghod Dod Road, Surat | VenueConnect",/surat/ghod-dod-road/vendors/decorators/,"Top Decorators in Ghod Dod Road, Surat | Hire Near You - VenueConnect","Find the best decorators in Ghod Dod Road, Surat for your event. Browse verified profiles, compare pricing & get WhatsApp leads instantly on VenueConnect.","Top Decorators in Ghod Dod Road, Surat",decorators in Ghod Dod Road Surat,"decorators near Ghod Dod Road, decorators Ghod Dod Road Surat, best decorators near Ghod Dod Road",Transactional (Hyper-local),Medium
Vendor + City Area,"Mehndi Artists in Ghod Dod Road, Surat | VenueConnect",/surat/ghod-dod-road/vendors/mehndi-artists/,"Top Mehndi Artists in Ghod Dod Road, Surat | Hire Near You - VenueConnect","Find the best mehndi artists in Ghod Dod Road, Surat for your event. Browse verified profiles, compare pricing & get WhatsApp leads instantly on VenueConnect.","Top Mehndi Artists in Ghod Dod Road, Surat",mehndi artists in Ghod Dod Road Surat,"mehndi artists near Ghod Dod Road, mehndi artists Ghod Dod Road Surat, best mehndi artists near Ghod Dod Road",Transactional (Hyper-local),Medium
Vendor + City Area,"Photographers in Udhna, Surat | VenueConnect",/surat/udhna/vendors/photographers/,"Top Photographers in Udhna, Surat | Hire Near You - VenueConnect","Find the best photographers in Udhna, Surat for your event. Browse verified profiles, compare pricing & get WhatsApp leads instantly on VenueConnect.","Top Photographers in Udhna, Surat",photographers in Udhna Surat,"photographers near Udhna, photographers Udhna Surat, best photographers near Udhna",Transactional (Hyper-local),Medium
Vendor + City Area,"Caterers in Udhna, Surat | VenueConnect",/surat/udhna/vendors/caterers/,"Top Caterers in Udhna, Surat | Hire Near You - VenueConnect","Find the best caterers in Udhna, Surat for your event. Browse verified profiles, compare pricing & get WhatsApp leads instantly on VenueConnect.","Top Caterers in Udhna, Surat",caterers in Udhna Surat,"caterers near Udhna, caterers Udhna Surat, best caterers near Udhna",Transactional (Hyper-local),Medium
Vendor + City Area,"Decorators in Udhna, Surat | VenueConnect",/surat/udhna/vendors/decorators/,"Top Decorators in Udhna, Surat | Hire Near You - VenueConnect","Find the best decorators in Udhna, Surat for your event. Browse verified profiles, compare pricing & get WhatsApp leads instantly on VenueConnect.","Top Decorators in Udhna, Surat",decorators in Udhna Surat,"decorators near Udhna, decorators Udhna Surat, best decorators near Udhna",Transactional (Hyper-local),Medium
Vendor + City Area,"Mehndi Artists in Udhna, Surat | VenueConnect",/surat/udhna/vendors/mehndi-artists/,"Top Mehndi Artists in Udhna, Surat | Hire Near You - VenueConnect","Find the best mehndi artists in Udhna, Surat for your event. Browse verified profiles, compare pricing & get WhatsApp leads instantly on VenueConnect.","Top Mehndi Artists in Udhna, Surat",mehndi artists in Udhna Surat,"mehndi artists near Udhna, mehndi artists Udhna Surat, best mehndi artists near Udhna",Transactional (Hyper-local),Medium
Vendor + City Area,"Photographers in Katargam, Surat | VenueConnect",/surat/katargam/vendors/photographers/,"Top Photographers in Katargam, Surat | Hire Near You - VenueConnect","Find the best photographers in Katargam, Surat for your event. Browse verified profiles, compare pricing & get WhatsApp leads instantly on VenueConnect.","Top Photographers in Katargam, Surat",photographers in Katargam Surat,"photographers near Katargam, photographers Katargam Surat, best photographers near Katargam",Transactional (Hyper-local),Medium
Vendor + City Area,"Caterers in Katargam, Surat | VenueConnect",/surat/katargam/vendors/caterers/,"Top Caterers in Katargam, Surat | Hire Near You - VenueConnect","Find the best caterers in Katargam, Surat for your event. Browse verified profiles, compare pricing & get WhatsApp leads instantly on VenueConnect.","Top Caterers in Katargam, Surat",caterers in Katargam Surat,"caterers near Katargam, caterers Katargam Surat, best caterers near Katargam",Transactional (Hyper-local),Medium
Vendor + City Area,"Decorators in Katargam, Surat | VenueConnect",/surat/katargam/vendors/decorators/,"Top Decorators in Katargam, Surat | Hire Near You - VenueConnect","Find the best decorators in Katargam, Surat for your event. Browse verified profiles, compare pricing & get WhatsApp leads instantly on VenueConnect.","Top Decorators in Katargam, Surat",decorators in Katargam Surat,"decorators near Katargam, decorators Katargam Surat, best decorators near Katargam",Transactional (Hyper-local),Medium
Vendor + City Area,"Mehndi Artists in Katargam, Surat | VenueConnect",/surat/katargam/vendors/mehndi-artists/,"Top Mehndi Artists in Katargam, Surat | Hire Near You - VenueConnect","Find the best mehndi artists in Katargam, Surat for your event. Browse verified profiles, compare pricing & get WhatsApp leads instantly on VenueConnect.","Top Mehndi Artists in Katargam, Surat",mehndi artists in Katargam Surat,"mehndi artists near Katargam, mehndi artists Katargam Surat, best mehndi artists near Katargam",Transactional (Hyper-local),Medium
Vendor + City Area,"Photographers in Rander, Surat | VenueConnect",/surat/rander/vendors/photographers/,"Top Photographers in Rander, Surat | Hire Near You - VenueConnect","Find the best photographers in Rander, Surat for your event. Browse verified profiles, compare pricing & get WhatsApp leads instantly on VenueConnect.","Top Photographers in Rander, Surat",photographers in Rander Surat,"photographers near Rander, photographers Rander Surat, best photographers near Rander",Transactional (Hyper-local),Medium
Vendor + City Area,"Caterers in Rander, Surat | VenueConnect",/surat/rander/vendors/caterers/,"Top Caterers in Rander, Surat | Hire Near You - VenueConnect","Find the best caterers in Rander, Surat for your event. Browse verified profiles, compare pricing & get WhatsApp leads instantly on VenueConnect.","Top Caterers in Rander, Surat",caterers in Rander Surat,"caterers near Rander, caterers Rander Surat, best caterers near Rander",Transactional (Hyper-local),Medium
Vendor + City Area,"Decorators in Rander, Surat | VenueConnect",/surat/rander/vendors/decorators/,"Top Decorators in Rander, Surat | Hire Near You - VenueConnect","Find the best decorators in Rander, Surat for your event. Browse verified profiles, compare pricing & get WhatsApp leads instantly on VenueConnect.","Top Decorators in Rander, Surat",decorators in Rander Surat,"decorators near Rander, decorators Rander Surat, best decorators near Rander",Transactional (Hyper-local),Medium
Vendor + City Area,"Mehndi Artists in Rander, Surat | VenueConnect",/surat/rander/vendors/mehndi-artists/,"Top Mehndi Artists in Rander, Surat | Hire Near You - VenueConnect","Find the best mehndi artists in Rander, Surat for your event. Browse verified profiles, compare pricing & get WhatsApp leads instantly on VenueConnect.","Top Mehndi Artists in Rander, Surat",mehndi artists in Rander Surat,"mehndi artists near Rander, mehndi artists Rander Surat, best mehndi artists near Rander",Transactional (Hyper-local),Medium
Vendor + City Area,"Photographers in Dumas, Surat | VenueConnect",/surat/dumas/vendors/photographers/,"Top Photographers in Dumas, Surat | Hire Near You - VenueConnect","Find the best photographers in Dumas, Surat for your event. Browse verified profiles, compare pricing & get WhatsApp leads instantly on VenueConnect.","Top Photographers in Dumas, Surat",photographers in Dumas Surat,"photographers near Dumas, photographers Dumas Surat, best photographers near Dumas",Transactional (Hyper-local),Medium
Vendor + City Area,"Caterers in Dumas, Surat | VenueConnect",/surat/dumas/vendors/caterers/,"Top Caterers in Dumas, Surat | Hire Near You - VenueConnect","Find the best caterers in Dumas, Surat for your event. Browse verified profiles, compare pricing & get WhatsApp leads instantly on VenueConnect.","Top Caterers in Dumas, Surat",caterers in Dumas Surat,"caterers near Dumas, caterers Dumas Surat, best caterers near Dumas",Transactional (Hyper-local),Medium
Vendor + City Area,"Decorators in Dumas, Surat | VenueConnect",/surat/dumas/vendors/decorators/,"Top Decorators in Dumas, Surat | Hire Near You - VenueConnect","Find the best decorators in Dumas, Surat for your event. Browse verified profiles, compare pricing & get WhatsApp leads instantly on VenueConnect.","Top Decorators in Dumas, Surat",decorators in Dumas Surat,"decorators near Dumas, decorators Dumas Surat, best decorators near Dumas",Transactional (Hyper-local),Medium
Vendor + City Area,"Mehndi Artists in Dumas, Surat | VenueConnect",/surat/dumas/vendors/mehndi-artists/,"Top Mehndi Artists in Dumas, Surat | Hire Near You - VenueConnect","Find the best mehndi artists in Dumas, Surat for your event. Browse verified profiles, compare pricing & get WhatsApp leads instantly on VenueConnect.","Top Mehndi Artists in Dumas, Surat",mehndi artists in Dumas Surat,"mehndi artists near Dumas, mehndi artists Dumas Surat, best mehndi artists near Dumas",Transactional (Hyper-local),Medium
Vendor + City Area,"Photographers in Athwa, Surat | VenueConnect",/surat/athwa/vendors/photographers/,"Top Photographers in Athwa, Surat | Hire Near You - VenueConnect","Find the best photographers in Athwa, Surat for your event. Browse verified profiles, compare pricing & get WhatsApp leads instantly on VenueConnect.","Top Photographers in Athwa, Surat",photographers in Athwa Surat,"photographers near Athwa, photographers Athwa Surat, best photographers near Athwa",Transactional (Hyper-local),Medium
Vendor + City Area,"Caterers in Athwa, Surat | VenueConnect",/surat/athwa/vendors/caterers/,"Top Caterers in Athwa, Surat | Hire Near You - VenueConnect","Find the best caterers in Athwa, Surat for your event. Browse verified profiles, compare pricing & get WhatsApp leads instantly on VenueConnect.","Top Caterers in Athwa, Surat",caterers in Athwa Surat,"caterers near Athwa, caterers Athwa Surat, best caterers near Athwa",Transactional (Hyper-local),Medium
Vendor + City Area,"Decorators in Athwa, Surat | VenueConnect",/surat/athwa/vendors/decorators/,"Top Decorators in Athwa, Surat | Hire Near You - VenueConnect","Find the best decorators in Athwa, Surat for your event. Browse verified profiles, compare pricing & get WhatsApp leads instantly on VenueConnect.","Top Decorators in Athwa, Surat",decorators in Athwa Surat,"decorators near Athwa, decorators Athwa Surat, best decorators near Athwa",Transactional (Hyper-local),Medium
Vendor + City Area,"Mehndi Artists in Athwa, Surat | VenueConnect",/surat/athwa/vendors/mehndi-artists/,"Top Mehndi Artists in Athwa, Surat | Hire Near You - VenueConnect","Find the best mehndi artists in Athwa, Surat for your event. Browse verified profiles, compare pricing & get WhatsApp leads instantly on VenueConnect.","Top Mehndi Artists in Athwa, Surat",mehndi artists in Athwa Surat,"mehndi artists near Athwa, mehndi artists Athwa Surat, best mehndi artists near Athwa",Transactional (Hyper-local),Medium
Vendor + City Area,"Photographers in Parle Point, Surat | VenueConnect",/surat/parle-point/vendors/photographers/,"Top Photographers in Parle Point, Surat | Hire Near You - VenueConnect","Find the best photographers in Parle Point, Surat for your event. Browse verified profiles, compare pricing & get WhatsApp leads instantly on VenueConnect.","Top Photographers in Parle Point, Surat",photographers in Parle Point Surat,"photographers near Parle Point, photographers Parle Point Surat, best photographers near Parle Point",Transactional (Hyper-local),Medium
Vendor + City Area,"Caterers in Parle Point, Surat | VenueConnect",/surat/parle-point/vendors/caterers/,"Top Caterers in Parle Point, Surat | Hire Near You - VenueConnect","Find the best caterers in Parle Point, Surat for your event. Browse verified profiles, compare pricing & get WhatsApp leads instantly on VenueConnect.","Top Caterers in Parle Point, Surat",caterers in Parle Point Surat,"caterers near Parle Point, caterers Parle Point Surat, best caterers near Parle Point",Transactional (Hyper-local),Medium
Vendor + City Area,"Decorators in Parle Point, Surat | VenueConnect",/surat/parle-point/vendors/decorators/,"Top Decorators in Parle Point, Surat | Hire Near You - VenueConnect","Find the best decorators in Parle Point, Surat for your event. Browse verified profiles, compare pricing & get WhatsApp leads instantly on VenueConnect.","Top Decorators in Parle Point, Surat",decorators in Parle Point Surat,"decorators near Parle Point, decorators Parle Point Surat, best decorators near Parle Point",Transactional (Hyper-local),Medium
Vendor + City Area,"Mehndi Artists in Parle Point, Surat | VenueConnect",/surat/parle-point/vendors/mehndi-artists/,"Top Mehndi Artists in Parle Point, Surat | Hire Near You - VenueConnect","Find the best mehndi artists in Parle Point, Surat for your event. Browse verified profiles, compare pricing & get WhatsApp leads instantly on VenueConnect.","Top Mehndi Artists in Parle Point, Surat",mehndi artists in Parle Point Surat,"mehndi artists near Parle Point, mehndi artists Parle Point Surat, best mehndi artists near Parle Point",Transactional (Hyper-local),Medium
Vendor + City Area,"Photographers in Majura Gate, Surat | VenueConnect",/surat/majura-gate/vendors/photographers/,"Top Photographers in Majura Gate, Surat | Hire Near You - VenueConnect","Find the best photographers in Majura Gate, Surat for your event. Browse verified profiles, compare pricing & get WhatsApp leads instantly on VenueConnect.","Top Photographers in Majura Gate, Surat",photographers in Majura Gate Surat,"photographers near Majura Gate, photographers Majura Gate Surat, best photographers near Majura Gate",Transactional (Hyper-local),Medium
Vendor + City Area,"Caterers in Majura Gate, Surat | VenueConnect",/surat/majura-gate/vendors/caterers/,"Top Caterers in Majura Gate, Surat | Hire Near You - VenueConnect","Find the best caterers in Majura Gate, Surat for your event. Browse verified profiles, compare pricing & get WhatsApp leads instantly on VenueConnect.","Top Caterers in Majura Gate, Surat",caterers in Majura Gate Surat,"caterers near Majura Gate, caterers Majura Gate Surat, best caterers near Majura Gate",Transactional (Hyper-local),Medium
Vendor + City Area,"Decorators in Majura Gate, Surat | VenueConnect",/surat/majura-gate/vendors/decorators/,"Top Decorators in Majura Gate, Surat | Hire Near You - VenueConnect","Find the best decorators in Majura Gate, Surat for your event. Browse verified profiles, compare pricing & get WhatsApp leads instantly on VenueConnect.","Top Decorators in Majura Gate, Surat",decorators in Majura Gate Surat,"decorators near Majura Gate, decorators Majura Gate Surat, best decorators near Majura Gate",Transactional (Hyper-local),Medium
Vendor + City Area,"Mehndi Artists in Majura Gate, Surat | VenueConnect",/surat/majura-gate/vendors/mehndi-artists/,"Top Mehndi Artists in Majura Gate, Surat | Hire Near You - VenueConnect","Find the best mehndi artists in Majura Gate, Surat for your event. Browse verified profiles, compare pricing & get WhatsApp leads instantly on VenueConnect.","Top Mehndi Artists in Majura Gate, Surat",mehndi artists in Majura Gate Surat,"mehndi artists near Majura Gate, mehndi artists Majura Gate Surat, best mehndi artists near Majura Gate",Transactional (Hyper-local),Medium
Vendor + City Area,"Photographers in Nanpura, Surat | VenueConnect",/surat/nanpura/vendors/photographers/,"Top Photographers in Nanpura, Surat | Hire Near You - VenueConnect","Find the best photographers in Nanpura, Surat for your event. Browse verified profiles, compare pricing & get WhatsApp leads instantly on VenueConnect.","Top Photographers in Nanpura, Surat",photographers in Nanpura Surat,"photographers near Nanpura, photographers Nanpura Surat, best photographers near Nanpura",Transactional (Hyper-local),Medium
Vendor + City Area,"Caterers in Nanpura, Surat | VenueConnect",/surat/nanpura/vendors/caterers/,"Top Caterers in Nanpura, Surat | Hire Near You - VenueConnect","Find the best caterers in Nanpura, Surat for your event. Browse verified profiles, compare pricing & get WhatsApp leads instantly on VenueConnect.","Top Caterers in Nanpura, Surat",caterers in Nanpura Surat,"caterers near Nanpura, caterers Nanpura Surat, best caterers near Nanpura",Transactional (Hyper-local),Medium
Vendor + City Area,"Decorators in Nanpura, Surat | VenueConnect",/surat/nanpura/vendors/decorators/,"Top Decorators in Nanpura, Surat | Hire Near You - VenueConnect","Find the best decorators in Nanpura, Surat for your event. Browse verified profiles, compare pricing & get WhatsApp leads instantly on VenueConnect.","Top Decorators in Nanpura, Surat",decorators in Nanpura Surat,"decorators near Nanpura, decorators Nanpura Surat, best decorators near Nanpura",Transactional (Hyper-local),Medium
Vendor + City Area,"Mehndi Artists in Nanpura, Surat | VenueConnect",/surat/nanpura/vendors/mehndi-artists/,"Top Mehndi Artists in Nanpura, Surat | Hire Near You - VenueConnect","Find the best mehndi artists in Nanpura, Surat for your event. Browse verified profiles, compare pricing & get WhatsApp leads instantly on VenueConnect.","Top Mehndi Artists in Nanpura, Surat",mehndi artists in Nanpura Surat,"mehndi artists near Nanpura, mehndi artists Nanpura Surat, best mehndi artists near Nanpura",Transactional (Hyper-local),Medium
Vendor + City Area,"Photographers in Ring Road, Surat | VenueConnect",/surat/ring-road/vendors/photographers/,"Top Photographers in Ring Road, Surat | Hire Near You - VenueConnect","Find the best photographers in Ring Road, Surat for your event. Browse verified profiles, compare pricing & get WhatsApp leads instantly on VenueConnect.","Top Photographers in Ring Road, Surat",photographers in Ring Road Surat,"photographers near Ring Road, photographers Ring Road Surat, best photographers near Ring Road",Transactional (Hyper-local),Medium
Vendor + City Area,"Caterers in Ring Road, Surat | VenueConnect",/surat/ring-road/vendors/caterers/,"Top Caterers in Ring Road, Surat | Hire Near You - VenueConnect","Find the best caterers in Ring Road, Surat for your event. Browse verified profiles, compare pricing & get WhatsApp leads instantly on VenueConnect.","Top Caterers in Ring Road, Surat",caterers in Ring Road Surat,"caterers near Ring Road, caterers Ring Road Surat, best caterers near Ring Road",Transactional (Hyper-local),Medium
Vendor + City Area,"Decorators in Ring Road, Surat | VenueConnect",/surat/ring-road/vendors/decorators/,"Top Decorators in Ring Road, Surat | Hire Near You - VenueConnect","Find the best decorators in Ring Road, Surat for your event. Browse verified profiles, compare pricing & get WhatsApp leads instantly on VenueConnect.","Top Decorators in Ring Road, Surat",decorators in Ring Road Surat,"decorators near Ring Road, decorators Ring Road Surat, best decorators near Ring Road",Transactional (Hyper-local),Medium
Vendor + City Area,"Mehndi Artists in Ring Road, Surat | VenueConnect",/surat/ring-road/vendors/mehndi-artists/,"Top Mehndi Artists in Ring Road, Surat | Hire Near You - VenueConnect","Find the best mehndi artists in Ring Road, Surat for your event. Browse verified profiles, compare pricing & get WhatsApp leads instantly on VenueConnect.","Top Mehndi Artists in Ring Road, Surat",mehndi artists in Ring Road Surat,"mehndi artists near Ring Road, mehndi artists Ring Road Surat, best mehndi artists near Ring Road",Transactional (Hyper-local),Medium
Vendor + City Area,"Photographers in Sarthana, Surat | VenueConnect",/surat/sarthana/vendors/photographers/,"Top Photographers in Sarthana, Surat | Hire Near You - VenueConnect","Find the best photographers in Sarthana, Surat for your event. Browse verified profiles, compare pricing & get WhatsApp leads instantly on VenueConnect.","Top Photographers in Sarthana, Surat",photographers in Sarthana Surat,"photographers near Sarthana, photographers Sarthana Surat, best photographers near Sarthana",Transactional (Hyper-local),Medium
Vendor + City Area,"Caterers in Sarthana, Surat | VenueConnect",/surat/sarthana/vendors/caterers/,"Top Caterers in Sarthana, Surat | Hire Near You - VenueConnect","Find the best caterers in Sarthana, Surat for your event. Browse verified profiles, compare pricing & get WhatsApp leads instantly on VenueConnect.","Top Caterers in Sarthana, Surat",caterers in Sarthana Surat,"caterers near Sarthana, caterers Sarthana Surat, best caterers near Sarthana",Transactional (Hyper-local),Medium
Vendor + City Area,"Decorators in Sarthana, Surat | VenueConnect",/surat/sarthana/vendors/decorators/,"Top Decorators in Sarthana, Surat | Hire Near You - VenueConnect","Find the best decorators in Sarthana, Surat for your event. Browse verified profiles, compare pricing & get WhatsApp leads instantly on VenueConnect.","Top Decorators in Sarthana, Surat",decorators in Sarthana Surat,"decorators near Sarthana, decorators Sarthana Surat, best decorators near Sarthana",Transactional (Hyper-local),Medium
Vendor + City Area,"Mehndi Artists in Sarthana, Surat | VenueConnect",/surat/sarthana/vendors/mehndi-artists/,"Top Mehndi Artists in Sarthana, Surat | Hire Near You - VenueConnect","Find the best mehndi artists in Sarthana, Surat for your event. Browse verified profiles, compare pricing & get WhatsApp leads instantly on VenueConnect.","Top Mehndi Artists in Sarthana, Surat",mehndi artists in Sarthana Surat,"mehndi artists near Sarthana, mehndi artists Sarthana Surat, best mehndi artists near Sarthana",Transactional (Hyper-local),Medium
Vendor + City Area,"Photographers in Varachha, Surat | VenueConnect",/surat/varachha/vendors/photographers/,"Top Photographers in Varachha, Surat | Hire Near You - VenueConnect","Find the best photographers in Varachha, Surat for your event. Browse verified profiles, compare pricing & get WhatsApp leads instantly on VenueConnect.","Top Photographers in Varachha, Surat",photographers in Varachha Surat,"photographers near Varachha, photographers Varachha Surat, best photographers near Varachha",Transactional (Hyper-local),Medium
Vendor + City Area,"Caterers in Varachha, Surat | VenueConnect",/surat/varachha/vendors/caterers/,"Top Caterers in Varachha, Surat | Hire Near You - VenueConnect","Find the best caterers in Varachha, Surat for your event. Browse verified profiles, compare pricing & get WhatsApp leads instantly on VenueConnect.","Top Caterers in Varachha, Surat",caterers in Varachha Surat,"caterers near Varachha, caterers Varachha Surat, best caterers near Varachha",Transactional (Hyper-local),Medium
Vendor + City Area,"Decorators in Varachha, Surat | VenueConnect",/surat/varachha/vendors/decorators/,"Top Decorators in Varachha, Surat | Hire Near You - VenueConnect","Find the best decorators in Varachha, Surat for your event. Browse verified profiles, compare pricing & get WhatsApp leads instantly on VenueConnect.","Top Decorators in Varachha, Surat",decorators in Varachha Surat,"decorators near Varachha, decorators Varachha Surat, best decorators near Varachha",Transactional (Hyper-local),Medium
Vendor + City Area,"Mehndi Artists in Varachha, Surat | VenueConnect",/surat/varachha/vendors/mehndi-artists/,"Top Mehndi Artists in Varachha, Surat | Hire Near You - VenueConnect","Find the best mehndi artists in Varachha, Surat for your event. Browse verified profiles, compare pricing & get WhatsApp leads instantly on VenueConnect.","Top Mehndi Artists in Varachha, Surat",mehndi artists in Varachha Surat,"mehndi artists near Varachha, mehndi artists Varachha Surat, best mehndi artists near Varachha",Transactional (Hyper-local),Medium
Vendor + City Area,"Photographers in Limbayat, Surat | VenueConnect",/surat/limbayat/vendors/photographers/,"Top Photographers in Limbayat, Surat | Hire Near You - VenueConnect","Find the best photographers in Limbayat, Surat for your event. Browse verified profiles, compare pricing & get WhatsApp leads instantly on VenueConnect.","Top Photographers in Limbayat, Surat",photographers in Limbayat Surat,"photographers near Limbayat, photographers Limbayat Surat, best photographers near Limbayat",Transactional (Hyper-local),Medium
Vendor + City Area,"Caterers in Limbayat, Surat | VenueConnect",/surat/limbayat/vendors/caterers/,"Top Caterers in Limbayat, Surat | Hire Near You - VenueConnect","Find the best caterers in Limbayat, Surat for your event. Browse verified profiles, compare pricing & get WhatsApp leads instantly on VenueConnect.","Top Caterers in Limbayat, Surat",caterers in Limbayat Surat,"caterers near Limbayat, caterers Limbayat Surat, best caterers near Limbayat",Transactional (Hyper-local),Medium
Vendor + City Area,"Decorators in Limbayat, Surat | VenueConnect",/surat/limbayat/vendors/decorators/,"Top Decorators in Limbayat, Surat | Hire Near You - VenueConnect","Find the best decorators in Limbayat, Surat for your event. Browse verified profiles, compare pricing & get WhatsApp leads instantly on VenueConnect.","Top Decorators in Limbayat, Surat",decorators in Limbayat Surat,"decorators near Limbayat, decorators Limbayat Surat, best decorators near Limbayat",Transactional (Hyper-local),Medium
Vendor + City Area,"Mehndi Artists in Limbayat, Surat | VenueConnect",/surat/limbayat/vendors/mehndi-artists/,"Top Mehndi Artists in Limbayat, Surat | Hire Near You - VenueConnect","Find the best mehndi artists in Limbayat, Surat for your event. Browse verified profiles, compare pricing & get WhatsApp leads instantly on VenueConnect.","Top Mehndi Artists in Limbayat, Surat",mehndi artists in Limbayat Surat,"mehndi artists near Limbayat, mehndi artists Limbayat Surat, best mehndi artists near Limbayat",Transactional (Hyper-local),Medium
Vendor + City Area,"Photographers in Laskana, Surat | VenueConnect",/surat/laskana/vendors/photographers/,"Top Photographers in Laskana, Surat | Hire Near You - VenueConnect","Find the best photographers in Laskana, Surat for your event. Browse verified profiles, compare pricing & get WhatsApp leads instantly on VenueConnect.","Top Photographers in Laskana, Surat",photographers in Laskana Surat,"photographers near Laskana, photographers Laskana Surat, best photographers near Laskana",Transactional (Hyper-local),Medium
Vendor + City Area,"Caterers in Laskana, Surat | VenueConnect",/surat/laskana/vendors/caterers/,"Top Caterers in Laskana, Surat | Hire Near You - VenueConnect","Find the best caterers in Laskana, Surat for your event. Browse verified profiles, compare pricing & get WhatsApp leads instantly on VenueConnect.","Top Caterers in Laskana, Surat",caterers in Laskana Surat,"caterers near Laskana, caterers Laskana Surat, best caterers near Laskana",Transactional (Hyper-local),Medium
Vendor + City Area,"Decorators in Laskana, Surat | VenueConnect",/surat/laskana/vendors/decorators/,"Top Decorators in Laskana, Surat | Hire Near You - VenueConnect","Find the best decorators in Laskana, Surat for your event. Browse verified profiles, compare pricing & get WhatsApp leads instantly on VenueConnect.","Top Decorators in Laskana, Surat",decorators in Laskana Surat,"decorators near Laskana, decorators Laskana Surat, best decorators near Laskana",Transactional (Hyper-local),Medium
Vendor + City Area,"Mehndi Artists in Laskana, Surat | VenueConnect",/surat/laskana/vendors/mehndi-artists/,"Top Mehndi Artists in Laskana, Surat | Hire Near You - VenueConnect","Find the best mehndi artists in Laskana, Surat for your event. Browse verified profiles, compare pricing & get WhatsApp leads instantly on VenueConnect.","Top Mehndi Artists in Laskana, Surat",mehndi artists in Laskana Surat,"mehndi artists near Laskana, mehndi artists Laskana Surat, best mehndi artists near Laskana",Transactional (Hyper-local),Medium
Vendor + City Area,"Photographers in Pandesara, Surat | VenueConnect",/surat/pandesara/vendors/photographers/,"Top Photographers in Pandesara, Surat | Hire Near You - VenueConnect","Find the best photographers in Pandesara, Surat for your event. Browse verified profiles, compare pricing & get WhatsApp leads instantly on VenueConnect.","Top Photographers in Pandesara, Surat",photographers in Pandesara Surat,"photographers near Pandesara, photographers Pandesara Surat, best photographers near Pandesara",Transactional (Hyper-local),Medium
Vendor + City Area,"Caterers in Pandesara, Surat | VenueConnect",/surat/pandesara/vendors/caterers/,"Top Caterers in Pandesara, Surat | Hire Near You - VenueConnect","Find the best caterers in Pandesara, Surat for your event. Browse verified profiles, compare pricing & get WhatsApp leads instantly on VenueConnect.","Top Caterers in Pandesara, Surat",caterers in Pandesara Surat,"caterers near Pandesara, caterers Pandesara Surat, best caterers near Pandesara",Transactional (Hyper-local),Medium
Vendor + City Area,"Decorators in Pandesara, Surat | VenueConnect",/surat/pandesara/vendors/decorators/,"Top Decorators in Pandesara, Surat | Hire Near You - VenueConnect","Find the best decorators in Pandesara, Surat for your event. Browse verified profiles, compare pricing & get WhatsApp leads instantly on VenueConnect.","Top Decorators in Pandesara, Surat",decorators in Pandesara Surat,"decorators near Pandesara, decorators Pandesara Surat, best decorators near Pandesara",Transactional (Hyper-local),Medium
Vendor + City Area,"Mehndi Artists in Pandesara, Surat | VenueConnect",/surat/pandesara/vendors/mehndi-artists/,"Top Mehndi Artists in Pandesara, Surat | Hire Near You - VenueConnect","Find the best mehndi artists in Pandesara, Surat for your event. Browse verified profiles, compare pricing & get WhatsApp leads instantly on VenueConnect.","Top Mehndi Artists in Pandesara, Surat",mehndi artists in Pandesara Surat,"mehndi artists near Pandesara, mehndi artists Pandesara Surat, best mehndi artists near Pandesara",Transactional (Hyper-local),Medium
Vendor + City Area,"Photographers in Sachin, Surat | VenueConnect",/surat/sachin/vendors/photographers/,"Top Photographers in Sachin, Surat | Hire Near You - VenueConnect","Find the best photographers in Sachin, Surat for your event. Browse verified profiles, compare pricing & get WhatsApp leads instantly on VenueConnect.","Top Photographers in Sachin, Surat",photographers in Sachin Surat,"photographers near Sachin, photographers Sachin Surat, best photographers near Sachin",Transactional (Hyper-local),Medium
Vendor + City Area,"Caterers in Sachin, Surat | VenueConnect",/surat/sachin/vendors/caterers/,"Top Caterers in Sachin, Surat | Hire Near You - VenueConnect","Find the best caterers in Sachin, Surat for your event. Browse verified profiles, compare pricing & get WhatsApp leads instantly on VenueConnect.","Top Caterers in Sachin, Surat",caterers in Sachin Surat,"caterers near Sachin, caterers Sachin Surat, best caterers near Sachin",Transactional (Hyper-local),Medium
Vendor + City Area,"Decorators in Sachin, Surat | VenueConnect",/surat/sachin/vendors/decorators/,"Top Decorators in Sachin, Surat | Hire Near You - VenueConnect","Find the best decorators in Sachin, Surat for your event. Browse verified profiles, compare pricing & get WhatsApp leads instantly on VenueConnect.","Top Decorators in Sachin, Surat",decorators in Sachin Surat,"decorators near Sachin, decorators Sachin Surat, best decorators near Sachin",Transactional (Hyper-local),Medium
Vendor + City Area,"Mehndi Artists in Sachin, Surat | VenueConnect",/surat/sachin/vendors/mehndi-artists/,"Top Mehndi Artists in Sachin, Surat | Hire Near You - VenueConnect","Find the best mehndi artists in Sachin, Surat for your event. Browse verified profiles, compare pricing & get WhatsApp leads instantly on VenueConnect.","Top Mehndi Artists in Sachin, Surat",mehndi artists in Sachin Surat,"mehndi artists near Sachin, mehndi artists Sachin Surat, best mehndi artists near Sachin",Transactional (Hyper-local),Medium
Vendor + City Area,"Photographers in Dindoli, Surat | VenueConnect",/surat/dindoli/vendors/photographers/,"Top Photographers in Dindoli, Surat | Hire Near You - VenueConnect","Find the best photographers in Dindoli, Surat for your event. Browse verified profiles, compare pricing & get WhatsApp leads instantly on VenueConnect.","Top Photographers in Dindoli, Surat",photographers in Dindoli Surat,"photographers near Dindoli, photographers Dindoli Surat, best photographers near Dindoli",Transactional (Hyper-local),Medium
Vendor + City Area,"Caterers in Dindoli, Surat | VenueConnect",/surat/dindoli/vendors/caterers/,"Top Caterers in Dindoli, Surat | Hire Near You - VenueConnect","Find the best caterers in Dindoli, Surat for your event. Browse verified profiles, compare pricing & get WhatsApp leads instantly on VenueConnect.","Top Caterers in Dindoli, Surat",caterers in Dindoli Surat,"caterers near Dindoli, caterers Dindoli Surat, best caterers near Dindoli",Transactional (Hyper-local),Medium
Vendor + City Area,"Decorators in Dindoli, Surat | VenueConnect",/surat/dindoli/vendors/decorators/,"Top Decorators in Dindoli, Surat | Hire Near You - VenueConnect","Find the best decorators in Dindoli, Surat for your event. Browse verified profiles, compare pricing & get WhatsApp leads instantly on VenueConnect.","Top Decorators in Dindoli, Surat",decorators in Dindoli Surat,"decorators near Dindoli, decorators Dindoli Surat, best decorators near Dindoli",Transactional (Hyper-local),Medium
Vendor + City Area,"Mehndi Artists in Dindoli, Surat | VenueConnect",/surat/dindoli/vendors/mehndi-artists/,"Top Mehndi Artists in Dindoli, Surat | Hire Near You - VenueConnect","Find the best mehndi artists in Dindoli, Surat for your event. Browse verified profiles, compare pricing & get WhatsApp leads instantly on VenueConnect.","Top Mehndi Artists in Dindoli, Surat",mehndi artists in Dindoli Surat,"mehndi artists near Dindoli, mehndi artists Dindoli Surat, best mehndi artists near Dindoli",Transactional (Hyper-local),Medium
Vendor + City Area,"Photographers in Amroli, Surat | VenueConnect",/surat/amroli/vendors/photographers/,"Top Photographers in Amroli, Surat | Hire Near You - VenueConnect","Find the best photographers in Amroli, Surat for your event. Browse verified profiles, compare pricing & get WhatsApp leads instantly on VenueConnect.","Top Photographers in Amroli, Surat",photographers in Amroli Surat,"photographers near Amroli, photographers Amroli Surat, best photographers near Amroli",Transactional (Hyper-local),Medium
Vendor + City Area,"Caterers in Amroli, Surat | VenueConnect",/surat/amroli/vendors/caterers/,"Top Caterers in Amroli, Surat | Hire Near You - VenueConnect","Find the best caterers in Amroli, Surat for your event. Browse verified profiles, compare pricing & get WhatsApp leads instantly on VenueConnect.","Top Caterers in Amroli, Surat",caterers in Amroli Surat,"caterers near Amroli, caterers Amroli Surat, best caterers near Amroli",Transactional (Hyper-local),Medium
Vendor + City Area,"Decorators in Amroli, Surat | VenueConnect",/surat/amroli/vendors/decorators/,"Top Decorators in Amroli, Surat | Hire Near You - VenueConnect","Find the best decorators in Amroli, Surat for your event. Browse verified profiles, compare pricing & get WhatsApp leads instantly on VenueConnect.","Top Decorators in Amroli, Surat",decorators in Amroli Surat,"decorators near Amroli, decorators Amroli Surat, best decorators near Amroli",Transactional (Hyper-local),Medium
Vendor + City Area,"Mehndi Artists in Amroli, Surat | VenueConnect",/surat/amroli/vendors/mehndi-artists/,"Top Mehndi Artists in Amroli, Surat | Hire Near You - VenueConnect","Find the best mehndi artists in Amroli, Surat for your event. Browse verified profiles, compare pricing & get WhatsApp leads instantly on VenueConnect.","Top Mehndi Artists in Amroli, Surat",mehndi artists in Amroli Surat,"mehndi artists near Amroli, mehndi artists Amroli Surat, best mehndi artists near Amroli",Transactional (Hyper-local),Medium
Vendor + City Area,"Photographers in Bhestan, Surat | VenueConnect",/surat/bhestan/vendors/photographers/,"Top Photographers in Bhestan, Surat | Hire Near You - VenueConnect","Find the best photographers in Bhestan, Surat for your event. Browse verified profiles, compare pricing & get WhatsApp leads instantly on VenueConnect.","Top Photographers in Bhestan, Surat",photographers in Bhestan Surat,"photographers near Bhestan, photographers Bhestan Surat, best photographers near Bhestan",Transactional (Hyper-local),Medium
Vendor + City Area,"Caterers in Bhestan, Surat | VenueConnect",/surat/bhestan/vendors/caterers/,"Top Caterers in Bhestan, Surat | Hire Near You - VenueConnect","Find the best caterers in Bhestan, Surat for your event. Browse verified profiles, compare pricing & get WhatsApp leads instantly on VenueConnect.","Top Caterers in Bhestan, Surat",caterers in Bhestan Surat,"caterers near Bhestan, caterers Bhestan Surat, best caterers near Bhestan",Transactional (Hyper-local),Medium
Vendor + City Area,"Decorators in Bhestan, Surat | VenueConnect",/surat/bhestan/vendors/decorators/,"Top Decorators in Bhestan, Surat | Hire Near You - VenueConnect","Find the best decorators in Bhestan, Surat for your event. Browse verified profiles, compare pricing & get WhatsApp leads instantly on VenueConnect.","Top Decorators in Bhestan, Surat",decorators in Bhestan Surat,"decorators near Bhestan, decorators Bhestan Surat, best decorators near Bhestan",Transactional (Hyper-local),Medium
Vendor + City Area,"Mehndi Artists in Bhestan, Surat | VenueConnect",/surat/bhestan/vendors/mehndi-artists/,"Top Mehndi Artists in Bhestan, Surat | Hire Near You - VenueConnect","Find the best mehndi artists in Bhestan, Surat for your event. Browse verified profiles, compare pricing & get WhatsApp leads instantly on VenueConnect.","Top Mehndi Artists in Bhestan, Surat",mehndi artists in Bhestan Surat,"mehndi artists near Bhestan, mehndi artists Bhestan Surat, best mehndi artists near Bhestan",Transactional (Hyper-local),Medium
Vendor + City Area,"Photographers in Chalthan, Surat | VenueConnect",/surat/chalthan/vendors/photographers/,"Top Photographers in Chalthan, Surat | Hire Near You - VenueConnect","Find the best photographers in Chalthan, Surat for your event. Browse verified profiles, compare pricing & get WhatsApp leads instantly on VenueConnect.","Top Photographers in Chalthan, Surat",photographers in Chalthan Surat,"photographers near Chalthan, photographers Chalthan Surat, best photographers near Chalthan",Transactional (Hyper-local),Medium
Vendor + City Area,"Caterers in Chalthan, Surat | VenueConnect",/surat/chalthan/vendors/caterers/,"Top Caterers in Chalthan, Surat | Hire Near You - VenueConnect","Find the best caterers in Chalthan, Surat for your event. Browse verified profiles, compare pricing & get WhatsApp leads instantly on VenueConnect.","Top Caterers in Chalthan, Surat",caterers in Chalthan Surat,"caterers near Chalthan, caterers Chalthan Surat, best caterers near Chalthan",Transactional (Hyper-local),Medium
Vendor + City Area,"Decorators in Chalthan, Surat | VenueConnect",/surat/chalthan/vendors/decorators/,"Top Decorators in Chalthan, Surat | Hire Near You - VenueConnect","Find the best decorators in Chalthan, Surat for your event. Browse verified profiles, compare pricing & get WhatsApp leads instantly on VenueConnect.","Top Decorators in Chalthan, Surat",decorators in Chalthan Surat,"decorators near Chalthan, decorators Chalthan Surat, best decorators near Chalthan",Transactional (Hyper-local),Medium
Vendor + City Area,"Mehndi Artists in Chalthan, Surat | VenueConnect",/surat/chalthan/vendors/mehndi-artists/,"Top Mehndi Artists in Chalthan, Surat | Hire Near You - VenueConnect","Find the best mehndi artists in Chalthan, Surat for your event. Browse verified profiles, compare pricing & get WhatsApp leads instantly on VenueConnect.","Top Mehndi Artists in Chalthan, Surat",mehndi artists in Chalthan Surat,"mehndi artists near Chalthan, mehndi artists Chalthan Surat, best mehndi artists near Chalthan",Transactional (Hyper-local),Medium
Vendor + City Area,"Photographers in Olpad Road, Surat | VenueConnect",/surat/olpad-road/vendors/photographers/,"Top Photographers in Olpad Road, Surat | Hire Near You - VenueConnect","Find the best photographers in Olpad Road, Surat for your event. Browse verified profiles, compare pricing & get WhatsApp leads instantly on VenueConnect.","Top Photographers in Olpad Road, Surat",photographers in Olpad Road Surat,"photographers near Olpad Road, photographers Olpad Road Surat, best photographers near Olpad Road",Transactional (Hyper-local),Medium
Vendor + City Area,"Caterers in Olpad Road, Surat | VenueConnect",/surat/olpad-road/vendors/caterers/,"Top Caterers in Olpad Road, Surat | Hire Near You - VenueConnect","Find the best caterers in Olpad Road, Surat for your event. Browse verified profiles, compare pricing & get WhatsApp leads instantly on VenueConnect.","Top Caterers in Olpad Road, Surat",caterers in Olpad Road Surat,"caterers near Olpad Road, caterers Olpad Road Surat, best caterers near Olpad Road",Transactional (Hyper-local),Medium
Vendor + City Area,"Decorators in Olpad Road, Surat | VenueConnect",/surat/olpad-road/vendors/decorators/,"Top Decorators in Olpad Road, Surat | Hire Near You - VenueConnect","Find the best decorators in Olpad Road, Surat for your event. Browse verified profiles, compare pricing & get WhatsApp leads instantly on VenueConnect.","Top Decorators in Olpad Road, Surat",decorators in Olpad Road Surat,"decorators near Olpad Road, decorators Olpad Road Surat, best decorators near Olpad Road",Transactional (Hyper-local),Medium
Vendor + City Area,"Mehndi Artists in Olpad Road, Surat | VenueConnect",/surat/olpad-road/vendors/mehndi-artists/,"Top Mehndi Artists in Olpad Road, Surat | Hire Near You - VenueConnect","Find the best mehndi artists in Olpad Road, Surat for your event. Browse verified profiles, compare pricing & get WhatsApp leads instantly on VenueConnect.","Top Mehndi Artists in Olpad Road, Surat",mehndi artists in Olpad Road Surat,"mehndi artists near Olpad Road, mehndi artists Olpad Road Surat, best mehndi artists near Olpad Road",Transactional (Hyper-local),Medium
Vendor + City Area,"Photographers in Palanpur Jakatnaka, Surat | VenueConnect",/surat/palanpur-jakatnaka/vendors/photographers/,"Top Photographers in Palanpur Jakatnaka, Surat | Hire Near You - VenueConnect","Find the best photographers in Palanpur Jakatnaka, Surat for your event. Browse verified profiles, compare pricing & get WhatsApp leads instantly on VenueConnect.","Top Photographers in Palanpur Jakatnaka, Surat",photographers in Palanpur Jakatnaka Surat,"photographers near Palanpur Jakatnaka, photographers Palanpur Jakatnaka Surat, best photographers near Palanpur Jakatnaka",Transactional (Hyper-local),Medium
Vendor + City Area,"Caterers in Palanpur Jakatnaka, Surat | VenueConnect",/surat/palanpur-jakatnaka/vendors/caterers/,"Top Caterers in Palanpur Jakatnaka, Surat | Hire Near You - VenueConnect","Find the best caterers in Palanpur Jakatnaka, Surat for your event. Browse verified profiles, compare pricing & get WhatsApp leads instantly on VenueConnect.","Top Caterers in Palanpur Jakatnaka, Surat",caterers in Palanpur Jakatnaka Surat,"caterers near Palanpur Jakatnaka, caterers Palanpur Jakatnaka Surat, best caterers near Palanpur Jakatnaka",Transactional (Hyper-local),Medium
Vendor + City Area,"Decorators in Palanpur Jakatnaka, Surat | VenueConnect",/surat/palanpur-jakatnaka/vendors/decorators/,"Top Decorators in Palanpur Jakatnaka, Surat | Hire Near You - VenueConnect","Find the best decorators in Palanpur Jakatnaka, Surat for your event. Browse verified profiles, compare pricing & get WhatsApp leads instantly on VenueConnect.","Top Decorators in Palanpur Jakatnaka, Surat",decorators in Palanpur Jakatnaka Surat,"decorators near Palanpur Jakatnaka, decorators Palanpur Jakatnaka Surat, best decorators near Palanpur Jakatnaka",Transactional (Hyper-local),Medium
Vendor + City Area,"Mehndi Artists in Palanpur Jakatnaka, Surat | VenueConnect",/surat/palanpur-jakatnaka/vendors/mehndi-artists/,"Top Mehndi Artists in Palanpur Jakatnaka, Surat | Hire Near You - VenueConnect","Find the best mehndi artists in Palanpur Jakatnaka, Surat for your event. Browse verified profiles, compare pricing & get WhatsApp leads instantly on VenueConnect.","Top Mehndi Artists in Palanpur Jakatnaka, Surat",mehndi artists in Palanpur Jakatnaka Surat,"mehndi artists near Palanpur Jakatnaka, mehndi artists Palanpur Jakatnaka Surat, best mehndi artists near Palanpur Jakatnaka",Transactional (Hyper-local),Medium
Vendor + City Area,"Photographers in Kamrej, Surat | VenueConnect",/surat/kamrej/vendors/photographers/,"Top Photographers in Kamrej, Surat | Hire Near You - VenueConnect","Find the best photographers in Kamrej, Surat for your event. Browse verified profiles, compare pricing & get WhatsApp leads instantly on VenueConnect.","Top Photographers in Kamrej, Surat",photographers in Kamrej Surat,"photographers near Kamrej, photographers Kamrej Surat, best photographers near Kamrej",Transactional (Hyper-local),Medium
Vendor + City Area,"Caterers in Kamrej, Surat | VenueConnect",/surat/kamrej/vendors/caterers/,"Top Caterers in Kamrej, Surat | Hire Near You - VenueConnect","Find the best caterers in Kamrej, Surat for your event. Browse verified profiles, compare pricing & get WhatsApp leads instantly on VenueConnect.","Top Caterers in Kamrej, Surat",caterers in Kamrej Surat,"caterers near Kamrej, caterers Kamrej Surat, best caterers near Kamrej",Transactional (Hyper-local),Medium
Vendor + City Area,"Decorators in Kamrej, Surat | VenueConnect",/surat/kamrej/vendors/decorators/,"Top Decorators in Kamrej, Surat | Hire Near You - VenueConnect","Find the best decorators in Kamrej, Surat for your event. Browse verified profiles, compare pricing & get WhatsApp leads instantly on VenueConnect.","Top Decorators in Kamrej, Surat",decorators in Kamrej Surat,"decorators near Kamrej, decorators Kamrej Surat, best decorators near Kamrej",Transactional (Hyper-local),Medium
Vendor + City Area,"Mehndi Artists in Kamrej, Surat | VenueConnect",/surat/kamrej/vendors/mehndi-artists/,"Top Mehndi Artists in Kamrej, Surat | Hire Near You - VenueConnect","Find the best mehndi artists in Kamrej, Surat for your event. Browse verified profiles, compare pricing & get WhatsApp leads instantly on VenueConnect.","Top Mehndi Artists in Kamrej, Surat",mehndi artists in Kamrej Surat,"mehndi artists near Kamrej, mehndi artists Kamrej Surat, best mehndi artists near Kamrej",Transactional (Hyper-local),Medium
Vendor + City Area,"Photographers in Puna, Surat | VenueConnect",/surat/puna/vendors/photographers/,"Top Photographers in Puna, Surat | Hire Near You - VenueConnect","Find the best photographers in Puna, Surat for your event. Browse verified profiles, compare pricing & get WhatsApp leads instantly on VenueConnect.","Top Photographers in Puna, Surat",photographers in Puna Surat,"photographers near Puna, photographers Puna Surat, best photographers near Puna",Transactional (Hyper-local),Medium
Vendor + City Area,"Caterers in Puna, Surat | VenueConnect",/surat/puna/vendors/caterers/,"Top Caterers in Puna, Surat | Hire Near You - VenueConnect","Find the best caterers in Puna, Surat for your event. Browse verified profiles, compare pricing & get WhatsApp leads instantly on VenueConnect.","Top Caterers in Puna, Surat",caterers in Puna Surat,"caterers near Puna, caterers Puna Surat, best caterers near Puna",Transactional (Hyper-local),Medium
Vendor + City Area,"Decorators in Puna, Surat | VenueConnect",/surat/puna/vendors/decorators/,"Top Decorators in Puna, Surat | Hire Near You - VenueConnect","Find the best decorators in Puna, Surat for your event. Browse verified profiles, compare pricing & get WhatsApp leads instantly on VenueConnect.","Top Decorators in Puna, Surat",decorators in Puna Surat,"decorators near Puna, decorators Puna Surat, best decorators near Puna",Transactional (Hyper-local),Medium
Vendor + City Area,"Mehndi Artists in Puna, Surat | VenueConnect",/surat/puna/vendors/mehndi-artists/,"Top Mehndi Artists in Puna, Surat | Hire Near You - VenueConnect","Find the best mehndi artists in Puna, Surat for your event. Browse verified profiles, compare pricing & get WhatsApp leads instantly on VenueConnect.","Top Mehndi Artists in Puna, Surat",mehndi artists in Puna Surat,"mehndi artists near Puna, mehndi artists Puna Surat, best mehndi artists near Puna",Transactional (Hyper-local),Medium
Vendor + City Area,"Photographers in Ichchhapor, Surat | VenueConnect",/surat/ichchhapor/vendors/photographers/,"Top Photographers in Ichchhapor, Surat | Hire Near You - VenueConnect","Find the best photographers in Ichchhapor, Surat for your event. Browse verified profiles, compare pricing & get WhatsApp leads instantly on VenueConnect.","Top Photographers in Ichchhapor, Surat",photographers in Ichchhapor Surat,"photographers near Ichchhapor, photographers Ichchhapor Surat, best photographers near Ichchhapor",Transactional (Hyper-local),Medium
Vendor + City Area,"Caterers in Ichchhapor, Surat | VenueConnect",/surat/ichchhapor/vendors/caterers/,"Top Caterers in Ichchhapor, Surat | Hire Near You - VenueConnect","Find the best caterers in Ichchhapor, Surat for your event. Browse verified profiles, compare pricing & get WhatsApp leads instantly on VenueConnect.","Top Caterers in Ichchhapor, Surat",caterers in Ichchhapor Surat,"caterers near Ichchhapor, caterers Ichchhapor Surat, best caterers near Ichchhapor",Transactional (Hyper-local),Medium
Vendor + City Area,"Decorators in Ichchhapor, Surat | VenueConnect",/surat/ichchhapor/vendors/decorators/,"Top Decorators in Ichchhapor, Surat | Hire Near You - VenueConnect","Find the best decorators in Ichchhapor, Surat for your event. Browse verified profiles, compare pricing & get WhatsApp leads instantly on VenueConnect.","Top Decorators in Ichchhapor, Surat",decorators in Ichchhapor Surat,"decorators near Ichchhapor, decorators Ichchhapor Surat, best decorators near Ichchhapor",Transactional (Hyper-local),Medium
Vendor + City Area,"Mehndi Artists in Ichchhapor, Surat | VenueConnect",/surat/ichchhapor/vendors/mehndi-artists/,"Top Mehndi Artists in Ichchhapor, Surat | Hire Near You - VenueConnect","Find the best mehndi artists in Ichchhapor, Surat for your event. Browse verified profiles, compare pricing & get WhatsApp leads instantly on VenueConnect.","Top Mehndi Artists in Ichchhapor, Surat",mehndi artists in Ichchhapor Surat,"mehndi artists near Ichchhapor, mehndi artists Ichchhapor Surat, best mehndi artists near Ichchhapor",Transactional (Hyper-local),Medium
Vendor + City Area,"Photographers in Hazira, Surat | VenueConnect",/surat/hazira/vendors/photographers/,"Top Photographers in Hazira, Surat | Hire Near You - VenueConnect","Find the best photographers in Hazira, Surat for your event. Browse verified profiles, compare pricing & get WhatsApp leads instantly on VenueConnect.","Top Photographers in Hazira, Surat",photographers in Hazira Surat,"photographers near Hazira, photographers Hazira Surat, best photographers near Hazira",Transactional (Hyper-local),Medium
Vendor + City Area,"Caterers in Hazira, Surat | VenueConnect",/surat/hazira/vendors/caterers/,"Top Caterers in Hazira, Surat | Hire Near You - VenueConnect","Find the best caterers in Hazira, Surat for your event. Browse verified profiles, compare pricing & get WhatsApp leads instantly on VenueConnect.","Top Caterers in Hazira, Surat",caterers in Hazira Surat,"caterers near Hazira, caterers Hazira Surat, best caterers near Hazira",Transactional (Hyper-local),Medium
Vendor + City Area,"Decorators in Hazira, Surat | VenueConnect",/surat/hazira/vendors/decorators/,"Top Decorators in Hazira, Surat | Hire Near You - VenueConnect","Find the best decorators in Hazira, Surat for your event. Browse verified profiles, compare pricing & get WhatsApp leads instantly on VenueConnect.","Top Decorators in Hazira, Surat",decorators in Hazira Surat,"decorators near Hazira, decorators Hazira Surat, best decorators near Hazira",Transactional (Hyper-local),Medium
Vendor + City Area,"Mehndi Artists in Hazira, Surat | VenueConnect",/surat/hazira/vendors/mehndi-artists/,"Top Mehndi Artists in Hazira, Surat | Hire Near You - VenueConnect","Find the best mehndi artists in Hazira, Surat for your event. Browse verified profiles, compare pricing & get WhatsApp leads instantly on VenueConnect.","Top Mehndi Artists in Hazira, Surat",mehndi artists in Hazira Surat,"mehndi artists near Hazira, mehndi artists Hazira Surat, best mehndi artists near Hazira",Transactional (Hyper-local),Medium
Vendor + City Area,"Photographers in Kim, Surat | VenueConnect",/surat/kim/vendors/photographers/,"Top Photographers in Kim, Surat | Hire Near You - VenueConnect","Find the best photographers in Kim, Surat for your event. Browse verified profiles, compare pricing & get WhatsApp leads instantly on VenueConnect.","Top Photographers in Kim, Surat",photographers in Kim Surat,"photographers near Kim, photographers Kim Surat, best photographers near Kim",Transactional (Hyper-local),Medium
Vendor + City Area,"Caterers in Kim, Surat | VenueConnect",/surat/kim/vendors/caterers/,"Top Caterers in Kim, Surat | Hire Near You - VenueConnect","Find the best caterers in Kim, Surat for your event. Browse verified profiles, compare pricing & get WhatsApp leads instantly on VenueConnect.","Top Caterers in Kim, Surat",caterers in Kim Surat,"caterers near Kim, caterers Kim Surat, best caterers near Kim",Transactional (Hyper-local),Medium
Vendor + City Area,"Decorators in Kim, Surat | VenueConnect",/surat/kim/vendors/decorators/,"Top Decorators in Kim, Surat | Hire Near You - VenueConnect","Find the best decorators in Kim, Surat for your event. Browse verified profiles, compare pricing & get WhatsApp leads instantly on VenueConnect.","Top Decorators in Kim, Surat",decorators in Kim Surat,"decorators near Kim, decorators Kim Surat, best decorators near Kim",Transactional (Hyper-local),Medium
Vendor + City Area,"Mehndi Artists in Kim, Surat | VenueConnect",/surat/kim/vendors/mehndi-artists/,"Top Mehndi Artists in Kim, Surat | Hire Near You - VenueConnect","Find the best mehndi artists in Kim, Surat for your event. Browse verified profiles, compare pricing & get WhatsApp leads instantly on VenueConnect.","Top Mehndi Artists in Kim, Surat",mehndi artists in Kim Surat,"mehndi artists near Kim, mehndi artists Kim Surat, best mehndi artists near Kim",Transactional (Hyper-local),Medium
Vendor + City Area,"Photographers in Bardoli Road, Surat | VenueConnect",/surat/bardoli-road/vendors/photographers/,"Top Photographers in Bardoli Road, Surat | Hire Near You - VenueConnect","Find the best photographers in Bardoli Road, Surat for your event. Browse verified profiles, compare pricing & get WhatsApp leads instantly on VenueConnect.","Top Photographers in Bardoli Road, Surat",photographers in Bardoli Road Surat,"photographers near Bardoli Road, photographers Bardoli Road Surat, best photographers near Bardoli Road",Transactional (Hyper-local),Medium
Vendor + City Area,"Caterers in Bardoli Road, Surat | VenueConnect",/surat/bardoli-road/vendors/caterers/,"Top Caterers in Bardoli Road, Surat | Hire Near You - VenueConnect","Find the best caterers in Bardoli Road, Surat for your event. Browse verified profiles, compare pricing & get WhatsApp leads instantly on VenueConnect.","Top Caterers in Bardoli Road, Surat",caterers in Bardoli Road Surat,"caterers near Bardoli Road, caterers Bardoli Road Surat, best caterers near Bardoli Road",Transactional (Hyper-local),Medium
Vendor + City Area,"Decorators in Bardoli Road, Surat | VenueConnect",/surat/bardoli-road/vendors/decorators/,"Top Decorators in Bardoli Road, Surat | Hire Near You - VenueConnect","Find the best decorators in Bardoli Road, Surat for your event. Browse verified profiles, compare pricing & get WhatsApp leads instantly on VenueConnect.","Top Decorators in Bardoli Road, Surat",decorators in Bardoli Road Surat,"decorators near Bardoli Road, decorators Bardoli Road Surat, best decorators near Bardoli Road",Transactional (Hyper-local),Medium
Vendor + City Area,"Mehndi Artists in Bardoli Road, Surat | VenueConnect",/surat/bardoli-road/vendors/mehndi-artists/,"Top Mehndi Artists in Bardoli Road, Surat | Hire Near You - VenueConnect","Find the best mehndi artists in Bardoli Road, Surat for your event. Browse verified profiles, compare pricing & get WhatsApp leads instantly on VenueConnect.","Top Mehndi Artists in Bardoli Road, Surat",mehndi artists in Bardoli Road Surat,"mehndi artists near Bardoli Road, mehndi artists Bardoli Road Surat, best mehndi artists near Bardoli Road",Transactional (Hyper-local),Medium
Vendor + City Area,"Photographers in Tapi, Surat | VenueConnect",/surat/tapi/vendors/photographers/,"Top Photographers in Tapi, Surat | Hire Near You - VenueConnect","Find the best photographers in Tapi, Surat for your event. Browse verified profiles, compare pricing & get WhatsApp leads instantly on VenueConnect.","Top Photographers in Tapi, Surat",photographers in Tapi Surat,"photographers near Tapi, photographers Tapi Surat, best photographers near Tapi",Transactional (Hyper-local),Medium
Vendor + City Area,"Caterers in Tapi, Surat | VenueConnect",/surat/tapi/vendors/caterers/,"Top Caterers in Tapi, Surat | Hire Near You - VenueConnect","Find the best caterers in Tapi, Surat for your event. Browse verified profiles, compare pricing & get WhatsApp leads instantly on VenueConnect.","Top Caterers in Tapi, Surat",caterers in Tapi Surat,"caterers near Tapi, caterers Tapi Surat, best caterers near Tapi",Transactional (Hyper-local),Medium
Vendor + City Area,"Decorators in Tapi, Surat | VenueConnect",/surat/tapi/vendors/decorators/,"Top Decorators in Tapi, Surat | Hire Near You - VenueConnect","Find the best decorators in Tapi, Surat for your event. Browse verified profiles, compare pricing & get WhatsApp leads instantly on VenueConnect.","Top Decorators in Tapi, Surat",decorators in Tapi Surat,"decorators near Tapi, decorators Tapi Surat, best decorators near Tapi",Transactional (Hyper-local),Medium
Vendor + City Area,"Mehndi Artists in Tapi, Surat | VenueConnect",/surat/tapi/vendors/mehndi-artists/,"Top Mehndi Artists in Tapi, Surat | Hire Near You - VenueConnect","Find the best mehndi artists in Tapi, Surat for your event. Browse verified profiles, compare pricing & get WhatsApp leads instantly on VenueConnect.","Top Mehndi Artists in Tapi, Surat",mehndi artists in Tapi Surat,"mehndi artists near Tapi, mehndi artists Tapi Surat, best mehndi artists near Tapi",Transactional (Hyper-local),Medium
Vendor + City Area,"Photographers in Bamroli, Surat | VenueConnect",/surat/bamroli/vendors/photographers/,"Top Photographers in Bamroli, Surat | Hire Near You - VenueConnect","Find the best photographers in Bamroli, Surat for your event. Browse verified profiles, compare pricing & get WhatsApp leads instantly on VenueConnect.","Top Photographers in Bamroli, Surat",photographers in Bamroli Surat,"photographers near Bamroli, photographers Bamroli Surat, best photographers near Bamroli",Transactional (Hyper-local),Medium
Vendor + City Area,"Caterers in Bamroli, Surat | VenueConnect",/surat/bamroli/vendors/caterers/,"Top Caterers in Bamroli, Surat | Hire Near You - VenueConnect","Find the best caterers in Bamroli, Surat for your event. Browse verified profiles, compare pricing & get WhatsApp leads instantly on VenueConnect.","Top Caterers in Bamroli, Surat",caterers in Bamroli Surat,"caterers near Bamroli, caterers Bamroli Surat, best caterers near Bamroli",Transactional (Hyper-local),Medium
Vendor + City Area,"Decorators in Bamroli, Surat | VenueConnect",/surat/bamroli/vendors/decorators/,"Top Decorators in Bamroli, Surat | Hire Near You - VenueConnect","Find the best decorators in Bamroli, Surat for your event. Browse verified profiles, compare pricing & get WhatsApp leads instantly on VenueConnect.","Top Decorators in Bamroli, Surat",decorators in Bamroli Surat,"decorators near Bamroli, decorators Bamroli Surat, best decorators near Bamroli",Transactional (Hyper-local),Medium
Vendor + City Area,"Mehndi Artists in Bamroli, Surat | VenueConnect",/surat/bamroli/vendors/mehndi-artists/,"Top Mehndi Artists in Bamroli, Surat | Hire Near You - VenueConnect","Find the best mehndi artists in Bamroli, Surat for your event. Browse verified profiles, compare pricing & get WhatsApp leads instantly on VenueConnect.","Top Mehndi Artists in Bamroli, Surat",mehndi artists in Bamroli Surat,"mehndi artists near Bamroli, mehndi artists Bamroli Surat, best mehndi artists near Bamroli",Transactional (Hyper-local),Medium
Vendor + City Area,"Photographers in Godadara, Surat | VenueConnect",/surat/godadara/vendors/photographers/,"Top Photographers in Godadara, Surat | Hire Near You - VenueConnect","Find the best photographers in Godadara, Surat for your event. Browse verified profiles, compare pricing & get WhatsApp leads instantly on VenueConnect.","Top Photographers in Godadara, Surat",photographers in Godadara Surat,"photographers near Godadara, photographers Godadara Surat, best photographers near Godadara",Transactional (Hyper-local),Medium
Vendor + City Area,"Caterers in Godadara, Surat | VenueConnect",/surat/godadara/vendors/caterers/,"Top Caterers in Godadara, Surat | Hire Near You - VenueConnect","Find the best caterers in Godadara, Surat for your event. Browse verified profiles, compare pricing & get WhatsApp leads instantly on VenueConnect.","Top Caterers in Godadara, Surat",caterers in Godadara Surat,"caterers near Godadara, caterers Godadara Surat, best caterers near Godadara",Transactional (Hyper-local),Medium
Vendor + City Area,"Decorators in Godadara, Surat | VenueConnect",/surat/godadara/vendors/decorators/,"Top Decorators in Godadara, Surat | Hire Near You - VenueConnect","Find the best decorators in Godadara, Surat for your event. Browse verified profiles, compare pricing & get WhatsApp leads instantly on VenueConnect.","Top Decorators in Godadara, Surat",decorators in Godadara Surat,"decorators near Godadara, decorators Godadara Surat, best decorators near Godadara",Transactional (Hyper-local),Medium
Vendor + City Area,"Mehndi Artists in Godadara, Surat | VenueConnect",/surat/godadara/vendors/mehndi-artists/,"Top Mehndi Artists in Godadara, Surat | Hire Near You - VenueConnect","Find the best mehndi artists in Godadara, Surat for your event. Browse verified profiles, compare pricing & get WhatsApp leads instantly on VenueConnect.","Top Mehndi Artists in Godadara, Surat",mehndi artists in Godadara Surat,"mehndi artists near Godadara, mehndi artists Godadara Surat, best mehndi artists near Godadara",Transactional (Hyper-local),Medium
Vendor + City Area,"Photographers in Jahangirabad, Surat | VenueConnect",/surat/jahangirabad/vendors/photographers/,"Top Photographers in Jahangirabad, Surat | Hire Near You - VenueConnect","Find the best photographers in Jahangirabad, Surat for your event. Browse verified profiles, compare pricing & get WhatsApp leads instantly on VenueConnect.","Top Photographers in Jahangirabad, Surat",photographers in Jahangirabad Surat,"photographers near Jahangirabad, photographers Jahangirabad Surat, best photographers near Jahangirabad",Transactional (Hyper-local),Medium
Vendor + City Area,"Caterers in Jahangirabad, Surat | VenueConnect",/surat/jahangirabad/vendors/caterers/,"Top Caterers in Jahangirabad, Surat | Hire Near You - VenueConnect","Find the best caterers in Jahangirabad, Surat for your event. Browse verified profiles, compare pricing & get WhatsApp leads instantly on VenueConnect.","Top Caterers in Jahangirabad, Surat",caterers in Jahangirabad Surat,"caterers near Jahangirabad, caterers Jahangirabad Surat, best caterers near Jahangirabad",Transactional (Hyper-local),Medium
Vendor + City Area,"Decorators in Jahangirabad, Surat | VenueConnect",/surat/jahangirabad/vendors/decorators/,"Top Decorators in Jahangirabad, Surat | Hire Near You - VenueConnect","Find the best decorators in Jahangirabad, Surat for your event. Browse verified profiles, compare pricing & get WhatsApp leads instantly on VenueConnect.","Top Decorators in Jahangirabad, Surat",decorators in Jahangirabad Surat,"decorators near Jahangirabad, decorators Jahangirabad Surat, best decorators near Jahangirabad",Transactional (Hyper-local),Medium
Vendor + City Area,"Mehndi Artists in Jahangirabad, Surat | VenueConnect",/surat/jahangirabad/vendors/mehndi-artists/,"Top Mehndi Artists in Jahangirabad, Surat | Hire Near You - VenueConnect","Find the best mehndi artists in Jahangirabad, Surat for your event. Browse verified profiles, compare pricing & get WhatsApp leads instantly on VenueConnect.","Top Mehndi Artists in Jahangirabad, Surat",mehndi artists in Jahangirabad Surat,"mehndi artists near Jahangirabad, mehndi artists Jahangirabad Surat, best mehndi artists near Jahangirabad",Transactional (Hyper-local),Medium
Vendor + City Area,"Photographers in Khatodara, Surat | VenueConnect",/surat/khatodara/vendors/photographers/,"Top Photographers in Khatodara, Surat | Hire Near You - VenueConnect","Find the best photographers in Khatodara, Surat for your event. Browse verified profiles, compare pricing & get WhatsApp leads instantly on VenueConnect.","Top Photographers in Khatodara, Surat",photographers in Khatodara Surat,"photographers near Khatodara, photographers Khatodara Surat, best photographers near Khatodara",Transactional (Hyper-local),Medium
Vendor + City Area,"Caterers in Khatodara, Surat | VenueConnect",/surat/khatodara/vendors/caterers/,"Top Caterers in Khatodara, Surat | Hire Near You - VenueConnect","Find the best caterers in Khatodara, Surat for your event. Browse verified profiles, compare pricing & get WhatsApp leads instantly on VenueConnect.","Top Caterers in Khatodara, Surat",caterers in Khatodara Surat,"caterers near Khatodara, caterers Khatodara Surat, best caterers near Khatodara",Transactional (Hyper-local),Medium
Vendor + City Area,"Decorators in Khatodara, Surat | VenueConnect",/surat/khatodara/vendors/decorators/,"Top Decorators in Khatodara, Surat | Hire Near You - VenueConnect","Find the best decorators in Khatodara, Surat for your event. Browse verified profiles, compare pricing & get WhatsApp leads instantly on VenueConnect.","Top Decorators in Khatodara, Surat",decorators in Khatodara Surat,"decorators near Khatodara, decorators Khatodara Surat, best decorators near Khatodara",Transactional (Hyper-local),Medium
Vendor + City Area,"Mehndi Artists in Khatodara, Surat | VenueConnect",/surat/khatodara/vendors/mehndi-artists/,"Top Mehndi Artists in Khatodara, Surat | Hire Near You - VenueConnect","Find the best mehndi artists in Khatodara, Surat for your event. Browse verified profiles, compare pricing & get WhatsApp leads instantly on VenueConnect.","Top Mehndi Artists in Khatodara, Surat",mehndi artists in Khatodara Surat,"mehndi artists near Khatodara, mehndi artists Khatodara Surat, best mehndi artists near Khatodara",Transactional (Hyper-local),Medium
Vendor + City Area,"Photographers in Singanpor, Surat | VenueConnect",/surat/singanpor/vendors/photographers/,"Top Photographers in Singanpor, Surat | Hire Near You - VenueConnect","Find the best photographers in Singanpor, Surat for your event. Browse verified profiles, compare pricing & get WhatsApp leads instantly on VenueConnect.","Top Photographers in Singanpor, Surat",photographers in Singanpor Surat,"photographers near Singanpor, photographers Singanpor Surat, best photographers near Singanpor",Transactional (Hyper-local),Medium
Vendor + City Area,"Caterers in Singanpor, Surat | VenueConnect",/surat/singanpor/vendors/caterers/,"Top Caterers in Singanpor, Surat | Hire Near You - VenueConnect","Find the best caterers in Singanpor, Surat for your event. Browse verified profiles, compare pricing & get WhatsApp leads instantly on VenueConnect.","Top Caterers in Singanpor, Surat",caterers in Singanpor Surat,"caterers near Singanpor, caterers Singanpor Surat, best caterers near Singanpor",Transactional (Hyper-local),Medium
Vendor + City Area,"Decorators in Singanpor, Surat | VenueConnect",/surat/singanpor/vendors/decorators/,"Top Decorators in Singanpor, Surat | Hire Near You - VenueConnect","Find the best decorators in Singanpor, Surat for your event. Browse verified profiles, compare pricing & get WhatsApp leads instantly on VenueConnect.","Top Decorators in Singanpor, Surat",decorators in Singanpor Surat,"decorators near Singanpor, decorators Singanpor Surat, best decorators near Singanpor",Transactional (Hyper-local),Medium
Vendor + City Area,"Mehndi Artists in Singanpor, Surat | VenueConnect",/surat/singanpor/vendors/mehndi-artists/,"Top Mehndi Artists in Singanpor, Surat | Hire Near You - VenueConnect","Find the best mehndi artists in Singanpor, Surat for your event. Browse verified profiles, compare pricing & get WhatsApp leads instantly on VenueConnect.","Top Mehndi Artists in Singanpor, Surat",mehndi artists in Singanpor Surat,"mehndi artists near Singanpor, mehndi artists Singanpor Surat, best mehndi artists near Singanpor",Transactional (Hyper-local),Medium
Vendor + City Area,"Photographers in Vav, Surat | VenueConnect",/surat/vav/vendors/photographers/,"Top Photographers in Vav, Surat | Hire Near You - VenueConnect","Find the best photographers in Vav, Surat for your event. Browse verified profiles, compare pricing & get WhatsApp leads instantly on VenueConnect.","Top Photographers in Vav, Surat",photographers in Vav Surat,"photographers near Vav, photographers Vav Surat, best photographers near Vav",Transactional (Hyper-local),Medium
Vendor + City Area,"Caterers in Vav, Surat | VenueConnect",/surat/vav/vendors/caterers/,"Top Caterers in Vav, Surat | Hire Near You - VenueConnect","Find the best caterers in Vav, Surat for your event. Browse verified profiles, compare pricing & get WhatsApp leads instantly on VenueConnect.","Top Caterers in Vav, Surat",caterers in Vav Surat,"caterers near Vav, caterers Vav Surat, best caterers near Vav",Transactional (Hyper-local),Medium
Vendor + City Area,"Decorators in Vav, Surat | VenueConnect",/surat/vav/vendors/decorators/,"Top Decorators in Vav, Surat | Hire Near You - VenueConnect","Find the best decorators in Vav, Surat for your event. Browse verified profiles, compare pricing & get WhatsApp leads instantly on VenueConnect.","Top Decorators in Vav, Surat",decorators in Vav Surat,"decorators near Vav, decorators Vav Surat, best decorators near Vav",Transactional (Hyper-local),Medium
Vendor + City Area,"Mehndi Artists in Vav, Surat | VenueConnect",/surat/vav/vendors/mehndi-artists/,"Top Mehndi Artists in Vav, Surat | Hire Near You - VenueConnect","Find the best mehndi artists in Vav, Surat for your event. Browse verified profiles, compare pricing & get WhatsApp leads instantly on VenueConnect.","Top Mehndi Artists in Vav, Surat",mehndi artists in Vav Surat,"mehndi artists near Vav, mehndi artists Vav Surat, best mehndi artists near Vav",Transactional (Hyper-local),Medium
Vendor + City Area,"Photographers in Mora, Surat | VenueConnect",/surat/mora/vendors/photographers/,"Top Photographers in Mora, Surat | Hire Near You - VenueConnect","Find the best photographers in Mora, Surat for your event. Browse verified profiles, compare pricing & get WhatsApp leads instantly on VenueConnect.","Top Photographers in Mora, Surat",photographers in Mora Surat,"photographers near Mora, photographers Mora Surat, best photographers near Mora",Transactional (Hyper-local),Medium
Vendor + City Area,"Caterers in Mora, Surat | VenueConnect",/surat/mora/vendors/caterers/,"Top Caterers in Mora, Surat | Hire Near You - VenueConnect","Find the best caterers in Mora, Surat for your event. Browse verified profiles, compare pricing & get WhatsApp leads instantly on VenueConnect.","Top Caterers in Mora, Surat",caterers in Mora Surat,"caterers near Mora, caterers Mora Surat, best caterers near Mora",Transactional (Hyper-local),Medium
Vendor + City Area,"Decorators in Mora, Surat | VenueConnect",/surat/mora/vendors/decorators/,"Top Decorators in Mora, Surat | Hire Near You - VenueConnect","Find the best decorators in Mora, Surat for your event. Browse verified profiles, compare pricing & get WhatsApp leads instantly on VenueConnect.","Top Decorators in Mora, Surat",decorators in Mora Surat,"decorators near Mora, decorators Mora Surat, best decorators near Mora",Transactional (Hyper-local),Medium
Vendor + City Area,"Mehndi Artists in Mora, Surat | VenueConnect",/surat/mora/vendors/mehndi-artists/,"Top Mehndi Artists in Mora, Surat | Hire Near You - VenueConnect","Find the best mehndi artists in Mora, Surat for your event. Browse verified profiles, compare pricing & get WhatsApp leads instantly on VenueConnect.","Top Mehndi Artists in Mora, Surat",mehndi artists in Mora Surat,"mehndi artists near Mora, mehndi artists Mora Surat, best mehndi artists near Mora",Transactional (Hyper-local),Medium
Vendor + City Area,"Photographers in Khajod, Surat | VenueConnect",/surat/khajod/vendors/photographers/,"Top Photographers in Khajod, Surat | Hire Near You - VenueConnect","Find the best photographers in Khajod, Surat for your event. Browse verified profiles, compare pricing & get WhatsApp leads instantly on VenueConnect.","Top Photographers in Khajod, Surat",photographers in Khajod Surat,"photographers near Khajod, photographers Khajod Surat, best photographers near Khajod",Transactional (Hyper-local),Medium
Vendor + City Area,"Caterers in Khajod, Surat | VenueConnect",/surat/khajod/vendors/caterers/,"Top Caterers in Khajod, Surat | Hire Near You - VenueConnect","Find the best caterers in Khajod, Surat for your event. Browse verified profiles, compare pricing & get WhatsApp leads instantly on VenueConnect.","Top Caterers in Khajod, Surat",caterers in Khajod Surat,"caterers near Khajod, caterers Khajod Surat, best caterers near Khajod",Transactional (Hyper-local),Medium
Vendor + City Area,"Decorators in Khajod, Surat | VenueConnect",/surat/khajod/vendors/decorators/,"Top Decorators in Khajod, Surat | Hire Near You - VenueConnect","Find the best decorators in Khajod, Surat for your event. Browse verified profiles, compare pricing & get WhatsApp leads instantly on VenueConnect.","Top Decorators in Khajod, Surat",decorators in Khajod Surat,"decorators near Khajod, decorators Khajod Surat, best decorators near Khajod",Transactional (Hyper-local),Medium
Vendor + City Area,"Mehndi Artists in Khajod, Surat | VenueConnect",/surat/khajod/vendors/mehndi-artists/,"Top Mehndi Artists in Khajod, Surat | Hire Near You - VenueConnect","Find the best mehndi artists in Khajod, Surat for your event. Browse verified profiles, compare pricing & get WhatsApp leads instantly on VenueConnect.","Top Mehndi Artists in Khajod, Surat",mehndi artists in Khajod Surat,"mehndi artists near Khajod, mehndi artists Khajod Surat, best mehndi artists near Khajod",Transactional (Hyper-local),Medium
Vendor + City Area,"Photographers in Nandej, Surat | VenueConnect",/surat/nandej/vendors/photographers/,"Top Photographers in Nandej, Surat | Hire Near You - VenueConnect","Find the best photographers in Nandej, Surat for your event. Browse verified profiles, compare pricing & get WhatsApp leads instantly on VenueConnect.","Top Photographers in Nandej, Surat",photographers in Nandej Surat,"photographers near Nandej, photographers Nandej Surat, best photographers near Nandej",Transactional (Hyper-local),Medium
Vendor + City Area,"Caterers in Nandej, Surat | VenueConnect",/surat/nandej/vendors/caterers/,"Top Caterers in Nandej, Surat | Hire Near You - VenueConnect","Find the best caterers in Nandej, Surat for your event. Browse verified profiles, compare pricing & get WhatsApp leads instantly on VenueConnect.","Top Caterers in Nandej, Surat",caterers in Nandej Surat,"caterers near Nandej, caterers Nandej Surat, best caterers near Nandej",Transactional (Hyper-local),Medium
Vendor + City Area,"Decorators in Nandej, Surat | VenueConnect",/surat/nandej/vendors/decorators/,"Top Decorators in Nandej, Surat | Hire Near You - VenueConnect","Find the best decorators in Nandej, Surat for your event. Browse verified profiles, compare pricing & get WhatsApp leads instantly on VenueConnect.","Top Decorators in Nandej, Surat",decorators in Nandej Surat,"decorators near Nandej, decorators Nandej Surat, best decorators near Nandej",Transactional (Hyper-local),Medium
Vendor + City Area,"Mehndi Artists in Nandej, Surat | VenueConnect",/surat/nandej/vendors/mehndi-artists/,"Top Mehndi Artists in Nandej, Surat | Hire Near You - VenueConnect","Find the best mehndi artists in Nandej, Surat for your event. Browse verified profiles, compare pricing & get WhatsApp leads instantly on VenueConnect.","Top Mehndi Artists in Nandej, Surat",mehndi artists in Nandej Surat,"mehndi artists near Nandej, mehndi artists Nandej Surat, best mehndi artists near Nandej",Transactional (Hyper-local),Medium
Vendor + City Area,"Photographers in Mota Varachha, Surat | VenueConnect",/surat/mota-varachha/vendors/photographers/,"Top Photographers in Mota Varachha, Surat | Hire Near You - VenueConnect","Find the best photographers in Mota Varachha, Surat for your event. Browse verified profiles, compare pricing & get WhatsApp leads instantly on VenueConnect.","Top Photographers in Mota Varachha, Surat",photographers in Mota Varachha Surat,"photographers near Mota Varachha, photographers Mota Varachha Surat, best photographers near Mota Varachha",Transactional (Hyper-local),Medium
Vendor + City Area,"Caterers in Mota Varachha, Surat | VenueConnect",/surat/mota-varachha/vendors/caterers/,"Top Caterers in Mota Varachha, Surat | Hire Near You - VenueConnect","Find the best caterers in Mota Varachha, Surat for your event. Browse verified profiles, compare pricing & get WhatsApp leads instantly on VenueConnect.","Top Caterers in Mota Varachha, Surat",caterers in Mota Varachha Surat,"caterers near Mota Varachha, caterers Mota Varachha Surat, best caterers near Mota Varachha",Transactional (Hyper-local),Medium
Vendor + City Area,"Decorators in Mota Varachha, Surat | VenueConnect",/surat/mota-varachha/vendors/decorators/,"Top Decorators in Mota Varachha, Surat | Hire Near You - VenueConnect","Find the best decorators in Mota Varachha, Surat for your event. Browse verified profiles, compare pricing & get WhatsApp leads instantly on VenueConnect.","Top Decorators in Mota Varachha, Surat",decorators in Mota Varachha Surat,"decorators near Mota Varachha, decorators Mota Varachha Surat, best decorators near Mota Varachha",Transactional (Hyper-local),Medium
Vendor + City Area,"Mehndi Artists in Mota Varachha, Surat | VenueConnect",/surat/mota-varachha/vendors/mehndi-artists/,"Top Mehndi Artists in Mota Varachha, Surat | Hire Near You - VenueConnect","Find the best mehndi artists in Mota Varachha, Surat for your event. Browse verified profiles, compare pricing & get WhatsApp leads instantly on VenueConnect.","Top Mehndi Artists in Mota Varachha, Surat",mehndi artists in Mota Varachha Surat,"mehndi artists near Mota Varachha, mehndi artists Mota Varachha Surat, best mehndi artists near Mota Varachha",Transactional (Hyper-local),Medium
Vendor + City Area,"Photographers in Kapodra, Surat | VenueConnect",/surat/kapodra/vendors/photographers/,"Top Photographers in Kapodra, Surat | Hire Near You - VenueConnect","Find the best photographers in Kapodra, Surat for your event. Browse verified profiles, compare pricing & get WhatsApp leads instantly on VenueConnect.","Top Photographers in Kapodra, Surat",photographers in Kapodra Surat,"photographers near Kapodra, photographers Kapodra Surat, best photographers near Kapodra",Transactional (Hyper-local),Medium
Vendor + City Area,"Caterers in Kapodra, Surat | VenueConnect",/surat/kapodra/vendors/caterers/,"Top Caterers in Kapodra, Surat | Hire Near You - VenueConnect","Find the best caterers in Kapodra, Surat for your event. Browse verified profiles, compare pricing & get WhatsApp leads instantly on VenueConnect.","Top Caterers in Kapodra, Surat",caterers in Kapodra Surat,"caterers near Kapodra, caterers Kapodra Surat, best caterers near Kapodra",Transactional (Hyper-local),Medium
Vendor + City Area,"Decorators in Kapodra, Surat | VenueConnect",/surat/kapodra/vendors/decorators/,"Top Decorators in Kapodra, Surat | Hire Near You - VenueConnect","Find the best decorators in Kapodra, Surat for your event. Browse verified profiles, compare pricing & get WhatsApp leads instantly on VenueConnect.","Top Decorators in Kapodra, Surat",decorators in Kapodra Surat,"decorators near Kapodra, decorators Kapodra Surat, best decorators near Kapodra",Transactional (Hyper-local),Medium
Vendor + City Area,"Mehndi Artists in Kapodra, Surat | VenueConnect",/surat/kapodra/vendors/mehndi-artists/,"Top Mehndi Artists in Kapodra, Surat | Hire Near You - VenueConnect","Find the best mehndi artists in Kapodra, Surat for your event. Browse verified profiles, compare pricing & get WhatsApp leads instantly on VenueConnect.","Top Mehndi Artists in Kapodra, Surat",mehndi artists in Kapodra Surat,"mehndi artists near Kapodra, mehndi artists Kapodra Surat, best mehndi artists near Kapodra",Transactional (Hyper-local),Medium
Vendor + City Area,"Photographers in Rundh, Surat | VenueConnect",/surat/rundh/vendors/photographers/,"Top Photographers in Rundh, Surat | Hire Near You - VenueConnect","Find the best photographers in Rundh, Surat for your event. Browse verified profiles, compare pricing & get WhatsApp leads instantly on VenueConnect.","Top Photographers in Rundh, Surat",photographers in Rundh Surat,"photographers near Rundh, photographers Rundh Surat, best photographers near Rundh",Transactional (Hyper-local),Medium
Vendor + City Area,"Caterers in Rundh, Surat | VenueConnect",/surat/rundh/vendors/caterers/,"Top Caterers in Rundh, Surat | Hire Near You - VenueConnect","Find the best caterers in Rundh, Surat for your event. Browse verified profiles, compare pricing & get WhatsApp leads instantly on VenueConnect.","Top Caterers in Rundh, Surat",caterers in Rundh Surat,"caterers near Rundh, caterers Rundh Surat, best caterers near Rundh",Transactional (Hyper-local),Medium
Vendor + City Area,"Decorators in Rundh, Surat | VenueConnect",/surat/rundh/vendors/decorators/,"Top Decorators in Rundh, Surat | Hire Near You - VenueConnect","Find the best decorators in Rundh, Surat for your event. Browse verified profiles, compare pricing & get WhatsApp leads instantly on VenueConnect.","Top Decorators in Rundh, Surat",decorators in Rundh Surat,"decorators near Rundh, decorators Rundh Surat, best decorators near Rundh",Transactional (Hyper-local),Medium
Vendor + City Area,"Mehndi Artists in Rundh, Surat | VenueConnect",/surat/rundh/vendors/mehndi-artists/,"Top Mehndi Artists in Rundh, Surat | Hire Near You - VenueConnect","Find the best mehndi artists in Rundh, Surat for your event. Browse verified profiles, compare pricing & get WhatsApp leads instantly on VenueConnect.","Top Mehndi Artists in Rundh, Surat",mehndi artists in Rundh Surat,"mehndi artists near Rundh, mehndi artists Rundh Surat, best mehndi artists near Rundh",Transactional (Hyper-local),Medium
Vendor + City Area,"Photographers in Bhatpore, Surat | VenueConnect",/surat/bhatpore/vendors/photographers/,"Top Photographers in Bhatpore, Surat | Hire Near You - VenueConnect","Find the best photographers in Bhatpore, Surat for your event. Browse verified profiles, compare pricing & get WhatsApp leads instantly on VenueConnect.","Top Photographers in Bhatpore, Surat",photographers in Bhatpore Surat,"photographers near Bhatpore, photographers Bhatpore Surat, best photographers near Bhatpore",Transactional (Hyper-local),Medium
Vendor + City Area,"Caterers in Bhatpore, Surat | VenueConnect",/surat/bhatpore/vendors/caterers/,"Top Caterers in Bhatpore, Surat | Hire Near You - VenueConnect","Find the best caterers in Bhatpore, Surat for your event. Browse verified profiles, compare pricing & get WhatsApp leads instantly on VenueConnect.","Top Caterers in Bhatpore, Surat",caterers in Bhatpore Surat,"caterers near Bhatpore, caterers Bhatpore Surat, best caterers near Bhatpore",Transactional (Hyper-local),Medium
Vendor + City Area,"Decorators in Bhatpore, Surat | VenueConnect",/surat/bhatpore/vendors/decorators/,"Top Decorators in Bhatpore, Surat | Hire Near You - VenueConnect","Find the best decorators in Bhatpore, Surat for your event. Browse verified profiles, compare pricing & get WhatsApp leads instantly on VenueConnect.","Top Decorators in Bhatpore, Surat",decorators in Bhatpore Surat,"decorators near Bhatpore, decorators Bhatpore Surat, best decorators near Bhatpore",Transactional (Hyper-local),Medium
Vendor + City Area,"Mehndi Artists in Bhatpore, Surat | VenueConnect",/surat/bhatpore/vendors/mehndi-artists/,"Top Mehndi Artists in Bhatpore, Surat | Hire Near You - VenueConnect","Find the best mehndi artists in Bhatpore, Surat for your event. Browse verified profiles, compare pricing & get WhatsApp leads instantly on VenueConnect.","Top Mehndi Artists in Bhatpore, Surat",mehndi artists in Bhatpore Surat,"mehndi artists near Bhatpore, mehndi artists Bhatpore Surat, best mehndi artists near Bhatpore",Transactional (Hyper-local),Medium
Vendor + City Area,"Photographers in Nana Varachha, Surat | VenueConnect",/surat/nana-varachha/vendors/photographers/,"Top Photographers in Nana Varachha, Surat | Hire Near You - VenueConnect","Find the best photographers in Nana Varachha, Surat for your event. Browse verified profiles, compare pricing & get WhatsApp leads instantly on VenueConnect.","Top Photographers in Nana Varachha, Surat",photographers in Nana Varachha Surat,"photographers near Nana Varachha, photographers Nana Varachha Surat, best photographers near Nana Varachha",Transactional (Hyper-local),Medium
Vendor + City Area,"Caterers in Nana Varachha, Surat | VenueConnect",/surat/nana-varachha/vendors/caterers/,"Top Caterers in Nana Varachha, Surat | Hire Near You - VenueConnect","Find the best caterers in Nana Varachha, Surat for your event. Browse verified profiles, compare pricing & get WhatsApp leads instantly on VenueConnect.","Top Caterers in Nana Varachha, Surat",caterers in Nana Varachha Surat,"caterers near Nana Varachha, caterers Nana Varachha Surat, best caterers near Nana Varachha",Transactional (Hyper-local),Medium
Vendor + City Area,"Decorators in Nana Varachha, Surat | VenueConnect",/surat/nana-varachha/vendors/decorators/,"Top Decorators in Nana Varachha, Surat | Hire Near You - VenueConnect","Find the best decorators in Nana Varachha, Surat for your event. Browse verified profiles, compare pricing & get WhatsApp leads instantly on VenueConnect.","Top Decorators in Nana Varachha, Surat",decorators in Nana Varachha Surat,"decorators near Nana Varachha, decorators Nana Varachha Surat, best decorators near Nana Varachha",Transactional (Hyper-local),Medium
Vendor + City Area,"Mehndi Artists in Nana Varachha, Surat | VenueConnect",/surat/nana-varachha/vendors/mehndi-artists/,"Top Mehndi Artists in Nana Varachha, Surat | Hire Near You - VenueConnect","Find the best mehndi artists in Nana Varachha, Surat for your event. Browse verified profiles, compare pricing & get WhatsApp leads instantly on VenueConnect.","Top Mehndi Artists in Nana Varachha, Surat",mehndi artists in Nana Varachha Surat,"mehndi artists near Nana Varachha, mehndi artists Nana Varachha Surat, best mehndi artists near Nana Varachha",Transactional (Hyper-local),Medium
Vendor + City Area,"Photographers in Utran, Surat | VenueConnect",/surat/utran/vendors/photographers/,"Top Photographers in Utran, Surat | Hire Near You - VenueConnect","Find the best photographers in Utran, Surat for your event. Browse verified profiles, compare pricing & get WhatsApp leads instantly on VenueConnect.","Top Photographers in Utran, Surat",photographers in Utran Surat,"photographers near Utran, photographers Utran Surat, best photographers near Utran",Transactional (Hyper-local),Medium
Vendor + City Area,"Caterers in Utran, Surat | VenueConnect",/surat/utran/vendors/caterers/,"Top Caterers in Utran, Surat | Hire Near You - VenueConnect","Find the best caterers in Utran, Surat for your event. Browse verified profiles, compare pricing & get WhatsApp leads instantly on VenueConnect.","Top Caterers in Utran, Surat",caterers in Utran Surat,"caterers near Utran, caterers Utran Surat, best caterers near Utran",Transactional (Hyper-local),Medium
Vendor + City Area,"Decorators in Utran, Surat | VenueConnect",/surat/utran/vendors/decorators/,"Top Decorators in Utran, Surat | Hire Near You - VenueConnect","Find the best decorators in Utran, Surat for your event. Browse verified profiles, compare pricing & get WhatsApp leads instantly on VenueConnect.","Top Decorators in Utran, Surat",decorators in Utran Surat,"decorators near Utran, decorators Utran Surat, best decorators near Utran",Transactional (Hyper-local),Medium
Vendor + City Area,"Mehndi Artists in Utran, Surat | VenueConnect",/surat/utran/vendors/mehndi-artists/,"Top Mehndi Artists in Utran, Surat | Hire Near You - VenueConnect","Find the best mehndi artists in Utran, Surat for your event. Browse verified profiles, compare pricing & get WhatsApp leads instantly on VenueConnect.","Top Mehndi Artists in Utran, Surat",mehndi artists in Utran Surat,"mehndi artists near Utran, mehndi artists Utran Surat, best mehndi artists near Utran",Transactional (Hyper-local),Medium
  VENUE TYPE + CITY AREA PAGES (Hyper-local),,,,,,,,,
Page Type,Page Title,URL Slug,Meta Title,Meta Description,H1 Tag,Target Keyword,Secondary Keywords,Search Intent,Priority
Venue + City Area,"Banquet Halls in Adajan, Surat | VenueConnect",/surat/adajan/banquet-halls/,"Best Banquet Halls in Adajan, Surat | Compare Near You - VenueConnect","Looking for banquet halls in Adajan, Surat? Browse verified listings with pricing, capacity & photos. Book the perfect venue near Adajan on VenueConnect.","Best Banquet Halls in Adajan, Surat",banquet halls in Adajan Surat,"banquet halls near Adajan, banquet halls Adajan Surat, affordable banquet halls near Adajan",Transactional (Hyper-local),High
Venue + City Area,"Farmhouses in Adajan, Surat | VenueConnect",/surat/adajan/farmhouses/,"Best Farmhouses in Adajan, Surat | Compare Near You - VenueConnect","Looking for farmhouses in Adajan, Surat? Browse verified listings with pricing, capacity & photos. Book the perfect venue near Adajan on VenueConnect.","Best Farmhouses in Adajan, Surat",farmhouses in Adajan Surat,"farmhouses near Adajan, farmhouses Adajan Surat, affordable farmhouses near Adajan",Transactional (Hyper-local),High
Venue + City Area,"Party Plots in Adajan, Surat | VenueConnect",/surat/adajan/party-plots/,"Best Party Plots in Adajan, Surat | Compare Near You - VenueConnect","Looking for party plots in Adajan, Surat? Browse verified listings with pricing, capacity & photos. Book the perfect venue near Adajan on VenueConnect.","Best Party Plots in Adajan, Surat",party plots in Adajan Surat,"party plots near Adajan, party plots Adajan Surat, affordable party plots near Adajan",Transactional (Hyper-local),High
Venue + City Area,"Banquet Halls in Vesu, Surat | VenueConnect",/surat/vesu/banquet-halls/,"Best Banquet Halls in Vesu, Surat | Compare Near You - VenueConnect","Looking for banquet halls in Vesu, Surat? Browse verified listings with pricing, capacity & photos. Book the perfect venue near Vesu on VenueConnect.","Best Banquet Halls in Vesu, Surat",banquet halls in Vesu Surat,"banquet halls near Vesu, banquet halls Vesu Surat, affordable banquet halls near Vesu",Transactional (Hyper-local),High
Venue + City Area,"Farmhouses in Vesu, Surat | VenueConnect",/surat/vesu/farmhouses/,"Best Farmhouses in Vesu, Surat | Compare Near You - VenueConnect","Looking for farmhouses in Vesu, Surat? Browse verified listings with pricing, capacity & photos. Book the perfect venue near Vesu on VenueConnect.","Best Farmhouses in Vesu, Surat",farmhouses in Vesu Surat,"farmhouses near Vesu, farmhouses Vesu Surat, affordable farmhouses near Vesu",Transactional (Hyper-local),High
Venue + City Area,"Party Plots in Vesu, Surat | VenueConnect",/surat/vesu/party-plots/,"Best Party Plots in Vesu, Surat | Compare Near You - VenueConnect","Looking for party plots in Vesu, Surat? Browse verified listings with pricing, capacity & photos. Book the perfect venue near Vesu on VenueConnect.","Best Party Plots in Vesu, Surat",party plots in Vesu Surat,"party plots near Vesu, party plots Vesu Surat, affordable party plots near Vesu",Transactional (Hyper-local),High
Venue + City Area,"Banquet Halls in Pal, Surat | VenueConnect",/surat/pal/banquet-halls/,"Best Banquet Halls in Pal, Surat | Compare Near You - VenueConnect","Looking for banquet halls in Pal, Surat? Browse verified listings with pricing, capacity & photos. Book the perfect venue near Pal on VenueConnect.","Best Banquet Halls in Pal, Surat",banquet halls in Pal Surat,"banquet halls near Pal, banquet halls Pal Surat, affordable banquet halls near Pal",Transactional (Hyper-local),High
Venue + City Area,"Farmhouses in Pal, Surat | VenueConnect",/surat/pal/farmhouses/,"Best Farmhouses in Pal, Surat | Compare Near You - VenueConnect","Looking for farmhouses in Pal, Surat? Browse verified listings with pricing, capacity & photos. Book the perfect venue near Pal on VenueConnect.","Best Farmhouses in Pal, Surat",farmhouses in Pal Surat,"farmhouses near Pal, farmhouses Pal Surat, affordable farmhouses near Pal",Transactional (Hyper-local),High
Venue + City Area,"Party Plots in Pal, Surat | VenueConnect",/surat/pal/party-plots/,"Best Party Plots in Pal, Surat | Compare Near You - VenueConnect","Looking for party plots in Pal, Surat? Browse verified listings with pricing, capacity & photos. Book the perfect venue near Pal on VenueConnect.","Best Party Plots in Pal, Surat",party plots in Pal Surat,"party plots near Pal, party plots Pal Surat, affordable party plots near Pal",Transactional (Hyper-local),High
Venue + City Area,"Banquet Halls in Althan, Surat | VenueConnect",/surat/althan/banquet-halls/,"Best Banquet Halls in Althan, Surat | Compare Near You - VenueConnect","Looking for banquet halls in Althan, Surat? Browse verified listings with pricing, capacity & photos. Book the perfect venue near Althan on VenueConnect.","Best Banquet Halls in Althan, Surat",banquet halls in Althan Surat,"banquet halls near Althan, banquet halls Althan Surat, affordable banquet halls near Althan",Transactional (Hyper-local),High
Venue + City Area,"Farmhouses in Althan, Surat | VenueConnect",/surat/althan/farmhouses/,"Best Farmhouses in Althan, Surat | Compare Near You - VenueConnect","Looking for farmhouses in Althan, Surat? Browse verified listings with pricing, capacity & photos. Book the perfect venue near Althan on VenueConnect.","Best Farmhouses in Althan, Surat",farmhouses in Althan Surat,"farmhouses near Althan, farmhouses Althan Surat, affordable farmhouses near Althan",Transactional (Hyper-local),High
Venue + City Area,"Party Plots in Althan, Surat | VenueConnect",/surat/althan/party-plots/,"Best Party Plots in Althan, Surat | Compare Near You - VenueConnect","Looking for party plots in Althan, Surat? Browse verified listings with pricing, capacity & photos. Book the perfect venue near Althan on VenueConnect.","Best Party Plots in Althan, Surat",party plots in Althan Surat,"party plots near Althan, party plots Althan Surat, affordable party plots near Althan",Transactional (Hyper-local),High
Venue + City Area,"Banquet Halls in Piplod, Surat | VenueConnect",/surat/piplod/banquet-halls/,"Best Banquet Halls in Piplod, Surat | Compare Near You - VenueConnect","Looking for banquet halls in Piplod, Surat? Browse verified listings with pricing, capacity & photos. Book the perfect venue near Piplod on VenueConnect.","Best Banquet Halls in Piplod, Surat",banquet halls in Piplod Surat,"banquet halls near Piplod, banquet halls Piplod Surat, affordable banquet halls near Piplod",Transactional (Hyper-local),High
Venue + City Area,"Farmhouses in Piplod, Surat | VenueConnect",/surat/piplod/farmhouses/,"Best Farmhouses in Piplod, Surat | Compare Near You - VenueConnect","Looking for farmhouses in Piplod, Surat? Browse verified listings with pricing, capacity & photos. Book the perfect venue near Piplod on VenueConnect.","Best Farmhouses in Piplod, Surat",farmhouses in Piplod Surat,"farmhouses near Piplod, farmhouses Piplod Surat, affordable farmhouses near Piplod",Transactional (Hyper-local),High
Venue + City Area,"Party Plots in Piplod, Surat | VenueConnect",/surat/piplod/party-plots/,"Best Party Plots in Piplod, Surat | Compare Near You - VenueConnect","Looking for party plots in Piplod, Surat? Browse verified listings with pricing, capacity & photos. Book the perfect venue near Piplod on VenueConnect.","Best Party Plots in Piplod, Surat",party plots in Piplod Surat,"party plots near Piplod, party plots Piplod Surat, affordable party plots near Piplod",Transactional (Hyper-local),High
Venue + City Area,"Banquet Halls in Citylight, Surat | VenueConnect",/surat/citylight/banquet-halls/,"Best Banquet Halls in Citylight, Surat | Compare Near You - VenueConnect","Looking for banquet halls in Citylight, Surat? Browse verified listings with pricing, capacity & photos. Book the perfect venue near Citylight on VenueConnect.","Best Banquet Halls in Citylight, Surat",banquet halls in Citylight Surat,"banquet halls near Citylight, banquet halls Citylight Surat, affordable banquet halls near Citylight",Transactional (Hyper-local),High
Venue + City Area,"Farmhouses in Citylight, Surat | VenueConnect",/surat/citylight/farmhouses/,"Best Farmhouses in Citylight, Surat | Compare Near You - VenueConnect","Looking for farmhouses in Citylight, Surat? Browse verified listings with pricing, capacity & photos. Book the perfect venue near Citylight on VenueConnect.","Best Farmhouses in Citylight, Surat",farmhouses in Citylight Surat,"farmhouses near Citylight, farmhouses Citylight Surat, affordable farmhouses near Citylight",Transactional (Hyper-local),High
Venue + City Area,"Party Plots in Citylight, Surat | VenueConnect",/surat/citylight/party-plots/,"Best Party Plots in Citylight, Surat | Compare Near You - VenueConnect","Looking for party plots in Citylight, Surat? Browse verified listings with pricing, capacity & photos. Book the perfect venue near Citylight on VenueConnect.","Best Party Plots in Citylight, Surat",party plots in Citylight Surat,"party plots near Citylight, party plots Citylight Surat, affordable party plots near Citylight",Transactional (Hyper-local),High
Venue + City Area,"Banquet Halls in Ghod Dod Road, Surat | VenueConnect",/surat/ghod-dod-road/banquet-halls/,"Best Banquet Halls in Ghod Dod Road, Surat | Compare Near You - VenueConnect","Looking for banquet halls in Ghod Dod Road, Surat? Browse verified listings with pricing, capacity & photos. Book the perfect venue near Ghod Dod Road on VenueConnect.","Best Banquet Halls in Ghod Dod Road, Surat",banquet halls in Ghod Dod Road Surat,"banquet halls near Ghod Dod Road, banquet halls Ghod Dod Road Surat, affordable banquet halls near Ghod Dod Road",Transactional (Hyper-local),High
Venue + City Area,"Farmhouses in Ghod Dod Road, Surat | VenueConnect",/surat/ghod-dod-road/farmhouses/,"Best Farmhouses in Ghod Dod Road, Surat | Compare Near You - VenueConnect","Looking for farmhouses in Ghod Dod Road, Surat? Browse verified listings with pricing, capacity & photos. Book the perfect venue near Ghod Dod Road on VenueConnect.","Best Farmhouses in Ghod Dod Road, Surat",farmhouses in Ghod Dod Road Surat,"farmhouses near Ghod Dod Road, farmhouses Ghod Dod Road Surat, affordable farmhouses near Ghod Dod Road",Transactional (Hyper-local),High
Venue + City Area,"Party Plots in Ghod Dod Road, Surat | VenueConnect",/surat/ghod-dod-road/party-plots/,"Best Party Plots in Ghod Dod Road, Surat | Compare Near You - VenueConnect","Looking for party plots in Ghod Dod Road, Surat? Browse verified listings with pricing, capacity & photos. Book the perfect venue near Ghod Dod Road on VenueConnect.","Best Party Plots in Ghod Dod Road, Surat",party plots in Ghod Dod Road Surat,"party plots near Ghod Dod Road, party plots Ghod Dod Road Surat, affordable party plots near Ghod Dod Road",Transactional (Hyper-local),High
Venue + City Area,"Banquet Halls in Udhna, Surat | VenueConnect",/surat/udhna/banquet-halls/,"Best Banquet Halls in Udhna, Surat | Compare Near You - VenueConnect","Looking for banquet halls in Udhna, Surat? Browse verified listings with pricing, capacity & photos. Book the perfect venue near Udhna on VenueConnect.","Best Banquet Halls in Udhna, Surat",banquet halls in Udhna Surat,"banquet halls near Udhna, banquet halls Udhna Surat, affordable banquet halls near Udhna",Transactional (Hyper-local),High
Venue + City Area,"Farmhouses in Udhna, Surat | VenueConnect",/surat/udhna/farmhouses/,"Best Farmhouses in Udhna, Surat | Compare Near You - VenueConnect","Looking for farmhouses in Udhna, Surat? Browse verified listings with pricing, capacity & photos. Book the perfect venue near Udhna on VenueConnect.","Best Farmhouses in Udhna, Surat",farmhouses in Udhna Surat,"farmhouses near Udhna, farmhouses Udhna Surat, affordable farmhouses near Udhna",Transactional (Hyper-local),High
Venue + City Area,"Party Plots in Udhna, Surat | VenueConnect",/surat/udhna/party-plots/,"Best Party Plots in Udhna, Surat | Compare Near You - VenueConnect","Looking for party plots in Udhna, Surat? Browse verified listings with pricing, capacity & photos. Book the perfect venue near Udhna on VenueConnect.","Best Party Plots in Udhna, Surat",party plots in Udhna Surat,"party plots near Udhna, party plots Udhna Surat, affordable party plots near Udhna",Transactional (Hyper-local),High
Venue + City Area,"Banquet Halls in Katargam, Surat | VenueConnect",/surat/katargam/banquet-halls/,"Best Banquet Halls in Katargam, Surat | Compare Near You - VenueConnect","Looking for banquet halls in Katargam, Surat? Browse verified listings with pricing, capacity & photos. Book the perfect venue near Katargam on VenueConnect.","Best Banquet Halls in Katargam, Surat",banquet halls in Katargam Surat,"banquet halls near Katargam, banquet halls Katargam Surat, affordable banquet halls near Katargam",Transactional (Hyper-local),High
Venue + City Area,"Farmhouses in Katargam, Surat | VenueConnect",/surat/katargam/farmhouses/,"Best Farmhouses in Katargam, Surat | Compare Near You - VenueConnect","Looking for farmhouses in Katargam, Surat? Browse verified listings with pricing, capacity & photos. Book the perfect venue near Katargam on VenueConnect.","Best Farmhouses in Katargam, Surat",farmhouses in Katargam Surat,"farmhouses near Katargam, farmhouses Katargam Surat, affordable farmhouses near Katargam",Transactional (Hyper-local),High
Venue + City Area,"Party Plots in Katargam, Surat | VenueConnect",/surat/katargam/party-plots/,"Best Party Plots in Katargam, Surat | Compare Near You - VenueConnect","Looking for party plots in Katargam, Surat? Browse verified listings with pricing, capacity & photos. Book the perfect venue near Katargam on VenueConnect.","Best Party Plots in Katargam, Surat",party plots in Katargam Surat,"party plots near Katargam, party plots Katargam Surat, affordable party plots near Katargam",Transactional (Hyper-local),High
Venue + City Area,"Banquet Halls in Rander, Surat | VenueConnect",/surat/rander/banquet-halls/,"Best Banquet Halls in Rander, Surat | Compare Near You - VenueConnect","Looking for banquet halls in Rander, Surat? Browse verified listings with pricing, capacity & photos. Book the perfect venue near Rander on VenueConnect.","Best Banquet Halls in Rander, Surat",banquet halls in Rander Surat,"banquet halls near Rander, banquet halls Rander Surat, affordable banquet halls near Rander",Transactional (Hyper-local),High
Venue + City Area,"Farmhouses in Rander, Surat | VenueConnect",/surat/rander/farmhouses/,"Best Farmhouses in Rander, Surat | Compare Near You - VenueConnect","Looking for farmhouses in Rander, Surat? Browse verified listings with pricing, capacity & photos. Book the perfect venue near Rander on VenueConnect.","Best Farmhouses in Rander, Surat",farmhouses in Rander Surat,"farmhouses near Rander, farmhouses Rander Surat, affordable farmhouses near Rander",Transactional (Hyper-local),High
Venue + City Area,"Party Plots in Rander, Surat | VenueConnect",/surat/rander/party-plots/,"Best Party Plots in Rander, Surat | Compare Near You - VenueConnect","Looking for party plots in Rander, Surat? Browse verified listings with pricing, capacity & photos. Book the perfect venue near Rander on VenueConnect.","Best Party Plots in Rander, Surat",party plots in Rander Surat,"party plots near Rander, party plots Rander Surat, affordable party plots near Rander",Transactional (Hyper-local),High
Venue + City Area,"Banquet Halls in Dumas, Surat | VenueConnect",/surat/dumas/banquet-halls/,"Best Banquet Halls in Dumas, Surat | Compare Near You - VenueConnect","Looking for banquet halls in Dumas, Surat? Browse verified listings with pricing, capacity & photos. Book the perfect venue near Dumas on VenueConnect.","Best Banquet Halls in Dumas, Surat",banquet halls in Dumas Surat,"banquet halls near Dumas, banquet halls Dumas Surat, affordable banquet halls near Dumas",Transactional (Hyper-local),High
Venue + City Area,"Farmhouses in Dumas, Surat | VenueConnect",/surat/dumas/farmhouses/,"Best Farmhouses in Dumas, Surat | Compare Near You - VenueConnect","Looking for farmhouses in Dumas, Surat? Browse verified listings with pricing, capacity & photos. Book the perfect venue near Dumas on VenueConnect.","Best Farmhouses in Dumas, Surat",farmhouses in Dumas Surat,"farmhouses near Dumas, farmhouses Dumas Surat, affordable farmhouses near Dumas",Transactional (Hyper-local),High
Venue + City Area,"Party Plots in Dumas, Surat | VenueConnect",/surat/dumas/party-plots/,"Best Party Plots in Dumas, Surat | Compare Near You - VenueConnect","Looking for party plots in Dumas, Surat? Browse verified listings with pricing, capacity & photos. Book the perfect venue near Dumas on VenueConnect.","Best Party Plots in Dumas, Surat",party plots in Dumas Surat,"party plots near Dumas, party plots Dumas Surat, affordable party plots near Dumas",Transactional (Hyper-local),High
Venue + City Area,"Banquet Halls in Athwa, Surat | VenueConnect",/surat/athwa/banquet-halls/,"Best Banquet Halls in Athwa, Surat | Compare Near You - VenueConnect","Looking for banquet halls in Athwa, Surat? Browse verified listings with pricing, capacity & photos. Book the perfect venue near Athwa on VenueConnect.","Best Banquet Halls in Athwa, Surat",banquet halls in Athwa Surat,"banquet halls near Athwa, banquet halls Athwa Surat, affordable banquet halls near Athwa",Transactional (Hyper-local),High
Venue + City Area,"Farmhouses in Athwa, Surat | VenueConnect",/surat/athwa/farmhouses/,"Best Farmhouses in Athwa, Surat | Compare Near You - VenueConnect","Looking for farmhouses in Athwa, Surat? Browse verified listings with pricing, capacity & photos. Book the perfect venue near Athwa on VenueConnect.","Best Farmhouses in Athwa, Surat",farmhouses in Athwa Surat,"farmhouses near Athwa, farmhouses Athwa Surat, affordable farmhouses near Athwa",Transactional (Hyper-local),High
Venue + City Area,"Party Plots in Athwa, Surat | VenueConnect",/surat/athwa/party-plots/,"Best Party Plots in Athwa, Surat | Compare Near You - VenueConnect","Looking for party plots in Athwa, Surat? Browse verified listings with pricing, capacity & photos. Book the perfect venue near Athwa on VenueConnect.","Best Party Plots in Athwa, Surat",party plots in Athwa Surat,"party plots near Athwa, party plots Athwa Surat, affordable party plots near Athwa",Transactional (Hyper-local),High
Venue + City Area,"Banquet Halls in Parle Point, Surat | VenueConnect",/surat/parle-point/banquet-halls/,"Best Banquet Halls in Parle Point, Surat | Compare Near You - VenueConnect","Looking for banquet halls in Parle Point, Surat? Browse verified listings with pricing, capacity & photos. Book the perfect venue near Parle Point on VenueConnect.","Best Banquet Halls in Parle Point, Surat",banquet halls in Parle Point Surat,"banquet halls near Parle Point, banquet halls Parle Point Surat, affordable banquet halls near Parle Point",Transactional (Hyper-local),High
Venue + City Area,"Farmhouses in Parle Point, Surat | VenueConnect",/surat/parle-point/farmhouses/,"Best Farmhouses in Parle Point, Surat | Compare Near You - VenueConnect","Looking for farmhouses in Parle Point, Surat? Browse verified listings with pricing, capacity & photos. Book the perfect venue near Parle Point on VenueConnect.","Best Farmhouses in Parle Point, Surat",farmhouses in Parle Point Surat,"farmhouses near Parle Point, farmhouses Parle Point Surat, affordable farmhouses near Parle Point",Transactional (Hyper-local),High
Venue + City Area,"Party Plots in Parle Point, Surat | VenueConnect",/surat/parle-point/party-plots/,"Best Party Plots in Parle Point, Surat | Compare Near You - VenueConnect","Looking for party plots in Parle Point, Surat? Browse verified listings with pricing, capacity & photos. Book the perfect venue near Parle Point on VenueConnect.","Best Party Plots in Parle Point, Surat",party plots in Parle Point Surat,"party plots near Parle Point, party plots Parle Point Surat, affordable party plots near Parle Point",Transactional (Hyper-local),High
Venue + City Area,"Banquet Halls in Majura Gate, Surat | VenueConnect",/surat/majura-gate/banquet-halls/,"Best Banquet Halls in Majura Gate, Surat | Compare Near You - VenueConnect","Looking for banquet halls in Majura Gate, Surat? Browse verified listings with pricing, capacity & photos. Book the perfect venue near Majura Gate on VenueConnect.","Best Banquet Halls in Majura Gate, Surat",banquet halls in Majura Gate Surat,"banquet halls near Majura Gate, banquet halls Majura Gate Surat, affordable banquet halls near Majura Gate",Transactional (Hyper-local),High
Venue + City Area,"Farmhouses in Majura Gate, Surat | VenueConnect",/surat/majura-gate/farmhouses/,"Best Farmhouses in Majura Gate, Surat | Compare Near You - VenueConnect","Looking for farmhouses in Majura Gate, Surat? Browse verified listings with pricing, capacity & photos. Book the perfect venue near Majura Gate on VenueConnect.","Best Farmhouses in Majura Gate, Surat",farmhouses in Majura Gate Surat,"farmhouses near Majura Gate, farmhouses Majura Gate Surat, affordable farmhouses near Majura Gate",Transactional (Hyper-local),High
Venue + City Area,"Party Plots in Majura Gate, Surat | VenueConnect",/surat/majura-gate/party-plots/,"Best Party Plots in Majura Gate, Surat | Compare Near You - VenueConnect","Looking for party plots in Majura Gate, Surat? Browse verified listings with pricing, capacity & photos. Book the perfect venue near Majura Gate on VenueConnect.","Best Party Plots in Majura Gate, Surat",party plots in Majura Gate Surat,"party plots near Majura Gate, party plots Majura Gate Surat, affordable party plots near Majura Gate",Transactional (Hyper-local),High
Venue + City Area,"Banquet Halls in Nanpura, Surat | VenueConnect",/surat/nanpura/banquet-halls/,"Best Banquet Halls in Nanpura, Surat | Compare Near You - VenueConnect","Looking for banquet halls in Nanpura, Surat? Browse verified listings with pricing, capacity & photos. Book the perfect venue near Nanpura on VenueConnect.","Best Banquet Halls in Nanpura, Surat",banquet halls in Nanpura Surat,"banquet halls near Nanpura, banquet halls Nanpura Surat, affordable banquet halls near Nanpura",Transactional (Hyper-local),High
Venue + City Area,"Farmhouses in Nanpura, Surat | VenueConnect",/surat/nanpura/farmhouses/,"Best Farmhouses in Nanpura, Surat | Compare Near You - VenueConnect","Looking for farmhouses in Nanpura, Surat? Browse verified listings with pricing, capacity & photos. Book the perfect venue near Nanpura on VenueConnect.","Best Farmhouses in Nanpura, Surat",farmhouses in Nanpura Surat,"farmhouses near Nanpura, farmhouses Nanpura Surat, affordable farmhouses near Nanpura",Transactional (Hyper-local),High
Venue + City Area,"Party Plots in Nanpura, Surat | VenueConnect",/surat/nanpura/party-plots/,"Best Party Plots in Nanpura, Surat | Compare Near You - VenueConnect","Looking for party plots in Nanpura, Surat? Browse verified listings with pricing, capacity & photos. Book the perfect venue near Nanpura on VenueConnect.","Best Party Plots in Nanpura, Surat",party plots in Nanpura Surat,"party plots near Nanpura, party plots Nanpura Surat, affordable party plots near Nanpura",Transactional (Hyper-local),High
Venue + City Area,"Banquet Halls in Ring Road, Surat | VenueConnect",/surat/ring-road/banquet-halls/,"Best Banquet Halls in Ring Road, Surat | Compare Near You - VenueConnect","Looking for banquet halls in Ring Road, Surat? Browse verified listings with pricing, capacity & photos. Book the perfect venue near Ring Road on VenueConnect.","Best Banquet Halls in Ring Road, Surat",banquet halls in Ring Road Surat,"banquet halls near Ring Road, banquet halls Ring Road Surat, affordable banquet halls near Ring Road",Transactional (Hyper-local),High
Venue + City Area,"Farmhouses in Ring Road, Surat | VenueConnect",/surat/ring-road/farmhouses/,"Best Farmhouses in Ring Road, Surat | Compare Near You - VenueConnect","Looking for farmhouses in Ring Road, Surat? Browse verified listings with pricing, capacity & photos. Book the perfect venue near Ring Road on VenueConnect.","Best Farmhouses in Ring Road, Surat",farmhouses in Ring Road Surat,"farmhouses near Ring Road, farmhouses Ring Road Surat, affordable farmhouses near Ring Road",Transactional (Hyper-local),High
Venue + City Area,"Party Plots in Ring Road, Surat | VenueConnect",/surat/ring-road/party-plots/,"Best Party Plots in Ring Road, Surat | Compare Near You - VenueConnect","Looking for party plots in Ring Road, Surat? Browse verified listings with pricing, capacity & photos. Book the perfect venue near Ring Road on VenueConnect.","Best Party Plots in Ring Road, Surat",party plots in Ring Road Surat,"party plots near Ring Road, party plots Ring Road Surat, affordable party plots near Ring Road",Transactional (Hyper-local),High
Venue + City Area,"Banquet Halls in Sarthana, Surat | VenueConnect",/surat/sarthana/banquet-halls/,"Best Banquet Halls in Sarthana, Surat | Compare Near You - VenueConnect","Looking for banquet halls in Sarthana, Surat? Browse verified listings with pricing, capacity & photos. Book the perfect venue near Sarthana on VenueConnect.","Best Banquet Halls in Sarthana, Surat",banquet halls in Sarthana Surat,"banquet halls near Sarthana, banquet halls Sarthana Surat, affordable banquet halls near Sarthana",Transactional (Hyper-local),High
Venue + City Area,"Farmhouses in Sarthana, Surat | VenueConnect",/surat/sarthana/farmhouses/,"Best Farmhouses in Sarthana, Surat | Compare Near You - VenueConnect","Looking for farmhouses in Sarthana, Surat? Browse verified listings with pricing, capacity & photos. Book the perfect venue near Sarthana on VenueConnect.","Best Farmhouses in Sarthana, Surat",farmhouses in Sarthana Surat,"farmhouses near Sarthana, farmhouses Sarthana Surat, affordable farmhouses near Sarthana",Transactional (Hyper-local),High
Venue + City Area,"Party Plots in Sarthana, Surat | VenueConnect",/surat/sarthana/party-plots/,"Best Party Plots in Sarthana, Surat | Compare Near You - VenueConnect","Looking for party plots in Sarthana, Surat? Browse verified listings with pricing, capacity & photos. Book the perfect venue near Sarthana on VenueConnect.","Best Party Plots in Sarthana, Surat",party plots in Sarthana Surat,"party plots near Sarthana, party plots Sarthana Surat, affordable party plots near Sarthana",Transactional (Hyper-local),High
Venue + City Area,"Banquet Halls in Varachha, Surat | VenueConnect",/surat/varachha/banquet-halls/,"Best Banquet Halls in Varachha, Surat | Compare Near You - VenueConnect","Looking for banquet halls in Varachha, Surat? Browse verified listings with pricing, capacity & photos. Book the perfect venue near Varachha on VenueConnect.","Best Banquet Halls in Varachha, Surat",banquet halls in Varachha Surat,"banquet halls near Varachha, banquet halls Varachha Surat, affordable banquet halls near Varachha",Transactional (Hyper-local),High
Venue + City Area,"Farmhouses in Varachha, Surat | VenueConnect",/surat/varachha/farmhouses/,"Best Farmhouses in Varachha, Surat | Compare Near You - VenueConnect","Looking for farmhouses in Varachha, Surat? Browse verified listings with pricing, capacity & photos. Book the perfect venue near Varachha on VenueConnect.","Best Farmhouses in Varachha, Surat",farmhouses in Varachha Surat,"farmhouses near Varachha, farmhouses Varachha Surat, affordable farmhouses near Varachha",Transactional (Hyper-local),High
Venue + City Area,"Party Plots in Varachha, Surat | VenueConnect",/surat/varachha/party-plots/,"Best Party Plots in Varachha, Surat | Compare Near You - VenueConnect","Looking for party plots in Varachha, Surat? Browse verified listings with pricing, capacity & photos. Book the perfect venue near Varachha on VenueConnect.","Best Party Plots in Varachha, Surat",party plots in Varachha Surat,"party plots near Varachha, party plots Varachha Surat, affordable party plots near Varachha",Transactional (Hyper-local),High
Venue + City Area,"Banquet Halls in Limbayat, Surat | VenueConnect",/surat/limbayat/banquet-halls/,"Best Banquet Halls in Limbayat, Surat | Compare Near You - VenueConnect","Looking for banquet halls in Limbayat, Surat? Browse verified listings with pricing, capacity & photos. Book the perfect venue near Limbayat on VenueConnect.","Best Banquet Halls in Limbayat, Surat",banquet halls in Limbayat Surat,"banquet halls near Limbayat, banquet halls Limbayat Surat, affordable banquet halls near Limbayat",Transactional (Hyper-local),High
Venue + City Area,"Farmhouses in Limbayat, Surat | VenueConnect",/surat/limbayat/farmhouses/,"Best Farmhouses in Limbayat, Surat | Compare Near You - VenueConnect","Looking for farmhouses in Limbayat, Surat? Browse verified listings with pricing, capacity & photos. Book the perfect venue near Limbayat on VenueConnect.","Best Farmhouses in Limbayat, Surat",farmhouses in Limbayat Surat,"farmhouses near Limbayat, farmhouses Limbayat Surat, affordable farmhouses near Limbayat",Transactional (Hyper-local),High
Venue + City Area,"Party Plots in Limbayat, Surat | VenueConnect",/surat/limbayat/party-plots/,"Best Party Plots in Limbayat, Surat | Compare Near You - VenueConnect","Looking for party plots in Limbayat, Surat? Browse verified listings with pricing, capacity & photos. Book the perfect venue near Limbayat on VenueConnect.","Best Party Plots in Limbayat, Surat",party plots in Limbayat Surat,"party plots near Limbayat, party plots Limbayat Surat, affordable party plots near Limbayat",Transactional (Hyper-local),High
Venue + City Area,"Banquet Halls in Laskana, Surat | VenueConnect",/surat/laskana/banquet-halls/,"Best Banquet Halls in Laskana, Surat | Compare Near You - VenueConnect","Looking for banquet halls in Laskana, Surat? Browse verified listings with pricing, capacity & photos. Book the perfect venue near Laskana on VenueConnect.","Best Banquet Halls in Laskana, Surat",banquet halls in Laskana Surat,"banquet halls near Laskana, banquet halls Laskana Surat, affordable banquet halls near Laskana",Transactional (Hyper-local),High
Venue + City Area,"Farmhouses in Laskana, Surat | VenueConnect",/surat/laskana/farmhouses/,"Best Farmhouses in Laskana, Surat | Compare Near You - VenueConnect","Looking for farmhouses in Laskana, Surat? Browse verified listings with pricing, capacity & photos. Book the perfect venue near Laskana on VenueConnect.","Best Farmhouses in Laskana, Surat",farmhouses in Laskana Surat,"farmhouses near Laskana, farmhouses Laskana Surat, affordable farmhouses near Laskana",Transactional (Hyper-local),High
Venue + City Area,"Party Plots in Laskana, Surat | VenueConnect",/surat/laskana/party-plots/,"Best Party Plots in Laskana, Surat | Compare Near You - VenueConnect","Looking for party plots in Laskana, Surat? Browse verified listings with pricing, capacity & photos. Book the perfect venue near Laskana on VenueConnect.","Best Party Plots in Laskana, Surat",party plots in Laskana Surat,"party plots near Laskana, party plots Laskana Surat, affordable party plots near Laskana",Transactional (Hyper-local),High
Venue + City Area,"Banquet Halls in Pandesara, Surat | VenueConnect",/surat/pandesara/banquet-halls/,"Best Banquet Halls in Pandesara, Surat | Compare Near You - VenueConnect","Looking for banquet halls in Pandesara, Surat? Browse verified listings with pricing, capacity & photos. Book the perfect venue near Pandesara on VenueConnect.","Best Banquet Halls in Pandesara, Surat",banquet halls in Pandesara Surat,"banquet halls near Pandesara, banquet halls Pandesara Surat, affordable banquet halls near Pandesara",Transactional (Hyper-local),High
Venue + City Area,"Farmhouses in Pandesara, Surat | VenueConnect",/surat/pandesara/farmhouses/,"Best Farmhouses in Pandesara, Surat | Compare Near You - VenueConnect","Looking for farmhouses in Pandesara, Surat? Browse verified listings with pricing, capacity & photos. Book the perfect venue near Pandesara on VenueConnect.","Best Farmhouses in Pandesara, Surat",farmhouses in Pandesara Surat,"farmhouses near Pandesara, farmhouses Pandesara Surat, affordable farmhouses near Pandesara",Transactional (Hyper-local),High
Venue + City Area,"Party Plots in Pandesara, Surat | VenueConnect",/surat/pandesara/party-plots/,"Best Party Plots in Pandesara, Surat | Compare Near You - VenueConnect","Looking for party plots in Pandesara, Surat? Browse verified listings with pricing, capacity & photos. Book the perfect venue near Pandesara on VenueConnect.","Best Party Plots in Pandesara, Surat",party plots in Pandesara Surat,"party plots near Pandesara, party plots Pandesara Surat, affordable party plots near Pandesara",Transactional (Hyper-local),High
Venue + City Area,"Banquet Halls in Sachin, Surat | VenueConnect",/surat/sachin/banquet-halls/,"Best Banquet Halls in Sachin, Surat | Compare Near You - VenueConnect","Looking for banquet halls in Sachin, Surat? Browse verified listings with pricing, capacity & photos. Book the perfect venue near Sachin on VenueConnect.","Best Banquet Halls in Sachin, Surat",banquet halls in Sachin Surat,"banquet halls near Sachin, banquet halls Sachin Surat, affordable banquet halls near Sachin",Transactional (Hyper-local),High
Venue + City Area,"Farmhouses in Sachin, Surat | VenueConnect",/surat/sachin/farmhouses/,"Best Farmhouses in Sachin, Surat | Compare Near You - VenueConnect","Looking for farmhouses in Sachin, Surat? Browse verified listings with pricing, capacity & photos. Book the perfect venue near Sachin on VenueConnect.","Best Farmhouses in Sachin, Surat",farmhouses in Sachin Surat,"farmhouses near Sachin, farmhouses Sachin Surat, affordable farmhouses near Sachin",Transactional (Hyper-local),High
Venue + City Area,"Party Plots in Sachin, Surat | VenueConnect",/surat/sachin/party-plots/,"Best Party Plots in Sachin, Surat | Compare Near You - VenueConnect","Looking for party plots in Sachin, Surat? Browse verified listings with pricing, capacity & photos. Book the perfect venue near Sachin on VenueConnect.","Best Party Plots in Sachin, Surat",party plots in Sachin Surat,"party plots near Sachin, party plots Sachin Surat, affordable party plots near Sachin",Transactional (Hyper-local),High
Venue + City Area,"Banquet Halls in Dindoli, Surat | VenueConnect",/surat/dindoli/banquet-halls/,"Best Banquet Halls in Dindoli, Surat | Compare Near You - VenueConnect","Looking for banquet halls in Dindoli, Surat? Browse verified listings with pricing, capacity & photos. Book the perfect venue near Dindoli on VenueConnect.","Best Banquet Halls in Dindoli, Surat",banquet halls in Dindoli Surat,"banquet halls near Dindoli, banquet halls Dindoli Surat, affordable banquet halls near Dindoli",Transactional (Hyper-local),High
Venue + City Area,"Farmhouses in Dindoli, Surat | VenueConnect",/surat/dindoli/farmhouses/,"Best Farmhouses in Dindoli, Surat | Compare Near You - VenueConnect","Looking for farmhouses in Dindoli, Surat? Browse verified listings with pricing, capacity & photos. Book the perfect venue near Dindoli on VenueConnect.","Best Farmhouses in Dindoli, Surat",farmhouses in Dindoli Surat,"farmhouses near Dindoli, farmhouses Dindoli Surat, affordable farmhouses near Dindoli",Transactional (Hyper-local),High
Venue + City Area,"Party Plots in Dindoli, Surat | VenueConnect",/surat/dindoli/party-plots/,"Best Party Plots in Dindoli, Surat | Compare Near You - VenueConnect","Looking for party plots in Dindoli, Surat? Browse verified listings with pricing, capacity & photos. Book the perfect venue near Dindoli on VenueConnect.","Best Party Plots in Dindoli, Surat",party plots in Dindoli Surat,"party plots near Dindoli, party plots Dindoli Surat, affordable party plots near Dindoli",Transactional (Hyper-local),High
Venue + City Area,"Banquet Halls in Amroli, Surat | VenueConnect",/surat/amroli/banquet-halls/,"Best Banquet Halls in Amroli, Surat | Compare Near You - VenueConnect","Looking for banquet halls in Amroli, Surat? Browse verified listings with pricing, capacity & photos. Book the perfect venue near Amroli on VenueConnect.","Best Banquet Halls in Amroli, Surat",banquet halls in Amroli Surat,"banquet halls near Amroli, banquet halls Amroli Surat, affordable banquet halls near Amroli",Transactional (Hyper-local),High
Venue + City Area,"Farmhouses in Amroli, Surat | VenueConnect",/surat/amroli/farmhouses/,"Best Farmhouses in Amroli, Surat | Compare Near You - VenueConnect","Looking for farmhouses in Amroli, Surat? Browse verified listings with pricing, capacity & photos. Book the perfect venue near Amroli on VenueConnect.","Best Farmhouses in Amroli, Surat",farmhouses in Amroli Surat,"farmhouses near Amroli, farmhouses Amroli Surat, affordable farmhouses near Amroli",Transactional (Hyper-local),High
Venue + City Area,"Party Plots in Amroli, Surat | VenueConnect",/surat/amroli/party-plots/,"Best Party Plots in Amroli, Surat | Compare Near You - VenueConnect","Looking for party plots in Amroli, Surat? Browse verified listings with pricing, capacity & photos. Book the perfect venue near Amroli on VenueConnect.","Best Party Plots in Amroli, Surat",party plots in Amroli Surat,"party plots near Amroli, party plots Amroli Surat, affordable party plots near Amroli",Transactional (Hyper-local),High
Venue + City Area,"Banquet Halls in Bhestan, Surat | VenueConnect",/surat/bhestan/banquet-halls/,"Best Banquet Halls in Bhestan, Surat | Compare Near You - VenueConnect","Looking for banquet halls in Bhestan, Surat? Browse verified listings with pricing, capacity & photos. Book the perfect venue near Bhestan on VenueConnect.","Best Banquet Halls in Bhestan, Surat",banquet halls in Bhestan Surat,"banquet halls near Bhestan, banquet halls Bhestan Surat, affordable banquet halls near Bhestan",Transactional (Hyper-local),High
Venue + City Area,"Farmhouses in Bhestan, Surat | VenueConnect",/surat/bhestan/farmhouses/,"Best Farmhouses in Bhestan, Surat | Compare Near You - VenueConnect","Looking for farmhouses in Bhestan, Surat? Browse verified listings with pricing, capacity & photos. Book the perfect venue near Bhestan on VenueConnect.","Best Farmhouses in Bhestan, Surat",farmhouses in Bhestan Surat,"farmhouses near Bhestan, farmhouses Bhestan Surat, affordable farmhouses near Bhestan",Transactional (Hyper-local),High
Venue + City Area,"Party Plots in Bhestan, Surat | VenueConnect",/surat/bhestan/party-plots/,"Best Party Plots in Bhestan, Surat | Compare Near You - VenueConnect","Looking for party plots in Bhestan, Surat? Browse verified listings with pricing, capacity & photos. Book the perfect venue near Bhestan on VenueConnect.","Best Party Plots in Bhestan, Surat",party plots in Bhestan Surat,"party plots near Bhestan, party plots Bhestan Surat, affordable party plots near Bhestan",Transactional (Hyper-local),High
Venue + City Area,"Banquet Halls in Chalthan, Surat | VenueConnect",/surat/chalthan/banquet-halls/,"Best Banquet Halls in Chalthan, Surat | Compare Near You - VenueConnect","Looking for banquet halls in Chalthan, Surat? Browse verified listings with pricing, capacity & photos. Book the perfect venue near Chalthan on VenueConnect.","Best Banquet Halls in Chalthan, Surat",banquet halls in Chalthan Surat,"banquet halls near Chalthan, banquet halls Chalthan Surat, affordable banquet halls near Chalthan",Transactional (Hyper-local),High
Venue + City Area,"Farmhouses in Chalthan, Surat | VenueConnect",/surat/chalthan/farmhouses/,"Best Farmhouses in Chalthan, Surat | Compare Near You - VenueConnect","Looking for farmhouses in Chalthan, Surat? Browse verified listings with pricing, capacity & photos. Book the perfect venue near Chalthan on VenueConnect.","Best Farmhouses in Chalthan, Surat",farmhouses in Chalthan Surat,"farmhouses near Chalthan, farmhouses Chalthan Surat, affordable farmhouses near Chalthan",Transactional (Hyper-local),High
Venue + City Area,"Party Plots in Chalthan, Surat | VenueConnect",/surat/chalthan/party-plots/,"Best Party Plots in Chalthan, Surat | Compare Near You - VenueConnect","Looking for party plots in Chalthan, Surat? Browse verified listings with pricing, capacity & photos. Book the perfect venue near Chalthan on VenueConnect.","Best Party Plots in Chalthan, Surat",party plots in Chalthan Surat,"party plots near Chalthan, party plots Chalthan Surat, affordable party plots near Chalthan",Transactional (Hyper-local),High
Venue + City Area,"Banquet Halls in Olpad Road, Surat | VenueConnect",/surat/olpad-road/banquet-halls/,"Best Banquet Halls in Olpad Road, Surat | Compare Near You - VenueConnect","Looking for banquet halls in Olpad Road, Surat? Browse verified listings with pricing, capacity & photos. Book the perfect venue near Olpad Road on VenueConnect.","Best Banquet Halls in Olpad Road, Surat",banquet halls in Olpad Road Surat,"banquet halls near Olpad Road, banquet halls Olpad Road Surat, affordable banquet halls near Olpad Road",Transactional (Hyper-local),High
Venue + City Area,"Farmhouses in Olpad Road, Surat | VenueConnect",/surat/olpad-road/farmhouses/,"Best Farmhouses in Olpad Road, Surat | Compare Near You - VenueConnect","Looking for farmhouses in Olpad Road, Surat? Browse verified listings with pricing, capacity & photos. Book the perfect venue near Olpad Road on VenueConnect.","Best Farmhouses in Olpad Road, Surat",farmhouses in Olpad Road Surat,"farmhouses near Olpad Road, farmhouses Olpad Road Surat, affordable farmhouses near Olpad Road",Transactional (Hyper-local),High
Venue + City Area,"Party Plots in Olpad Road, Surat | VenueConnect",/surat/olpad-road/party-plots/,"Best Party Plots in Olpad Road, Surat | Compare Near You - VenueConnect","Looking for party plots in Olpad Road, Surat? Browse verified listings with pricing, capacity & photos. Book the perfect venue near Olpad Road on VenueConnect.","Best Party Plots in Olpad Road, Surat",party plots in Olpad Road Surat,"party plots near Olpad Road, party plots Olpad Road Surat, affordable party plots near Olpad Road",Transactional (Hyper-local),High
Venue + City Area,"Banquet Halls in Palanpur Jakatnaka, Surat | VenueConnect",/surat/palanpur-jakatnaka/banquet-halls/,"Best Banquet Halls in Palanpur Jakatnaka, Surat | Compare Near You - VenueConnect","Looking for banquet halls in Palanpur Jakatnaka, Surat? Browse verified listings with pricing, capacity & photos. Book the perfect venue near Palanpur Jakatnaka on VenueConnect.","Best Banquet Halls in Palanpur Jakatnaka, Surat",banquet halls in Palanpur Jakatnaka Surat,"banquet halls near Palanpur Jakatnaka, banquet halls Palanpur Jakatnaka Surat, affordable banquet halls near Palanpur Jakatnaka",Transactional (Hyper-local),High
Venue + City Area,"Farmhouses in Palanpur Jakatnaka, Surat | VenueConnect",/surat/palanpur-jakatnaka/farmhouses/,"Best Farmhouses in Palanpur Jakatnaka, Surat | Compare Near You - VenueConnect","Looking for farmhouses in Palanpur Jakatnaka, Surat? Browse verified listings with pricing, capacity & photos. Book the perfect venue near Palanpur Jakatnaka on VenueConnect.","Best Farmhouses in Palanpur Jakatnaka, Surat",farmhouses in Palanpur Jakatnaka Surat,"farmhouses near Palanpur Jakatnaka, farmhouses Palanpur Jakatnaka Surat, affordable farmhouses near Palanpur Jakatnaka",Transactional (Hyper-local),High
Venue + City Area,"Party Plots in Palanpur Jakatnaka, Surat | VenueConnect",/surat/palanpur-jakatnaka/party-plots/,"Best Party Plots in Palanpur Jakatnaka, Surat | Compare Near You - VenueConnect","Looking for party plots in Palanpur Jakatnaka, Surat? Browse verified listings with pricing, capacity & photos. Book the perfect venue near Palanpur Jakatnaka on VenueConnect.","Best Party Plots in Palanpur Jakatnaka, Surat",party plots in Palanpur Jakatnaka Surat,"party plots near Palanpur Jakatnaka, party plots Palanpur Jakatnaka Surat, affordable party plots near Palanpur Jakatnaka",Transactional (Hyper-local),High
Venue + City Area,"Banquet Halls in Kamrej, Surat | VenueConnect",/surat/kamrej/banquet-halls/,"Best Banquet Halls in Kamrej, Surat | Compare Near You - VenueConnect","Looking for banquet halls in Kamrej, Surat? Browse verified listings with pricing, capacity & photos. Book the perfect venue near Kamrej on VenueConnect.","Best Banquet Halls in Kamrej, Surat",banquet halls in Kamrej Surat,"banquet halls near Kamrej, banquet halls Kamrej Surat, affordable banquet halls near Kamrej",Transactional (Hyper-local),High
Venue + City Area,"Farmhouses in Kamrej, Surat | VenueConnect",/surat/kamrej/farmhouses/,"Best Farmhouses in Kamrej, Surat | Compare Near You - VenueConnect","Looking for farmhouses in Kamrej, Surat? Browse verified listings with pricing, capacity & photos. Book the perfect venue near Kamrej on VenueConnect.","Best Farmhouses in Kamrej, Surat",farmhouses in Kamrej Surat,"farmhouses near Kamrej, farmhouses Kamrej Surat, affordable farmhouses near Kamrej",Transactional (Hyper-local),High
Venue + City Area,"Party Plots in Kamrej, Surat | VenueConnect",/surat/kamrej/party-plots/,"Best Party Plots in Kamrej, Surat | Compare Near You - VenueConnect","Looking for party plots in Kamrej, Surat? Browse verified listings with pricing, capacity & photos. Book the perfect venue near Kamrej on VenueConnect.","Best Party Plots in Kamrej, Surat",party plots in Kamrej Surat,"party plots near Kamrej, party plots Kamrej Surat, affordable party plots near Kamrej",Transactional (Hyper-local),High
Venue + City Area,"Banquet Halls in Puna, Surat | VenueConnect",/surat/puna/banquet-halls/,"Best Banquet Halls in Puna, Surat | Compare Near You - VenueConnect","Looking for banquet halls in Puna, Surat? Browse verified listings with pricing, capacity & photos. Book the perfect venue near Puna on VenueConnect.","Best Banquet Halls in Puna, Surat",banquet halls in Puna Surat,"banquet halls near Puna, banquet halls Puna Surat, affordable banquet halls near Puna",Transactional (Hyper-local),High
Venue + City Area,"Farmhouses in Puna, Surat | VenueConnect",/surat/puna/farmhouses/,"Best Farmhouses in Puna, Surat | Compare Near You - VenueConnect","Looking for farmhouses in Puna, Surat? Browse verified listings with pricing, capacity & photos. Book the perfect venue near Puna on VenueConnect.","Best Farmhouses in Puna, Surat",farmhouses in Puna Surat,"farmhouses near Puna, farmhouses Puna Surat, affordable farmhouses near Puna",Transactional (Hyper-local),High
Venue + City Area,"Party Plots in Puna, Surat | VenueConnect",/surat/puna/party-plots/,"Best Party Plots in Puna, Surat | Compare Near You - VenueConnect","Looking for party plots in Puna, Surat? Browse verified listings with pricing, capacity & photos. Book the perfect venue near Puna on VenueConnect.","Best Party Plots in Puna, Surat",party plots in Puna Surat,"party plots near Puna, party plots Puna Surat, affordable party plots near Puna",Transactional (Hyper-local),High
Venue + City Area,"Banquet Halls in Ichchhapor, Surat | VenueConnect",/surat/ichchhapor/banquet-halls/,"Best Banquet Halls in Ichchhapor, Surat | Compare Near You - VenueConnect","Looking for banquet halls in Ichchhapor, Surat? Browse verified listings with pricing, capacity & photos. Book the perfect venue near Ichchhapor on VenueConnect.","Best Banquet Halls in Ichchhapor, Surat",banquet halls in Ichchhapor Surat,"banquet halls near Ichchhapor, banquet halls Ichchhapor Surat, affordable banquet halls near Ichchhapor",Transactional (Hyper-local),High
Venue + City Area,"Farmhouses in Ichchhapor, Surat | VenueConnect",/surat/ichchhapor/farmhouses/,"Best Farmhouses in Ichchhapor, Surat | Compare Near You - VenueConnect","Looking for farmhouses in Ichchhapor, Surat? Browse verified listings with pricing, capacity & photos. Book the perfect venue near Ichchhapor on VenueConnect.","Best Farmhouses in Ichchhapor, Surat",farmhouses in Ichchhapor Surat,"farmhouses near Ichchhapor, farmhouses Ichchhapor Surat, affordable farmhouses near Ichchhapor",Transactional (Hyper-local),High
Venue + City Area,"Party Plots in Ichchhapor, Surat | VenueConnect",/surat/ichchhapor/party-plots/,"Best Party Plots in Ichchhapor, Surat | Compare Near You - VenueConnect","Looking for party plots in Ichchhapor, Surat? Browse verified listings with pricing, capacity & photos. Book the perfect venue near Ichchhapor on VenueConnect.","Best Party Plots in Ichchhapor, Surat",party plots in Ichchhapor Surat,"party plots near Ichchhapor, party plots Ichchhapor Surat, affordable party plots near Ichchhapor",Transactional (Hyper-local),High
Venue + City Area,"Banquet Halls in Hazira, Surat | VenueConnect",/surat/hazira/banquet-halls/,"Best Banquet Halls in Hazira, Surat | Compare Near You - VenueConnect","Looking for banquet halls in Hazira, Surat? Browse verified listings with pricing, capacity & photos. Book the perfect venue near Hazira on VenueConnect.","Best Banquet Halls in Hazira, Surat",banquet halls in Hazira Surat,"banquet halls near Hazira, banquet halls Hazira Surat, affordable banquet halls near Hazira",Transactional (Hyper-local),High
Venue + City Area,"Farmhouses in Hazira, Surat | VenueConnect",/surat/hazira/farmhouses/,"Best Farmhouses in Hazira, Surat | Compare Near You - VenueConnect","Looking for farmhouses in Hazira, Surat? Browse verified listings with pricing, capacity & photos. Book the perfect venue near Hazira on VenueConnect.","Best Farmhouses in Hazira, Surat",farmhouses in Hazira Surat,"farmhouses near Hazira, farmhouses Hazira Surat, affordable farmhouses near Hazira",Transactional (Hyper-local),High
Venue + City Area,"Party Plots in Hazira, Surat | VenueConnect",/surat/hazira/party-plots/,"Best Party Plots in Hazira, Surat | Compare Near You - VenueConnect","Looking for party plots in Hazira, Surat? Browse verified listings with pricing, capacity & photos. Book the perfect venue near Hazira on VenueConnect.","Best Party Plots in Hazira, Surat",party plots in Hazira Surat,"party plots near Hazira, party plots Hazira Surat, affordable party plots near Hazira",Transactional (Hyper-local),High
Venue + City Area,"Banquet Halls in Kim, Surat | VenueConnect",/surat/kim/banquet-halls/,"Best Banquet Halls in Kim, Surat | Compare Near You - VenueConnect","Looking for banquet halls in Kim, Surat? Browse verified listings with pricing, capacity & photos. Book the perfect venue near Kim on VenueConnect.","Best Banquet Halls in Kim, Surat",banquet halls in Kim Surat,"banquet halls near Kim, banquet halls Kim Surat, affordable banquet halls near Kim",Transactional (Hyper-local),High
Venue + City Area,"Farmhouses in Kim, Surat | VenueConnect",/surat/kim/farmhouses/,"Best Farmhouses in Kim, Surat | Compare Near You - VenueConnect","Looking for farmhouses in Kim, Surat? Browse verified listings with pricing, capacity & photos. Book the perfect venue near Kim on VenueConnect.","Best Farmhouses in Kim, Surat",farmhouses in Kim Surat,"farmhouses near Kim, farmhouses Kim Surat, affordable farmhouses near Kim",Transactional (Hyper-local),High
Venue + City Area,"Party Plots in Kim, Surat | VenueConnect",/surat/kim/party-plots/,"Best Party Plots in Kim, Surat | Compare Near You - VenueConnect","Looking for party plots in Kim, Surat? Browse verified listings with pricing, capacity & photos. Book the perfect venue near Kim on VenueConnect.","Best Party Plots in Kim, Surat",party plots in Kim Surat,"party plots near Kim, party plots Kim Surat, affordable party plots near Kim",Transactional (Hyper-local),High
Venue + City Area,"Banquet Halls in Bardoli Road, Surat | VenueConnect",/surat/bardoli-road/banquet-halls/,"Best Banquet Halls in Bardoli Road, Surat | Compare Near You - VenueConnect","Looking for banquet halls in Bardoli Road, Surat? Browse verified listings with pricing, capacity & photos. Book the perfect venue near Bardoli Road on VenueConnect.","Best Banquet Halls in Bardoli Road, Surat",banquet halls in Bardoli Road Surat,"banquet halls near Bardoli Road, banquet halls Bardoli Road Surat, affordable banquet halls near Bardoli Road",Transactional (Hyper-local),High
Venue + City Area,"Farmhouses in Bardoli Road, Surat | VenueConnect",/surat/bardoli-road/farmhouses/,"Best Farmhouses in Bardoli Road, Surat | Compare Near You - VenueConnect","Looking for farmhouses in Bardoli Road, Surat? Browse verified listings with pricing, capacity & photos. Book the perfect venue near Bardoli Road on VenueConnect.","Best Farmhouses in Bardoli Road, Surat",farmhouses in Bardoli Road Surat,"farmhouses near Bardoli Road, farmhouses Bardoli Road Surat, affordable farmhouses near Bardoli Road",Transactional (Hyper-local),High
Venue + City Area,"Party Plots in Bardoli Road, Surat | VenueConnect",/surat/bardoli-road/party-plots/,"Best Party Plots in Bardoli Road, Surat | Compare Near You - VenueConnect","Looking for party plots in Bardoli Road, Surat? Browse verified listings with pricing, capacity & photos. Book the perfect venue near Bardoli Road on VenueConnect.","Best Party Plots in Bardoli Road, Surat",party plots in Bardoli Road Surat,"party plots near Bardoli Road, party plots Bardoli Road Surat, affordable party plots near Bardoli Road",Transactional (Hyper-local),High
Venue + City Area,"Banquet Halls in Tapi, Surat | VenueConnect",/surat/tapi/banquet-halls/,"Best Banquet Halls in Tapi, Surat | Compare Near You - VenueConnect","Looking for banquet halls in Tapi, Surat? Browse verified listings with pricing, capacity & photos. Book the perfect venue near Tapi on VenueConnect.","Best Banquet Halls in Tapi, Surat",banquet halls in Tapi Surat,"banquet halls near Tapi, banquet halls Tapi Surat, affordable banquet halls near Tapi",Transactional (Hyper-local),High
Venue + City Area,"Farmhouses in Tapi, Surat | VenueConnect",/surat/tapi/farmhouses/,"Best Farmhouses in Tapi, Surat | Compare Near You - VenueConnect","Looking for farmhouses in Tapi, Surat? Browse verified listings with pricing, capacity & photos. Book the perfect venue near Tapi on VenueConnect.","Best Farmhouses in Tapi, Surat",farmhouses in Tapi Surat,"farmhouses near Tapi, farmhouses Tapi Surat, affordable farmhouses near Tapi",Transactional (Hyper-local),High
Venue + City Area,"Party Plots in Tapi, Surat | VenueConnect",/surat/tapi/party-plots/,"Best Party Plots in Tapi, Surat | Compare Near You - VenueConnect","Looking for party plots in Tapi, Surat? Browse verified listings with pricing, capacity & photos. Book the perfect venue near Tapi on VenueConnect.","Best Party Plots in Tapi, Surat",party plots in Tapi Surat,"party plots near Tapi, party plots Tapi Surat, affordable party plots near Tapi",Transactional (Hyper-local),High
Venue + City Area,"Banquet Halls in Bamroli, Surat | VenueConnect",/surat/bamroli/banquet-halls/,"Best Banquet Halls in Bamroli, Surat | Compare Near You - VenueConnect","Looking for banquet halls in Bamroli, Surat? Browse verified listings with pricing, capacity & photos. Book the perfect venue near Bamroli on VenueConnect.","Best Banquet Halls in Bamroli, Surat",banquet halls in Bamroli Surat,"banquet halls near Bamroli, banquet halls Bamroli Surat, affordable banquet halls near Bamroli",Transactional (Hyper-local),High
Venue + City Area,"Farmhouses in Bamroli, Surat | VenueConnect",/surat/bamroli/farmhouses/,"Best Farmhouses in Bamroli, Surat | Compare Near You - VenueConnect","Looking for farmhouses in Bamroli, Surat? Browse verified listings with pricing, capacity & photos. Book the perfect venue near Bamroli on VenueConnect.","Best Farmhouses in Bamroli, Surat",farmhouses in Bamroli Surat,"farmhouses near Bamroli, farmhouses Bamroli Surat, affordable farmhouses near Bamroli",Transactional (Hyper-local),High
Venue + City Area,"Party Plots in Bamroli, Surat | VenueConnect",/surat/bamroli/party-plots/,"Best Party Plots in Bamroli, Surat | Compare Near You - VenueConnect","Looking for party plots in Bamroli, Surat? Browse verified listings with pricing, capacity & photos. Book the perfect venue near Bamroli on VenueConnect.","Best Party Plots in Bamroli, Surat",party plots in Bamroli Surat,"party plots near Bamroli, party plots Bamroli Surat, affordable party plots near Bamroli",Transactional (Hyper-local),High
Venue + City Area,"Banquet Halls in Godadara, Surat | VenueConnect",/surat/godadara/banquet-halls/,"Best Banquet Halls in Godadara, Surat | Compare Near You - VenueConnect","Looking for banquet halls in Godadara, Surat? Browse verified listings with pricing, capacity & photos. Book the perfect venue near Godadara on VenueConnect.","Best Banquet Halls in Godadara, Surat",banquet halls in Godadara Surat,"banquet halls near Godadara, banquet halls Godadara Surat, affordable banquet halls near Godadara",Transactional (Hyper-local),High
Venue + City Area,"Farmhouses in Godadara, Surat | VenueConnect",/surat/godadara/farmhouses/,"Best Farmhouses in Godadara, Surat | Compare Near You - VenueConnect","Looking for farmhouses in Godadara, Surat? Browse verified listings with pricing, capacity & photos. Book the perfect venue near Godadara on VenueConnect.","Best Farmhouses in Godadara, Surat",farmhouses in Godadara Surat,"farmhouses near Godadara, farmhouses Godadara Surat, affordable farmhouses near Godadara",Transactional (Hyper-local),High
Venue + City Area,"Party Plots in Godadara, Surat | VenueConnect",/surat/godadara/party-plots/,"Best Party Plots in Godadara, Surat | Compare Near You - VenueConnect","Looking for party plots in Godadara, Surat? Browse verified listings with pricing, capacity & photos. Book the perfect venue near Godadara on VenueConnect.","Best Party Plots in Godadara, Surat",party plots in Godadara Surat,"party plots near Godadara, party plots Godadara Surat, affordable party plots near Godadara",Transactional (Hyper-local),High
Venue + City Area,"Banquet Halls in Jahangirabad, Surat | VenueConnect",/surat/jahangirabad/banquet-halls/,"Best Banquet Halls in Jahangirabad, Surat | Compare Near You - VenueConnect","Looking for banquet halls in Jahangirabad, Surat? Browse verified listings with pricing, capacity & photos. Book the perfect venue near Jahangirabad on VenueConnect.","Best Banquet Halls in Jahangirabad, Surat",banquet halls in Jahangirabad Surat,"banquet halls near Jahangirabad, banquet halls Jahangirabad Surat, affordable banquet halls near Jahangirabad",Transactional (Hyper-local),High
Venue + City Area,"Farmhouses in Jahangirabad, Surat | VenueConnect",/surat/jahangirabad/farmhouses/,"Best Farmhouses in Jahangirabad, Surat | Compare Near You - VenueConnect","Looking for farmhouses in Jahangirabad, Surat? Browse verified listings with pricing, capacity & photos. Book the perfect venue near Jahangirabad on VenueConnect.","Best Farmhouses in Jahangirabad, Surat",farmhouses in Jahangirabad Surat,"farmhouses near Jahangirabad, farmhouses Jahangirabad Surat, affordable farmhouses near Jahangirabad",Transactional (Hyper-local),High
Venue + City Area,"Party Plots in Jahangirabad, Surat | VenueConnect",/surat/jahangirabad/party-plots/,"Best Party Plots in Jahangirabad, Surat | Compare Near You - VenueConnect","Looking for party plots in Jahangirabad, Surat? Browse verified listings with pricing, capacity & photos. Book the perfect venue near Jahangirabad on VenueConnect.","Best Party Plots in Jahangirabad, Surat",party plots in Jahangirabad Surat,"party plots near Jahangirabad, party plots Jahangirabad Surat, affordable party plots near Jahangirabad",Transactional (Hyper-local),High
Venue + City Area,"Banquet Halls in Khatodara, Surat | VenueConnect",/surat/khatodara/banquet-halls/,"Best Banquet Halls in Khatodara, Surat | Compare Near You - VenueConnect","Looking for banquet halls in Khatodara, Surat? Browse verified listings with pricing, capacity & photos. Book the perfect venue near Khatodara on VenueConnect.","Best Banquet Halls in Khatodara, Surat",banquet halls in Khatodara Surat,"banquet halls near Khatodara, banquet halls Khatodara Surat, affordable banquet halls near Khatodara",Transactional (Hyper-local),High
Venue + City Area,"Farmhouses in Khatodara, Surat | VenueConnect",/surat/khatodara/farmhouses/,"Best Farmhouses in Khatodara, Surat | Compare Near You - VenueConnect","Looking for farmhouses in Khatodara, Surat? Browse verified listings with pricing, capacity & photos. Book the perfect venue near Khatodara on VenueConnect.","Best Farmhouses in Khatodara, Surat",farmhouses in Khatodara Surat,"farmhouses near Khatodara, farmhouses Khatodara Surat, affordable farmhouses near Khatodara",Transactional (Hyper-local),High
Venue + City Area,"Party Plots in Khatodara, Surat | VenueConnect",/surat/khatodara/party-plots/,"Best Party Plots in Khatodara, Surat | Compare Near You - VenueConnect","Looking for party plots in Khatodara, Surat? Browse verified listings with pricing, capacity & photos. Book the perfect venue near Khatodara on VenueConnect.","Best Party Plots in Khatodara, Surat",party plots in Khatodara Surat,"party plots near Khatodara, party plots Khatodara Surat, affordable party plots near Khatodara",Transactional (Hyper-local),High
Venue + City Area,"Banquet Halls in Singanpor, Surat | VenueConnect",/surat/singanpor/banquet-halls/,"Best Banquet Halls in Singanpor, Surat | Compare Near You - VenueConnect","Looking for banquet halls in Singanpor, Surat? Browse verified listings with pricing, capacity & photos. Book the perfect venue near Singanpor on VenueConnect.","Best Banquet Halls in Singanpor, Surat",banquet halls in Singanpor Surat,"banquet halls near Singanpor, banquet halls Singanpor Surat, affordable banquet halls near Singanpor",Transactional (Hyper-local),High
Venue + City Area,"Farmhouses in Singanpor, Surat | VenueConnect",/surat/singanpor/farmhouses/,"Best Farmhouses in Singanpor, Surat | Compare Near You - VenueConnect","Looking for farmhouses in Singanpor, Surat? Browse verified listings with pricing, capacity & photos. Book the perfect venue near Singanpor on VenueConnect.","Best Farmhouses in Singanpor, Surat",farmhouses in Singanpor Surat,"farmhouses near Singanpor, farmhouses Singanpor Surat, affordable farmhouses near Singanpor",Transactional (Hyper-local),High
Venue + City Area,"Party Plots in Singanpor, Surat | VenueConnect",/surat/singanpor/party-plots/,"Best Party Plots in Singanpor, Surat | Compare Near You - VenueConnect","Looking for party plots in Singanpor, Surat? Browse verified listings with pricing, capacity & photos. Book the perfect venue near Singanpor on VenueConnect.","Best Party Plots in Singanpor, Surat",party plots in Singanpor Surat,"party plots near Singanpor, party plots Singanpor Surat, affordable party plots near Singanpor",Transactional (Hyper-local),High
Venue + City Area,"Banquet Halls in Vav, Surat | VenueConnect",/surat/vav/banquet-halls/,"Best Banquet Halls in Vav, Surat | Compare Near You - VenueConnect","Looking for banquet halls in Vav, Surat? Browse verified listings with pricing, capacity & photos. Book the perfect venue near Vav on VenueConnect.","Best Banquet Halls in Vav, Surat",banquet halls in Vav Surat,"banquet halls near Vav, banquet halls Vav Surat, affordable banquet halls near Vav",Transactional (Hyper-local),High
Venue + City Area,"Farmhouses in Vav, Surat | VenueConnect",/surat/vav/farmhouses/,"Best Farmhouses in Vav, Surat | Compare Near You - VenueConnect","Looking for farmhouses in Vav, Surat? Browse verified listings with pricing, capacity & photos. Book the perfect venue near Vav on VenueConnect.","Best Farmhouses in Vav, Surat",farmhouses in Vav Surat,"farmhouses near Vav, farmhouses Vav Surat, affordable farmhouses near Vav",Transactional (Hyper-local),High
Venue + City Area,"Party Plots in Vav, Surat | VenueConnect",/surat/vav/party-plots/,"Best Party Plots in Vav, Surat | Compare Near You - VenueConnect","Looking for party plots in Vav, Surat? Browse verified listings with pricing, capacity & photos. Book the perfect venue near Vav on VenueConnect.","Best Party Plots in Vav, Surat",party plots in Vav Surat,"party plots near Vav, party plots Vav Surat, affordable party plots near Vav",Transactional (Hyper-local),High
Venue + City Area,"Banquet Halls in Mora, Surat | VenueConnect",/surat/mora/banquet-halls/,"Best Banquet Halls in Mora, Surat | Compare Near You - VenueConnect","Looking for banquet halls in Mora, Surat? Browse verified listings with pricing, capacity & photos. Book the perfect venue near Mora on VenueConnect.","Best Banquet Halls in Mora, Surat",banquet halls in Mora Surat,"banquet halls near Mora, banquet halls Mora Surat, affordable banquet halls near Mora",Transactional (Hyper-local),High
Venue + City Area,"Farmhouses in Mora, Surat | VenueConnect",/surat/mora/farmhouses/,"Best Farmhouses in Mora, Surat | Compare Near You - VenueConnect","Looking for farmhouses in Mora, Surat? Browse verified listings with pricing, capacity & photos. Book the perfect venue near Mora on VenueConnect.","Best Farmhouses in Mora, Surat",farmhouses in Mora Surat,"farmhouses near Mora, farmhouses Mora Surat, affordable farmhouses near Mora",Transactional (Hyper-local),High
Venue + City Area,"Party Plots in Mora, Surat | VenueConnect",/surat/mora/party-plots/,"Best Party Plots in Mora, Surat | Compare Near You - VenueConnect","Looking for party plots in Mora, Surat? Browse verified listings with pricing, capacity & photos. Book the perfect venue near Mora on VenueConnect.","Best Party Plots in Mora, Surat",party plots in Mora Surat,"party plots near Mora, party plots Mora Surat, affordable party plots near Mora",Transactional (Hyper-local),High
Venue + City Area,"Banquet Halls in Khajod, Surat | VenueConnect",/surat/khajod/banquet-halls/,"Best Banquet Halls in Khajod, Surat | Compare Near You - VenueConnect","Looking for banquet halls in Khajod, Surat? Browse verified listings with pricing, capacity & photos. Book the perfect venue near Khajod on VenueConnect.","Best Banquet Halls in Khajod, Surat",banquet halls in Khajod Surat,"banquet halls near Khajod, banquet halls Khajod Surat, affordable banquet halls near Khajod",Transactional (Hyper-local),High
Venue + City Area,"Farmhouses in Khajod, Surat | VenueConnect",/surat/khajod/farmhouses/,"Best Farmhouses in Khajod, Surat | Compare Near You - VenueConnect","Looking for farmhouses in Khajod, Surat? Browse verified listings with pricing, capacity & photos. Book the perfect venue near Khajod on VenueConnect.","Best Farmhouses in Khajod, Surat",farmhouses in Khajod Surat,"farmhouses near Khajod, farmhouses Khajod Surat, affordable farmhouses near Khajod",Transactional (Hyper-local),High
Venue + City Area,"Party Plots in Khajod, Surat | VenueConnect",/surat/khajod/party-plots/,"Best Party Plots in Khajod, Surat | Compare Near You - VenueConnect","Looking for party plots in Khajod, Surat? Browse verified listings with pricing, capacity & photos. Book the perfect venue near Khajod on VenueConnect.","Best Party Plots in Khajod, Surat",party plots in Khajod Surat,"party plots near Khajod, party plots Khajod Surat, affordable party plots near Khajod",Transactional (Hyper-local),High
Venue + City Area,"Banquet Halls in Nandej, Surat | VenueConnect",/surat/nandej/banquet-halls/,"Best Banquet Halls in Nandej, Surat | Compare Near You - VenueConnect","Looking for banquet halls in Nandej, Surat? Browse verified listings with pricing, capacity & photos. Book the perfect venue near Nandej on VenueConnect.","Best Banquet Halls in Nandej, Surat",banquet halls in Nandej Surat,"banquet halls near Nandej, banquet halls Nandej Surat, affordable banquet halls near Nandej",Transactional (Hyper-local),High
Venue + City Area,"Farmhouses in Nandej, Surat | VenueConnect",/surat/nandej/farmhouses/,"Best Farmhouses in Nandej, Surat | Compare Near You - VenueConnect","Looking for farmhouses in Nandej, Surat? Browse verified listings with pricing, capacity & photos. Book the perfect venue near Nandej on VenueConnect.","Best Farmhouses in Nandej, Surat",farmhouses in Nandej Surat,"farmhouses near Nandej, farmhouses Nandej Surat, affordable farmhouses near Nandej",Transactional (Hyper-local),High
Venue + City Area,"Party Plots in Nandej, Surat | VenueConnect",/surat/nandej/party-plots/,"Best Party Plots in Nandej, Surat | Compare Near You - VenueConnect","Looking for party plots in Nandej, Surat? Browse verified listings with pricing, capacity & photos. Book the perfect venue near Nandej on VenueConnect.","Best Party Plots in Nandej, Surat",party plots in Nandej Surat,"party plots near Nandej, party plots Nandej Surat, affordable party plots near Nandej",Transactional (Hyper-local),High
Venue + City Area,"Banquet Halls in Mota Varachha, Surat | VenueConnect",/surat/mota-varachha/banquet-halls/,"Best Banquet Halls in Mota Varachha, Surat | Compare Near You - VenueConnect","Looking for banquet halls in Mota Varachha, Surat? Browse verified listings with pricing, capacity & photos. Book the perfect venue near Mota Varachha on VenueConnect.","Best Banquet Halls in Mota Varachha, Surat",banquet halls in Mota Varachha Surat,"banquet halls near Mota Varachha, banquet halls Mota Varachha Surat, affordable banquet halls near Mota Varachha",Transactional (Hyper-local),High
Venue + City Area,"Farmhouses in Mota Varachha, Surat | VenueConnect",/surat/mota-varachha/farmhouses/,"Best Farmhouses in Mota Varachha, Surat | Compare Near You - VenueConnect","Looking for farmhouses in Mota Varachha, Surat? Browse verified listings with pricing, capacity & photos. Book the perfect venue near Mota Varachha on VenueConnect.","Best Farmhouses in Mota Varachha, Surat",farmhouses in Mota Varachha Surat,"farmhouses near Mota Varachha, farmhouses Mota Varachha Surat, affordable farmhouses near Mota Varachha",Transactional (Hyper-local),High
Venue + City Area,"Party Plots in Mota Varachha, Surat | VenueConnect",/surat/mota-varachha/party-plots/,"Best Party Plots in Mota Varachha, Surat | Compare Near You - VenueConnect","Looking for party plots in Mota Varachha, Surat? Browse verified listings with pricing, capacity & photos. Book the perfect venue near Mota Varachha on VenueConnect.","Best Party Plots in Mota Varachha, Surat",party plots in Mota Varachha Surat,"party plots near Mota Varachha, party plots Mota Varachha Surat, affordable party plots near Mota Varachha",Transactional (Hyper-local),High
Venue + City Area,"Banquet Halls in Kapodra, Surat | VenueConnect",/surat/kapodra/banquet-halls/,"Best Banquet Halls in Kapodra, Surat | Compare Near You - VenueConnect","Looking for banquet halls in Kapodra, Surat? Browse verified listings with pricing, capacity & photos. Book the perfect venue near Kapodra on VenueConnect.","Best Banquet Halls in Kapodra, Surat",banquet halls in Kapodra Surat,"banquet halls near Kapodra, banquet halls Kapodra Surat, affordable banquet halls near Kapodra",Transactional (Hyper-local),High
Venue + City Area,"Farmhouses in Kapodra, Surat | VenueConnect",/surat/kapodra/farmhouses/,"Best Farmhouses in Kapodra, Surat | Compare Near You - VenueConnect","Looking for farmhouses in Kapodra, Surat? Browse verified listings with pricing, capacity & photos. Book the perfect venue near Kapodra on VenueConnect.","Best Farmhouses in Kapodra, Surat",farmhouses in Kapodra Surat,"farmhouses near Kapodra, farmhouses Kapodra Surat, affordable farmhouses near Kapodra",Transactional (Hyper-local),High
Venue + City Area,"Party Plots in Kapodra, Surat | VenueConnect",/surat/kapodra/party-plots/,"Best Party Plots in Kapodra, Surat | Compare Near You - VenueConnect","Looking for party plots in Kapodra, Surat? Browse verified listings with pricing, capacity & photos. Book the perfect venue near Kapodra on VenueConnect.","Best Party Plots in Kapodra, Surat",party plots in Kapodra Surat,"party plots near Kapodra, party plots Kapodra Surat, affordable party plots near Kapodra",Transactional (Hyper-local),High
Venue + City Area,"Banquet Halls in Rundh, Surat | VenueConnect",/surat/rundh/banquet-halls/,"Best Banquet Halls in Rundh, Surat | Compare Near You - VenueConnect","Looking for banquet halls in Rundh, Surat? Browse verified listings with pricing, capacity & photos. Book the perfect venue near Rundh on VenueConnect.","Best Banquet Halls in Rundh, Surat",banquet halls in Rundh Surat,"banquet halls near Rundh, banquet halls Rundh Surat, affordable banquet halls near Rundh",Transactional (Hyper-local),High
Venue + City Area,"Farmhouses in Rundh, Surat | VenueConnect",/surat/rundh/farmhouses/,"Best Farmhouses in Rundh, Surat | Compare Near You - VenueConnect","Looking for farmhouses in Rundh, Surat? Browse verified listings with pricing, capacity & photos. Book the perfect venue near Rundh on VenueConnect.","Best Farmhouses in Rundh, Surat",farmhouses in Rundh Surat,"farmhouses near Rundh, farmhouses Rundh Surat, affordable farmhouses near Rundh",Transactional (Hyper-local),High
Venue + City Area,"Party Plots in Rundh, Surat | VenueConnect",/surat/rundh/party-plots/,"Best Party Plots in Rundh, Surat | Compare Near You - VenueConnect","Looking for party plots in Rundh, Surat? Browse verified listings with pricing, capacity & photos. Book the perfect venue near Rundh on VenueConnect.","Best Party Plots in Rundh, Surat",party plots in Rundh Surat,"party plots near Rundh, party plots Rundh Surat, affordable party plots near Rundh",Transactional (Hyper-local),High
Venue + City Area,"Banquet Halls in Bhatpore, Surat | VenueConnect",/surat/bhatpore/banquet-halls/,"Best Banquet Halls in Bhatpore, Surat | Compare Near You - VenueConnect","Looking for banquet halls in Bhatpore, Surat? Browse verified listings with pricing, capacity & photos. Book the perfect venue near Bhatpore on VenueConnect.","Best Banquet Halls in Bhatpore, Surat",banquet halls in Bhatpore Surat,"banquet halls near Bhatpore, banquet halls Bhatpore Surat, affordable banquet halls near Bhatpore",Transactional (Hyper-local),High
Venue + City Area,"Farmhouses in Bhatpore, Surat | VenueConnect",/surat/bhatpore/farmhouses/,"Best Farmhouses in Bhatpore, Surat | Compare Near You - VenueConnect","Looking for farmhouses in Bhatpore, Surat? Browse verified listings with pricing, capacity & photos. Book the perfect venue near Bhatpore on VenueConnect.","Best Farmhouses in Bhatpore, Surat",farmhouses in Bhatpore Surat,"farmhouses near Bhatpore, farmhouses Bhatpore Surat, affordable farmhouses near Bhatpore",Transactional (Hyper-local),High
Venue + City Area,"Party Plots in Bhatpore, Surat | VenueConnect",/surat/bhatpore/party-plots/,"Best Party Plots in Bhatpore, Surat | Compare Near You - VenueConnect","Looking for party plots in Bhatpore, Surat? Browse verified listings with pricing, capacity & photos. Book the perfect venue near Bhatpore on VenueConnect.","Best Party Plots in Bhatpore, Surat",party plots in Bhatpore Surat,"party plots near Bhatpore, party plots Bhatpore Surat, affordable party plots near Bhatpore",Transactional (Hyper-local),High
Venue + City Area,"Banquet Halls in Nana Varachha, Surat | VenueConnect",/surat/nana-varachha/banquet-halls/,"Best Banquet Halls in Nana Varachha, Surat | Compare Near You - VenueConnect","Looking for banquet halls in Nana Varachha, Surat? Browse verified listings with pricing, capacity & photos. Book the perfect venue near Nana Varachha on VenueConnect.","Best Banquet Halls in Nana Varachha, Surat",banquet halls in Nana Varachha Surat,"banquet halls near Nana Varachha, banquet halls Nana Varachha Surat, affordable banquet halls near Nana Varachha",Transactional (Hyper-local),High
Venue + City Area,"Farmhouses in Nana Varachha, Surat | VenueConnect",/surat/nana-varachha/farmhouses/,"Best Farmhouses in Nana Varachha, Surat | Compare Near You - VenueConnect","Looking for farmhouses in Nana Varachha, Surat? Browse verified listings with pricing, capacity & photos. Book the perfect venue near Nana Varachha on VenueConnect.","Best Farmhouses in Nana Varachha, Surat",farmhouses in Nana Varachha Surat,"farmhouses near Nana Varachha, farmhouses Nana Varachha Surat, affordable farmhouses near Nana Varachha",Transactional (Hyper-local),High
Venue + City Area,"Party Plots in Nana Varachha, Surat | VenueConnect",/surat/nana-varachha/party-plots/,"Best Party Plots in Nana Varachha, Surat | Compare Near You - VenueConnect","Looking for party plots in Nana Varachha, Surat? Browse verified listings with pricing, capacity & photos. Book the perfect venue near Nana Varachha on VenueConnect.","Best Party Plots in Nana Varachha, Surat",party plots in Nana Varachha Surat,"party plots near Nana Varachha, party plots Nana Varachha Surat, affordable party plots near Nana Varachha",Transactional (Hyper-local),High
Venue + City Area,"Banquet Halls in Utran, Surat | VenueConnect",/surat/utran/banquet-halls/,"Best Banquet Halls in Utran, Surat | Compare Near You - VenueConnect","Looking for banquet halls in Utran, Surat? Browse verified listings with pricing, capacity & photos. Book the perfect venue near Utran on VenueConnect.","Best Banquet Halls in Utran, Surat",banquet halls in Utran Surat,"banquet halls near Utran, banquet halls Utran Surat, affordable banquet halls near Utran",Transactional (Hyper-local),High
Venue + City Area,"Farmhouses in Utran, Surat | VenueConnect",/surat/utran/farmhouses/,"Best Farmhouses in Utran, Surat | Compare Near You - VenueConnect","Looking for farmhouses in Utran, Surat? Browse verified listings with pricing, capacity & photos. Book the perfect venue near Utran on VenueConnect.","Best Farmhouses in Utran, Surat",farmhouses in Utran Surat,"farmhouses near Utran, farmhouses Utran Surat, affordable farmhouses near Utran",Transactional (Hyper-local),High
Venue + City Area,"Party Plots in Utran, Surat | VenueConnect",/surat/utran/party-plots/,"Best Party Plots in Utran, Surat | Compare Near You - VenueConnect","Looking for party plots in Utran, Surat? Browse verified listings with pricing, capacity & photos. Book the perfect venue near Utran on VenueConnect.","Best Party Plots in Utran, Surat",party plots in Utran Surat,"party plots near Utran, party plots Utran Surat, affordable party plots near Utran",Transactional (Hyper-local),High
,,,,,,,,,
,,,,,,,,,
,,,,,,,,,
,,,,,,,,,
,,,,,,,,,
,,,,,,,,,
,,,,,,,,,
,,,,,,,,,
,,,,,,,,,
,,,,,,,,,
,,,,,,,,,
,,,,,,,,,
,,,,,,,,,
,,,,,,,,,
,,,,,,,,,
,,,,,,,,,
,,,,,,,,,
,,,,,,,,,
,,,,,,,,,
,,,,,,,,,
,,,,,,,,,
,,,,,,,,,
,,,,,,,,,
,,,,,,,,,
,,,,,,,,,
,,,,,,,,,
,,,,,,,,,
,,,,,,,,,
,,,,,,,,,
,,,,,,,,,
,,,,,,,,,
,,,,,,,,,
,,,,,,,,,
,,,,,,,,,
,,,,,,,,,
,,,,,,,,,
,,,,,,,,,
,,,,,,,,,
,,,,,,,,,
,,,,,,,,,
,,,,,,,,,
,,,,,,,,,
,,,,,,,,,
,,,,,,,,,
,,,,,,,,,
,,,,,,,,,
,,,,,,,,,
,,,,,,,,,
,,,,,,,,,
,,,,,,,,,
,,,,,,,,,
,,,,,,,,,
,,,,,,,,,
,,,,,,,,,
,,,,,,,,,
,,,,,,,,,
,,,,,,,,,
,,,,,,,,,
,,,,,,,,,
,,,,,,,,,
,,,,,,,,,
,,,,,,,,,
,,,,,,,,,
,,,,,,,,,
,,,,,,,,,
,,,,,,,,,
,,,,,,,,,
,,,,,,,,,
,,,,,,,,,
,,,,,,,,,
,,,,,,,,,
,,,,,,,,,
,,,,,,,,,
,,,,,,,,,
,,,,,,,,,
,,,,,,,,,
,,,,,,,,,
,,,,,,,,,
,,,,,,,,,
,,,,,,,,,
,,,,,,,,,
,,,,,,,,,
,,,,,,,,,
,,,,,,,,,
,,,,,,,,,
,,,,,,,,,
,,,,,,,,,
,,,,,,,,,
,,,,,,,,,
,,,,,,,,,
,,,,,,,,,
,,,,,,,,,
,,,,,,,,,
,,,,,,,,,
,,,,,,,,,
,,,,,,,,,
,,,,,,,,,
,,,,,,,,,
,,,,,,,,,
,,,,,,,,,
,,,,,,,,,
,,,,,,,,,
,,,,,,,,,
,,,,,,,,,
,,,,,,,,,
,,,,,,,,,
,,,,,,,,,
,,,,,,,,,
,,,,,,,,,
,,,,,,,,,
,,,,,,,,,
,,,,,,,,,
,,,,,,,,,
,,,,,,,,,
,,,,,,,,,
,,,,,,,,,
,,,,,,,,,
,,,,,,,,,
,,,,,,,,,
,,,,,,,,,
,,,,,,,,,
,,,,,,,,,
,,,,,,,,,
,,,,,,,,,
,,,,,,,,,
,,,,,,,,,
,,,,,,,,,
,,,,,,,,,
,,,,,,,,,
,,,,,,,,,
,,,,,,,,,
,,,,,,,,,
,,,,,,,,,
,,,,,,,,,
,,,,,,,,,
,,,,,,,,,
,,,,,,,,,
,,,,,,,,,
,,,,,,,,,
,,,,,,,,,
,,,,,,,,,
,,,,,,,,,
,,,,,,,,,
,,,,,,,,,
,,,,,,,,,
,,,,,,,,,
,,,,,,,,,
,,,,,,,,,
,,,,,,,,,
,,,,,,,,,
,,,,,,,,,
,,,,,,,,,
,,,,,,,,,
,,,,,,,,,
,,,,,,,,,
,,,,,,,,,
,,,,,,,,,
,,,,,,,,,
,,,,,,,,,
,,,,,,,,,
,,,,,,,,,
,,,,,,,,,
,,,,,,,,,
,,,,,,,,,
,,,,,,,,,
,,,,,,,,,
,,,,,,,,,
,,,,,,,,,
,,,,,,,,,
,,,,,,,,,
,,,,,,,,,
,,,,,,,,,
,,,,,,,,,
,,,,,,,,,
,,,,,,,,,
,,,,,,,,,
,,,,,,,,,
,,,,,,,,,
,,,,,,,,,
,,,,,,,,,
,,,,,,,,,
,,,,,,,,,
,,,,,,,,,
,,,,,,,,,
,,,,,,,,,
,,,,,,,,,
,,,,,,,,,
,,,,,,,,,
,,,,,,,,,
,,,,,,,,,
,,,,,,,,,
,,,,,,,,,
,,,,,,,,,
,,,,,,,,,
,,,,,,,,,
,,,,,,,,,
,,,,,,,,,
,,,,,,,,,
,,,,,,,,,
,,,,,,,,,
,,,,,,,,,
,,,,,,,,,
,,,,,,,,,
,,,,,,,,,
,,,,,,,,,
,,,,,,,,,
,,,,,,,,,
,,,,,,,,,
,,,,,,,,,
,,,,,,,,,
,,,,,,,,,
,,,,,,,,,
,,,,,,,,,
,,,,,,,,,
,,,,,,,,,
,,,,,,,,,
,,,,,,,,,
,,,,,,,,,
,,,,,,,,,
,,,,,,,,,
,,,,,,,,,
,,,,,,,,,
,,,,,,,,,
,,,,,,,,,
,,,,,,,,,
,,,,,,,,,
,,,,,,,,,
,,,,,,,,,
,,,,,,,,,
,,,,,,,,,
,,,,,,,,,
,,,,,,,,,
,,,,,,,,,
,,,,,,,,,
,,,,,,,,,
,,,,,,,,,
,,,,,,,,,
,,,,,,,,,
,,,,,,,,,
,,,,,,,,,
,,,,,,,,,
,,,,,,,,,
,,,,,,,,,
,,,,,,,,,
,,,,,,,,,
,,,,,,,,,
,,,,,,,,,
,,,,,,,,,
,,,,,,,,,
,,,,,,,,,
,,,,,,,,,
,,,,,,,,,
,,,,,,,,,
,,,,,,,,,
,,,,,,,,,
,,,,,,,,,
,,,,,,,,,
,,,,,,,,,
,,,,,,,,,
,,,,,,,,,
,,,,,,,,,
,,,,,,,,,
,,,,,,,,,
,,,,,,,,,
,,,,,,,,,
,,,,,,,,,
,,,,,,,,,
,,,,,,,,,
,,,,,,,,,
,,,,,,,,,
,,,,,,,,,
,,,,,,,,,
,,,,,,,,,
,,,,,,,,,
,,,,,,,,,
,,,,,,,,,
,,,,,,,,,
,,,,,,,,,
,,,,,,,,,
,,,,,,,,,
,,,,,,,,,
,,,,,,,,,
,,,,,,,,,
,,,,,,,,,
,,,,,,,,,
,,,,,,,,,
,,,,,,,,,
,,,,,,,,,
,,,,,,,,,
,,,,,,,,,
,,,,,,,,,
,,,,,,,,,
,,,,,,,,,
,,,,,,,,,
,,,,,,,,,
,,,,,,,,,
,,,,,,,,,
,,,,,,,,,
