VenueConnect — SEO Pages: Valsad,,,,,,,,,
  EVENT + CITY PAGES,,,,,,,,,
Page Type,Page Title,URL Slug,Meta Title,Meta Description,H1 Tag,Target Keyword,Secondary Keywords,Search Intent,Priority
Event + City,Wedding Venues in Valsad | VenueConnect,/valsad/wedding-venues/,Best Wedding Venues in Valsad | Book & Compare Prices - VenueConnect,"Find the best wedding venues in Valsad. Compare wedding halls, banquet spaces & party plots. Get free quotes & instant leads. Browse 100+ options on VenueConnect.",Best Wedding Venues in Valsad,wedding venues in Valsad,"wedding hall Valsad, wedding venue booking Valsad, best wedding venue Valsad, wedding party venue Valsad",Navigational / Transactional,High
Event + City,Birthday Party Venues in Valsad | VenueConnect,/valsad/birthday-party-venues/,Best Birthday Party Venues in Valsad | Book & Compare Prices - VenueConnect,"Find the best birthday party venues in Valsad. Compare birthday party halls, banquet spaces & party plots. Get free quotes & instant leads. Browse 100+ options on VenueConnect.",Best Birthday Party Venues in Valsad,birthday party venues in Valsad,"birthday party hall Valsad, birthday party venue booking Valsad, best birthday party venue Valsad, birthday party party venue Valsad",Navigational / Transactional,High
Event + City,Engagement Venues in Valsad | VenueConnect,/valsad/engagement-venues/,Best Engagement Venues in Valsad | Book & Compare Prices - VenueConnect,"Find the best engagement venues in Valsad. Compare engagement halls, banquet spaces & party plots. Get free quotes & instant leads. Browse 100+ options on VenueConnect.",Best Engagement Venues in Valsad,engagement venues in Valsad,"engagement hall Valsad, engagement venue booking Valsad, best engagement venue Valsad, engagement party venue Valsad",Navigational / Transactional,High
Event + City,Corporate Event Venues in Valsad | VenueConnect,/valsad/corporate-event-venues/,Best Corporate Event Venues in Valsad | Book & Compare Prices - VenueConnect,"Find the best corporate event venues in Valsad. Compare corporate event halls, banquet spaces & party plots. Get free quotes & instant leads. Browse 100+ options on VenueConnect.",Best Corporate Event Venues in Valsad,corporate event venues in Valsad,"corporate event hall Valsad, corporate event venue booking Valsad, best corporate event venue Valsad, corporate event party venue Valsad",Navigational / Transactional,High
Event + City,Reception Venues in Valsad | VenueConnect,/valsad/reception-venues/,Best Reception Venues in Valsad | Book & Compare Prices - VenueConnect,"Find the best reception venues in Valsad. Compare reception halls, banquet spaces & party plots. Get free quotes & instant leads. Browse 100+ options on VenueConnect.",Best Reception Venues in Valsad,reception venues in Valsad,"reception hall Valsad, reception venue booking Valsad, best reception venue Valsad, reception party venue Valsad",Navigational / Transactional,High
Event + City,Sangeet Ceremony Venues in Valsad | VenueConnect,/valsad/sangeet-ceremony-venues/,Best Sangeet Ceremony Venues in Valsad | Book & Compare Prices - VenueConnect,"Find the best sangeet ceremony venues in Valsad. Compare sangeet ceremony halls, banquet spaces & party plots. Get free quotes & instant leads. Browse 100+ options on VenueConnect.",Best Sangeet Ceremony Venues in Valsad,sangeet ceremony venues in Valsad,"sangeet ceremony hall Valsad, sangeet ceremony venue booking Valsad, best sangeet ceremony venue Valsad, sangeet ceremony party venue Valsad",Navigational / Transactional,High
Event + City,Garba Night Venues in Valsad | VenueConnect,/valsad/garba-night-venues/,Best Garba Night Venues in Valsad | Book & Compare Prices - VenueConnect,"Find the best garba night venues in Valsad. Compare garba night halls, banquet spaces & party plots. Get free quotes & instant leads. Browse 100+ options on VenueConnect.",Best Garba Night Venues in Valsad,garba night venues in Valsad,"garba night hall Valsad, garba night venue booking Valsad, best garba night venue Valsad, garba night party venue Valsad",Navigational / Transactional,High
Event + City,Pool Party Venues in Valsad | VenueConnect,/valsad/pool-party-venues/,Best Pool Party Venues in Valsad | Book & Compare Prices - VenueConnect,"Find the best pool party venues in Valsad. Compare pool party halls, banquet spaces & party plots. Get free quotes & instant leads. Browse 100+ options on VenueConnect.",Best Pool Party Venues in Valsad,pool party venues in Valsad,"pool party hall Valsad, pool party venue booking Valsad, best pool party venue Valsad, pool party party venue Valsad",Navigational / Transactional,High
Event + City,Kitty Party Venues in Valsad | VenueConnect,/valsad/kitty-party-venues/,Best Kitty Party Venues in Valsad | Book & Compare Prices - VenueConnect,"Find the best kitty party venues in Valsad. Compare kitty party halls, banquet spaces & party plots. Get free quotes & instant leads. Browse 100+ options on VenueConnect.",Best Kitty Party Venues in Valsad,kitty party venues in Valsad,"kitty party hall Valsad, kitty party venue booking Valsad, best kitty party venue Valsad, kitty party party venue Valsad",Navigational / Transactional,High
Event + City,Cocktail Party Venues in Valsad | VenueConnect,/valsad/cocktail-party-venues/,Best Cocktail Party Venues in Valsad | Book & Compare Prices - VenueConnect,"Find the best cocktail party venues in Valsad. Compare cocktail party halls, banquet spaces & party plots. Get free quotes & instant leads. Browse 100+ options on VenueConnect.",Best Cocktail Party Venues in Valsad,cocktail party venues in Valsad,"cocktail party hall Valsad, cocktail party venue booking Valsad, best cocktail party venue Valsad, cocktail party party venue Valsad",Navigational / Transactional,High
Event + City,Baby Shower Venues in Valsad | VenueConnect,/valsad/baby-shower-venues/,Best Baby Shower Venues in Valsad | Book & Compare Prices - VenueConnect,"Find the best baby shower venues in Valsad. Compare baby shower halls, banquet spaces & party plots. Get free quotes & instant leads. Browse 100+ options on VenueConnect.",Best Baby Shower Venues in Valsad,baby shower venues in Valsad,"baby shower hall Valsad, baby shower venue booking Valsad, best baby shower venue Valsad, baby shower party venue Valsad",Navigational / Transactional,High
Event + City,Anniversary Party Venues in Valsad | VenueConnect,/valsad/anniversary-party-venues/,Best Anniversary Party Venues in Valsad | Book & Compare Prices - VenueConnect,"Find the best anniversary party venues in Valsad. Compare anniversary party halls, banquet spaces & party plots. Get free quotes & instant leads. Browse 100+ options on VenueConnect.",Best Anniversary Party Venues in Valsad,anniversary party venues in Valsad,"anniversary party hall Valsad, anniversary party venue booking Valsad, best anniversary party venue Valsad, anniversary party party venue Valsad",Navigational / Transactional,High
Event + City,Farewell Party Venues in Valsad | VenueConnect,/valsad/farewell-party-venues/,Best Farewell Party Venues in Valsad | Book & Compare Prices - VenueConnect,"Find the best farewell party venues in Valsad. Compare farewell party halls, banquet spaces & party plots. Get free quotes & instant leads. Browse 100+ options on VenueConnect.",Best Farewell Party Venues in Valsad,farewell party venues in Valsad,"farewell party hall Valsad, farewell party venue booking Valsad, best farewell party venue Valsad, farewell party party venue Valsad",Navigational / Transactional,High
Event + City,Reunion Party Venues in Valsad | VenueConnect,/valsad/reunion-party-venues/,Best Reunion Party Venues in Valsad | Book & Compare Prices - VenueConnect,"Find the best reunion party venues in Valsad. Compare reunion party halls, banquet spaces & party plots. Get free quotes & instant leads. Browse 100+ options on VenueConnect.",Best Reunion Party Venues in Valsad,reunion party venues in Valsad,"reunion party hall Valsad, reunion party venue booking Valsad, best reunion party venue Valsad, reunion party party venue Valsad",Navigational / Transactional,High
Event + City,Product Launch Venues in Valsad | VenueConnect,/valsad/product-launch-venues/,Best Product Launch Venues in Valsad | Book & Compare Prices - VenueConnect,"Find the best product launch venues in Valsad. Compare product launch halls, banquet spaces & party plots. Get free quotes & instant leads. Browse 100+ options on VenueConnect.",Best Product Launch Venues in Valsad,product launch venues in Valsad,"product launch hall Valsad, product launch venue booking Valsad, best product launch venue Valsad, product launch party venue Valsad",Navigational / Transactional,High
Event + City,Conference Venues in Valsad | VenueConnect,/valsad/conference-venues/,Best Conference Venues in Valsad | Book & Compare Prices - VenueConnect,"Find the best conference venues in Valsad. Compare conference halls, banquet spaces & party plots. Get free quotes & instant leads. Browse 100+ options on VenueConnect.",Best Conference Venues in Valsad,conference venues in Valsad,"conference hall Valsad, conference venue booking Valsad, best conference venue Valsad, conference party venue Valsad",Navigational / Transactional,High
Event + City,Seminar Venues in Valsad | VenueConnect,/valsad/seminar-venues/,Best Seminar Venues in Valsad | Book & Compare Prices - VenueConnect,"Find the best seminar venues in Valsad. Compare seminar halls, banquet spaces & party plots. Get free quotes & instant leads. Browse 100+ options on VenueConnect.",Best Seminar Venues in Valsad,seminar venues in Valsad,"seminar hall Valsad, seminar venue booking Valsad, best seminar venue Valsad, seminar party venue Valsad",Navigational / Transactional,High
Event + City,Award Ceremony Venues in Valsad | VenueConnect,/valsad/award-ceremony-venues/,Best Award Ceremony Venues in Valsad | Book & Compare Prices - VenueConnect,"Find the best award ceremony venues in Valsad. Compare award ceremony halls, banquet spaces & party plots. Get free quotes & instant leads. Browse 100+ options on VenueConnect.",Best Award Ceremony Venues in Valsad,award ceremony venues in Valsad,"award ceremony hall Valsad, award ceremony venue booking Valsad, best award ceremony venue Valsad, award ceremony party venue Valsad",Navigational / Transactional,High
Event + City,Walkin Interview Venues in Valsad | VenueConnect,/valsad/walkin-interview-venues/,Best Walkin Interview Venues in Valsad | Book & Compare Prices - VenueConnect,"Find the best walkin interview venues in Valsad. Compare walkin interview halls, banquet spaces & party plots. Get free quotes & instant leads. Browse 100+ options on VenueConnect.",Best Walkin Interview Venues in Valsad,walkin interview venues in Valsad,"walkin interview hall Valsad, walkin interview venue booking Valsad, best walkin interview venue Valsad, walkin interview party venue Valsad",Navigational / Transactional,High
Event + City,Training Venues in Valsad | VenueConnect,/valsad/training-venues/,Best Training Venues in Valsad | Book & Compare Prices - VenueConnect,"Find the best training venues in Valsad. Compare training halls, banquet spaces & party plots. Get free quotes & instant leads. Browse 100+ options on VenueConnect.",Best Training Venues in Valsad,training venues in Valsad,"training hall Valsad, training venue booking Valsad, best training venue Valsad, training party venue Valsad",Navigational / Transactional,High
Event + City,Team Outing Venues in Valsad | VenueConnect,/valsad/team-outing-venues/,Best Team Outing Venues in Valsad | Book & Compare Prices - VenueConnect,"Find the best team outing venues in Valsad. Compare team outing halls, banquet spaces & party plots. Get free quotes & instant leads. Browse 100+ options on VenueConnect.",Best Team Outing Venues in Valsad,team outing venues in Valsad,"team outing hall Valsad, team outing venue booking Valsad, best team outing venue Valsad, team outing party venue Valsad",Navigational / Transactional,High
Event + City,Stage Event Venues in Valsad | VenueConnect,/valsad/stage-event-venues/,Best Stage Event Venues in Valsad | Book & Compare Prices - VenueConnect,"Find the best stage event venues in Valsad. Compare stage event halls, banquet spaces & party plots. Get free quotes & instant leads. Browse 100+ options on VenueConnect.",Best Stage Event Venues in Valsad,stage event venues in Valsad,"stage event hall Valsad, stage event venue booking Valsad, best stage event venue Valsad, stage event party venue Valsad",Navigational / Transactional,High
Event + City,Ring Ceremony Venues in Valsad | VenueConnect,/valsad/ring-ceremony-venues/,Best Ring Ceremony Venues in Valsad | Book & Compare Prices - VenueConnect,"Find the best ring ceremony venues in Valsad. Compare ring ceremony halls, banquet spaces & party plots. Get free quotes & instant leads. Browse 100+ options on VenueConnect.",Best Ring Ceremony Venues in Valsad,ring ceremony venues in Valsad,"ring ceremony hall Valsad, ring ceremony venue booking Valsad, best ring ceremony venue Valsad, ring ceremony party venue Valsad",Navigational / Transactional,High
Event + City,Residential Conference Venues in Valsad | VenueConnect,/valsad/residential-conference-venues/,Best Residential Conference Venues in Valsad | Book & Compare Prices - VenueConnect,"Find the best residential conference venues in Valsad. Compare residential conference halls, banquet spaces & party plots. Get free quotes & instant leads. Browse 100+ options on VenueConnect.",Best Residential Conference Venues in Valsad,residential conference venues in Valsad,"residential conference hall Valsad, residential conference venue booking Valsad, best residential conference venue Valsad, residential conference party venue Valsad",Navigational / Transactional,High
Event + City,Pre Wedding Mehendi Party Venues in Valsad | VenueConnect,/valsad/pre-wedding-mehendi-party-venues/,Best Pre Wedding Mehendi Party Venues in Valsad | Book & Compare Prices - VenueConnect,"Find the best pre wedding mehendi party venues in Valsad. Compare pre wedding mehendi party halls, banquet spaces & party plots. Get free quotes & instant leads. Browse 100+ options on VenueConnect.",Best Pre Wedding Mehendi Party Venues in Valsad,pre wedding mehendi party venues in Valsad,"pre wedding mehendi party hall Valsad, pre wedding mehendi party venue booking Valsad, best pre wedding mehendi party venue Valsad, pre wedding mehendi party party venue Valsad",Navigational / Transactional,High
Event + City,Photo Shoots Venues in Valsad | VenueConnect,/valsad/photo-shoots-venues/,Best Photo Shoots Venues in Valsad | Book & Compare Prices - VenueConnect,"Find the best photo shoots venues in Valsad. Compare photo shoots halls, banquet spaces & party plots. Get free quotes & instant leads. Browse 100+ options on VenueConnect.",Best Photo Shoots Venues in Valsad,photo shoots venues in Valsad,"photo shoots hall Valsad, photo shoots venue booking Valsad, best photo shoots venue Valsad, photo shoots party venue Valsad",Navigational / Transactional,High
Event + City,Naming Ceremony Venues in Valsad | VenueConnect,/valsad/naming-ceremony-venues/,Best Naming Ceremony Venues in Valsad | Book & Compare Prices - VenueConnect,"Find the best naming ceremony venues in Valsad. Compare naming ceremony halls, banquet spaces & party plots. Get free quotes & instant leads. Browse 100+ options on VenueConnect.",Best Naming Ceremony Venues in Valsad,naming ceremony venues in Valsad,"naming ceremony hall Valsad, naming ceremony venue booking Valsad, best naming ceremony venue Valsad, naming ceremony party venue Valsad",Navigational / Transactional,High
Event + City,Musical Concert Venues in Valsad | VenueConnect,/valsad/musical-concert-venues/,Best Musical Concert Venues in Valsad | Book & Compare Prices - VenueConnect,"Find the best musical concert venues in Valsad. Compare musical concert halls, banquet spaces & party plots. Get free quotes & instant leads. Browse 100+ options on VenueConnect.",Best Musical Concert Venues in Valsad,musical concert venues in Valsad,"musical concert hall Valsad, musical concert venue booking Valsad, best musical concert venue Valsad, musical concert party venue Valsad",Navigational / Transactional,High
Event + City,MICE Venues in Valsad | VenueConnect,/valsad/mice-venues/,Best MICE Venues in Valsad | Book & Compare Prices - VenueConnect,"Find the best mice venues in Valsad. Compare mice halls, banquet spaces & party plots. Get free quotes & instant leads. Browse 100+ options on VenueConnect.",Best MICE Venues in Valsad,mice venues in Valsad,"mice hall Valsad, mice venue booking Valsad, best mice venue Valsad, mice party venue Valsad",Navigational / Transactional,High
Event + City,Meeting Venues in Valsad | VenueConnect,/valsad/meeting-venues/,Best Meeting Venues in Valsad | Book & Compare Prices - VenueConnect,"Find the best meeting venues in Valsad. Compare meeting halls, banquet spaces & party plots. Get free quotes & instant leads. Browse 100+ options on VenueConnect.",Best Meeting Venues in Valsad,meeting venues in Valsad,"meeting hall Valsad, meeting venue booking Valsad, best meeting venue Valsad, meeting party venue Valsad",Navigational / Transactional,High
Event + City,Kids Birthday Party Venues in Valsad | VenueConnect,/valsad/kids-birthday-party-venues/,Best Kids Birthday Party Venues in Valsad | Book & Compare Prices - VenueConnect,"Find the best kids birthday party venues in Valsad. Compare kids birthday party halls, banquet spaces & party plots. Get free quotes & instant leads. Browse 100+ options on VenueConnect.",Best Kids Birthday Party Venues in Valsad,kids birthday party venues in Valsad,"kids birthday party hall Valsad, kids birthday party venue booking Valsad, best kids birthday party venue Valsad, kids birthday party party venue Valsad",Navigational / Transactional,High
Event + City,Holi Party Venues in Valsad | VenueConnect,/valsad/holi-party-venues/,Best Holi Party Venues in Valsad | Book & Compare Prices - VenueConnect,"Find the best holi party venues in Valsad. Compare holi party halls, banquet spaces & party plots. Get free quotes & instant leads. Browse 100+ options on VenueConnect.",Best Holi Party Venues in Valsad,holi party venues in Valsad,"holi party hall Valsad, holi party venue booking Valsad, best holi party venue Valsad, holi party party venue Valsad",Navigational / Transactional,High
Event + City,Group Dining Venues in Valsad | VenueConnect,/valsad/group-dining-venues/,Best Group Dining Venues in Valsad | Book & Compare Prices - VenueConnect,"Find the best group dining venues in Valsad. Compare group dining halls, banquet spaces & party plots. Get free quotes & instant leads. Browse 100+ options on VenueConnect.",Best Group Dining Venues in Valsad,group dining venues in Valsad,"group dining hall Valsad, group dining venue booking Valsad, best group dining venue Valsad, group dining party venue Valsad",Navigational / Transactional,High
Event + City,Get Together Venues in Valsad | VenueConnect,/valsad/get-together-venues/,Best Get Together Venues in Valsad | Book & Compare Prices - VenueConnect,"Find the best get together venues in Valsad. Compare get together halls, banquet spaces & party plots. Get free quotes & instant leads. Browse 100+ options on VenueConnect.",Best Get Together Venues in Valsad,get together venues in Valsad,"get together hall Valsad, get together venue booking Valsad, best get together venue Valsad, get together party venue Valsad",Navigational / Transactional,High
Event + City,Game Watch Venues in Valsad | VenueConnect,/valsad/game-watch-venues/,Best Game Watch Venues in Valsad | Book & Compare Prices - VenueConnect,"Find the best game watch venues in Valsad. Compare game watch halls, banquet spaces & party plots. Get free quotes & instant leads. Browse 100+ options on VenueConnect.",Best Game Watch Venues in Valsad,game watch venues in Valsad,"game watch hall Valsad, game watch venue booking Valsad, best game watch venue Valsad, game watch party venue Valsad",Navigational / Transactional,High
Event + City,Freshers Party Venues in Valsad | VenueConnect,/valsad/freshers-party-venues/,Best Freshers Party Venues in Valsad | Book & Compare Prices - VenueConnect,"Find the best freshers party venues in Valsad. Compare freshers party halls, banquet spaces & party plots. Get free quotes & instant leads. Browse 100+ options on VenueConnect.",Best Freshers Party Venues in Valsad,freshers party venues in Valsad,"freshers party hall Valsad, freshers party venue booking Valsad, best freshers party venue Valsad, freshers party party venue Valsad",Navigational / Transactional,High
Event + City,First Birthday Party Venues in Valsad | VenueConnect,/valsad/first-birthday-party-venues/,Best First Birthday Party Venues in Valsad | Book & Compare Prices - VenueConnect,"Find the best first birthday party venues in Valsad. Compare first birthday party halls, banquet spaces & party plots. Get free quotes & instant leads. Browse 100+ options on VenueConnect.",Best First Birthday Party Venues in Valsad,first birthday party venues in Valsad,"first birthday party hall Valsad, first birthday party venue booking Valsad, best first birthday party venue Valsad, first birthday party party venue Valsad",Navigational / Transactional,High
Event + City,Fashion Show Venues in Valsad | VenueConnect,/valsad/fashion-show-venues/,Best Fashion Show Venues in Valsad | Book & Compare Prices - VenueConnect,"Find the best fashion show venues in Valsad. Compare fashion show halls, banquet spaces & party plots. Get free quotes & instant leads. Browse 100+ options on VenueConnect.",Best Fashion Show Venues in Valsad,fashion show venues in Valsad,"fashion show hall Valsad, fashion show venue booking Valsad, best fashion show venue Valsad, fashion show party venue Valsad",Navigational / Transactional,High
Event + City,Family Function Venues in Valsad | VenueConnect,/valsad/family-function-venues/,Best Family Function Venues in Valsad | Book & Compare Prices - VenueConnect,"Find the best family function venues in Valsad. Compare family function halls, banquet spaces & party plots. Get free quotes & instant leads. Browse 100+ options on VenueConnect.",Best Family Function Venues in Valsad,family function venues in Valsad,"family function hall Valsad, family function venue booking Valsad, best family function venue Valsad, family function party venue Valsad",Navigational / Transactional,High
Event + City,Exhibition Venues in Valsad | VenueConnect,/valsad/exhibition-venues/,Best Exhibition Venues in Valsad | Book & Compare Prices - VenueConnect,"Find the best exhibition venues in Valsad. Compare exhibition halls, banquet spaces & party plots. Get free quotes & instant leads. Browse 100+ options on VenueConnect.",Best Exhibition Venues in Valsad,exhibition venues in Valsad,"exhibition hall Valsad, exhibition venue booking Valsad, best exhibition venue Valsad, exhibition party venue Valsad",Navigational / Transactional,High
Event + City,Corporate Training Venues in Valsad | VenueConnect,/valsad/corporate-training-venues/,Best Corporate Training Venues in Valsad | Book & Compare Prices - VenueConnect,"Find the best corporate training venues in Valsad. Compare corporate training halls, banquet spaces & party plots. Get free quotes & instant leads. Browse 100+ options on VenueConnect.",Best Corporate Training Venues in Valsad,corporate training venues in Valsad,"corporate training hall Valsad, corporate training venue booking Valsad, best corporate training venue Valsad, corporate training party venue Valsad",Navigational / Transactional,High
Event + City,Corporate Party Venues in Valsad | VenueConnect,/valsad/corporate-party-venues/,Best Corporate Party Venues in Valsad | Book & Compare Prices - VenueConnect,"Find the best corporate party venues in Valsad. Compare corporate party halls, banquet spaces & party plots. Get free quotes & instant leads. Browse 100+ options on VenueConnect.",Best Corporate Party Venues in Valsad,corporate party venues in Valsad,"corporate party hall Valsad, corporate party venue booking Valsad, best corporate party venue Valsad, corporate party party venue Valsad",Navigational / Transactional,High
Event + City,Corporate Offsite Venues in Valsad | VenueConnect,/valsad/corporate-offsite-venues/,Best Corporate Offsite Venues in Valsad | Book & Compare Prices - VenueConnect,"Find the best corporate offsite venues in Valsad. Compare corporate offsite halls, banquet spaces & party plots. Get free quotes & instant leads. Browse 100+ options on VenueConnect.",Best Corporate Offsite Venues in Valsad,corporate offsite venues in Valsad,"corporate offsite hall Valsad, corporate offsite venue booking Valsad, best corporate offsite venue Valsad, corporate offsite party venue Valsad",Navigational / Transactional,High
Event + City,Cocktail Dinner Venues in Valsad | VenueConnect,/valsad/cocktail-dinner-venues/,Best Cocktail Dinner Venues in Valsad | Book & Compare Prices - VenueConnect,"Find the best cocktail dinner venues in Valsad. Compare cocktail dinner halls, banquet spaces & party plots. Get free quotes & instant leads. Browse 100+ options on VenueConnect.",Best Cocktail Dinner Venues in Valsad,cocktail dinner venues in Valsad,"cocktail dinner hall Valsad, cocktail dinner venue booking Valsad, best cocktail dinner venue Valsad, cocktail dinner party venue Valsad",Navigational / Transactional,High
Event + City,Class Reunion Venues in Valsad | VenueConnect,/valsad/class-reunion-venues/,Best Class Reunion Venues in Valsad | Book & Compare Prices - VenueConnect,"Find the best class reunion venues in Valsad. Compare class reunion halls, banquet spaces & party plots. Get free quotes & instant leads. Browse 100+ options on VenueConnect.",Best Class Reunion Venues in Valsad,class reunion venues in Valsad,"class reunion hall Valsad, class reunion venue booking Valsad, best class reunion venue Valsad, class reunion party venue Valsad",Navigational / Transactional,High
Event + City,Christian Communion Venues in Valsad | VenueConnect,/valsad/christian-communion-venues/,Best Christian Communion Venues in Valsad | Book & Compare Prices - VenueConnect,"Find the best christian communion venues in Valsad. Compare christian communion halls, banquet spaces & party plots. Get free quotes & instant leads. Browse 100+ options on VenueConnect.",Best Christian Communion Venues in Valsad,christian communion venues in Valsad,"christian communion hall Valsad, christian communion venue booking Valsad, best christian communion venue Valsad, christian communion party venue Valsad",Navigational / Transactional,High
Event + City,Childrens Party Venues in Valsad | VenueConnect,/valsad/childrens-party-venues/,Best Childrens Party Venues in Valsad | Book & Compare Prices - VenueConnect,"Find the best childrens party venues in Valsad. Compare childrens party halls, banquet spaces & party plots. Get free quotes & instant leads. Browse 100+ options on VenueConnect.",Best Childrens Party Venues in Valsad,childrens party venues in Valsad,"childrens party hall Valsad, childrens party venue booking Valsad, best childrens party venue Valsad, childrens party party venue Valsad",Navigational / Transactional,High
Event + City,Business Dinner Venues in Valsad | VenueConnect,/valsad/business-dinner-venues/,Best Business Dinner Venues in Valsad | Book & Compare Prices - VenueConnect,"Find the best business dinner venues in Valsad. Compare business dinner halls, banquet spaces & party plots. Get free quotes & instant leads. Browse 100+ options on VenueConnect.",Best Business Dinner Venues in Valsad,business dinner venues in Valsad,"business dinner hall Valsad, business dinner venue booking Valsad, best business dinner venue Valsad, business dinner party venue Valsad",Navigational / Transactional,High
Event + City,Bridal Shower Venues in Valsad | VenueConnect,/valsad/bridal-shower-venues/,Best Bridal Shower Venues in Valsad | Book & Compare Prices - VenueConnect,"Find the best bridal shower venues in Valsad. Compare bridal shower halls, banquet spaces & party plots. Get free quotes & instant leads. Browse 100+ options on VenueConnect.",Best Bridal Shower Venues in Valsad,bridal shower venues in Valsad,"bridal shower hall Valsad, bridal shower venue booking Valsad, best bridal shower venue Valsad, bridal shower party venue Valsad",Navigational / Transactional,High
Event + City,Brand Promotion Venues in Valsad | VenueConnect,/valsad/brand-promotion-venues/,Best Brand Promotion Venues in Valsad | Book & Compare Prices - VenueConnect,"Find the best brand promotion venues in Valsad. Compare brand promotion halls, banquet spaces & party plots. Get free quotes & instant leads. Browse 100+ options on VenueConnect.",Best Brand Promotion Venues in Valsad,brand promotion venues in Valsad,"brand promotion hall Valsad, brand promotion venue booking Valsad, best brand promotion venue Valsad, brand promotion party venue Valsad",Navigational / Transactional,High
Event + City,Bachelor Party Venues in Valsad | VenueConnect,/valsad/bachelor-party-venues/,Best Bachelor Party Venues in Valsad | Book & Compare Prices - VenueConnect,"Find the best bachelor party venues in Valsad. Compare bachelor party halls, banquet spaces & party plots. Get free quotes & instant leads. Browse 100+ options on VenueConnect.",Best Bachelor Party Venues in Valsad,bachelor party venues in Valsad,"bachelor party hall Valsad, bachelor party venue booking Valsad, best bachelor party venue Valsad, bachelor party party venue Valsad",Navigational / Transactional,High
Event + City,Aqueeqa Ceremony Venues in Valsad | VenueConnect,/valsad/aqueeqa-ceremony-venues/,Best Aqueeqa Ceremony Venues in Valsad | Book & Compare Prices - VenueConnect,"Find the best aqueeqa ceremony venues in Valsad. Compare aqueeqa ceremony halls, banquet spaces & party plots. Get free quotes & instant leads. Browse 100+ options on VenueConnect.",Best Aqueeqa Ceremony Venues in Valsad,aqueeqa ceremony venues in Valsad,"aqueeqa ceremony hall Valsad, aqueeqa ceremony venue booking Valsad, best aqueeqa ceremony venue Valsad, aqueeqa ceremony party venue Valsad",Navigational / Transactional,High
Event + City,Annual Fest Venues in Valsad | VenueConnect,/valsad/annual-fest-venues/,Best Annual Fest Venues in Valsad | Book & Compare Prices - VenueConnect,"Find the best annual fest venues in Valsad. Compare annual fest halls, banquet spaces & party plots. Get free quotes & instant leads. Browse 100+ options on VenueConnect.",Best Annual Fest Venues in Valsad,annual fest venues in Valsad,"annual fest hall Valsad, annual fest venue booking Valsad, best annual fest venue Valsad, annual fest party venue Valsad",Navigational / Transactional,High
Event + City,Adventure Party Venues in Valsad | VenueConnect,/valsad/adventure-party-venues/,Best Adventure Party Venues in Valsad | Book & Compare Prices - VenueConnect,"Find the best adventure party venues in Valsad. Compare adventure party halls, banquet spaces & party plots. Get free quotes & instant leads. Browse 100+ options on VenueConnect.",Best Adventure Party Venues in Valsad,adventure party venues in Valsad,"adventure party hall Valsad, adventure party venue booking Valsad, best adventure party venue Valsad, adventure party party venue Valsad",Navigational / Transactional,High
Event + City,Haldi Ceremony Venues in Valsad | VenueConnect,/valsad/haldi-ceremony-venues/,Best Haldi Ceremony Venues in Valsad | Book & Compare Prices - VenueConnect,"Find the best haldi ceremony venues in Valsad. Compare haldi ceremony halls, banquet spaces & party plots. Get free quotes & instant leads. Browse 100+ options on VenueConnect.",Best Haldi Ceremony Venues in Valsad,haldi ceremony venues in Valsad,"haldi ceremony hall Valsad, haldi ceremony venue booking Valsad, best haldi ceremony venue Valsad, haldi ceremony party venue Valsad",Navigational / Transactional,High
  VENDOR + CITY PAGES,,,,,,,,,
Page Type,Page Title,URL Slug,Meta Title,Meta Description,H1 Tag,Target Keyword,Secondary Keywords,Search Intent,Priority
Vendor + City,Photographers in Valsad | VenueConnect,/valsad/vendors/photographers/,Top Photographers in Valsad | Compare & Hire - VenueConnect,"Hire top photographers in Valsad for weddings, birthdays & all events. Compare portfolios, pricing & reviews. Get direct leads via WhatsApp. Book on VenueConnect.",Top Photographers in Valsad,photographers in Valsad,"photographers for wedding Valsad, best photographers Valsad, affordable photographers Valsad, photographers contact Valsad",Transactional,High
Vendor + City,Caterers in Valsad | VenueConnect,/valsad/vendors/caterers/,Top Caterers in Valsad | Compare & Hire - VenueConnect,"Hire top caterers in Valsad for weddings, birthdays & all events. Compare portfolios, pricing & reviews. Get direct leads via WhatsApp. Book on VenueConnect.",Top Caterers in Valsad,caterers in Valsad,"caterers for wedding Valsad, best caterers Valsad, affordable caterers Valsad, caterers contact Valsad",Transactional,High
Vendor + City,Decorators in Valsad | VenueConnect,/valsad/vendors/decorators/,Top Decorators in Valsad | Compare & Hire - VenueConnect,"Hire top decorators in Valsad for weddings, birthdays & all events. Compare portfolios, pricing & reviews. Get direct leads via WhatsApp. Book on VenueConnect.",Top Decorators in Valsad,decorators in Valsad,"decorators for wedding Valsad, best decorators Valsad, affordable decorators Valsad, decorators contact Valsad",Transactional,High
Vendor + City,Mehndi Artists in Valsad | VenueConnect,/valsad/vendors/mehndi-artists/,Top Mehndi Artists in Valsad | Compare & Hire - VenueConnect,"Hire top mehndi artists in Valsad for weddings, birthdays & all events. Compare portfolios, pricing & reviews. Get direct leads via WhatsApp. Book on VenueConnect.",Top Mehndi Artists in Valsad,mehndi artists in Valsad,"mehndi artists for wedding Valsad, best mehndi artists Valsad, affordable mehndi artists Valsad, mehndi artists contact Valsad",Transactional,High
Vendor + City,DJs in Valsad | VenueConnect,/valsad/vendors/djs/,Top DJs in Valsad | Compare & Hire - VenueConnect,"Hire top djs in Valsad for weddings, birthdays & all events. Compare portfolios, pricing & reviews. Get direct leads via WhatsApp. Book on VenueConnect.",Top DJs in Valsad,djs in Valsad,"djs for wedding Valsad, best djs Valsad, affordable djs Valsad, djs contact Valsad",Transactional,High
Vendor + City,Bands in Valsad | VenueConnect,/valsad/vendors/bands/,Top Bands in Valsad | Compare & Hire - VenueConnect,"Hire top bands in Valsad for weddings, birthdays & all events. Compare portfolios, pricing & reviews. Get direct leads via WhatsApp. Book on VenueConnect.",Top Bands in Valsad,bands in Valsad,"bands for wedding Valsad, best bands Valsad, affordable bands Valsad, bands contact Valsad",Transactional,High
Vendor + City,Event Planners in Valsad | VenueConnect,/valsad/vendors/event-planners/,Top Event Planners in Valsad | Compare & Hire - VenueConnect,"Hire top event planners in Valsad for weddings, birthdays & all events. Compare portfolios, pricing & reviews. Get direct leads via WhatsApp. Book on VenueConnect.",Top Event Planners in Valsad,event planners in Valsad,"event planners for wedding Valsad, best event planners Valsad, affordable event planners Valsad, event planners contact Valsad",Transactional,High
Vendor + City,Bridal Wear in Valsad | VenueConnect,/valsad/vendors/bridal-wear/,Top Bridal Wear in Valsad | Compare & Hire - VenueConnect,"Hire top bridal wear in Valsad for weddings, birthdays & all events. Compare portfolios, pricing & reviews. Get direct leads via WhatsApp. Book on VenueConnect.",Top Bridal Wear in Valsad,bridal wear in Valsad,"bridal wear for wedding Valsad, best bridal wear Valsad, affordable bridal wear Valsad, bridal wear contact Valsad",Transactional,High
Vendor + City,Makeup Artists in Valsad | VenueConnect,/valsad/vendors/makeup-artists/,Top Makeup Artists in Valsad | Compare & Hire - VenueConnect,"Hire top makeup artists in Valsad for weddings, birthdays & all events. Compare portfolios, pricing & reviews. Get direct leads via WhatsApp. Book on VenueConnect.",Top Makeup Artists in Valsad,makeup artists in Valsad,"makeup artists for wedding Valsad, best makeup artists Valsad, affordable makeup artists Valsad, makeup artists contact Valsad",Transactional,High
Vendor + City,Florists in Valsad | VenueConnect,/valsad/vendors/florists/,Top Florists in Valsad | Compare & Hire - VenueConnect,"Hire top florists in Valsad for weddings, birthdays & all events. Compare portfolios, pricing & reviews. Get direct leads via WhatsApp. Book on VenueConnect.",Top Florists in Valsad,florists in Valsad,"florists for wedding Valsad, best florists Valsad, affordable florists Valsad, florists contact Valsad",Transactional,High
Vendor + City,Videographers in Valsad | VenueConnect,/valsad/vendors/videographers/,Top Videographers in Valsad | Compare & Hire - VenueConnect,"Hire top videographers in Valsad for weddings, birthdays & all events. Compare portfolios, pricing & reviews. Get direct leads via WhatsApp. Book on VenueConnect.",Top Videographers in Valsad,videographers in Valsad,"videographers for wedding Valsad, best videographers Valsad, affordable videographers Valsad, videographers contact Valsad",Transactional,High
Vendor + City,Wedding Planners in Valsad | VenueConnect,/valsad/vendors/wedding-planners/,Top Wedding Planners in Valsad | Compare & Hire - VenueConnect,"Hire top wedding planners in Valsad for weddings, birthdays & all events. Compare portfolios, pricing & reviews. Get direct leads via WhatsApp. Book on VenueConnect.",Top Wedding Planners in Valsad,wedding planners in Valsad,"wedding planners for wedding Valsad, best wedding planners Valsad, affordable wedding planners Valsad, wedding planners contact Valsad",Transactional,High
Vendor + City,Tent Houses in Valsad | VenueConnect,/valsad/vendors/tent-houses/,Top Tent Houses in Valsad | Compare & Hire - VenueConnect,"Hire top tent houses in Valsad for weddings, birthdays & all events. Compare portfolios, pricing & reviews. Get direct leads via WhatsApp. Book on VenueConnect.",Top Tent Houses in Valsad,tent houses in Valsad,"tent houses for wedding Valsad, best tent houses Valsad, affordable tent houses Valsad, tent houses contact Valsad",Transactional,High
Vendor + City,Choreographers in Valsad | VenueConnect,/valsad/vendors/choreographers/,Top Choreographers in Valsad | Compare & Hire - VenueConnect,"Hire top choreographers in Valsad for weddings, birthdays & all events. Compare portfolios, pricing & reviews. Get direct leads via WhatsApp. Book on VenueConnect.",Top Choreographers in Valsad,choreographers in Valsad,"choreographers for wedding Valsad, best choreographers Valsad, affordable choreographers Valsad, choreographers contact Valsad",Transactional,High
Vendor + City,Invitation Cards in Valsad | VenueConnect,/valsad/vendors/invitation-cards/,Top Invitation Cards in Valsad | Compare & Hire - VenueConnect,"Hire top invitation cards in Valsad for weddings, birthdays & all events. Compare portfolios, pricing & reviews. Get direct leads via WhatsApp. Book on VenueConnect.",Top Invitation Cards in Valsad,invitation cards in Valsad,"invitation cards for wedding Valsad, best invitation cards Valsad, affordable invitation cards Valsad, invitation cards contact Valsad",Transactional,High
Vendor + City,Cake Shops in Valsad | VenueConnect,/valsad/vendors/cake-shops/,Top Cake Shops in Valsad | Compare & Hire - VenueConnect,"Hire top cake shops in Valsad for weddings, birthdays & all events. Compare portfolios, pricing & reviews. Get direct leads via WhatsApp. Book on VenueConnect.",Top Cake Shops in Valsad,cake shops in Valsad,"cake shops for wedding Valsad, best cake shops Valsad, affordable cake shops Valsad, cake shops contact Valsad",Transactional,High
Vendor + City,Jewellers in Valsad | VenueConnect,/valsad/vendors/jewellers/,Top Jewellers in Valsad | Compare & Hire - VenueConnect,"Hire top jewellers in Valsad for weddings, birthdays & all events. Compare portfolios, pricing & reviews. Get direct leads via WhatsApp. Book on VenueConnect.",Top Jewellers in Valsad,jewellers in Valsad,"jewellers for wedding Valsad, best jewellers Valsad, affordable jewellers Valsad, jewellers contact Valsad",Transactional,High
Vendor + City,Astrologers in Valsad | VenueConnect,/valsad/vendors/astrologers/,Top Astrologers in Valsad | Compare & Hire - VenueConnect,"Hire top astrologers in Valsad for weddings, birthdays & all events. Compare portfolios, pricing & reviews. Get direct leads via WhatsApp. Book on VenueConnect.",Top Astrologers in Valsad,astrologers in Valsad,"astrologers for wedding Valsad, best astrologers Valsad, affordable astrologers Valsad, astrologers contact Valsad",Transactional,High
Vendor + City,Magicians in Valsad | VenueConnect,/valsad/vendors/magicians/,Top Magicians in Valsad | Compare & Hire - VenueConnect,"Hire top magicians in Valsad for weddings, birthdays & all events. Compare portfolios, pricing & reviews. Get direct leads via WhatsApp. Book on VenueConnect.",Top Magicians in Valsad,magicians in Valsad,"magicians for wedding Valsad, best magicians Valsad, affordable magicians Valsad, magicians contact Valsad",Transactional,High
Vendor + City,Entertainers in Valsad | VenueConnect,/valsad/vendors/entertainers/,Top Entertainers in Valsad | Compare & Hire - VenueConnect,"Hire top entertainers in Valsad for weddings, birthdays & all events. Compare portfolios, pricing & reviews. Get direct leads via WhatsApp. Book on VenueConnect.",Top Entertainers in Valsad,entertainers in Valsad,"entertainers for wedding Valsad, best entertainers Valsad, affordable entertainers Valsad, entertainers contact Valsad",Transactional,High
Vendor + City,Groom Wear in Valsad | VenueConnect,/valsad/vendors/groom-wear/,Top Groom Wear in Valsad | Compare & Hire - VenueConnect,"Hire top groom wear in Valsad for weddings, birthdays & all events. Compare portfolios, pricing & reviews. Get direct leads via WhatsApp. Book on VenueConnect.",Top Groom Wear in Valsad,groom wear in Valsad,"groom wear for wedding Valsad, best groom wear Valsad, affordable groom wear Valsad, groom wear contact Valsad",Transactional,High
Vendor + City,Wedding Photographers in Valsad | VenueConnect,/valsad/vendors/wedding-photographers/,Top Wedding Photographers in Valsad | Compare & Hire - VenueConnect,"Hire top wedding photographers in Valsad for weddings, birthdays & all events. Compare portfolios, pricing & reviews. Get direct leads via WhatsApp. Book on VenueConnect.",Top Wedding Photographers in Valsad,wedding photographers in Valsad,"wedding photographers for wedding Valsad, best wedding photographers Valsad, affordable wedding photographers Valsad, wedding photographers contact Valsad",Transactional,High
  VENUE TYPE + CITY PAGES,,,,,,,,,
Page Type,Page Title,URL Slug,Meta Title,Meta Description,H1 Tag,Target Keyword,Secondary Keywords,Search Intent,Priority
Venue + City,Banquet Halls in Valsad | VenueConnect,/valsad/banquet-halls/,Best Banquet Halls in Valsad | Compare Prices & Book - VenueConnect,"Find top banquet halls in Valsad for any occasion. Compare capacity, pricing & amenities. 100+ verified listings. Get free quotes on VenueConnect Gujarat.",Best Banquet Halls in Valsad,banquet halls in Valsad,"banquet halls for rent Valsad, banquet halls booking Valsad, best banquet halls Valsad, affordable banquet halls Valsad",Transactional,High
Venue + City,Farmhouses in Valsad | VenueConnect,/valsad/farmhouses/,Best Farmhouses in Valsad | Compare Prices & Book - VenueConnect,"Find top farmhouses in Valsad for any occasion. Compare capacity, pricing & amenities. 100+ verified listings. Get free quotes on VenueConnect Gujarat.",Best Farmhouses in Valsad,farmhouses in Valsad,"farmhouses for rent Valsad, farmhouses booking Valsad, best farmhouses Valsad, affordable farmhouses Valsad",Transactional,High
Venue + City,Party Plots in Valsad | VenueConnect,/valsad/party-plots/,Best Party Plots in Valsad | Compare Prices & Book - VenueConnect,"Find top party plots in Valsad for any occasion. Compare capacity, pricing & amenities. 100+ verified listings. Get free quotes on VenueConnect Gujarat.",Best Party Plots in Valsad,party plots in Valsad,"party plots for rent Valsad, party plots booking Valsad, best party plots Valsad, affordable party plots Valsad",Transactional,High
Venue + City,Hotels in Valsad | VenueConnect,/valsad/hotels/,Best Hotels in Valsad | Compare Prices & Book - VenueConnect,"Find top hotels in Valsad for any occasion. Compare capacity, pricing & amenities. 100+ verified listings. Get free quotes on VenueConnect Gujarat.",Best Hotels in Valsad,hotels in Valsad,"hotels for rent Valsad, hotels booking Valsad, best hotels Valsad, affordable hotels Valsad",Transactional,High
Venue + City,Resorts in Valsad | VenueConnect,/valsad/resorts/,Best Resorts in Valsad | Compare Prices & Book - VenueConnect,"Find top resorts in Valsad for any occasion. Compare capacity, pricing & amenities. 100+ verified listings. Get free quotes on VenueConnect Gujarat.",Best Resorts in Valsad,resorts in Valsad,"resorts for rent Valsad, resorts booking Valsad, best resorts Valsad, affordable resorts Valsad",Transactional,High
Venue + City,Restaurants in Valsad | VenueConnect,/valsad/restaurants/,Best Restaurants in Valsad | Compare Prices & Book - VenueConnect,"Find top restaurants in Valsad for any occasion. Compare capacity, pricing & amenities. 100+ verified listings. Get free quotes on VenueConnect Gujarat.",Best Restaurants in Valsad,restaurants in Valsad,"restaurants for rent Valsad, restaurants booking Valsad, best restaurants Valsad, affordable restaurants Valsad",Transactional,High
Venue + City,Convention Centers in Valsad | VenueConnect,/valsad/convention-centers/,Best Convention Centers in Valsad | Compare Prices & Book - VenueConnect,"Find top convention centers in Valsad for any occasion. Compare capacity, pricing & amenities. 100+ verified listings. Get free quotes on VenueConnect Gujarat.",Best Convention Centers in Valsad,convention centers in Valsad,"convention centers for rent Valsad, convention centers booking Valsad, best convention centers Valsad, affordable convention centers Valsad",Transactional,High
Venue + City,Clubs in Valsad | VenueConnect,/valsad/clubs/,Best Clubs in Valsad | Compare Prices & Book - VenueConnect,"Find top clubs in Valsad for any occasion. Compare capacity, pricing & amenities. 100+ verified listings. Get free quotes on VenueConnect Gujarat.",Best Clubs in Valsad,clubs in Valsad,"clubs for rent Valsad, clubs booking Valsad, best clubs Valsad, affordable clubs Valsad",Transactional,High
Venue + City,Rooftop Venues in Valsad | VenueConnect,/valsad/rooftop-venues/,Best Rooftop Venues in Valsad | Compare Prices & Book - VenueConnect,"Find top rooftop venues in Valsad for any occasion. Compare capacity, pricing & amenities. 100+ verified listings. Get free quotes on VenueConnect Gujarat.",Best Rooftop Venues in Valsad,rooftop venues in Valsad,"rooftop venues for rent Valsad, rooftop venues booking Valsad, best rooftop venues Valsad, affordable rooftop venues Valsad",Transactional,High
Venue + City,Garden Venues in Valsad | VenueConnect,/valsad/garden-venues/,Best Garden Venues in Valsad | Compare Prices & Book - VenueConnect,"Find top garden venues in Valsad for any occasion. Compare capacity, pricing & amenities. 100+ verified listings. Get free quotes on VenueConnect Gujarat.",Best Garden Venues in Valsad,garden venues in Valsad,"garden venues for rent Valsad, garden venues booking Valsad, best garden venues Valsad, affordable garden venues Valsad",Transactional,High
Venue + City,Heritage Venues in Valsad | VenueConnect,/valsad/heritage-venues/,Best Heritage Venues in Valsad | Compare Prices & Book - VenueConnect,"Find top heritage venues in Valsad for any occasion. Compare capacity, pricing & amenities. 100+ verified listings. Get free quotes on VenueConnect Gujarat.",Best Heritage Venues in Valsad,heritage venues in Valsad,"heritage venues for rent Valsad, heritage venues booking Valsad, best heritage venues Valsad, affordable heritage venues Valsad",Transactional,High
Venue + City,Luxury Venues in Valsad | VenueConnect,/valsad/luxury-venues/,Best Luxury Venues in Valsad | Compare Prices & Book - VenueConnect,"Find top luxury venues in Valsad for any occasion. Compare capacity, pricing & amenities. 100+ verified listings. Get free quotes on VenueConnect Gujarat.",Best Luxury Venues in Valsad,luxury venues in Valsad,"luxury venues for rent Valsad, luxury venues booking Valsad, best luxury venues Valsad, affordable luxury venues Valsad",Transactional,High
  EVENT + CITY AREA PAGES (Hyper-local),,,,,,,,,
Page Type,Page Title,URL Slug,Meta Title,Meta Description,H1 Tag,Target Keyword,Secondary Keywords,Search Intent,Priority
Event + City Area,"Wedding Venues in Tithal Road, Valsad | VenueConnect",/valsad/tithal-road/wedding-venues/,"Best Wedding Venues in Tithal Road, Valsad | Book Near You - VenueConnect","Find the perfect wedding venue in Tithal Road, Valsad. Compare halls, farmhouses & party plots near Tithal Road. Get instant leads & free quotes on VenueConnect.","Best Wedding Venues in Tithal Road, Valsad",wedding venues in Tithal Road Valsad,"wedding venue Tithal Road, wedding hall near Tithal Road Valsad, wedding venue near Tithal Road",Transactional (Hyper-local),High
Event + City Area,"Birthday Party Venues in Tithal Road, Valsad | VenueConnect",/valsad/tithal-road/birthday-party-venues/,"Best Birthday Party Venues in Tithal Road, Valsad | Book Near You - VenueConnect","Find the perfect birthday party venue in Tithal Road, Valsad. Compare halls, farmhouses & party plots near Tithal Road. Get instant leads & free quotes on VenueConnect.","Best Birthday Party Venues in Tithal Road, Valsad",birthday party venues in Tithal Road Valsad,"birthday party venue Tithal Road, birthday party hall near Tithal Road Valsad, birthday party venue near Tithal Road",Transactional (Hyper-local),High
Event + City Area,"Engagement Venues in Tithal Road, Valsad | VenueConnect",/valsad/tithal-road/engagement-venues/,"Best Engagement Venues in Tithal Road, Valsad | Book Near You - VenueConnect","Find the perfect engagement venue in Tithal Road, Valsad. Compare halls, farmhouses & party plots near Tithal Road. Get instant leads & free quotes on VenueConnect.","Best Engagement Venues in Tithal Road, Valsad",engagement venues in Tithal Road Valsad,"engagement venue Tithal Road, engagement hall near Tithal Road Valsad, engagement venue near Tithal Road",Transactional (Hyper-local),High
Event + City Area,"Corporate Event Venues in Tithal Road, Valsad | VenueConnect",/valsad/tithal-road/corporate-event-venues/,"Best Corporate Event Venues in Tithal Road, Valsad | Book Near You - VenueConnect","Find the perfect corporate event venue in Tithal Road, Valsad. Compare halls, farmhouses & party plots near Tithal Road. Get instant leads & free quotes on VenueConnect.","Best Corporate Event Venues in Tithal Road, Valsad",corporate event venues in Tithal Road Valsad,"corporate event venue Tithal Road, corporate event hall near Tithal Road Valsad, corporate event venue near Tithal Road",Transactional (Hyper-local),High
Event + City Area,"Reception Venues in Tithal Road, Valsad | VenueConnect",/valsad/tithal-road/reception-venues/,"Best Reception Venues in Tithal Road, Valsad | Book Near You - VenueConnect","Find the perfect reception venue in Tithal Road, Valsad. Compare halls, farmhouses & party plots near Tithal Road. Get instant leads & free quotes on VenueConnect.","Best Reception Venues in Tithal Road, Valsad",reception venues in Tithal Road Valsad,"reception venue Tithal Road, reception hall near Tithal Road Valsad, reception venue near Tithal Road",Transactional (Hyper-local),High
Event + City Area,"Wedding Venues in Dharampur Road, Valsad | VenueConnect",/valsad/dharampur-road/wedding-venues/,"Best Wedding Venues in Dharampur Road, Valsad | Book Near You - VenueConnect","Find the perfect wedding venue in Dharampur Road, Valsad. Compare halls, farmhouses & party plots near Dharampur Road. Get instant leads & free quotes on VenueConnect.","Best Wedding Venues in Dharampur Road, Valsad",wedding venues in Dharampur Road Valsad,"wedding venue Dharampur Road, wedding hall near Dharampur Road Valsad, wedding venue near Dharampur Road",Transactional (Hyper-local),High
Event + City Area,"Birthday Party Venues in Dharampur Road, Valsad | VenueConnect",/valsad/dharampur-road/birthday-party-venues/,"Best Birthday Party Venues in Dharampur Road, Valsad | Book Near You - VenueConnect","Find the perfect birthday party venue in Dharampur Road, Valsad. Compare halls, farmhouses & party plots near Dharampur Road. Get instant leads & free quotes on VenueConnect.","Best Birthday Party Venues in Dharampur Road, Valsad",birthday party venues in Dharampur Road Valsad,"birthday party venue Dharampur Road, birthday party hall near Dharampur Road Valsad, birthday party venue near Dharampur Road",Transactional (Hyper-local),High
Event + City Area,"Engagement Venues in Dharampur Road, Valsad | VenueConnect",/valsad/dharampur-road/engagement-venues/,"Best Engagement Venues in Dharampur Road, Valsad | Book Near You - VenueConnect","Find the perfect engagement venue in Dharampur Road, Valsad. Compare halls, farmhouses & party plots near Dharampur Road. Get instant leads & free quotes on VenueConnect.","Best Engagement Venues in Dharampur Road, Valsad",engagement venues in Dharampur Road Valsad,"engagement venue Dharampur Road, engagement hall near Dharampur Road Valsad, engagement venue near Dharampur Road",Transactional (Hyper-local),High
Event + City Area,"Corporate Event Venues in Dharampur Road, Valsad | VenueConnect",/valsad/dharampur-road/corporate-event-venues/,"Best Corporate Event Venues in Dharampur Road, Valsad | Book Near You - VenueConnect","Find the perfect corporate event venue in Dharampur Road, Valsad. Compare halls, farmhouses & party plots near Dharampur Road. Get instant leads & free quotes on VenueConnect.","Best Corporate Event Venues in Dharampur Road, Valsad",corporate event venues in Dharampur Road Valsad,"corporate event venue Dharampur Road, corporate event hall near Dharampur Road Valsad, corporate event venue near Dharampur Road",Transactional (Hyper-local),High
Event + City Area,"Reception Venues in Dharampur Road, Valsad | VenueConnect",/valsad/dharampur-road/reception-venues/,"Best Reception Venues in Dharampur Road, Valsad | Book Near You - VenueConnect","Find the perfect reception venue in Dharampur Road, Valsad. Compare halls, farmhouses & party plots near Dharampur Road. Get instant leads & free quotes on VenueConnect.","Best Reception Venues in Dharampur Road, Valsad",reception venues in Dharampur Road Valsad,"reception venue Dharampur Road, reception hall near Dharampur Road Valsad, reception venue near Dharampur Road",Transactional (Hyper-local),High
Event + City Area,"Wedding Venues in Station Road, Valsad | VenueConnect",/valsad/station-road/wedding-venues/,"Best Wedding Venues in Station Road, Valsad | Book Near You - VenueConnect","Find the perfect wedding venue in Station Road, Valsad. Compare halls, farmhouses & party plots near Station Road. Get instant leads & free quotes on VenueConnect.","Best Wedding Venues in Station Road, Valsad",wedding venues in Station Road Valsad,"wedding venue Station Road, wedding hall near Station Road Valsad, wedding venue near Station Road",Transactional (Hyper-local),High
Event + City Area,"Birthday Party Venues in Station Road, Valsad | VenueConnect",/valsad/station-road/birthday-party-venues/,"Best Birthday Party Venues in Station Road, Valsad | Book Near You - VenueConnect","Find the perfect birthday party venue in Station Road, Valsad. Compare halls, farmhouses & party plots near Station Road. Get instant leads & free quotes on VenueConnect.","Best Birthday Party Venues in Station Road, Valsad",birthday party venues in Station Road Valsad,"birthday party venue Station Road, birthday party hall near Station Road Valsad, birthday party venue near Station Road",Transactional (Hyper-local),High
Event + City Area,"Engagement Venues in Station Road, Valsad | VenueConnect",/valsad/station-road/engagement-venues/,"Best Engagement Venues in Station Road, Valsad | Book Near You - VenueConnect","Find the perfect engagement venue in Station Road, Valsad. Compare halls, farmhouses & party plots near Station Road. Get instant leads & free quotes on VenueConnect.","Best Engagement Venues in Station Road, Valsad",engagement venues in Station Road Valsad,"engagement venue Station Road, engagement hall near Station Road Valsad, engagement venue near Station Road",Transactional (Hyper-local),High
Event + City Area,"Corporate Event Venues in Station Road, Valsad | VenueConnect",/valsad/station-road/corporate-event-venues/,"Best Corporate Event Venues in Station Road, Valsad | Book Near You - VenueConnect","Find the perfect corporate event venue in Station Road, Valsad. Compare halls, farmhouses & party plots near Station Road. Get instant leads & free quotes on VenueConnect.","Best Corporate Event Venues in Station Road, Valsad",corporate event venues in Station Road Valsad,"corporate event venue Station Road, corporate event hall near Station Road Valsad, corporate event venue near Station Road",Transactional (Hyper-local),High
Event + City Area,"Reception Venues in Station Road, Valsad | VenueConnect",/valsad/station-road/reception-venues/,"Best Reception Venues in Station Road, Valsad | Book Near You - VenueConnect","Find the perfect reception venue in Station Road, Valsad. Compare halls, farmhouses & party plots near Station Road. Get instant leads & free quotes on VenueConnect.","Best Reception Venues in Station Road, Valsad",reception venues in Station Road Valsad,"reception venue Station Road, reception hall near Station Road Valsad, reception venue near Station Road",Transactional (Hyper-local),High
Event + City Area,"Wedding Venues in Atul, Valsad | VenueConnect",/valsad/atul/wedding-venues/,"Best Wedding Venues in Atul, Valsad | Book Near You - VenueConnect","Find the perfect wedding venue in Atul, Valsad. Compare halls, farmhouses & party plots near Atul. Get instant leads & free quotes on VenueConnect.","Best Wedding Venues in Atul, Valsad",wedding venues in Atul Valsad,"wedding venue Atul, wedding hall near Atul Valsad, wedding venue near Atul",Transactional (Hyper-local),High
Event + City Area,"Birthday Party Venues in Atul, Valsad | VenueConnect",/valsad/atul/birthday-party-venues/,"Best Birthday Party Venues in Atul, Valsad | Book Near You - VenueConnect","Find the perfect birthday party venue in Atul, Valsad. Compare halls, farmhouses & party plots near Atul. Get instant leads & free quotes on VenueConnect.","Best Birthday Party Venues in Atul, Valsad",birthday party venues in Atul Valsad,"birthday party venue Atul, birthday party hall near Atul Valsad, birthday party venue near Atul",Transactional (Hyper-local),High
Event + City Area,"Engagement Venues in Atul, Valsad | VenueConnect",/valsad/atul/engagement-venues/,"Best Engagement Venues in Atul, Valsad | Book Near You - VenueConnect","Find the perfect engagement venue in Atul, Valsad. Compare halls, farmhouses & party plots near Atul. Get instant leads & free quotes on VenueConnect.","Best Engagement Venues in Atul, Valsad",engagement venues in Atul Valsad,"engagement venue Atul, engagement hall near Atul Valsad, engagement venue near Atul",Transactional (Hyper-local),High
Event + City Area,"Corporate Event Venues in Atul, Valsad | VenueConnect",/valsad/atul/corporate-event-venues/,"Best Corporate Event Venues in Atul, Valsad | Book Near You - VenueConnect","Find the perfect corporate event venue in Atul, Valsad. Compare halls, farmhouses & party plots near Atul. Get instant leads & free quotes on VenueConnect.","Best Corporate Event Venues in Atul, Valsad",corporate event venues in Atul Valsad,"corporate event venue Atul, corporate event hall near Atul Valsad, corporate event venue near Atul",Transactional (Hyper-local),High
Event + City Area,"Reception Venues in Atul, Valsad | VenueConnect",/valsad/atul/reception-venues/,"Best Reception Venues in Atul, Valsad | Book Near You - VenueConnect","Find the perfect reception venue in Atul, Valsad. Compare halls, farmhouses & party plots near Atul. Get instant leads & free quotes on VenueConnect.","Best Reception Venues in Atul, Valsad",reception venues in Atul Valsad,"reception venue Atul, reception hall near Atul Valsad, reception venue near Atul",Transactional (Hyper-local),High
Event + City Area,"Wedding Venues in Vapi Road, Valsad | VenueConnect",/valsad/vapi-road/wedding-venues/,"Best Wedding Venues in Vapi Road, Valsad | Book Near You - VenueConnect","Find the perfect wedding venue in Vapi Road, Valsad. Compare halls, farmhouses & party plots near Vapi Road. Get instant leads & free quotes on VenueConnect.","Best Wedding Venues in Vapi Road, Valsad",wedding venues in Vapi Road Valsad,"wedding venue Vapi Road, wedding hall near Vapi Road Valsad, wedding venue near Vapi Road",Transactional (Hyper-local),High
Event + City Area,"Birthday Party Venues in Vapi Road, Valsad | VenueConnect",/valsad/vapi-road/birthday-party-venues/,"Best Birthday Party Venues in Vapi Road, Valsad | Book Near You - VenueConnect","Find the perfect birthday party venue in Vapi Road, Valsad. Compare halls, farmhouses & party plots near Vapi Road. Get instant leads & free quotes on VenueConnect.","Best Birthday Party Venues in Vapi Road, Valsad",birthday party venues in Vapi Road Valsad,"birthday party venue Vapi Road, birthday party hall near Vapi Road Valsad, birthday party venue near Vapi Road",Transactional (Hyper-local),High
Event + City Area,"Engagement Venues in Vapi Road, Valsad | VenueConnect",/valsad/vapi-road/engagement-venues/,"Best Engagement Venues in Vapi Road, Valsad | Book Near You - VenueConnect","Find the perfect engagement venue in Vapi Road, Valsad. Compare halls, farmhouses & party plots near Vapi Road. Get instant leads & free quotes on VenueConnect.","Best Engagement Venues in Vapi Road, Valsad",engagement venues in Vapi Road Valsad,"engagement venue Vapi Road, engagement hall near Vapi Road Valsad, engagement venue near Vapi Road",Transactional (Hyper-local),High
Event + City Area,"Corporate Event Venues in Vapi Road, Valsad | VenueConnect",/valsad/vapi-road/corporate-event-venues/,"Best Corporate Event Venues in Vapi Road, Valsad | Book Near You - VenueConnect","Find the perfect corporate event venue in Vapi Road, Valsad. Compare halls, farmhouses & party plots near Vapi Road. Get instant leads & free quotes on VenueConnect.","Best Corporate Event Venues in Vapi Road, Valsad",corporate event venues in Vapi Road Valsad,"corporate event venue Vapi Road, corporate event hall near Vapi Road Valsad, corporate event venue near Vapi Road",Transactional (Hyper-local),High
Event + City Area,"Reception Venues in Vapi Road, Valsad | VenueConnect",/valsad/vapi-road/reception-venues/,"Best Reception Venues in Vapi Road, Valsad | Book Near You - VenueConnect","Find the perfect reception venue in Vapi Road, Valsad. Compare halls, farmhouses & party plots near Vapi Road. Get instant leads & free quotes on VenueConnect.","Best Reception Venues in Vapi Road, Valsad",reception venues in Vapi Road Valsad,"reception venue Vapi Road, reception hall near Vapi Road Valsad, reception venue near Vapi Road",Transactional (Hyper-local),High
Event + City Area,"Wedding Venues in Pardi, Valsad | VenueConnect",/valsad/pardi/wedding-venues/,"Best Wedding Venues in Pardi, Valsad | Book Near You - VenueConnect","Find the perfect wedding venue in Pardi, Valsad. Compare halls, farmhouses & party plots near Pardi. Get instant leads & free quotes on VenueConnect.","Best Wedding Venues in Pardi, Valsad",wedding venues in Pardi Valsad,"wedding venue Pardi, wedding hall near Pardi Valsad, wedding venue near Pardi",Transactional (Hyper-local),High
Event + City Area,"Birthday Party Venues in Pardi, Valsad | VenueConnect",/valsad/pardi/birthday-party-venues/,"Best Birthday Party Venues in Pardi, Valsad | Book Near You - VenueConnect","Find the perfect birthday party venue in Pardi, Valsad. Compare halls, farmhouses & party plots near Pardi. Get instant leads & free quotes on VenueConnect.","Best Birthday Party Venues in Pardi, Valsad",birthday party venues in Pardi Valsad,"birthday party venue Pardi, birthday party hall near Pardi Valsad, birthday party venue near Pardi",Transactional (Hyper-local),High
Event + City Area,"Engagement Venues in Pardi, Valsad | VenueConnect",/valsad/pardi/engagement-venues/,"Best Engagement Venues in Pardi, Valsad | Book Near You - VenueConnect","Find the perfect engagement venue in Pardi, Valsad. Compare halls, farmhouses & party plots near Pardi. Get instant leads & free quotes on VenueConnect.","Best Engagement Venues in Pardi, Valsad",engagement venues in Pardi Valsad,"engagement venue Pardi, engagement hall near Pardi Valsad, engagement venue near Pardi",Transactional (Hyper-local),High
Event + City Area,"Corporate Event Venues in Pardi, Valsad | VenueConnect",/valsad/pardi/corporate-event-venues/,"Best Corporate Event Venues in Pardi, Valsad | Book Near You - VenueConnect","Find the perfect corporate event venue in Pardi, Valsad. Compare halls, farmhouses & party plots near Pardi. Get instant leads & free quotes on VenueConnect.","Best Corporate Event Venues in Pardi, Valsad",corporate event venues in Pardi Valsad,"corporate event venue Pardi, corporate event hall near Pardi Valsad, corporate event venue near Pardi",Transactional (Hyper-local),High
Event + City Area,"Reception Venues in Pardi, Valsad | VenueConnect",/valsad/pardi/reception-venues/,"Best Reception Venues in Pardi, Valsad | Book Near You - VenueConnect","Find the perfect reception venue in Pardi, Valsad. Compare halls, farmhouses & party plots near Pardi. Get instant leads & free quotes on VenueConnect.","Best Reception Venues in Pardi, Valsad",reception venues in Pardi Valsad,"reception venue Pardi, reception hall near Pardi Valsad, reception venue near Pardi",Transactional (Hyper-local),High
Event + City Area,"Wedding Venues in Abrama, Valsad | VenueConnect",/valsad/abrama/wedding-venues/,"Best Wedding Venues in Abrama, Valsad | Book Near You - VenueConnect","Find the perfect wedding venue in Abrama, Valsad. Compare halls, farmhouses & party plots near Abrama. Get instant leads & free quotes on VenueConnect.","Best Wedding Venues in Abrama, Valsad",wedding venues in Abrama Valsad,"wedding venue Abrama, wedding hall near Abrama Valsad, wedding venue near Abrama",Transactional (Hyper-local),High
Event + City Area,"Birthday Party Venues in Abrama, Valsad | VenueConnect",/valsad/abrama/birthday-party-venues/,"Best Birthday Party Venues in Abrama, Valsad | Book Near You - VenueConnect","Find the perfect birthday party venue in Abrama, Valsad. Compare halls, farmhouses & party plots near Abrama. Get instant leads & free quotes on VenueConnect.","Best Birthday Party Venues in Abrama, Valsad",birthday party venues in Abrama Valsad,"birthday party venue Abrama, birthday party hall near Abrama Valsad, birthday party venue near Abrama",Transactional (Hyper-local),High
Event + City Area,"Engagement Venues in Abrama, Valsad | VenueConnect",/valsad/abrama/engagement-venues/,"Best Engagement Venues in Abrama, Valsad | Book Near You - VenueConnect","Find the perfect engagement venue in Abrama, Valsad. Compare halls, farmhouses & party plots near Abrama. Get instant leads & free quotes on VenueConnect.","Best Engagement Venues in Abrama, Valsad",engagement venues in Abrama Valsad,"engagement venue Abrama, engagement hall near Abrama Valsad, engagement venue near Abrama",Transactional (Hyper-local),High
Event + City Area,"Corporate Event Venues in Abrama, Valsad | VenueConnect",/valsad/abrama/corporate-event-venues/,"Best Corporate Event Venues in Abrama, Valsad | Book Near You - VenueConnect","Find the perfect corporate event venue in Abrama, Valsad. Compare halls, farmhouses & party plots near Abrama. Get instant leads & free quotes on VenueConnect.","Best Corporate Event Venues in Abrama, Valsad",corporate event venues in Abrama Valsad,"corporate event venue Abrama, corporate event hall near Abrama Valsad, corporate event venue near Abrama",Transactional (Hyper-local),High
Event + City Area,"Reception Venues in Abrama, Valsad | VenueConnect",/valsad/abrama/reception-venues/,"Best Reception Venues in Abrama, Valsad | Book Near You - VenueConnect","Find the perfect reception venue in Abrama, Valsad. Compare halls, farmhouses & party plots near Abrama. Get instant leads & free quotes on VenueConnect.","Best Reception Venues in Abrama, Valsad",reception venues in Abrama Valsad,"reception venue Abrama, reception hall near Abrama Valsad, reception venue near Abrama",Transactional (Hyper-local),High
Event + City Area,"Wedding Venues in Amalsad, Valsad | VenueConnect",/valsad/amalsad/wedding-venues/,"Best Wedding Venues in Amalsad, Valsad | Book Near You - VenueConnect","Find the perfect wedding venue in Amalsad, Valsad. Compare halls, farmhouses & party plots near Amalsad. Get instant leads & free quotes on VenueConnect.","Best Wedding Venues in Amalsad, Valsad",wedding venues in Amalsad Valsad,"wedding venue Amalsad, wedding hall near Amalsad Valsad, wedding venue near Amalsad",Transactional (Hyper-local),High
Event + City Area,"Birthday Party Venues in Amalsad, Valsad | VenueConnect",/valsad/amalsad/birthday-party-venues/,"Best Birthday Party Venues in Amalsad, Valsad | Book Near You - VenueConnect","Find the perfect birthday party venue in Amalsad, Valsad. Compare halls, farmhouses & party plots near Amalsad. Get instant leads & free quotes on VenueConnect.","Best Birthday Party Venues in Amalsad, Valsad",birthday party venues in Amalsad Valsad,"birthday party venue Amalsad, birthday party hall near Amalsad Valsad, birthday party venue near Amalsad",Transactional (Hyper-local),High
Event + City Area,"Engagement Venues in Amalsad, Valsad | VenueConnect",/valsad/amalsad/engagement-venues/,"Best Engagement Venues in Amalsad, Valsad | Book Near You - VenueConnect","Find the perfect engagement venue in Amalsad, Valsad. Compare halls, farmhouses & party plots near Amalsad. Get instant leads & free quotes on VenueConnect.","Best Engagement Venues in Amalsad, Valsad",engagement venues in Amalsad Valsad,"engagement venue Amalsad, engagement hall near Amalsad Valsad, engagement venue near Amalsad",Transactional (Hyper-local),High
Event + City Area,"Corporate Event Venues in Amalsad, Valsad | VenueConnect",/valsad/amalsad/corporate-event-venues/,"Best Corporate Event Venues in Amalsad, Valsad | Book Near You - VenueConnect","Find the perfect corporate event venue in Amalsad, Valsad. Compare halls, farmhouses & party plots near Amalsad. Get instant leads & free quotes on VenueConnect.","Best Corporate Event Venues in Amalsad, Valsad",corporate event venues in Amalsad Valsad,"corporate event venue Amalsad, corporate event hall near Amalsad Valsad, corporate event venue near Amalsad",Transactional (Hyper-local),High
Event + City Area,"Reception Venues in Amalsad, Valsad | VenueConnect",/valsad/amalsad/reception-venues/,"Best Reception Venues in Amalsad, Valsad | Book Near You - VenueConnect","Find the perfect reception venue in Amalsad, Valsad. Compare halls, farmhouses & party plots near Amalsad. Get instant leads & free quotes on VenueConnect.","Best Reception Venues in Amalsad, Valsad",reception venues in Amalsad Valsad,"reception venue Amalsad, reception hall near Amalsad Valsad, reception venue near Amalsad",Transactional (Hyper-local),High
Event + City Area,"Wedding Venues in Bilimora, Valsad | VenueConnect",/valsad/bilimora/wedding-venues/,"Best Wedding Venues in Bilimora, Valsad | Book Near You - VenueConnect","Find the perfect wedding venue in Bilimora, Valsad. Compare halls, farmhouses & party plots near Bilimora. Get instant leads & free quotes on VenueConnect.","Best Wedding Venues in Bilimora, Valsad",wedding venues in Bilimora Valsad,"wedding venue Bilimora, wedding hall near Bilimora Valsad, wedding venue near Bilimora",Transactional (Hyper-local),High
Event + City Area,"Birthday Party Venues in Bilimora, Valsad | VenueConnect",/valsad/bilimora/birthday-party-venues/,"Best Birthday Party Venues in Bilimora, Valsad | Book Near You - VenueConnect","Find the perfect birthday party venue in Bilimora, Valsad. Compare halls, farmhouses & party plots near Bilimora. Get instant leads & free quotes on VenueConnect.","Best Birthday Party Venues in Bilimora, Valsad",birthday party venues in Bilimora Valsad,"birthday party venue Bilimora, birthday party hall near Bilimora Valsad, birthday party venue near Bilimora",Transactional (Hyper-local),High
Event + City Area,"Engagement Venues in Bilimora, Valsad | VenueConnect",/valsad/bilimora/engagement-venues/,"Best Engagement Venues in Bilimora, Valsad | Book Near You - VenueConnect","Find the perfect engagement venue in Bilimora, Valsad. Compare halls, farmhouses & party plots near Bilimora. Get instant leads & free quotes on VenueConnect.","Best Engagement Venues in Bilimora, Valsad",engagement venues in Bilimora Valsad,"engagement venue Bilimora, engagement hall near Bilimora Valsad, engagement venue near Bilimora",Transactional (Hyper-local),High
Event + City Area,"Corporate Event Venues in Bilimora, Valsad | VenueConnect",/valsad/bilimora/corporate-event-venues/,"Best Corporate Event Venues in Bilimora, Valsad | Book Near You - VenueConnect","Find the perfect corporate event venue in Bilimora, Valsad. Compare halls, farmhouses & party plots near Bilimora. Get instant leads & free quotes on VenueConnect.","Best Corporate Event Venues in Bilimora, Valsad",corporate event venues in Bilimora Valsad,"corporate event venue Bilimora, corporate event hall near Bilimora Valsad, corporate event venue near Bilimora",Transactional (Hyper-local),High
Event + City Area,"Reception Venues in Bilimora, Valsad | VenueConnect",/valsad/bilimora/reception-venues/,"Best Reception Venues in Bilimora, Valsad | Book Near You - VenueConnect","Find the perfect reception venue in Bilimora, Valsad. Compare halls, farmhouses & party plots near Bilimora. Get instant leads & free quotes on VenueConnect.","Best Reception Venues in Bilimora, Valsad",reception venues in Bilimora Valsad,"reception venue Bilimora, reception hall near Bilimora Valsad, reception venue near Bilimora",Transactional (Hyper-local),High
Event + City Area,"Wedding Venues in Bilvani, Valsad | VenueConnect",/valsad/bilvani/wedding-venues/,"Best Wedding Venues in Bilvani, Valsad | Book Near You - VenueConnect","Find the perfect wedding venue in Bilvani, Valsad. Compare halls, farmhouses & party plots near Bilvani. Get instant leads & free quotes on VenueConnect.","Best Wedding Venues in Bilvani, Valsad",wedding venues in Bilvani Valsad,"wedding venue Bilvani, wedding hall near Bilvani Valsad, wedding venue near Bilvani",Transactional (Hyper-local),High
Event + City Area,"Birthday Party Venues in Bilvani, Valsad | VenueConnect",/valsad/bilvani/birthday-party-venues/,"Best Birthday Party Venues in Bilvani, Valsad | Book Near You - VenueConnect","Find the perfect birthday party venue in Bilvani, Valsad. Compare halls, farmhouses & party plots near Bilvani. Get instant leads & free quotes on VenueConnect.","Best Birthday Party Venues in Bilvani, Valsad",birthday party venues in Bilvani Valsad,"birthday party venue Bilvani, birthday party hall near Bilvani Valsad, birthday party venue near Bilvani",Transactional (Hyper-local),High
Event + City Area,"Engagement Venues in Bilvani, Valsad | VenueConnect",/valsad/bilvani/engagement-venues/,"Best Engagement Venues in Bilvani, Valsad | Book Near You - VenueConnect","Find the perfect engagement venue in Bilvani, Valsad. Compare halls, farmhouses & party plots near Bilvani. Get instant leads & free quotes on VenueConnect.","Best Engagement Venues in Bilvani, Valsad",engagement venues in Bilvani Valsad,"engagement venue Bilvani, engagement hall near Bilvani Valsad, engagement venue near Bilvani",Transactional (Hyper-local),High
Event + City Area,"Corporate Event Venues in Bilvani, Valsad | VenueConnect",/valsad/bilvani/corporate-event-venues/,"Best Corporate Event Venues in Bilvani, Valsad | Book Near You - VenueConnect","Find the perfect corporate event venue in Bilvani, Valsad. Compare halls, farmhouses & party plots near Bilvani. Get instant leads & free quotes on VenueConnect.","Best Corporate Event Venues in Bilvani, Valsad",corporate event venues in Bilvani Valsad,"corporate event venue Bilvani, corporate event hall near Bilvani Valsad, corporate event venue near Bilvani",Transactional (Hyper-local),High
Event + City Area,"Reception Venues in Bilvani, Valsad | VenueConnect",/valsad/bilvani/reception-venues/,"Best Reception Venues in Bilvani, Valsad | Book Near You - VenueConnect","Find the perfect reception venue in Bilvani, Valsad. Compare halls, farmhouses & party plots near Bilvani. Get instant leads & free quotes on VenueConnect.","Best Reception Venues in Bilvani, Valsad",reception venues in Bilvani Valsad,"reception venue Bilvani, reception hall near Bilvani Valsad, reception venue near Bilvani",Transactional (Hyper-local),High
Event + City Area,"Wedding Venues in Chala, Valsad | VenueConnect",/valsad/chala/wedding-venues/,"Best Wedding Venues in Chala, Valsad | Book Near You - VenueConnect","Find the perfect wedding venue in Chala, Valsad. Compare halls, farmhouses & party plots near Chala. Get instant leads & free quotes on VenueConnect.","Best Wedding Venues in Chala, Valsad",wedding venues in Chala Valsad,"wedding venue Chala, wedding hall near Chala Valsad, wedding venue near Chala",Transactional (Hyper-local),High
Event + City Area,"Birthday Party Venues in Chala, Valsad | VenueConnect",/valsad/chala/birthday-party-venues/,"Best Birthday Party Venues in Chala, Valsad | Book Near You - VenueConnect","Find the perfect birthday party venue in Chala, Valsad. Compare halls, farmhouses & party plots near Chala. Get instant leads & free quotes on VenueConnect.","Best Birthday Party Venues in Chala, Valsad",birthday party venues in Chala Valsad,"birthday party venue Chala, birthday party hall near Chala Valsad, birthday party venue near Chala",Transactional (Hyper-local),High
Event + City Area,"Engagement Venues in Chala, Valsad | VenueConnect",/valsad/chala/engagement-venues/,"Best Engagement Venues in Chala, Valsad | Book Near You - VenueConnect","Find the perfect engagement venue in Chala, Valsad. Compare halls, farmhouses & party plots near Chala. Get instant leads & free quotes on VenueConnect.","Best Engagement Venues in Chala, Valsad",engagement venues in Chala Valsad,"engagement venue Chala, engagement hall near Chala Valsad, engagement venue near Chala",Transactional (Hyper-local),High
Event + City Area,"Corporate Event Venues in Chala, Valsad | VenueConnect",/valsad/chala/corporate-event-venues/,"Best Corporate Event Venues in Chala, Valsad | Book Near You - VenueConnect","Find the perfect corporate event venue in Chala, Valsad. Compare halls, farmhouses & party plots near Chala. Get instant leads & free quotes on VenueConnect.","Best Corporate Event Venues in Chala, Valsad",corporate event venues in Chala Valsad,"corporate event venue Chala, corporate event hall near Chala Valsad, corporate event venue near Chala",Transactional (Hyper-local),High
Event + City Area,"Reception Venues in Chala, Valsad | VenueConnect",/valsad/chala/reception-venues/,"Best Reception Venues in Chala, Valsad | Book Near You - VenueConnect","Find the perfect reception venue in Chala, Valsad. Compare halls, farmhouses & party plots near Chala. Get instant leads & free quotes on VenueConnect.","Best Reception Venues in Chala, Valsad",reception venues in Chala Valsad,"reception venue Chala, reception hall near Chala Valsad, reception venue near Chala",Transactional (Hyper-local),High
Event + City Area,"Wedding Venues in Chikhli, Valsad | VenueConnect",/valsad/chikhli/wedding-venues/,"Best Wedding Venues in Chikhli, Valsad | Book Near You - VenueConnect","Find the perfect wedding venue in Chikhli, Valsad. Compare halls, farmhouses & party plots near Chikhli. Get instant leads & free quotes on VenueConnect.","Best Wedding Venues in Chikhli, Valsad",wedding venues in Chikhli Valsad,"wedding venue Chikhli, wedding hall near Chikhli Valsad, wedding venue near Chikhli",Transactional (Hyper-local),High
Event + City Area,"Birthday Party Venues in Chikhli, Valsad | VenueConnect",/valsad/chikhli/birthday-party-venues/,"Best Birthday Party Venues in Chikhli, Valsad | Book Near You - VenueConnect","Find the perfect birthday party venue in Chikhli, Valsad. Compare halls, farmhouses & party plots near Chikhli. Get instant leads & free quotes on VenueConnect.","Best Birthday Party Venues in Chikhli, Valsad",birthday party venues in Chikhli Valsad,"birthday party venue Chikhli, birthday party hall near Chikhli Valsad, birthday party venue near Chikhli",Transactional (Hyper-local),High
Event + City Area,"Engagement Venues in Chikhli, Valsad | VenueConnect",/valsad/chikhli/engagement-venues/,"Best Engagement Venues in Chikhli, Valsad | Book Near You - VenueConnect","Find the perfect engagement venue in Chikhli, Valsad. Compare halls, farmhouses & party plots near Chikhli. Get instant leads & free quotes on VenueConnect.","Best Engagement Venues in Chikhli, Valsad",engagement venues in Chikhli Valsad,"engagement venue Chikhli, engagement hall near Chikhli Valsad, engagement venue near Chikhli",Transactional (Hyper-local),High
Event + City Area,"Corporate Event Venues in Chikhli, Valsad | VenueConnect",/valsad/chikhli/corporate-event-venues/,"Best Corporate Event Venues in Chikhli, Valsad | Book Near You - VenueConnect","Find the perfect corporate event venue in Chikhli, Valsad. Compare halls, farmhouses & party plots near Chikhli. Get instant leads & free quotes on VenueConnect.","Best Corporate Event Venues in Chikhli, Valsad",corporate event venues in Chikhli Valsad,"corporate event venue Chikhli, corporate event hall near Chikhli Valsad, corporate event venue near Chikhli",Transactional (Hyper-local),High
Event + City Area,"Reception Venues in Chikhli, Valsad | VenueConnect",/valsad/chikhli/reception-venues/,"Best Reception Venues in Chikhli, Valsad | Book Near You - VenueConnect","Find the perfect reception venue in Chikhli, Valsad. Compare halls, farmhouses & party plots near Chikhli. Get instant leads & free quotes on VenueConnect.","Best Reception Venues in Chikhli, Valsad",reception venues in Chikhli Valsad,"reception venue Chikhli, reception hall near Chikhli Valsad, reception venue near Chikhli",Transactional (Hyper-local),High
Event + City Area,"Wedding Venues in Daman Road, Valsad | VenueConnect",/valsad/daman-road/wedding-venues/,"Best Wedding Venues in Daman Road, Valsad | Book Near You - VenueConnect","Find the perfect wedding venue in Daman Road, Valsad. Compare halls, farmhouses & party plots near Daman Road. Get instant leads & free quotes on VenueConnect.","Best Wedding Venues in Daman Road, Valsad",wedding venues in Daman Road Valsad,"wedding venue Daman Road, wedding hall near Daman Road Valsad, wedding venue near Daman Road",Transactional (Hyper-local),High
Event + City Area,"Birthday Party Venues in Daman Road, Valsad | VenueConnect",/valsad/daman-road/birthday-party-venues/,"Best Birthday Party Venues in Daman Road, Valsad | Book Near You - VenueConnect","Find the perfect birthday party venue in Daman Road, Valsad. Compare halls, farmhouses & party plots near Daman Road. Get instant leads & free quotes on VenueConnect.","Best Birthday Party Venues in Daman Road, Valsad",birthday party venues in Daman Road Valsad,"birthday party venue Daman Road, birthday party hall near Daman Road Valsad, birthday party venue near Daman Road",Transactional (Hyper-local),High
Event + City Area,"Engagement Venues in Daman Road, Valsad | VenueConnect",/valsad/daman-road/engagement-venues/,"Best Engagement Venues in Daman Road, Valsad | Book Near You - VenueConnect","Find the perfect engagement venue in Daman Road, Valsad. Compare halls, farmhouses & party plots near Daman Road. Get instant leads & free quotes on VenueConnect.","Best Engagement Venues in Daman Road, Valsad",engagement venues in Daman Road Valsad,"engagement venue Daman Road, engagement hall near Daman Road Valsad, engagement venue near Daman Road",Transactional (Hyper-local),High
Event + City Area,"Corporate Event Venues in Daman Road, Valsad | VenueConnect",/valsad/daman-road/corporate-event-venues/,"Best Corporate Event Venues in Daman Road, Valsad | Book Near You - VenueConnect","Find the perfect corporate event venue in Daman Road, Valsad. Compare halls, farmhouses & party plots near Daman Road. Get instant leads & free quotes on VenueConnect.","Best Corporate Event Venues in Daman Road, Valsad",corporate event venues in Daman Road Valsad,"corporate event venue Daman Road, corporate event hall near Daman Road Valsad, corporate event venue near Daman Road",Transactional (Hyper-local),High
Event + City Area,"Reception Venues in Daman Road, Valsad | VenueConnect",/valsad/daman-road/reception-venues/,"Best Reception Venues in Daman Road, Valsad | Book Near You - VenueConnect","Find the perfect reception venue in Daman Road, Valsad. Compare halls, farmhouses & party plots near Daman Road. Get instant leads & free quotes on VenueConnect.","Best Reception Venues in Daman Road, Valsad",reception venues in Daman Road Valsad,"reception venue Daman Road, reception hall near Daman Road Valsad, reception venue near Daman Road",Transactional (Hyper-local),High
Event + City Area,"Wedding Venues in Dungri, Valsad | VenueConnect",/valsad/dungri/wedding-venues/,"Best Wedding Venues in Dungri, Valsad | Book Near You - VenueConnect","Find the perfect wedding venue in Dungri, Valsad. Compare halls, farmhouses & party plots near Dungri. Get instant leads & free quotes on VenueConnect.","Best Wedding Venues in Dungri, Valsad",wedding venues in Dungri Valsad,"wedding venue Dungri, wedding hall near Dungri Valsad, wedding venue near Dungri",Transactional (Hyper-local),High
Event + City Area,"Birthday Party Venues in Dungri, Valsad | VenueConnect",/valsad/dungri/birthday-party-venues/,"Best Birthday Party Venues in Dungri, Valsad | Book Near You - VenueConnect","Find the perfect birthday party venue in Dungri, Valsad. Compare halls, farmhouses & party plots near Dungri. Get instant leads & free quotes on VenueConnect.","Best Birthday Party Venues in Dungri, Valsad",birthday party venues in Dungri Valsad,"birthday party venue Dungri, birthday party hall near Dungri Valsad, birthday party venue near Dungri",Transactional (Hyper-local),High
Event + City Area,"Engagement Venues in Dungri, Valsad | VenueConnect",/valsad/dungri/engagement-venues/,"Best Engagement Venues in Dungri, Valsad | Book Near You - VenueConnect","Find the perfect engagement venue in Dungri, Valsad. Compare halls, farmhouses & party plots near Dungri. Get instant leads & free quotes on VenueConnect.","Best Engagement Venues in Dungri, Valsad",engagement venues in Dungri Valsad,"engagement venue Dungri, engagement hall near Dungri Valsad, engagement venue near Dungri",Transactional (Hyper-local),High
Event + City Area,"Corporate Event Venues in Dungri, Valsad | VenueConnect",/valsad/dungri/corporate-event-venues/,"Best Corporate Event Venues in Dungri, Valsad | Book Near You - VenueConnect","Find the perfect corporate event venue in Dungri, Valsad. Compare halls, farmhouses & party plots near Dungri. Get instant leads & free quotes on VenueConnect.","Best Corporate Event Venues in Dungri, Valsad",corporate event venues in Dungri Valsad,"corporate event venue Dungri, corporate event hall near Dungri Valsad, corporate event venue near Dungri",Transactional (Hyper-local),High
Event + City Area,"Reception Venues in Dungri, Valsad | VenueConnect",/valsad/dungri/reception-venues/,"Best Reception Venues in Dungri, Valsad | Book Near You - VenueConnect","Find the perfect reception venue in Dungri, Valsad. Compare halls, farmhouses & party plots near Dungri. Get instant leads & free quotes on VenueConnect.","Best Reception Venues in Dungri, Valsad",reception venues in Dungri Valsad,"reception venue Dungri, reception hall near Dungri Valsad, reception venue near Dungri",Transactional (Hyper-local),High
Event + City Area,"Wedding Venues in Gandevi, Valsad | VenueConnect",/valsad/gandevi/wedding-venues/,"Best Wedding Venues in Gandevi, Valsad | Book Near You - VenueConnect","Find the perfect wedding venue in Gandevi, Valsad. Compare halls, farmhouses & party plots near Gandevi. Get instant leads & free quotes on VenueConnect.","Best Wedding Venues in Gandevi, Valsad",wedding venues in Gandevi Valsad,"wedding venue Gandevi, wedding hall near Gandevi Valsad, wedding venue near Gandevi",Transactional (Hyper-local),High
Event + City Area,"Birthday Party Venues in Gandevi, Valsad | VenueConnect",/valsad/gandevi/birthday-party-venues/,"Best Birthday Party Venues in Gandevi, Valsad | Book Near You - VenueConnect","Find the perfect birthday party venue in Gandevi, Valsad. Compare halls, farmhouses & party plots near Gandevi. Get instant leads & free quotes on VenueConnect.","Best Birthday Party Venues in Gandevi, Valsad",birthday party venues in Gandevi Valsad,"birthday party venue Gandevi, birthday party hall near Gandevi Valsad, birthday party venue near Gandevi",Transactional (Hyper-local),High
Event + City Area,"Engagement Venues in Gandevi, Valsad | VenueConnect",/valsad/gandevi/engagement-venues/,"Best Engagement Venues in Gandevi, Valsad | Book Near You - VenueConnect","Find the perfect engagement venue in Gandevi, Valsad. Compare halls, farmhouses & party plots near Gandevi. Get instant leads & free quotes on VenueConnect.","Best Engagement Venues in Gandevi, Valsad",engagement venues in Gandevi Valsad,"engagement venue Gandevi, engagement hall near Gandevi Valsad, engagement venue near Gandevi",Transactional (Hyper-local),High
Event + City Area,"Corporate Event Venues in Gandevi, Valsad | VenueConnect",/valsad/gandevi/corporate-event-venues/,"Best Corporate Event Venues in Gandevi, Valsad | Book Near You - VenueConnect","Find the perfect corporate event venue in Gandevi, Valsad. Compare halls, farmhouses & party plots near Gandevi. Get instant leads & free quotes on VenueConnect.","Best Corporate Event Venues in Gandevi, Valsad",corporate event venues in Gandevi Valsad,"corporate event venue Gandevi, corporate event hall near Gandevi Valsad, corporate event venue near Gandevi",Transactional (Hyper-local),High
Event + City Area,"Reception Venues in Gandevi, Valsad | VenueConnect",/valsad/gandevi/reception-venues/,"Best Reception Venues in Gandevi, Valsad | Book Near You - VenueConnect","Find the perfect reception venue in Gandevi, Valsad. Compare halls, farmhouses & party plots near Gandevi. Get instant leads & free quotes on VenueConnect.","Best Reception Venues in Gandevi, Valsad",reception venues in Gandevi Valsad,"reception venue Gandevi, reception hall near Gandevi Valsad, reception venue near Gandevi",Transactional (Hyper-local),High
Event + City Area,"Wedding Venues in Hathila, Valsad | VenueConnect",/valsad/hathila/wedding-venues/,"Best Wedding Venues in Hathila, Valsad | Book Near You - VenueConnect","Find the perfect wedding venue in Hathila, Valsad. Compare halls, farmhouses & party plots near Hathila. Get instant leads & free quotes on VenueConnect.","Best Wedding Venues in Hathila, Valsad",wedding venues in Hathila Valsad,"wedding venue Hathila, wedding hall near Hathila Valsad, wedding venue near Hathila",Transactional (Hyper-local),High
Event + City Area,"Birthday Party Venues in Hathila, Valsad | VenueConnect",/valsad/hathila/birthday-party-venues/,"Best Birthday Party Venues in Hathila, Valsad | Book Near You - VenueConnect","Find the perfect birthday party venue in Hathila, Valsad. Compare halls, farmhouses & party plots near Hathila. Get instant leads & free quotes on VenueConnect.","Best Birthday Party Venues in Hathila, Valsad",birthday party venues in Hathila Valsad,"birthday party venue Hathila, birthday party hall near Hathila Valsad, birthday party venue near Hathila",Transactional (Hyper-local),High
Event + City Area,"Engagement Venues in Hathila, Valsad | VenueConnect",/valsad/hathila/engagement-venues/,"Best Engagement Venues in Hathila, Valsad | Book Near You - VenueConnect","Find the perfect engagement venue in Hathila, Valsad. Compare halls, farmhouses & party plots near Hathila. Get instant leads & free quotes on VenueConnect.","Best Engagement Venues in Hathila, Valsad",engagement venues in Hathila Valsad,"engagement venue Hathila, engagement hall near Hathila Valsad, engagement venue near Hathila",Transactional (Hyper-local),High
Event + City Area,"Corporate Event Venues in Hathila, Valsad | VenueConnect",/valsad/hathila/corporate-event-venues/,"Best Corporate Event Venues in Hathila, Valsad | Book Near You - VenueConnect","Find the perfect corporate event venue in Hathila, Valsad. Compare halls, farmhouses & party plots near Hathila. Get instant leads & free quotes on VenueConnect.","Best Corporate Event Venues in Hathila, Valsad",corporate event venues in Hathila Valsad,"corporate event venue Hathila, corporate event hall near Hathila Valsad, corporate event venue near Hathila",Transactional (Hyper-local),High
Event + City Area,"Reception Venues in Hathila, Valsad | VenueConnect",/valsad/hathila/reception-venues/,"Best Reception Venues in Hathila, Valsad | Book Near You - VenueConnect","Find the perfect reception venue in Hathila, Valsad. Compare halls, farmhouses & party plots near Hathila. Get instant leads & free quotes on VenueConnect.","Best Reception Venues in Hathila, Valsad",reception venues in Hathila Valsad,"reception venue Hathila, reception hall near Hathila Valsad, reception venue near Hathila",Transactional (Hyper-local),High
Event + City Area,"Wedding Venues in Kabilpore, Valsad | VenueConnect",/valsad/kabilpore/wedding-venues/,"Best Wedding Venues in Kabilpore, Valsad | Book Near You - VenueConnect","Find the perfect wedding venue in Kabilpore, Valsad. Compare halls, farmhouses & party plots near Kabilpore. Get instant leads & free quotes on VenueConnect.","Best Wedding Venues in Kabilpore, Valsad",wedding venues in Kabilpore Valsad,"wedding venue Kabilpore, wedding hall near Kabilpore Valsad, wedding venue near Kabilpore",Transactional (Hyper-local),High
Event + City Area,"Birthday Party Venues in Kabilpore, Valsad | VenueConnect",/valsad/kabilpore/birthday-party-venues/,"Best Birthday Party Venues in Kabilpore, Valsad | Book Near You - VenueConnect","Find the perfect birthday party venue in Kabilpore, Valsad. Compare halls, farmhouses & party plots near Kabilpore. Get instant leads & free quotes on VenueConnect.","Best Birthday Party Venues in Kabilpore, Valsad",birthday party venues in Kabilpore Valsad,"birthday party venue Kabilpore, birthday party hall near Kabilpore Valsad, birthday party venue near Kabilpore",Transactional (Hyper-local),High
Event + City Area,"Engagement Venues in Kabilpore, Valsad | VenueConnect",/valsad/kabilpore/engagement-venues/,"Best Engagement Venues in Kabilpore, Valsad | Book Near You - VenueConnect","Find the perfect engagement venue in Kabilpore, Valsad. Compare halls, farmhouses & party plots near Kabilpore. Get instant leads & free quotes on VenueConnect.","Best Engagement Venues in Kabilpore, Valsad",engagement venues in Kabilpore Valsad,"engagement venue Kabilpore, engagement hall near Kabilpore Valsad, engagement venue near Kabilpore",Transactional (Hyper-local),High
Event + City Area,"Corporate Event Venues in Kabilpore, Valsad | VenueConnect",/valsad/kabilpore/corporate-event-venues/,"Best Corporate Event Venues in Kabilpore, Valsad | Book Near You - VenueConnect","Find the perfect corporate event venue in Kabilpore, Valsad. Compare halls, farmhouses & party plots near Kabilpore. Get instant leads & free quotes on VenueConnect.","Best Corporate Event Venues in Kabilpore, Valsad",corporate event venues in Kabilpore Valsad,"corporate event venue Kabilpore, corporate event hall near Kabilpore Valsad, corporate event venue near Kabilpore",Transactional (Hyper-local),High
Event + City Area,"Reception Venues in Kabilpore, Valsad | VenueConnect",/valsad/kabilpore/reception-venues/,"Best Reception Venues in Kabilpore, Valsad | Book Near You - VenueConnect","Find the perfect reception venue in Kabilpore, Valsad. Compare halls, farmhouses & party plots near Kabilpore. Get instant leads & free quotes on VenueConnect.","Best Reception Venues in Kabilpore, Valsad",reception venues in Kabilpore Valsad,"reception venue Kabilpore, reception hall near Kabilpore Valsad, reception venue near Kabilpore",Transactional (Hyper-local),High
Event + City Area,"Wedding Venues in Khanvel Road, Valsad | VenueConnect",/valsad/khanvel-road/wedding-venues/,"Best Wedding Venues in Khanvel Road, Valsad | Book Near You - VenueConnect","Find the perfect wedding venue in Khanvel Road, Valsad. Compare halls, farmhouses & party plots near Khanvel Road. Get instant leads & free quotes on VenueConnect.","Best Wedding Venues in Khanvel Road, Valsad",wedding venues in Khanvel Road Valsad,"wedding venue Khanvel Road, wedding hall near Khanvel Road Valsad, wedding venue near Khanvel Road",Transactional (Hyper-local),High
Event + City Area,"Birthday Party Venues in Khanvel Road, Valsad | VenueConnect",/valsad/khanvel-road/birthday-party-venues/,"Best Birthday Party Venues in Khanvel Road, Valsad | Book Near You - VenueConnect","Find the perfect birthday party venue in Khanvel Road, Valsad. Compare halls, farmhouses & party plots near Khanvel Road. Get instant leads & free quotes on VenueConnect.","Best Birthday Party Venues in Khanvel Road, Valsad",birthday party venues in Khanvel Road Valsad,"birthday party venue Khanvel Road, birthday party hall near Khanvel Road Valsad, birthday party venue near Khanvel Road",Transactional (Hyper-local),High
Event + City Area,"Engagement Venues in Khanvel Road, Valsad | VenueConnect",/valsad/khanvel-road/engagement-venues/,"Best Engagement Venues in Khanvel Road, Valsad | Book Near You - VenueConnect","Find the perfect engagement venue in Khanvel Road, Valsad. Compare halls, farmhouses & party plots near Khanvel Road. Get instant leads & free quotes on VenueConnect.","Best Engagement Venues in Khanvel Road, Valsad",engagement venues in Khanvel Road Valsad,"engagement venue Khanvel Road, engagement hall near Khanvel Road Valsad, engagement venue near Khanvel Road",Transactional (Hyper-local),High
Event + City Area,"Corporate Event Venues in Khanvel Road, Valsad | VenueConnect",/valsad/khanvel-road/corporate-event-venues/,"Best Corporate Event Venues in Khanvel Road, Valsad | Book Near You - VenueConnect","Find the perfect corporate event venue in Khanvel Road, Valsad. Compare halls, farmhouses & party plots near Khanvel Road. Get instant leads & free quotes on VenueConnect.","Best Corporate Event Venues in Khanvel Road, Valsad",corporate event venues in Khanvel Road Valsad,"corporate event venue Khanvel Road, corporate event hall near Khanvel Road Valsad, corporate event venue near Khanvel Road",Transactional (Hyper-local),High
Event + City Area,"Reception Venues in Khanvel Road, Valsad | VenueConnect",/valsad/khanvel-road/reception-venues/,"Best Reception Venues in Khanvel Road, Valsad | Book Near You - VenueConnect","Find the perfect reception venue in Khanvel Road, Valsad. Compare halls, farmhouses & party plots near Khanvel Road. Get instant leads & free quotes on VenueConnect.","Best Reception Venues in Khanvel Road, Valsad",reception venues in Khanvel Road Valsad,"reception venue Khanvel Road, reception hall near Khanvel Road Valsad, reception venue near Khanvel Road",Transactional (Hyper-local),High
Event + City Area,"Wedding Venues in Khergam, Valsad | VenueConnect",/valsad/khergam/wedding-venues/,"Best Wedding Venues in Khergam, Valsad | Book Near You - VenueConnect","Find the perfect wedding venue in Khergam, Valsad. Compare halls, farmhouses & party plots near Khergam. Get instant leads & free quotes on VenueConnect.","Best Wedding Venues in Khergam, Valsad",wedding venues in Khergam Valsad,"wedding venue Khergam, wedding hall near Khergam Valsad, wedding venue near Khergam",Transactional (Hyper-local),High
Event + City Area,"Birthday Party Venues in Khergam, Valsad | VenueConnect",/valsad/khergam/birthday-party-venues/,"Best Birthday Party Venues in Khergam, Valsad | Book Near You - VenueConnect","Find the perfect birthday party venue in Khergam, Valsad. Compare halls, farmhouses & party plots near Khergam. Get instant leads & free quotes on VenueConnect.","Best Birthday Party Venues in Khergam, Valsad",birthday party venues in Khergam Valsad,"birthday party venue Khergam, birthday party hall near Khergam Valsad, birthday party venue near Khergam",Transactional (Hyper-local),High
Event + City Area,"Engagement Venues in Khergam, Valsad | VenueConnect",/valsad/khergam/engagement-venues/,"Best Engagement Venues in Khergam, Valsad | Book Near You - VenueConnect","Find the perfect engagement venue in Khergam, Valsad. Compare halls, farmhouses & party plots near Khergam. Get instant leads & free quotes on VenueConnect.","Best Engagement Venues in Khergam, Valsad",engagement venues in Khergam Valsad,"engagement venue Khergam, engagement hall near Khergam Valsad, engagement venue near Khergam",Transactional (Hyper-local),High
Event + City Area,"Corporate Event Venues in Khergam, Valsad | VenueConnect",/valsad/khergam/corporate-event-venues/,"Best Corporate Event Venues in Khergam, Valsad | Book Near You - VenueConnect","Find the perfect corporate event venue in Khergam, Valsad. Compare halls, farmhouses & party plots near Khergam. Get instant leads & free quotes on VenueConnect.","Best Corporate Event Venues in Khergam, Valsad",corporate event venues in Khergam Valsad,"corporate event venue Khergam, corporate event hall near Khergam Valsad, corporate event venue near Khergam",Transactional (Hyper-local),High
Event + City Area,"Reception Venues in Khergam, Valsad | VenueConnect",/valsad/khergam/reception-venues/,"Best Reception Venues in Khergam, Valsad | Book Near You - VenueConnect","Find the perfect reception venue in Khergam, Valsad. Compare halls, farmhouses & party plots near Khergam. Get instant leads & free quotes on VenueConnect.","Best Reception Venues in Khergam, Valsad",reception venues in Khergam Valsad,"reception venue Khergam, reception hall near Khergam Valsad, reception venue near Khergam",Transactional (Hyper-local),High
Event + City Area,"Wedding Venues in Navsari Road, Valsad | VenueConnect",/valsad/navsari-road/wedding-venues/,"Best Wedding Venues in Navsari Road, Valsad | Book Near You - VenueConnect","Find the perfect wedding venue in Navsari Road, Valsad. Compare halls, farmhouses & party plots near Navsari Road. Get instant leads & free quotes on VenueConnect.","Best Wedding Venues in Navsari Road, Valsad",wedding venues in Navsari Road Valsad,"wedding venue Navsari Road, wedding hall near Navsari Road Valsad, wedding venue near Navsari Road",Transactional (Hyper-local),High
Event + City Area,"Birthday Party Venues in Navsari Road, Valsad | VenueConnect",/valsad/navsari-road/birthday-party-venues/,"Best Birthday Party Venues in Navsari Road, Valsad | Book Near You - VenueConnect","Find the perfect birthday party venue in Navsari Road, Valsad. Compare halls, farmhouses & party plots near Navsari Road. Get instant leads & free quotes on VenueConnect.","Best Birthday Party Venues in Navsari Road, Valsad",birthday party venues in Navsari Road Valsad,"birthday party venue Navsari Road, birthday party hall near Navsari Road Valsad, birthday party venue near Navsari Road",Transactional (Hyper-local),High
Event + City Area,"Engagement Venues in Navsari Road, Valsad | VenueConnect",/valsad/navsari-road/engagement-venues/,"Best Engagement Venues in Navsari Road, Valsad | Book Near You - VenueConnect","Find the perfect engagement venue in Navsari Road, Valsad. Compare halls, farmhouses & party plots near Navsari Road. Get instant leads & free quotes on VenueConnect.","Best Engagement Venues in Navsari Road, Valsad",engagement venues in Navsari Road Valsad,"engagement venue Navsari Road, engagement hall near Navsari Road Valsad, engagement venue near Navsari Road",Transactional (Hyper-local),High
Event + City Area,"Corporate Event Venues in Navsari Road, Valsad | VenueConnect",/valsad/navsari-road/corporate-event-venues/,"Best Corporate Event Venues in Navsari Road, Valsad | Book Near You - VenueConnect","Find the perfect corporate event venue in Navsari Road, Valsad. Compare halls, farmhouses & party plots near Navsari Road. Get instant leads & free quotes on VenueConnect.","Best Corporate Event Venues in Navsari Road, Valsad",corporate event venues in Navsari Road Valsad,"corporate event venue Navsari Road, corporate event hall near Navsari Road Valsad, corporate event venue near Navsari Road",Transactional (Hyper-local),High
Event + City Area,"Reception Venues in Navsari Road, Valsad | VenueConnect",/valsad/navsari-road/reception-venues/,"Best Reception Venues in Navsari Road, Valsad | Book Near You - VenueConnect","Find the perfect reception venue in Navsari Road, Valsad. Compare halls, farmhouses & party plots near Navsari Road. Get instant leads & free quotes on VenueConnect.","Best Reception Venues in Navsari Road, Valsad",reception venues in Navsari Road Valsad,"reception venue Navsari Road, reception hall near Navsari Road Valsad, reception venue near Navsari Road",Transactional (Hyper-local),High
Event + City Area,"Wedding Venues in Sanjan, Valsad | VenueConnect",/valsad/sanjan/wedding-venues/,"Best Wedding Venues in Sanjan, Valsad | Book Near You - VenueConnect","Find the perfect wedding venue in Sanjan, Valsad. Compare halls, farmhouses & party plots near Sanjan. Get instant leads & free quotes on VenueConnect.","Best Wedding Venues in Sanjan, Valsad",wedding venues in Sanjan Valsad,"wedding venue Sanjan, wedding hall near Sanjan Valsad, wedding venue near Sanjan",Transactional (Hyper-local),High
Event + City Area,"Birthday Party Venues in Sanjan, Valsad | VenueConnect",/valsad/sanjan/birthday-party-venues/,"Best Birthday Party Venues in Sanjan, Valsad | Book Near You - VenueConnect","Find the perfect birthday party venue in Sanjan, Valsad. Compare halls, farmhouses & party plots near Sanjan. Get instant leads & free quotes on VenueConnect.","Best Birthday Party Venues in Sanjan, Valsad",birthday party venues in Sanjan Valsad,"birthday party venue Sanjan, birthday party hall near Sanjan Valsad, birthday party venue near Sanjan",Transactional (Hyper-local),High
Event + City Area,"Engagement Venues in Sanjan, Valsad | VenueConnect",/valsad/sanjan/engagement-venues/,"Best Engagement Venues in Sanjan, Valsad | Book Near You - VenueConnect","Find the perfect engagement venue in Sanjan, Valsad. Compare halls, farmhouses & party plots near Sanjan. Get instant leads & free quotes on VenueConnect.","Best Engagement Venues in Sanjan, Valsad",engagement venues in Sanjan Valsad,"engagement venue Sanjan, engagement hall near Sanjan Valsad, engagement venue near Sanjan",Transactional (Hyper-local),High
Event + City Area,"Corporate Event Venues in Sanjan, Valsad | VenueConnect",/valsad/sanjan/corporate-event-venues/,"Best Corporate Event Venues in Sanjan, Valsad | Book Near You - VenueConnect","Find the perfect corporate event venue in Sanjan, Valsad. Compare halls, farmhouses & party plots near Sanjan. Get instant leads & free quotes on VenueConnect.","Best Corporate Event Venues in Sanjan, Valsad",corporate event venues in Sanjan Valsad,"corporate event venue Sanjan, corporate event hall near Sanjan Valsad, corporate event venue near Sanjan",Transactional (Hyper-local),High
Event + City Area,"Reception Venues in Sanjan, Valsad | VenueConnect",/valsad/sanjan/reception-venues/,"Best Reception Venues in Sanjan, Valsad | Book Near You - VenueConnect","Find the perfect reception venue in Sanjan, Valsad. Compare halls, farmhouses & party plots near Sanjan. Get instant leads & free quotes on VenueConnect.","Best Reception Venues in Sanjan, Valsad",reception venues in Sanjan Valsad,"reception venue Sanjan, reception hall near Sanjan Valsad, reception venue near Sanjan",Transactional (Hyper-local),High
Event + City Area,"Wedding Venues in Sarigam, Valsad | VenueConnect",/valsad/sarigam/wedding-venues/,"Best Wedding Venues in Sarigam, Valsad | Book Near You - VenueConnect","Find the perfect wedding venue in Sarigam, Valsad. Compare halls, farmhouses & party plots near Sarigam. Get instant leads & free quotes on VenueConnect.","Best Wedding Venues in Sarigam, Valsad",wedding venues in Sarigam Valsad,"wedding venue Sarigam, wedding hall near Sarigam Valsad, wedding venue near Sarigam",Transactional (Hyper-local),High
Event + City Area,"Birthday Party Venues in Sarigam, Valsad | VenueConnect",/valsad/sarigam/birthday-party-venues/,"Best Birthday Party Venues in Sarigam, Valsad | Book Near You - VenueConnect","Find the perfect birthday party venue in Sarigam, Valsad. Compare halls, farmhouses & party plots near Sarigam. Get instant leads & free quotes on VenueConnect.","Best Birthday Party Venues in Sarigam, Valsad",birthday party venues in Sarigam Valsad,"birthday party venue Sarigam, birthday party hall near Sarigam Valsad, birthday party venue near Sarigam",Transactional (Hyper-local),High
Event + City Area,"Engagement Venues in Sarigam, Valsad | VenueConnect",/valsad/sarigam/engagement-venues/,"Best Engagement Venues in Sarigam, Valsad | Book Near You - VenueConnect","Find the perfect engagement venue in Sarigam, Valsad. Compare halls, farmhouses & party plots near Sarigam. Get instant leads & free quotes on VenueConnect.","Best Engagement Venues in Sarigam, Valsad",engagement venues in Sarigam Valsad,"engagement venue Sarigam, engagement hall near Sarigam Valsad, engagement venue near Sarigam",Transactional (Hyper-local),High
Event + City Area,"Corporate Event Venues in Sarigam, Valsad | VenueConnect",/valsad/sarigam/corporate-event-venues/,"Best Corporate Event Venues in Sarigam, Valsad | Book Near You - VenueConnect","Find the perfect corporate event venue in Sarigam, Valsad. Compare halls, farmhouses & party plots near Sarigam. Get instant leads & free quotes on VenueConnect.","Best Corporate Event Venues in Sarigam, Valsad",corporate event venues in Sarigam Valsad,"corporate event venue Sarigam, corporate event hall near Sarigam Valsad, corporate event venue near Sarigam",Transactional (Hyper-local),High
Event + City Area,"Reception Venues in Sarigam, Valsad | VenueConnect",/valsad/sarigam/reception-venues/,"Best Reception Venues in Sarigam, Valsad | Book Near You - VenueConnect","Find the perfect reception venue in Sarigam, Valsad. Compare halls, farmhouses & party plots near Sarigam. Get instant leads & free quotes on VenueConnect.","Best Reception Venues in Sarigam, Valsad",reception venues in Sarigam Valsad,"reception venue Sarigam, reception hall near Sarigam Valsad, reception venue near Sarigam",Transactional (Hyper-local),High
Event + City Area,"Wedding Venues in Solsumba, Valsad | VenueConnect",/valsad/solsumba/wedding-venues/,"Best Wedding Venues in Solsumba, Valsad | Book Near You - VenueConnect","Find the perfect wedding venue in Solsumba, Valsad. Compare halls, farmhouses & party plots near Solsumba. Get instant leads & free quotes on VenueConnect.","Best Wedding Venues in Solsumba, Valsad",wedding venues in Solsumba Valsad,"wedding venue Solsumba, wedding hall near Solsumba Valsad, wedding venue near Solsumba",Transactional (Hyper-local),High
Event + City Area,"Birthday Party Venues in Solsumba, Valsad | VenueConnect",/valsad/solsumba/birthday-party-venues/,"Best Birthday Party Venues in Solsumba, Valsad | Book Near You - VenueConnect","Find the perfect birthday party venue in Solsumba, Valsad. Compare halls, farmhouses & party plots near Solsumba. Get instant leads & free quotes on VenueConnect.","Best Birthday Party Venues in Solsumba, Valsad",birthday party venues in Solsumba Valsad,"birthday party venue Solsumba, birthday party hall near Solsumba Valsad, birthday party venue near Solsumba",Transactional (Hyper-local),High
Event + City Area,"Engagement Venues in Solsumba, Valsad | VenueConnect",/valsad/solsumba/engagement-venues/,"Best Engagement Venues in Solsumba, Valsad | Book Near You - VenueConnect","Find the perfect engagement venue in Solsumba, Valsad. Compare halls, farmhouses & party plots near Solsumba. Get instant leads & free quotes on VenueConnect.","Best Engagement Venues in Solsumba, Valsad",engagement venues in Solsumba Valsad,"engagement venue Solsumba, engagement hall near Solsumba Valsad, engagement venue near Solsumba",Transactional (Hyper-local),High
Event + City Area,"Corporate Event Venues in Solsumba, Valsad | VenueConnect",/valsad/solsumba/corporate-event-venues/,"Best Corporate Event Venues in Solsumba, Valsad | Book Near You - VenueConnect","Find the perfect corporate event venue in Solsumba, Valsad. Compare halls, farmhouses & party plots near Solsumba. Get instant leads & free quotes on VenueConnect.","Best Corporate Event Venues in Solsumba, Valsad",corporate event venues in Solsumba Valsad,"corporate event venue Solsumba, corporate event hall near Solsumba Valsad, corporate event venue near Solsumba",Transactional (Hyper-local),High
Event + City Area,"Reception Venues in Solsumba, Valsad | VenueConnect",/valsad/solsumba/reception-venues/,"Best Reception Venues in Solsumba, Valsad | Book Near You - VenueConnect","Find the perfect reception venue in Solsumba, Valsad. Compare halls, farmhouses & party plots near Solsumba. Get instant leads & free quotes on VenueConnect.","Best Reception Venues in Solsumba, Valsad",reception venues in Solsumba Valsad,"reception venue Solsumba, reception hall near Solsumba Valsad, reception venue near Solsumba",Transactional (Hyper-local),High
Event + City Area,"Wedding Venues in Sumarpur, Valsad | VenueConnect",/valsad/sumarpur/wedding-venues/,"Best Wedding Venues in Sumarpur, Valsad | Book Near You - VenueConnect","Find the perfect wedding venue in Sumarpur, Valsad. Compare halls, farmhouses & party plots near Sumarpur. Get instant leads & free quotes on VenueConnect.","Best Wedding Venues in Sumarpur, Valsad",wedding venues in Sumarpur Valsad,"wedding venue Sumarpur, wedding hall near Sumarpur Valsad, wedding venue near Sumarpur",Transactional (Hyper-local),High
Event + City Area,"Birthday Party Venues in Sumarpur, Valsad | VenueConnect",/valsad/sumarpur/birthday-party-venues/,"Best Birthday Party Venues in Sumarpur, Valsad | Book Near You - VenueConnect","Find the perfect birthday party venue in Sumarpur, Valsad. Compare halls, farmhouses & party plots near Sumarpur. Get instant leads & free quotes on VenueConnect.","Best Birthday Party Venues in Sumarpur, Valsad",birthday party venues in Sumarpur Valsad,"birthday party venue Sumarpur, birthday party hall near Sumarpur Valsad, birthday party venue near Sumarpur",Transactional (Hyper-local),High
Event + City Area,"Engagement Venues in Sumarpur, Valsad | VenueConnect",/valsad/sumarpur/engagement-venues/,"Best Engagement Venues in Sumarpur, Valsad | Book Near You - VenueConnect","Find the perfect engagement venue in Sumarpur, Valsad. Compare halls, farmhouses & party plots near Sumarpur. Get instant leads & free quotes on VenueConnect.","Best Engagement Venues in Sumarpur, Valsad",engagement venues in Sumarpur Valsad,"engagement venue Sumarpur, engagement hall near Sumarpur Valsad, engagement venue near Sumarpur",Transactional (Hyper-local),High
Event + City Area,"Corporate Event Venues in Sumarpur, Valsad | VenueConnect",/valsad/sumarpur/corporate-event-venues/,"Best Corporate Event Venues in Sumarpur, Valsad | Book Near You - VenueConnect","Find the perfect corporate event venue in Sumarpur, Valsad. Compare halls, farmhouses & party plots near Sumarpur. Get instant leads & free quotes on VenueConnect.","Best Corporate Event Venues in Sumarpur, Valsad",corporate event venues in Sumarpur Valsad,"corporate event venue Sumarpur, corporate event hall near Sumarpur Valsad, corporate event venue near Sumarpur",Transactional (Hyper-local),High
Event + City Area,"Reception Venues in Sumarpur, Valsad | VenueConnect",/valsad/sumarpur/reception-venues/,"Best Reception Venues in Sumarpur, Valsad | Book Near You - VenueConnect","Find the perfect reception venue in Sumarpur, Valsad. Compare halls, farmhouses & party plots near Sumarpur. Get instant leads & free quotes on VenueConnect.","Best Reception Venues in Sumarpur, Valsad",reception venues in Sumarpur Valsad,"reception venue Sumarpur, reception hall near Sumarpur Valsad, reception venue near Sumarpur",Transactional (Hyper-local),High
Event + City Area,"Wedding Venues in Tithal Beach Road, Valsad | VenueConnect",/valsad/tithal-beach-road/wedding-venues/,"Best Wedding Venues in Tithal Beach Road, Valsad | Book Near You - VenueConnect","Find the perfect wedding venue in Tithal Beach Road, Valsad. Compare halls, farmhouses & party plots near Tithal Beach Road. Get instant leads & free quotes on VenueConnect.","Best Wedding Venues in Tithal Beach Road, Valsad",wedding venues in Tithal Beach Road Valsad,"wedding venue Tithal Beach Road, wedding hall near Tithal Beach Road Valsad, wedding venue near Tithal Beach Road",Transactional (Hyper-local),High
Event + City Area,"Birthday Party Venues in Tithal Beach Road, Valsad | VenueConnect",/valsad/tithal-beach-road/birthday-party-venues/,"Best Birthday Party Venues in Tithal Beach Road, Valsad | Book Near You - VenueConnect","Find the perfect birthday party venue in Tithal Beach Road, Valsad. Compare halls, farmhouses & party plots near Tithal Beach Road. Get instant leads & free quotes on VenueConnect.","Best Birthday Party Venues in Tithal Beach Road, Valsad",birthday party venues in Tithal Beach Road Valsad,"birthday party venue Tithal Beach Road, birthday party hall near Tithal Beach Road Valsad, birthday party venue near Tithal Beach Road",Transactional (Hyper-local),High
Event + City Area,"Engagement Venues in Tithal Beach Road, Valsad | VenueConnect",/valsad/tithal-beach-road/engagement-venues/,"Best Engagement Venues in Tithal Beach Road, Valsad | Book Near You - VenueConnect","Find the perfect engagement venue in Tithal Beach Road, Valsad. Compare halls, farmhouses & party plots near Tithal Beach Road. Get instant leads & free quotes on VenueConnect.","Best Engagement Venues in Tithal Beach Road, Valsad",engagement venues in Tithal Beach Road Valsad,"engagement venue Tithal Beach Road, engagement hall near Tithal Beach Road Valsad, engagement venue near Tithal Beach Road",Transactional (Hyper-local),High
Event + City Area,"Corporate Event Venues in Tithal Beach Road, Valsad | VenueConnect",/valsad/tithal-beach-road/corporate-event-venues/,"Best Corporate Event Venues in Tithal Beach Road, Valsad | Book Near You - VenueConnect","Find the perfect corporate event venue in Tithal Beach Road, Valsad. Compare halls, farmhouses & party plots near Tithal Beach Road. Get instant leads & free quotes on VenueConnect.","Best Corporate Event Venues in Tithal Beach Road, Valsad",corporate event venues in Tithal Beach Road Valsad,"corporate event venue Tithal Beach Road, corporate event hall near Tithal Beach Road Valsad, corporate event venue near Tithal Beach Road",Transactional (Hyper-local),High
Event + City Area,"Reception Venues in Tithal Beach Road, Valsad | VenueConnect",/valsad/tithal-beach-road/reception-venues/,"Best Reception Venues in Tithal Beach Road, Valsad | Book Near You - VenueConnect","Find the perfect reception venue in Tithal Beach Road, Valsad. Compare halls, farmhouses & party plots near Tithal Beach Road. Get instant leads & free quotes on VenueConnect.","Best Reception Venues in Tithal Beach Road, Valsad",reception venues in Tithal Beach Road Valsad,"reception venue Tithal Beach Road, reception hall near Tithal Beach Road Valsad, reception venue near Tithal Beach Road",Transactional (Hyper-local),High
Event + City Area,"Wedding Venues in Umargam, Valsad | VenueConnect",/valsad/umargam/wedding-venues/,"Best Wedding Venues in Umargam, Valsad | Book Near You - VenueConnect","Find the perfect wedding venue in Umargam, Valsad. Compare halls, farmhouses & party plots near Umargam. Get instant leads & free quotes on VenueConnect.","Best Wedding Venues in Umargam, Valsad",wedding venues in Umargam Valsad,"wedding venue Umargam, wedding hall near Umargam Valsad, wedding venue near Umargam",Transactional (Hyper-local),High
Event + City Area,"Birthday Party Venues in Umargam, Valsad | VenueConnect",/valsad/umargam/birthday-party-venues/,"Best Birthday Party Venues in Umargam, Valsad | Book Near You - VenueConnect","Find the perfect birthday party venue in Umargam, Valsad. Compare halls, farmhouses & party plots near Umargam. Get instant leads & free quotes on VenueConnect.","Best Birthday Party Venues in Umargam, Valsad",birthday party venues in Umargam Valsad,"birthday party venue Umargam, birthday party hall near Umargam Valsad, birthday party venue near Umargam",Transactional (Hyper-local),High
Event + City Area,"Engagement Venues in Umargam, Valsad | VenueConnect",/valsad/umargam/engagement-venues/,"Best Engagement Venues in Umargam, Valsad | Book Near You - VenueConnect","Find the perfect engagement venue in Umargam, Valsad. Compare halls, farmhouses & party plots near Umargam. Get instant leads & free quotes on VenueConnect.","Best Engagement Venues in Umargam, Valsad",engagement venues in Umargam Valsad,"engagement venue Umargam, engagement hall near Umargam Valsad, engagement venue near Umargam",Transactional (Hyper-local),High
Event + City Area,"Corporate Event Venues in Umargam, Valsad | VenueConnect",/valsad/umargam/corporate-event-venues/,"Best Corporate Event Venues in Umargam, Valsad | Book Near You - VenueConnect","Find the perfect corporate event venue in Umargam, Valsad. Compare halls, farmhouses & party plots near Umargam. Get instant leads & free quotes on VenueConnect.","Best Corporate Event Venues in Umargam, Valsad",corporate event venues in Umargam Valsad,"corporate event venue Umargam, corporate event hall near Umargam Valsad, corporate event venue near Umargam",Transactional (Hyper-local),High
Event + City Area,"Reception Venues in Umargam, Valsad | VenueConnect",/valsad/umargam/reception-venues/,"Best Reception Venues in Umargam, Valsad | Book Near You - VenueConnect","Find the perfect reception venue in Umargam, Valsad. Compare halls, farmhouses & party plots near Umargam. Get instant leads & free quotes on VenueConnect.","Best Reception Venues in Umargam, Valsad",reception venues in Umargam Valsad,"reception venue Umargam, reception hall near Umargam Valsad, reception venue near Umargam",Transactional (Hyper-local),High
Event + City Area,"Wedding Venues in Valsad Court, Valsad | VenueConnect",/valsad/valsad-court/wedding-venues/,"Best Wedding Venues in Valsad Court, Valsad | Book Near You - VenueConnect","Find the perfect wedding venue in Valsad Court, Valsad. Compare halls, farmhouses & party plots near Valsad Court. Get instant leads & free quotes on VenueConnect.","Best Wedding Venues in Valsad Court, Valsad",wedding venues in Valsad Court Valsad,"wedding venue Valsad Court, wedding hall near Valsad Court Valsad, wedding venue near Valsad Court",Transactional (Hyper-local),High
Event + City Area,"Birthday Party Venues in Valsad Court, Valsad | VenueConnect",/valsad/valsad-court/birthday-party-venues/,"Best Birthday Party Venues in Valsad Court, Valsad | Book Near You - VenueConnect","Find the perfect birthday party venue in Valsad Court, Valsad. Compare halls, farmhouses & party plots near Valsad Court. Get instant leads & free quotes on VenueConnect.","Best Birthday Party Venues in Valsad Court, Valsad",birthday party venues in Valsad Court Valsad,"birthday party venue Valsad Court, birthday party hall near Valsad Court Valsad, birthday party venue near Valsad Court",Transactional (Hyper-local),High
Event + City Area,"Engagement Venues in Valsad Court, Valsad | VenueConnect",/valsad/valsad-court/engagement-venues/,"Best Engagement Venues in Valsad Court, Valsad | Book Near You - VenueConnect","Find the perfect engagement venue in Valsad Court, Valsad. Compare halls, farmhouses & party plots near Valsad Court. Get instant leads & free quotes on VenueConnect.","Best Engagement Venues in Valsad Court, Valsad",engagement venues in Valsad Court Valsad,"engagement venue Valsad Court, engagement hall near Valsad Court Valsad, engagement venue near Valsad Court",Transactional (Hyper-local),High
Event + City Area,"Corporate Event Venues in Valsad Court, Valsad | VenueConnect",/valsad/valsad-court/corporate-event-venues/,"Best Corporate Event Venues in Valsad Court, Valsad | Book Near You - VenueConnect","Find the perfect corporate event venue in Valsad Court, Valsad. Compare halls, farmhouses & party plots near Valsad Court. Get instant leads & free quotes on VenueConnect.","Best Corporate Event Venues in Valsad Court, Valsad",corporate event venues in Valsad Court Valsad,"corporate event venue Valsad Court, corporate event hall near Valsad Court Valsad, corporate event venue near Valsad Court",Transactional (Hyper-local),High
Event + City Area,"Reception Venues in Valsad Court, Valsad | VenueConnect",/valsad/valsad-court/reception-venues/,"Best Reception Venues in Valsad Court, Valsad | Book Near You - VenueConnect","Find the perfect reception venue in Valsad Court, Valsad. Compare halls, farmhouses & party plots near Valsad Court. Get instant leads & free quotes on VenueConnect.","Best Reception Venues in Valsad Court, Valsad",reception venues in Valsad Court Valsad,"reception venue Valsad Court, reception hall near Valsad Court Valsad, reception venue near Valsad Court",Transactional (Hyper-local),High
  VENDOR + CITY AREA PAGES (Hyper-local),,,,,,,,,
Page Type,Page Title,URL Slug,Meta Title,Meta Description,H1 Tag,Target Keyword,Secondary Keywords,Search Intent,Priority
Vendor + City Area,"Photographers in Tithal Road, Valsad | VenueConnect",/valsad/tithal-road/vendors/photographers/,"Top Photographers in Tithal Road, Valsad | Hire Near You - VenueConnect","Find the best photographers in Tithal Road, Valsad for your event. Browse verified profiles, compare pricing & get WhatsApp leads instantly on VenueConnect.","Top Photographers in Tithal Road, Valsad",photographers in Tithal Road Valsad,"photographers near Tithal Road, photographers Tithal Road Valsad, best photographers near Tithal Road",Transactional (Hyper-local),Medium
Vendor + City Area,"Caterers in Tithal Road, Valsad | VenueConnect",/valsad/tithal-road/vendors/caterers/,"Top Caterers in Tithal Road, Valsad | Hire Near You - VenueConnect","Find the best caterers in Tithal Road, Valsad for your event. Browse verified profiles, compare pricing & get WhatsApp leads instantly on VenueConnect.","Top Caterers in Tithal Road, Valsad",caterers in Tithal Road Valsad,"caterers near Tithal Road, caterers Tithal Road Valsad, best caterers near Tithal Road",Transactional (Hyper-local),Medium
Vendor + City Area,"Decorators in Tithal Road, Valsad | VenueConnect",/valsad/tithal-road/vendors/decorators/,"Top Decorators in Tithal Road, Valsad | Hire Near You - VenueConnect","Find the best decorators in Tithal Road, Valsad for your event. Browse verified profiles, compare pricing & get WhatsApp leads instantly on VenueConnect.","Top Decorators in Tithal Road, Valsad",decorators in Tithal Road Valsad,"decorators near Tithal Road, decorators Tithal Road Valsad, best decorators near Tithal Road",Transactional (Hyper-local),Medium
Vendor + City Area,"Mehndi Artists in Tithal Road, Valsad | VenueConnect",/valsad/tithal-road/vendors/mehndi-artists/,"Top Mehndi Artists in Tithal Road, Valsad | Hire Near You - VenueConnect","Find the best mehndi artists in Tithal Road, Valsad for your event. Browse verified profiles, compare pricing & get WhatsApp leads instantly on VenueConnect.","Top Mehndi Artists in Tithal Road, Valsad",mehndi artists in Tithal Road Valsad,"mehndi artists near Tithal Road, mehndi artists Tithal Road Valsad, best mehndi artists near Tithal Road",Transactional (Hyper-local),Medium
Vendor + City Area,"Photographers in Dharampur Road, Valsad | VenueConnect",/valsad/dharampur-road/vendors/photographers/,"Top Photographers in Dharampur Road, Valsad | Hire Near You - VenueConnect","Find the best photographers in Dharampur Road, Valsad for your event. Browse verified profiles, compare pricing & get WhatsApp leads instantly on VenueConnect.","Top Photographers in Dharampur Road, Valsad",photographers in Dharampur Road Valsad,"photographers near Dharampur Road, photographers Dharampur Road Valsad, best photographers near Dharampur Road",Transactional (Hyper-local),Medium
Vendor + City Area,"Caterers in Dharampur Road, Valsad | VenueConnect",/valsad/dharampur-road/vendors/caterers/,"Top Caterers in Dharampur Road, Valsad | Hire Near You - VenueConnect","Find the best caterers in Dharampur Road, Valsad for your event. Browse verified profiles, compare pricing & get WhatsApp leads instantly on VenueConnect.","Top Caterers in Dharampur Road, Valsad",caterers in Dharampur Road Valsad,"caterers near Dharampur Road, caterers Dharampur Road Valsad, best caterers near Dharampur Road",Transactional (Hyper-local),Medium
Vendor + City Area,"Decorators in Dharampur Road, Valsad | VenueConnect",/valsad/dharampur-road/vendors/decorators/,"Top Decorators in Dharampur Road, Valsad | Hire Near You - VenueConnect","Find the best decorators in Dharampur Road, Valsad for your event. Browse verified profiles, compare pricing & get WhatsApp leads instantly on VenueConnect.","Top Decorators in Dharampur Road, Valsad",decorators in Dharampur Road Valsad,"decorators near Dharampur Road, decorators Dharampur Road Valsad, best decorators near Dharampur Road",Transactional (Hyper-local),Medium
Vendor + City Area,"Mehndi Artists in Dharampur Road, Valsad | VenueConnect",/valsad/dharampur-road/vendors/mehndi-artists/,"Top Mehndi Artists in Dharampur Road, Valsad | Hire Near You - VenueConnect","Find the best mehndi artists in Dharampur Road, Valsad for your event. Browse verified profiles, compare pricing & get WhatsApp leads instantly on VenueConnect.","Top Mehndi Artists in Dharampur Road, Valsad",mehndi artists in Dharampur Road Valsad,"mehndi artists near Dharampur Road, mehndi artists Dharampur Road Valsad, best mehndi artists near Dharampur Road",Transactional (Hyper-local),Medium
Vendor + City Area,"Photographers in Station Road, Valsad | VenueConnect",/valsad/station-road/vendors/photographers/,"Top Photographers in Station Road, Valsad | Hire Near You - VenueConnect","Find the best photographers in Station Road, Valsad for your event. Browse verified profiles, compare pricing & get WhatsApp leads instantly on VenueConnect.","Top Photographers in Station Road, Valsad",photographers in Station Road Valsad,"photographers near Station Road, photographers Station Road Valsad, best photographers near Station Road",Transactional (Hyper-local),Medium
Vendor + City Area,"Caterers in Station Road, Valsad | VenueConnect",/valsad/station-road/vendors/caterers/,"Top Caterers in Station Road, Valsad | Hire Near You - VenueConnect","Find the best caterers in Station Road, Valsad for your event. Browse verified profiles, compare pricing & get WhatsApp leads instantly on VenueConnect.","Top Caterers in Station Road, Valsad",caterers in Station Road Valsad,"caterers near Station Road, caterers Station Road Valsad, best caterers near Station Road",Transactional (Hyper-local),Medium
Vendor + City Area,"Decorators in Station Road, Valsad | VenueConnect",/valsad/station-road/vendors/decorators/,"Top Decorators in Station Road, Valsad | Hire Near You - VenueConnect","Find the best decorators in Station Road, Valsad for your event. Browse verified profiles, compare pricing & get WhatsApp leads instantly on VenueConnect.","Top Decorators in Station Road, Valsad",decorators in Station Road Valsad,"decorators near Station Road, decorators Station Road Valsad, best decorators near Station Road",Transactional (Hyper-local),Medium
Vendor + City Area,"Mehndi Artists in Station Road, Valsad | VenueConnect",/valsad/station-road/vendors/mehndi-artists/,"Top Mehndi Artists in Station Road, Valsad | Hire Near You - VenueConnect","Find the best mehndi artists in Station Road, Valsad for your event. Browse verified profiles, compare pricing & get WhatsApp leads instantly on VenueConnect.","Top Mehndi Artists in Station Road, Valsad",mehndi artists in Station Road Valsad,"mehndi artists near Station Road, mehndi artists Station Road Valsad, best mehndi artists near Station Road",Transactional (Hyper-local),Medium
Vendor + City Area,"Photographers in Atul, Valsad | VenueConnect",/valsad/atul/vendors/photographers/,"Top Photographers in Atul, Valsad | Hire Near You - VenueConnect","Find the best photographers in Atul, Valsad for your event. Browse verified profiles, compare pricing & get WhatsApp leads instantly on VenueConnect.","Top Photographers in Atul, Valsad",photographers in Atul Valsad,"photographers near Atul, photographers Atul Valsad, best photographers near Atul",Transactional (Hyper-local),Medium
Vendor + City Area,"Caterers in Atul, Valsad | VenueConnect",/valsad/atul/vendors/caterers/,"Top Caterers in Atul, Valsad | Hire Near You - VenueConnect","Find the best caterers in Atul, Valsad for your event. Browse verified profiles, compare pricing & get WhatsApp leads instantly on VenueConnect.","Top Caterers in Atul, Valsad",caterers in Atul Valsad,"caterers near Atul, caterers Atul Valsad, best caterers near Atul",Transactional (Hyper-local),Medium
Vendor + City Area,"Decorators in Atul, Valsad | VenueConnect",/valsad/atul/vendors/decorators/,"Top Decorators in Atul, Valsad | Hire Near You - VenueConnect","Find the best decorators in Atul, Valsad for your event. Browse verified profiles, compare pricing & get WhatsApp leads instantly on VenueConnect.","Top Decorators in Atul, Valsad",decorators in Atul Valsad,"decorators near Atul, decorators Atul Valsad, best decorators near Atul",Transactional (Hyper-local),Medium
Vendor + City Area,"Mehndi Artists in Atul, Valsad | VenueConnect",/valsad/atul/vendors/mehndi-artists/,"Top Mehndi Artists in Atul, Valsad | Hire Near You - VenueConnect","Find the best mehndi artists in Atul, Valsad for your event. Browse verified profiles, compare pricing & get WhatsApp leads instantly on VenueConnect.","Top Mehndi Artists in Atul, Valsad",mehndi artists in Atul Valsad,"mehndi artists near Atul, mehndi artists Atul Valsad, best mehndi artists near Atul",Transactional (Hyper-local),Medium
Vendor + City Area,"Photographers in Vapi Road, Valsad | VenueConnect",/valsad/vapi-road/vendors/photographers/,"Top Photographers in Vapi Road, Valsad | Hire Near You - VenueConnect","Find the best photographers in Vapi Road, Valsad for your event. Browse verified profiles, compare pricing & get WhatsApp leads instantly on VenueConnect.","Top Photographers in Vapi Road, Valsad",photographers in Vapi Road Valsad,"photographers near Vapi Road, photographers Vapi Road Valsad, best photographers near Vapi Road",Transactional (Hyper-local),Medium
Vendor + City Area,"Caterers in Vapi Road, Valsad | VenueConnect",/valsad/vapi-road/vendors/caterers/,"Top Caterers in Vapi Road, Valsad | Hire Near You - VenueConnect","Find the best caterers in Vapi Road, Valsad for your event. Browse verified profiles, compare pricing & get WhatsApp leads instantly on VenueConnect.","Top Caterers in Vapi Road, Valsad",caterers in Vapi Road Valsad,"caterers near Vapi Road, caterers Vapi Road Valsad, best caterers near Vapi Road",Transactional (Hyper-local),Medium
Vendor + City Area,"Decorators in Vapi Road, Valsad | VenueConnect",/valsad/vapi-road/vendors/decorators/,"Top Decorators in Vapi Road, Valsad | Hire Near You - VenueConnect","Find the best decorators in Vapi Road, Valsad for your event. Browse verified profiles, compare pricing & get WhatsApp leads instantly on VenueConnect.","Top Decorators in Vapi Road, Valsad",decorators in Vapi Road Valsad,"decorators near Vapi Road, decorators Vapi Road Valsad, best decorators near Vapi Road",Transactional (Hyper-local),Medium
Vendor + City Area,"Mehndi Artists in Vapi Road, Valsad | VenueConnect",/valsad/vapi-road/vendors/mehndi-artists/,"Top Mehndi Artists in Vapi Road, Valsad | Hire Near You - VenueConnect","Find the best mehndi artists in Vapi Road, Valsad for your event. Browse verified profiles, compare pricing & get WhatsApp leads instantly on VenueConnect.","Top Mehndi Artists in Vapi Road, Valsad",mehndi artists in Vapi Road Valsad,"mehndi artists near Vapi Road, mehndi artists Vapi Road Valsad, best mehndi artists near Vapi Road",Transactional (Hyper-local),Medium
Vendor + City Area,"Photographers in Pardi, Valsad | VenueConnect",/valsad/pardi/vendors/photographers/,"Top Photographers in Pardi, Valsad | Hire Near You - VenueConnect","Find the best photographers in Pardi, Valsad for your event. Browse verified profiles, compare pricing & get WhatsApp leads instantly on VenueConnect.","Top Photographers in Pardi, Valsad",photographers in Pardi Valsad,"photographers near Pardi, photographers Pardi Valsad, best photographers near Pardi",Transactional (Hyper-local),Medium
Vendor + City Area,"Caterers in Pardi, Valsad | VenueConnect",/valsad/pardi/vendors/caterers/,"Top Caterers in Pardi, Valsad | Hire Near You - VenueConnect","Find the best caterers in Pardi, Valsad for your event. Browse verified profiles, compare pricing & get WhatsApp leads instantly on VenueConnect.","Top Caterers in Pardi, Valsad",caterers in Pardi Valsad,"caterers near Pardi, caterers Pardi Valsad, best caterers near Pardi",Transactional (Hyper-local),Medium
Vendor + City Area,"Decorators in Pardi, Valsad | VenueConnect",/valsad/pardi/vendors/decorators/,"Top Decorators in Pardi, Valsad | Hire Near You - VenueConnect","Find the best decorators in Pardi, Valsad for your event. Browse verified profiles, compare pricing & get WhatsApp leads instantly on VenueConnect.","Top Decorators in Pardi, Valsad",decorators in Pardi Valsad,"decorators near Pardi, decorators Pardi Valsad, best decorators near Pardi",Transactional (Hyper-local),Medium
Vendor + City Area,"Mehndi Artists in Pardi, Valsad | VenueConnect",/valsad/pardi/vendors/mehndi-artists/,"Top Mehndi Artists in Pardi, Valsad | Hire Near You - VenueConnect","Find the best mehndi artists in Pardi, Valsad for your event. Browse verified profiles, compare pricing & get WhatsApp leads instantly on VenueConnect.","Top Mehndi Artists in Pardi, Valsad",mehndi artists in Pardi Valsad,"mehndi artists near Pardi, mehndi artists Pardi Valsad, best mehndi artists near Pardi",Transactional (Hyper-local),Medium
Vendor + City Area,"Photographers in Abrama, Valsad | VenueConnect",/valsad/abrama/vendors/photographers/,"Top Photographers in Abrama, Valsad | Hire Near You - VenueConnect","Find the best photographers in Abrama, Valsad for your event. Browse verified profiles, compare pricing & get WhatsApp leads instantly on VenueConnect.","Top Photographers in Abrama, Valsad",photographers in Abrama Valsad,"photographers near Abrama, photographers Abrama Valsad, best photographers near Abrama",Transactional (Hyper-local),Medium
Vendor + City Area,"Caterers in Abrama, Valsad | VenueConnect",/valsad/abrama/vendors/caterers/,"Top Caterers in Abrama, Valsad | Hire Near You - VenueConnect","Find the best caterers in Abrama, Valsad for your event. Browse verified profiles, compare pricing & get WhatsApp leads instantly on VenueConnect.","Top Caterers in Abrama, Valsad",caterers in Abrama Valsad,"caterers near Abrama, caterers Abrama Valsad, best caterers near Abrama",Transactional (Hyper-local),Medium
Vendor + City Area,"Decorators in Abrama, Valsad | VenueConnect",/valsad/abrama/vendors/decorators/,"Top Decorators in Abrama, Valsad | Hire Near You - VenueConnect","Find the best decorators in Abrama, Valsad for your event. Browse verified profiles, compare pricing & get WhatsApp leads instantly on VenueConnect.","Top Decorators in Abrama, Valsad",decorators in Abrama Valsad,"decorators near Abrama, decorators Abrama Valsad, best decorators near Abrama",Transactional (Hyper-local),Medium
Vendor + City Area,"Mehndi Artists in Abrama, Valsad | VenueConnect",/valsad/abrama/vendors/mehndi-artists/,"Top Mehndi Artists in Abrama, Valsad | Hire Near You - VenueConnect","Find the best mehndi artists in Abrama, Valsad for your event. Browse verified profiles, compare pricing & get WhatsApp leads instantly on VenueConnect.","Top Mehndi Artists in Abrama, Valsad",mehndi artists in Abrama Valsad,"mehndi artists near Abrama, mehndi artists Abrama Valsad, best mehndi artists near Abrama",Transactional (Hyper-local),Medium
Vendor + City Area,"Photographers in Amalsad, Valsad | VenueConnect",/valsad/amalsad/vendors/photographers/,"Top Photographers in Amalsad, Valsad | Hire Near You - VenueConnect","Find the best photographers in Amalsad, Valsad for your event. Browse verified profiles, compare pricing & get WhatsApp leads instantly on VenueConnect.","Top Photographers in Amalsad, Valsad",photographers in Amalsad Valsad,"photographers near Amalsad, photographers Amalsad Valsad, best photographers near Amalsad",Transactional (Hyper-local),Medium
Vendor + City Area,"Caterers in Amalsad, Valsad | VenueConnect",/valsad/amalsad/vendors/caterers/,"Top Caterers in Amalsad, Valsad | Hire Near You - VenueConnect","Find the best caterers in Amalsad, Valsad for your event. Browse verified profiles, compare pricing & get WhatsApp leads instantly on VenueConnect.","Top Caterers in Amalsad, Valsad",caterers in Amalsad Valsad,"caterers near Amalsad, caterers Amalsad Valsad, best caterers near Amalsad",Transactional (Hyper-local),Medium
Vendor + City Area,"Decorators in Amalsad, Valsad | VenueConnect",/valsad/amalsad/vendors/decorators/,"Top Decorators in Amalsad, Valsad | Hire Near You - VenueConnect","Find the best decorators in Amalsad, Valsad for your event. Browse verified profiles, compare pricing & get WhatsApp leads instantly on VenueConnect.","Top Decorators in Amalsad, Valsad",decorators in Amalsad Valsad,"decorators near Amalsad, decorators Amalsad Valsad, best decorators near Amalsad",Transactional (Hyper-local),Medium
Vendor + City Area,"Mehndi Artists in Amalsad, Valsad | VenueConnect",/valsad/amalsad/vendors/mehndi-artists/,"Top Mehndi Artists in Amalsad, Valsad | Hire Near You - VenueConnect","Find the best mehndi artists in Amalsad, Valsad for your event. Browse verified profiles, compare pricing & get WhatsApp leads instantly on VenueConnect.","Top Mehndi Artists in Amalsad, Valsad",mehndi artists in Amalsad Valsad,"mehndi artists near Amalsad, mehndi artists Amalsad Valsad, best mehndi artists near Amalsad",Transactional (Hyper-local),Medium
Vendor + City Area,"Photographers in Bilimora, Valsad | VenueConnect",/valsad/bilimora/vendors/photographers/,"Top Photographers in Bilimora, Valsad | Hire Near You - VenueConnect","Find the best photographers in Bilimora, Valsad for your event. Browse verified profiles, compare pricing & get WhatsApp leads instantly on VenueConnect.","Top Photographers in Bilimora, Valsad",photographers in Bilimora Valsad,"photographers near Bilimora, photographers Bilimora Valsad, best photographers near Bilimora",Transactional (Hyper-local),Medium
Vendor + City Area,"Caterers in Bilimora, Valsad | VenueConnect",/valsad/bilimora/vendors/caterers/,"Top Caterers in Bilimora, Valsad | Hire Near You - VenueConnect","Find the best caterers in Bilimora, Valsad for your event. Browse verified profiles, compare pricing & get WhatsApp leads instantly on VenueConnect.","Top Caterers in Bilimora, Valsad",caterers in Bilimora Valsad,"caterers near Bilimora, caterers Bilimora Valsad, best caterers near Bilimora",Transactional (Hyper-local),Medium
Vendor + City Area,"Decorators in Bilimora, Valsad | VenueConnect",/valsad/bilimora/vendors/decorators/,"Top Decorators in Bilimora, Valsad | Hire Near You - VenueConnect","Find the best decorators in Bilimora, Valsad for your event. Browse verified profiles, compare pricing & get WhatsApp leads instantly on VenueConnect.","Top Decorators in Bilimora, Valsad",decorators in Bilimora Valsad,"decorators near Bilimora, decorators Bilimora Valsad, best decorators near Bilimora",Transactional (Hyper-local),Medium
Vendor + City Area,"Mehndi Artists in Bilimora, Valsad | VenueConnect",/valsad/bilimora/vendors/mehndi-artists/,"Top Mehndi Artists in Bilimora, Valsad | Hire Near You - VenueConnect","Find the best mehndi artists in Bilimora, Valsad for your event. Browse verified profiles, compare pricing & get WhatsApp leads instantly on VenueConnect.","Top Mehndi Artists in Bilimora, Valsad",mehndi artists in Bilimora Valsad,"mehndi artists near Bilimora, mehndi artists Bilimora Valsad, best mehndi artists near Bilimora",Transactional (Hyper-local),Medium
Vendor + City Area,"Photographers in Bilvani, Valsad | VenueConnect",/valsad/bilvani/vendors/photographers/,"Top Photographers in Bilvani, Valsad | Hire Near You - VenueConnect","Find the best photographers in Bilvani, Valsad for your event. Browse verified profiles, compare pricing & get WhatsApp leads instantly on VenueConnect.","Top Photographers in Bilvani, Valsad",photographers in Bilvani Valsad,"photographers near Bilvani, photographers Bilvani Valsad, best photographers near Bilvani",Transactional (Hyper-local),Medium
Vendor + City Area,"Caterers in Bilvani, Valsad | VenueConnect",/valsad/bilvani/vendors/caterers/,"Top Caterers in Bilvani, Valsad | Hire Near You - VenueConnect","Find the best caterers in Bilvani, Valsad for your event. Browse verified profiles, compare pricing & get WhatsApp leads instantly on VenueConnect.","Top Caterers in Bilvani, Valsad",caterers in Bilvani Valsad,"caterers near Bilvani, caterers Bilvani Valsad, best caterers near Bilvani",Transactional (Hyper-local),Medium
Vendor + City Area,"Decorators in Bilvani, Valsad | VenueConnect",/valsad/bilvani/vendors/decorators/,"Top Decorators in Bilvani, Valsad | Hire Near You - VenueConnect","Find the best decorators in Bilvani, Valsad for your event. Browse verified profiles, compare pricing & get WhatsApp leads instantly on VenueConnect.","Top Decorators in Bilvani, Valsad",decorators in Bilvani Valsad,"decorators near Bilvani, decorators Bilvani Valsad, best decorators near Bilvani",Transactional (Hyper-local),Medium
Vendor + City Area,"Mehndi Artists in Bilvani, Valsad | VenueConnect",/valsad/bilvani/vendors/mehndi-artists/,"Top Mehndi Artists in Bilvani, Valsad | Hire Near You - VenueConnect","Find the best mehndi artists in Bilvani, Valsad for your event. Browse verified profiles, compare pricing & get WhatsApp leads instantly on VenueConnect.","Top Mehndi Artists in Bilvani, Valsad",mehndi artists in Bilvani Valsad,"mehndi artists near Bilvani, mehndi artists Bilvani Valsad, best mehndi artists near Bilvani",Transactional (Hyper-local),Medium
Vendor + City Area,"Photographers in Chala, Valsad | VenueConnect",/valsad/chala/vendors/photographers/,"Top Photographers in Chala, Valsad | Hire Near You - VenueConnect","Find the best photographers in Chala, Valsad for your event. Browse verified profiles, compare pricing & get WhatsApp leads instantly on VenueConnect.","Top Photographers in Chala, Valsad",photographers in Chala Valsad,"photographers near Chala, photographers Chala Valsad, best photographers near Chala",Transactional (Hyper-local),Medium
Vendor + City Area,"Caterers in Chala, Valsad | VenueConnect",/valsad/chala/vendors/caterers/,"Top Caterers in Chala, Valsad | Hire Near You - VenueConnect","Find the best caterers in Chala, Valsad for your event. Browse verified profiles, compare pricing & get WhatsApp leads instantly on VenueConnect.","Top Caterers in Chala, Valsad",caterers in Chala Valsad,"caterers near Chala, caterers Chala Valsad, best caterers near Chala",Transactional (Hyper-local),Medium
Vendor + City Area,"Decorators in Chala, Valsad | VenueConnect",/valsad/chala/vendors/decorators/,"Top Decorators in Chala, Valsad | Hire Near You - VenueConnect","Find the best decorators in Chala, Valsad for your event. Browse verified profiles, compare pricing & get WhatsApp leads instantly on VenueConnect.","Top Decorators in Chala, Valsad",decorators in Chala Valsad,"decorators near Chala, decorators Chala Valsad, best decorators near Chala",Transactional (Hyper-local),Medium
Vendor + City Area,"Mehndi Artists in Chala, Valsad | VenueConnect",/valsad/chala/vendors/mehndi-artists/,"Top Mehndi Artists in Chala, Valsad | Hire Near You - VenueConnect","Find the best mehndi artists in Chala, Valsad for your event. Browse verified profiles, compare pricing & get WhatsApp leads instantly on VenueConnect.","Top Mehndi Artists in Chala, Valsad",mehndi artists in Chala Valsad,"mehndi artists near Chala, mehndi artists Chala Valsad, best mehndi artists near Chala",Transactional (Hyper-local),Medium
Vendor + City Area,"Photographers in Chikhli, Valsad | VenueConnect",/valsad/chikhli/vendors/photographers/,"Top Photographers in Chikhli, Valsad | Hire Near You - VenueConnect","Find the best photographers in Chikhli, Valsad for your event. Browse verified profiles, compare pricing & get WhatsApp leads instantly on VenueConnect.","Top Photographers in Chikhli, Valsad",photographers in Chikhli Valsad,"photographers near Chikhli, photographers Chikhli Valsad, best photographers near Chikhli",Transactional (Hyper-local),Medium
Vendor + City Area,"Caterers in Chikhli, Valsad | VenueConnect",/valsad/chikhli/vendors/caterers/,"Top Caterers in Chikhli, Valsad | Hire Near You - VenueConnect","Find the best caterers in Chikhli, Valsad for your event. Browse verified profiles, compare pricing & get WhatsApp leads instantly on VenueConnect.","Top Caterers in Chikhli, Valsad",caterers in Chikhli Valsad,"caterers near Chikhli, caterers Chikhli Valsad, best caterers near Chikhli",Transactional (Hyper-local),Medium
Vendor + City Area,"Decorators in Chikhli, Valsad | VenueConnect",/valsad/chikhli/vendors/decorators/,"Top Decorators in Chikhli, Valsad | Hire Near You - VenueConnect","Find the best decorators in Chikhli, Valsad for your event. Browse verified profiles, compare pricing & get WhatsApp leads instantly on VenueConnect.","Top Decorators in Chikhli, Valsad",decorators in Chikhli Valsad,"decorators near Chikhli, decorators Chikhli Valsad, best decorators near Chikhli",Transactional (Hyper-local),Medium
Vendor + City Area,"Mehndi Artists in Chikhli, Valsad | VenueConnect",/valsad/chikhli/vendors/mehndi-artists/,"Top Mehndi Artists in Chikhli, Valsad | Hire Near You - VenueConnect","Find the best mehndi artists in Chikhli, Valsad for your event. Browse verified profiles, compare pricing & get WhatsApp leads instantly on VenueConnect.","Top Mehndi Artists in Chikhli, Valsad",mehndi artists in Chikhli Valsad,"mehndi artists near Chikhli, mehndi artists Chikhli Valsad, best mehndi artists near Chikhli",Transactional (Hyper-local),Medium
Vendor + City Area,"Photographers in Daman Road, Valsad | VenueConnect",/valsad/daman-road/vendors/photographers/,"Top Photographers in Daman Road, Valsad | Hire Near You - VenueConnect","Find the best photographers in Daman Road, Valsad for your event. Browse verified profiles, compare pricing & get WhatsApp leads instantly on VenueConnect.","Top Photographers in Daman Road, Valsad",photographers in Daman Road Valsad,"photographers near Daman Road, photographers Daman Road Valsad, best photographers near Daman Road",Transactional (Hyper-local),Medium
Vendor + City Area,"Caterers in Daman Road, Valsad | VenueConnect",/valsad/daman-road/vendors/caterers/,"Top Caterers in Daman Road, Valsad | Hire Near You - VenueConnect","Find the best caterers in Daman Road, Valsad for your event. Browse verified profiles, compare pricing & get WhatsApp leads instantly on VenueConnect.","Top Caterers in Daman Road, Valsad",caterers in Daman Road Valsad,"caterers near Daman Road, caterers Daman Road Valsad, best caterers near Daman Road",Transactional (Hyper-local),Medium
Vendor + City Area,"Decorators in Daman Road, Valsad | VenueConnect",/valsad/daman-road/vendors/decorators/,"Top Decorators in Daman Road, Valsad | Hire Near You - VenueConnect","Find the best decorators in Daman Road, Valsad for your event. Browse verified profiles, compare pricing & get WhatsApp leads instantly on VenueConnect.","Top Decorators in Daman Road, Valsad",decorators in Daman Road Valsad,"decorators near Daman Road, decorators Daman Road Valsad, best decorators near Daman Road",Transactional (Hyper-local),Medium
Vendor + City Area,"Mehndi Artists in Daman Road, Valsad | VenueConnect",/valsad/daman-road/vendors/mehndi-artists/,"Top Mehndi Artists in Daman Road, Valsad | Hire Near You - VenueConnect","Find the best mehndi artists in Daman Road, Valsad for your event. Browse verified profiles, compare pricing & get WhatsApp leads instantly on VenueConnect.","Top Mehndi Artists in Daman Road, Valsad",mehndi artists in Daman Road Valsad,"mehndi artists near Daman Road, mehndi artists Daman Road Valsad, best mehndi artists near Daman Road",Transactional (Hyper-local),Medium
Vendor + City Area,"Photographers in Dungri, Valsad | VenueConnect",/valsad/dungri/vendors/photographers/,"Top Photographers in Dungri, Valsad | Hire Near You - VenueConnect","Find the best photographers in Dungri, Valsad for your event. Browse verified profiles, compare pricing & get WhatsApp leads instantly on VenueConnect.","Top Photographers in Dungri, Valsad",photographers in Dungri Valsad,"photographers near Dungri, photographers Dungri Valsad, best photographers near Dungri",Transactional (Hyper-local),Medium
Vendor + City Area,"Caterers in Dungri, Valsad | VenueConnect",/valsad/dungri/vendors/caterers/,"Top Caterers in Dungri, Valsad | Hire Near You - VenueConnect","Find the best caterers in Dungri, Valsad for your event. Browse verified profiles, compare pricing & get WhatsApp leads instantly on VenueConnect.","Top Caterers in Dungri, Valsad",caterers in Dungri Valsad,"caterers near Dungri, caterers Dungri Valsad, best caterers near Dungri",Transactional (Hyper-local),Medium
Vendor + City Area,"Decorators in Dungri, Valsad | VenueConnect",/valsad/dungri/vendors/decorators/,"Top Decorators in Dungri, Valsad | Hire Near You - VenueConnect","Find the best decorators in Dungri, Valsad for your event. Browse verified profiles, compare pricing & get WhatsApp leads instantly on VenueConnect.","Top Decorators in Dungri, Valsad",decorators in Dungri Valsad,"decorators near Dungri, decorators Dungri Valsad, best decorators near Dungri",Transactional (Hyper-local),Medium
Vendor + City Area,"Mehndi Artists in Dungri, Valsad | VenueConnect",/valsad/dungri/vendors/mehndi-artists/,"Top Mehndi Artists in Dungri, Valsad | Hire Near You - VenueConnect","Find the best mehndi artists in Dungri, Valsad for your event. Browse verified profiles, compare pricing & get WhatsApp leads instantly on VenueConnect.","Top Mehndi Artists in Dungri, Valsad",mehndi artists in Dungri Valsad,"mehndi artists near Dungri, mehndi artists Dungri Valsad, best mehndi artists near Dungri",Transactional (Hyper-local),Medium
Vendor + City Area,"Photographers in Gandevi, Valsad | VenueConnect",/valsad/gandevi/vendors/photographers/,"Top Photographers in Gandevi, Valsad | Hire Near You - VenueConnect","Find the best photographers in Gandevi, Valsad for your event. Browse verified profiles, compare pricing & get WhatsApp leads instantly on VenueConnect.","Top Photographers in Gandevi, Valsad",photographers in Gandevi Valsad,"photographers near Gandevi, photographers Gandevi Valsad, best photographers near Gandevi",Transactional (Hyper-local),Medium
Vendor + City Area,"Caterers in Gandevi, Valsad | VenueConnect",/valsad/gandevi/vendors/caterers/,"Top Caterers in Gandevi, Valsad | Hire Near You - VenueConnect","Find the best caterers in Gandevi, Valsad for your event. Browse verified profiles, compare pricing & get WhatsApp leads instantly on VenueConnect.","Top Caterers in Gandevi, Valsad",caterers in Gandevi Valsad,"caterers near Gandevi, caterers Gandevi Valsad, best caterers near Gandevi",Transactional (Hyper-local),Medium
Vendor + City Area,"Decorators in Gandevi, Valsad | VenueConnect",/valsad/gandevi/vendors/decorators/,"Top Decorators in Gandevi, Valsad | Hire Near You - VenueConnect","Find the best decorators in Gandevi, Valsad for your event. Browse verified profiles, compare pricing & get WhatsApp leads instantly on VenueConnect.","Top Decorators in Gandevi, Valsad",decorators in Gandevi Valsad,"decorators near Gandevi, decorators Gandevi Valsad, best decorators near Gandevi",Transactional (Hyper-local),Medium
Vendor + City Area,"Mehndi Artists in Gandevi, Valsad | VenueConnect",/valsad/gandevi/vendors/mehndi-artists/,"Top Mehndi Artists in Gandevi, Valsad | Hire Near You - VenueConnect","Find the best mehndi artists in Gandevi, Valsad for your event. Browse verified profiles, compare pricing & get WhatsApp leads instantly on VenueConnect.","Top Mehndi Artists in Gandevi, Valsad",mehndi artists in Gandevi Valsad,"mehndi artists near Gandevi, mehndi artists Gandevi Valsad, best mehndi artists near Gandevi",Transactional (Hyper-local),Medium
Vendor + City Area,"Photographers in Hathila, Valsad | VenueConnect",/valsad/hathila/vendors/photographers/,"Top Photographers in Hathila, Valsad | Hire Near You - VenueConnect","Find the best photographers in Hathila, Valsad for your event. Browse verified profiles, compare pricing & get WhatsApp leads instantly on VenueConnect.","Top Photographers in Hathila, Valsad",photographers in Hathila Valsad,"photographers near Hathila, photographers Hathila Valsad, best photographers near Hathila",Transactional (Hyper-local),Medium
Vendor + City Area,"Caterers in Hathila, Valsad | VenueConnect",/valsad/hathila/vendors/caterers/,"Top Caterers in Hathila, Valsad | Hire Near You - VenueConnect","Find the best caterers in Hathila, Valsad for your event. Browse verified profiles, compare pricing & get WhatsApp leads instantly on VenueConnect.","Top Caterers in Hathila, Valsad",caterers in Hathila Valsad,"caterers near Hathila, caterers Hathila Valsad, best caterers near Hathila",Transactional (Hyper-local),Medium
Vendor + City Area,"Decorators in Hathila, Valsad | VenueConnect",/valsad/hathila/vendors/decorators/,"Top Decorators in Hathila, Valsad | Hire Near You - VenueConnect","Find the best decorators in Hathila, Valsad for your event. Browse verified profiles, compare pricing & get WhatsApp leads instantly on VenueConnect.","Top Decorators in Hathila, Valsad",decorators in Hathila Valsad,"decorators near Hathila, decorators Hathila Valsad, best decorators near Hathila",Transactional (Hyper-local),Medium
Vendor + City Area,"Mehndi Artists in Hathila, Valsad | VenueConnect",/valsad/hathila/vendors/mehndi-artists/,"Top Mehndi Artists in Hathila, Valsad | Hire Near You - VenueConnect","Find the best mehndi artists in Hathila, Valsad for your event. Browse verified profiles, compare pricing & get WhatsApp leads instantly on VenueConnect.","Top Mehndi Artists in Hathila, Valsad",mehndi artists in Hathila Valsad,"mehndi artists near Hathila, mehndi artists Hathila Valsad, best mehndi artists near Hathila",Transactional (Hyper-local),Medium
Vendor + City Area,"Photographers in Kabilpore, Valsad | VenueConnect",/valsad/kabilpore/vendors/photographers/,"Top Photographers in Kabilpore, Valsad | Hire Near You - VenueConnect","Find the best photographers in Kabilpore, Valsad for your event. Browse verified profiles, compare pricing & get WhatsApp leads instantly on VenueConnect.","Top Photographers in Kabilpore, Valsad",photographers in Kabilpore Valsad,"photographers near Kabilpore, photographers Kabilpore Valsad, best photographers near Kabilpore",Transactional (Hyper-local),Medium
Vendor + City Area,"Caterers in Kabilpore, Valsad | VenueConnect",/valsad/kabilpore/vendors/caterers/,"Top Caterers in Kabilpore, Valsad | Hire Near You - VenueConnect","Find the best caterers in Kabilpore, Valsad for your event. Browse verified profiles, compare pricing & get WhatsApp leads instantly on VenueConnect.","Top Caterers in Kabilpore, Valsad",caterers in Kabilpore Valsad,"caterers near Kabilpore, caterers Kabilpore Valsad, best caterers near Kabilpore",Transactional (Hyper-local),Medium
Vendor + City Area,"Decorators in Kabilpore, Valsad | VenueConnect",/valsad/kabilpore/vendors/decorators/,"Top Decorators in Kabilpore, Valsad | Hire Near You - VenueConnect","Find the best decorators in Kabilpore, Valsad for your event. Browse verified profiles, compare pricing & get WhatsApp leads instantly on VenueConnect.","Top Decorators in Kabilpore, Valsad",decorators in Kabilpore Valsad,"decorators near Kabilpore, decorators Kabilpore Valsad, best decorators near Kabilpore",Transactional (Hyper-local),Medium
Vendor + City Area,"Mehndi Artists in Kabilpore, Valsad | VenueConnect",/valsad/kabilpore/vendors/mehndi-artists/,"Top Mehndi Artists in Kabilpore, Valsad | Hire Near You - VenueConnect","Find the best mehndi artists in Kabilpore, Valsad for your event. Browse verified profiles, compare pricing & get WhatsApp leads instantly on VenueConnect.","Top Mehndi Artists in Kabilpore, Valsad",mehndi artists in Kabilpore Valsad,"mehndi artists near Kabilpore, mehndi artists Kabilpore Valsad, best mehndi artists near Kabilpore",Transactional (Hyper-local),Medium
Vendor + City Area,"Photographers in Khanvel Road, Valsad | VenueConnect",/valsad/khanvel-road/vendors/photographers/,"Top Photographers in Khanvel Road, Valsad | Hire Near You - VenueConnect","Find the best photographers in Khanvel Road, Valsad for your event. Browse verified profiles, compare pricing & get WhatsApp leads instantly on VenueConnect.","Top Photographers in Khanvel Road, Valsad",photographers in Khanvel Road Valsad,"photographers near Khanvel Road, photographers Khanvel Road Valsad, best photographers near Khanvel Road",Transactional (Hyper-local),Medium
Vendor + City Area,"Caterers in Khanvel Road, Valsad | VenueConnect",/valsad/khanvel-road/vendors/caterers/,"Top Caterers in Khanvel Road, Valsad | Hire Near You - VenueConnect","Find the best caterers in Khanvel Road, Valsad for your event. Browse verified profiles, compare pricing & get WhatsApp leads instantly on VenueConnect.","Top Caterers in Khanvel Road, Valsad",caterers in Khanvel Road Valsad,"caterers near Khanvel Road, caterers Khanvel Road Valsad, best caterers near Khanvel Road",Transactional (Hyper-local),Medium
Vendor + City Area,"Decorators in Khanvel Road, Valsad | VenueConnect",/valsad/khanvel-road/vendors/decorators/,"Top Decorators in Khanvel Road, Valsad | Hire Near You - VenueConnect","Find the best decorators in Khanvel Road, Valsad for your event. Browse verified profiles, compare pricing & get WhatsApp leads instantly on VenueConnect.","Top Decorators in Khanvel Road, Valsad",decorators in Khanvel Road Valsad,"decorators near Khanvel Road, decorators Khanvel Road Valsad, best decorators near Khanvel Road",Transactional (Hyper-local),Medium
Vendor + City Area,"Mehndi Artists in Khanvel Road, Valsad | VenueConnect",/valsad/khanvel-road/vendors/mehndi-artists/,"Top Mehndi Artists in Khanvel Road, Valsad | Hire Near You - VenueConnect","Find the best mehndi artists in Khanvel Road, Valsad for your event. Browse verified profiles, compare pricing & get WhatsApp leads instantly on VenueConnect.","Top Mehndi Artists in Khanvel Road, Valsad",mehndi artists in Khanvel Road Valsad,"mehndi artists near Khanvel Road, mehndi artists Khanvel Road Valsad, best mehndi artists near Khanvel Road",Transactional (Hyper-local),Medium
Vendor + City Area,"Photographers in Khergam, Valsad | VenueConnect",/valsad/khergam/vendors/photographers/,"Top Photographers in Khergam, Valsad | Hire Near You - VenueConnect","Find the best photographers in Khergam, Valsad for your event. Browse verified profiles, compare pricing & get WhatsApp leads instantly on VenueConnect.","Top Photographers in Khergam, Valsad",photographers in Khergam Valsad,"photographers near Khergam, photographers Khergam Valsad, best photographers near Khergam",Transactional (Hyper-local),Medium
Vendor + City Area,"Caterers in Khergam, Valsad | VenueConnect",/valsad/khergam/vendors/caterers/,"Top Caterers in Khergam, Valsad | Hire Near You - VenueConnect","Find the best caterers in Khergam, Valsad for your event. Browse verified profiles, compare pricing & get WhatsApp leads instantly on VenueConnect.","Top Caterers in Khergam, Valsad",caterers in Khergam Valsad,"caterers near Khergam, caterers Khergam Valsad, best caterers near Khergam",Transactional (Hyper-local),Medium
Vendor + City Area,"Decorators in Khergam, Valsad | VenueConnect",/valsad/khergam/vendors/decorators/,"Top Decorators in Khergam, Valsad | Hire Near You - VenueConnect","Find the best decorators in Khergam, Valsad for your event. Browse verified profiles, compare pricing & get WhatsApp leads instantly on VenueConnect.","Top Decorators in Khergam, Valsad",decorators in Khergam Valsad,"decorators near Khergam, decorators Khergam Valsad, best decorators near Khergam",Transactional (Hyper-local),Medium
Vendor + City Area,"Mehndi Artists in Khergam, Valsad | VenueConnect",/valsad/khergam/vendors/mehndi-artists/,"Top Mehndi Artists in Khergam, Valsad | Hire Near You - VenueConnect","Find the best mehndi artists in Khergam, Valsad for your event. Browse verified profiles, compare pricing & get WhatsApp leads instantly on VenueConnect.","Top Mehndi Artists in Khergam, Valsad",mehndi artists in Khergam Valsad,"mehndi artists near Khergam, mehndi artists Khergam Valsad, best mehndi artists near Khergam",Transactional (Hyper-local),Medium
Vendor + City Area,"Photographers in Navsari Road, Valsad | VenueConnect",/valsad/navsari-road/vendors/photographers/,"Top Photographers in Navsari Road, Valsad | Hire Near You - VenueConnect","Find the best photographers in Navsari Road, Valsad for your event. Browse verified profiles, compare pricing & get WhatsApp leads instantly on VenueConnect.","Top Photographers in Navsari Road, Valsad",photographers in Navsari Road Valsad,"photographers near Navsari Road, photographers Navsari Road Valsad, best photographers near Navsari Road",Transactional (Hyper-local),Medium
Vendor + City Area,"Caterers in Navsari Road, Valsad | VenueConnect",/valsad/navsari-road/vendors/caterers/,"Top Caterers in Navsari Road, Valsad | Hire Near You - VenueConnect","Find the best caterers in Navsari Road, Valsad for your event. Browse verified profiles, compare pricing & get WhatsApp leads instantly on VenueConnect.","Top Caterers in Navsari Road, Valsad",caterers in Navsari Road Valsad,"caterers near Navsari Road, caterers Navsari Road Valsad, best caterers near Navsari Road",Transactional (Hyper-local),Medium
Vendor + City Area,"Decorators in Navsari Road, Valsad | VenueConnect",/valsad/navsari-road/vendors/decorators/,"Top Decorators in Navsari Road, Valsad | Hire Near You - VenueConnect","Find the best decorators in Navsari Road, Valsad for your event. Browse verified profiles, compare pricing & get WhatsApp leads instantly on VenueConnect.","Top Decorators in Navsari Road, Valsad",decorators in Navsari Road Valsad,"decorators near Navsari Road, decorators Navsari Road Valsad, best decorators near Navsari Road",Transactional (Hyper-local),Medium
Vendor + City Area,"Mehndi Artists in Navsari Road, Valsad | VenueConnect",/valsad/navsari-road/vendors/mehndi-artists/,"Top Mehndi Artists in Navsari Road, Valsad | Hire Near You - VenueConnect","Find the best mehndi artists in Navsari Road, Valsad for your event. Browse verified profiles, compare pricing & get WhatsApp leads instantly on VenueConnect.","Top Mehndi Artists in Navsari Road, Valsad",mehndi artists in Navsari Road Valsad,"mehndi artists near Navsari Road, mehndi artists Navsari Road Valsad, best mehndi artists near Navsari Road",Transactional (Hyper-local),Medium
Vendor + City Area,"Photographers in Sanjan, Valsad | VenueConnect",/valsad/sanjan/vendors/photographers/,"Top Photographers in Sanjan, Valsad | Hire Near You - VenueConnect","Find the best photographers in Sanjan, Valsad for your event. Browse verified profiles, compare pricing & get WhatsApp leads instantly on VenueConnect.","Top Photographers in Sanjan, Valsad",photographers in Sanjan Valsad,"photographers near Sanjan, photographers Sanjan Valsad, best photographers near Sanjan",Transactional (Hyper-local),Medium
Vendor + City Area,"Caterers in Sanjan, Valsad | VenueConnect",/valsad/sanjan/vendors/caterers/,"Top Caterers in Sanjan, Valsad | Hire Near You - VenueConnect","Find the best caterers in Sanjan, Valsad for your event. Browse verified profiles, compare pricing & get WhatsApp leads instantly on VenueConnect.","Top Caterers in Sanjan, Valsad",caterers in Sanjan Valsad,"caterers near Sanjan, caterers Sanjan Valsad, best caterers near Sanjan",Transactional (Hyper-local),Medium
Vendor + City Area,"Decorators in Sanjan, Valsad | VenueConnect",/valsad/sanjan/vendors/decorators/,"Top Decorators in Sanjan, Valsad | Hire Near You - VenueConnect","Find the best decorators in Sanjan, Valsad for your event. Browse verified profiles, compare pricing & get WhatsApp leads instantly on VenueConnect.","Top Decorators in Sanjan, Valsad",decorators in Sanjan Valsad,"decorators near Sanjan, decorators Sanjan Valsad, best decorators near Sanjan",Transactional (Hyper-local),Medium
Vendor + City Area,"Mehndi Artists in Sanjan, Valsad | VenueConnect",/valsad/sanjan/vendors/mehndi-artists/,"Top Mehndi Artists in Sanjan, Valsad | Hire Near You - VenueConnect","Find the best mehndi artists in Sanjan, Valsad for your event. Browse verified profiles, compare pricing & get WhatsApp leads instantly on VenueConnect.","Top Mehndi Artists in Sanjan, Valsad",mehndi artists in Sanjan Valsad,"mehndi artists near Sanjan, mehndi artists Sanjan Valsad, best mehndi artists near Sanjan",Transactional (Hyper-local),Medium
Vendor + City Area,"Photographers in Sarigam, Valsad | VenueConnect",/valsad/sarigam/vendors/photographers/,"Top Photographers in Sarigam, Valsad | Hire Near You - VenueConnect","Find the best photographers in Sarigam, Valsad for your event. Browse verified profiles, compare pricing & get WhatsApp leads instantly on VenueConnect.","Top Photographers in Sarigam, Valsad",photographers in Sarigam Valsad,"photographers near Sarigam, photographers Sarigam Valsad, best photographers near Sarigam",Transactional (Hyper-local),Medium
Vendor + City Area,"Caterers in Sarigam, Valsad | VenueConnect",/valsad/sarigam/vendors/caterers/,"Top Caterers in Sarigam, Valsad | Hire Near You - VenueConnect","Find the best caterers in Sarigam, Valsad for your event. Browse verified profiles, compare pricing & get WhatsApp leads instantly on VenueConnect.","Top Caterers in Sarigam, Valsad",caterers in Sarigam Valsad,"caterers near Sarigam, caterers Sarigam Valsad, best caterers near Sarigam",Transactional (Hyper-local),Medium
Vendor + City Area,"Decorators in Sarigam, Valsad | VenueConnect",/valsad/sarigam/vendors/decorators/,"Top Decorators in Sarigam, Valsad | Hire Near You - VenueConnect","Find the best decorators in Sarigam, Valsad for your event. Browse verified profiles, compare pricing & get WhatsApp leads instantly on VenueConnect.","Top Decorators in Sarigam, Valsad",decorators in Sarigam Valsad,"decorators near Sarigam, decorators Sarigam Valsad, best decorators near Sarigam",Transactional (Hyper-local),Medium
Vendor + City Area,"Mehndi Artists in Sarigam, Valsad | VenueConnect",/valsad/sarigam/vendors/mehndi-artists/,"Top Mehndi Artists in Sarigam, Valsad | Hire Near You - VenueConnect","Find the best mehndi artists in Sarigam, Valsad for your event. Browse verified profiles, compare pricing & get WhatsApp leads instantly on VenueConnect.","Top Mehndi Artists in Sarigam, Valsad",mehndi artists in Sarigam Valsad,"mehndi artists near Sarigam, mehndi artists Sarigam Valsad, best mehndi artists near Sarigam",Transactional (Hyper-local),Medium
Vendor + City Area,"Photographers in Solsumba, Valsad | VenueConnect",/valsad/solsumba/vendors/photographers/,"Top Photographers in Solsumba, Valsad | Hire Near You - VenueConnect","Find the best photographers in Solsumba, Valsad for your event. Browse verified profiles, compare pricing & get WhatsApp leads instantly on VenueConnect.","Top Photographers in Solsumba, Valsad",photographers in Solsumba Valsad,"photographers near Solsumba, photographers Solsumba Valsad, best photographers near Solsumba",Transactional (Hyper-local),Medium
Vendor + City Area,"Caterers in Solsumba, Valsad | VenueConnect",/valsad/solsumba/vendors/caterers/,"Top Caterers in Solsumba, Valsad | Hire Near You - VenueConnect","Find the best caterers in Solsumba, Valsad for your event. Browse verified profiles, compare pricing & get WhatsApp leads instantly on VenueConnect.","Top Caterers in Solsumba, Valsad",caterers in Solsumba Valsad,"caterers near Solsumba, caterers Solsumba Valsad, best caterers near Solsumba",Transactional (Hyper-local),Medium
Vendor + City Area,"Decorators in Solsumba, Valsad | VenueConnect",/valsad/solsumba/vendors/decorators/,"Top Decorators in Solsumba, Valsad | Hire Near You - VenueConnect","Find the best decorators in Solsumba, Valsad for your event. Browse verified profiles, compare pricing & get WhatsApp leads instantly on VenueConnect.","Top Decorators in Solsumba, Valsad",decorators in Solsumba Valsad,"decorators near Solsumba, decorators Solsumba Valsad, best decorators near Solsumba",Transactional (Hyper-local),Medium
Vendor + City Area,"Mehndi Artists in Solsumba, Valsad | VenueConnect",/valsad/solsumba/vendors/mehndi-artists/,"Top Mehndi Artists in Solsumba, Valsad | Hire Near You - VenueConnect","Find the best mehndi artists in Solsumba, Valsad for your event. Browse verified profiles, compare pricing & get WhatsApp leads instantly on VenueConnect.","Top Mehndi Artists in Solsumba, Valsad",mehndi artists in Solsumba Valsad,"mehndi artists near Solsumba, mehndi artists Solsumba Valsad, best mehndi artists near Solsumba",Transactional (Hyper-local),Medium
Vendor + City Area,"Photographers in Sumarpur, Valsad | VenueConnect",/valsad/sumarpur/vendors/photographers/,"Top Photographers in Sumarpur, Valsad | Hire Near You - VenueConnect","Find the best photographers in Sumarpur, Valsad for your event. Browse verified profiles, compare pricing & get WhatsApp leads instantly on VenueConnect.","Top Photographers in Sumarpur, Valsad",photographers in Sumarpur Valsad,"photographers near Sumarpur, photographers Sumarpur Valsad, best photographers near Sumarpur",Transactional (Hyper-local),Medium
Vendor + City Area,"Caterers in Sumarpur, Valsad | VenueConnect",/valsad/sumarpur/vendors/caterers/,"Top Caterers in Sumarpur, Valsad | Hire Near You - VenueConnect","Find the best caterers in Sumarpur, Valsad for your event. Browse verified profiles, compare pricing & get WhatsApp leads instantly on VenueConnect.","Top Caterers in Sumarpur, Valsad",caterers in Sumarpur Valsad,"caterers near Sumarpur, caterers Sumarpur Valsad, best caterers near Sumarpur",Transactional (Hyper-local),Medium
Vendor + City Area,"Decorators in Sumarpur, Valsad | VenueConnect",/valsad/sumarpur/vendors/decorators/,"Top Decorators in Sumarpur, Valsad | Hire Near You - VenueConnect","Find the best decorators in Sumarpur, Valsad for your event. Browse verified profiles, compare pricing & get WhatsApp leads instantly on VenueConnect.","Top Decorators in Sumarpur, Valsad",decorators in Sumarpur Valsad,"decorators near Sumarpur, decorators Sumarpur Valsad, best decorators near Sumarpur",Transactional (Hyper-local),Medium
Vendor + City Area,"Mehndi Artists in Sumarpur, Valsad | VenueConnect",/valsad/sumarpur/vendors/mehndi-artists/,"Top Mehndi Artists in Sumarpur, Valsad | Hire Near You - VenueConnect","Find the best mehndi artists in Sumarpur, Valsad for your event. Browse verified profiles, compare pricing & get WhatsApp leads instantly on VenueConnect.","Top Mehndi Artists in Sumarpur, Valsad",mehndi artists in Sumarpur Valsad,"mehndi artists near Sumarpur, mehndi artists Sumarpur Valsad, best mehndi artists near Sumarpur",Transactional (Hyper-local),Medium
Vendor + City Area,"Photographers in Tithal Beach Road, Valsad | VenueConnect",/valsad/tithal-beach-road/vendors/photographers/,"Top Photographers in Tithal Beach Road, Valsad | Hire Near You - VenueConnect","Find the best photographers in Tithal Beach Road, Valsad for your event. Browse verified profiles, compare pricing & get WhatsApp leads instantly on VenueConnect.","Top Photographers in Tithal Beach Road, Valsad",photographers in Tithal Beach Road Valsad,"photographers near Tithal Beach Road, photographers Tithal Beach Road Valsad, best photographers near Tithal Beach Road",Transactional (Hyper-local),Medium
Vendor + City Area,"Caterers in Tithal Beach Road, Valsad | VenueConnect",/valsad/tithal-beach-road/vendors/caterers/,"Top Caterers in Tithal Beach Road, Valsad | Hire Near You - VenueConnect","Find the best caterers in Tithal Beach Road, Valsad for your event. Browse verified profiles, compare pricing & get WhatsApp leads instantly on VenueConnect.","Top Caterers in Tithal Beach Road, Valsad",caterers in Tithal Beach Road Valsad,"caterers near Tithal Beach Road, caterers Tithal Beach Road Valsad, best caterers near Tithal Beach Road",Transactional (Hyper-local),Medium
Vendor + City Area,"Decorators in Tithal Beach Road, Valsad | VenueConnect",/valsad/tithal-beach-road/vendors/decorators/,"Top Decorators in Tithal Beach Road, Valsad | Hire Near You - VenueConnect","Find the best decorators in Tithal Beach Road, Valsad for your event. Browse verified profiles, compare pricing & get WhatsApp leads instantly on VenueConnect.","Top Decorators in Tithal Beach Road, Valsad",decorators in Tithal Beach Road Valsad,"decorators near Tithal Beach Road, decorators Tithal Beach Road Valsad, best decorators near Tithal Beach Road",Transactional (Hyper-local),Medium
Vendor + City Area,"Mehndi Artists in Tithal Beach Road, Valsad | VenueConnect",/valsad/tithal-beach-road/vendors/mehndi-artists/,"Top Mehndi Artists in Tithal Beach Road, Valsad | Hire Near You - VenueConnect","Find the best mehndi artists in Tithal Beach Road, Valsad for your event. Browse verified profiles, compare pricing & get WhatsApp leads instantly on VenueConnect.","Top Mehndi Artists in Tithal Beach Road, Valsad",mehndi artists in Tithal Beach Road Valsad,"mehndi artists near Tithal Beach Road, mehndi artists Tithal Beach Road Valsad, best mehndi artists near Tithal Beach Road",Transactional (Hyper-local),Medium
Vendor + City Area,"Photographers in Umargam, Valsad | VenueConnect",/valsad/umargam/vendors/photographers/,"Top Photographers in Umargam, Valsad | Hire Near You - VenueConnect","Find the best photographers in Umargam, Valsad for your event. Browse verified profiles, compare pricing & get WhatsApp leads instantly on VenueConnect.","Top Photographers in Umargam, Valsad",photographers in Umargam Valsad,"photographers near Umargam, photographers Umargam Valsad, best photographers near Umargam",Transactional (Hyper-local),Medium
Vendor + City Area,"Caterers in Umargam, Valsad | VenueConnect",/valsad/umargam/vendors/caterers/,"Top Caterers in Umargam, Valsad | Hire Near You - VenueConnect","Find the best caterers in Umargam, Valsad for your event. Browse verified profiles, compare pricing & get WhatsApp leads instantly on VenueConnect.","Top Caterers in Umargam, Valsad",caterers in Umargam Valsad,"caterers near Umargam, caterers Umargam Valsad, best caterers near Umargam",Transactional (Hyper-local),Medium
Vendor + City Area,"Decorators in Umargam, Valsad | VenueConnect",/valsad/umargam/vendors/decorators/,"Top Decorators in Umargam, Valsad | Hire Near You - VenueConnect","Find the best decorators in Umargam, Valsad for your event. Browse verified profiles, compare pricing & get WhatsApp leads instantly on VenueConnect.","Top Decorators in Umargam, Valsad",decorators in Umargam Valsad,"decorators near Umargam, decorators Umargam Valsad, best decorators near Umargam",Transactional (Hyper-local),Medium
Vendor + City Area,"Mehndi Artists in Umargam, Valsad | VenueConnect",/valsad/umargam/vendors/mehndi-artists/,"Top Mehndi Artists in Umargam, Valsad | Hire Near You - VenueConnect","Find the best mehndi artists in Umargam, Valsad for your event. Browse verified profiles, compare pricing & get WhatsApp leads instantly on VenueConnect.","Top Mehndi Artists in Umargam, Valsad",mehndi artists in Umargam Valsad,"mehndi artists near Umargam, mehndi artists Umargam Valsad, best mehndi artists near Umargam",Transactional (Hyper-local),Medium
Vendor + City Area,"Photographers in Valsad Court, Valsad | VenueConnect",/valsad/valsad-court/vendors/photographers/,"Top Photographers in Valsad Court, Valsad | Hire Near You - VenueConnect","Find the best photographers in Valsad Court, Valsad for your event. Browse verified profiles, compare pricing & get WhatsApp leads instantly on VenueConnect.","Top Photographers in Valsad Court, Valsad",photographers in Valsad Court Valsad,"photographers near Valsad Court, photographers Valsad Court Valsad, best photographers near Valsad Court",Transactional (Hyper-local),Medium
Vendor + City Area,"Caterers in Valsad Court, Valsad | VenueConnect",/valsad/valsad-court/vendors/caterers/,"Top Caterers in Valsad Court, Valsad | Hire Near You - VenueConnect","Find the best caterers in Valsad Court, Valsad for your event. Browse verified profiles, compare pricing & get WhatsApp leads instantly on VenueConnect.","Top Caterers in Valsad Court, Valsad",caterers in Valsad Court Valsad,"caterers near Valsad Court, caterers Valsad Court Valsad, best caterers near Valsad Court",Transactional (Hyper-local),Medium
Vendor + City Area,"Decorators in Valsad Court, Valsad | VenueConnect",/valsad/valsad-court/vendors/decorators/,"Top Decorators in Valsad Court, Valsad | Hire Near You - VenueConnect","Find the best decorators in Valsad Court, Valsad for your event. Browse verified profiles, compare pricing & get WhatsApp leads instantly on VenueConnect.","Top Decorators in Valsad Court, Valsad",decorators in Valsad Court Valsad,"decorators near Valsad Court, decorators Valsad Court Valsad, best decorators near Valsad Court",Transactional (Hyper-local),Medium
Vendor + City Area,"Mehndi Artists in Valsad Court, Valsad | VenueConnect",/valsad/valsad-court/vendors/mehndi-artists/,"Top Mehndi Artists in Valsad Court, Valsad | Hire Near You - VenueConnect","Find the best mehndi artists in Valsad Court, Valsad for your event. Browse verified profiles, compare pricing & get WhatsApp leads instantly on VenueConnect.","Top Mehndi Artists in Valsad Court, Valsad",mehndi artists in Valsad Court Valsad,"mehndi artists near Valsad Court, mehndi artists Valsad Court Valsad, best mehndi artists near Valsad Court",Transactional (Hyper-local),Medium
  VENUE TYPE + CITY AREA PAGES (Hyper-local),,,,,,,,,
Page Type,Page Title,URL Slug,Meta Title,Meta Description,H1 Tag,Target Keyword,Secondary Keywords,Search Intent,Priority
Venue + City Area,"Banquet Halls in Tithal Road, Valsad | VenueConnect",/valsad/tithal-road/banquet-halls/,"Best Banquet Halls in Tithal Road, Valsad | Compare Near You - VenueConnect","Looking for banquet halls in Tithal Road, Valsad? Browse verified listings with pricing, capacity & photos. Book the perfect venue near Tithal Road on VenueConnect.","Best Banquet Halls in Tithal Road, Valsad",banquet halls in Tithal Road Valsad,"banquet halls near Tithal Road, banquet halls Tithal Road Valsad, affordable banquet halls near Tithal Road",Transactional (Hyper-local),High
Venue + City Area,"Farmhouses in Tithal Road, Valsad | VenueConnect",/valsad/tithal-road/farmhouses/,"Best Farmhouses in Tithal Road, Valsad | Compare Near You - VenueConnect","Looking for farmhouses in Tithal Road, Valsad? Browse verified listings with pricing, capacity & photos. Book the perfect venue near Tithal Road on VenueConnect.","Best Farmhouses in Tithal Road, Valsad",farmhouses in Tithal Road Valsad,"farmhouses near Tithal Road, farmhouses Tithal Road Valsad, affordable farmhouses near Tithal Road",Transactional (Hyper-local),High
Venue + City Area,"Party Plots in Tithal Road, Valsad | VenueConnect",/valsad/tithal-road/party-plots/,"Best Party Plots in Tithal Road, Valsad | Compare Near You - VenueConnect","Looking for party plots in Tithal Road, Valsad? Browse verified listings with pricing, capacity & photos. Book the perfect venue near Tithal Road on VenueConnect.","Best Party Plots in Tithal Road, Valsad",party plots in Tithal Road Valsad,"party plots near Tithal Road, party plots Tithal Road Valsad, affordable party plots near Tithal Road",Transactional (Hyper-local),High
Venue + City Area,"Banquet Halls in Dharampur Road, Valsad | VenueConnect",/valsad/dharampur-road/banquet-halls/,"Best Banquet Halls in Dharampur Road, Valsad | Compare Near You - VenueConnect","Looking for banquet halls in Dharampur Road, Valsad? Browse verified listings with pricing, capacity & photos. Book the perfect venue near Dharampur Road on VenueConnect.","Best Banquet Halls in Dharampur Road, Valsad",banquet halls in Dharampur Road Valsad,"banquet halls near Dharampur Road, banquet halls Dharampur Road Valsad, affordable banquet halls near Dharampur Road",Transactional (Hyper-local),High
Venue + City Area,"Farmhouses in Dharampur Road, Valsad | VenueConnect",/valsad/dharampur-road/farmhouses/,"Best Farmhouses in Dharampur Road, Valsad | Compare Near You - VenueConnect","Looking for farmhouses in Dharampur Road, Valsad? Browse verified listings with pricing, capacity & photos. Book the perfect venue near Dharampur Road on VenueConnect.","Best Farmhouses in Dharampur Road, Valsad",farmhouses in Dharampur Road Valsad,"farmhouses near Dharampur Road, farmhouses Dharampur Road Valsad, affordable farmhouses near Dharampur Road",Transactional (Hyper-local),High
Venue + City Area,"Party Plots in Dharampur Road, Valsad | VenueConnect",/valsad/dharampur-road/party-plots/,"Best Party Plots in Dharampur Road, Valsad | Compare Near You - VenueConnect","Looking for party plots in Dharampur Road, Valsad? Browse verified listings with pricing, capacity & photos. Book the perfect venue near Dharampur Road on VenueConnect.","Best Party Plots in Dharampur Road, Valsad",party plots in Dharampur Road Valsad,"party plots near Dharampur Road, party plots Dharampur Road Valsad, affordable party plots near Dharampur Road",Transactional (Hyper-local),High
Venue + City Area,"Banquet Halls in Station Road, Valsad | VenueConnect",/valsad/station-road/banquet-halls/,"Best Banquet Halls in Station Road, Valsad | Compare Near You - VenueConnect","Looking for banquet halls in Station Road, Valsad? Browse verified listings with pricing, capacity & photos. Book the perfect venue near Station Road on VenueConnect.","Best Banquet Halls in Station Road, Valsad",banquet halls in Station Road Valsad,"banquet halls near Station Road, banquet halls Station Road Valsad, affordable banquet halls near Station Road",Transactional (Hyper-local),High
Venue + City Area,"Farmhouses in Station Road, Valsad | VenueConnect",/valsad/station-road/farmhouses/,"Best Farmhouses in Station Road, Valsad | Compare Near You - VenueConnect","Looking for farmhouses in Station Road, Valsad? Browse verified listings with pricing, capacity & photos. Book the perfect venue near Station Road on VenueConnect.","Best Farmhouses in Station Road, Valsad",farmhouses in Station Road Valsad,"farmhouses near Station Road, farmhouses Station Road Valsad, affordable farmhouses near Station Road",Transactional (Hyper-local),High
Venue + City Area,"Party Plots in Station Road, Valsad | VenueConnect",/valsad/station-road/party-plots/,"Best Party Plots in Station Road, Valsad | Compare Near You - VenueConnect","Looking for party plots in Station Road, Valsad? Browse verified listings with pricing, capacity & photos. Book the perfect venue near Station Road on VenueConnect.","Best Party Plots in Station Road, Valsad",party plots in Station Road Valsad,"party plots near Station Road, party plots Station Road Valsad, affordable party plots near Station Road",Transactional (Hyper-local),High
Venue + City Area,"Banquet Halls in Atul, Valsad | VenueConnect",/valsad/atul/banquet-halls/,"Best Banquet Halls in Atul, Valsad | Compare Near You - VenueConnect","Looking for banquet halls in Atul, Valsad? Browse verified listings with pricing, capacity & photos. Book the perfect venue near Atul on VenueConnect.","Best Banquet Halls in Atul, Valsad",banquet halls in Atul Valsad,"banquet halls near Atul, banquet halls Atul Valsad, affordable banquet halls near Atul",Transactional (Hyper-local),High
Venue + City Area,"Farmhouses in Atul, Valsad | VenueConnect",/valsad/atul/farmhouses/,"Best Farmhouses in Atul, Valsad | Compare Near You - VenueConnect","Looking for farmhouses in Atul, Valsad? Browse verified listings with pricing, capacity & photos. Book the perfect venue near Atul on VenueConnect.","Best Farmhouses in Atul, Valsad",farmhouses in Atul Valsad,"farmhouses near Atul, farmhouses Atul Valsad, affordable farmhouses near Atul",Transactional (Hyper-local),High
Venue + City Area,"Party Plots in Atul, Valsad | VenueConnect",/valsad/atul/party-plots/,"Best Party Plots in Atul, Valsad | Compare Near You - VenueConnect","Looking for party plots in Atul, Valsad? Browse verified listings with pricing, capacity & photos. Book the perfect venue near Atul on VenueConnect.","Best Party Plots in Atul, Valsad",party plots in Atul Valsad,"party plots near Atul, party plots Atul Valsad, affordable party plots near Atul",Transactional (Hyper-local),High
Venue + City Area,"Banquet Halls in Vapi Road, Valsad | VenueConnect",/valsad/vapi-road/banquet-halls/,"Best Banquet Halls in Vapi Road, Valsad | Compare Near You - VenueConnect","Looking for banquet halls in Vapi Road, Valsad? Browse verified listings with pricing, capacity & photos. Book the perfect venue near Vapi Road on VenueConnect.","Best Banquet Halls in Vapi Road, Valsad",banquet halls in Vapi Road Valsad,"banquet halls near Vapi Road, banquet halls Vapi Road Valsad, affordable banquet halls near Vapi Road",Transactional (Hyper-local),High
Venue + City Area,"Farmhouses in Vapi Road, Valsad | VenueConnect",/valsad/vapi-road/farmhouses/,"Best Farmhouses in Vapi Road, Valsad | Compare Near You - VenueConnect","Looking for farmhouses in Vapi Road, Valsad? Browse verified listings with pricing, capacity & photos. Book the perfect venue near Vapi Road on VenueConnect.","Best Farmhouses in Vapi Road, Valsad",farmhouses in Vapi Road Valsad,"farmhouses near Vapi Road, farmhouses Vapi Road Valsad, affordable farmhouses near Vapi Road",Transactional (Hyper-local),High
Venue + City Area,"Party Plots in Vapi Road, Valsad | VenueConnect",/valsad/vapi-road/party-plots/,"Best Party Plots in Vapi Road, Valsad | Compare Near You - VenueConnect","Looking for party plots in Vapi Road, Valsad? Browse verified listings with pricing, capacity & photos. Book the perfect venue near Vapi Road on VenueConnect.","Best Party Plots in Vapi Road, Valsad",party plots in Vapi Road Valsad,"party plots near Vapi Road, party plots Vapi Road Valsad, affordable party plots near Vapi Road",Transactional (Hyper-local),High
Venue + City Area,"Banquet Halls in Pardi, Valsad | VenueConnect",/valsad/pardi/banquet-halls/,"Best Banquet Halls in Pardi, Valsad | Compare Near You - VenueConnect","Looking for banquet halls in Pardi, Valsad? Browse verified listings with pricing, capacity & photos. Book the perfect venue near Pardi on VenueConnect.","Best Banquet Halls in Pardi, Valsad",banquet halls in Pardi Valsad,"banquet halls near Pardi, banquet halls Pardi Valsad, affordable banquet halls near Pardi",Transactional (Hyper-local),High
Venue + City Area,"Farmhouses in Pardi, Valsad | VenueConnect",/valsad/pardi/farmhouses/,"Best Farmhouses in Pardi, Valsad | Compare Near You - VenueConnect","Looking for farmhouses in Pardi, Valsad? Browse verified listings with pricing, capacity & photos. Book the perfect venue near Pardi on VenueConnect.","Best Farmhouses in Pardi, Valsad",farmhouses in Pardi Valsad,"farmhouses near Pardi, farmhouses Pardi Valsad, affordable farmhouses near Pardi",Transactional (Hyper-local),High
Venue + City Area,"Party Plots in Pardi, Valsad | VenueConnect",/valsad/pardi/party-plots/,"Best Party Plots in Pardi, Valsad | Compare Near You - VenueConnect","Looking for party plots in Pardi, Valsad? Browse verified listings with pricing, capacity & photos. Book the perfect venue near Pardi on VenueConnect.","Best Party Plots in Pardi, Valsad",party plots in Pardi Valsad,"party plots near Pardi, party plots Pardi Valsad, affordable party plots near Pardi",Transactional (Hyper-local),High
Venue + City Area,"Banquet Halls in Abrama, Valsad | VenueConnect",/valsad/abrama/banquet-halls/,"Best Banquet Halls in Abrama, Valsad | Compare Near You - VenueConnect","Looking for banquet halls in Abrama, Valsad? Browse verified listings with pricing, capacity & photos. Book the perfect venue near Abrama on VenueConnect.","Best Banquet Halls in Abrama, Valsad",banquet halls in Abrama Valsad,"banquet halls near Abrama, banquet halls Abrama Valsad, affordable banquet halls near Abrama",Transactional (Hyper-local),High
Venue + City Area,"Farmhouses in Abrama, Valsad | VenueConnect",/valsad/abrama/farmhouses/,"Best Farmhouses in Abrama, Valsad | Compare Near You - VenueConnect","Looking for farmhouses in Abrama, Valsad? Browse verified listings with pricing, capacity & photos. Book the perfect venue near Abrama on VenueConnect.","Best Farmhouses in Abrama, Valsad",farmhouses in Abrama Valsad,"farmhouses near Abrama, farmhouses Abrama Valsad, affordable farmhouses near Abrama",Transactional (Hyper-local),High
Venue + City Area,"Party Plots in Abrama, Valsad | VenueConnect",/valsad/abrama/party-plots/,"Best Party Plots in Abrama, Valsad | Compare Near You - VenueConnect","Looking for party plots in Abrama, Valsad? Browse verified listings with pricing, capacity & photos. Book the perfect venue near Abrama on VenueConnect.","Best Party Plots in Abrama, Valsad",party plots in Abrama Valsad,"party plots near Abrama, party plots Abrama Valsad, affordable party plots near Abrama",Transactional (Hyper-local),High
Venue + City Area,"Banquet Halls in Amalsad, Valsad | VenueConnect",/valsad/amalsad/banquet-halls/,"Best Banquet Halls in Amalsad, Valsad | Compare Near You - VenueConnect","Looking for banquet halls in Amalsad, Valsad? Browse verified listings with pricing, capacity & photos. Book the perfect venue near Amalsad on VenueConnect.","Best Banquet Halls in Amalsad, Valsad",banquet halls in Amalsad Valsad,"banquet halls near Amalsad, banquet halls Amalsad Valsad, affordable banquet halls near Amalsad",Transactional (Hyper-local),High
Venue + City Area,"Farmhouses in Amalsad, Valsad | VenueConnect",/valsad/amalsad/farmhouses/,"Best Farmhouses in Amalsad, Valsad | Compare Near You - VenueConnect","Looking for farmhouses in Amalsad, Valsad? Browse verified listings with pricing, capacity & photos. Book the perfect venue near Amalsad on VenueConnect.","Best Farmhouses in Amalsad, Valsad",farmhouses in Amalsad Valsad,"farmhouses near Amalsad, farmhouses Amalsad Valsad, affordable farmhouses near Amalsad",Transactional (Hyper-local),High
Venue + City Area,"Party Plots in Amalsad, Valsad | VenueConnect",/valsad/amalsad/party-plots/,"Best Party Plots in Amalsad, Valsad | Compare Near You - VenueConnect","Looking for party plots in Amalsad, Valsad? Browse verified listings with pricing, capacity & photos. Book the perfect venue near Amalsad on VenueConnect.","Best Party Plots in Amalsad, Valsad",party plots in Amalsad Valsad,"party plots near Amalsad, party plots Amalsad Valsad, affordable party plots near Amalsad",Transactional (Hyper-local),High
Venue + City Area,"Banquet Halls in Bilimora, Valsad | VenueConnect",/valsad/bilimora/banquet-halls/,"Best Banquet Halls in Bilimora, Valsad | Compare Near You - VenueConnect","Looking for banquet halls in Bilimora, Valsad? Browse verified listings with pricing, capacity & photos. Book the perfect venue near Bilimora on VenueConnect.","Best Banquet Halls in Bilimora, Valsad",banquet halls in Bilimora Valsad,"banquet halls near Bilimora, banquet halls Bilimora Valsad, affordable banquet halls near Bilimora",Transactional (Hyper-local),High
Venue + City Area,"Farmhouses in Bilimora, Valsad | VenueConnect",/valsad/bilimora/farmhouses/,"Best Farmhouses in Bilimora, Valsad | Compare Near You - VenueConnect","Looking for farmhouses in Bilimora, Valsad? Browse verified listings with pricing, capacity & photos. Book the perfect venue near Bilimora on VenueConnect.","Best Farmhouses in Bilimora, Valsad",farmhouses in Bilimora Valsad,"farmhouses near Bilimora, farmhouses Bilimora Valsad, affordable farmhouses near Bilimora",Transactional (Hyper-local),High
Venue + City Area,"Party Plots in Bilimora, Valsad | VenueConnect",/valsad/bilimora/party-plots/,"Best Party Plots in Bilimora, Valsad | Compare Near You - VenueConnect","Looking for party plots in Bilimora, Valsad? Browse verified listings with pricing, capacity & photos. Book the perfect venue near Bilimora on VenueConnect.","Best Party Plots in Bilimora, Valsad",party plots in Bilimora Valsad,"party plots near Bilimora, party plots Bilimora Valsad, affordable party plots near Bilimora",Transactional (Hyper-local),High
Venue + City Area,"Banquet Halls in Bilvani, Valsad | VenueConnect",/valsad/bilvani/banquet-halls/,"Best Banquet Halls in Bilvani, Valsad | Compare Near You - VenueConnect","Looking for banquet halls in Bilvani, Valsad? Browse verified listings with pricing, capacity & photos. Book the perfect venue near Bilvani on VenueConnect.","Best Banquet Halls in Bilvani, Valsad",banquet halls in Bilvani Valsad,"banquet halls near Bilvani, banquet halls Bilvani Valsad, affordable banquet halls near Bilvani",Transactional (Hyper-local),High
Venue + City Area,"Farmhouses in Bilvani, Valsad | VenueConnect",/valsad/bilvani/farmhouses/,"Best Farmhouses in Bilvani, Valsad | Compare Near You - VenueConnect","Looking for farmhouses in Bilvani, Valsad? Browse verified listings with pricing, capacity & photos. Book the perfect venue near Bilvani on VenueConnect.","Best Farmhouses in Bilvani, Valsad",farmhouses in Bilvani Valsad,"farmhouses near Bilvani, farmhouses Bilvani Valsad, affordable farmhouses near Bilvani",Transactional (Hyper-local),High
Venue + City Area,"Party Plots in Bilvani, Valsad | VenueConnect",/valsad/bilvani/party-plots/,"Best Party Plots in Bilvani, Valsad | Compare Near You - VenueConnect","Looking for party plots in Bilvani, Valsad? Browse verified listings with pricing, capacity & photos. Book the perfect venue near Bilvani on VenueConnect.","Best Party Plots in Bilvani, Valsad",party plots in Bilvani Valsad,"party plots near Bilvani, party plots Bilvani Valsad, affordable party plots near Bilvani",Transactional (Hyper-local),High
Venue + City Area,"Banquet Halls in Chala, Valsad | VenueConnect",/valsad/chala/banquet-halls/,"Best Banquet Halls in Chala, Valsad | Compare Near You - VenueConnect","Looking for banquet halls in Chala, Valsad? Browse verified listings with pricing, capacity & photos. Book the perfect venue near Chala on VenueConnect.","Best Banquet Halls in Chala, Valsad",banquet halls in Chala Valsad,"banquet halls near Chala, banquet halls Chala Valsad, affordable banquet halls near Chala",Transactional (Hyper-local),High
Venue + City Area,"Farmhouses in Chala, Valsad | VenueConnect",/valsad/chala/farmhouses/,"Best Farmhouses in Chala, Valsad | Compare Near You - VenueConnect","Looking for farmhouses in Chala, Valsad? Browse verified listings with pricing, capacity & photos. Book the perfect venue near Chala on VenueConnect.","Best Farmhouses in Chala, Valsad",farmhouses in Chala Valsad,"farmhouses near Chala, farmhouses Chala Valsad, affordable farmhouses near Chala",Transactional (Hyper-local),High
Venue + City Area,"Party Plots in Chala, Valsad | VenueConnect",/valsad/chala/party-plots/,"Best Party Plots in Chala, Valsad | Compare Near You - VenueConnect","Looking for party plots in Chala, Valsad? Browse verified listings with pricing, capacity & photos. Book the perfect venue near Chala on VenueConnect.","Best Party Plots in Chala, Valsad",party plots in Chala Valsad,"party plots near Chala, party plots Chala Valsad, affordable party plots near Chala",Transactional (Hyper-local),High
Venue + City Area,"Banquet Halls in Chikhli, Valsad | VenueConnect",/valsad/chikhli/banquet-halls/,"Best Banquet Halls in Chikhli, Valsad | Compare Near You - VenueConnect","Looking for banquet halls in Chikhli, Valsad? Browse verified listings with pricing, capacity & photos. Book the perfect venue near Chikhli on VenueConnect.","Best Banquet Halls in Chikhli, Valsad",banquet halls in Chikhli Valsad,"banquet halls near Chikhli, banquet halls Chikhli Valsad, affordable banquet halls near Chikhli",Transactional (Hyper-local),High
Venue + City Area,"Farmhouses in Chikhli, Valsad | VenueConnect",/valsad/chikhli/farmhouses/,"Best Farmhouses in Chikhli, Valsad | Compare Near You - VenueConnect","Looking for farmhouses in Chikhli, Valsad? Browse verified listings with pricing, capacity & photos. Book the perfect venue near Chikhli on VenueConnect.","Best Farmhouses in Chikhli, Valsad",farmhouses in Chikhli Valsad,"farmhouses near Chikhli, farmhouses Chikhli Valsad, affordable farmhouses near Chikhli",Transactional (Hyper-local),High
Venue + City Area,"Party Plots in Chikhli, Valsad | VenueConnect",/valsad/chikhli/party-plots/,"Best Party Plots in Chikhli, Valsad | Compare Near You - VenueConnect","Looking for party plots in Chikhli, Valsad? Browse verified listings with pricing, capacity & photos. Book the perfect venue near Chikhli on VenueConnect.","Best Party Plots in Chikhli, Valsad",party plots in Chikhli Valsad,"party plots near Chikhli, party plots Chikhli Valsad, affordable party plots near Chikhli",Transactional (Hyper-local),High
Venue + City Area,"Banquet Halls in Daman Road, Valsad | VenueConnect",/valsad/daman-road/banquet-halls/,"Best Banquet Halls in Daman Road, Valsad | Compare Near You - VenueConnect","Looking for banquet halls in Daman Road, Valsad? Browse verified listings with pricing, capacity & photos. Book the perfect venue near Daman Road on VenueConnect.","Best Banquet Halls in Daman Road, Valsad",banquet halls in Daman Road Valsad,"banquet halls near Daman Road, banquet halls Daman Road Valsad, affordable banquet halls near Daman Road",Transactional (Hyper-local),High
Venue + City Area,"Farmhouses in Daman Road, Valsad | VenueConnect",/valsad/daman-road/farmhouses/,"Best Farmhouses in Daman Road, Valsad | Compare Near You - VenueConnect","Looking for farmhouses in Daman Road, Valsad? Browse verified listings with pricing, capacity & photos. Book the perfect venue near Daman Road on VenueConnect.","Best Farmhouses in Daman Road, Valsad",farmhouses in Daman Road Valsad,"farmhouses near Daman Road, farmhouses Daman Road Valsad, affordable farmhouses near Daman Road",Transactional (Hyper-local),High
Venue + City Area,"Party Plots in Daman Road, Valsad | VenueConnect",/valsad/daman-road/party-plots/,"Best Party Plots in Daman Road, Valsad | Compare Near You - VenueConnect","Looking for party plots in Daman Road, Valsad? Browse verified listings with pricing, capacity & photos. Book the perfect venue near Daman Road on VenueConnect.","Best Party Plots in Daman Road, Valsad",party plots in Daman Road Valsad,"party plots near Daman Road, party plots Daman Road Valsad, affordable party plots near Daman Road",Transactional (Hyper-local),High
Venue + City Area,"Banquet Halls in Dungri, Valsad | VenueConnect",/valsad/dungri/banquet-halls/,"Best Banquet Halls in Dungri, Valsad | Compare Near You - VenueConnect","Looking for banquet halls in Dungri, Valsad? Browse verified listings with pricing, capacity & photos. Book the perfect venue near Dungri on VenueConnect.","Best Banquet Halls in Dungri, Valsad",banquet halls in Dungri Valsad,"banquet halls near Dungri, banquet halls Dungri Valsad, affordable banquet halls near Dungri",Transactional (Hyper-local),High
Venue + City Area,"Farmhouses in Dungri, Valsad | VenueConnect",/valsad/dungri/farmhouses/,"Best Farmhouses in Dungri, Valsad | Compare Near You - VenueConnect","Looking for farmhouses in Dungri, Valsad? Browse verified listings with pricing, capacity & photos. Book the perfect venue near Dungri on VenueConnect.","Best Farmhouses in Dungri, Valsad",farmhouses in Dungri Valsad,"farmhouses near Dungri, farmhouses Dungri Valsad, affordable farmhouses near Dungri",Transactional (Hyper-local),High
Venue + City Area,"Party Plots in Dungri, Valsad | VenueConnect",/valsad/dungri/party-plots/,"Best Party Plots in Dungri, Valsad | Compare Near You - VenueConnect","Looking for party plots in Dungri, Valsad? Browse verified listings with pricing, capacity & photos. Book the perfect venue near Dungri on VenueConnect.","Best Party Plots in Dungri, Valsad",party plots in Dungri Valsad,"party plots near Dungri, party plots Dungri Valsad, affordable party plots near Dungri",Transactional (Hyper-local),High
Venue + City Area,"Banquet Halls in Gandevi, Valsad | VenueConnect",/valsad/gandevi/banquet-halls/,"Best Banquet Halls in Gandevi, Valsad | Compare Near You - VenueConnect","Looking for banquet halls in Gandevi, Valsad? Browse verified listings with pricing, capacity & photos. Book the perfect venue near Gandevi on VenueConnect.","Best Banquet Halls in Gandevi, Valsad",banquet halls in Gandevi Valsad,"banquet halls near Gandevi, banquet halls Gandevi Valsad, affordable banquet halls near Gandevi",Transactional (Hyper-local),High
Venue + City Area,"Farmhouses in Gandevi, Valsad | VenueConnect",/valsad/gandevi/farmhouses/,"Best Farmhouses in Gandevi, Valsad | Compare Near You - VenueConnect","Looking for farmhouses in Gandevi, Valsad? Browse verified listings with pricing, capacity & photos. Book the perfect venue near Gandevi on VenueConnect.","Best Farmhouses in Gandevi, Valsad",farmhouses in Gandevi Valsad,"farmhouses near Gandevi, farmhouses Gandevi Valsad, affordable farmhouses near Gandevi",Transactional (Hyper-local),High
Venue + City Area,"Party Plots in Gandevi, Valsad | VenueConnect",/valsad/gandevi/party-plots/,"Best Party Plots in Gandevi, Valsad | Compare Near You - VenueConnect","Looking for party plots in Gandevi, Valsad? Browse verified listings with pricing, capacity & photos. Book the perfect venue near Gandevi on VenueConnect.","Best Party Plots in Gandevi, Valsad",party plots in Gandevi Valsad,"party plots near Gandevi, party plots Gandevi Valsad, affordable party plots near Gandevi",Transactional (Hyper-local),High
Venue + City Area,"Banquet Halls in Hathila, Valsad | VenueConnect",/valsad/hathila/banquet-halls/,"Best Banquet Halls in Hathila, Valsad | Compare Near You - VenueConnect","Looking for banquet halls in Hathila, Valsad? Browse verified listings with pricing, capacity & photos. Book the perfect venue near Hathila on VenueConnect.","Best Banquet Halls in Hathila, Valsad",banquet halls in Hathila Valsad,"banquet halls near Hathila, banquet halls Hathila Valsad, affordable banquet halls near Hathila",Transactional (Hyper-local),High
Venue + City Area,"Farmhouses in Hathila, Valsad | VenueConnect",/valsad/hathila/farmhouses/,"Best Farmhouses in Hathila, Valsad | Compare Near You - VenueConnect","Looking for farmhouses in Hathila, Valsad? Browse verified listings with pricing, capacity & photos. Book the perfect venue near Hathila on VenueConnect.","Best Farmhouses in Hathila, Valsad",farmhouses in Hathila Valsad,"farmhouses near Hathila, farmhouses Hathila Valsad, affordable farmhouses near Hathila",Transactional (Hyper-local),High
Venue + City Area,"Party Plots in Hathila, Valsad | VenueConnect",/valsad/hathila/party-plots/,"Best Party Plots in Hathila, Valsad | Compare Near You - VenueConnect","Looking for party plots in Hathila, Valsad? Browse verified listings with pricing, capacity & photos. Book the perfect venue near Hathila on VenueConnect.","Best Party Plots in Hathila, Valsad",party plots in Hathila Valsad,"party plots near Hathila, party plots Hathila Valsad, affordable party plots near Hathila",Transactional (Hyper-local),High
Venue + City Area,"Banquet Halls in Kabilpore, Valsad | VenueConnect",/valsad/kabilpore/banquet-halls/,"Best Banquet Halls in Kabilpore, Valsad | Compare Near You - VenueConnect","Looking for banquet halls in Kabilpore, Valsad? Browse verified listings with pricing, capacity & photos. Book the perfect venue near Kabilpore on VenueConnect.","Best Banquet Halls in Kabilpore, Valsad",banquet halls in Kabilpore Valsad,"banquet halls near Kabilpore, banquet halls Kabilpore Valsad, affordable banquet halls near Kabilpore",Transactional (Hyper-local),High
Venue + City Area,"Farmhouses in Kabilpore, Valsad | VenueConnect",/valsad/kabilpore/farmhouses/,"Best Farmhouses in Kabilpore, Valsad | Compare Near You - VenueConnect","Looking for farmhouses in Kabilpore, Valsad? Browse verified listings with pricing, capacity & photos. Book the perfect venue near Kabilpore on VenueConnect.","Best Farmhouses in Kabilpore, Valsad",farmhouses in Kabilpore Valsad,"farmhouses near Kabilpore, farmhouses Kabilpore Valsad, affordable farmhouses near Kabilpore",Transactional (Hyper-local),High
Venue + City Area,"Party Plots in Kabilpore, Valsad | VenueConnect",/valsad/kabilpore/party-plots/,"Best Party Plots in Kabilpore, Valsad | Compare Near You - VenueConnect","Looking for party plots in Kabilpore, Valsad? Browse verified listings with pricing, capacity & photos. Book the perfect venue near Kabilpore on VenueConnect.","Best Party Plots in Kabilpore, Valsad",party plots in Kabilpore Valsad,"party plots near Kabilpore, party plots Kabilpore Valsad, affordable party plots near Kabilpore",Transactional (Hyper-local),High
Venue + City Area,"Banquet Halls in Khanvel Road, Valsad | VenueConnect",/valsad/khanvel-road/banquet-halls/,"Best Banquet Halls in Khanvel Road, Valsad | Compare Near You - VenueConnect","Looking for banquet halls in Khanvel Road, Valsad? Browse verified listings with pricing, capacity & photos. Book the perfect venue near Khanvel Road on VenueConnect.","Best Banquet Halls in Khanvel Road, Valsad",banquet halls in Khanvel Road Valsad,"banquet halls near Khanvel Road, banquet halls Khanvel Road Valsad, affordable banquet halls near Khanvel Road",Transactional (Hyper-local),High
Venue + City Area,"Farmhouses in Khanvel Road, Valsad | VenueConnect",/valsad/khanvel-road/farmhouses/,"Best Farmhouses in Khanvel Road, Valsad | Compare Near You - VenueConnect","Looking for farmhouses in Khanvel Road, Valsad? Browse verified listings with pricing, capacity & photos. Book the perfect venue near Khanvel Road on VenueConnect.","Best Farmhouses in Khanvel Road, Valsad",farmhouses in Khanvel Road Valsad,"farmhouses near Khanvel Road, farmhouses Khanvel Road Valsad, affordable farmhouses near Khanvel Road",Transactional (Hyper-local),High
Venue + City Area,"Party Plots in Khanvel Road, Valsad | VenueConnect",/valsad/khanvel-road/party-plots/,"Best Party Plots in Khanvel Road, Valsad | Compare Near You - VenueConnect","Looking for party plots in Khanvel Road, Valsad? Browse verified listings with pricing, capacity & photos. Book the perfect venue near Khanvel Road on VenueConnect.","Best Party Plots in Khanvel Road, Valsad",party plots in Khanvel Road Valsad,"party plots near Khanvel Road, party plots Khanvel Road Valsad, affordable party plots near Khanvel Road",Transactional (Hyper-local),High
Venue + City Area,"Banquet Halls in Khergam, Valsad | VenueConnect",/valsad/khergam/banquet-halls/,"Best Banquet Halls in Khergam, Valsad | Compare Near You - VenueConnect","Looking for banquet halls in Khergam, Valsad? Browse verified listings with pricing, capacity & photos. Book the perfect venue near Khergam on VenueConnect.","Best Banquet Halls in Khergam, Valsad",banquet halls in Khergam Valsad,"banquet halls near Khergam, banquet halls Khergam Valsad, affordable banquet halls near Khergam",Transactional (Hyper-local),High
Venue + City Area,"Farmhouses in Khergam, Valsad | VenueConnect",/valsad/khergam/farmhouses/,"Best Farmhouses in Khergam, Valsad | Compare Near You - VenueConnect","Looking for farmhouses in Khergam, Valsad? Browse verified listings with pricing, capacity & photos. Book the perfect venue near Khergam on VenueConnect.","Best Farmhouses in Khergam, Valsad",farmhouses in Khergam Valsad,"farmhouses near Khergam, farmhouses Khergam Valsad, affordable farmhouses near Khergam",Transactional (Hyper-local),High
Venue + City Area,"Party Plots in Khergam, Valsad | VenueConnect",/valsad/khergam/party-plots/,"Best Party Plots in Khergam, Valsad | Compare Near You - VenueConnect","Looking for party plots in Khergam, Valsad? Browse verified listings with pricing, capacity & photos. Book the perfect venue near Khergam on VenueConnect.","Best Party Plots in Khergam, Valsad",party plots in Khergam Valsad,"party plots near Khergam, party plots Khergam Valsad, affordable party plots near Khergam",Transactional (Hyper-local),High
Venue + City Area,"Banquet Halls in Navsari Road, Valsad | VenueConnect",/valsad/navsari-road/banquet-halls/,"Best Banquet Halls in Navsari Road, Valsad | Compare Near You - VenueConnect","Looking for banquet halls in Navsari Road, Valsad? Browse verified listings with pricing, capacity & photos. Book the perfect venue near Navsari Road on VenueConnect.","Best Banquet Halls in Navsari Road, Valsad",banquet halls in Navsari Road Valsad,"banquet halls near Navsari Road, banquet halls Navsari Road Valsad, affordable banquet halls near Navsari Road",Transactional (Hyper-local),High
Venue + City Area,"Farmhouses in Navsari Road, Valsad | VenueConnect",/valsad/navsari-road/farmhouses/,"Best Farmhouses in Navsari Road, Valsad | Compare Near You - VenueConnect","Looking for farmhouses in Navsari Road, Valsad? Browse verified listings with pricing, capacity & photos. Book the perfect venue near Navsari Road on VenueConnect.","Best Farmhouses in Navsari Road, Valsad",farmhouses in Navsari Road Valsad,"farmhouses near Navsari Road, farmhouses Navsari Road Valsad, affordable farmhouses near Navsari Road",Transactional (Hyper-local),High
Venue + City Area,"Party Plots in Navsari Road, Valsad | VenueConnect",/valsad/navsari-road/party-plots/,"Best Party Plots in Navsari Road, Valsad | Compare Near You - VenueConnect","Looking for party plots in Navsari Road, Valsad? Browse verified listings with pricing, capacity & photos. Book the perfect venue near Navsari Road on VenueConnect.","Best Party Plots in Navsari Road, Valsad",party plots in Navsari Road Valsad,"party plots near Navsari Road, party plots Navsari Road Valsad, affordable party plots near Navsari Road",Transactional (Hyper-local),High
Venue + City Area,"Banquet Halls in Sanjan, Valsad | VenueConnect",/valsad/sanjan/banquet-halls/,"Best Banquet Halls in Sanjan, Valsad | Compare Near You - VenueConnect","Looking for banquet halls in Sanjan, Valsad? Browse verified listings with pricing, capacity & photos. Book the perfect venue near Sanjan on VenueConnect.","Best Banquet Halls in Sanjan, Valsad",banquet halls in Sanjan Valsad,"banquet halls near Sanjan, banquet halls Sanjan Valsad, affordable banquet halls near Sanjan",Transactional (Hyper-local),High
Venue + City Area,"Farmhouses in Sanjan, Valsad | VenueConnect",/valsad/sanjan/farmhouses/,"Best Farmhouses in Sanjan, Valsad | Compare Near You - VenueConnect","Looking for farmhouses in Sanjan, Valsad? Browse verified listings with pricing, capacity & photos. Book the perfect venue near Sanjan on VenueConnect.","Best Farmhouses in Sanjan, Valsad",farmhouses in Sanjan Valsad,"farmhouses near Sanjan, farmhouses Sanjan Valsad, affordable farmhouses near Sanjan",Transactional (Hyper-local),High
Venue + City Area,"Party Plots in Sanjan, Valsad | VenueConnect",/valsad/sanjan/party-plots/,"Best Party Plots in Sanjan, Valsad | Compare Near You - VenueConnect","Looking for party plots in Sanjan, Valsad? Browse verified listings with pricing, capacity & photos. Book the perfect venue near Sanjan on VenueConnect.","Best Party Plots in Sanjan, Valsad",party plots in Sanjan Valsad,"party plots near Sanjan, party plots Sanjan Valsad, affordable party plots near Sanjan",Transactional (Hyper-local),High
Venue + City Area,"Banquet Halls in Sarigam, Valsad | VenueConnect",/valsad/sarigam/banquet-halls/,"Best Banquet Halls in Sarigam, Valsad | Compare Near You - VenueConnect","Looking for banquet halls in Sarigam, Valsad? Browse verified listings with pricing, capacity & photos. Book the perfect venue near Sarigam on VenueConnect.","Best Banquet Halls in Sarigam, Valsad",banquet halls in Sarigam Valsad,"banquet halls near Sarigam, banquet halls Sarigam Valsad, affordable banquet halls near Sarigam",Transactional (Hyper-local),High
Venue + City Area,"Farmhouses in Sarigam, Valsad | VenueConnect",/valsad/sarigam/farmhouses/,"Best Farmhouses in Sarigam, Valsad | Compare Near You - VenueConnect","Looking for farmhouses in Sarigam, Valsad? Browse verified listings with pricing, capacity & photos. Book the perfect venue near Sarigam on VenueConnect.","Best Farmhouses in Sarigam, Valsad",farmhouses in Sarigam Valsad,"farmhouses near Sarigam, farmhouses Sarigam Valsad, affordable farmhouses near Sarigam",Transactional (Hyper-local),High
Venue + City Area,"Party Plots in Sarigam, Valsad | VenueConnect",/valsad/sarigam/party-plots/,"Best Party Plots in Sarigam, Valsad | Compare Near You - VenueConnect","Looking for party plots in Sarigam, Valsad? Browse verified listings with pricing, capacity & photos. Book the perfect venue near Sarigam on VenueConnect.","Best Party Plots in Sarigam, Valsad",party plots in Sarigam Valsad,"party plots near Sarigam, party plots Sarigam Valsad, affordable party plots near Sarigam",Transactional (Hyper-local),High
Venue + City Area,"Banquet Halls in Solsumba, Valsad | VenueConnect",/valsad/solsumba/banquet-halls/,"Best Banquet Halls in Solsumba, Valsad | Compare Near You - VenueConnect","Looking for banquet halls in Solsumba, Valsad? Browse verified listings with pricing, capacity & photos. Book the perfect venue near Solsumba on VenueConnect.","Best Banquet Halls in Solsumba, Valsad",banquet halls in Solsumba Valsad,"banquet halls near Solsumba, banquet halls Solsumba Valsad, affordable banquet halls near Solsumba",Transactional (Hyper-local),High
Venue + City Area,"Farmhouses in Solsumba, Valsad | VenueConnect",/valsad/solsumba/farmhouses/,"Best Farmhouses in Solsumba, Valsad | Compare Near You - VenueConnect","Looking for farmhouses in Solsumba, Valsad? Browse verified listings with pricing, capacity & photos. Book the perfect venue near Solsumba on VenueConnect.","Best Farmhouses in Solsumba, Valsad",farmhouses in Solsumba Valsad,"farmhouses near Solsumba, farmhouses Solsumba Valsad, affordable farmhouses near Solsumba",Transactional (Hyper-local),High
Venue + City Area,"Party Plots in Solsumba, Valsad | VenueConnect",/valsad/solsumba/party-plots/,"Best Party Plots in Solsumba, Valsad | Compare Near You - VenueConnect","Looking for party plots in Solsumba, Valsad? Browse verified listings with pricing, capacity & photos. Book the perfect venue near Solsumba on VenueConnect.","Best Party Plots in Solsumba, Valsad",party plots in Solsumba Valsad,"party plots near Solsumba, party plots Solsumba Valsad, affordable party plots near Solsumba",Transactional (Hyper-local),High
Venue + City Area,"Banquet Halls in Sumarpur, Valsad | VenueConnect",/valsad/sumarpur/banquet-halls/,"Best Banquet Halls in Sumarpur, Valsad | Compare Near You - VenueConnect","Looking for banquet halls in Sumarpur, Valsad? Browse verified listings with pricing, capacity & photos. Book the perfect venue near Sumarpur on VenueConnect.","Best Banquet Halls in Sumarpur, Valsad",banquet halls in Sumarpur Valsad,"banquet halls near Sumarpur, banquet halls Sumarpur Valsad, affordable banquet halls near Sumarpur",Transactional (Hyper-local),High
Venue + City Area,"Farmhouses in Sumarpur, Valsad | VenueConnect",/valsad/sumarpur/farmhouses/,"Best Farmhouses in Sumarpur, Valsad | Compare Near You - VenueConnect","Looking for farmhouses in Sumarpur, Valsad? Browse verified listings with pricing, capacity & photos. Book the perfect venue near Sumarpur on VenueConnect.","Best Farmhouses in Sumarpur, Valsad",farmhouses in Sumarpur Valsad,"farmhouses near Sumarpur, farmhouses Sumarpur Valsad, affordable farmhouses near Sumarpur",Transactional (Hyper-local),High
Venue + City Area,"Party Plots in Sumarpur, Valsad | VenueConnect",/valsad/sumarpur/party-plots/,"Best Party Plots in Sumarpur, Valsad | Compare Near You - VenueConnect","Looking for party plots in Sumarpur, Valsad? Browse verified listings with pricing, capacity & photos. Book the perfect venue near Sumarpur on VenueConnect.","Best Party Plots in Sumarpur, Valsad",party plots in Sumarpur Valsad,"party plots near Sumarpur, party plots Sumarpur Valsad, affordable party plots near Sumarpur",Transactional (Hyper-local),High
Venue + City Area,"Banquet Halls in Tithal Beach Road, Valsad | VenueConnect",/valsad/tithal-beach-road/banquet-halls/,"Best Banquet Halls in Tithal Beach Road, Valsad | Compare Near You - VenueConnect","Looking for banquet halls in Tithal Beach Road, Valsad? Browse verified listings with pricing, capacity & photos. Book the perfect venue near Tithal Beach Road on VenueConnect.","Best Banquet Halls in Tithal Beach Road, Valsad",banquet halls in Tithal Beach Road Valsad,"banquet halls near Tithal Beach Road, banquet halls Tithal Beach Road Valsad, affordable banquet halls near Tithal Beach Road",Transactional (Hyper-local),High
Venue + City Area,"Farmhouses in Tithal Beach Road, Valsad | VenueConnect",/valsad/tithal-beach-road/farmhouses/,"Best Farmhouses in Tithal Beach Road, Valsad | Compare Near You - VenueConnect","Looking for farmhouses in Tithal Beach Road, Valsad? Browse verified listings with pricing, capacity & photos. Book the perfect venue near Tithal Beach Road on VenueConnect.","Best Farmhouses in Tithal Beach Road, Valsad",farmhouses in Tithal Beach Road Valsad,"farmhouses near Tithal Beach Road, farmhouses Tithal Beach Road Valsad, affordable farmhouses near Tithal Beach Road",Transactional (Hyper-local),High
Venue + City Area,"Party Plots in Tithal Beach Road, Valsad | VenueConnect",/valsad/tithal-beach-road/party-plots/,"Best Party Plots in Tithal Beach Road, Valsad | Compare Near You - VenueConnect","Looking for party plots in Tithal Beach Road, Valsad? Browse verified listings with pricing, capacity & photos. Book the perfect venue near Tithal Beach Road on VenueConnect.","Best Party Plots in Tithal Beach Road, Valsad",party plots in Tithal Beach Road Valsad,"party plots near Tithal Beach Road, party plots Tithal Beach Road Valsad, affordable party plots near Tithal Beach Road",Transactional (Hyper-local),High
Venue + City Area,"Banquet Halls in Umargam, Valsad | VenueConnect",/valsad/umargam/banquet-halls/,"Best Banquet Halls in Umargam, Valsad | Compare Near You - VenueConnect","Looking for banquet halls in Umargam, Valsad? Browse verified listings with pricing, capacity & photos. Book the perfect venue near Umargam on VenueConnect.","Best Banquet Halls in Umargam, Valsad",banquet halls in Umargam Valsad,"banquet halls near Umargam, banquet halls Umargam Valsad, affordable banquet halls near Umargam",Transactional (Hyper-local),High
Venue + City Area,"Farmhouses in Umargam, Valsad | VenueConnect",/valsad/umargam/farmhouses/,"Best Farmhouses in Umargam, Valsad | Compare Near You - VenueConnect","Looking for farmhouses in Umargam, Valsad? Browse verified listings with pricing, capacity & photos. Book the perfect venue near Umargam on VenueConnect.","Best Farmhouses in Umargam, Valsad",farmhouses in Umargam Valsad,"farmhouses near Umargam, farmhouses Umargam Valsad, affordable farmhouses near Umargam",Transactional (Hyper-local),High
Venue + City Area,"Party Plots in Umargam, Valsad | VenueConnect",/valsad/umargam/party-plots/,"Best Party Plots in Umargam, Valsad | Compare Near You - VenueConnect","Looking for party plots in Umargam, Valsad? Browse verified listings with pricing, capacity & photos. Book the perfect venue near Umargam on VenueConnect.","Best Party Plots in Umargam, Valsad",party plots in Umargam Valsad,"party plots near Umargam, party plots Umargam Valsad, affordable party plots near Umargam",Transactional (Hyper-local),High
Venue + City Area,"Banquet Halls in Valsad Court, Valsad | VenueConnect",/valsad/valsad-court/banquet-halls/,"Best Banquet Halls in Valsad Court, Valsad | Compare Near You - VenueConnect","Looking for banquet halls in Valsad Court, Valsad? Browse verified listings with pricing, capacity & photos. Book the perfect venue near Valsad Court on VenueConnect.","Best Banquet Halls in Valsad Court, Valsad",banquet halls in Valsad Court Valsad,"banquet halls near Valsad Court, banquet halls Valsad Court Valsad, affordable banquet halls near Valsad Court",Transactional (Hyper-local),High
Venue + City Area,"Farmhouses in Valsad Court, Valsad | VenueConnect",/valsad/valsad-court/farmhouses/,"Best Farmhouses in Valsad Court, Valsad | Compare Near You - VenueConnect","Looking for farmhouses in Valsad Court, Valsad? Browse verified listings with pricing, capacity & photos. Book the perfect venue near Valsad Court on VenueConnect.","Best Farmhouses in Valsad Court, Valsad",farmhouses in Valsad Court Valsad,"farmhouses near Valsad Court, farmhouses Valsad Court Valsad, affordable farmhouses near Valsad Court",Transactional (Hyper-local),High
Venue + City Area,"Party Plots in Valsad Court, Valsad | VenueConnect",/valsad/valsad-court/party-plots/,"Best Party Plots in Valsad Court, Valsad | Compare Near You - VenueConnect","Looking for party plots in Valsad Court, Valsad? Browse verified listings with pricing, capacity & photos. Book the perfect venue near Valsad Court on VenueConnect.","Best Party Plots in Valsad Court, Valsad",party plots in Valsad Court Valsad,"party plots near Valsad Court, party plots Valsad Court Valsad, affordable party plots near Valsad Court",Transactional (Hyper-local),High
,,,,,,,,,
,,,,,,,,,
,,,,,,,,,
,,,,,,,,,
,,,,,,,,,
,,,,,,,,,
,,,,,,,,,
,,,,,,,,,
,,,,,,,,,
,,,,,,,,,
,,,,,,,,,
,,,,,,,,,
,,,,,,,,,
,,,,,,,,,
,,,,,,,,,
,,,,,,,,,
,,,,,,,,,
,,,,,,,,,
,,,,,,,,,
,,,,,,,,,
,,,,,,,,,
,,,,,,,,,
,,,,,,,,,
,,,,,,,,,
,,,,,,,,,
,,,,,,,,,
,,,,,,,,,
,,,,,,,,,
,,,,,,,,,
,,,,,,,,,
,,,,,,,,,
,,,,,,,,,
,,,,,,,,,
,,,,,,,,,
,,,,,,,,,
,,,,,,,,,
,,,,,,,,,
,,,,,,,,,
,,,,,,,,,
,,,,,,,,,
,,,,,,,,,
,,,,,,,,,
,,,,,,,,,
,,,,,,,,,
,,,,,,,,,
,,,,,,,,,
,,,,,,,,,
,,,,,,,,,
,,,,,,,,,
,,,,,,,,,
,,,,,,,,,
,,,,,,,,,
,,,,,,,,,
,,,,,,,,,
,,,,,,,,,
,,,,,,,,,
,,,,,,,,,
,,,,,,,,,
,,,,,,,,,
,,,,,,,,,
,,,,,,,,,
,,,,,,,,,
,,,,,,,,,
,,,,,,,,,
,,,,,,,,,
,,,,,,,,,
,,,,,,,,,
,,,,,,,,,
,,,,,,,,,
,,,,,,,,,
,,,,,,,,,
,,,,,,,,,
,,,,,,,,,
,,,,,,,,,
,,,,,,,,,
,,,,,,,,,
,,,,,,,,,
,,,,,,,,,
,,,,,,,,,
,,,,,,,,,
,,,,,,,,,
,,,,,,,,,
,,,,,,,,,
,,,,,,,,,
,,,,,,,,,
,,,,,,,,,
,,,,,,,,,
,,,,,,,,,
,,,,,,,,,
,,,,,,,,,
,,,,,,,,,
,,,,,,,,,
,,,,,,,,,
,,,,,,,,,
,,,,,,,,,
,,,,,,,,,
,,,,,,,,,
,,,,,,,,,
,,,,,,,,,
,,,,,,,,,
,,,,,,,,,
,,,,,,,,,
,,,,,,,,,
,,,,,,,,,
,,,,,,,,,
,,,,,,,,,
,,,,,,,,,
,,,,,,,,,
,,,,,,,,,
,,,,,,,,,
,,,,,,,,,
,,,,,,,,,
,,,,,,,,,
,,,,,,,,,
,,,,,,,,,
,,,,,,,,,
,,,,,,,,,
,,,,,,,,,
,,,,,,,,,
,,,,,,,,,
,,,,,,,,,
,,,,,,,,,
,,,,,,,,,
,,,,,,,,,
,,,,,,,,,
,,,,,,,,,
,,,,,,,,,
,,,,,,,,,
,,,,,,,,,
,,,,,,,,,
,,,,,,,,,
,,,,,,,,,
,,,,,,,,,
,,,,,,,,,
,,,,,,,,,
,,,,,,,,,
,,,,,,,,,
,,,,,,,,,
,,,,,,,,,
,,,,,,,,,
,,,,,,,,,
,,,,,,,,,
,,,,,,,,,
,,,,,,,,,
,,,,,,,,,
,,,,,,,,,
,,,,,,,,,
,,,,,,,,,
,,,,,,,,,
,,,,,,,,,
,,,,,,,,,
,,,,,,,,,
,,,,,,,,,
,,,,,,,,,
,,,,,,,,,
,,,,,,,,,
,,,,,,,,,
,,,,,,,,,
,,,,,,,,,
,,,,,,,,,
,,,,,,,,,
,,,,,,,,,
,,,,,,,,,
,,,,,,,,,
,,,,,,,,,
,,,,,,,,,
,,,,,,,,,
,,,,,,,,,
,,,,,,,,,
,,,,,,,,,
,,,,,,,,,
,,,,,,,,,
,,,,,,,,,
,,,,,,,,,
,,,,,,,,,
,,,,,,,,,
,,,,,,,,,
,,,,,,,,,
,,,,,,,,,
,,,,,,,,,
,,,,,,,,,
,,,,,,,,,
,,,,,,,,,
,,,,,,,,,
,,,,,,,,,
,,,,,,,,,
,,,,,,,,,
,,,,,,,,,
,,,,,,,,,
,,,,,,,,,
,,,,,,,,,
,,,,,,,,,
,,,,,,,,,
,,,,,,,,,
,,,,,,,,,
,,,,,,,,,
,,,,,,,,,
,,,,,,,,,
,,,,,,,,,
,,,,,,,,,
,,,,,,,,,
,,,,,,,,,
,,,,,,,,,
,,,,,,,,,
,,,,,,,,,
,,,,,,,,,
,,,,,,,,,
,,,,,,,,,
,,,,,,,,,
,,,,,,,,,
,,,,,,,,,
,,,,,,,,,
,,,,,,,,,
,,,,,,,,,
,,,,,,,,,
,,,,,,,,,
,,,,,,,,,
,,,,,,,,,
,,,,,,,,,
,,,,,,,,,
,,,,,,,,,
,,,,,,,,,
,,,,,,,,,
,,,,,,,,,
,,,,,,,,,
,,,,,,,,,
,,,,,,,,,
,,,,,,,,,
,,,,,,,,,
,,,,,,,,,
,,,,,,,,,
,,,,,,,,,
,,,,,,,,,
,,,,,,,,,
,,,,,,,,,
,,,,,,,,,
,,,,,,,,,
,,,,,,,,,
,,,,,,,,,
,,,,,,,,,
,,,,,,,,,
,,,,,,,,,
,,,,,,,,,
,,,,,,,,,
,,,,,,,,,
,,,,,,,,,
,,,,,,,,,
,,,,,,,,,
,,,,,,,,,
,,,,,,,,,
,,,,,,,,,
,,,,,,,,,
,,,,,,,,,
,,,,,,,,,
,,,,,,,,,
,,,,,,,,,
,,,,,,,,,
,,,,,,,,,
,,,,,,,,,
,,,,,,,,,
,,,,,,,,,
,,,,,,,,,
,,,,,,,,,
,,,,,,,,,
,,,,,,,,,
,,,,,,,,,
,,,,,,,,,
,,,,,,,,,
,,,,,,,,,
,,,,,,,,,
,,,,,,,,,
,,,,,,,,,
,,,,,,,,,
,,,,,,,,,
,,,,,,,,,
,,,,,,,,,
,,,,,,,,,
,,,,,,,,,
,,,,,,,,,
,,,,,,,,,
,,,,,,,,,
,,,,,,,,,
,,,,,,,,,
,,,,,,,,,
,,,,,,,,,
,,,,,,,,,
,,,,,,,,,
,,,,,,,,,
,,,,,,,,,
,,,,,,,,,
,,,,,,,,,
,,,,,,,,,
,,,,,,,,,
,,,,,,,,,
,,,,,,,,,
,,,,,,,,,
,,,,,,,,,
,,,,,,,,,
,,,,,,,,,
,,,,,,,,,
,,,,,,,,,
,,,,,,,,,
,,,,,,,,,
,,,,,,,,,
,,,,,,,,,
,,,,,,,,,
,,,,,,,,,
,,,,,,,,,
,,,,,,,,,
,,,,,,,,,
,,,,,,,,,
,,,,,,,,,
,,,,,,,,,
,,,,,,,,,
,,,,,,,,,
,,,,,,,,,
,,,,,,,,,
,,,,,,,,,
,,,,,,,,,
,,,,,,,,,
,,,,,,,,,
,,,,,,,,,
,,,,,,,,,
,,,,,,,,,
,,,,,,,,,
,,,,,,,,,
,,,,,,,,,
,,,,,,,,,
,,,,,,,,,
,,,,,,,,,
,,,,,,,,,
,,,,,,,,,
,,,,,,,,,
,,,,,,,,,
,,,,,,,,,
,,,,,,,,,
,,,,,,,,,
,,,,,,,,,
,,,,,,,,,
,,,,,,,,,
,,,,,,,,,
,,,,,,,,,
,,,,,,,,,
,,,,,,,,,
,,,,,,,,,
,,,,,,,,,
,,,,,,,,,
,,,,,,,,,
,,,,,,,,,
,,,,,,,,,
,,,,,,,,,
,,,,,,,,,
,,,,,,,,,
,,,,,,,,,
,,,,,,,,,
,,,,,,,,,
,,,,,,,,,
,,,,,,,,,
,,,,,,,,,
,,,,,,,,,
,,,,,,,,,
,,,,,,,,,
,,,,,,,,,
,,,,,,,,,
,,,,,,,,,
,,,,,,,,,
,,,,,,,,,
,,,,,,,,,
,,,,,,,,,
,,,,,,,,,
,,,,,,,,,
,,,,,,,,,
,,,,,,,,,
,,,,,,,,,
,,,,,,,,,
,,,,,,,,,
,,,,,,,,,
,,,,,,,,,
,,,,,,,,,
,,,,,,,,,
,,,,,,,,,
,,,,,,,,,
,,,,,,,,,
,,,,,,,,,
,,,,,,,,,
,,,,,,,,,
,,,,,,,,,
,,,,,,,,,
,,,,,,,,,
,,,,,,,,,
,,,,,,,,,
,,,,,,,,,
,,,,,,,,,
,,,,,,,,,
,,,,,,,,,
,,,,,,,,,
,,,,,,,,,
,,,,,,,,,
,,,,,,,,,
,,,,,,,,,
,,,,,,,,,
,,,,,,,,,
,,,,,,,,,
,,,,,,,,,
,,,,,,,,,
,,,,,,,,,
,,,,,,,,,
,,,,,,,,,
,,,,,,,,,
,,,,,,,,,
,,,,,,,,,
,,,,,,,,,
,,,,,,,,,
,,,,,,,,,
,,,,,,,,,
,,,,,,,,,
,,,,,,,,,
,,,,,,,,,
,,,,,,,,,
,,,,,,,,,
,,,,,,,,,
,,,,,,,,,
,,,,,,,,,
,,,,,,,,,
,,,,,,,,,
,,,,,,,,,
,,,,,,,,,
,,,,,,,,,
,,,,,,,,,
,,,,,,,,,
,,,,,,,,,
,,,,,,,,,
,,,,,,,,,
,,,,,,,,,
,,,,,,,,,
,,,,,,,,,
,,,,,,,,,
,,,,,,,,,
,,,,,,,,,
,,,,,,,,,
,,,,,,,,,
,,,,,,,,,
,,,,,,,,,
,,,,,,,,,
,,,,,,,,,
,,,,,,,,,
,,,,,,,,,
,,,,,,,,,
,,,,,,,,,
,,,,,,,,,
,,,,,,,,,
,,,,,,,,,
,,,,,,,,,
,,,,,,,,,
,,,,,,,,,
,,,,,,,,,
,,,,,,,,,
,,,,,,,,,
,,,,,,,,,
,,,,,,,,,
,,,,,,,,,
,,,,,,,,,
,,,,,,,,,
,,,,,,,,,
,,,,,,,,,
,,,,,,,,,
,,,,,,,,,
,,,,,,,,,
,,,,,,,,,
,,,,,,,,,
,,,,,,,,,
,,,,,,,,,
,,,,,,,,,
,,,,,,,,,
,,,,,,,,,
,,,,,,,,,
,,,,,,,,,
,,,,,,,,,
,,,,,,,,,
,,,,,,,,,
,,,,,,,,,
,,,,,,,,,
,,,,,,,,,
,,,,,,,,,
,,,,,,,,,
,,,,,,,,,
,,,,,,,,,
,,,,,,,,,
,,,,,,,,,
,,,,,,,,,
,,,,,,,,,
,,,,,,,,,
,,,,,,,,,
,,,,,,,,,
,,,,,,,,,
,,,,,,,,,
,,,,,,,,,
,,,,,,,,,
,,,,,,,,,
,,,,,,,,,
,,,,,,,,,
,,,,,,,,,
,,,,,,,,,
,,,,,,,,,
,,,,,,,,,
,,,,,,,,,
,,,,,,,,,
,,,,,,,,,
,,,,,,,,,
,,,,,,,,,
,,,,,,,,,
,,,,,,,,,
,,,,,,,,,
,,,,,,,,,
,,,,,,,,,
,,,,,,,,,
,,,,,,,,,
,,,,,,,,,
,,,,,,,,,
,,,,,,,,,
,,,,,,,,,
,,,,,,,,,
,,,,,,,,,
,,,,,,,,,
,,,,,,,,,
,,,,,,,,,
,,,,,,,,,
,,,,,,,,,
,,,,,,,,,
,,,,,,,,,
,,,,,,,,,
,,,,,,,,,
,,,,,,,,,
,,,,,,,,,
,,,,,,,,,
,,,,,,,,,
,,,,,,,,,
,,,,,,,,,
,,,,,,,,,
,,,,,,,,,
,,,,,,,,,
,,,,,,,,,
,,,,,,,,,
,,,,,,,,,
,,,,,,,,,
,,,,,,,,,
,,,,,,,,,
,,,,,,,,,
,,,,,,,,,
,,,,,,,,,
,,,,,,,,,
,,,,,,,,,
,,,,,,,,,
,,,,,,,,,
,,,,,,,,,
,,,,,,,,,
,,,,,,,,,
,,,,,,,,,
,,,,,,,,,
,,,,,,,,,
,,,,,,,,,
,,,,,,,,,
,,,,,,,,,
,,,,,,,,,
,,,,,,,,,
,,,,,,,,,
,,,,,,,,,
,,,,,,,,,
,,,,,,,,,
,,,,,,,,,
,,,,,,,,,
,,,,,,,,,
,,,,,,,,,
,,,,,,,,,
